decision_date,feature_end,date,label_start,window_weeks,n_names,strategy_id,gross_return,turnover,cost_return,return
2015-12-31,2015-12-25,2016-01-29,2016-01-01,156,70,nonlinear_shrinkage_gmv,-0.021832621774456013,0.49999999999999994,0.00024999999999999995,-0.022082621774456013
2015-12-31,2015-12-25,2016-01-29,2016-01-01,156,70,minvar_lw_weekly,-0.02260074158695497,0.5,0.00025,-0.02285074158695497
2015-12-31,2015-12-25,2016-01-29,2016-01-01,156,70,erc_weekly,-0.06030653521317123,0.49999999999999983,0.0002499999999999999,-0.06055653521317123
2015-12-31,2015-12-25,2016-01-29,2016-01-01,156,70,equal_weight,-0.062173708166894014,0.4999999999999999,0.00024999999999999995,-0.062423708166894014
2016-01-29,2016-01-29,2016-02-29,2016-01-30,156,70,nonlinear_shrinkage_gmv,0.004053375545775587,0.1206618302963936,6.033091514819679e-05,0.00399304463062739
2016-01-29,2016-01-29,2016-02-29,2016-01-30,156,70,minvar_lw_weekly,0.0035598400154476057,0.11459547794639541,5.72977389731977e-05,0.003502542276474408
2016-01-29,2016-01-29,2016-02-29,2016-01-30,156,70,erc_weekly,-0.006068710025987878,0.006869554536551938,3.4347772682759695e-06,-0.006072144803256154
2016-01-29,2016-01-29,2016-02-29,2016-01-30,156,70,equal_weight,-0.007164117904279447,0.0,0.0,-0.007164117904279447
2016-02-29,2016-02-26,2016-03-31,2016-03-01,156,70,nonlinear_shrinkage_gmv,0.05670669803138663,0.008680781775330715,4.3403908876653576e-06,0.05670235764049896
2016-02-29,2016-02-26,2016-03-31,2016-03-01,156,70,minvar_lw_weekly,0.057502521942127266,0.03524121063546319,1.76206053177316e-05,0.05748490133680954
2016-02-29,2016-02-26,2016-03-31,2016-03-01,156,70,erc_weekly,0.07543088959041175,0.004659763942751166,2.329881971375583e-06,0.07542855970844037
2016-02-29,2016-02-26,2016-03-31,2016-03-01,156,70,equal_weight,0.07586544173169874,0.0,0.0,0.07586544173169874
2016-03-31,2016-03-25,2016-04-29,2016-04-01,156,70,nonlinear_shrinkage_gmv,0.0019006935238845574,0.010714843733962887,5.357421866981444e-06,0.001895336102017576
2016-03-31,2016-03-25,2016-04-29,2016-04-01,156,70,minvar_lw_weekly,0.0025795531019414896,0.05103845294369507,2.5519226471847532e-05,0.002554033875469642
2016-03-31,2016-03-25,2016-04-29,2016-04-01,156,70,erc_weekly,0.013093659975425994,0.004430312694388263,2.215156347194131e-06,0.0130914448190788
2016-03-31,2016-03-25,2016-04-29,2016-04-01,156,70,equal_weight,0.013363425943086867,0.0,0.0,0.013363425943086867
2016-04-29,2016-04-29,2016-05-31,2016-04-30,156,71,nonlinear_shrinkage_gmv,0.008439079249916197,0.0274692767471147,1.373463837355735e-05,0.00842534461154264
2016-04-29,2016-04-29,2016-05-31,2016-04-30,156,71,minvar_lw_weekly,0.008201835023449051,0.03860700628558558,1.930350314279279e-05,0.008182531520306258
2016-04-29,2016-04-29,2016-05-31,2016-04-30,156,71,erc_weekly,0.012851426012082954,0.015079511425609763,7.539755712804881e-06,0.012843886256370148
2016-04-29,2016-04-29,2016-05-31,2016-04-30,156,71,equal_weight,0.013268657941596797,0.014084507042253494,7.042253521126747e-06,0.01326161568807567
2016-05-31,2016-05-27,2016-06-30,2016-06-01,156,71,nonlinear_shrinkage_gmv,0.028834922423367857,0.021684290949333107,1.0842145474666554e-05,0.02882408027789319
2016-05-31,2016-05-27,2016-06-30,2016-06-01,156,71,minvar_lw_weekly,0.028415537054325857,0.028465183201698975,1.4232591600849488e-05,0.028401304462725006
2016-05-31,2016-05-27,2016-06-30,2016-06-01,156,71,erc_weekly,-0.00400934691250485,0.0038414132874157823,1.920706643707891e-06,-0.004011267619148558
2016-05-31,2016-05-27,2016-06-30,2016-06-01,156,71,equal_weight,-0.005805643855592468,0.0,0.0,-0.005805643855592468
2016-06-30,2016-06-24,2016-07-29,2016-07-01,156,71,nonlinear_shrinkage_gmv,0.01722105877521224,0.03400074978755947,1.7000374893779736e-05,0.01720405840031846
2016-06-30,2016-06-24,2016-07-29,2016-07-01,156,71,minvar_lw_weekly,0.017324209855346558,0.029968532971842644,1.4984266485921321e-05,0.017309225588860635
2016-06-30,2016-06-24,2016-07-29,2016-07-01,156,71,erc_weekly,0.042933160420155755,0.003001634798768784,1.500817399384392e-06,0.04293165960275637
2016-06-30,2016-06-24,2016-07-29,2016-07-01,156,71,equal_weight,0.04450673320889423,0.0,0.0,0.04450673320889423
2016-07-29,2016-07-29,2016-08-31,2016-07-30,156,72,nonlinear_shrinkage_gmv,-0.019303343200527144,0.019956317282774652,9.978158641387326e-06,-0.019313321359168533
2016-07-29,2016-07-29,2016-08-31,2016-07-30,156,72,minvar_lw_weekly,-0.01874305217385097,0.056800777132093465,2.8400388566046732e-05,-0.018771452562417017
2016-07-29,2016-07-29,2016-08-31,2016-07-30,156,72,erc_weekly,0.0066374730743142245,0.015227990074783867,7.613995037391934e-06,0.006629859079276833
2016-07-29,2016-07-29,2016-08-31,2016-07-30,156,72,equal_weight,0.00773866868598872,0.013888888888888928,6.944444444444464e-06,0.007731724241544275
2016-08-31,2016-08-26,2016-09-30,2016-09-01,156,72,nonlinear_shrinkage_gmv,0.0014033077332358847,0.016986814118071354,8.493407059035677e-06,0.001394814326176849
2016-08-31,2016-08-26,2016-09-30,2016-09-01,156,72,minvar_lw_weekly,0.002398343919631414,0.04315334632399305,2.1576673161996524e-05,0.0023767672464694175
2016-08-31,2016-08-26,2016-09-30,2016-09-01,156,72,erc_weekly,0.005946408948877978,0.002181086175803101,1.0905430879015504e-06,0.005945318405790077
2016-08-31,2016-08-26,2016-09-30,2016-09-01,156,72,equal_weight,0.006725645866475368,0.0,0.0,0.006725645866475368
2016-09-30,2016-09-30,2016-10-31,2016-10-01,156,72,nonlinear_shrinkage_gmv,-0.03560249719640166,0.03047528702000883,1.5237643510004417e-05,-0.035617734839911666
2016-09-30,2016-09-30,2016-10-31,2016-10-01,156,72,minvar_lw_weekly,-0.0348771696356433,0.0266896037596799,1.3344801879839952e-05,-0.03489051443752314
2016-09-30,2016-09-30,2016-10-31,2016-10-01,156,72,erc_weekly,-0.024036761559783074,0.002585646438751754,1.292823219375877e-06,-0.02403805438300245
2016-09-30,2016-09-30,2016-10-31,2016-10-01,156,72,equal_weight,-0.024243676667277163,0.0,0.0,-0.024243676667277163
2016-10-31,2016-10-28,2016-11-30,2016-11-01,156,72,nonlinear_shrinkage_gmv,-0.00739075826972883,0.028697068647509812,1.4348534323754905e-05,-0.007405106804052585
2016-10-31,2016-10-28,2016-11-30,2016-11-01,156,72,minvar_lw_weekly,-0.004359330254159063,0.026058803032100772,1.3029401516050387e-05,-0.004372359655675114
2016-10-31,2016-10-28,2016-11-30,2016-11-01,156,72,erc_weekly,0.043691737592477416,0.001533639231470786,7.66819615735393e-07,0.04369097077286168
2016-10-31,2016-10-28,2016-11-30,2016-11-01,156,72,equal_weight,0.045445069642716295,0.0,0.0,0.045445069642716295
2016-11-30,2016-11-25,2016-12-30,2016-12-01,156,72,nonlinear_shrinkage_gmv,0.019499544490942468,0.018498817370419692,9.249408685209846e-06,0.019490295082257258
2016-11-30,2016-11-25,2016-12-30,2016-12-01,156,72,minvar_lw_weekly,0.019159693347371956,0.008583773097729239,4.291886548864619e-06,0.01915540146082309
2016-11-30,2016-11-25,2016-12-30,2016-12-01,156,72,erc_weekly,0.021905999756098152,0.011643043026203028,5.821521513101514e-06,0.02190017823458505
2016-11-30,2016-11-25,2016-12-30,2016-12-01,156,72,equal_weight,0.02221040633445335,0.0,0.0,0.02221040633445335
2016-12-30,2016-12-30,2017-01-31,2016-12-31,156,72,nonlinear_shrinkage_gmv,0.019381281749161323,0.014581967556505458,7.290983778252729e-06,0.01937399076538307
2016-12-30,2016-12-30,2017-01-31,2016-12-31,156,72,minvar_lw_weekly,0.019669411145374863,0.013952773507072143,6.9763867535360706e-06,0.019662434758621325
2016-12-30,2016-12-30,2017-01-31,2016-12-31,156,72,erc_weekly,0.019372633212974395,0.0032819198308934707,1.6409599154467353e-06,0.01937099225305895
2016-12-30,2016-12-30,2017-01-31,2016-12-31,156,72,equal_weight,0.01944973145061426,0.0,0.0,0.01944973145061426
2017-01-31,2017-01-27,2017-02-28,2017-02-01,156,72,nonlinear_shrinkage_gmv,0.036242450656459646,0.020515788682885838,1.0257894341442919e-05,0.036232192762118205
2017-01-31,2017-01-27,2017-02-28,2017-02-01,156,72,minvar_lw_weekly,0.03440023035903415,0.025813632199768538,1.2906816099884268e-05,0.034387323542934264
2017-01-31,2017-01-27,2017-02-28,2017-02-01,156,72,erc_weekly,0.026078827740535382,0.0014437068138777945,7.218534069388973e-07,0.026078105887128444
2017-01-31,2017-01-27,2017-02-28,2017-02-01,156,72,equal_weight,0.02558191259739813,0.0,0.0,0.02558191259739813
2017-02-28,2017-02-24,2017-03-31,2017-03-01,156,73,nonlinear_shrinkage_gmv,0.009946804872634806,0.012055987135322428,6.027993567661213e-06,0.009940776879067146
2017-02-28,2017-02-24,2017-03-31,2017-03-01,156,73,minvar_lw_weekly,0.009698590337792147,0.01960054063813324,9.80027031906662e-06,0.00968879006747308
2017-02-28,2017-02-24,2017-03-31,2017-03-01,156,73,erc_weekly,0.006697465687446665,0.012561161171729743,6.280580585864871e-06,0.0066911851068608
2017-02-28,2017-02-24,2017-03-31,2017-03-01,156,73,equal_weight,0.006617133576958189,0.0136986301369863,6.84931506849315e-06,0.006610284261889697
2017-03-31,2017-03-31,2017-04-28,2017-04-01,156,73,nonlinear_shrinkage_gmv,0.015889455826104196,0.02253935467678041,1.1269677338390205e-05,0.015878186148765804
2017-03-31,2017-03-31,2017-04-28,2017-04-01,156,73,minvar_lw_weekly,0.015283401133285263,0.02179621417727135,1.0898107088635675e-05,0.015272503026196628
2017-03-31,2017-03-31,2017-04-28,2017-04-01,156,73,erc_weekly,0.011461499260629712,0.002636992390940649,1.3184961954703246e-06,0.011460180764434242
2017-03-31,2017-03-31,2017-04-28,2017-04-01,156,73,equal_weight,0.011395178141250727,0.0,0.0,0.011395178141250727
2017-04-28,2017-04-28,2017-05-31,2017-04-29,156,73,nonlinear_shrinkage_gmv,0.03144261334260734,0.018425376390683625,9.212688195341811e-06,0.031433400654412
2017-04-28,2017-04-28,2017-05-31,2017-04-29,156,73,minvar_lw_weekly,0.03090686738174394,0.03140930134030167,1.5704650670150837e-05,0.030891162731073788
2017-04-28,2017-04-28,2017-05-31,2017-04-29,156,73,erc_weekly,0.009030178410555287,0.003380495778064315,1.6902478890321575e-06,0.009028488162666255
2017-04-28,2017-04-28,2017-05-31,2017-04-29,156,73,equal_weight,0.007840991445229213,0.0,0.0,0.007840991445229213
2017-05-31,2017-05-26,2017-06-30,2017-06-01,156,74,nonlinear_shrinkage_gmv,-0.003134187145332665,0.008818593106206217,4.4092965531031084e-06,-0.003138596441885768
2017-05-31,2017-05-26,2017-06-30,2017-06-01,156,74,minvar_lw_weekly,-0.0018938209533863426,0.029858231364984836,1.492911568249242e-05,-0.001908750069068835
2017-05-31,2017-05-26,2017-06-30,2017-06-01,156,74,erc_weekly,0.013958637462478808,0.011754350590471599,5.8771752952358e-06,0.013952760287183572
2017-05-31,2017-05-26,2017-06-30,2017-06-01,156,74,equal_weight,0.015413459187575312,0.013513513513513459,6.75675675675673e-06,0.015406702430818556
2017-06-30,2017-06-30,2017-07-31,2017-07-01,156,76,nonlinear_shrinkage_gmv,0.019263917580446387,0.01763563041442073,8.817815207210366e-06,0.019255099765239175
2017-06-30,2017-06-30,2017-07-31,2017-07-01,156,76,minvar_lw_weekly,0.01800801193749659,0.025795885603897877,1.2897942801948938e-05,0.017995113994694643
2017-06-30,2017-06-30,2017-07-31,2017-07-01,156,76,erc_weekly,0.01923037362239012,0.028142262568868134,1.4071131284434068e-05,0.019216302491105685
2017-06-30,2017-06-30,2017-07-31,2017-07-01,156,76,equal_weight,0.019270244386724353,0.026315789473684265,1.3157894736842133e-05,0.01925708649198751
2017-07-31,2017-07-28,2017-08-31,2017-08-01,156,76,nonlinear_shrinkage_gmv,0.006838645710018325,0.024289199759428,1.2144599879714e-05,0.006826501110138611
2017-07-31,2017-07-28,2017-08-31,2017-08-01,156,76,minvar_lw_weekly,0.005373672452859765,0.015128836936891274,7.564418468445637e-06,0.005366108034391319
2017-07-31,2017-07-28,2017-08-31,2017-08-01,156,76,erc_weekly,-0.0035797808882424183,0.0021989077359900163,1.099453867995008e-06,-0.003580880342110413
2017-07-31,2017-07-28,2017-08-31,2017-08-01,156,76,equal_weight,-0.0037334481913509354,0.0,0.0,-0.0037334481913509354
2017-08-31,2017-08-25,2017-09-29,2017-09-01,156,76,nonlinear_shrinkage_gmv,0.004669628608589657,0.0178645879691666,8.932293984583298e-06,0.004660696314605074
2017-08-31,2017-08-25,2017-09-29,2017-09-01,156,76,minvar_lw_weekly,0.0063276171025566695,0.022187718998051255,1.1093859499025627e-05,0.0063165232430576436
2017-08-31,2017-08-25,2017-09-29,2017-09-01,156,76,erc_weekly,0.031590887571655346,0.0014741170253084572,7.370585126542286e-07,0.03159015051314269
2017-08-31,2017-08-25,2017-09-29,2017-09-01,156,76,equal_weight,0.03327647067430459,0.0,0.0,0.03327647067430459
2017-09-29,2017-09-29,2017-10-31,2017-09-30,156,76,nonlinear_shrinkage_gmv,0.016300597701323218,0.009774606330943373,4.8873031654716865e-06,0.016295710398157748
2017-09-29,2017-09-29,2017-10-31,2017-09-30,156,76,minvar_lw_weekly,0.015855722246275298,0.03219509426056254,1.609754713028127e-05,0.015839624699145016
2017-09-29,2017-09-29,2017-10-31,2017-09-30,156,76,erc_weekly,0.0170552618956776,0.0037355235164422407,1.8677617582211204e-06,0.01705339413391938
2017-09-29,2017-09-29,2017-10-31,2017-09-30,156,76,equal_weight,0.01665498993339884,0.0,0.0,0.01665498993339884
2017-10-31,2017-10-27,2017-11-30,2017-11-01,156,76,nonlinear_shrinkage_gmv,0.02608901933474572,0.05449782132021022,2.724891066010511e-05,0.026061770424085615
2017-10-31,2017-10-27,2017-11-30,2017-11-01,156,76,minvar_lw_weekly,0.0272325460783124,0.06980287878901877,3.490143939450938e-05,0.02719764463891789
2017-10-31,2017-10-27,2017-11-30,2017-11-01,156,76,erc_weekly,0.024088054980398187,0.00505066066778292,2.5253303338914603e-06,0.024085529650064295
2017-10-31,2017-10-27,2017-11-30,2017-11-01,156,76,equal_weight,0.02331301970046109,0.0,0.0,0.02331301970046109
2017-11-30,2017-11-24,2017-12-29,2017-12-01,156,76,nonlinear_shrinkage_gmv,0.00413026198600706,0.009296887524651923,4.6484437623259615e-06,0.0041256135422447346
2017-11-30,2017-11-24,2017-12-29,2017-12-01,156,76,minvar_lw_weekly,0.00489202301612446,0.0061464803816802015,3.0732401908401008e-06,0.0048889497759336195
2017-11-30,2017-11-24,2017-12-29,2017-12-01,156,76,erc_weekly,0.011030675067557866,0.0010047542729069592,5.023771364534796e-07,0.011030172690421412
2017-11-30,2017-11-24,2017-12-29,2017-12-01,156,76,equal_weight,0.010816448083475351,0.0,0.0,0.010816448083475351
2017-12-29,2017-12-29,2018-01-31,2017-12-30,156,77,nonlinear_shrinkage_gmv,0.03444663741530675,0.06485626651424382,3.242813325712191e-05,0.03441420928204963
2017-12-29,2017-12-29,2018-01-31,2017-12-30,156,77,minvar_lw_weekly,0.03290322953660647,0.055905589167611576,2.795279458380579e-05,0.03287527674202266
2017-12-29,2017-12-29,2018-01-31,2017-12-30,156,77,erc_weekly,0.04389091116767248,0.00909639167085462,4.54819583542731e-06,0.043886362971837053
2017-12-29,2017-12-29,2018-01-31,2017-12-30,156,77,equal_weight,0.04465780553043214,0.012987012987012927,6.493506493506463e-06,0.044651312023938634
2018-01-31,2018-01-26,2018-02-28,2018-02-01,156,78,nonlinear_shrinkage_gmv,-0.04083710955338887,0.11784262946707952,5.892131473353977e-05,-0.040896030868122414
2018-01-31,2018-01-26,2018-02-28,2018-02-01,156,78,minvar_lw_weekly,-0.04030007484021483,0.09632141327557711,4.816070663778855e-05,-0.04034823554685262
2018-01-31,2018-01-26,2018-02-28,2018-02-01,156,78,erc_weekly,-0.04317280541323357,0.01780169888962473,8.900849444812364e-06,-0.04318170626267838
2018-01-31,2018-01-26,2018-02-28,2018-02-01,156,78,equal_weight,-0.0427598120403498,0.01282051282051287,6.4102564102564345e-06,-0.04276622229676006
2018-02-28,2018-02-23,2018-03-29,2018-03-01,156,78,nonlinear_shrinkage_gmv,-0.0003713427185160125,0.1238034143374967,6.190170716874834e-05,-0.0004332444256847608
2018-02-28,2018-02-23,2018-03-29,2018-03-01,156,78,minvar_lw_weekly,-0.0004290767158504642,0.0992523031874902,4.962615159374511e-05,-0.0004787028674442093
2018-02-28,2018-02-23,2018-03-29,2018-03-01,156,78,erc_weekly,-0.007137720759972084,0.00832751431652078,4.1637571582603894e-06,-0.007141884517130344
2018-02-28,2018-02-23,2018-03-29,2018-03-01,156,78,equal_weight,-0.006672766287719898,0.0,0.0,-0.006672766287719898
2018-03-29,2018-03-23,2018-04-30,2018-03-30,156,78,nonlinear_shrinkage_gmv,0.0045307798179566715,0.21906356735291535,0.00010953178367645769,0.004421248034280214
2018-03-29,2018-03-23,2018-04-30,2018-03-30,156,78,minvar_lw_weekly,0.005471309362239025,0.15035249330253495,7.517624665126747e-05,0.005396133115587757
2018-03-29,2018-03-23,2018-04-30,2018-03-30,156,78,erc_weekly,0.005556918776029162,0.007307154219853962,3.653577109926981e-06,0.005553265198919235
2018-03-29,2018-03-23,2018-04-30,2018-03-30,156,78,equal_weight,0.005023292141544289,0.0,0.0,0.005023292141544289
2018-04-30,2018-04-27,2018-05-31,2018-05-01,156,78,nonlinear_shrinkage_gmv,0.0033760343426650114,0.026549510732782198,1.32747553663911e-05,0.00336275958729862
2018-04-30,2018-04-27,2018-05-31,2018-05-01,156,78,minvar_lw_weekly,0.003173270172658962,0.03177079295781053,1.5885396478905267e-05,0.0031573847761800565
2018-04-30,2018-04-27,2018-05-31,2018-05-01,156,78,erc_weekly,0.015571239846516096,0.002096167428304605,1.0480837141523024e-06,0.015570191762801944
2018-04-30,2018-04-27,2018-05-31,2018-05-01,156,78,equal_weight,0.017602018340272786,0.0,0.0,0.017602018340272786
2018-05-31,2018-05-25,2018-06-29,2018-06-01,156,78,nonlinear_shrinkage_gmv,0.006113722073776499,0.04561007159489197,2.2805035797445987e-05,0.0060909170379790534
2018-05-31,2018-05-25,2018-06-29,2018-06-01,156,78,minvar_lw_weekly,0.004872489772019395,0.02253781452087616,1.1268907260438082e-05,0.0048612208647589574
2018-05-31,2018-05-25,2018-06-29,2018-06-01,156,78,erc_weekly,-0.00248964077944775,0.0014626891907027037,7.313445953513518e-07,-0.002490372124043101
2018-05-31,2018-05-25,2018-06-29,2018-06-01,156,78,equal_weight,-0.0034939879410670334,0.0,0.0,-0.0034939879410670334
2018-06-29,2018-06-29,2018-07-31,2018-06-30,156,78,nonlinear_shrinkage_gmv,0.02910018314540417,0.0393041622969367,1.965208114846835e-05,0.0290805310642557
2018-06-29,2018-06-29,2018-07-31,2018-06-30,156,78,minvar_lw_weekly,0.0282068647515369,0.035696754276794085,1.7848377138397042e-05,0.028189016374398503
2018-06-29,2018-06-29,2018-07-31,2018-06-30,156,78,erc_weekly,0.028462260957739724,0.0021241182491650752,1.0620591245825375e-06,0.02846119889861514
2018-06-29,2018-06-29,2018-07-31,2018-06-30,156,78,equal_weight,0.02769458491337984,0.0,0.0,0.02769458491337984
2018-07-31,2018-07-27,2018-08-31,2018-08-01,156,78,nonlinear_shrinkage_gmv,0.011572470605729433,0.03362478480603838,1.6812392403019188e-05,0.011555658213326414
2018-07-31,2018-07-27,2018-08-31,2018-08-01,156,78,minvar_lw_weekly,0.010148014301483026,0.019906280083047945,9.953140041523972e-06,0.010138061161441503
2018-07-31,2018-07-27,2018-08-31,2018-08-01,156,78,erc_weekly,0.015301083137037628,0.0019804114261239747,9.902057130619873e-07,0.015300092931324566
2018-07-31,2018-07-27,2018-08-31,2018-08-01,156,78,equal_weight,0.016212572530888928,0.0,0.0,0.016212572530888928
2018-08-31,2018-08-31,2018-09-28,2018-09-01,156,78,nonlinear_shrinkage_gmv,0.008509552328363371,0.024576523243682463,1.2288261621841231e-05,0.00849726406674153
2018-08-31,2018-08-31,2018-09-28,2018-09-01,156,78,minvar_lw_weekly,0.008376971410262612,0.02557222754162625,1.2786113770813126e-05,0.0083641852964918
2018-08-31,2018-08-31,2018-09-28,2018-09-01,156,78,erc_weekly,-0.003354993861937043,0.008423611155913571,4.211805577956786e-06,-0.003359205667515
2018-08-31,2018-08-31,2018-09-28,2018-09-01,156,78,equal_weight,-0.004970937720235484,0.0,0.0,-0.004970937720235484
2018-09-28,2018-09-28,2018-10-31,2018-09-29,156,79,nonlinear_shrinkage_gmv,-0.048966114837223046,0.02965008385098838,1.482504192549419e-05,-0.04898093987914854
2018-09-28,2018-09-28,2018-10-31,2018-09-29,156,79,minvar_lw_weekly,-0.04898421493392979,0.036684139037336146,1.8342069518668073e-05,-0.04900255700344846
2018-09-28,2018-09-28,2018-10-31,2018-09-29,156,79,erc_weekly,-0.07943207565169479,0.0147842930515054,7.392146525752699e-06,-0.07943946779822054
2018-09-28,2018-09-28,2018-10-31,2018-09-29,156,79,equal_weight,-0.08247695960097517,0.01265822784810125,6.329113924050625e-06,-0.08248328871489922
2018-10-31,2018-10-26,2018-11-30,2018-11-01,156,79,nonlinear_shrinkage_gmv,0.02518059233665923,0.043533439540446375,2.1766719770223188e-05,0.025158825616889008
2018-10-31,2018-10-26,2018-11-30,2018-11-01,156,79,minvar_lw_weekly,0.024763107037928882,0.024630427538641024,1.2315213769320513e-05,0.02475079182415956
2018-10-31,2018-10-26,2018-11-30,2018-11-01,156,79,erc_weekly,0.01913317272336268,0.0062715879101302744,3.135793955065137e-06,0.019130036929407613
2018-10-31,2018-10-26,2018-11-30,2018-11-01,156,79,equal_weight,0.018950573137276248,0.0,0.0,0.018950573137276248
2018-11-30,2018-11-30,2018-12-31,2018-12-01,156,80,nonlinear_shrinkage_gmv,-0.051350623781724974,0.07321715500088483,3.660857750044241e-05,-0.05138723235922542
2018-11-30,2018-11-30,2018-12-31,2018-12-01,156,80,minvar_lw_weekly,-0.05266033532073511,0.06229707893229815,3.114853946614907e-05,-0.052691483860201255
2018-11-30,2018-11-30,2018-12-31,2018-12-01,156,80,erc_weekly,-0.08483777638930473,0.014482096326420859,7.24104816321043e-06,-0.08484501743746795
2018-11-30,2018-11-30,2018-12-31,2018-12-01,156,80,equal_weight,-0.08740130450935361,0.012499999999999966,6.249999999999983e-06,-0.08740755450935361
2018-12-31,2018-12-28,2019-01-31,2019-01-01,156,80,nonlinear_shrinkage_gmv,0.051544413915749224,0.14869306241094116,7.434653120547058e-05,0.05147006738454375
2018-12-31,2018-12-28,2019-01-31,2019-01-01,156,80,minvar_lw_weekly,0.05138361798326747,0.08979595746406398,4.489797873203199e-05,0.05133872000453543
2018-12-31,2018-12-28,2019-01-31,2019-01-01,156,80,erc_weekly,0.08376464154310885,0.014274438937809653,7.137219468904826e-06,0.08375750432363994
2018-12-31,2018-12-28,2019-01-31,2019-01-01,156,80,equal_weight,0.08644961552884348,0.0,0.0,0.08644961552884348
2019-01-31,2019-01-25,2019-02-28,2019-02-01,156,80,nonlinear_shrinkage_gmv,0.02284754975552201,0.04496012423063947,2.2480062115319735e-05,0.022825069693406693
2019-01-31,2019-01-25,2019-02-28,2019-02-01,156,80,minvar_lw_weekly,0.023123973759897585,0.035203205245816487,1.7601602622908243e-05,0.023106372157274676
2019-01-31,2019-01-25,2019-02-28,2019-02-01,156,80,erc_weekly,0.03475818194588784,0.009726455654276964,4.863227827138482e-06,0.0347533187180607
2019-01-31,2019-01-25,2019-02-28,2019-02-01,156,80,equal_weight,0.0361308961143736,0.0,0.0,0.0361308961143736
2019-02-28,2019-02-22,2019-03-29,2019-03-01,156,80,nonlinear_shrinkage_gmv,0.02130884712360491,0.0557834117819584,2.78917058909792e-05,0.02128095541771393
2019-02-28,2019-02-22,2019-03-29,2019-03-01,156,80,minvar_lw_weekly,0.021379857350720982,0.031989664165908066,1.5994832082954032e-05,0.02136386251863803
2019-02-28,2019-02-22,2019-03-29,2019-03-01,156,80,erc_weekly,0.006684297434856662,0.005225599579148617,2.6127997895743084e-06,0.006681684635067088
2019-02-28,2019-02-22,2019-03-29,2019-03-01,156,80,equal_weight,0.004694708931947173,0.0,0.0,0.004694708931947173
2019-03-29,2019-03-29,2019-04-30,2019-03-30,156,80,nonlinear_shrinkage_gmv,0.010290645626849702,0.09664206708539526,4.8321033542697625e-05,0.010242324593307005
2019-03-29,2019-03-29,2019-04-30,2019-03-30,156,80,minvar_lw_weekly,0.011546624327538408,0.07913097178813976,3.956548589406988e-05,0.011507058841644338
2019-03-29,2019-03-29,2019-04-30,2019-03-30,156,80,erc_weekly,0.0315365835999243,0.007027594012075216,3.5137970060376075e-06,0.031533069802918264
2019-03-29,2019-03-29,2019-04-30,2019-03-30,156,80,equal_weight,0.0325570926770123,0.0,0.0,0.0325570926770123
2019-04-30,2019-04-26,2019-05-31,2019-05-01,156,80,nonlinear_shrinkage_gmv,-0.0234845324145576,0.022657796930963505,1.1328898465481752e-05,-0.02349586131302308
2019-04-30,2019-04-26,2019-05-31,2019-05-01,156,80,minvar_lw_weekly,-0.024061328499425313,0.017635863216935586,8.817931608467792e-06,-0.024070146431033782
2019-04-30,2019-04-26,2019-05-31,2019-05-01,156,80,erc_weekly,-0.06336111366142456,0.004555206427562315,2.2776032137811576e-06,-0.06336339126463834
2019-04-30,2019-04-26,2019-05-31,2019-05-01,156,80,equal_weight,-0.06609650771969303,0.0,0.0,-0.06609650771969303
2019-05-31,2019-05-31,2019-06-28,2019-06-01,156,80,nonlinear_shrinkage_gmv,0.044160492856150535,0.09322858089695206,4.661429044847603e-05,0.04411387856570206
2019-05-31,2019-05-31,2019-06-28,2019-06-01,156,80,minvar_lw_weekly,0.04454601238252906,0.06379386116638044,3.189693058319022e-05,0.04451411545194587
2019-05-31,2019-05-31,2019-06-28,2019-06-01,156,80,erc_weekly,0.06396021556817803,0.004087358881308765,2.0436794406543825e-06,0.06395817188873738
2019-05-31,2019-05-31,2019-06-28,2019-06-01,156,80,equal_weight,0.06634216992359163,0.0,0.0,0.06634216992359163
2019-06-28,2019-06-28,2019-07-31,2019-06-29,156,80,nonlinear_shrinkage_gmv,-0.011389426959801063,0.08765698635595723,4.3828493177978613e-05,-0.011433255452979041
2019-06-28,2019-06-28,2019-07-31,2019-06-29,156,80,minvar_lw_weekly,-0.011163565690279098,0.07552220787981971,3.7761103939909854e-05,-0.011201326794219008
2019-06-28,2019-06-28,2019-07-31,2019-06-29,156,80,erc_weekly,0.0004405090593737216,0.008323053635112976,4.161526817556488e-06,0.0004363475325561651
2019-06-28,2019-06-28,2019-07-31,2019-06-29,156,80,equal_weight,0.0027169599377588277,0.0,0.0,0.0027169599377588277
2019-07-31,2019-07-26,2019-08-30,2019-08-01,156,80,nonlinear_shrinkage_gmv,0.0006856468616521729,0.03978069487923846,1.989034743961923e-05,0.0006657565142125537
2019-07-31,2019-07-26,2019-08-30,2019-08-01,156,80,minvar_lw_weekly,-0.0003807866890118652,0.024813774566136745,1.2406887283068373e-05,-0.00039319357629493356
2019-07-31,2019-07-26,2019-08-30,2019-08-01,156,80,erc_weekly,-0.026983106330693722,0.0030118097305514564,1.5059048652757283e-06,-0.026984612235558997
2019-07-31,2019-07-26,2019-08-30,2019-08-01,156,80,equal_weight,-0.029195016640983965,0.0,0.0,-0.029195016640983965
2019-08-30,2019-08-30,2019-09-30,2019-08-31,156,81,nonlinear_shrinkage_gmv,0.021892471585146768,0.04487665128038718,2.243832564019359e-05,0.021870033259506573
2019-08-30,2019-08-30,2019-09-30,2019-08-31,156,81,minvar_lw_weekly,0.022842279640598883,0.04642452015926368,2.3212260079631843e-05,0.02281906738051925
2019-08-30,2019-08-30,2019-09-30,2019-08-31,156,81,erc_weekly,0.028231310987659984,0.014319196065436619,7.159598032718309e-06,0.028224151389627267
2019-08-30,2019-08-30,2019-09-30,2019-08-31,156,81,equal_weight,0.026940624188785053,0.012345679012345734,6.172839506172867e-06,0.026934451349278882
2019-09-30,2019-09-27,2019-10-31,2019-10-01,156,81,nonlinear_shrinkage_gmv,0.017336800104375258,0.05775119546890308,2.8875597734451542e-05,0.017307924506640808
2019-09-30,2019-09-27,2019-10-31,2019-10-01,156,81,minvar_lw_weekly,0.016275699711912298,0.037648434805845864,1.8824217402922933e-05,0.016256875494509375
2019-09-30,2019-09-27,2019-10-31,2019-10-01,156,81,erc_weekly,0.02457613781582271,0.003911471745544879,1.9557358727724397e-06,0.024574182079949936
2019-09-30,2019-09-27,2019-10-31,2019-10-01,156,81,equal_weight,0.02521513173256395,0.0,0.0,0.02521513173256395
2019-10-31,2019-10-25,2019-11-29,2019-11-01,156,81,nonlinear_shrinkage_gmv,0.004354142063842164,0.055125592753676435,2.7562796376838218e-05,0.0043265792674653265
2019-10-31,2019-10-25,2019-11-29,2019-11-01,156,81,minvar_lw_weekly,0.005232041508991122,0.04802141485745113,2.4010707428725563e-05,0.005208030801562396
2019-10-31,2019-10-25,2019-11-29,2019-11-01,156,81,erc_weekly,0.027557896158328925,0.0022347146033284003,1.1173573016642001e-06,0.02755677880102726
2019-10-31,2019-10-25,2019-11-29,2019-11-01,156,81,equal_weight,0.031203064015398692,0.0,0.0,0.031203064015398692
2019-11-29,2019-11-29,2019-12-31,2019-11-30,156,81,nonlinear_shrinkage_gmv,0.01592143528834842,0.04132993408421138,2.066496704210569e-05,0.015900770321306313
2019-11-29,2019-11-29,2019-12-31,2019-11-30,156,81,minvar_lw_weekly,0.016532117124933736,0.0440413771685722,2.20206885842861e-05,0.01651009643634945
2019-11-29,2019-11-29,2019-12-31,2019-11-30,156,81,erc_weekly,0.03234294608707258,0.010882165199237757,5.441082599618879e-06,0.032337505004472966
2019-11-29,2019-11-29,2019-12-31,2019-11-30,156,81,equal_weight,0.03319772520640673,0.0,0.0,0.03319772520640673
2019-12-31,2019-12-27,2020-01-31,2020-01-01,156,82,nonlinear_shrinkage_gmv,0.0010409122706706705,0.012897528334180577,6.448764167090289e-06,0.0010344635065035802
2019-12-31,2019-12-27,2020-01-31,2020-01-01,156,82,minvar_lw_weekly,0.00039508362547397,0.0217957406483617,1.089787032418085e-05,0.00038418575514978916
2019-12-31,2019-12-27,2020-01-31,2020-01-01,156,82,erc_weekly,-0.022465579385073993,0.012232366679738607,6.116183339869304e-06,-0.02247169556841386
2019-12-31,2019-12-27,2020-01-31,2020-01-01,156,82,equal_weight,-0.02344602629952537,0.012195121951219468,6.0975609756097336e-06,-0.02345212386050098
2020-01-31,2020-01-31,2020-02-28,2020-02-01,156,82,nonlinear_shrinkage_gmv,-0.07562021502026939,0.03122545520096078,1.561272760048039e-05,-0.07563582774786987
2020-01-31,2020-01-31,2020-02-28,2020-02-01,156,82,minvar_lw_weekly,-0.07598794127386771,0.039344106270563936,1.967205313528197e-05,-0.076007613327003
2020-01-31,2020-01-31,2020-02-28,2020-02-01,156,82,erc_weekly,-0.08011903411146493,0.0026738608917250906,1.3369304458625452e-06,-0.08012037104191079
2020-01-31,2020-01-31,2020-02-28,2020-02-01,156,82,equal_weight,-0.08016393493409386,0.0,0.0,-0.08016393493409386
2020-02-28,2020-02-28,2020-03-31,2020-02-29,156,82,nonlinear_shrinkage_gmv,-0.1103298152703541,0.19638618942970013,9.819309471485006e-05,-0.11042800836506894
2020-02-28,2020-02-28,2020-03-31,2020-02-29,156,82,minvar_lw_weekly,-0.1242816113009429,0.10789715043282798,5.394857521641398e-05,-0.12433555987615931
2020-02-28,2020-02-28,2020-03-31,2020-02-29,156,82,erc_weekly,-0.1665820961959618,0.012804353953420403,6.402176976710201e-06,-0.1665884983729385
2020-02-28,2020-02-28,2020-03-31,2020-02-29,156,82,equal_weight,-0.16835051545688112,0.0,0.0,-0.16835051545688112
2020-03-31,2020-03-27,2020-04-30,2020-04-01,156,82,nonlinear_shrinkage_gmv,0.05198034661590325,0.3259932216549324,0.00016299661082746619,0.051817350005075785
2020-03-31,2020-03-27,2020-04-30,2020-04-01,156,82,minvar_lw_weekly,0.05724026212440422,0.4844486432244538,0.0002422243216122269,0.056998037802791994
2020-03-31,2020-03-27,2020-04-30,2020-04-01,156,82,erc_weekly,0.10850432843820257,0.037956279425955336,1.8978139712977668e-05,0.10848535029848959
2020-03-31,2020-03-27,2020-04-30,2020-04-01,156,82,equal_weight,0.1123125277292292,0.0,0.0,0.1123125277292292
2020-04-30,2020-04-24,2020-05-29,2020-05-01,156,82,nonlinear_shrinkage_gmv,0.030942229169373007,0.1793666108872415,8.968330544362076e-05,0.030852545863929385
2020-04-30,2020-04-24,2020-05-29,2020-05-01,156,82,minvar_lw_weekly,0.03745546925627909,0.17091474770900172,8.545737385450086e-05,0.03737001188242459
2020-04-30,2020-04-24,2020-05-29,2020-05-01,156,82,erc_weekly,0.05310366399745067,0.014686804457021868,7.343402228510934e-06,0.05309632059522216
2020-04-30,2020-04-24,2020-05-29,2020-05-01,156,82,equal_weight,0.053953225769271446,0.0,0.0,0.053953225769271446
2020-05-29,2020-05-29,2020-06-30,2020-05-30,156,82,nonlinear_shrinkage_gmv,0.025857740541388636,0.04208259126513287,2.1041295632566435e-05,0.02583669924575607
2020-05-29,2020-05-29,2020-06-30,2020-05-30,156,82,minvar_lw_weekly,0.02791812600702798,0.03574874535927239,1.7874372679636194e-05,0.027900251634348346
2020-05-29,2020-05-29,2020-06-30,2020-05-30,156,82,erc_weekly,0.02612412346881299,0.0034518385113473755,1.7259192556736878e-06,0.02612239754955732
2020-05-29,2020-05-29,2020-06-30,2020-05-30,156,82,equal_weight,0.025822510622057024,0.0,0.0,0.025822510622057024
2020-06-30,2020-06-26,2020-07-31,2020-07-01,156,82,nonlinear_shrinkage_gmv,0.023345218549004395,0.08785751426939858,4.3928757134699293e-05,0.023301289791869694
2020-06-30,2020-06-26,2020-07-31,2020-07-01,156,82,minvar_lw_weekly,0.02297743172430118,0.06246692424744983,3.123346212372491e-05,0.022946198262177458
2020-06-30,2020-06-26,2020-07-31,2020-07-01,156,82,erc_weekly,0.03854788496007354,0.005742680778357956,2.871340389178978e-06,0.03854501361968436
2020-06-30,2020-06-26,2020-07-31,2020-07-01,156,82,equal_weight,0.03801520640059264,0.0,0.0,0.03801520640059264
2020-07-31,2020-07-31,2020-08-31,2020-08-01,156,83,nonlinear_shrinkage_gmv,0.0339293919713189,0.03910071357304761,1.9550356786523805e-05,0.03390984161453237
2020-07-31,2020-07-31,2020-08-31,2020-08-01,156,83,minvar_lw_weekly,0.04022645037019215,0.025856361051929858,1.2928180525964927e-05,0.04021352218966619
2020-07-31,2020-07-31,2020-08-31,2020-08-01,156,83,erc_weekly,0.04991725555351255,0.00991312816896491,4.956564084482455e-06,0.04991229898942807
2020-07-31,2020-07-31,2020-08-31,2020-08-01,156,83,equal_weight,0.049335568485328204,0.01204819277108433,6.024096385542164e-06,0.049329544388942666
2020-08-31,2020-08-28,2020-09-30,2020-09-01,156,83,nonlinear_shrinkage_gmv,-0.015464554825903412,0.006875717613369707,3.4378588066848537e-06,-0.015467992684710098
2020-08-31,2020-08-28,2020-09-30,2020-09-01,156,83,minvar_lw_weekly,-0.009654776871854492,0.01957132332350907,9.785661661754534e-06,-0.009664562533516247
2020-08-31,2020-08-28,2020-09-30,2020-09-01,156,83,erc_weekly,-0.02682107574416322,0.0009689954277214566,4.844977138607284e-07,-0.026821560241877082
2020-08-31,2020-08-28,2020-09-30,2020-09-01,156,83,equal_weight,-0.028237961243620904,0.0,0.0,-0.028237961243620904
2020-09-30,2020-09-25,2020-10-30,2020-10-01,156,83,nonlinear_shrinkage_gmv,-0.03438121420723347,0.007512984371682639,3.7564921858413196e-06,-0.03438497069941931
2020-09-30,2020-09-25,2020-10-30,2020-10-01,156,83,minvar_lw_weekly,-0.029321815870126063,0.00945612164026948,4.7280608201347395e-06,-0.0293265439309462
2020-09-30,2020-09-25,2020-10-30,2020-10-01,156,83,erc_weekly,-0.011097258707893983,0.001398025945006389,6.990129725031945e-07,-0.011097957720866487
2020-09-30,2020-09-25,2020-10-30,2020-10-01,156,83,equal_weight,-0.007792191261737832,0.0,0.0,-0.007792191261737832
2020-10-30,2020-10-30,2020-11-30,2020-10-31,156,83,nonlinear_shrinkage_gmv,0.08406198461126307,0.03521742812855981,1.7608714064279905e-05,0.08404437589719879
2020-10-30,2020-10-30,2020-11-30,2020-10-31,156,83,minvar_lw_weekly,0.09139468550585331,0.03970288855862455,1.9851444279312274e-05,0.091374834061574
2020-10-30,2020-10-30,2020-11-30,2020-10-31,156,83,erc_weekly,0.13610691867652752,0.001635194214239675,8.175971071198374e-07,0.1361061010794204
2020-10-30,2020-10-30,2020-11-30,2020-10-31,156,83,equal_weight,0.14046179926962118,0.0,0.0,0.14046179926962118
2020-11-30,2020-11-27,2020-12-31,2020-12-01,156,83,nonlinear_shrinkage_gmv,0.0289884645271013,0.02608298881453907,1.3041494407269535e-05,0.028975423032694028
2020-11-30,2020-11-27,2020-12-31,2020-12-01,156,83,minvar_lw_weekly,0.03535915133588236,0.029284245520396962,1.464212276019848e-05,0.03534450921312216
2020-11-30,2020-11-27,2020-12-31,2020-12-01,156,83,erc_weekly,0.05122582112830928,0.0029301506119767742,1.4650753059883871e-06,0.05122435605300329
2020-11-30,2020-11-27,2020-12-31,2020-12-01,156,83,equal_weight,0.05299380088518571,0.0,0.0,0.05299380088518571
2020-12-31,2020-12-25,2021-01-29,2021-01-01,156,83,nonlinear_shrinkage_gmv,-0.007659029555439998,0.0034195156221216785,1.7097578110608393e-06,-0.007660739313251059
2020-12-31,2020-12-25,2021-01-29,2021-01-01,156,83,minvar_lw_weekly,-0.006511226023998734,0.004939893407531803,2.4699467037659016e-06,-0.0065136959707025
2020-12-31,2020-12-25,2021-01-29,2021-01-01,156,83,erc_weekly,0.01001501867945461,0.0004877539686883887,2.4387698434419433e-07,0.010014774802470264
2020-12-31,2020-12-25,2021-01-29,2021-01-01,156,83,equal_weight,0.013255500462472088,0.0,0.0,0.013255500462472088
2021-01-29,2021-01-29,2021-02-26,2021-01-30,156,83,nonlinear_shrinkage_gmv,-0.01289270237198947,0.01121602552122517,5.608012760612585e-06,-0.012898310384750082
2021-01-29,2021-01-29,2021-02-26,2021-01-30,156,83,minvar_lw_weekly,-0.0002034816933582824,0.02224166559058941,1.1120832795294706e-05,-0.0002146025261535771
2021-01-29,2021-01-29,2021-02-26,2021-01-30,156,83,erc_weekly,0.036701394820553145,0.002263293932020161,1.1316469660100805e-06,0.036700263173587135
2021-01-29,2021-01-29,2021-02-26,2021-01-30,156,83,equal_weight,0.04023480389000028,0.0,0.0,0.04023480389000028
2021-02-26,2021-02-26,2021-03-31,2021-02-27,156,83,nonlinear_shrinkage_gmv,0.014604561835839348,0.022864488926133787,1.1432244463066892e-05,0.014593129591376281
2021-02-26,2021-02-26,2021-03-31,2021-02-27,156,83,minvar_lw_weekly,0.015337212442946136,0.0662824993767202,3.31412496883601e-05,0.015304071193257775
2021-02-26,2021-02-26,2021-03-31,2021-02-27,156,83,erc_weekly,0.03400141648693441,0.0035056323686403334,1.7528161843201668e-06,0.03399966367075009
2021-02-26,2021-02-26,2021-03-31,2021-02-27,156,83,equal_weight,0.034643984136051104,0.0,0.0,0.034643984136051104
2021-03-31,2021-03-26,2021-04-30,2021-04-01,156,83,nonlinear_shrinkage_gmv,0.018912454691351718,0.05007275161040729,2.5036375805203646e-05,0.018887418315546516
2021-03-31,2021-03-26,2021-04-30,2021-04-01,156,83,minvar_lw_weekly,0.0132583930572318,0.04460601455162252,2.230300727581126e-05,0.013236090049955988
2021-03-31,2021-03-26,2021-04-30,2021-04-01,156,83,erc_weekly,0.03162418234613959,0.004050288289252322,2.025144144626161e-06,0.03162215720199496
2021-03-31,2021-03-26,2021-04-30,2021-04-01,156,83,equal_weight,0.03216861065240852,0.0,0.0,0.03216861065240852
2021-04-30,2021-04-30,2021-05-28,2021-05-01,156,83,nonlinear_shrinkage_gmv,0.03340965154804026,0.00860828511206271,4.304142556031355e-06,0.033405347405484224
2021-04-30,2021-04-30,2021-05-28,2021-05-01,156,83,minvar_lw_weekly,0.031652241706100655,0.01449499550312657,7.247497751563285e-06,0.03164499420834909
2021-04-30,2021-04-30,2021-05-28,2021-05-01,156,83,erc_weekly,0.019080083546432147,0.0007730486957755849,3.865243478877924e-07,0.01907969702208426
2021-04-30,2021-04-30,2021-05-28,2021-05-01,156,83,equal_weight,0.017871542505903146,0.0,0.0,0.017871542505903146
2021-05-28,2021-05-28,2021-06-30,2021-05-29,156,83,nonlinear_shrinkage_gmv,0.003634145091013818,0.011474015291749122,5.737007645874561e-06,0.0036284080833679437
2021-05-28,2021-05-28,2021-06-30,2021-05-29,156,83,minvar_lw_weekly,0.0028223124400965274,0.018674508407589028,9.337254203794513e-06,0.0028129751858927327
2021-05-28,2021-05-28,2021-06-30,2021-05-29,156,83,erc_weekly,0.0048788050946940425,0.0007194662117027866,3.597331058513933e-07,0.004878445361588191
2021-05-28,2021-05-28,2021-06-30,2021-05-29,156,83,equal_weight,0.0046208128291490205,0.0,0.0,0.0046208128291490205
2021-06-30,2021-06-25,2021-07-30,2021-07-01,156,84,nonlinear_shrinkage_gmv,0.018544506595704283,0.0159513966276802,7.975698313840098e-06,0.018536530897390442
2021-06-30,2021-06-25,2021-07-30,2021-07-01,156,84,minvar_lw_weekly,0.011482967352545871,0.010178340637731431,5.0891703188657156e-06,0.011477878182227005
2021-06-30,2021-06-25,2021-07-30,2021-07-01,156,84,erc_weekly,0.0006040372133967257,0.012830993911555658,6.4154969557778285e-06,0.0005976217164409479
2021-06-30,2021-06-25,2021-07-30,2021-07-01,156,84,equal_weight,-0.0011613110996323466,0.011904761904761958,5.952380952380979e-06,-0.0011672634805847276
2021-07-30,2021-07-30,2021-08-31,2021-07-31,156,85,nonlinear_shrinkage_gmv,0.025655196438089136,0.016031829769789997,8.015914884894999e-06,0.025647180523204242
2021-07-30,2021-07-30,2021-08-31,2021-07-31,156,85,minvar_lw_weekly,0.027454111008527127,0.010663356492933259,5.33167824646663e-06,0.02744877933028066
2021-07-30,2021-07-30,2021-08-31,2021-07-31,156,85,erc_weekly,0.025653556771748874,0.00905712830549927,4.528564152749635e-06,0.025649028207596125
2021-07-30,2021-07-30,2021-08-31,2021-07-31,156,85,equal_weight,0.025467615132298428,0.01176470588235292,5.88235294117646e-06,0.025461732779357253
2021-08-31,2021-08-27,2021-09-30,2021-09-01,156,85,nonlinear_shrinkage_gmv,-0.03366299075677571,0.010959356433697807,5.479678216848903e-06,-0.033668470434992555
2021-08-31,2021-08-27,2021-09-30,2021-09-01,156,85,minvar_lw_weekly,-0.022386022992978084,0.016788860170035984,8.394430085017992e-06,-0.0223944174230631
2021-08-31,2021-08-27,2021-09-30,2021-09-01,156,85,erc_weekly,-0.03380313787467542,0.0011711538867257218,5.855769433628609e-07,-0.033803723451618785
2021-08-31,2021-08-27,2021-09-30,2021-09-01,156,85,equal_weight,-0.03421813571896142,0.0,0.0,-0.03421813571896142
2021-09-30,2021-09-24,2021-10-29,2021-10-01,156,85,nonlinear_shrinkage_gmv,0.0115784640855576,0.018536159428191586,9.268079714095793e-06,0.011569196005843503
2021-09-30,2021-09-24,2021-10-29,2021-10-01,156,85,minvar_lw_weekly,0.008166389650212208,0.015966779870434208,7.983389935217104e-06,0.008158406260276991
2021-09-30,2021-09-24,2021-10-29,2021-10-01,156,85,erc_weekly,0.043334949272687134,0.0012920299170934863,6.460149585467431e-07,0.043334303257728586
2021-09-30,2021-09-24,2021-10-29,2021-10-01,156,85,equal_weight,0.04517406111029578,0.0,0.0,0.04517406111029578
2021-10-29,2021-10-29,2021-11-30,2021-10-30,156,85,nonlinear_shrinkage_gmv,-0.015267809137678974,0.0528464224503426,2.64232112251713e-05,-0.015294232348904147
2021-10-29,2021-10-29,2021-11-30,2021-10-30,156,85,minvar_lw_weekly,-0.016429461486425198,0.03590589268203314,1.795294634101657e-05,-0.016447414432766216
2021-10-29,2021-10-29,2021-11-30,2021-10-30,156,85,erc_weekly,-0.028422579157411677,0.0022277329849336013,1.1138664924668007e-06,-0.028423693023904142
2021-10-29,2021-10-29,2021-11-30,2021-10-30,156,85,equal_weight,-0.029308055597826878,0.0,0.0,-0.029308055597826878
2021-11-30,2021-11-26,2021-12-31,2021-12-01,156,85,nonlinear_shrinkage_gmv,0.0301497089643885,0.08722091918108345,4.361045959054172e-05,0.030106098504797958
2021-11-30,2021-11-26,2021-12-31,2021-12-01,156,85,minvar_lw_weekly,0.02919285054687633,0.028550863068763838,1.427543153438192e-05,0.029178575115341946
2021-11-30,2021-11-26,2021-12-31,2021-12-01,156,85,erc_weekly,0.03949931542031483,0.0036095901267742068,1.8047950633871032e-06,0.03949751062525145
2021-11-30,2021-11-26,2021-12-31,2021-12-01,156,85,equal_weight,0.03929226210601623,0.0,0.0,0.03929226210601623
2021-12-31,2021-12-31,2022-01-31,2022-01-01,156,85,nonlinear_shrinkage_gmv,-0.05499989329516962,0.07988544537205292,3.994272268602646e-05,-0.05503983601785564
2021-12-31,2021-12-31,2022-01-31,2022-01-01,156,85,minvar_lw_weekly,-0.05185973917409696,0.051032847819474675,2.551642390973734e-05,-0.0518852555980067
2021-12-31,2021-12-31,2022-01-31,2022-01-01,156,85,erc_weekly,-0.051996232526377945,0.00498665544856873,2.493327724284365e-06,-0.05199872585410223
2021-12-31,2021-12-31,2022-01-31,2022-01-01,156,85,equal_weight,-0.053473578702448316,0.0,0.0,-0.053473578702448316
2022-01-31,2022-01-28,2022-02-28,2022-02-01,156,85,nonlinear_shrinkage_gmv,-0.003992571507622024,0.10323577977177854,5.1617889885889265e-05,-0.004044189397507913
2022-01-31,2022-01-28,2022-02-28,2022-02-01,156,85,minvar_lw_weekly,-0.007728544480698729,0.02819658006426877,1.4098290032134386e-05,-0.007742642770730863
2022-01-31,2022-01-28,2022-02-28,2022-02-01,156,85,erc_weekly,-0.018932117107092333,0.002834135653194416,1.4170678265972081e-06,-0.018933534174918932
2022-01-31,2022-01-28,2022-02-28,2022-02-01,156,85,equal_weight,-0.017630033387387757,0.0,0.0,-0.017630033387387757
2022-02-28,2022-02-25,2022-03-31,2022-03-01,156,85,nonlinear_shrinkage_gmv,-0.012176724599051947,0.027554160538230243,1.3777080269115121e-05,-0.012190501679321062
2022-02-28,2022-02-25,2022-03-31,2022-03-01,156,85,minvar_lw_weekly,-0.016516827084985437,0.02681547584669234,1.3407737923346169e-05,-0.016530234822908784
2022-02-28,2022-02-25,2022-03-31,2022-03-01,156,85,erc_weekly,0.012723129679019483,0.0012616018510754863,6.308009255377431e-07,0.012722498878093945
2022-02-28,2022-02-25,2022-03-31,2022-03-01,156,85,equal_weight,0.013034495359450012,0.0,0.0,0.013034495359450012
2022-03-31,2022-03-25,2022-04-29,2022-04-01,156,85,nonlinear_shrinkage_gmv,-0.06973821804882566,0.01575303493578038,7.87651746789019e-06,-0.06974609456629355
2022-03-31,2022-03-25,2022-04-29,2022-04-01,156,85,minvar_lw_weekly,-0.07080559724065151,0.059893446897978105,2.9946723448989054e-05,-0.0708355439641005
2022-03-31,2022-03-25,2022-04-29,2022-04-01,156,85,erc_weekly,-0.07845442483446516,0.005889804480694465,2.9449022403472327e-06,-0.0784573697367055
2022-03-31,2022-03-25,2022-04-29,2022-04-01,156,85,equal_weight,-0.07942187024667328,0.0,0.0,-0.07942187024667328
2022-04-29,2022-04-29,2022-05-31,2022-04-30,156,85,nonlinear_shrinkage_gmv,0.01211502064891244,0.035829784233164526,1.7914892116582262e-05,0.012097105756795857
2022-04-29,2022-04-29,2022-05-31,2022-04-30,156,85,minvar_lw_weekly,0.01703703830387828,0.058932409103130586,2.9466204551565294e-05,0.017007572099326716
2022-04-29,2022-04-29,2022-05-31,2022-04-30,156,85,erc_weekly,0.008702361425119853,0.0022068346190617745,1.1034173095308873e-06,0.008701258007810322
2022-04-29,2022-04-29,2022-05-31,2022-04-30,156,85,equal_weight,0.007925092303414562,0.0,0.0,0.007925092303414562
2022-05-31,2022-05-27,2022-06-30,2022-06-01,156,85,nonlinear_shrinkage_gmv,-0.01570950131756884,0.05135285353519282,2.567642676759641e-05,-0.015735177744336436
2022-05-31,2022-05-27,2022-06-30,2022-06-01,156,85,minvar_lw_weekly,-0.0177880268438637,0.053748147468228896,2.6874073734114447e-05,-0.017814900917597815
2022-05-31,2022-05-27,2022-06-30,2022-06-01,156,85,erc_weekly,-0.07672731965400446,0.0032926844601510203,1.64634223007551e-06,-0.07672896599623454
2022-05-31,2022-05-27,2022-06-30,2022-06-01,156,85,equal_weight,-0.0807125240629461,0.0,0.0,-0.0807125240629461
2022-06-30,2022-06-24,2022-07-29,2022-07-01,156,85,nonlinear_shrinkage_gmv,0.018693138530355657,0.03744904201914454,1.872452100957227e-05,0.018674414009346083
2022-06-30,2022-06-24,2022-07-29,2022-07-01,156,85,minvar_lw_weekly,0.021002370648627887,0.054476471848219445,2.7238235924109722e-05,0.020975132412703778
2022-06-30,2022-06-24,2022-07-29,2022-07-01,156,85,erc_weekly,0.07245790987836842,0.0034386997336587604,1.7193498668293804e-06,0.0724561905285016
2022-06-30,2022-06-24,2022-07-29,2022-07-01,156,85,equal_weight,0.07686198601183868,0.0,0.0,0.07686198601183868
2022-07-29,2022-07-29,2022-08-31,2022-07-30,156,85,nonlinear_shrinkage_gmv,-0.04143890885226594,0.034550449711217346,1.7275224855608674e-05,-0.04145618407712155
2022-07-29,2022-07-29,2022-08-31,2022-07-30,156,85,minvar_lw_weekly,-0.038476384598351114,0.051908333293707316,2.595416664685366e-05,-0.038502338764997965
2022-07-29,2022-07-29,2022-08-31,2022-07-30,156,85,erc_weekly,-0.036995048641134745,0.0021615480937680715,1.0807740468840358e-06,-0.03699612941518163
2022-07-29,2022-07-29,2022-08-31,2022-07-30,156,85,equal_weight,-0.036478617623671626,0.0,0.0,-0.036478617623671626
2022-08-31,2022-08-26,2022-09-30,2022-09-01,156,85,nonlinear_shrinkage_gmv,-0.07797659754754104,0.03840235897771682,1.9201179488858412e-05,-0.0779957987270299
2022-08-31,2022-08-26,2022-09-30,2022-09-01,156,85,minvar_lw_weekly,-0.07547361764255234,0.04095648417448037,2.0478242087240184e-05,-0.07549409588463958
2022-08-31,2022-08-26,2022-09-30,2022-09-01,156,85,erc_weekly,-0.09049642752749557,0.001296174506524632,6.48087253262316e-07,-0.09049707561474883
2022-08-31,2022-08-26,2022-09-30,2022-09-01,156,85,equal_weight,-0.09118779851929479,0.0,0.0,-0.09118779851929479
2022-09-30,2022-09-30,2022-10-31,2022-10-01,156,85,nonlinear_shrinkage_gmv,0.021418723971644883,0.05015236116833105,2.5076180584165526e-05,0.02139364779106072
2022-09-30,2022-09-30,2022-10-31,2022-10-01,156,85,minvar_lw_weekly,0.024822283465836724,0.042537021670125214,2.1268510835062605e-05,0.02480101495500166
2022-09-30,2022-09-30,2022-10-31,2022-10-01,156,85,erc_weekly,0.07624858631326345,0.002963151214151736,1.481575607075868e-06,0.07624710473765638
2022-09-30,2022-09-30,2022-10-31,2022-10-01,156,85,equal_weight,0.08059362757180949,0.0,0.0,0.08059362757180949
2022-10-31,2022-10-28,2022-11-30,2022-11-01,156,85,nonlinear_shrinkage_gmv,0.09636237580874629,0.016150597259147893,8.075298629573947e-06,0.09635430051011672
2022-10-31,2022-10-28,2022-11-30,2022-11-01,156,85,minvar_lw_weekly,0.09438428498852193,0.015990050678988187,7.995025339494094e-06,0.09437628996318244
2022-10-31,2022-10-28,2022-11-30,2022-11-01,156,85,erc_weekly,0.07655930227333052,0.002139248660490407,1.0696243302452036e-06,0.07655823264900027
2022-10-31,2022-10-28,2022-11-30,2022-11-01,156,85,equal_weight,0.07340537433796193,0.0,0.0,0.07340537433796193
2022-11-30,2022-11-25,2022-12-30,2022-12-01,156,86,nonlinear_shrinkage_gmv,-0.02812882214873914,0.030036848393387425,1.5018424196693714e-05,-0.028143840572935834
2022-11-30,2022-11-25,2022-12-30,2022-12-01,156,86,minvar_lw_weekly,-0.03071944371082347,0.027994198851712216,1.3997099425856108e-05,-0.030733440810249323
2022-11-30,2022-11-25,2022-12-30,2022-12-01,156,86,erc_weekly,-0.0441200202992135,0.014042558115879853,7.021279057939926e-06,-0.044127041578271436
2022-11-30,2022-11-25,2022-12-30,2022-12-01,156,86,equal_weight,-0.04607418089778942,0.011627906976744186,5.813953488372093e-06,-0.04607999485127779
2022-12-30,2022-12-30,2023-01-31,2022-12-31,156,86,nonlinear_shrinkage_gmv,0.07087343295899515,0.0017954774054416605,8.977387027208301e-07,0.07087253522029242
2022-12-30,2022-12-30,2023-01-31,2022-12-31,156,86,minvar_lw_weekly,0.0732282917511215,0.009621770303270407,4.8108851516352036e-06,0.07322348086596986
2022-12-30,2022-12-30,2023-01-31,2022-12-31,156,86,erc_weekly,0.07780539818739371,0.0010112103552916626,5.056051776458313e-07,0.07780489258221607
2022-12-30,2022-12-30,2023-01-31,2022-12-31,156,86,equal_weight,0.07979712380326362,0.0,0.0,0.07979712380326362
2023-01-31,2023-01-27,2023-02-28,2023-02-01,156,86,nonlinear_shrinkage_gmv,-0.012540363722075983,0.0433758819622474,2.16879409811237e-05,-0.012562051663057107
2023-01-31,2023-01-27,2023-02-28,2023-02-01,156,86,minvar_lw_weekly,-0.010577929892906762,0.04033432831922467,2.0167164159612334e-05,-0.010598097057066375
2023-01-31,2023-01-27,2023-02-28,2023-02-01,156,86,erc_weekly,-0.02762763503336746,0.0015355291741056569,7.677645870528284e-07,-0.02762840279795451
2023-01-31,2023-01-27,2023-02-28,2023-02-01,156,86,equal_weight,-0.02706979430144222,0.0,0.0,-0.02706979430144222
2023-02-28,2023-02-24,2023-03-31,2023-03-01,156,86,nonlinear_shrinkage_gmv,0.022451227432516804,0.08888459121825329,4.444229560912665e-05,0.022406785136907678
2023-02-28,2023-02-24,2023-03-31,2023-03-01,156,86,minvar_lw_weekly,0.01943617728103479,0.08799158045185823,4.3995790225929114e-05,0.019392181490808864
2023-02-28,2023-02-24,2023-03-31,2023-03-01,156,86,erc_weekly,0.0036548982120867134,0.005323741113395014,2.661870556697507e-06,0.0036522363415300158
2023-02-28,2023-02-24,2023-03-31,2023-03-01,156,86,equal_weight,-0.0014699941375247425,0.0,0.0,-0.0014699941375247425
2023-03-31,2023-03-31,2023-04-28,2023-04-01,156,86,nonlinear_shrinkage_gmv,0.02912737658268276,0.32562458184708115,0.00016281229092354057,0.02896456429175922
2023-03-31,2023-03-31,2023-04-28,2023-04-01,156,86,minvar_lw_weekly,0.026604390249764583,0.3493154207705546,0.00017465771038527731,0.026429732539379306
2023-03-31,2023-03-31,2023-04-28,2023-04-01,156,86,erc_weekly,0.008771280167770646,0.015666139029083075,7.833069514541538e-06,0.008763447098256104
2023-03-31,2023-03-31,2023-04-28,2023-04-01,156,86,equal_weight,0.006083300962966744,0.0,0.0,0.006083300962966744
2023-04-28,2023-04-28,2023-05-31,2023-04-29,156,86,nonlinear_shrinkage_gmv,-0.02435379368597773,0.1901795176378826,9.50897588189413e-05,-0.024448883444796673
2023-04-28,2023-04-28,2023-05-31,2023-04-29,156,86,minvar_lw_weekly,-0.02309006614956285,0.12026458345943912,6.013229172971956e-05,-0.023150198441292572
2023-04-28,2023-04-28,2023-05-31,2023-04-29,156,86,erc_weekly,-0.019372149675260034,0.012180829002635275,6.090414501317637e-06,-0.019378240089761353
2023-04-28,2023-04-28,2023-05-31,2023-04-29,156,86,equal_weight,-0.018101143405752033,0.0,0.0,-0.018101143405752033
2023-05-31,2023-05-26,2023-06-30,2023-06-01,156,88,nonlinear_shrinkage_gmv,0.04309001625795546,0.04479655268172489,2.2398276340862443e-05,0.0430676179816146
2023-05-31,2023-05-26,2023-06-30,2023-06-01,156,88,minvar_lw_weekly,0.04454687026281084,0.04080819513093631,2.0404097565468156e-05,0.04452646616524537
2023-05-31,2023-05-26,2023-06-30,2023-06-01,156,88,erc_weekly,0.05992296546178121,0.023305047677608805,1.1652523838804402e-05,0.059911312937942406
2023-05-31,2023-05-26,2023-06-30,2023-06-01,156,88,equal_weight,0.06237006621566961,0.022727272727272707,1.1363636363636353e-05,0.06235870257930597
2023-06-30,2023-06-30,2023-07-31,2023-07-01,156,88,nonlinear_shrinkage_gmv,0.02295894280334123,0.05338836978340177,2.6694184891700883e-05,0.02293224861844953
2023-06-30,2023-06-30,2023-07-31,2023-07-01,156,88,minvar_lw_weekly,0.023053717362693144,0.045122869544669056,2.2561434772334528e-05,0.02303115592792081
2023-06-30,2023-06-30,2023-07-31,2023-07-01,156,88,erc_weekly,0.03825926375531049,0.010128173238257512,5.064086619128756e-06,0.03825419966869136
2023-06-30,2023-06-30,2023-07-31,2023-07-01,156,88,equal_weight,0.03982360336412047,0.0,0.0,0.03982360336412047
2023-07-31,2023-07-28,2023-08-31,2023-08-01,156,88,nonlinear_shrinkage_gmv,-0.0206831442925712,0.029485544605172685,1.4742772302586343e-05,-0.020697887064873785
2023-07-31,2023-07-28,2023-08-31,2023-08-01,156,88,minvar_lw_weekly,-0.02032910389085559,0.025206738754812445,1.2603369377406223e-05,-0.020341707260232995
2023-07-31,2023-07-28,2023-08-31,2023-08-01,156,88,erc_weekly,-0.033901460822643406,0.0017392761378576807,8.696380689288404e-07,-0.03390233046071234
2023-07-31,2023-07-28,2023-08-31,2023-08-01,156,88,equal_weight,-0.0350869280992044,0.0,0.0,-0.0350869280992044
2023-08-31,2023-08-25,2023-09-29,2023-09-01,156,88,nonlinear_shrinkage_gmv,-0.008619274140771193,0.03155313809527264,1.577656904763632e-05,-0.008635050709818829
2023-08-31,2023-08-25,2023-09-29,2023-09-01,156,88,minvar_lw_weekly,-0.007903246710010197,0.03360819802894992,1.680409901447496e-05,-0.007920050809024672
2023-08-31,2023-08-25,2023-09-29,2023-09-01,156,88,erc_weekly,-0.04172569286975327,0.0021238712908172807,1.0619356454086404e-06,-0.04172675480539868
2023-08-31,2023-08-25,2023-09-29,2023-09-01,156,88,equal_weight,-0.04452464618983776,0.0,0.0,-0.04452464618983776
2023-09-29,2023-09-29,2023-10-31,2023-09-30,156,89,nonlinear_shrinkage_gmv,-0.01602861094383967,0.04443256318606205,2.2216281593031023e-05,-0.0160508272254327
2023-09-29,2023-09-29,2023-10-31,2023-09-30,156,89,minvar_lw_weekly,-0.015957722438556768,0.04627620099157755,2.313810049578878e-05,-0.015980860539052556
2023-09-29,2023-09-29,2023-10-31,2023-09-30,156,89,erc_weekly,-0.03568059428776045,0.014002340936410222,7.001170468205112e-06,-0.03568759545822866
2023-09-29,2023-09-29,2023-10-31,2023-09-30,156,89,equal_weight,-0.038049722847088206,0.011235955056179803,5.617977528089902e-06,-0.0380553408246163
2023-10-31,2023-10-27,2023-11-30,2023-11-01,156,90,nonlinear_shrinkage_gmv,0.048353323707616934,0.0581049562975902,2.9052478148795103e-05,0.04832427122946814
2023-10-31,2023-10-27,2023-11-30,2023-11-01,156,90,minvar_lw_weekly,0.048294634852643625,0.05146370138121088,2.573185069060544e-05,0.04826890300195302
2023-10-31,2023-10-27,2023-11-30,2023-11-01,156,90,erc_weekly,0.08608879917403456,0.010357271423374673,5.178635711687336e-06,0.08608362053832287
2023-10-31,2023-10-27,2023-11-30,2023-11-01,156,90,equal_weight,0.08982311072123919,0.011111111111111079,5.555555555555539e-06,0.08981755516568364
2023-11-30,2023-11-24,2023-12-29,2023-12-01,156,90,nonlinear_shrinkage_gmv,0.015555089804340384,0.04187086545951173,2.0935432729755866e-05,0.015534154371610627
2023-11-30,2023-11-24,2023-12-29,2023-12-01,156,90,minvar_lw_weekly,0.015652851929198255,0.047153288117648656,2.357664405882433e-05,0.01562927528513943
2023-11-30,2023-11-24,2023-12-29,2023-12-01,156,90,erc_weekly,0.06473112917406267,0.005269404538792009,2.634702269396005e-06,0.06472849447179327
2023-11-30,2023-11-24,2023-12-29,2023-12-01,156,90,equal_weight,0.07082866218427017,0.0,0.0,0.07082866218427017
2023-12-29,2023-12-29,2024-01-31,2023-12-30,156,90,nonlinear_shrinkage_gmv,-0.0012091622728509915,0.02104363738696787,1.0521818693483937e-05,-0.0012196840915444755
2023-12-29,2023-12-29,2024-01-31,2023-12-30,156,90,minvar_lw_weekly,-0.0011428658896700146,0.020831700476935146,1.0415850238467572e-05,-0.001153281739908482
2023-12-29,2023-12-29,2024-01-31,2023-12-30,156,90,erc_weekly,-0.00770162024598241,0.0030279894238926203,1.51399471194631e-06,-0.007703134240694356
2023-12-29,2023-12-29,2024-01-31,2023-12-30,156,90,equal_weight,-0.00819414161798333,0.0,0.0,-0.00819414161798333
2024-01-31,2024-01-26,2024-02-29,2024-02-01,156,90,nonlinear_shrinkage_gmv,0.05130061172920212,0.047802372232881134,2.3901186116440568e-05,0.05127671054308568
2024-01-31,2024-01-26,2024-02-29,2024-02-01,156,90,minvar_lw_weekly,0.051076046292883856,0.03850607109032931,1.9253035545164655e-05,0.05105679325733869
2024-01-31,2024-01-26,2024-02-29,2024-02-01,156,90,erc_weekly,0.042452962610442,0.0037354366369971234,1.8677183184985618e-06,0.0424510948921235
2024-01-31,2024-01-26,2024-02-29,2024-02-01,156,90,equal_weight,0.043340778531695254,0.0,0.0,0.043340778531695254
2024-02-29,2024-02-23,2024-03-28,2024-03-01,156,90,nonlinear_shrinkage_gmv,0.021373245891941513,0.0582530413061247,2.912652065306235e-05,0.02134411937128845
2024-02-29,2024-02-23,2024-03-28,2024-03-01,156,90,minvar_lw_weekly,0.02130393346372394,0.06137669503130181,3.068834751565091e-05,0.021273245116208286
2024-02-29,2024-02-23,2024-03-28,2024-03-01,156,90,erc_weekly,0.03460396099243244,0.00405745065489666,2.02872532744833e-06,0.03460193226710499
2024-02-29,2024-02-23,2024-03-28,2024-03-01,156,90,equal_weight,0.035053574910830346,0.0,0.0,0.035053574910830346
2024-03-28,2024-03-22,2024-04-30,2024-03-29,156,90,nonlinear_shrinkage_gmv,-0.007391818244014171,0.015398253616465412,7.699126808232706e-06,-0.0073995173708224045
2024-03-28,2024-03-22,2024-04-30,2024-03-29,156,90,minvar_lw_weekly,-0.007098083191258058,0.018024160655595492,9.012080327797746e-06,-0.007107095271585855
2024-03-28,2024-03-22,2024-04-30,2024-03-29,156,90,erc_weekly,-0.039599201062554726,0.003553525549909139,1.7767627749545696e-06,-0.03960097782532968
2024-03-28,2024-03-22,2024-04-30,2024-03-29,156,90,equal_weight,-0.04336866468331474,0.0,0.0,-0.04336866468331474
2024-04-30,2024-04-26,2024-05-31,2024-05-01,156,90,nonlinear_shrinkage_gmv,0.01746234231615668,0.004562115134677124,2.2810575673385616e-06,0.01746006125858934
2024-04-30,2024-04-26,2024-05-31,2024-05-01,156,90,minvar_lw_weekly,0.017573749982563974,0.005962925053999772,2.981462526999886e-06,0.017570768520036976
2024-04-30,2024-04-26,2024-05-31,2024-05-01,156,90,erc_weekly,0.040303875110351536,0.00189480382242931,9.47401911214655e-07,0.04030292770844032
2024-04-30,2024-04-26,2024-05-31,2024-05-01,156,90,equal_weight,0.0425416360590144,0.0,0.0,0.0425416360590144
2024-05-31,2024-05-31,2024-06-28,2024-06-01,156,90,nonlinear_shrinkage_gmv,0.006133302205148362,0.024934454096711325,1.2467227048355663e-05,0.006120834978100007
2024-05-31,2024-05-31,2024-06-28,2024-06-01,156,90,minvar_lw_weekly,0.006487624288274504,0.024672554255141838,1.2336277127570919e-05,0.006475288011146933
2024-05-31,2024-05-31,2024-06-28,2024-06-01,156,90,erc_weekly,-0.0008352623442939269,0.0016704101104316766,8.352050552158383e-07,-0.0008360975493491428
2024-05-31,2024-05-31,2024-06-28,2024-06-01,156,90,equal_weight,-0.00040961203590837584,0.0,0.0,-0.00040961203590837584
2024-06-28,2024-06-28,2024-07-31,2024-06-29,156,91,nonlinear_shrinkage_gmv,0.021726766228473568,0.011691436722690384,5.845718361345193e-06,0.021720920510112224
2024-06-28,2024-06-28,2024-07-31,2024-06-29,156,91,minvar_lw_weekly,0.02167857119492668,0.014549357715085412,7.274678857542706e-06,0.02167129651606914
2024-06-28,2024-06-28,2024-07-31,2024-06-29,156,91,erc_weekly,0.040884223864141804,0.011147978839608146,5.573989419804073e-06,0.040878649874722
2024-06-28,2024-06-28,2024-07-31,2024-06-29,156,91,equal_weight,0.04325483648433817,0.01098901098901097,5.494505494505485e-06,0.04324934197884367
2024-07-31,2024-07-26,2024-08-30,2024-08-01,156,91,nonlinear_shrinkage_gmv,0.014118893388642669,0.013244444881598117,6.622222440799058e-06,0.014112271166201869
2024-07-31,2024-07-26,2024-08-30,2024-08-01,156,91,minvar_lw_weekly,0.013940945788236535,0.009070563031767055,4.535281515883527e-06,0.013936410506720651
2024-07-31,2024-07-26,2024-08-30,2024-08-01,156,91,erc_weekly,0.016665388565642196,0.002190546159713595,1.0952730798567975e-06,0.01666429329256234
2024-07-31,2024-07-26,2024-08-30,2024-08-01,156,91,equal_weight,0.01598748929577474,0.0,0.0,0.01598748929577474
2024-08-30,2024-08-30,2024-09-30,2024-08-31,156,91,nonlinear_shrinkage_gmv,0.046904240420329965,0.059667555453634266,2.9833777726817135e-05,0.046874406642603145
2024-08-30,2024-08-30,2024-09-30,2024-08-31,156,91,minvar_lw_weekly,0.04666308334968752,0.062061103893520014,3.103055194676001e-05,0.04663205279774076
2024-08-30,2024-08-30,2024-09-30,2024-08-31,156,91,erc_weekly,0.02060209039506944,0.005005881775708371,2.5029408878541853e-06,0.020599587454181584
2024-08-30,2024-08-30,2024-09-30,2024-08-31,156,91,equal_weight,0.01659115284435974,0.0,0.0,0.01659115284435974
2024-09-30,2024-09-27,2024-10-31,2024-10-01,156,91,nonlinear_shrinkage_gmv,-0.02418511104228043,0.07752853346237612,3.876426673118806e-05,-0.02422387530901162
2024-09-30,2024-09-27,2024-10-31,2024-10-01,156,91,minvar_lw_weekly,-0.024500645672190752,0.06540651209279416,3.270325604639708e-05,-0.02453334892823715
2024-09-30,2024-09-27,2024-10-31,2024-10-01,156,91,erc_weekly,-0.0215400918801561,0.004055072604459619,2.02753630222981e-06,-0.02154211941645833
2024-09-30,2024-09-27,2024-10-31,2024-10-01,156,91,equal_weight,-0.020545479106197955,0.0,0.0,-0.020545479106197955
2024-10-31,2024-10-25,2024-11-29,2024-11-01,156,91,nonlinear_shrinkage_gmv,0.014225779760013876,0.07557748053206353,3.778874026603177e-05,0.014187991019747844
2024-10-31,2024-10-25,2024-11-29,2024-11-01,156,91,minvar_lw_weekly,0.014258837481249684,0.06985312263722424,3.492656131861211e-05,0.014223910919931072
2024-10-31,2024-10-25,2024-11-29,2024-11-01,156,91,erc_weekly,0.0471273156330312,0.0016042443028472827,8.021221514236414e-07,0.04712651351087978
2024-10-31,2024-10-25,2024-11-29,2024-11-01,156,91,equal_weight,0.05239264344224131,0.0,0.0,0.05239264344224131
2024-11-29,2024-11-29,2024-12-31,2024-11-30,156,91,nonlinear_shrinkage_gmv,-0.02961723596281275,0.05857879093173549,2.9289395465867746e-05,-0.029646525358278615
2024-11-29,2024-11-29,2024-12-31,2024-11-30,156,91,minvar_lw_weekly,-0.03003064709668284,0.05164284586492743,2.582142293246371e-05,-0.0300564685196153
2024-11-29,2024-11-29,2024-12-31,2024-11-30,156,91,erc_weekly,-0.04479351436841798,0.006460403637782312,3.230201818891156e-06,-0.04479674457023687
2024-11-29,2024-11-29,2024-12-31,2024-11-30,156,91,equal_weight,-0.04685718910306404,0.0,0.0,-0.04685718910306404
2024-12-31,2024-12-27,2025-01-31,2025-01-01,156,91,nonlinear_shrinkage_gmv,0.00594460426401253,0.023310786396515445,1.1655393198257722e-05,0.005932948870814272
2024-12-31,2024-12-27,2025-01-31,2025-01-01,156,91,minvar_lw_weekly,0.005724933547017725,0.019731993527678425,9.865996763839213e-06,0.005715067550253886
2024-12-31,2024-12-27,2025-01-31,2025-01-01,156,91,erc_weekly,0.031518272702028075,0.0024184671183483677,1.209233559174184e-06,0.0315170634684689
2024-12-31,2024-12-27,2025-01-31,2025-01-01,156,91,equal_weight,0.03301472806640958,0.0,0.0,0.03301472806640958
2025-01-31,2025-01-31,2025-02-28,2025-02-01,156,91,nonlinear_shrinkage_gmv,5.9043519094095775e-05,0.018537337784192632,9.268668892096315e-06,4.977485020199946e-05
2025-01-31,2025-01-31,2025-02-28,2025-02-01,156,91,minvar_lw_weekly,-0.0006100880340233657,0.021393980818365247,1.0696990409182623e-05,-0.0006207850244325483
2025-01-31,2025-01-31,2025-02-28,2025-02-01,156,91,erc_weekly,-0.007074906430036361,0.0046852429085507035,2.3426214542753517e-06,-0.007077249051490636
2025-01-31,2025-01-31,2025-02-28,2025-02-01,156,91,equal_weight,-0.011626669162964665,0.0,0.0,-0.011626669162964665
2025-02-28,2025-02-28,2025-03-31,2025-03-01,156,91,nonlinear_shrinkage_gmv,0.03058626909269724,0.08591607745483278,4.2958038727416386e-05,0.030543311053969825
2025-02-28,2025-02-28,2025-03-31,2025-03-01,156,91,minvar_lw_weekly,0.0301166586962586,0.09177840381488075,4.588920190744038e-05,0.03007076949435116
2025-02-28,2025-02-28,2025-03-31,2025-03-01,156,91,erc_weekly,-0.030262040606019093,0.005717652825511655,2.8588264127558276e-06,-0.03026489943243185
2025-02-28,2025-02-28,2025-03-31,2025-03-01,156,91,equal_weight,-0.036636873610984146,0.0,0.0,-0.036636873610984146
2025-03-31,2025-03-28,2025-04-30,2025-04-01,156,92,nonlinear_shrinkage_gmv,0.01871471043610863,0.06479241069177845,3.2396205345889225e-05,0.01868231423076274
2025-03-31,2025-03-28,2025-04-30,2025-04-01,156,92,minvar_lw_weekly,0.01779197417596878,0.05628710061451175,2.814355030725587e-05,0.017763830625661524
2025-03-31,2025-03-28,2025-04-30,2025-04-01,156,92,erc_weekly,-0.0005758345134529753,0.0157698681393324,7.8849340696662e-06,-0.0005837194475226416
2025-03-31,2025-03-28,2025-04-30,2025-04-01,156,92,equal_weight,-0.0015090696757222109,0.01086956521739136,5.43478260869568e-06,-0.0015145044583309065
2025-04-30,2025-04-25,2025-05-30,2025-05-01,156,93,nonlinear_shrinkage_gmv,0.017842451521642558,0.1688778510339595,8.443892551697974e-05,0.01775801259612558
2025-04-30,2025-04-25,2025-05-30,2025-05-01,156,93,minvar_lw_weekly,0.01765333585578714,0.16404484970895483,8.202242485447741e-05,0.017571313430932663
2025-04-30,2025-04-25,2025-05-30,2025-05-01,156,93,erc_weekly,0.048000287742926355,0.01726544399663312,8.63272199831656e-06,0.04799165502092804
2025-04-30,2025-04-25,2025-05-30,2025-05-01,156,93,equal_weight,0.05070441238536007,0.010752688172042958,5.376344086021479e-06,0.05069903604127404
2025-05-30,2025-05-30,2025-06-30,2025-05-31,156,93,nonlinear_shrinkage_gmv,0.021244139413038668,0.0215366846284839,1.076834231424195e-05,0.021233371070724427
2025-05-30,2025-05-30,2025-06-30,2025-05-31,156,93,minvar_lw_weekly,0.021257060064779468,0.020785142214581276,1.0392571107290638e-05,0.021246667493672176
2025-05-30,2025-05-30,2025-06-30,2025-05-31,156,93,erc_weekly,0.03967487791996888,0.004071593886527365,2.0357969432636823e-06,0.03967284212302562
2025-05-30,2025-05-30,2025-06-30,2025-05-31,156,93,equal_weight,0.04212591191983428,0.0,0.0,0.04212591191983428
2025-06-30,2025-06-27,2025-07-31,2025-07-01,156,93,nonlinear_shrinkage_gmv,-0.024289517089395453,0.09662975133942217,4.831487566971109e-05,-0.024337831965065164
2025-06-30,2025-06-27,2025-07-31,2025-07-01,156,93,minvar_lw_weekly,-0.024172119705979947,0.08417754165695415,4.208877082847707e-05,-0.024214208476808424
2025-06-30,2025-06-27,2025-07-31,2025-07-01,156,93,erc_weekly,0.006639892779430918,0.00860945305568879,4.304726527844395e-06,0.006635588052903074
2025-06-30,2025-06-27,2025-07-31,2025-07-01,156,93,equal_weight,0.00858265267160679,0.0,0.0,0.00858265267160679
2025-07-31,2025-07-25,2025-08-29,2025-08-01,156,93,nonlinear_shrinkage_gmv,0.02635217443282308,0.02079218596279924,1.0396092981399622e-05,0.02634177833984168
2025-07-31,2025-07-25,2025-08-29,2025-08-01,156,93,minvar_lw_weekly,0.02560399886158856,0.026060078147372316,1.3030039073686158e-05,0.025590968822514874
2025-07-31,2025-07-25,2025-08-29,2025-08-01,156,93,erc_weekly,0.04030191890919603,0.002655155267797093,1.3275776338985464e-06,0.04030059133156213
2025-07-31,2025-07-25,2025-08-29,2025-08-01,156,93,equal_weight,0.0410113252713151,0.0,0.0,0.0410113252713151
2025-08-29,2025-08-29,2025-09-30,2025-08-30,156,93,nonlinear_shrinkage_gmv,0.008550085492625755,0.040452121540513614,2.0226060770256807e-05,0.008529859431855498
2025-08-29,2025-08-29,2025-09-30,2025-08-30,156,93,minvar_lw_weekly,0.008908112544459586,0.04535998014895069,2.2679990074475347e-05,0.008885432554385111
2025-08-29,2025-08-29,2025-09-30,2025-08-30,156,93,erc_weekly,0.025401248052374162,0.003675537221616389,1.8377686108081944e-06,0.025399410283763354
2025-08-29,2025-08-29,2025-09-30,2025-08-30,156,93,equal_weight,0.027391622340527427,0.0,0.0,0.027391622340527427
2025-09-30,2025-09-26,2025-10-31,2025-10-01,156,93,nonlinear_shrinkage_gmv,-0.0008023406250862613,0.048184564303547214,2.4092282151773607e-05,-0.0008264329072380349
2025-09-30,2025-09-26,2025-10-31,2025-10-01,156,93,minvar_lw_weekly,-0.00037449287104307505,0.04300124868961772,2.1500624344808862e-05,-0.0003959934953878839
2025-09-30,2025-09-26,2025-10-31,2025-10-01,156,93,erc_weekly,0.01183340493105085,0.005720833430238239,2.8604167151191194e-06,0.01183054451433573
2025-09-30,2025-09-26,2025-10-31,2025-10-01,156,93,equal_weight,0.013787445584734237,0.0,0.0,0.013787445584734237
2025-10-31,2025-10-31,2025-11-28,2025-11-01,156,94,nonlinear_shrinkage_gmv,0.016924797099653086,0.07044073141136752,3.522036570568376e-05,0.016889576733947403
2025-10-31,2025-10-31,2025-11-28,2025-11-01,156,94,minvar_lw_weekly,0.016684328577437724,0.0560406643878837,2.802033219394185e-05,0.016656308245243782
2025-10-31,2025-10-31,2025-11-28,2025-11-01,156,94,erc_weekly,0.013200207799015002,0.013500488739001754,6.7502443695008765e-06,0.013193457554645502
2025-10-31,2025-10-31,2025-11-28,2025-11-01,156,94,equal_weight,0.013438099094578944,0.010638297872340483,5.319148936170241e-06,0.013432779945642773
2025-11-28,2025-11-28,2025-12-31,2025-11-29,156,94,nonlinear_shrinkage_gmv,0.003060457780908971,0.06786608764374662,3.393304382187331e-05,0.003026524737087098
2025-11-28,2025-11-28,2025-12-31,2025-11-29,156,94,minvar_lw_weekly,0.002902891400401171,0.059436080470850076,2.9718040235425037e-05,0.002873173360165746
2025-11-28,2025-11-28,2025-12-31,2025-11-29,156,94,erc_weekly,0.00935089215607078,0.007141843389036763,3.5709216945183813e-06,0.009347321234376262
2025-11-28,2025-11-28,2025-12-31,2025-11-29,156,94,equal_weight,0.008884697274072201,0.0,0.0,0.008884697274072201
2025-12-31,2025-12-26,2026-01-30,2026-01-01,156,94,nonlinear_shrinkage_gmv,0.010758929325997136,0.023953424353013533,1.1976712176506766e-05,0.010746952613820629
2025-12-31,2025-12-26,2026-01-30,2026-01-01,156,94,minvar_lw_weekly,0.010120765700735395,0.019847890294872852,9.923945147436426e-06,0.01011084175558796
2025-12-31,2025-12-26,2026-01-30,2026-01-01,156,94,erc_weekly,0.03664147669588182,0.0028322783200084908,1.4161391600042454e-06,0.03664006055672181
2025-12-31,2025-12-26,2026-01-30,2026-01-01,156,94,equal_weight,0.03770790717817227,0.0,0.0,0.03770790717817227
2026-01-30,2026-01-30,2026-02-27,2026-01-31,156,94,nonlinear_shrinkage_gmv,0.03769370287007239,0.015613511025989362,7.806755512994681e-06,0.0376858961145594
2026-01-30,2026-01-30,2026-02-27,2026-01-31,156,94,minvar_lw_weekly,0.03738457951284435,0.015851720278303564,7.92586013915178e-06,0.0373766536527052
2026-01-30,2026-01-30,2026-02-27,2026-01-31,156,94,erc_weekly,0.026195134139452823,0.0027867516976650165,1.3933758488325084e-06,0.02619374076360399
2026-01-30,2026-01-30,2026-02-27,2026-01-31,156,94,equal_weight,0.024087459211196136,0.0,0.0,0.024087459211196136
2026-02-27,2026-02-27,2026-03-31,2026-02-28,156,94,nonlinear_shrinkage_gmv,-0.0636114785179239,0.024686303152119927,1.2343151576059964e-05,-0.06362382166949995
2026-02-27,2026-02-27,2026-03-31,2026-02-28,156,94,minvar_lw_weekly,-0.06438134521453323,0.021296649918879324,1.0648324959439662e-05,-0.06439199353949267
2026-02-27,2026-02-27,2026-03-31,2026-02-28,156,94,erc_weekly,-0.05933364834168489,0.0029278625782392536,1.4639312891196269e-06,-0.059335112272974014
2026-02-27,2026-02-27,2026-03-31,2026-02-28,156,94,equal_weight,-0.05779887082435669,0.0,0.0,-0.05779887082435669
2026-03-31,2026-03-27,2026-04-30,2026-04-01,156,94,nonlinear_shrinkage_gmv,0.028635459290614264,0.06729012592411965,3.364506296205982e-05,0.028601814227652202
2026-03-31,2026-03-27,2026-04-30,2026-04-01,156,94,minvar_lw_weekly,0.029032584171796702,0.06439529950443319,3.219764975221659e-05,0.029000386522044487
2026-03-31,2026-03-27,2026-04-30,2026-04-01,156,94,erc_weekly,0.07951382113934274,0.01210574207655256,6.05287103827628e-06,0.07950776826830447
2026-03-31,2026-03-27,2026-04-30,2026-04-01,156,94,equal_weight,0.08494810921587553,0.0,0.0,0.08494810921587553
2026-04-30,2026-04-24,2026-05-29,2026-05-01,156,94,nonlinear_shrinkage_gmv,0.00445909645430545,0.03263129927860873,1.6315649639304362e-05,0.004442780804666146
2026-04-30,2026-04-24,2026-05-29,2026-05-01,156,94,minvar_lw_weekly,0.003866066773196979,0.0290409651886519,1.4520482594325951e-05,0.003851546290602653
2026-04-30,2026-04-24,2026-05-29,2026-05-01,156,94,erc_weekly,0.03333026599925497,0.0059354469970184925,2.9677234985092463e-06,0.03332729827575646
2026-04-30,2026-04-24,2026-05-29,2026-05-01,156,94,equal_weight,0.03696901561313683,0.0,0.0,0.03696901561313683
2026-05-29,2026-05-29,2026-06-30,2026-05-30,156,94,nonlinear_shrinkage_gmv,0.003603091508533747,0.01568568965609659,7.842844828048295e-06,0.0035952486637056986
2026-05-29,2026-05-29,2026-06-30,2026-05-30,156,94,minvar_lw_weekly,0.0038322855128635675,0.016188296760639598,8.0941483803198e-06,0.0038241913644832476
2026-05-29,2026-05-29,2026-06-30,2026-05-30,156,94,erc_weekly,0.016795985303970265,0.0034274553352955342,1.7137276676477673e-06,0.016794271576302616
2026-05-29,2026-05-29,2026-06-30,2026-05-30,156,94,equal_weight,0.019974373090047674,0.0,0.0,0.019974373090047674
2026-06-30,2026-06-26,2026-07-31,2026-07-01,156,94,nonlinear_shrinkage_gmv,0.014518916957005561,0.03513701871078852,1.7568509355394256e-05,0.014501348447650168
2026-06-30,2026-06-26,2026-07-31,2026-07-01,156,94,minvar_lw_weekly,0.014614510686187543,0.02909941196578139,1.4549705982890695e-05,0.014599960980204652
2026-06-30,2026-06-26,2026-07-31,2026-07-01,156,94,erc_weekly,-0.0030574339856121006,0.004448787228124597,2.2243936140622986e-06,-0.003059658379226163
2026-06-30,2026-06-26,2026-07-31,2026-07-01,156,94,equal_weight,-0.007853959093057094,0.0,0.0,-0.007853959093057094
2026-07-31,2026-07-31,2026-08-31,2026-08-01,156,94,nonlinear_shrinkage_gmv,0.024529713830085675,0.04710023691914441,2.3550118459572206e-05,0.024506163711626103
2026-07-31,2026-07-31,2026-08-31,2026-08-01,156,94,minvar_lw_weekly,0.02397582610586753,0.04254105932620598,2.1270529663102987e-05,0.023954555576204427
2026-07-31,2026-07-31,2026-08-31,2026-08-01,156,94,erc_weekly,0.018916883449942815,0.004042135558987428,2.021067779493714e-06,0.01891486238216332
2026-07-31,2026-07-31,2026-08-31,2026-08-01,156,94,equal_weight,0.01920350752660248,0.0,0.0,0.01920350752660248
2026-08-31,2026-08-28,2026-09-16,2026-09-01,156,92,nonlinear_shrinkage_gmv,-0.024093738897253573,0.028871198585928248,1.4435599292964124e-05,-0.024108174496546536
2026-08-31,2026-08-28,2026-09-16,2026-09-01,156,92,minvar_lw_weekly,-0.02454145700102607,0.030149819866062987,1.5074909933031494e-05,-0.024556531910959103
2026-08-31,2026-08-28,2026-09-16,2026-09-01,156,92,erc_weekly,-0.02344950027960949,0.024584573656427574,1.2292286828213787e-05,-0.023461792566437704
2026-08-31,2026-08-28,2026-09-16,2026-09-01,156,92,equal_weight,-0.02415303519216648,0.021276595744680844,1.0638297872340421e-05,-0.024163673490038822
2015-12-31,2015-12-25,2016-01-29,2016-01-01,156,1,buy_hold_usmv,-0.0138690353301403,0.5,0.00025,-0.0141190353301403
2016-01-29,2016-01-29,2016-02-29,2016-01-30,156,1,buy_hold_usmv,0.0104270000546686,0.0,0.0,0.0104270000546686
2016-02-29,2016-02-26,2016-03-31,2016-03-01,156,1,buy_hold_usmv,0.0593169394202155,0.0,0.0,0.0593169394202155
2016-03-31,2016-03-25,2016-04-29,2016-04-01,156,1,buy_hold_usmv,-0.0036420467994675,0.0,0.0,-0.0036420467994675
2016-04-29,2016-04-29,2016-05-31,2016-04-30,156,1,buy_hold_usmv,0.0157639298817637,0.0,0.0,0.0157639298817637
2016-05-31,2016-05-27,2016-06-30,2016-06-01,156,1,buy_hold_usmv,0.0448854297041529,0.0,0.0,0.0448854297041529
2016-06-30,2016-06-24,2016-07-29,2016-07-01,156,1,buy_hold_usmv,0.0147152616653136,0.0,0.0,0.0147152616653136
2016-07-29,2016-07-29,2016-08-31,2016-07-30,156,1,buy_hold_usmv,-0.0196204262449345,0.0,0.0,-0.0196204262449345
2016-08-31,2016-08-26,2016-09-30,2016-09-01,156,1,buy_hold_usmv,-0.006473340103126,0.0,0.0,-0.006473340103126
2016-09-30,2016-09-30,2016-10-31,2016-10-01,156,1,buy_hold_usmv,-0.0275149231364028,0.0,0.0,-0.0275149231364028
2016-10-31,2016-10-28,2016-11-30,2016-11-01,156,1,buy_hold_usmv,0.0061113180466978,0.0,0.0,0.0061113180466978
2016-11-30,2016-11-25,2016-12-30,2016-12-01,156,1,buy_hold_usmv,0.0243286812248157,0.0,0.0,0.0243286812248157
2016-12-30,2016-12-30,2017-01-31,2016-12-31,156,1,buy_hold_usmv,0.0126047416607646,0.0,0.0,0.0126047416607646
2017-01-31,2017-01-27,2017-02-28,2017-02-01,156,1,buy_hold_usmv,0.045424856763526,0.0,0.0,0.045424856763526
2017-02-28,2017-02-24,2017-03-31,2017-03-01,156,1,buy_hold_usmv,0.0012299648374758,0.0,0.0,0.0012299648374758
2017-03-31,2017-03-31,2017-04-28,2017-04-01,156,1,buy_hold_usmv,0.0140401746454297,0.0,0.0,0.0140401746454297
2017-04-28,2017-04-28,2017-05-31,2017-04-29,156,1,buy_hold_usmv,0.0200452459098245,0.0,0.0,0.0200452459098245
2017-05-31,2017-05-26,2017-06-30,2017-06-01,156,1,buy_hold_usmv,-0.0035447424189761,0.0,0.0,-0.0035447424189761
2017-06-30,2017-06-30,2017-07-31,2017-07-01,156,1,buy_hold_usmv,0.0202327162404827,0.0,0.0,0.0202327162404827
2017-07-31,2017-07-28,2017-08-31,2017-08-01,156,1,buy_hold_usmv,0.0076122043557211,0.0,0.0,0.0076122043557211
2017-08-31,2017-08-25,2017-09-29,2017-09-01,156,1,buy_hold_usmv,0.0051663564826089,0.0,0.0,0.0051663564826089
2017-09-29,2017-09-29,2017-10-31,2017-09-30,156,1,buy_hold_usmv,0.0194674085829404,0.0,0.0,0.0194674085829404
2017-10-31,2017-10-27,2017-11-30,2017-11-01,156,1,buy_hold_usmv,0.0307877520968613,0.0,0.0,0.0307877520968613
2017-11-30,2017-11-24,2017-12-29,2017-12-01,156,1,buy_hold_usmv,0.0023891976666077,0.0,0.0,0.0023891976666077
2017-12-29,2017-12-29,2018-01-31,2017-12-30,156,1,buy_hold_usmv,0.0348616363369529,0.0,0.0,0.0348616363369529
2018-01-31,2018-01-26,2018-02-28,2018-02-01,156,1,buy_hold_usmv,-0.0424753691334797,0.0,0.0,-0.0424753691334797
2018-02-28,2018-02-23,2018-03-29,2018-03-01,156,1,buy_hold_usmv,-0.0026234160745202,0.0,0.0,-0.0026234160745202
2018-03-29,2018-03-23,2018-04-30,2018-03-30,156,1,buy_hold_usmv,0.0021181229692126,0.0,0.0,0.0021181229692126
2018-04-30,2018-04-27,2018-05-31,2018-05-01,156,1,buy_hold_usmv,0.0099924226020187,0.0,0.0,0.0099924226020187
2018-05-31,2018-05-25,2018-06-29,2018-06-01,156,1,buy_hold_usmv,0.0169571933014314,0.0,0.0,0.0169571933014314
2018-06-29,2018-06-29,2018-07-31,2018-06-30,156,1,buy_hold_usmv,0.0329194699644186,0.0,0.0,0.0329194699644186
2018-07-31,2018-07-27,2018-08-31,2018-08-01,156,1,buy_hold_usmv,0.0305956476488631,0.0,0.0,0.0305956476488631
2018-08-31,2018-08-31,2018-09-28,2018-09-01,156,1,buy_hold_usmv,0.0124370807962002,0.0,0.0,0.0124370807962002
2018-09-28,2018-09-28,2018-10-31,2018-09-29,156,1,buy_hold_usmv,-0.0404981394801603,0.0,0.0,-0.0404981394801603
2018-10-31,2018-10-26,2018-11-30,2018-11-01,156,1,buy_hold_usmv,0.0323407793425229,0.0,0.0,0.0323407793425229
2018-11-30,2018-11-30,2018-12-31,2018-12-01,156,1,buy_hold_usmv,-0.0668808372267562,0.0,0.0,-0.0668808372267562
2018-12-31,2018-12-28,2019-01-31,2019-01-01,156,1,buy_hold_usmv,0.0564882869030127,0.0,0.0,0.0564882869030127
2019-01-31,2019-01-25,2019-02-28,2019-02-01,156,1,buy_hold_usmv,0.0382950095913889,0.0,0.0,0.0382950095913889
2019-02-28,2019-02-22,2019-03-29,2019-03-01,156,1,buy_hold_usmv,0.0271373811219444,0.0,0.0,0.0271373811219444
2019-03-29,2019-03-29,2019-04-30,2019-03-30,156,1,buy_hold_usmv,0.0217687871476619,0.0,0.0,0.0217687871476619
2019-04-30,2019-04-26,2019-05-31,2019-05-01,156,1,buy_hold_usmv,-0.0161450047999228,0.0,0.0,-0.0161450047999228
2019-05-31,2019-05-31,2019-06-28,2019-06-01,156,1,buy_hold_usmv,0.0498351090305086,0.0,0.0,0.0498351090305086
2019-06-28,2019-06-28,2019-07-31,2019-06-29,156,1,buy_hold_usmv,0.0166854004108985,0.0,0.0,0.0166854004108985
2019-07-31,2019-07-26,2019-08-30,2019-08-01,156,1,buy_hold_usmv,0.0159336928327833,0.0,0.0,0.0159336928327833
2019-08-30,2019-08-30,2019-09-30,2019-08-31,156,1,buy_hold_usmv,0.0098372358294818,0.0,0.0,0.0098372358294818
2019-09-30,2019-09-27,2019-10-31,2019-10-01,156,1,buy_hold_usmv,-0.0023401726148621,0.0,0.0,-0.0023401726148621
2019-10-31,2019-10-25,2019-11-29,2019-11-01,156,1,buy_hold_usmv,0.0139171774271744,0.0,0.0,0.0139171774271744
2019-11-29,2019-11-29,2019-12-31,2019-11-30,156,1,buy_hold_usmv,0.0177325248524298,0.0,0.0,0.0177325248524298
2019-12-31,2019-12-27,2020-01-31,2020-01-01,156,1,buy_hold_usmv,0.0234756799881306,0.0,0.0,0.0234756799881306
2020-01-31,2020-01-31,2020-02-28,2020-02-01,156,1,buy_hold_usmv,-0.0874293414869784,0.0,0.0,-0.0874293414869784
2020-02-28,2020-02-28,2020-03-31,2020-02-29,156,1,buy_hold_usmv,-0.1130105013275409,0.0,0.0,-0.1130105013275409
2020-03-31,2020-03-27,2020-04-30,2020-04-01,156,1,buy_hold_usmv,0.0936865148373291,0.0,0.0,0.0936865148373291
2020-04-30,2020-04-24,2020-05-29,2020-05-01,156,1,buy_hold_usmv,0.0431691346221247,0.0,0.0,0.0431691346221247
2020-05-29,2020-05-29,2020-06-30,2020-05-30,156,1,buy_hold_usmv,-0.0111103897297571,0.0,0.0,-0.0111103897297571
2020-06-30,2020-06-26,2020-07-31,2020-07-01,156,1,buy_hold_usmv,0.0456871501526572,0.0,0.0,0.0456871501526572
2020-07-31,2020-07-31,2020-08-31,2020-08-01,156,1,buy_hold_usmv,0.0272868955734979,0.0,0.0,0.0272868955734979
2020-08-31,2020-08-28,2020-09-30,2020-09-01,156,1,buy_hold_usmv,-0.0166514596470425,0.0,0.0,-0.0166514596470425
2020-09-30,2020-09-25,2020-10-30,2020-10-01,156,1,buy_hold_usmv,-0.0324809103502566,0.0,0.0,-0.0324809103502566
2020-10-30,2020-10-30,2020-11-30,2020-10-31,156,1,buy_hold_usmv,0.080927911530779,0.0,0.0,0.080927911530779
2020-11-30,2020-11-27,2020-12-31,2020-12-01,156,1,buy_hold_usmv,0.023078259623378,0.0,0.0,0.023078259623378
2020-12-31,2020-12-25,2021-01-29,2021-01-01,156,1,buy_hold_usmv,-0.0272540019463184,0.0,0.0,-0.0272540019463184
2021-01-29,2021-01-29,2021-02-26,2021-01-30,156,1,buy_hold_usmv,-0.0037859473436372,0.0,0.0,-0.0037859473436372
2021-02-26,2021-02-26,2021-03-31,2021-02-27,156,1,buy_hold_usmv,0.0560837559936246,0.0,0.0,0.0560837559936246
2021-03-31,2021-03-26,2021-04-30,2021-04-01,156,1,buy_hold_usmv,0.0398900575901137,0.0,0.0,0.0398900575901137
2021-04-30,2021-04-30,2021-05-28,2021-05-01,156,1,buy_hold_usmv,0.0087561645827394,0.0,0.0,0.0087561645827394
2021-05-28,2021-05-28,2021-06-30,2021-05-29,156,1,buy_hold_usmv,0.0171622448973736,0.0,0.0,0.0171622448973736
2021-06-30,2021-06-25,2021-07-30,2021-07-01,156,1,buy_hold_usmv,0.0354572065376386,0.0,0.0,0.0354572065376386
2021-07-30,2021-07-30,2021-08-31,2021-07-31,156,1,buy_hold_usmv,0.0187614175985795,0.0,0.0,0.0187614175985795
2021-08-31,2021-08-27,2021-09-30,2021-09-01,156,1,buy_hold_usmv,-0.0498704532292039,0.0,0.0,-0.0498704532292039
2021-09-30,2021-09-24,2021-10-29,2021-10-01,156,1,buy_hold_usmv,0.0551020805592674,0.0,0.0,0.0551020805592674
2021-10-29,2021-10-29,2021-11-30,2021-10-30,156,1,buy_hold_usmv,-0.0205030829092575,0.0,0.0,-0.0205030829092575
2021-11-30,2021-11-26,2021-12-31,2021-12-01,156,1,buy_hold_usmv,0.0684287648259456,0.0,0.0,0.0684287648259456
2021-12-31,2021-12-31,2022-01-31,2022-01-01,156,1,buy_hold_usmv,-0.0598267542987749,0.0,0.0,-0.0598267542987749
2022-01-31,2022-01-28,2022-02-28,2022-02-01,156,1,buy_hold_usmv,-0.0306337720434882,0.0,0.0,-0.0306337720434882
2022-02-28,2022-02-25,2022-03-31,2022-03-01,156,1,buy_hold_usmv,0.0558107246642354,0.0,0.0,0.0558107246642354
2022-03-31,2022-03-25,2022-04-29,2022-04-01,156,1,buy_hold_usmv,-0.0533709879930215,0.0,0.0,-0.0533709879930215
2022-04-29,2022-04-29,2022-05-31,2022-04-30,156,1,buy_hold_usmv,0.0004085056471707,0.0,0.0,0.0004085056471707
2022-05-31,2022-05-27,2022-06-30,2022-06-01,156,1,buy_hold_usmv,-0.0413182967683616,0.0,0.0,-0.0413182967683616
2022-06-30,2022-06-24,2022-07-29,2022-07-01,156,1,buy_hold_usmv,0.0512747503449804,0.0,0.0,0.0512747503449804
2022-07-29,2022-07-29,2022-08-31,2022-07-30,156,1,buy_hold_usmv,-0.0315674322031499,0.0,0.0,-0.0315674322031499
2022-08-31,2022-08-26,2022-09-30,2022-09-01,156,1,buy_hold_usmv,-0.0707463252491623,0.0,0.0,-0.0707463252491623
2022-09-30,2022-09-30,2022-10-31,2022-10-01,156,1,buy_hold_usmv,0.0770044868592954,0.0,0.0,0.0770044868592954
2022-10-31,2022-10-28,2022-11-30,2022-11-01,156,1,buy_hold_usmv,0.0571711098434009,0.0,0.0,0.0571711098434009
2022-11-30,2022-11-25,2022-12-30,2022-12-01,156,1,buy_hold_usmv,-0.037522099082106,0.0,0.0,-0.037522099082106
2022-12-30,2022-12-30,2023-01-31,2022-12-31,156,1,buy_hold_usmv,0.0152564609945076,0.0,0.0,0.0152564609945076
2023-01-31,2023-01-27,2023-02-28,2023-02-01,156,1,buy_hold_usmv,-0.0349727011019561,0.0,0.0,-0.0349727011019561
2023-02-28,2023-02-24,2023-03-31,2023-03-01,156,1,buy_hold_usmv,0.0344634143091049,0.0,0.0,0.0344634143091049
2023-03-31,2023-03-31,2023-04-28,2023-04-01,156,1,buy_hold_usmv,0.0148474403322051,0.0,0.0,0.0148474403322051
2023-04-28,2023-04-28,2023-05-31,2023-04-29,156,1,buy_hold_usmv,-0.0322408482202458,0.0,0.0,-0.0322408482202458
2023-05-31,2023-05-26,2023-06-30,2023-06-01,156,1,buy_hold_usmv,0.044511000140557,0.0,0.0,0.044511000140557
2023-06-30,2023-06-30,2023-07-31,2023-07-01,156,1,buy_hold_usmv,0.0138570739573335,0.0,0.0,0.0138570739573335
2023-07-31,2023-07-28,2023-08-31,2023-08-01,156,1,buy_hold_usmv,-0.0063692383555687,0.0,0.0,-0.0063692383555687
2023-08-31,2023-08-25,2023-09-29,2023-09-01,156,1,buy_hold_usmv,-0.0283175350993755,0.0,0.0,-0.0283175350993755
2023-09-29,2023-09-29,2023-10-31,2023-09-30,156,1,buy_hold_usmv,-0.0087040719497979,0.0,0.0,-0.0087040719497979
2023-10-31,2023-10-27,2023-11-30,2023-11-01,156,1,buy_hold_usmv,0.0641115481717997,0.0,0.0,0.0641115481717997
2023-11-30,2023-11-24,2023-12-29,2023-12-01,156,1,buy_hold_usmv,0.0276708436252759,0.0,0.0,0.0276708436252759
2023-12-29,2023-12-29,2024-01-31,2023-12-30,156,1,buy_hold_usmv,0.0216583415971891,0.0,0.0,0.0216583415971891
2024-01-31,2024-01-26,2024-02-29,2024-02-01,156,1,buy_hold_usmv,0.0209481537314375,0.0,0.0,0.0209481537314375
2024-02-29,2024-02-23,2024-03-28,2024-03-01,156,1,buy_hold_usmv,0.0313755650549738,0.0,0.0,0.0313755650549738
2024-03-28,2024-03-22,2024-04-30,2024-03-29,156,1,buy_hold_usmv,-0.0374489748790869,0.0,0.0,-0.0374489748790869
2024-04-30,2024-04-26,2024-05-31,2024-05-01,156,1,buy_hold_usmv,0.0292104833276485,0.0,0.0,0.0292104833276485
2024-05-31,2024-05-31,2024-06-28,2024-06-01,156,1,buy_hold_usmv,0.0176878478253481,0.0,0.0,0.0176878478253481
2024-06-28,2024-06-28,2024-07-31,2024-06-29,156,1,buy_hold_usmv,0.0366842019861866,0.0,0.0,0.0366842019861866
2024-07-31,2024-07-26,2024-08-30,2024-08-01,156,1,buy_hold_usmv,0.0491727000451505,0.0,0.0,0.0491727000451505
2024-08-30,2024-08-30,2024-09-30,2024-08-31,156,1,buy_hold_usmv,0.0043704660792678,0.0,0.0,0.0043704660792678
2024-09-30,2024-09-27,2024-10-31,2024-10-01,156,1,buy_hold_usmv,-0.0144561766067142,0.0,0.0,-0.0144561766067142
2024-10-31,2024-10-25,2024-11-29,2024-11-01,156,1,buy_hold_usmv,0.0506724482743858,0.0,0.0,0.0506724482743858
2024-11-29,2024-11-29,2024-12-31,2024-11-30,156,1,buy_hold_usmv,-0.0566005743979378,0.0,0.0,-0.0566005743979378
2024-12-31,2024-12-27,2025-01-31,2025-01-01,156,1,buy_hold_usmv,0.0355896567003792,0.0,0.0,0.0355896567003792
2025-01-31,2025-01-31,2025-02-28,2025-02-01,156,1,buy_hold_usmv,0.0284936780822109,0.0,0.0,0.0284936780822109
2025-02-28,2025-02-28,2025-03-31,2025-03-01,156,1,buy_hold_usmv,-0.0061587322237551,0.0,0.0,-0.0061587322237551
2025-03-31,2025-03-28,2025-04-30,2025-04-01,156,1,buy_hold_usmv,-0.0119580348362919,0.0,0.0,-0.0119580348362919
2025-04-30,2025-04-25,2025-05-30,2025-05-01,156,1,buy_hold_usmv,0.0104819005993099,0.0,0.0,0.0104819005993099
2025-05-30,2025-05-30,2025-06-30,2025-05-31,156,1,buy_hold_usmv,0.0073698374460504,0.0,0.0,0.0073698374460504
2025-06-30,2025-06-27,2025-07-31,2025-07-01,156,1,buy_hold_usmv,-0.0134228699136109,0.0,0.0,-0.0134228699136109
2025-07-31,2025-07-25,2025-08-29,2025-08-01,156,1,buy_hold_usmv,0.0178166672974753,0.0,0.0,0.0178166672974753
2025-08-29,2025-08-29,2025-09-30,2025-08-30,156,1,buy_hold_usmv,0.0132441496169719,0.0,0.0,0.0132441496169719
2025-09-30,2025-09-26,2025-10-31,2025-10-01,156,1,buy_hold_usmv,-0.0206011937161578,0.0,0.0,-0.0206011937161578
2025-10-31,2025-10-31,2025-11-28,2025-11-01,156,1,buy_hold_usmv,0.0230736328614753,0.0,0.0,0.0230736328614753
2025-11-28,2025-11-28,2025-12-31,2025-11-29,156,1,buy_hold_usmv,-0.0081810919216174,0.0,0.0,-0.0081810919216174
2025-12-31,2025-12-26,2026-01-30,2026-01-01,156,1,buy_hold_usmv,0.0088147082829483,0.0,0.0,0.0088147082829483
2026-01-30,2026-01-30,2026-02-27,2026-01-31,156,1,buy_hold_usmv,0.0296874095751022,0.0,0.0,0.0296874095751022
2026-02-27,2026-02-27,2026-03-31,2026-02-28,156,1,buy_hold_usmv,-0.0479329878886793,0.0,0.0,-0.0479329878886793
2026-03-31,2026-03-27,2026-04-30,2026-04-01,156,1,buy_hold_usmv,0.0204873594798602,0.0,0.0,0.0204873594798602
2026-04-30,2026-04-24,2026-05-29,2026-05-01,156,1,buy_hold_usmv,0.0207101090996419,0.0,0.0,0.0207101090996419
2026-05-29,2026-05-29,2026-06-30,2026-05-30,156,1,buy_hold_usmv,0.0016793195222741,0.0,0.0,0.0016793195222741
2026-06-30,2026-06-26,2026-07-31,2026-07-01,156,1,buy_hold_usmv,0.0152395471827952,0.0,0.0,0.0152395471827952
2026-07-31,2026-07-31,2026-08-31,2026-08-01,156,1,buy_hold_usmv,0.0366587451609614,0.0,0.0,0.0366587451609614
2026-08-31,2026-08-28,2026-09-16,2026-09-01,156,1,buy_hold_usmv,-0.0266601401762861,0.0,0.0,-0.0266601401762861
2015-12-31,2015-12-25,2016-01-29,2016-01-01,156,1,buy_hold_acwi,-0.0530274193005396,0.5,0.00025,-0.0532774193005396
2016-01-29,2016-01-29,2016-02-29,2016-01-30,156,1,buy_hold_acwi,-0.0124858996740524,0.0,0.0,-0.0124858996740524
2016-02-29,2016-02-26,2016-03-31,2016-03-01,156,1,buy_hold_acwi,0.0739463214369222,0.0,0.0,0.0739463214369222
2016-03-31,2016-03-25,2016-04-29,2016-04-01,156,1,buy_hold_acwi,0.0133785549660476,0.0,0.0,0.0133785549660476
2016-04-29,2016-04-29,2016-05-31,2016-04-30,156,1,buy_hold_acwi,0.0033444720209661,0.0,0.0,0.0033444720209661
2016-05-31,2016-05-27,2016-06-30,2016-06-01,156,1,buy_hold_acwi,-0.0004969751026898,0.0,0.0,-0.0004969751026898
2016-06-30,2016-06-24,2016-07-29,2016-07-01,156,1,buy_hold_acwi,0.0377023435168633,0.0,0.0,0.0377023435168633
2016-07-29,2016-07-29,2016-08-31,2016-07-30,156,1,buy_hold_acwi,0.0034275058861943,0.0,0.0,0.0034275058861943
2016-08-31,2016-08-26,2016-09-30,2016-09-01,156,1,buy_hold_acwi,0.0093938959592541,0.0,0.0,0.0093938959592541
2016-09-30,2016-09-30,2016-10-31,2016-10-01,156,1,buy_hold_acwi,-0.0191201995588973,0.0,0.0,-0.0191201995588973
2016-10-31,2016-10-28,2016-11-30,2016-11-01,156,1,buy_hold_acwi,0.0103499992951641,0.0,0.0,0.0103499992951641
2016-11-30,2016-11-25,2016-12-30,2016-12-01,156,1,buy_hold_acwi,0.0196230618830413,0.0,0.0,0.0196230618830413
2016-12-30,2016-12-30,2017-01-31,2016-12-31,156,1,buy_hold_acwi,0.0290687564431058,0.0,0.0,0.0290687564431058
2017-01-31,2017-01-27,2017-02-28,2017-02-01,156,1,buy_hold_acwi,0.0251271849056107,0.0,0.0,0.0251271849056107
2017-02-28,2017-02-24,2017-03-31,2017-03-01,156,1,buy_hold_acwi,0.0134572391176963,0.0,0.0,0.0134572391176963
2017-03-31,2017-03-31,2017-04-28,2017-04-01,156,1,buy_hold_acwi,0.0161239699163997,0.0,0.0,0.0161239699163997
2017-04-28,2017-04-28,2017-05-31,2017-04-29,156,1,buy_hold_acwi,0.0220908842913536,0.0,0.0,0.0220908842913536
2017-05-31,2017-05-26,2017-06-30,2017-06-01,156,1,buy_hold_acwi,0.0078711340655852,0.0,0.0,0.0078711340655852
2017-06-30,2017-06-30,2017-07-31,2017-07-01,156,1,buy_hold_acwi,0.0273323784892167,0.0,0.0,0.0273323784892167
2017-07-31,2017-07-28,2017-08-31,2017-08-01,156,1,buy_hold_acwi,0.0040133098525954,0.0,0.0,0.0040133098525954
2017-08-31,2017-08-25,2017-09-29,2017-09-01,156,1,buy_hold_acwi,0.0188007438034527,0.0,0.0,0.0188007438034527
2017-09-29,2017-09-29,2017-10-31,2017-09-30,156,1,buy_hold_acwi,0.0215057242807756,0.0,0.0,0.0215057242807756
2017-10-31,2017-10-27,2017-11-30,2017-11-01,156,1,buy_hold_acwi,0.0201989051959039,0.0,0.0,0.0201989051959039
2017-11-30,2017-11-24,2017-12-29,2017-12-01,156,1,buy_hold_acwi,0.0145034126137963,0.0,0.0,0.0145034126137963
2017-12-29,2017-12-29,2018-01-31,2017-12-30,156,1,buy_hold_acwi,0.0570122104851826,0.0,0.0,0.0570122104851826
2018-01-31,2018-01-26,2018-02-28,2018-02-01,156,1,buy_hold_acwi,-0.0447506697093429,0.0,0.0,-0.0447506697093429
2018-02-28,2018-02-23,2018-03-29,2018-03-01,156,1,buy_hold_acwi,-0.0149745487599172,0.0,0.0,-0.0149745487599172
2018-03-29,2018-03-23,2018-04-30,2018-03-30,156,1,buy_hold_acwi,0.0040444113139823,0.0,0.0,0.0040444113139823
2018-04-30,2018-04-27,2018-05-31,2018-05-01,156,1,buy_hold_acwi,0.0047231870256125,0.0,0.0,0.0047231870256125
2018-05-31,2018-05-25,2018-06-29,2018-06-01,156,1,buy_hold_acwi,-0.0058529967166942,0.0,0.0,-0.0058529967166942
2018-06-29,2018-06-29,2018-07-31,2018-06-30,156,1,buy_hold_acwi,0.0306521743846881,0.0,0.0,0.0306521743846881
2018-07-31,2018-07-27,2018-08-31,2018-08-01,156,1,buy_hold_acwi,0.006957702026505,0.0,0.0,0.006957702026505
2018-08-31,2018-08-31,2018-09-28,2018-09-01,156,1,buy_hold_acwi,0.0060964836781836,0.0,0.0,0.0060964836781836
2018-09-28,2018-09-28,2018-10-31,2018-09-29,156,1,buy_hold_acwi,-0.0743333079244582,0.0,0.0,-0.0743333079244582
2018-10-31,2018-10-26,2018-11-30,2018-11-01,156,1,buy_hold_acwi,0.0158569559529,0.0,0.0,0.0158569559529
2018-11-30,2018-11-30,2018-12-31,2018-12-01,156,1,buy_hold_acwi,-0.0721014128596797,0.0,0.0,-0.0721014128596797
2018-12-31,2018-12-28,2019-01-31,2019-01-01,156,1,buy_hold_acwi,0.0804238818249554,0.0,0.0,0.0804238818249554
2019-01-31,2019-01-25,2019-02-28,2019-02-01,156,1,buy_hold_acwi,0.0246683422730915,0.0,0.0,0.0246683422730915
2019-02-28,2019-02-22,2019-03-29,2019-03-01,156,1,buy_hold_acwi,0.0157679007295523,0.0,0.0,0.0157679007295523
2019-03-29,2019-03-29,2019-04-30,2019-03-30,156,1,buy_hold_acwi,0.0342343888184792,0.0,0.0,0.0342343888184792
2019-04-30,2019-04-26,2019-05-31,2019-05-01,156,1,buy_hold_acwi,-0.0607077352779988,0.0,0.0,-0.0607077352779988
2019-05-31,2019-05-31,2019-06-28,2019-06-01,156,1,buy_hold_acwi,0.0649041536710168,0.0,0.0,0.0649041536710168
2019-06-28,2019-06-28,2019-07-31,2019-06-29,156,1,buy_hold_acwi,0.0006784373202286,0.0,0.0,0.0006784373202286
2019-07-31,2019-07-26,2019-08-30,2019-08-01,156,1,buy_hold_acwi,-0.0220988472280896,0.0,0.0,-0.0220988472280896
2019-08-30,2019-08-30,2019-09-30,2019-08-31,156,1,buy_hold_acwi,0.022459941245347,0.0,0.0,0.022459941245347
2019-09-30,2019-09-27,2019-10-31,2019-10-01,156,1,buy_hold_acwi,0.0273895475186705,0.0,0.0,0.0273895475186705
2019-10-31,2019-10-25,2019-11-29,2019-11-01,156,1,buy_hold_acwi,0.0233603091858507,0.0,0.0,0.0233603091858507
2019-11-29,2019-11-29,2019-12-31,2019-11-30,156,1,buy_hold_acwi,0.0344192820567106,0.0,0.0,0.0344192820567106
2019-12-31,2019-12-27,2020-01-31,2020-01-01,156,1,buy_hold_acwi,-0.0143846781861188,0.0,0.0,-0.0143846781861188
2020-01-31,2020-01-31,2020-02-28,2020-02-01,156,1,buy_hold_acwi,-0.0748945604410166,0.0,0.0,-0.0748945604410166
2020-02-28,2020-02-28,2020-03-31,2020-02-29,156,1,buy_hold_acwi,-0.1340990032289633,0.0,0.0,-0.1340990032289633
2020-03-31,2020-03-27,2020-04-30,2020-04-01,156,1,buy_hold_acwi,0.0982900539802016,0.0,0.0,0.0982900539802016
2020-04-30,2020-04-24,2020-05-29,2020-05-01,156,1,buy_hold_acwi,0.0509312584610484,0.0,0.0,0.0509312584610484
2020-05-29,2020-05-29,2020-06-30,2020-05-30,156,1,buy_hold_acwi,0.0294057453794382,0.0,0.0,0.0294057453794382
2020-06-30,2020-06-26,2020-07-31,2020-07-01,156,1,buy_hold_acwi,0.0535809741964057,0.0,0.0,0.0535809741964057
2020-07-31,2020-07-31,2020-08-31,2020-08-01,156,1,buy_hold_acwi,0.0602549573222195,0.0,0.0,0.0602549573222195
2020-08-31,2020-08-28,2020-09-30,2020-09-01,156,1,buy_hold_acwi,-0.0295081506444124,0.0,0.0,-0.0295081506444124
2020-09-30,2020-09-25,2020-10-30,2020-10-01,156,1,buy_hold_acwi,-0.0222722460062448,0.0,0.0,-0.0222722460062448
2020-10-30,2020-10-30,2020-11-30,2020-10-31,156,1,buy_hold_acwi,0.1176094058898054,0.0,0.0,0.1176094058898054
2020-11-30,2020-11-27,2020-12-31,2020-12-01,156,1,buy_hold_acwi,0.0468728054308271,0.0,0.0,0.0468728054308271
2020-12-31,2020-12-25,2021-01-29,2021-01-01,156,1,buy_hold_acwi,-0.0030862292508115,0.0,0.0,-0.0030862292508115
2021-01-29,2021-01-29,2021-02-26,2021-01-30,156,1,buy_hold_acwi,0.0228879069802361,0.0,0.0,0.0228879069802361
2021-02-26,2021-02-26,2021-03-31,2021-02-27,156,1,buy_hold_acwi,0.0285375321228913,0.0,0.0,0.0285375321228913
2021-03-31,2021-03-26,2021-04-30,2021-04-01,156,1,buy_hold_acwi,0.0424592309610796,0.0,0.0,0.0424592309610796
2021-04-30,2021-04-30,2021-05-28,2021-05-01,156,1,buy_hold_acwi,0.0147193006696928,0.0,0.0,0.0147193006696928
2021-05-28,2021-05-28,2021-06-30,2021-05-29,156,1,buy_hold_acwi,0.0126088419048921,0.0,0.0,0.0126088419048921
2021-06-30,2021-06-25,2021-07-30,2021-07-01,156,1,buy_hold_acwi,0.009091667251986,0.0,0.0,0.009091667251986
2021-07-30,2021-07-30,2021-08-31,2021-07-31,156,1,buy_hold_acwi,0.0217412814646951,0.0,0.0,0.0217412814646951
2021-08-31,2021-08-27,2021-09-30,2021-09-01,156,1,buy_hold_acwi,-0.0422696584487983,0.0,0.0,-0.0422696584487983
2021-09-30,2021-09-24,2021-10-29,2021-10-01,156,1,buy_hold_acwi,0.0539430803263731,0.0,0.0,0.0539430803263731
2021-10-29,2021-10-29,2021-11-30,2021-10-30,156,1,buy_hold_acwi,-0.0230746896072974,0.0,0.0,-0.0230746896072974
2021-11-30,2021-11-26,2021-12-31,2021-12-01,156,1,buy_hold_acwi,0.0388786498004436,0.0,0.0,0.0388786498004436
2021-12-31,2021-12-31,2022-01-31,2022-01-01,156,1,buy_hold_acwi,-0.0454718533493366,0.0,0.0,-0.0454718533493366
2022-01-31,2022-01-28,2022-02-28,2022-02-01,156,1,buy_hold_acwi,-0.0306030716137751,0.0,0.0,-0.0306030716137751
2022-02-28,2022-02-25,2022-03-31,2022-03-01,156,1,buy_hold_acwi,0.0194114870022057,0.0,0.0,0.0194114870022057
2022-03-31,2022-03-25,2022-04-29,2022-04-01,156,1,buy_hold_acwi,-0.0806773904888953,0.0,0.0,-0.0806773904888953
2022-04-29,2022-04-29,2022-05-31,2022-04-30,156,1,buy_hold_acwi,0.0044695262715206,0.0,0.0,0.0044695262715206
2022-05-31,2022-05-27,2022-06-30,2022-06-01,156,1,buy_hold_acwi,-0.0810692398613948,0.0,0.0,-0.0810692398613948
2022-06-30,2022-06-24,2022-07-29,2022-07-01,156,1,buy_hold_acwi,0.0706878207434902,0.0,0.0,0.0706878207434902
2022-07-29,2022-07-29,2022-08-31,2022-07-30,156,1,buy_hold_acwi,-0.0436430158345377,0.0,0.0,-0.0436430158345377
2022-08-31,2022-08-26,2022-09-30,2022-09-01,156,1,buy_hold_acwi,-0.0939464531201161,0.0,0.0,-0.0939464531201161
2022-09-30,2022-09-30,2022-10-31,2022-10-01,156,1,buy_hold_acwi,0.0634719444262401,0.0,0.0,0.0634719444262401
2022-10-31,2022-10-28,2022-11-30,2022-11-01,156,1,buy_hold_acwi,0.0833634796556446,0.0,0.0,0.0833634796556446
2022-11-30,2022-11-25,2022-12-30,2022-12-01,156,1,buy_hold_acwi,-0.0461004171214181,0.0,0.0,-0.0461004171214181
2022-12-30,2022-12-30,2023-01-31,2022-12-31,156,1,buy_hold_acwi,0.0750471012200855,0.0,0.0,0.0750471012200855
2023-01-31,2023-01-27,2023-02-28,2023-02-01,156,1,buy_hold_acwi,-0.0332052655499142,0.0,0.0,-0.0332052655499142
2023-02-28,2023-02-24,2023-03-31,2023-03-01,156,1,buy_hold_acwi,0.0333255825929816,0.0,0.0,0.0333255825929816
2023-03-31,2023-03-31,2023-04-28,2023-04-01,156,1,buy_hold_acwi,0.0156865943216693,0.0,0.0,0.0156865943216693
2023-04-28,2023-04-28,2023-05-31,2023-04-29,156,1,buy_hold_acwi,-0.0104761608215235,0.0,0.0,-0.0104761608215235
2023-05-31,2023-05-26,2023-06-30,2023-06-01,156,1,buy_hold_acwi,0.0578428980803329,0.0,0.0,0.0578428980803329
2023-06-30,2023-06-30,2023-07-31,2023-07-01,156,1,buy_hold_acwi,0.0359600966625419,0.0,0.0,0.0359600966625419
2023-07-31,2023-07-28,2023-08-31,2023-08-01,156,1,buy_hold_acwi,-0.0290773205916833,0.0,0.0,-0.0290773205916833
2023-08-31,2023-08-25,2023-09-29,2023-09-01,156,1,buy_hold_acwi,-0.0427978682601521,0.0,0.0,-0.0427978682601521
2023-09-29,2023-09-29,2023-10-31,2023-09-30,156,1,buy_hold_acwi,-0.0254412847498614,0.0,0.0,-0.0254412847498614
2023-10-31,2023-10-27,2023-11-30,2023-11-01,156,1,buy_hold_acwi,0.0888692083109032,0.0,0.0,0.0888692083109032
2023-11-30,2023-11-24,2023-12-29,2023-12-01,156,1,buy_hold_acwi,0.0481281703677871,0.0,0.0,0.0481281703677871
2023-12-29,2023-12-29,2024-01-31,2023-12-30,156,1,buy_hold_acwi,0.0027513769174138,0.0,0.0,0.0027513769174138
2024-01-31,2024-01-26,2024-02-29,2024-02-01,156,1,buy_hold_acwi,0.0450759340149182,0.0,0.0,0.0450759340149182
2024-02-29,2024-02-23,2024-03-28,2024-03-01,156,1,buy_hold_acwi,0.0326300280157596,0.0,0.0,0.0326300280157596
2024-03-28,2024-03-22,2024-04-30,2024-03-29,156,1,buy_hold_acwi,-0.0355034048672356,0.0,0.0,-0.0355034048672356
2024-04-30,2024-04-26,2024-05-31,2024-05-01,156,1,buy_hold_acwi,0.0457540507361273,0.0,0.0,0.0457540507361273
2024-05-31,2024-05-31,2024-06-28,2024-06-01,156,1,buy_hold_acwi,0.0203781597610894,0.0,0.0,0.0203781597610894
2024-06-28,2024-06-28,2024-07-31,2024-06-29,156,1,buy_hold_acwi,0.0153914167200592,0.0,0.0,0.0153914167200592
2024-07-31,2024-07-26,2024-08-30,2024-08-01,156,1,buy_hold_acwi,0.0249715377874684,0.0,0.0,0.0249715377874684
2024-08-30,2024-08-30,2024-09-30,2024-08-31,156,1,buy_hold_acwi,0.0219695842626057,0.0,0.0,0.0219695842626057
2024-09-30,2024-09-27,2024-10-31,2024-10-01,156,1,buy_hold_acwi,-0.0209117034767557,0.0,0.0,-0.0209117034767557
2024-10-31,2024-10-25,2024-11-29,2024-11-01,156,1,buy_hold_acwi,0.0403245490692087,0.0,0.0,0.0403245490692087
2024-11-29,2024-11-29,2024-12-31,2024-11-30,156,1,buy_hold_acwi,-0.0265821694421393,0.0,0.0,-0.0265821694421393
2024-12-31,2024-12-27,2025-01-31,2025-01-01,156,1,buy_hold_acwi,0.0314042026225034,0.0,0.0,0.0314042026225034
2025-01-31,2025-01-31,2025-02-28,2025-02-01,156,1,buy_hold_acwi,-0.0029704226038885,0.0,0.0,-0.0029704226038885
2025-02-28,2025-02-28,2025-03-31,2025-03-01,156,1,buy_hold_acwi,-0.0367459304490609,0.0,0.0,-0.0367459304490609
2025-03-31,2025-03-28,2025-04-30,2025-04-01,156,1,buy_hold_acwi,0.0051551204184943,0.0,0.0,0.0051551204184943
2025-04-30,2025-04-25,2025-05-30,2025-05-01,156,1,buy_hold_acwi,0.0569279503730575,0.0,0.0,0.0569279503730575
2025-05-30,2025-05-30,2025-06-30,2025-05-31,156,1,buy_hold_acwi,0.0480648187547112,0.0,0.0,0.0480648187547112
2025-06-30,2025-06-27,2025-07-31,2025-07-01,156,1,buy_hold_acwi,0.0105753800930052,0.0,0.0,0.0105753800930052
2025-07-31,2025-07-25,2025-08-29,2025-08-01,156,1,buy_hold_acwi,0.0267775120398665,0.0,0.0,0.0267775120398665
2025-08-29,2025-08-29,2025-09-30,2025-08-30,156,1,buy_hold_acwi,0.0359713140668027,0.0,0.0,0.0359713140668027
2025-09-30,2025-09-26,2025-10-31,2025-10-01,156,1,buy_hold_acwi,0.022931083581956,0.0,0.0,0.022931083581956
2025-10-31,2025-10-31,2025-11-28,2025-11-01,156,1,buy_hold_acwi,0.0004242156584441,0.0,0.0,0.0004242156584441
2025-11-28,2025-11-28,2025-12-31,2025-11-29,156,1,buy_hold_acwi,0.0089286252074594,0.0,0.0,0.0089286252074594
2025-12-31,2025-12-26,2026-01-30,2026-01-01,156,1,buy_hold_acwi,0.0283412217846081,0.0,0.0,0.0283412217846081
2026-01-30,2026-01-30,2026-02-27,2026-01-31,156,1,buy_hold_acwi,0.0129209205295621,0.0,0.0,0.0129209205295621
2026-02-27,2026-02-27,2026-03-31,2026-02-28,156,1,buy_hold_acwi,-0.0611344938440135,0.0,0.0,-0.0611344938440135
2026-03-31,2026-03-27,2026-04-30,2026-04-01,156,1,buy_hold_acwi,0.0951794969012225,0.0,0.0,0.0951794969012225
2026-04-30,2026-04-24,2026-05-29,2026-05-01,156,1,buy_hold_acwi,0.0461924479430324,0.0,0.0,0.0461924479430324
2026-05-29,2026-05-29,2026-06-30,2026-05-30,156,1,buy_hold_acwi,-0.003470305656974,0.0,0.0,-0.003470305656974
2026-06-30,2026-06-26,2026-07-31,2026-07-01,156,1,buy_hold_acwi,-0.0034402022088451,0.0,0.0,-0.0034402022088451
2026-07-31,2026-07-31,2026-08-31,2026-08-01,156,1,buy_hold_acwi,0.02716870292776,0.0,0.0,0.02716870292776
2026-08-31,2026-08-28,2026-09-16,2026-09-01,156,1,buy_hold_acwi,-0.0191062497222307,0.0,0.0,-0.0191062497222307
2016-01-29,2016-01-29,2016-02-29,2016-01-30,260,65,nonlinear_shrinkage_gmv,0.019717411683300302,0.5000000000000001,0.00025000000000000006,0.019467411683300302
2016-01-29,2016-01-29,2016-02-29,2016-01-30,260,65,minvar_lw_weekly,0.018010577121913365,0.5,0.00025,0.017760577121913364
2016-01-29,2016-01-29,2016-02-29,2016-01-30,260,65,erc_weekly,-0.005603822480289691,0.5,0.00025,-0.0058538224802896915
2016-01-29,2016-01-29,2016-02-29,2016-01-30,260,65,equal_weight,-0.006197630926477006,0.5,0.00025,-0.006447630926477006
2016-02-29,2016-02-26,2016-03-31,2016-03-01,260,65,nonlinear_shrinkage_gmv,0.0711718824499883,0.01901280354480813,9.506401772404066e-06,0.0711623760482159
2016-02-29,2016-02-26,2016-03-31,2016-03-01,260,65,minvar_lw_weekly,0.07079831245934202,0.025747699869253356,1.2873849934626677e-05,0.07078543860940739
2016-02-29,2016-02-26,2016-03-31,2016-03-01,260,65,erc_weekly,0.07479678267885184,0.0021524131963451794,1.0762065981725897e-06,0.07479570647225367
2016-02-29,2016-02-26,2016-03-31,2016-03-01,260,65,equal_weight,0.07535480452205981,0.0,0.0,0.07535480452205981
2016-03-31,2016-03-25,2016-04-29,2016-04-01,260,65,nonlinear_shrinkage_gmv,0.0037050960335811792,0.0020239394257793885,1.0119697128896942e-06,0.0037040840638682894
2016-03-31,2016-03-25,2016-04-29,2016-04-01,260,65,minvar_lw_weekly,0.003872156676069974,0.04187187705560772,2.093593852780386e-05,0.0038512207375421704
2016-03-31,2016-03-25,2016-04-29,2016-04-01,260,65,erc_weekly,0.012805543173488532,0.0018696177381212417,9.348088690606209e-07,0.01280460836461947
2016-03-31,2016-03-25,2016-04-29,2016-04-01,260,65,equal_weight,0.013494893612026118,0.0,0.0,0.013494893612026118
2016-04-29,2016-04-29,2016-05-31,2016-04-30,260,65,nonlinear_shrinkage_gmv,0.012975480905895438,0.0087375235580972,4.368761779048599e-06,0.012971112144116389
2016-04-29,2016-04-29,2016-05-31,2016-04-30,260,65,minvar_lw_weekly,0.01354407565225751,0.02520873620899567,1.2604368104497835e-05,0.013531471284153012
2016-04-29,2016-04-29,2016-05-31,2016-04-30,260,65,erc_weekly,0.013809710854388974,0.001566032876748078,7.83016438374039e-07,0.0138089278379506
2016-04-29,2016-04-29,2016-05-31,2016-04-30,260,65,equal_weight,0.013712882442800885,0.0,0.0,0.013712882442800885
2016-05-31,2016-05-27,2016-06-30,2016-06-01,260,65,nonlinear_shrinkage_gmv,0.031179730555344704,0.0019084972810246808,9.542486405123405e-07,0.03117877630670419
2016-05-31,2016-05-27,2016-06-30,2016-06-01,260,65,minvar_lw_weekly,0.029284909832138856,0.013687728085202732,6.843864042601367e-06,0.029278065968096255
2016-05-31,2016-05-27,2016-06-30,2016-06-01,260,65,erc_weekly,-0.005633534266562335,0.0013164504389675978,6.582252194837989e-07,-0.005634192491781818
2016-05-31,2016-05-27,2016-06-30,2016-06-01,260,65,equal_weight,-0.007024410735109556,0.0,0.0,-0.007024410735109556
2016-06-30,2016-06-24,2016-07-29,2016-07-01,260,66,nonlinear_shrinkage_gmv,0.022935759815262358,0.004411227165754584,2.205613582877292e-06,0.02293355420167948
2016-06-30,2016-06-24,2016-07-29,2016-07-01,260,66,minvar_lw_weekly,0.023565361405070474,0.020055991499432352,1.0027995749716176e-05,0.02355533340932076
2016-06-30,2016-06-24,2016-07-29,2016-07-01,260,66,erc_weekly,0.04385556816336328,0.016378331839223853,8.189165919611926e-06,0.04384737899744367
2016-06-30,2016-06-24,2016-07-29,2016-07-01,260,66,equal_weight,0.045127323959986705,0.015151515151515166,7.575757575757583e-06,0.04511974820241095
2016-07-29,2016-07-29,2016-08-31,2016-07-30,260,66,nonlinear_shrinkage_gmv,-0.007435033594733564,0.027846244736545626,1.3923122368272814e-05,-0.007448956717101837
2016-07-29,2016-07-29,2016-08-31,2016-07-30,260,66,minvar_lw_weekly,-0.006742252862800052,0.07600647886129426,3.800323943064713e-05,-0.006780256102230699
2016-07-29,2016-07-29,2016-08-31,2016-07-30,260,66,erc_weekly,0.008010625515550835,0.004482795425701286,2.241397712850643e-06,0.008008384117837984
2016-07-29,2016-07-29,2016-08-31,2016-07-30,260,66,equal_weight,0.008804509987015988,0.0,0.0,0.008804509987015988
2016-08-31,2016-08-26,2016-09-30,2016-09-01,260,66,nonlinear_shrinkage_gmv,0.005527583398819231,0.04945935493162068,2.472967746581034e-05,0.005502853721353421
2016-08-31,2016-08-26,2016-09-30,2016-09-01,260,66,minvar_lw_weekly,0.005231474246330538,0.07295753083244738,3.647876541622369e-05,0.0051949954809143144
2016-08-31,2016-08-26,2016-09-30,2016-09-01,260,66,erc_weekly,0.0063892159896052625,0.004218001580957704,2.109000790478852e-06,0.0063871069888147836
2016-08-31,2016-08-26,2016-09-30,2016-09-01,260,66,equal_weight,0.00693549409030151,0.0,0.0,0.00693549409030151
2016-09-30,2016-09-30,2016-10-31,2016-10-01,260,66,nonlinear_shrinkage_gmv,-0.01544196614961195,0.08663267805527913,4.331633902763956e-05,-0.015485282488639588
2016-09-30,2016-09-30,2016-10-31,2016-10-01,260,66,minvar_lw_weekly,-0.015986819078301462,0.1433279548672115,7.166397743360575e-05,-0.016058483055735068
2016-09-30,2016-09-30,2016-10-31,2016-10-01,260,66,erc_weekly,-0.023654041312396165,0.003471105576121853,1.7355527880609264e-06,-0.023655776865184226
2016-09-30,2016-09-30,2016-10-31,2016-10-01,260,66,equal_weight,-0.02424166741830252,0.0,0.0,-0.02424166741830252
2016-10-31,2016-10-28,2016-11-30,2016-11-01,260,68,nonlinear_shrinkage_gmv,-0.008707437871179665,0.9999999999999986,0.0004999999999999993,-0.009207437871179664
2016-10-31,2016-10-28,2016-11-30,2016-11-01,260,68,minvar_lw_weekly,-0.009435101829180071,0.9999999999999997,0.0004999999999999998,-0.009935101829180072
2016-10-31,2016-10-28,2016-11-30,2016-11-01,260,68,erc_weekly,0.04606068914929336,0.04462374695695229,2.2311873478476144e-05,0.04603837727581488
2016-10-31,2016-10-28,2016-11-30,2016-11-01,260,68,equal_weight,0.04796988654606506,0.029411764705882366,1.4705882352941182e-05,0.04795518066371211
2016-11-30,2016-11-25,2016-12-30,2016-12-01,260,68,nonlinear_shrinkage_gmv,0.019343546446238605,0.009264662808061146,4.6323314040305725e-06,0.019338914114834575
2016-11-30,2016-11-25,2016-12-30,2016-12-01,260,68,minvar_lw_weekly,0.019135743041584566,0.012305362658991003,6.1526813294955015e-06,0.01912959036025507
2016-11-30,2016-11-25,2016-12-30,2016-12-01,260,68,erc_weekly,0.022042117406028894,0.008006977332709914,4.003488666354957e-06,0.022038113917362538
2016-11-30,2016-11-25,2016-12-30,2016-12-01,260,68,equal_weight,0.022562540795717966,0.0,0.0,0.022562540795717966
2016-12-30,2016-12-30,2017-01-31,2016-12-31,260,68,nonlinear_shrinkage_gmv,0.01941835439049002,0.005496156885901842,2.7480784429509206e-06,0.01941560631204707
2016-12-30,2016-12-30,2017-01-31,2016-12-31,260,68,minvar_lw_weekly,0.01966249088063447,0.0036529831095251653,1.8264915547625826e-06,0.019660664389079707
2016-12-30,2016-12-30,2017-01-31,2016-12-31,260,68,erc_weekly,0.018801448253714957,0.003269192278858522,1.6345961394292611e-06,0.018799813657575527
2016-12-30,2016-12-30,2017-01-31,2016-12-31,260,68,equal_weight,0.018890573721646587,0.0,0.0,0.018890573721646587
2017-01-31,2017-01-27,2017-02-28,2017-02-01,260,69,nonlinear_shrinkage_gmv,0.03543701724415991,0.0066405849094289,3.32029245471445e-06,0.035433696951705194
2017-01-31,2017-01-27,2017-02-28,2017-02-01,260,69,minvar_lw_weekly,0.03512137173073206,0.005353841200438945,2.6769206002194725e-06,0.035118694810131836
2017-01-31,2017-01-27,2017-02-28,2017-02-01,260,69,erc_weekly,0.02569059818641695,0.014969576015485368,7.4847880077426845e-06,0.02568311339840921
2017-01-31,2017-01-27,2017-02-28,2017-02-01,260,69,equal_weight,0.025163241081478542,0.014492753623188397,7.246376811594199e-06,0.025155994704666947
2017-02-28,2017-02-24,2017-03-31,2017-03-01,260,69,nonlinear_shrinkage_gmv,0.010627886759402926,0.00982138297519915,4.910691487599575e-06,0.010622976067915325
2017-02-28,2017-02-24,2017-03-31,2017-03-01,260,69,minvar_lw_weekly,0.010903129052016488,0.010310404608442883,5.155202304221442e-06,0.010897973849712266
2017-02-28,2017-02-24,2017-03-31,2017-03-01,260,69,erc_weekly,0.006183300758154443,0.0011384087295165024,5.692043647582512e-07,0.006182731553789685
2017-02-28,2017-02-24,2017-03-31,2017-03-01,260,69,equal_weight,0.006321144556437708,0.0,0.0,0.006321144556437708
2017-03-31,2017-03-31,2017-04-28,2017-04-01,260,69,nonlinear_shrinkage_gmv,0.015940989486753984,0.005895004140546386,2.947502070273193e-06,0.01593804198468371
2017-03-31,2017-03-31,2017-04-28,2017-04-01,260,69,minvar_lw_weekly,0.015993722952081752,0.005275005610682768,2.637502805341384e-06,0.01599108544927641
2017-03-31,2017-03-31,2017-04-28,2017-04-01,260,69,erc_weekly,0.011235654628542337,0.002161550575265755,1.0807752876328775e-06,0.011234573853254704
2017-03-31,2017-03-31,2017-04-28,2017-04-01,260,69,equal_weight,0.01135224476096848,0.0,0.0,0.01135224476096848
2017-04-28,2017-04-28,2017-05-31,2017-04-29,260,69,nonlinear_shrinkage_gmv,0.032408226270887186,0.0013119380570942177,6.559690285471089e-07,0.03240757030185864
2017-04-28,2017-04-28,2017-05-31,2017-04-29,260,69,minvar_lw_weekly,0.03246800175989067,0.017072505140728358,8.536252570364179e-06,0.032459465507320304
2017-04-28,2017-04-28,2017-05-31,2017-04-29,260,69,erc_weekly,0.008225356148186485,0.0011418974758555843,5.709487379277921e-07,0.008224785199448557
2017-04-28,2017-04-28,2017-05-31,2017-04-29,260,69,equal_weight,0.007243252900712403,0.0,0.0,0.007243252900712403
2017-05-31,2017-05-26,2017-06-30,2017-06-01,260,69,nonlinear_shrinkage_gmv,-0.0031209054801614082,0.005600134795990457,2.8000673979952284e-06,-0.0031237055475594033
2017-05-31,2017-05-26,2017-06-30,2017-06-01,260,69,minvar_lw_weekly,-0.002610628472208741,0.018219316295615406,9.109658147807704e-06,-0.002619738130356549
2017-05-31,2017-05-26,2017-06-30,2017-06-01,260,69,erc_weekly,0.014170879855250444,0.0027549217940711513,1.3774608970355757e-06,0.014169502394353408
2017-05-31,2017-05-26,2017-06-30,2017-06-01,260,69,equal_weight,0.015405193092681705,0.0,0.0,0.015405193092681705
2017-06-30,2017-06-30,2017-07-31,2017-07-01,260,69,nonlinear_shrinkage_gmv,0.019151882422249907,0.029142538341560678,1.4571269170780337e-05,0.019137311153079126
2017-06-30,2017-06-30,2017-07-31,2017-07-01,260,69,minvar_lw_weekly,0.018620591375990536,0.029053653200715176,1.4526826600357587e-05,0.018606064549390178
2017-06-30,2017-06-30,2017-07-31,2017-07-01,260,69,erc_weekly,0.019313231925833372,0.001818051399728602,9.09025699864301e-07,0.01931232290013351
2017-06-30,2017-06-30,2017-07-31,2017-07-01,260,69,equal_weight,0.019234521881394812,0.0,0.0,0.019234521881394812
2017-07-31,2017-07-28,2017-08-31,2017-08-01,260,69,nonlinear_shrinkage_gmv,0.007074596711208526,0.014380744720752087,7.190372360376043e-06,0.00706740633884815
2017-07-31,2017-07-28,2017-08-31,2017-08-01,260,69,minvar_lw_weekly,0.006698243026016319,0.03513975604752485,1.7569878023762424e-05,0.006680673147992556
2017-07-31,2017-07-28,2017-08-31,2017-08-01,260,69,erc_weekly,-0.004621172305576879,0.0006896854590621474,3.4484272953107373e-07,-0.00462151714830641
2017-07-31,2017-07-28,2017-08-31,2017-08-01,260,69,equal_weight,-0.004975941381846232,0.0,0.0,-0.004975941381846232
2017-08-31,2017-08-25,2017-09-29,2017-09-01,260,69,nonlinear_shrinkage_gmv,0.004062368154692225,0.01040149905155248,5.2007495257762405e-06,0.004057167405166449
2017-08-31,2017-08-25,2017-09-29,2017-09-01,260,69,minvar_lw_weekly,0.0045459737318377475,0.013804170259625003,6.902085129812502e-06,0.004539071646707935
2017-08-31,2017-08-25,2017-09-29,2017-09-01,260,69,erc_weekly,0.03203786860801994,0.000909052397696287,4.5452619884814347e-07,0.03203741408182109
2017-08-31,2017-08-25,2017-09-29,2017-09-01,260,69,equal_weight,0.033920755819941646,0.0,0.0,0.033920755819941646
2017-09-29,2017-09-29,2017-10-31,2017-09-30,260,69,nonlinear_shrinkage_gmv,0.015680284262875002,0.010495316795776578,5.247658397888289e-06,0.015675036604477114
2017-09-29,2017-09-29,2017-10-31,2017-09-30,260,69,minvar_lw_weekly,0.015502009886808221,0.019526259565316787,9.763129782658393e-06,0.015492246757025563
2017-09-29,2017-09-29,2017-10-31,2017-09-30,260,69,erc_weekly,0.01693209515882445,0.0032845635763466986,1.642281788173349e-06,0.01693045287703628
2017-09-29,2017-09-29,2017-10-31,2017-09-30,260,69,equal_weight,0.01662934110612005,0.0,0.0,0.01662934110612005
2017-10-31,2017-10-27,2017-11-30,2017-11-01,260,70,nonlinear_shrinkage_gmv,0.024654999582717104,0.014972039501213149,7.4860197506065745e-06,0.0246475135629665
2017-10-31,2017-10-27,2017-11-30,2017-11-01,260,70,minvar_lw_weekly,0.024491999719629967,0.018517384991049955,9.258692495524979e-06,0.024482741027134443
2017-10-31,2017-10-27,2017-11-30,2017-11-01,260,70,erc_weekly,0.024598029751233496,0.014356201641712767,7.178100820856384e-06,0.02459085165041264
2017-10-31,2017-10-27,2017-11-30,2017-11-01,260,70,equal_weight,0.024284096896528697,0.014285714285714308,7.142857142857154e-06,0.024276954039385838
2017-11-30,2017-11-24,2017-12-29,2017-12-01,260,70,nonlinear_shrinkage_gmv,0.004647156300701398,0.006019080131825509,3.0095400659127544e-06,0.004644146760635485
2017-11-30,2017-11-24,2017-12-29,2017-12-01,260,70,minvar_lw_weekly,0.0047885109354056914,0.021474980617071694,1.0737490308535847e-05,0.004777773445097155
2017-11-30,2017-11-24,2017-12-29,2017-12-01,260,70,erc_weekly,0.01105409070073514,0.001994483713909258,9.97241856954629e-07,0.011053093458878185
2017-11-30,2017-11-24,2017-12-29,2017-12-01,260,70,equal_weight,0.01063051844282699,0.0,0.0,0.01063051844282699
2017-12-29,2017-12-29,2018-01-31,2017-12-30,260,70,nonlinear_shrinkage_gmv,0.03473469389616096,0.030165099003773815,1.5082549501886907e-05,0.034719611346659074
2017-12-29,2017-12-29,2018-01-31,2017-12-30,260,70,minvar_lw_weekly,0.034335247514906346,0.030894509269097613,1.5447254634548808e-05,0.034319800260271795
2017-12-29,2017-12-29,2018-01-31,2017-12-30,260,70,erc_weekly,0.043381142724965426,0.0028993297644047686,1.4496648822023843e-06,0.04337969306008322
2017-12-29,2017-12-29,2018-01-31,2017-12-30,260,70,equal_weight,0.04365332106689677,0.0,0.0,0.04365332106689677
2018-01-31,2018-01-26,2018-02-28,2018-02-01,260,70,nonlinear_shrinkage_gmv,-0.03734610155339132,0.004112454418331528,2.0562272091657637e-06,-0.03734815778060049
2018-01-31,2018-01-26,2018-02-28,2018-02-01,260,70,minvar_lw_weekly,-0.03715225831849622,0.01619582320745207,8.097911603726036e-06,-0.03716035623009995
2018-01-31,2018-01-26,2018-02-28,2018-02-01,260,70,erc_weekly,-0.04380036846965267,0.001701385181046169,8.506925905230845e-07,-0.04380121916224319
2018-01-31,2018-01-26,2018-02-28,2018-02-01,260,70,equal_weight,-0.043737344274145745,0.0,0.0,-0.043737344274145745
2018-02-28,2018-02-23,2018-03-29,2018-03-01,260,70,nonlinear_shrinkage_gmv,0.0009090777649850444,0.04115897019661337,2.0579485098306682e-05,0.0008884982798867377
2018-02-28,2018-02-23,2018-03-29,2018-03-01,260,70,minvar_lw_weekly,0.0009437134848715269,0.044849078744142866,2.2424539372071435e-05,0.0009212889454994555
2018-02-28,2018-02-23,2018-03-29,2018-03-01,260,70,erc_weekly,-0.0068984529362308925,0.0050959380946045164,2.5479690473022583e-06,-0.0069010009052781944
2018-02-28,2018-02-23,2018-03-29,2018-03-01,260,70,equal_weight,-0.006540424654396995,0.0,0.0,-0.006540424654396995
2018-03-29,2018-03-23,2018-04-30,2018-03-30,260,70,nonlinear_shrinkage_gmv,0.00391401455740336,0.03910248154998713,1.9551240774993564e-05,0.0038944633166283662
2018-03-29,2018-03-23,2018-04-30,2018-03-30,260,70,minvar_lw_weekly,0.004443265852266022,0.05340661034122407,2.6703305170612035e-05,0.0044165625470954095
2018-03-29,2018-03-23,2018-04-30,2018-03-30,260,70,erc_weekly,0.006002084097071512,0.004924794388255225,2.462397194127613e-06,0.0059996216998773845
2018-03-29,2018-03-23,2018-04-30,2018-03-30,260,70,equal_weight,0.005943231815921601,0.0,0.0,0.005943231815921601
2018-04-30,2018-04-27,2018-05-31,2018-05-01,260,71,nonlinear_shrinkage_gmv,0.0019934482415895948,0.011920880125087295,5.960440062543647e-06,0.001987487801527051
2018-04-30,2018-04-27,2018-05-31,2018-05-01,260,71,minvar_lw_weekly,0.0021117440519504028,0.018108383843252886,9.054191921626444e-06,0.0021026898600287765
2018-04-30,2018-04-27,2018-05-31,2018-05-01,260,71,erc_weekly,0.016441255627844868,0.014281341053775001,7.140670526887501e-06,0.01643411495731798
2018-04-30,2018-04-27,2018-05-31,2018-05-01,260,71,equal_weight,0.01793869765574249,0.014084507042253494,7.042253521126747e-06,0.017931655402221365
2018-05-31,2018-05-25,2018-06-29,2018-06-01,260,71,nonlinear_shrinkage_gmv,0.004729152427788869,0.015636214568476192,7.818107284238095e-06,0.00472133432050463
2018-05-31,2018-05-25,2018-06-29,2018-06-01,260,71,minvar_lw_weekly,0.004222226945488594,0.024964077323179974,1.2482038661589987e-05,0.004209744906827004
2018-05-31,2018-05-25,2018-06-29,2018-06-01,260,71,erc_weekly,-0.00038081843213756423,0.0017303877903631837,8.651938951815919e-07,-0.00038168362603274584
2018-05-31,2018-05-25,2018-06-29,2018-06-01,260,71,equal_weight,-0.0007117797404309609,0.0,0.0,-0.0007117797404309609
2018-06-29,2018-06-29,2018-07-31,2018-06-30,260,71,nonlinear_shrinkage_gmv,0.029865717486652937,0.020551010047491478,1.0275505023745739e-05,0.02985544198162919
2018-06-29,2018-06-29,2018-07-31,2018-06-30,260,71,minvar_lw_weekly,0.029153561252237007,0.016587097144974246,8.293548572487123e-06,0.02914526770366452
2018-06-29,2018-06-29,2018-07-31,2018-06-30,260,71,erc_weekly,0.02855914681556948,0.0016965338633575149,8.482669316787574e-07,0.0285582985486378
2018-06-29,2018-06-29,2018-07-31,2018-06-30,260,71,equal_weight,0.028135866765313274,0.0,0.0,0.028135866765313274
2018-07-31,2018-07-27,2018-08-31,2018-08-01,260,72,nonlinear_shrinkage_gmv,0.012542974549566186,0.031876380449442354,1.5938190224721177e-05,0.012527036359341465
2018-07-31,2018-07-27,2018-08-31,2018-08-01,260,72,minvar_lw_weekly,0.011233577618840702,0.025084502201128202,1.25422511005641e-05,0.011221035367740138
2018-07-31,2018-07-27,2018-08-31,2018-08-01,260,72,erc_weekly,0.01686205500024506,0.014960183155503116,7.480091577751558e-06,0.01685457490866731
2018-07-31,2018-07-27,2018-08-31,2018-08-01,260,72,equal_weight,0.017629357508046305,0.013888888888888928,6.944444444444464e-06,0.01762241306360186
2018-08-31,2018-08-31,2018-09-28,2018-09-01,260,72,nonlinear_shrinkage_gmv,0.009345923865489589,0.023572870064717304,1.1786435032358653e-05,0.00933413743045723
2018-08-31,2018-08-31,2018-09-28,2018-09-01,260,72,minvar_lw_weekly,0.008336424547811078,0.01957561954029145,9.787809770145725e-06,0.008326636738040932
2018-08-31,2018-08-31,2018-09-28,2018-09-01,260,72,erc_weekly,-0.00407629735565839,0.0013803139570508416,6.901569785254208e-07,-0.004076987512636915
2018-08-31,2018-08-31,2018-09-28,2018-09-01,260,72,equal_weight,-0.00514441829178084,0.0,0.0,-0.00514441829178084
2018-09-28,2018-09-28,2018-10-31,2018-09-29,260,72,nonlinear_shrinkage_gmv,-0.04891524775996512,0.018164223475047796,9.082111737523899e-06,-0.04892432987170264
2018-09-28,2018-09-28,2018-10-31,2018-09-29,260,72,minvar_lw_weekly,-0.04896863524209396,0.013568922723160367,6.784461361580184e-06,-0.04897541970345554
2018-09-28,2018-09-28,2018-10-31,2018-09-29,260,72,erc_weekly,-0.0789002293114168,0.0011919571642620913,5.959785821310456e-07,-0.07890082528999892
2018-09-28,2018-09-28,2018-10-31,2018-09-29,260,72,equal_weight,-0.08099299154853556,0.0,0.0,-0.08099299154853556
2018-10-31,2018-10-26,2018-11-30,2018-11-01,260,72,nonlinear_shrinkage_gmv,0.02644297888175954,0.012469739269715374,6.234869634857687e-06,0.02643674401212468
2018-10-31,2018-10-26,2018-11-30,2018-11-01,260,72,minvar_lw_weekly,0.025471667367762088,0.01208682333400074,6.04341166700037e-06,0.025465623956095088
2018-10-31,2018-10-26,2018-11-30,2018-11-01,260,72,erc_weekly,0.01952676827882291,0.002929255894898497,1.4646279474492485e-06,0.01952530365087546
2018-10-31,2018-10-26,2018-11-30,2018-11-01,260,72,equal_weight,0.01927945098789291,0.0,0.0,0.01927945098789291
2018-11-30,2018-11-30,2018-12-31,2018-12-01,260,72,nonlinear_shrinkage_gmv,-0.05206028119480631,0.05354060731186012,2.677030365593006e-05,-0.05208705149846224
2018-11-30,2018-11-30,2018-12-31,2018-12-01,260,72,minvar_lw_weekly,-0.05275522199183339,0.046193331436074486,2.3096665718037242e-05,-0.05277831865755143
2018-11-30,2018-11-30,2018-12-31,2018-12-01,260,72,erc_weekly,-0.08719816849666678,0.004179848746924129,2.089924373462065e-06,-0.08720025842104025
2018-11-30,2018-11-30,2018-12-31,2018-12-01,260,72,equal_weight,-0.08903170280309809,0.0,0.0,-0.08903170280309809
2018-12-31,2018-12-28,2019-01-31,2019-01-01,260,72,nonlinear_shrinkage_gmv,0.051691711723794095,0.06313020363761213,3.1565101818806065e-05,0.05166014662197529
2018-12-31,2018-12-28,2019-01-31,2019-01-01,260,72,minvar_lw_weekly,0.05233342413905699,0.05557132374071543,2.7785661870357714e-05,0.05230563847718663
2018-12-31,2018-12-28,2019-01-31,2019-01-01,260,72,erc_weekly,0.08629312113717923,0.008020955973486881,4.010477986743441e-06,0.08628911065919248
2018-12-31,2018-12-28,2019-01-31,2019-01-01,260,72,equal_weight,0.08867448642306723,0.0,0.0,0.08867448642306723
2019-01-31,2019-01-25,2019-02-28,2019-02-01,260,72,nonlinear_shrinkage_gmv,0.027180518808329834,0.026973158988681422,1.3486579494340712e-05,0.027167032228835493
2019-01-31,2019-01-25,2019-02-28,2019-02-01,260,72,minvar_lw_weekly,0.026717541686956486,0.0211808277906171,1.059041389530855e-05,0.026706951273061177
2019-01-31,2019-01-25,2019-02-28,2019-02-01,260,72,erc_weekly,0.03241975073355194,0.0027296580735912583,1.3648290367956292e-06,0.032418385904515144
2019-01-31,2019-01-25,2019-02-28,2019-02-01,260,72,equal_weight,0.03381814375114495,0.0,0.0,0.03381814375114495
2019-02-28,2019-02-22,2019-03-29,2019-03-01,260,73,nonlinear_shrinkage_gmv,0.02099008604469511,0.0069578064895569084,3.4789032447784544e-06,0.02098660714145033
2019-02-28,2019-02-22,2019-03-29,2019-03-01,260,73,minvar_lw_weekly,0.02009413088991207,0.006018472185459704,3.0092360927298523e-06,0.02009112165381934
2019-02-28,2019-02-22,2019-03-29,2019-03-01,260,73,erc_weekly,0.003791497521676755,0.013935438906201553,6.967719453100776e-06,0.0037845298022236543
2019-02-28,2019-02-22,2019-03-29,2019-03-01,260,73,equal_weight,0.002076538814290795,0.0136986301369863,6.84931506849315e-06,0.002069689499222302
2019-03-29,2019-03-29,2019-04-30,2019-03-30,260,73,nonlinear_shrinkage_gmv,0.010479151970249971,0.027627770026901123,1.381388501345056e-05,0.01046533808523652
2019-03-29,2019-03-29,2019-04-30,2019-03-30,260,73,minvar_lw_weekly,0.011033016571149785,0.02511668328751744,1.255834164375872e-05,0.011020458229506026
2019-03-29,2019-03-29,2019-04-30,2019-03-30,260,73,erc_weekly,0.03348233255192776,0.001493706088317311,7.468530441586554e-07,0.0334815856988836
2019-03-29,2019-03-29,2019-04-30,2019-03-30,260,73,equal_weight,0.03432939729065007,0.0,0.0,0.03432939729065007
2019-04-30,2019-04-26,2019-05-31,2019-05-01,260,73,nonlinear_shrinkage_gmv,-0.015586641705880325,0.006257179950492948,3.128589975246474e-06,-0.015589770295855572
2019-04-30,2019-04-26,2019-05-31,2019-05-01,260,73,minvar_lw_weekly,-0.0186766360653633,0.007124203519649124,3.562101759824562e-06,-0.018680198167123126
2019-04-30,2019-04-26,2019-05-31,2019-05-01,260,73,erc_weekly,-0.06463190452211809,0.0017828119740371318,8.914059870185659e-07,-0.06463279592810511
2019-04-30,2019-04-26,2019-05-31,2019-05-01,260,73,equal_weight,-0.06680677047656933,0.0,0.0,-0.06680677047656933
2019-05-31,2019-05-31,2019-06-28,2019-06-01,260,74,nonlinear_shrinkage_gmv,0.045837469615903445,0.012483280799466158,6.241640399733079e-06,0.045831227975503715
2019-05-31,2019-05-31,2019-06-28,2019-06-01,260,74,minvar_lw_weekly,0.04694395079198817,0.02257797720449344,1.128898860224672e-05,0.04693266180338592
2019-05-31,2019-05-31,2019-06-28,2019-06-01,260,74,erc_weekly,0.06480415651627601,0.012748445802263602,6.3742229011318016e-06,0.06479778229337488
2019-05-31,2019-05-31,2019-06-28,2019-06-01,260,74,equal_weight,0.06610845367786736,0.013513513513513459,6.75675675675673e-06,0.0661016969211106
2019-06-28,2019-06-28,2019-07-31,2019-06-29,260,76,nonlinear_shrinkage_gmv,-0.0009102836915541599,0.014126344394048937,7.0631721970244685e-06,-0.0009173468637511844
2019-06-28,2019-06-28,2019-07-31,2019-06-29,260,76,minvar_lw_weekly,-0.0010522465689244464,0.011778923680791168,5.8894618403955845e-06,-0.001058136030764842
2019-06-28,2019-06-28,2019-07-31,2019-06-29,260,76,erc_weekly,0.002665106535249334,0.027968766234948383,1.3984383117474191e-05,0.0026511221521318597
2019-06-28,2019-06-28,2019-07-31,2019-06-29,260,76,equal_weight,0.003537048510772828,0.026315789473684265,1.3157894736842133e-05,0.003523890616035986
2019-07-31,2019-07-26,2019-08-30,2019-08-01,260,76,nonlinear_shrinkage_gmv,0.009649226495114741,0.005348052822587368,2.674026411293684e-06,0.009646552468703447
2019-07-31,2019-07-26,2019-08-30,2019-08-01,260,76,minvar_lw_weekly,0.007899458112539637,0.012855374290195275,6.427687145097638e-06,0.00789303042539454
2019-07-31,2019-07-26,2019-08-30,2019-08-01,260,76,erc_weekly,-0.027746535233521788,0.001699831805347011,8.499159026735054e-07,-0.027747385149424462
2019-07-31,2019-07-26,2019-08-30,2019-08-01,260,76,equal_weight,-0.029478920019536288,0.0,0.0,-0.029478920019536288
2019-08-30,2019-08-30,2019-09-30,2019-08-31,260,76,nonlinear_shrinkage_gmv,0.01507649968378618,0.017206669101453482,8.60333455072674e-06,0.015067896349235454
2019-08-30,2019-08-30,2019-09-30,2019-08-31,260,76,minvar_lw_weekly,0.01638461427754153,0.017564711786292587,8.782355893146293e-06,0.016375831921648383
2019-08-30,2019-08-30,2019-09-30,2019-08-31,260,76,erc_weekly,0.029226295800516083,0.001207476955904346,6.03738477952173e-07,0.029225692062038133
2019-08-30,2019-08-30,2019-09-30,2019-08-31,260,76,equal_weight,0.028807838036626517,0.0,0.0,0.028807838036626517
2019-09-30,2019-09-27,2019-10-31,2019-10-01,260,76,nonlinear_shrinkage_gmv,0.013186637150601824,0.027805379080932432,1.3902689540466218e-05,0.013172734461061358
2019-09-30,2019-09-27,2019-10-31,2019-10-01,260,76,minvar_lw_weekly,0.012792988708273868,0.025623180110623398,1.28115900553117e-05,0.012780177118218557
2019-09-30,2019-09-27,2019-10-31,2019-10-01,260,76,erc_weekly,0.023307746384211202,0.0023698837279074285,1.1849418639537142e-06,0.02330656144234725
2019-09-30,2019-09-27,2019-10-31,2019-10-01,260,76,equal_weight,0.023766382440456275,0.0,0.0,0.023766382440456275
2019-10-31,2019-10-25,2019-11-29,2019-11-01,260,76,nonlinear_shrinkage_gmv,0.006885553426394205,0.016574569269182663,8.287284634591332e-06,0.0068772661417596135
2019-10-31,2019-10-25,2019-11-29,2019-11-01,260,76,minvar_lw_weekly,0.007207299317394755,0.013845933761289923,6.922966880644961e-06,0.00720037635051411
2019-10-31,2019-10-25,2019-11-29,2019-11-01,260,76,erc_weekly,0.027877785875692777,0.0030460363644996494,1.5230181822498247e-06,0.027876262857510527
2019-10-31,2019-10-25,2019-11-29,2019-11-01,260,76,equal_weight,0.02936798488247319,0.0,0.0,0.02936798488247319
2019-11-29,2019-11-29,2019-12-31,2019-11-30,260,76,nonlinear_shrinkage_gmv,0.01634406830326336,0.019286677233604263,9.643338616802132e-06,0.016334424964646557
2019-11-29,2019-11-29,2019-12-31,2019-11-30,260,76,minvar_lw_weekly,0.01676824640343675,0.014614846919397372,7.307423459698686e-06,0.01676093897997705
2019-11-29,2019-11-29,2019-12-31,2019-11-30,260,76,erc_weekly,0.030697607300524298,0.0005764848112042118,2.882424056021059e-07,0.030697319058118695
2019-11-29,2019-11-29,2019-12-31,2019-11-30,260,76,equal_weight,0.03130813356682208,0.0,0.0,0.03130813356682208
2019-12-31,2019-12-27,2020-01-31,2020-01-01,260,77,nonlinear_shrinkage_gmv,0.00576164347462366,0.02502559122203149,1.2512795611015746e-05,0.005749130679012645
2019-12-31,2019-12-27,2020-01-31,2020-01-01,260,77,minvar_lw_weekly,0.0048836835286261825,0.023957862597006434,1.1978931298503218e-05,0.00487170459732768
2019-12-31,2019-12-27,2020-01-31,2020-01-01,260,77,erc_weekly,-0.022584509472206526,0.008065889153226256,4.032944576613128e-06,-0.02258854241678314
2019-12-31,2019-12-27,2020-01-31,2020-01-01,260,77,equal_weight,-0.02419562910127028,0.012987012987012927,6.493506493506463e-06,-0.024202122607763787
2020-01-31,2020-01-31,2020-02-28,2020-02-01,260,78,nonlinear_shrinkage_gmv,-0.08015957539610191,0.026607106961522846,1.3303553480761424e-05,-0.08017287894958268
2020-01-31,2020-01-31,2020-02-28,2020-02-01,260,78,minvar_lw_weekly,-0.08123381256592505,0.024107888282801963,1.2053944141400982e-05,-0.08124586651006645
2020-01-31,2020-01-31,2020-02-28,2020-02-01,260,78,erc_weekly,-0.08115015431601492,0.016463882839992238,8.231941419996119e-06,-0.08115838625743492
2020-01-31,2020-01-31,2020-02-28,2020-02-01,260,78,equal_weight,-0.08024548111643984,0.01282051282051287,6.4102564102564345e-06,-0.08025189137285009
2020-02-28,2020-02-28,2020-03-31,2020-02-29,260,78,nonlinear_shrinkage_gmv,-0.10292092408419226,0.1563387051723488,7.81693525861744e-05,-0.10299909343677843
2020-02-28,2020-02-28,2020-03-31,2020-02-29,260,78,minvar_lw_weekly,-0.10786303640343456,0.12122909601878236,6.061454800939118e-05,-0.10792365095144395
2020-02-28,2020-02-28,2020-03-31,2020-02-29,260,78,erc_weekly,-0.16764496189124156,0.00962583757493092,4.8129187874654605e-06,-0.16764977481002902
2020-02-28,2020-02-28,2020-03-31,2020-02-29,260,78,equal_weight,-0.17012573200156572,0.0,0.0,-0.17012573200156572
2020-03-31,2020-03-27,2020-04-30,2020-04-01,260,78,nonlinear_shrinkage_gmv,0.047582819763416634,0.19941044739927474,9.970522369963737e-05,0.04748311453971699
2020-03-31,2020-03-27,2020-04-30,2020-04-01,260,78,minvar_lw_weekly,0.058693335900546734,0.30156656674126797,0.000150783283370634,0.0585425526171761
2020-03-31,2020-03-27,2020-04-30,2020-04-01,260,78,erc_weekly,0.10982112374515865,0.024246388470541537,1.2123194235270768e-05,0.10980900055092338
2020-03-31,2020-03-27,2020-04-30,2020-04-01,260,78,equal_weight,0.11320550393408585,0.0,0.0,0.11320550393408585
2020-04-30,2020-04-24,2020-05-29,2020-05-01,260,78,nonlinear_shrinkage_gmv,0.02879723462790014,0.19363868502870196,9.681934251435098e-05,0.028700415285385788
2020-04-30,2020-04-24,2020-05-29,2020-05-01,260,78,minvar_lw_weekly,0.037237459883119675,0.20283821851769385,0.00010141910925884692,0.03713604077386083
2020-04-30,2020-04-24,2020-05-29,2020-05-01,260,78,erc_weekly,0.052957220049939455,0.012685713110568982,6.342856555284491e-06,0.05295087719338417
2020-04-30,2020-04-24,2020-05-29,2020-05-01,260,78,equal_weight,0.05395695501342131,0.0,0.0,0.05395695501342131
2020-05-29,2020-05-29,2020-06-30,2020-05-30,260,78,nonlinear_shrinkage_gmv,0.015027361772796202,0.019070224639677922,9.53511231983896e-06,0.015017826660476363
2020-05-29,2020-05-29,2020-06-30,2020-05-30,260,78,minvar_lw_weekly,0.013829369276977388,0.02639464439510571,1.3197322197552856e-05,0.013816171954779835
2020-05-29,2020-05-29,2020-06-30,2020-05-30,260,78,erc_weekly,0.025385402386212334,0.0031534491627112915,1.5767245813556458e-06,0.025383825661630978
2020-05-29,2020-05-29,2020-06-30,2020-05-30,260,78,equal_weight,0.025816958235076078,0.0,0.0,0.025816958235076078
2020-06-30,2020-06-26,2020-07-31,2020-07-01,260,78,nonlinear_shrinkage_gmv,0.009816808225152232,0.04437661017158948,2.218830508579474e-05,0.009794619920066437
2020-06-30,2020-06-26,2020-07-31,2020-07-01,260,78,minvar_lw_weekly,0.011141147642397787,0.0517532828306694,2.58766414153347e-05,0.011115271000982451
2020-06-30,2020-06-26,2020-07-31,2020-07-01,260,78,erc_weekly,0.03841315492522916,0.00478228824703414,2.39114412351707e-06,0.038410763781105646
2020-06-30,2020-06-26,2020-07-31,2020-07-01,260,78,equal_weight,0.03777480342217897,0.0,0.0,0.03777480342217897
2020-07-31,2020-07-31,2020-08-31,2020-08-01,260,78,nonlinear_shrinkage_gmv,0.03577117316852984,0.008428569850599588,4.214284925299794e-06,0.03576695888360454
2020-07-31,2020-07-31,2020-08-31,2020-08-01,260,78,minvar_lw_weekly,0.039446740916271,0.008999243110132522,4.4996215550662605e-06,0.03944224129471593
2020-07-31,2020-07-31,2020-08-31,2020-08-01,260,78,erc_weekly,0.04943928225472549,0.001216684656880641,6.083423284403205e-07,0.04943867391239705
2020-07-31,2020-07-31,2020-08-31,2020-08-01,260,78,equal_weight,0.04884983431311375,0.0,0.0,0.04884983431311375
2020-08-31,2020-08-28,2020-09-30,2020-09-01,260,78,nonlinear_shrinkage_gmv,-0.011743873722685252,0.06072914720183258,3.036457360091629e-05,-0.011774238296286169
2020-08-31,2020-08-28,2020-09-30,2020-09-01,260,78,minvar_lw_weekly,-0.008673533234648688,0.05527587055585306,2.7637935277926527e-05,-0.008701171169926615
2020-08-31,2020-08-28,2020-09-30,2020-09-01,260,78,erc_weekly,-0.02687007474556751,0.004204032266368873,2.1020161331844367e-06,-0.026872176761700697
2020-08-31,2020-08-28,2020-09-30,2020-09-01,260,78,equal_weight,-0.028250493001914533,0.0,0.0,-0.028250493001914533
2020-09-30,2020-09-25,2020-10-30,2020-10-01,260,79,nonlinear_shrinkage_gmv,-0.036506327587981835,0.02483796682171722,1.241898341085861e-05,-0.036518746571392695
2020-09-30,2020-09-25,2020-10-30,2020-10-01,260,79,minvar_lw_weekly,-0.03293936641268818,0.031708551527609506,1.5854275763804754e-05,-0.03295522068845198
2020-09-30,2020-09-25,2020-10-30,2020-10-01,260,79,erc_weekly,-0.010630495441395613,0.013647120918985367,6.8235604594926835e-06,-0.010637319001855106
2020-09-30,2020-09-25,2020-10-30,2020-10-01,260,79,equal_weight,-0.007275930350137316,0.01265822784810125,6.329113924050625e-06,-0.007282259464061367
2020-10-30,2020-10-30,2020-11-30,2020-10-31,260,79,nonlinear_shrinkage_gmv,0.08646454144233888,0.048638681456166746,2.431934072808337e-05,0.0864402221016108
2020-10-30,2020-10-30,2020-11-30,2020-10-31,260,79,minvar_lw_weekly,0.09066111200949206,0.037639661127148366,1.8819830563574182e-05,0.09064229217892848
2020-10-30,2020-10-30,2020-11-30,2020-10-31,260,79,erc_weekly,0.13601390138870662,0.0022748641258421853,1.1374320629210926e-06,0.1360127639566437
2020-10-30,2020-10-30,2020-11-30,2020-10-31,260,79,equal_weight,0.14044796020936753,0.0,0.0,0.14044796020936753
2020-11-30,2020-11-27,2020-12-31,2020-12-01,260,80,nonlinear_shrinkage_gmv,0.02970299517053591,0.028513204999842893,1.4256602499921448e-05,0.02968873856803599
2020-11-30,2020-11-27,2020-12-31,2020-12-01,260,80,minvar_lw_weekly,0.031178251594158653,0.0332370205926029,1.6618510296301453e-05,0.031161633083862352
2020-11-30,2020-11-27,2020-12-31,2020-12-01,260,80,erc_weekly,0.05105034545958175,0.014063609495288409,7.031804747644205e-06,0.05104331365483411
2020-11-30,2020-11-27,2020-12-31,2020-12-01,260,80,equal_weight,0.05293529836231625,0.012499999999999966,6.249999999999983e-06,0.05292904836231625
2020-12-31,2020-12-25,2021-01-29,2021-01-01,260,80,nonlinear_shrinkage_gmv,-0.008406950959641116,0.039893241872766064,1.9946620936383032e-05,-0.0084268975805775
2020-12-31,2020-12-25,2021-01-29,2021-01-01,260,80,minvar_lw_weekly,-0.0076396938682519065,0.033887590746172154,1.6943795373086075e-05,-0.007656637663624993
2020-12-31,2020-12-25,2021-01-29,2021-01-01,260,80,erc_weekly,0.009590748927189766,0.0010830415871496473,5.415207935748236e-07,0.009590207406396191
2020-12-31,2020-12-25,2021-01-29,2021-01-01,260,80,equal_weight,0.013100956209604768,0.0,0.0,0.013100956209604768
2021-01-29,2021-01-29,2021-02-26,2021-01-30,260,80,nonlinear_shrinkage_gmv,-0.011049020697378661,0.04987335381514161,2.4936676907570804e-05,-0.011073957374286233
2021-01-29,2021-01-29,2021-02-26,2021-01-30,260,80,minvar_lw_weekly,-0.0043912544885256494,0.07267215604305033,3.6336078021525166e-05,-0.004427590566547175
2021-01-29,2021-01-29,2021-02-26,2021-01-30,260,80,erc_weekly,0.03696834369260649,0.003904051536549092,1.952025768274546e-06,0.03696639166683821
2021-01-29,2021-01-29,2021-02-26,2021-01-30,260,80,equal_weight,0.04038726081110025,0.0,0.0,0.04038726081110025
2021-02-26,2021-02-26,2021-03-31,2021-02-27,260,80,nonlinear_shrinkage_gmv,0.01916298537801086,0.03499724105220397,1.7498620526101986e-05,0.01914548675748476
2021-02-26,2021-02-26,2021-03-31,2021-02-27,260,80,minvar_lw_weekly,0.018990010453302064,0.055107128694086974,2.7553564347043484e-05,0.01896245688895502
2021-02-26,2021-02-26,2021-03-31,2021-02-27,260,80,erc_weekly,0.034557952692401916,0.0027193536520296975,1.3596768260148488e-06,0.0345565930155759
2021-02-26,2021-02-26,2021-03-31,2021-02-27,260,80,equal_weight,0.03487941424575511,0.0,0.0,0.03487941424575511
2021-03-31,2021-03-26,2021-04-30,2021-04-01,260,80,nonlinear_shrinkage_gmv,0.018318860320806322,0.014762836376170919,7.381418188085459e-06,0.018311478902618236
2021-03-31,2021-03-26,2021-04-30,2021-04-01,260,80,minvar_lw_weekly,0.014852221324772453,0.010104401349972782,5.052200674986391e-06,0.014847169124097465
2021-03-31,2021-03-26,2021-04-30,2021-04-01,260,80,erc_weekly,0.03174406828282513,0.0013887375082917083,6.943687541458541e-07,0.031743373914070984
2021-03-31,2021-03-26,2021-04-30,2021-04-01,260,80,equal_weight,0.032131526848253475,0.0,0.0,0.032131526848253475
2021-04-30,2021-04-30,2021-05-28,2021-05-01,260,80,nonlinear_shrinkage_gmv,0.03282771033162748,0.01970288574569977,9.851442872849885e-06,0.03281785888875463
2021-04-30,2021-04-30,2021-05-28,2021-05-01,260,80,minvar_lw_weekly,0.03148989622862221,0.042386593822735665,2.1193296911367832e-05,0.03146870293171084
2021-04-30,2021-04-30,2021-05-28,2021-05-01,260,80,erc_weekly,0.019173996240301253,0.001704839934973063,8.524199674865316e-07,0.019173143820333766
2021-04-30,2021-04-30,2021-05-28,2021-05-01,260,80,equal_weight,0.01786412295723612,0.0,0.0,0.01786412295723612
2021-05-28,2021-05-28,2021-06-30,2021-05-29,260,80,nonlinear_shrinkage_gmv,0.0048580068741335605,0.02154482000515019,1.0772410002575095e-05,0.004847234464130985
2021-05-28,2021-05-28,2021-06-30,2021-05-29,260,80,minvar_lw_weekly,0.003620988082759596,0.013511650712813503,6.755825356406751e-06,0.0036142322574031892
2021-05-28,2021-05-28,2021-06-30,2021-05-29,260,80,erc_weekly,0.004561725539855131,0.000716373378389111,3.581866891945555e-07,0.004561367353165937
2021-05-28,2021-05-28,2021-06-30,2021-05-29,260,80,equal_weight,0.0044326364784619725,0.0,0.0,0.0044326364784619725
2021-06-30,2021-06-25,2021-07-30,2021-07-01,260,80,nonlinear_shrinkage_gmv,0.01836188017260743,0.04251893124323235,2.1259465621616175e-05,0.018340620706985812
2021-06-30,2021-06-25,2021-07-30,2021-07-01,260,80,minvar_lw_weekly,0.013885875165534991,0.0431975069940886,2.15987534970443e-05,0.013864276412037947
2021-06-30,2021-06-25,2021-07-30,2021-07-01,260,80,erc_weekly,0.00040591496477653606,0.002404666964735057,1.2023334823675287e-06,0.0004047126312941685
2021-06-30,2021-06-25,2021-07-30,2021-07-01,260,80,equal_weight,-0.0015179692667118823,0.0,0.0,-0.0015179692667118823
2021-07-30,2021-07-30,2021-08-31,2021-07-31,260,80,nonlinear_shrinkage_gmv,0.022869436086403124,0.004396074357100638,2.198037178550319e-06,0.022867238049224574
2021-07-30,2021-07-30,2021-08-31,2021-07-31,260,80,minvar_lw_weekly,0.025477554188114267,0.007041512328827227,3.520756164413614e-06,0.025474033431949854
2021-07-30,2021-07-30,2021-08-31,2021-07-31,260,80,erc_weekly,0.0254531943126466,0.0009562026809038305,4.781013404519153e-07,0.02545271621130615
2021-07-30,2021-07-30,2021-08-31,2021-07-31,260,80,equal_weight,0.025409934586033526,0.0,0.0,0.025409934586033526
2021-08-31,2021-08-27,2021-09-30,2021-09-01,260,81,nonlinear_shrinkage_gmv,-0.03483860153696121,0.0031266388443115228,1.5633194221557616e-06,-0.03484016485638337
2021-08-31,2021-08-27,2021-09-30,2021-09-01,260,81,minvar_lw_weekly,-0.027533460001449593,0.009540979368226836,4.770489684113418e-06,-0.027538230491133707
2021-08-31,2021-08-27,2021-09-30,2021-09-01,260,81,erc_weekly,-0.033651944246016814,0.013780026492716684,6.8900132463583425e-06,-0.03365883425926317
2021-08-31,2021-08-27,2021-09-30,2021-09-01,260,81,equal_weight,-0.034038726255407006,0.012345679012345734,6.172839506172867e-06,-0.03404489909491318
2021-09-30,2021-09-24,2021-10-29,2021-10-01,260,81,nonlinear_shrinkage_gmv,0.016665989893940962,0.008792610329044279,4.396305164522139e-06,0.01666159358877644
2021-09-30,2021-09-24,2021-10-29,2021-10-01,260,81,minvar_lw_weekly,0.01365308750930122,0.008473385736198165,4.236692868099082e-06,0.013648850816433121
2021-09-30,2021-09-24,2021-10-29,2021-10-01,260,81,erc_weekly,0.042435743523770775,0.0005922810255223291,2.9614051276116457e-07,0.04243544738325802
2021-09-30,2021-09-24,2021-10-29,2021-10-01,260,81,equal_weight,0.04395008865700455,0.0,0.0,0.04395008865700455
2021-10-29,2021-10-29,2021-11-30,2021-10-30,260,81,nonlinear_shrinkage_gmv,-0.01852638631900952,0.0119855820834085,5.99279104170425e-06,-0.018532379110051223
2021-10-29,2021-10-29,2021-11-30,2021-10-30,260,81,minvar_lw_weekly,-0.018961349479522556,0.018111379504054635,9.055689752027318e-06,-0.018970405169274583
2021-10-29,2021-10-29,2021-11-30,2021-10-30,260,81,erc_weekly,-0.029078363064940767,0.0010452760878338786,5.226380439169392e-07,-0.029078885702984683
2021-10-29,2021-10-29,2021-11-30,2021-10-30,260,81,equal_weight,-0.029833086032331146,0.0,0.0,-0.029833086032331146
2021-11-30,2021-11-26,2021-12-31,2021-12-01,260,81,nonlinear_shrinkage_gmv,0.0322820298298781,0.04020158585419044,2.0100792927095217e-05,0.032261929036951006
2021-11-30,2021-11-26,2021-12-31,2021-12-01,260,81,minvar_lw_weekly,0.03241553834843608,0.02730380617583578,1.365190308791789e-05,0.03240188644534816
2021-11-30,2021-11-26,2021-12-31,2021-12-01,260,81,erc_weekly,0.040250544455352574,0.0037826230011923662,1.8913115005961829e-06,0.04024865314385198
2021-11-30,2021-11-26,2021-12-31,2021-12-01,260,81,equal_weight,0.0399989668197841,0.0,0.0,0.0399989668197841
2021-12-31,2021-12-31,2022-01-31,2022-01-01,260,82,nonlinear_shrinkage_gmv,-0.05231322949153393,0.0050518802317303406,2.5259401158651702e-06,-0.05231575543164979
2021-12-31,2021-12-31,2022-01-31,2022-01-01,260,82,minvar_lw_weekly,-0.04945504631315305,0.01766310535036278,8.83155267518139e-06,-0.04946387786582823
2021-12-31,2021-12-31,2022-01-31,2022-01-01,260,82,erc_weekly,-0.05046265217450301,0.012988540001271164,6.4942700006355824e-06,-0.05046914644450365
2021-12-31,2021-12-31,2022-01-31,2022-01-01,260,82,equal_weight,-0.052236551473692376,0.012195121951219468,6.0975609756097336e-06,-0.052242649034667986
2022-01-31,2022-01-28,2022-02-28,2022-02-01,260,82,nonlinear_shrinkage_gmv,-0.009843795900292546,0.011029151077893953,5.514575538946977e-06,-0.009849310475831492
2022-01-31,2022-01-28,2022-02-28,2022-02-01,260,82,minvar_lw_weekly,-0.011506793711057135,0.013884561239266792,6.9422806196333965e-06,-0.011513735991676767
2022-01-31,2022-01-28,2022-02-28,2022-02-01,260,82,erc_weekly,-0.01947759604073667,0.002341050663319331,1.1705253316596654e-06,-0.01947876656606833
2022-01-31,2022-01-28,2022-02-28,2022-02-01,260,82,equal_weight,-0.018277997987841802,0.0,0.0,-0.018277997987841802
2022-02-28,2022-02-25,2022-03-31,2022-03-01,260,82,nonlinear_shrinkage_gmv,-0.005704099854196086,0.001252905601766703,6.264528008833514e-07,-0.00570472630699697
2022-02-28,2022-02-25,2022-03-31,2022-03-01,260,82,minvar_lw_weekly,-0.006018207243946812,0.0029467005178394987,1.4733502589197494e-06,-0.006019680594205732
2022-02-28,2022-02-25,2022-03-31,2022-03-01,260,82,erc_weekly,0.013238640366657957,0.0003778027394007342,1.889013697003671e-07,0.013238451465288256
2022-02-28,2022-02-25,2022-03-31,2022-03-01,260,82,equal_weight,0.013446843436005287,0.0,0.0,0.013446843436005287
2022-03-31,2022-03-25,2022-04-29,2022-04-01,260,82,nonlinear_shrinkage_gmv,-0.06279312804436331,0.04338089708298496,2.169044854149248e-05,-0.0628148184929048
2022-03-31,2022-03-25,2022-04-29,2022-04-01,260,82,minvar_lw_weekly,-0.06063695337086441,0.037213279592811815,1.860663979640591e-05,-0.06065556001066082
2022-03-31,2022-03-25,2022-04-29,2022-04-01,260,82,erc_weekly,-0.07673792958442505,0.0051629041439353405,2.58145207196767e-06,-0.07674051103649701
2022-03-31,2022-03-25,2022-04-29,2022-04-01,260,82,equal_weight,-0.07798354188600454,0.0,0.0,-0.07798354188600454
2022-04-29,2022-04-29,2022-05-31,2022-04-30,260,82,nonlinear_shrinkage_gmv,0.0032272604116147605,0.032261691953515456,1.6130845976757728e-05,0.0032111295656380026
2022-04-29,2022-04-29,2022-05-31,2022-04-30,260,82,minvar_lw_weekly,0.006883696179660611,0.02956338033264407,1.4781690166322035e-05,0.006868914489494289
2022-04-29,2022-04-29,2022-05-31,2022-04-30,260,82,erc_weekly,0.00948968918022312,0.0019347767721130792,9.673883860565397e-07,0.009488721791837063
2022-04-29,2022-04-29,2022-05-31,2022-04-30,260,82,equal_weight,0.008884119793187182,0.0,0.0,0.008884119793187182
2022-05-31,2022-05-27,2022-06-30,2022-06-01,260,82,nonlinear_shrinkage_gmv,-0.03528768662252263,0.00820569827766512,4.10284913883256e-06,-0.035291789471661464
2022-05-31,2022-05-27,2022-06-30,2022-06-01,260,82,minvar_lw_weekly,-0.03519356796304486,0.011397022811570576,5.698511405785288e-06,-0.035199266474450645
2022-05-31,2022-05-27,2022-06-30,2022-06-01,260,82,erc_weekly,-0.07710159711195562,0.0023373591677111356,1.1686795838555677e-06,-0.07710276579153948
2022-05-31,2022-05-27,2022-06-30,2022-06-01,260,82,equal_weight,-0.07978513484593319,0.0,0.0,-0.07978513484593319
2022-06-30,2022-06-24,2022-07-29,2022-07-01,260,82,nonlinear_shrinkage_gmv,0.027825277781504065,0.039626302519132836,1.981315125956642e-05,0.027805464630244497
2022-06-30,2022-06-24,2022-07-29,2022-07-01,260,82,minvar_lw_weekly,0.029753037872365582,0.04343709742443093,2.1718548712215463e-05,0.029731319323653367
2022-06-30,2022-06-24,2022-07-29,2022-07-01,260,82,erc_weekly,0.07199354677607606,0.0031107952814249124,1.5553976407124562e-06,0.07199199137843534
2022-06-30,2022-06-24,2022-07-29,2022-07-01,260,82,equal_weight,0.07598527081499457,0.0,0.0,0.07598527081499457
2022-07-29,2022-07-29,2022-08-31,2022-07-30,260,83,nonlinear_shrinkage_gmv,-0.0514371962599051,0.02013188301703068,1.0065941508515339e-05,-0.051447262201413616
2022-07-29,2022-07-29,2022-08-31,2022-07-30,260,83,minvar_lw_weekly,-0.047639057517258436,0.03118677794675934,1.559338897337967e-05,-0.04765465090623182
2022-07-29,2022-07-29,2022-08-31,2022-07-30,260,83,erc_weekly,-0.03702452002351377,0.009874793027724448,4.9373965138622235e-06,-0.03702945742002763
2022-07-29,2022-07-29,2022-08-31,2022-07-30,260,83,equal_weight,-0.036249413415463005,0.01204819277108433,6.024096385542164e-06,-0.036255437511848544
2022-08-31,2022-08-26,2022-09-30,2022-09-01,260,83,nonlinear_shrinkage_gmv,-0.08094448021216542,0.024114269086416926,1.2057134543208463e-05,-0.08095653734670863
2022-08-31,2022-08-26,2022-09-30,2022-09-01,260,83,minvar_lw_weekly,-0.07792706724438346,0.0179960354021422,8.998017701071099e-06,-0.07793606526208453
2022-08-31,2022-08-26,2022-09-30,2022-09-01,260,83,erc_weekly,-0.09020012071473556,0.0009744806428411499,4.87240321420575e-07,-0.09020060795505698
2022-08-31,2022-08-26,2022-09-30,2022-09-01,260,83,equal_weight,-0.09062227203977719,0.0,0.0,-0.09062227203977719
2022-09-30,2022-09-30,2022-10-31,2022-10-01,260,83,nonlinear_shrinkage_gmv,0.02343547119596536,0.013972027787514416,6.986013893757208e-06,0.023428485182071603
2022-09-30,2022-09-30,2022-10-31,2022-10-01,260,83,minvar_lw_weekly,0.027354691450619573,0.020504138336482607,1.0252069168241304e-05,0.02734443938145133
2022-09-30,2022-09-30,2022-10-31,2022-10-01,260,83,erc_weekly,0.07664965755657135,0.0020898886869787393,1.0449443434893696e-06,0.07664861261222787
2022-09-30,2022-09-30,2022-10-31,2022-10-01,260,83,equal_weight,0.08038092679508327,0.0,0.0,0.08038092679508327
2022-10-31,2022-10-28,2022-11-30,2022-11-01,260,83,nonlinear_shrinkage_gmv,0.10022604054971564,0.027358772584110302,1.367938629205515e-05,0.10021236116342358
2022-10-31,2022-10-28,2022-11-30,2022-11-01,260,83,minvar_lw_weekly,0.09628696300307125,0.018229093935183762,9.114546967591882e-06,0.09627784845610367
2022-10-31,2022-10-28,2022-11-30,2022-11-01,260,83,erc_weekly,0.07658520487087897,0.0013974365270958723,6.987182635479361e-07,0.07658450615261542
2022-10-31,2022-10-28,2022-11-30,2022-11-01,260,83,equal_weight,0.07338803260634849,0.0,0.0,0.07338803260634849
2022-11-30,2022-11-25,2022-12-30,2022-12-01,260,83,nonlinear_shrinkage_gmv,-0.014409032448546171,0.05578814068313954,2.7894070341569772e-05,-0.014436926518887741
2022-11-30,2022-11-25,2022-12-30,2022-12-01,260,83,minvar_lw_weekly,-0.019221640258143963,0.03652305821716002,1.826152910858001e-05,-0.01923990178725254
2022-11-30,2022-11-25,2022-12-30,2022-12-01,260,83,erc_weekly,-0.04361647516728854,0.002607306363990909,1.3036531819954543e-06,-0.043617778820470535
2022-11-30,2022-11-25,2022-12-30,2022-12-01,260,83,equal_weight,-0.0454262138716911,0.0,0.0,-0.0454262138716911
2022-12-30,2022-12-30,2023-01-31,2022-12-31,260,83,nonlinear_shrinkage_gmv,0.059994496538415376,0.02174043084126575,1.0870215420632876e-05,0.05998362632299474
2022-12-30,2022-12-30,2023-01-31,2022-12-31,260,83,minvar_lw_weekly,0.06179562710922873,0.015179824337442905,7.589912168721452e-06,0.061788037197060004
2022-12-30,2022-12-30,2023-01-31,2022-12-31,260,83,erc_weekly,0.07778454755031683,0.00118994195890994,5.949709794549701e-07,0.07778395257933737
2022-12-30,2022-12-30,2023-01-31,2022-12-31,260,83,equal_weight,0.07952636807121907,0.0,0.0,0.07952636807121907
2023-01-31,2023-01-27,2023-02-28,2023-02-01,260,83,nonlinear_shrinkage_gmv,-0.026185523928991414,0.024567682376020528,1.2283841188010263e-05,-0.026197807770179424
2023-01-31,2023-01-27,2023-02-28,2023-02-01,260,83,minvar_lw_weekly,-0.02292252192802561,0.023698288656494933,1.1849144328247466e-05,-0.022934371072353858
2023-01-31,2023-01-27,2023-02-28,2023-02-01,260,83,erc_weekly,-0.02802519828250304,0.0013423889733520655,6.711944866760328e-07,-0.028025869476989717
2023-01-31,2023-01-27,2023-02-28,2023-02-01,260,83,equal_weight,-0.027476909089780767,0.0,0.0,-0.027476909089780767
2023-02-28,2023-02-24,2023-03-31,2023-03-01,260,83,nonlinear_shrinkage_gmv,0.03624220440287222,0.02929160201029799,1.4645801005148995e-05,0.03622755860186707
2023-02-28,2023-02-24,2023-03-31,2023-03-01,260,83,minvar_lw_weekly,0.031877453797863546,0.03849014944141728,1.9245074720708637e-05,0.031858208723142836
2023-02-28,2023-02-24,2023-03-31,2023-03-01,260,83,erc_weekly,0.0030698475792785736,0.0027729596894974307,1.3864798447487152e-06,0.0030684610994338246
2023-02-28,2023-02-24,2023-03-31,2023-03-01,260,83,equal_weight,-0.0022964617261999553,0.0,0.0,-0.0022964617261999553
2023-03-31,2023-03-31,2023-04-28,2023-04-01,260,83,nonlinear_shrinkage_gmv,0.02957145610166211,0.019585919079934764,9.792959539967382e-06,0.029561663142122142
2023-03-31,2023-03-31,2023-04-28,2023-04-01,260,83,minvar_lw_weekly,0.027927376722069287,0.020964050196693413,1.0482025098346706e-05,0.02791689469697094
2023-03-31,2023-03-31,2023-04-28,2023-04-01,260,83,erc_weekly,0.008878423863049911,0.0029988030189584697,1.4994015094792348e-06,0.008876924461540432
2023-03-31,2023-03-31,2023-04-28,2023-04-01,260,83,equal_weight,0.006785029391230426,0.0,0.0,0.006785029391230426
2023-04-28,2023-04-28,2023-05-31,2023-04-29,260,83,nonlinear_shrinkage_gmv,-0.03551757877843257,0.005419291807495767,2.7096459037478835e-06,-0.03552028842433632
2023-04-28,2023-04-28,2023-05-31,2023-04-29,260,83,minvar_lw_weekly,-0.03190873849512069,0.006209057728724283,3.1045288643621415e-06,-0.03191184302398505
2023-04-28,2023-04-28,2023-05-31,2023-04-29,260,83,erc_weekly,-0.019755573191524732,0.0003595040167788501,1.7975200838942505e-07,-0.01975575294353312
2023-04-28,2023-04-28,2023-05-31,2023-04-29,260,83,equal_weight,-0.019568073212659742,0.0,0.0,-0.019568073212659742
2023-05-31,2023-05-26,2023-06-30,2023-06-01,260,83,nonlinear_shrinkage_gmv,0.025155791065502656,0.010451631305293897,5.225815652646949e-06,0.02515056524985001
2023-05-31,2023-05-26,2023-06-30,2023-06-01,260,83,minvar_lw_weekly,0.027025649490193066,0.01110491580061013,5.552457900305065e-06,0.027020097032292762
2023-05-31,2023-05-26,2023-06-30,2023-06-01,260,83,erc_weekly,0.05976404308041443,0.0003413493038684533,1.7067465193422667e-07,0.059763872405762496
2023-05-31,2023-05-26,2023-06-30,2023-06-01,260,83,equal_weight,0.06246080756409698,0.0,0.0,0.06246080756409698
2023-06-30,2023-06-30,2023-07-31,2023-07-01,260,84,nonlinear_shrinkage_gmv,0.024478983778998546,0.003482828249086182,1.741414124543091e-06,0.024477242364874002
2023-06-30,2023-06-30,2023-07-31,2023-07-01,260,84,minvar_lw_weekly,0.024123862039215863,0.008723138876755016,4.3615694383775075e-06,0.024119500469777486
2023-06-30,2023-06-30,2023-07-31,2023-07-01,260,84,erc_weekly,0.03827210988361831,0.01246082486436155,6.230412432180775e-06,0.03826587947118613
2023-06-30,2023-06-30,2023-07-31,2023-07-01,260,84,equal_weight,0.04031649299376723,0.011904761904761958,5.952380952380979e-06,0.040310540612814846
2023-07-31,2023-07-28,2023-08-31,2023-08-01,260,85,nonlinear_shrinkage_gmv,-0.03071375883925827,0.013724504225821443,6.862252112910722e-06,-0.03072062109137118
2023-07-31,2023-07-28,2023-08-31,2023-08-01,260,85,minvar_lw_weekly,-0.03009244435934515,0.0205065471816874,1.02532735908437e-05,-0.030102697632935993
2023-07-31,2023-07-28,2023-08-31,2023-08-01,260,85,erc_weekly,-0.03428056210219993,0.008290051553279155,4.145025776639577e-06,-0.03428470712797657
2023-07-31,2023-07-28,2023-08-31,2023-08-01,260,85,equal_weight,-0.03531228592065571,0.01176470588235292,5.88235294117646e-06,-0.035318168273596885
2023-08-31,2023-08-25,2023-09-29,2023-09-01,260,85,nonlinear_shrinkage_gmv,-0.017284896556707712,0.004390525180077391,2.1952625900386954e-06,-0.017287091819297752
2023-08-31,2023-08-25,2023-09-29,2023-09-01,260,85,minvar_lw_weekly,-0.014726935922062628,0.00938908725665319,4.6945436283265956e-06,-0.014731630465690954
2023-08-31,2023-08-25,2023-09-29,2023-09-01,260,85,erc_weekly,-0.04198344346488158,0.0006121912660708786,3.0609563303543934e-07,-0.041983749560514615
2023-08-31,2023-08-25,2023-09-29,2023-09-01,260,85,equal_weight,-0.04439407910194838,0.0,0.0,-0.04439407910194838
2023-09-29,2023-09-29,2023-10-31,2023-09-30,260,85,nonlinear_shrinkage_gmv,-0.01971494333079706,0.012502596209162392,6.251298104581196e-06,-0.01972119462890164
2023-09-29,2023-09-29,2023-10-31,2023-09-30,260,85,minvar_lw_weekly,-0.020189587843519957,0.013749713767944607,6.874856883972304e-06,-0.02019646270040393
2023-09-29,2023-09-29,2023-10-31,2023-09-30,260,85,erc_weekly,-0.03602655967125179,0.0014140226557468405,7.070113278734202e-07,-0.03602726668257966
2023-09-29,2023-09-29,2023-10-31,2023-09-30,260,85,equal_weight,-0.03836512574783946,0.0,0.0,-0.03836512574783946
2023-10-31,2023-10-27,2023-11-30,2023-11-01,260,85,nonlinear_shrinkage_gmv,0.04506812552838397,0.030844388973800877,1.542219448690044e-05,0.04505270333389707
2023-10-31,2023-10-27,2023-11-30,2023-11-01,260,85,minvar_lw_weekly,0.045407875476533424,0.030953662124464643,1.5476831062232323e-05,0.04539239864547119
2023-10-31,2023-10-27,2023-11-30,2023-11-01,260,85,erc_weekly,0.08706769808666026,0.0012599145643538917,6.299572821769459e-07,0.08706706812937809
2023-10-31,2023-10-27,2023-11-30,2023-11-01,260,85,equal_weight,0.09016960328287071,0.0,0.0,0.09016960328287071
2023-11-30,2023-11-24,2023-12-29,2023-12-01,260,85,nonlinear_shrinkage_gmv,0.020366059562910557,0.03148163604773118,1.574081802386559e-05,0.020350318744886693
2023-11-30,2023-11-24,2023-12-29,2023-12-01,260,85,minvar_lw_weekly,0.01961752718799537,0.028568279512658116,1.4284139756329059e-05,0.01960324304823904
2023-11-30,2023-11-24,2023-12-29,2023-12-01,260,85,erc_weekly,0.0655610217507907,0.002784973153995906,1.392486576997953e-06,0.0655596292642137
2023-11-30,2023-11-24,2023-12-29,2023-12-01,260,85,equal_weight,0.07163004378974372,0.0,0.0,0.07163004378974372
2023-12-29,2023-12-29,2024-01-31,2023-12-30,260,85,nonlinear_shrinkage_gmv,-0.015395616452364105,0.025591614219282435,1.2795807109641216e-05,-0.015408412259473746
2023-12-29,2023-12-29,2024-01-31,2023-12-30,260,85,minvar_lw_weekly,-0.012596444689356143,0.04461365790282488,2.230682895141244e-05,-0.012618751518307556
2023-12-29,2023-12-29,2024-01-31,2023-12-30,260,85,erc_weekly,-0.007022462525673538,0.0031513348797334436,1.575667439866722e-06,-0.007024038193113404
2023-12-29,2023-12-29,2024-01-31,2023-12-30,260,85,equal_weight,-0.008327398565246875,0.0,0.0,-0.008327398565246875
2024-01-31,2024-01-26,2024-02-29,2024-02-01,260,85,nonlinear_shrinkage_gmv,0.04395020277658536,0.009533931825594744,4.766965912797372e-06,0.04394543581067256
2024-01-31,2024-01-26,2024-02-29,2024-02-01,260,85,minvar_lw_weekly,0.04731551983151162,0.02580466343369491,1.2902331716847454e-05,0.047302617499794766
2024-01-31,2024-01-26,2024-02-29,2024-02-01,260,85,erc_weekly,0.04426012600263051,0.000892875351156586,4.46437675578293e-07,0.04425967956495493
2024-01-31,2024-01-26,2024-02-29,2024-02-01,260,85,equal_weight,0.04405119277852552,0.0,0.0,0.04405119277852552
2024-02-29,2024-02-23,2024-03-28,2024-03-01,260,85,nonlinear_shrinkage_gmv,0.019979280699352647,0.008890527456713053,4.4452637283565265e-06,0.01997483543562429
2024-02-29,2024-02-23,2024-03-28,2024-03-01,260,85,minvar_lw_weekly,0.0218940814564956,0.014381658860362192,7.1908294301810966e-06,0.02188689062706542
2024-02-29,2024-02-23,2024-03-28,2024-03-01,260,85,erc_weekly,0.034531548691818265,0.00045846574374598225,2.2923287187299113e-07,0.03453131945894639
2024-02-29,2024-02-23,2024-03-28,2024-03-01,260,85,equal_weight,0.035414374490735166,0.0,0.0,0.035414374490735166
2024-03-28,2024-03-22,2024-04-30,2024-03-29,260,85,nonlinear_shrinkage_gmv,-0.0075120592755138944,0.0007066024672404973,3.5330123362024866e-07,-0.007512412576747515
2024-03-28,2024-03-22,2024-04-30,2024-03-29,260,85,minvar_lw_weekly,-0.006797443457989965,0.006902634469896869,3.4513172349484346e-06,-0.006800894775224913
2024-03-28,2024-03-22,2024-04-30,2024-03-29,260,85,erc_weekly,-0.04063869552791413,0.000595731240302903,2.978656201514515e-07,-0.04063899339353428
2024-03-28,2024-03-22,2024-04-30,2024-03-29,260,85,equal_weight,-0.04370883935465163,0.0,0.0,-0.04370883935465163
2024-04-30,2024-04-26,2024-05-31,2024-05-01,260,85,nonlinear_shrinkage_gmv,0.020466017669813603,0.01908997851881609,9.544989259408046e-06,0.020456472680554196
2024-04-30,2024-04-26,2024-05-31,2024-05-01,260,85,minvar_lw_weekly,0.02039649862185859,0.02060760069607009,1.0303800348035046e-05,0.020386194821510557
2024-04-30,2024-04-26,2024-05-31,2024-05-01,260,85,erc_weekly,0.04114681396329751,0.000976915641187832,4.88457820593916e-07,0.041146325505476915
2024-04-30,2024-04-26,2024-05-31,2024-05-01,260,85,equal_weight,0.04285721855908285,0.0,0.0,0.04285721855908285
2024-05-31,2024-05-31,2024-06-28,2024-06-01,260,85,nonlinear_shrinkage_gmv,-0.016029433132423908,0.02882719300586519,1.4413596502932597e-05,-0.01604384672892684
2024-05-31,2024-05-31,2024-06-28,2024-06-01,260,85,minvar_lw_weekly,-0.014008920872803214,0.03177805643496038,1.5889028217480188e-05,-0.014024809901020695
2024-05-31,2024-05-31,2024-06-28,2024-06-01,260,85,erc_weekly,-0.001005992384827971,0.0013749800129699927,6.874900064849964e-07,-0.0010066798748344559
2024-05-31,2024-05-31,2024-06-28,2024-06-01,260,85,equal_weight,-0.001366503806850026,0.0,0.0,-0.001366503806850026
2024-06-28,2024-06-28,2024-07-31,2024-06-29,260,85,nonlinear_shrinkage_gmv,0.027770136727562268,0.005623992420704093,2.8119962103520463e-06,0.027767324731351916
2024-06-28,2024-06-28,2024-07-31,2024-06-29,260,85,minvar_lw_weekly,0.02328287145362974,0.010461462856455847,5.230731428227924e-06,0.023277640722201513
2024-06-28,2024-06-28,2024-07-31,2024-06-29,260,85,erc_weekly,0.04026098526369093,0.0007357606522054054,3.678803261027027e-07,0.040260617383364825
2024-06-28,2024-06-28,2024-07-31,2024-06-29,260,85,equal_weight,0.04413466112434318,0.0,0.0,0.04413466112434318
2024-07-31,2024-07-26,2024-08-30,2024-08-01,260,85,nonlinear_shrinkage_gmv,0.015270508703137758,0.02101844340544476,1.0509221702722379e-05,0.015259999481435036
2024-07-31,2024-07-26,2024-08-30,2024-08-01,260,85,minvar_lw_weekly,0.01239139335723229,0.019154548169262937,9.577274084631467e-06,0.012381816083147658
2024-07-31,2024-07-26,2024-08-30,2024-08-01,260,85,erc_weekly,0.016386660802235192,0.0011420518141746182,5.710259070873091e-07,0.016386089776328105
2024-07-31,2024-07-26,2024-08-30,2024-08-01,260,85,equal_weight,0.015446316779023844,0.0,0.0,0.015446316779023844
2024-08-30,2024-08-30,2024-09-30,2024-08-31,260,85,nonlinear_shrinkage_gmv,0.05269993340812648,0.028350137670423714,1.4175068835211857e-05,0.05268575833929127
2024-08-30,2024-08-30,2024-09-30,2024-08-31,260,85,minvar_lw_weekly,0.05297215091109443,0.04101081500144258,2.0505407500721288e-05,0.05295164550359371
2024-08-30,2024-08-30,2024-09-30,2024-08-31,260,85,erc_weekly,0.019396926714825128,0.00235888612685945,1.1794430634297251e-06,0.019395747271761698
2024-08-30,2024-08-30,2024-09-30,2024-08-31,260,85,equal_weight,0.01622086840065883,0.0,0.0,0.01622086840065883
2024-09-30,2024-09-27,2024-10-31,2024-10-01,260,85,nonlinear_shrinkage_gmv,-0.020056018217178277,0.025293867499342437,1.2646933749671219e-05,-0.02006866515092795
2024-09-30,2024-09-27,2024-10-31,2024-10-01,260,85,minvar_lw_weekly,-0.018604716719335484,0.045539952327869504,2.276997616393475e-05,-0.018627486695499417
2024-09-30,2024-09-27,2024-10-31,2024-10-01,260,85,erc_weekly,-0.021198965267965428,0.0016904222622000503,8.452111311000252e-07,-0.02119981047909653
2024-09-30,2024-09-27,2024-10-31,2024-10-01,260,85,equal_weight,-0.020290514016929807,0.0,0.0,-0.020290514016929807
2024-10-31,2024-10-25,2024-11-29,2024-11-01,260,85,nonlinear_shrinkage_gmv,-0.00017625139332182573,0.0833769833024703,4.168849165123515e-05,-0.00021793988497306087
2024-10-31,2024-10-25,2024-11-29,2024-11-01,260,85,minvar_lw_weekly,0.001604532974785433,0.1087776388913935,5.4388819445696745e-05,0.0015501441553397363
2024-10-31,2024-10-25,2024-11-29,2024-11-01,260,85,erc_weekly,0.047243720306737194,0.0004585062576804031,2.2925312884020153e-07,0.04724349105360835
2024-10-31,2024-10-25,2024-11-29,2024-11-01,260,85,equal_weight,0.05278367332771371,0.0,0.0,0.05278367332771371
2024-11-29,2024-11-29,2024-12-31,2024-11-30,260,86,nonlinear_shrinkage_gmv,-0.020039458528718357,0.018763223278309413,9.381611639154706e-06,-0.020048840140357512
2024-11-29,2024-11-29,2024-12-31,2024-11-30,260,86,minvar_lw_weekly,-0.01824373729575513,0.013377520043395178,6.688760021697588e-06,-0.018250426055776828
2024-11-29,2024-11-29,2024-12-31,2024-11-30,260,86,erc_weekly,-0.04507040681497959,0.013594162694224015,6.797081347112008e-06,-0.045077203896326704
2024-11-29,2024-11-29,2024-12-31,2024-11-30,260,86,equal_weight,-0.04802097538471789,0.011627906976744186,5.813953488372093e-06,-0.04802678933820626
2024-12-31,2024-12-27,2025-01-31,2025-01-01,260,86,nonlinear_shrinkage_gmv,0.016832828080832415,0.0041639130122963705,2.081956506148185e-06,0.016830746124326265
2024-12-31,2024-12-27,2025-01-31,2025-01-01,260,86,minvar_lw_weekly,0.018039800930730307,0.007946094420782097,3.973047210391049e-06,0.018035827883519914
2024-12-31,2024-12-27,2025-01-31,2025-01-01,260,86,erc_weekly,0.03216767980818618,0.0006648599754418005,3.324299877209003e-07,0.032167347378198465
2024-12-31,2024-12-27,2025-01-31,2025-01-01,260,86,equal_weight,0.03348794841902171,0.0,0.0,0.03348794841902171
2025-01-31,2025-01-31,2025-02-28,2025-02-01,260,86,nonlinear_shrinkage_gmv,0.02357899740063192,0.05056804436057981,2.5284022180289906e-05,0.02355371337845163
2025-01-31,2025-01-31,2025-02-28,2025-02-01,260,86,minvar_lw_weekly,0.021218002750277482,0.0370589232753812,1.8529461637690597e-05,0.021199473288639793
2025-01-31,2025-01-31,2025-02-28,2025-02-01,260,86,erc_weekly,-0.007497025327495669,0.001250693744583537,6.253468722917685e-07,-0.007497650674367961
2025-01-31,2025-01-31,2025-02-28,2025-02-01,260,86,equal_weight,-0.01186484271721114,0.0,0.0,-0.01186484271721114
2025-02-28,2025-02-28,2025-03-31,2025-03-01,260,86,nonlinear_shrinkage_gmv,0.018612410939141497,0.06801191991491236,3.4005959957456174e-05,0.01857840497918404
2025-02-28,2025-02-28,2025-03-31,2025-03-01,260,86,minvar_lw_weekly,0.01451478079753832,0.08718174105377031,4.359087052688516e-05,0.014471189927011435
2025-02-28,2025-02-28,2025-03-31,2025-03-01,260,86,erc_weekly,-0.031562445779217005,0.0043180347663646975,2.159017383182349e-06,-0.031564604796600185
2025-02-28,2025-02-28,2025-03-31,2025-03-01,260,86,equal_weight,-0.03633986060392229,0.0,0.0,-0.03633986060392229
2025-03-31,2025-03-28,2025-04-30,2025-04-01,260,86,nonlinear_shrinkage_gmv,0.027207474987876304,0.21481092255431536,0.00010740546127715768,0.027100069526599147
2025-03-31,2025-03-28,2025-04-30,2025-04-01,260,86,minvar_lw_weekly,0.023290049248144838,0.23082902728926646,0.00011541451364463322,0.023174634734500203
2025-03-31,2025-03-28,2025-04-30,2025-04-01,260,86,erc_weekly,-0.0006060605427816784,0.015000346088918499,7.500173044459249e-06,-0.0006135607158261376
2025-03-31,2025-03-28,2025-04-30,2025-04-01,260,86,equal_weight,-0.001974721725355259,0.0,0.0,-0.001974721725355259
2025-04-30,2025-04-25,2025-05-30,2025-05-01,260,86,nonlinear_shrinkage_gmv,0.019978382652421744,0.19350137053302321,9.67506852665116e-05,0.01988163196715523
2025-04-30,2025-04-25,2025-05-30,2025-05-01,260,86,minvar_lw_weekly,0.019887544102806187,0.1669499525403932,8.34749762701966e-05,0.01980406912653599
2025-04-30,2025-04-25,2025-05-30,2025-05-01,260,86,erc_weekly,0.04771572397622566,0.015163926419196012,7.5819632095980055e-06,0.04770814201301606
2025-04-30,2025-04-25,2025-05-30,2025-05-01,260,86,equal_weight,0.050088208129817076,0.0,0.0,0.050088208129817076
2025-05-30,2025-05-30,2025-06-30,2025-05-31,260,88,nonlinear_shrinkage_gmv,0.01892011818380037,0.02140263946455869,1.0701319732279347e-05,0.01890941686406809
2025-05-30,2025-05-30,2025-06-30,2025-05-31,260,88,minvar_lw_weekly,0.019003549194712234,0.02068407889709839,1.0342039448549194e-05,0.018993207155263685
2025-05-30,2025-05-30,2025-06-30,2025-05-31,260,88,erc_weekly,0.03978323133660764,0.024643303885055846,1.2321651942527923e-05,0.03977090968466511
2025-05-30,2025-05-30,2025-06-30,2025-05-31,260,88,equal_weight,0.04206147086014786,0.022727272727272707,1.1363636363636353e-05,0.042050107223784224
2025-06-30,2025-06-27,2025-07-31,2025-07-01,260,88,nonlinear_shrinkage_gmv,-0.014381545305073405,0.0445124322159003,2.225621610795015e-05,-0.014403801521181356
2025-06-30,2025-06-27,2025-07-31,2025-07-01,260,88,minvar_lw_weekly,-0.014321506614719256,0.04253675751198661,2.12683787559933e-05,-0.014342774993475249
2025-06-30,2025-06-27,2025-07-31,2025-07-01,260,88,erc_weekly,0.007014853352862458,0.00513621473497449,2.5681073674872453e-06,0.007012285245494971
2025-06-30,2025-06-27,2025-07-31,2025-07-01,260,88,equal_weight,0.00837739633014073,0.0,0.0,0.00837739633014073
2025-07-31,2025-07-25,2025-08-29,2025-08-01,260,88,nonlinear_shrinkage_gmv,0.03764640226357485,0.010260802622080727,5.130401311040363e-06,0.03764127186226381
2025-07-31,2025-07-25,2025-08-29,2025-08-01,260,88,minvar_lw_weekly,0.03726716270169991,0.01087221614749077,5.436108073745385e-06,0.03726172659362617
2025-07-31,2025-07-25,2025-08-29,2025-08-01,260,88,erc_weekly,0.04161721273302586,0.0005759590900589685,2.8797954502948427e-07,0.04161692475348083
2025-07-31,2025-07-25,2025-08-29,2025-08-01,260,88,equal_weight,0.041755563765413777,0.0,0.0,0.041755563765413777
2025-08-29,2025-08-29,2025-09-30,2025-08-30,260,88,nonlinear_shrinkage_gmv,0.01125371922871999,0.018610850099814072,9.305425049907036e-06,0.011244413803670082
2025-08-29,2025-08-29,2025-09-30,2025-08-30,260,88,minvar_lw_weekly,0.011451744166058358,0.018192094614756415,9.096047307378208e-06,0.01144264811875098
2025-08-29,2025-08-29,2025-09-30,2025-08-30,260,88,erc_weekly,0.02573500016420264,0.0019498937949678254,9.749468974839126e-07,0.025734025217305154
2025-08-29,2025-08-29,2025-09-30,2025-08-30,260,88,equal_weight,0.027347040437440427,0.0,0.0,0.027347040437440427
2025-09-30,2025-09-26,2025-10-31,2025-10-01,260,89,nonlinear_shrinkage_gmv,-0.0002265699809123325,0.012091934992039444,6.0459674960197215e-06,-0.00023261594840835224
2025-09-30,2025-09-26,2025-10-31,2025-10-01,260,89,minvar_lw_weekly,0.00024051310557687226,0.011418128761163947,5.709064380581974e-06,0.00023480404119629027
2025-09-30,2025-09-26,2025-10-31,2025-10-01,260,89,erc_weekly,0.011768868970570542,0.014039833559329949,7.019916779664974e-06,0.011761849053790878
2025-09-30,2025-09-26,2025-10-31,2025-10-01,260,89,equal_weight,0.013430408630200619,0.011235955056179803,5.617977528089902e-06,0.01342479065267253
2025-10-31,2025-10-31,2025-11-28,2025-11-01,260,90,nonlinear_shrinkage_gmv,0.016477971760013643,0.041412966393261065,2.0706483196630532e-05,0.016457265276817012
2025-10-31,2025-10-31,2025-11-28,2025-11-01,260,90,minvar_lw_weekly,0.016413082373165286,0.03548475696179994,1.774237848089997e-05,0.016395339994684385
2025-10-31,2025-10-31,2025-11-28,2025-11-01,260,90,erc_weekly,0.013294369142767392,0.011161732631415547,5.580866315707773e-06,0.013288788276451684
2025-10-31,2025-10-31,2025-11-28,2025-11-01,260,90,equal_weight,0.013563136566543257,0.011111111111111079,5.555555555555539e-06,0.013557581010987701
2025-11-28,2025-11-28,2025-12-31,2025-11-29,260,90,nonlinear_shrinkage_gmv,0.008047626815351937,0.006497184804407419,3.248592402203709e-06,0.008044378222949733
2025-11-28,2025-11-28,2025-12-31,2025-11-29,260,90,minvar_lw_weekly,0.007994596909689778,0.007113249003981874,3.556624501990937e-06,0.007991040285187788
2025-11-28,2025-11-28,2025-12-31,2025-11-29,260,90,erc_weekly,0.0098495921556331,0.004544848671219795,2.2724243356098975e-06,0.00984731973129749
2025-11-28,2025-11-28,2025-12-31,2025-11-29,260,90,equal_weight,0.008911703655579514,0.0,0.0,0.008911703655579514
2025-12-31,2025-12-26,2026-01-30,2026-01-01,260,90,nonlinear_shrinkage_gmv,0.020237750024199298,0.0047811796362379295,2.3905898181189647e-06,0.020235359434381178
2025-12-31,2025-12-26,2026-01-30,2026-01-01,260,90,minvar_lw_weekly,0.019978065061873083,0.004726398361335235,2.3631991806676175e-06,0.019975701862692416
2025-12-31,2025-12-26,2026-01-30,2026-01-01,260,90,erc_weekly,0.038610146520692015,0.00047750032003615215,2.387501600180761e-07,0.038609907770532
2025-12-31,2025-12-26,2026-01-30,2026-01-01,260,90,equal_weight,0.03839335671085416,0.0,0.0,0.03839335671085416
2026-01-30,2026-01-30,2026-02-27,2026-01-31,260,90,nonlinear_shrinkage_gmv,0.042442437721400855,0.04630290257212455,2.3151451286062274e-05,0.04241928627011479
2026-01-30,2026-01-30,2026-02-27,2026-01-31,260,90,minvar_lw_weekly,0.04227689120664137,0.043651387896311726,2.1825693948155865e-05,0.04225506551269321
2026-01-30,2026-01-30,2026-02-27,2026-01-31,260,90,erc_weekly,0.027336424237125657,0.0034955791076335305,1.7477895538167652e-06,0.02733467644757184
2026-01-30,2026-01-30,2026-02-27,2026-01-31,260,90,equal_weight,0.02458248930452129,0.0,0.0,0.02458248930452129
2026-02-27,2026-02-27,2026-03-31,2026-02-28,260,90,nonlinear_shrinkage_gmv,-0.06539946828833856,0.02270218719846733,1.1351093599233667e-05,-0.0654108193819378
2026-02-27,2026-02-27,2026-03-31,2026-02-28,260,90,minvar_lw_weekly,-0.06588725427317026,0.02292183407279748,1.146091703639874e-05,-0.06589871519020665
2026-02-27,2026-02-27,2026-03-31,2026-02-28,260,90,erc_weekly,-0.059175875317999733,0.0021537058027522485,1.0768529013761243e-06,-0.05917695217090111
2026-02-27,2026-02-27,2026-03-31,2026-02-28,260,90,equal_weight,-0.05761791085656385,0.0,0.0,-0.05761791085656385
2026-03-31,2026-03-27,2026-04-30,2026-04-01,260,90,nonlinear_shrinkage_gmv,0.03121069444964969,0.03298547972767663,1.6492739863838317e-05,0.031194201709785853
2026-03-31,2026-03-27,2026-04-30,2026-04-01,260,90,minvar_lw_weekly,0.03170947553483783,0.03403697015237734,1.7018485076188668e-05,0.03169245704976164
2026-03-31,2026-03-27,2026-04-30,2026-04-01,260,90,erc_weekly,0.07959346035376566,0.0062163816915618755,3.108190845780938e-06,0.07959035216291988
2026-03-31,2026-03-27,2026-04-30,2026-04-01,260,90,equal_weight,0.08483388445083956,0.0,0.0,0.08483388445083956
2026-04-30,2026-04-24,2026-05-29,2026-05-01,260,90,nonlinear_shrinkage_gmv,0.001531679216665993,0.02567580646948456,1.2837903234742282e-05,0.0015188413134312507
2026-04-30,2026-04-24,2026-05-29,2026-05-01,260,90,minvar_lw_weekly,0.0019176371109332676,0.02605985151161359,1.3029925755806796e-05,0.0019046071851774608
2026-04-30,2026-04-24,2026-05-29,2026-05-01,260,90,erc_weekly,0.03311840031549568,0.0028172812853725663,1.4086406426862832e-06,0.03311699167485299
2026-04-30,2026-04-24,2026-05-29,2026-05-01,260,90,equal_weight,0.03668257292962616,0.0,0.0,0.03668257292962616
2026-05-29,2026-05-29,2026-06-30,2026-05-30,260,90,nonlinear_shrinkage_gmv,0.0065947174916268095,0.011985164702153358,5.9925823510766786e-06,0.006588724909275733
2026-05-29,2026-05-29,2026-06-30,2026-05-30,260,90,minvar_lw_weekly,0.007103140107047186,0.01193978441922903,5.969892209614515e-06,0.007097170214837572
2026-05-29,2026-05-29,2026-06-30,2026-05-30,260,90,erc_weekly,0.018572088060744722,0.0014396034853640769,7.198017426820384e-07,0.01857136825900204
2026-05-29,2026-05-29,2026-06-30,2026-05-30,260,90,equal_weight,0.021038750060037675,0.0,0.0,0.021038750060037675
2026-06-30,2026-06-26,2026-07-31,2026-07-01,260,91,nonlinear_shrinkage_gmv,0.011422284447570964,0.020208968819198463,1.0104484409599232e-05,0.011412179963161365
2026-06-30,2026-06-26,2026-07-31,2026-07-01,260,91,minvar_lw_weekly,0.010543698821474937,0.016313466750416124,8.156733375208062e-06,0.010535542088099729
2026-06-30,2026-06-26,2026-07-31,2026-07-01,260,91,erc_weekly,-0.004781775090340735,0.011076669658843581,5.53833482942179e-06,-0.0047873134251701565
2026-06-30,2026-06-26,2026-07-31,2026-07-01,260,91,equal_weight,-0.00833007036789399,0.01098901098901097,5.494505494505485e-06,-0.008335564873388495
2026-07-31,2026-07-31,2026-08-31,2026-08-01,260,91,nonlinear_shrinkage_gmv,0.022816926913679862,0.012629853164298092,6.314926582149047e-06,0.022810611987097714
2026-07-31,2026-07-31,2026-08-31,2026-08-01,260,91,minvar_lw_weekly,0.02303454463440304,0.012144740902985635,6.0723704514928175e-06,0.02302847226395155
2026-07-31,2026-07-31,2026-08-31,2026-08-01,260,91,erc_weekly,0.019023318562091593,0.0015023566787798178,7.511783393899088e-07,0.019022567383752204
2026-07-31,2026-07-31,2026-08-31,2026-08-01,260,91,equal_weight,0.018951277712596318,0.0,0.0,0.018951277712596318
2026-08-31,2026-08-28,2026-09-16,2026-09-01,260,90,nonlinear_shrinkage_gmv,-0.02484303936590395,0.014004289210041048,7.002144605020525e-06,-0.02485004151050897
2026-08-31,2026-08-28,2026-09-16,2026-09-01,260,90,minvar_lw_weekly,-0.025079040703460665,0.0139234682818966,6.9617341409483e-06,-0.025086002437601614
2026-08-31,2026-08-28,2026-09-16,2026-09-01,260,90,erc_weekly,-0.023497838220995007,0.013838006156667275,6.919003078333637e-06,-0.02350475722407334
2026-08-31,2026-08-28,2026-09-16,2026-09-01,260,90,equal_weight,-0.024231137919923252,0.01098901098901097,5.494505494505485e-06,-0.024236632425417758
2016-01-29,2016-01-29,2016-02-29,2016-01-30,260,1,buy_hold_usmv,0.0104270000546686,0.5,0.00025,0.0101770000546686
2016-02-29,2016-02-26,2016-03-31,2016-03-01,260,1,buy_hold_usmv,0.0593169394202155,0.0,0.0,0.0593169394202155
2016-03-31,2016-03-25,2016-04-29,2016-04-01,260,1,buy_hold_usmv,-0.0036420467994675,0.0,0.0,-0.0036420467994675
2016-04-29,2016-04-29,2016-05-31,2016-04-30,260,1,buy_hold_usmv,0.0157639298817637,0.0,0.0,0.0157639298817637
2016-05-31,2016-05-27,2016-06-30,2016-06-01,260,1,buy_hold_usmv,0.0448854297041529,0.0,0.0,0.0448854297041529
2016-06-30,2016-06-24,2016-07-29,2016-07-01,260,1,buy_hold_usmv,0.0147152616653136,0.0,0.0,0.0147152616653136
2016-07-29,2016-07-29,2016-08-31,2016-07-30,260,1,buy_hold_usmv,-0.0196204262449345,0.0,0.0,-0.0196204262449345
2016-08-31,2016-08-26,2016-09-30,2016-09-01,260,1,buy_hold_usmv,-0.006473340103126,0.0,0.0,-0.006473340103126
2016-09-30,2016-09-30,2016-10-31,2016-10-01,260,1,buy_hold_usmv,-0.0275149231364028,0.0,0.0,-0.0275149231364028
2016-10-31,2016-10-28,2016-11-30,2016-11-01,260,1,buy_hold_usmv,0.0061113180466978,0.0,0.0,0.0061113180466978
2016-11-30,2016-11-25,2016-12-30,2016-12-01,260,1,buy_hold_usmv,0.0243286812248157,0.0,0.0,0.0243286812248157
2016-12-30,2016-12-30,2017-01-31,2016-12-31,260,1,buy_hold_usmv,0.0126047416607646,0.0,0.0,0.0126047416607646
2017-01-31,2017-01-27,2017-02-28,2017-02-01,260,1,buy_hold_usmv,0.045424856763526,0.0,0.0,0.045424856763526
2017-02-28,2017-02-24,2017-03-31,2017-03-01,260,1,buy_hold_usmv,0.0012299648374758,0.0,0.0,0.0012299648374758
2017-03-31,2017-03-31,2017-04-28,2017-04-01,260,1,buy_hold_usmv,0.0140401746454297,0.0,0.0,0.0140401746454297
2017-04-28,2017-04-28,2017-05-31,2017-04-29,260,1,buy_hold_usmv,0.0200452459098245,0.0,0.0,0.0200452459098245
2017-05-31,2017-05-26,2017-06-30,2017-06-01,260,1,buy_hold_usmv,-0.0035447424189761,0.0,0.0,-0.0035447424189761
2017-06-30,2017-06-30,2017-07-31,2017-07-01,260,1,buy_hold_usmv,0.0202327162404827,0.0,0.0,0.0202327162404827
2017-07-31,2017-07-28,2017-08-31,2017-08-01,260,1,buy_hold_usmv,0.0076122043557211,0.0,0.0,0.0076122043557211
2017-08-31,2017-08-25,2017-09-29,2017-09-01,260,1,buy_hold_usmv,0.0051663564826089,0.0,0.0,0.0051663564826089
2017-09-29,2017-09-29,2017-10-31,2017-09-30,260,1,buy_hold_usmv,0.0194674085829404,0.0,0.0,0.0194674085829404
2017-10-31,2017-10-27,2017-11-30,2017-11-01,260,1,buy_hold_usmv,0.0307877520968613,0.0,0.0,0.0307877520968613
2017-11-30,2017-11-24,2017-12-29,2017-12-01,260,1,buy_hold_usmv,0.0023891976666077,0.0,0.0,0.0023891976666077
2017-12-29,2017-12-29,2018-01-31,2017-12-30,260,1,buy_hold_usmv,0.0348616363369529,0.0,0.0,0.0348616363369529
2018-01-31,2018-01-26,2018-02-28,2018-02-01,260,1,buy_hold_usmv,-0.0424753691334797,0.0,0.0,-0.0424753691334797
2018-02-28,2018-02-23,2018-03-29,2018-03-01,260,1,buy_hold_usmv,-0.0026234160745202,0.0,0.0,-0.0026234160745202
2018-03-29,2018-03-23,2018-04-30,2018-03-30,260,1,buy_hold_usmv,0.0021181229692126,0.0,0.0,0.0021181229692126
2018-04-30,2018-04-27,2018-05-31,2018-05-01,260,1,buy_hold_usmv,0.0099924226020187,0.0,0.0,0.0099924226020187
2018-05-31,2018-05-25,2018-06-29,2018-06-01,260,1,buy_hold_usmv,0.0169571933014314,0.0,0.0,0.0169571933014314
2018-06-29,2018-06-29,2018-07-31,2018-06-30,260,1,buy_hold_usmv,0.0329194699644186,0.0,0.0,0.0329194699644186
2018-07-31,2018-07-27,2018-08-31,2018-08-01,260,1,buy_hold_usmv,0.0305956476488631,0.0,0.0,0.0305956476488631
2018-08-31,2018-08-31,2018-09-28,2018-09-01,260,1,buy_hold_usmv,0.0124370807962002,0.0,0.0,0.0124370807962002
2018-09-28,2018-09-28,2018-10-31,2018-09-29,260,1,buy_hold_usmv,-0.0404981394801603,0.0,0.0,-0.0404981394801603
2018-10-31,2018-10-26,2018-11-30,2018-11-01,260,1,buy_hold_usmv,0.0323407793425229,0.0,0.0,0.0323407793425229
2018-11-30,2018-11-30,2018-12-31,2018-12-01,260,1,buy_hold_usmv,-0.0668808372267562,0.0,0.0,-0.0668808372267562
2018-12-31,2018-12-28,2019-01-31,2019-01-01,260,1,buy_hold_usmv,0.0564882869030127,0.0,0.0,0.0564882869030127
2019-01-31,2019-01-25,2019-02-28,2019-02-01,260,1,buy_hold_usmv,0.0382950095913889,0.0,0.0,0.0382950095913889
2019-02-28,2019-02-22,2019-03-29,2019-03-01,260,1,buy_hold_usmv,0.0271373811219444,0.0,0.0,0.0271373811219444
2019-03-29,2019-03-29,2019-04-30,2019-03-30,260,1,buy_hold_usmv,0.0217687871476619,0.0,0.0,0.0217687871476619
2019-04-30,2019-04-26,2019-05-31,2019-05-01,260,1,buy_hold_usmv,-0.0161450047999228,0.0,0.0,-0.0161450047999228
2019-05-31,2019-05-31,2019-06-28,2019-06-01,260,1,buy_hold_usmv,0.0498351090305086,0.0,0.0,0.0498351090305086
2019-06-28,2019-06-28,2019-07-31,2019-06-29,260,1,buy_hold_usmv,0.0166854004108985,0.0,0.0,0.0166854004108985
2019-07-31,2019-07-26,2019-08-30,2019-08-01,260,1,buy_hold_usmv,0.0159336928327833,0.0,0.0,0.0159336928327833
2019-08-30,2019-08-30,2019-09-30,2019-08-31,260,1,buy_hold_usmv,0.0098372358294818,0.0,0.0,0.0098372358294818
2019-09-30,2019-09-27,2019-10-31,2019-10-01,260,1,buy_hold_usmv,-0.0023401726148621,0.0,0.0,-0.0023401726148621
2019-10-31,2019-10-25,2019-11-29,2019-11-01,260,1,buy_hold_usmv,0.0139171774271744,0.0,0.0,0.0139171774271744
2019-11-29,2019-11-29,2019-12-31,2019-11-30,260,1,buy_hold_usmv,0.0177325248524298,0.0,0.0,0.0177325248524298
2019-12-31,2019-12-27,2020-01-31,2020-01-01,260,1,buy_hold_usmv,0.0234756799881306,0.0,0.0,0.0234756799881306
2020-01-31,2020-01-31,2020-02-28,2020-02-01,260,1,buy_hold_usmv,-0.0874293414869784,0.0,0.0,-0.0874293414869784
2020-02-28,2020-02-28,2020-03-31,2020-02-29,260,1,buy_hold_usmv,-0.1130105013275409,0.0,0.0,-0.1130105013275409
2020-03-31,2020-03-27,2020-04-30,2020-04-01,260,1,buy_hold_usmv,0.0936865148373291,0.0,0.0,0.0936865148373291
2020-04-30,2020-04-24,2020-05-29,2020-05-01,260,1,buy_hold_usmv,0.0431691346221247,0.0,0.0,0.0431691346221247
2020-05-29,2020-05-29,2020-06-30,2020-05-30,260,1,buy_hold_usmv,-0.0111103897297571,0.0,0.0,-0.0111103897297571
2020-06-30,2020-06-26,2020-07-31,2020-07-01,260,1,buy_hold_usmv,0.0456871501526572,0.0,0.0,0.0456871501526572
2020-07-31,2020-07-31,2020-08-31,2020-08-01,260,1,buy_hold_usmv,0.0272868955734979,0.0,0.0,0.0272868955734979
2020-08-31,2020-08-28,2020-09-30,2020-09-01,260,1,buy_hold_usmv,-0.0166514596470425,0.0,0.0,-0.0166514596470425
2020-09-30,2020-09-25,2020-10-30,2020-10-01,260,1,buy_hold_usmv,-0.0324809103502566,0.0,0.0,-0.0324809103502566
2020-10-30,2020-10-30,2020-11-30,2020-10-31,260,1,buy_hold_usmv,0.080927911530779,0.0,0.0,0.080927911530779
2020-11-30,2020-11-27,2020-12-31,2020-12-01,260,1,buy_hold_usmv,0.023078259623378,0.0,0.0,0.023078259623378
2020-12-31,2020-12-25,2021-01-29,2021-01-01,260,1,buy_hold_usmv,-0.0272540019463184,0.0,0.0,-0.0272540019463184
2021-01-29,2021-01-29,2021-02-26,2021-01-30,260,1,buy_hold_usmv,-0.0037859473436372,0.0,0.0,-0.0037859473436372
2021-02-26,2021-02-26,2021-03-31,2021-02-27,260,1,buy_hold_usmv,0.0560837559936246,0.0,0.0,0.0560837559936246
2021-03-31,2021-03-26,2021-04-30,2021-04-01,260,1,buy_hold_usmv,0.0398900575901137,0.0,0.0,0.0398900575901137
2021-04-30,2021-04-30,2021-05-28,2021-05-01,260,1,buy_hold_usmv,0.0087561645827394,0.0,0.0,0.0087561645827394
2021-05-28,2021-05-28,2021-06-30,2021-05-29,260,1,buy_hold_usmv,0.0171622448973736,0.0,0.0,0.0171622448973736
2021-06-30,2021-06-25,2021-07-30,2021-07-01,260,1,buy_hold_usmv,0.0354572065376386,0.0,0.0,0.0354572065376386
2021-07-30,2021-07-30,2021-08-31,2021-07-31,260,1,buy_hold_usmv,0.0187614175985795,0.0,0.0,0.0187614175985795
2021-08-31,2021-08-27,2021-09-30,2021-09-01,260,1,buy_hold_usmv,-0.0498704532292039,0.0,0.0,-0.0498704532292039
2021-09-30,2021-09-24,2021-10-29,2021-10-01,260,1,buy_hold_usmv,0.0551020805592674,0.0,0.0,0.0551020805592674
2021-10-29,2021-10-29,2021-11-30,2021-10-30,260,1,buy_hold_usmv,-0.0205030829092575,0.0,0.0,-0.0205030829092575
2021-11-30,2021-11-26,2021-12-31,2021-12-01,260,1,buy_hold_usmv,0.0684287648259456,0.0,0.0,0.0684287648259456
2021-12-31,2021-12-31,2022-01-31,2022-01-01,260,1,buy_hold_usmv,-0.0598267542987749,0.0,0.0,-0.0598267542987749
2022-01-31,2022-01-28,2022-02-28,2022-02-01,260,1,buy_hold_usmv,-0.0306337720434882,0.0,0.0,-0.0306337720434882
2022-02-28,2022-02-25,2022-03-31,2022-03-01,260,1,buy_hold_usmv,0.0558107246642354,0.0,0.0,0.0558107246642354
2022-03-31,2022-03-25,2022-04-29,2022-04-01,260,1,buy_hold_usmv,-0.0533709879930215,0.0,0.0,-0.0533709879930215
2022-04-29,2022-04-29,2022-05-31,2022-04-30,260,1,buy_hold_usmv,0.0004085056471707,0.0,0.0,0.0004085056471707
2022-05-31,2022-05-27,2022-06-30,2022-06-01,260,1,buy_hold_usmv,-0.0413182967683616,0.0,0.0,-0.0413182967683616
2022-06-30,2022-06-24,2022-07-29,2022-07-01,260,1,buy_hold_usmv,0.0512747503449804,0.0,0.0,0.0512747503449804
2022-07-29,2022-07-29,2022-08-31,2022-07-30,260,1,buy_hold_usmv,-0.0315674322031499,0.0,0.0,-0.0315674322031499
2022-08-31,2022-08-26,2022-09-30,2022-09-01,260,1,buy_hold_usmv,-0.0707463252491623,0.0,0.0,-0.0707463252491623
2022-09-30,2022-09-30,2022-10-31,2022-10-01,260,1,buy_hold_usmv,0.0770044868592954,0.0,0.0,0.0770044868592954
2022-10-31,2022-10-28,2022-11-30,2022-11-01,260,1,buy_hold_usmv,0.0571711098434009,0.0,0.0,0.0571711098434009
2022-11-30,2022-11-25,2022-12-30,2022-12-01,260,1,buy_hold_usmv,-0.037522099082106,0.0,0.0,-0.037522099082106
2022-12-30,2022-12-30,2023-01-31,2022-12-31,260,1,buy_hold_usmv,0.0152564609945076,0.0,0.0,0.0152564609945076
2023-01-31,2023-01-27,2023-02-28,2023-02-01,260,1,buy_hold_usmv,-0.0349727011019561,0.0,0.0,-0.0349727011019561
2023-02-28,2023-02-24,2023-03-31,2023-03-01,260,1,buy_hold_usmv,0.0344634143091049,0.0,0.0,0.0344634143091049
2023-03-31,2023-03-31,2023-04-28,2023-04-01,260,1,buy_hold_usmv,0.0148474403322051,0.0,0.0,0.0148474403322051
2023-04-28,2023-04-28,2023-05-31,2023-04-29,260,1,buy_hold_usmv,-0.0322408482202458,0.0,0.0,-0.0322408482202458
2023-05-31,2023-05-26,2023-06-30,2023-06-01,260,1,buy_hold_usmv,0.044511000140557,0.0,0.0,0.044511000140557
2023-06-30,2023-06-30,2023-07-31,2023-07-01,260,1,buy_hold_usmv,0.0138570739573335,0.0,0.0,0.0138570739573335
2023-07-31,2023-07-28,2023-08-31,2023-08-01,260,1,buy_hold_usmv,-0.0063692383555687,0.0,0.0,-0.0063692383555687
2023-08-31,2023-08-25,2023-09-29,2023-09-01,260,1,buy_hold_usmv,-0.0283175350993755,0.0,0.0,-0.0283175350993755
2023-09-29,2023-09-29,2023-10-31,2023-09-30,260,1,buy_hold_usmv,-0.0087040719497979,0.0,0.0,-0.0087040719497979
2023-10-31,2023-10-27,2023-11-30,2023-11-01,260,1,buy_hold_usmv,0.0641115481717997,0.0,0.0,0.0641115481717997
2023-11-30,2023-11-24,2023-12-29,2023-12-01,260,1,buy_hold_usmv,0.0276708436252759,0.0,0.0,0.0276708436252759
2023-12-29,2023-12-29,2024-01-31,2023-12-30,260,1,buy_hold_usmv,0.0216583415971891,0.0,0.0,0.0216583415971891
2024-01-31,2024-01-26,2024-02-29,2024-02-01,260,1,buy_hold_usmv,0.0209481537314375,0.0,0.0,0.0209481537314375
2024-02-29,2024-02-23,2024-03-28,2024-03-01,260,1,buy_hold_usmv,0.0313755650549738,0.0,0.0,0.0313755650549738
2024-03-28,2024-03-22,2024-04-30,2024-03-29,260,1,buy_hold_usmv,-0.0374489748790869,0.0,0.0,-0.0374489748790869
2024-04-30,2024-04-26,2024-05-31,2024-05-01,260,1,buy_hold_usmv,0.0292104833276485,0.0,0.0,0.0292104833276485
2024-05-31,2024-05-31,2024-06-28,2024-06-01,260,1,buy_hold_usmv,0.0176878478253481,0.0,0.0,0.0176878478253481
2024-06-28,2024-06-28,2024-07-31,2024-06-29,260,1,buy_hold_usmv,0.0366842019861866,0.0,0.0,0.0366842019861866
2024-07-31,2024-07-26,2024-08-30,2024-08-01,260,1,buy_hold_usmv,0.0491727000451505,0.0,0.0,0.0491727000451505
2024-08-30,2024-08-30,2024-09-30,2024-08-31,260,1,buy_hold_usmv,0.0043704660792678,0.0,0.0,0.0043704660792678
2024-09-30,2024-09-27,2024-10-31,2024-10-01,260,1,buy_hold_usmv,-0.0144561766067142,0.0,0.0,-0.0144561766067142
2024-10-31,2024-10-25,2024-11-29,2024-11-01,260,1,buy_hold_usmv,0.0506724482743858,0.0,0.0,0.0506724482743858
2024-11-29,2024-11-29,2024-12-31,2024-11-30,260,1,buy_hold_usmv,-0.0566005743979378,0.0,0.0,-0.0566005743979378
2024-12-31,2024-12-27,2025-01-31,2025-01-01,260,1,buy_hold_usmv,0.0355896567003792,0.0,0.0,0.0355896567003792
2025-01-31,2025-01-31,2025-02-28,2025-02-01,260,1,buy_hold_usmv,0.0284936780822109,0.0,0.0,0.0284936780822109
2025-02-28,2025-02-28,2025-03-31,2025-03-01,260,1,buy_hold_usmv,-0.0061587322237551,0.0,0.0,-0.0061587322237551
2025-03-31,2025-03-28,2025-04-30,2025-04-01,260,1,buy_hold_usmv,-0.0119580348362919,0.0,0.0,-0.0119580348362919
2025-04-30,2025-04-25,2025-05-30,2025-05-01,260,1,buy_hold_usmv,0.0104819005993099,0.0,0.0,0.0104819005993099
2025-05-30,2025-05-30,2025-06-30,2025-05-31,260,1,buy_hold_usmv,0.0073698374460504,0.0,0.0,0.0073698374460504
2025-06-30,2025-06-27,2025-07-31,2025-07-01,260,1,buy_hold_usmv,-0.0134228699136109,0.0,0.0,-0.0134228699136109
2025-07-31,2025-07-25,2025-08-29,2025-08-01,260,1,buy_hold_usmv,0.0178166672974753,0.0,0.0,0.0178166672974753
2025-08-29,2025-08-29,2025-09-30,2025-08-30,260,1,buy_hold_usmv,0.0132441496169719,0.0,0.0,0.0132441496169719
2025-09-30,2025-09-26,2025-10-31,2025-10-01,260,1,buy_hold_usmv,-0.0206011937161578,0.0,0.0,-0.0206011937161578
2025-10-31,2025-10-31,2025-11-28,2025-11-01,260,1,buy_hold_usmv,0.0230736328614753,0.0,0.0,0.0230736328614753
2025-11-28,2025-11-28,2025-12-31,2025-11-29,260,1,buy_hold_usmv,-0.0081810919216174,0.0,0.0,-0.0081810919216174
2025-12-31,2025-12-26,2026-01-30,2026-01-01,260,1,buy_hold_usmv,0.0088147082829483,0.0,0.0,0.0088147082829483
2026-01-30,2026-01-30,2026-02-27,2026-01-31,260,1,buy_hold_usmv,0.0296874095751022,0.0,0.0,0.0296874095751022
2026-02-27,2026-02-27,2026-03-31,2026-02-28,260,1,buy_hold_usmv,-0.0479329878886793,0.0,0.0,-0.0479329878886793
2026-03-31,2026-03-27,2026-04-30,2026-04-01,260,1,buy_hold_usmv,0.0204873594798602,0.0,0.0,0.0204873594798602
2026-04-30,2026-04-24,2026-05-29,2026-05-01,260,1,buy_hold_usmv,0.0207101090996419,0.0,0.0,0.0207101090996419
2026-05-29,2026-05-29,2026-06-30,2026-05-30,260,1,buy_hold_usmv,0.0016793195222741,0.0,0.0,0.0016793195222741
2026-06-30,2026-06-26,2026-07-31,2026-07-01,260,1,buy_hold_usmv,0.0152395471827952,0.0,0.0,0.0152395471827952
2026-07-31,2026-07-31,2026-08-31,2026-08-01,260,1,buy_hold_usmv,0.0366587451609614,0.0,0.0,0.0366587451609614
2026-08-31,2026-08-28,2026-09-16,2026-09-01,260,1,buy_hold_usmv,-0.0266601401762861,0.0,0.0,-0.0266601401762861
2016-01-29,2016-01-29,2016-02-29,2016-01-30,260,1,buy_hold_acwi,-0.0124858996740524,0.5,0.00025,-0.012735899674052401
2016-02-29,2016-02-26,2016-03-31,2016-03-01,260,1,buy_hold_acwi,0.0739463214369222,0.0,0.0,0.0739463214369222
2016-03-31,2016-03-25,2016-04-29,2016-04-01,260,1,buy_hold_acwi,0.0133785549660476,0.0,0.0,0.0133785549660476
2016-04-29,2016-04-29,2016-05-31,2016-04-30,260,1,buy_hold_acwi,0.0033444720209661,0.0,0.0,0.0033444720209661
2016-05-31,2016-05-27,2016-06-30,2016-06-01,260,1,buy_hold_acwi,-0.0004969751026898,0.0,0.0,-0.0004969751026898
2016-06-30,2016-06-24,2016-07-29,2016-07-01,260,1,buy_hold_acwi,0.0377023435168633,0.0,0.0,0.0377023435168633
2016-07-29,2016-07-29,2016-08-31,2016-07-30,260,1,buy_hold_acwi,0.0034275058861943,0.0,0.0,0.0034275058861943
2016-08-31,2016-08-26,2016-09-30,2016-09-01,260,1,buy_hold_acwi,0.0093938959592541,0.0,0.0,0.0093938959592541
2016-09-30,2016-09-30,2016-10-31,2016-10-01,260,1,buy_hold_acwi,-0.0191201995588973,0.0,0.0,-0.0191201995588973
2016-10-31,2016-10-28,2016-11-30,2016-11-01,260,1,buy_hold_acwi,0.0103499992951641,0.0,0.0,0.0103499992951641
2016-11-30,2016-11-25,2016-12-30,2016-12-01,260,1,buy_hold_acwi,0.0196230618830413,0.0,0.0,0.0196230618830413
2016-12-30,2016-12-30,2017-01-31,2016-12-31,260,1,buy_hold_acwi,0.0290687564431058,0.0,0.0,0.0290687564431058
2017-01-31,2017-01-27,2017-02-28,2017-02-01,260,1,buy_hold_acwi,0.0251271849056107,0.0,0.0,0.0251271849056107
2017-02-28,2017-02-24,2017-03-31,2017-03-01,260,1,buy_hold_acwi,0.0134572391176963,0.0,0.0,0.0134572391176963
2017-03-31,2017-03-31,2017-04-28,2017-04-01,260,1,buy_hold_acwi,0.0161239699163997,0.0,0.0,0.0161239699163997
2017-04-28,2017-04-28,2017-05-31,2017-04-29,260,1,buy_hold_acwi,0.0220908842913536,0.0,0.0,0.0220908842913536
2017-05-31,2017-05-26,2017-06-30,2017-06-01,260,1,buy_hold_acwi,0.0078711340655852,0.0,0.0,0.0078711340655852
2017-06-30,2017-06-30,2017-07-31,2017-07-01,260,1,buy_hold_acwi,0.0273323784892167,0.0,0.0,0.0273323784892167
2017-07-31,2017-07-28,2017-08-31,2017-08-01,260,1,buy_hold_acwi,0.0040133098525954,0.0,0.0,0.0040133098525954
2017-08-31,2017-08-25,2017-09-29,2017-09-01,260,1,buy_hold_acwi,0.0188007438034527,0.0,0.0,0.0188007438034527
2017-09-29,2017-09-29,2017-10-31,2017-09-30,260,1,buy_hold_acwi,0.0215057242807756,0.0,0.0,0.0215057242807756
2017-10-31,2017-10-27,2017-11-30,2017-11-01,260,1,buy_hold_acwi,0.0201989051959039,0.0,0.0,0.0201989051959039
2017-11-30,2017-11-24,2017-12-29,2017-12-01,260,1,buy_hold_acwi,0.0145034126137963,0.0,0.0,0.0145034126137963
2017-12-29,2017-12-29,2018-01-31,2017-12-30,260,1,buy_hold_acwi,0.0570122104851826,0.0,0.0,0.0570122104851826
2018-01-31,2018-01-26,2018-02-28,2018-02-01,260,1,buy_hold_acwi,-0.0447506697093429,0.0,0.0,-0.0447506697093429
2018-02-28,2018-02-23,2018-03-29,2018-03-01,260,1,buy_hold_acwi,-0.0149745487599172,0.0,0.0,-0.0149745487599172
2018-03-29,2018-03-23,2018-04-30,2018-03-30,260,1,buy_hold_acwi,0.0040444113139823,0.0,0.0,0.0040444113139823
2018-04-30,2018-04-27,2018-05-31,2018-05-01,260,1,buy_hold_acwi,0.0047231870256125,0.0,0.0,0.0047231870256125
2018-05-31,2018-05-25,2018-06-29,2018-06-01,260,1,buy_hold_acwi,-0.0058529967166942,0.0,0.0,-0.0058529967166942
2018-06-29,2018-06-29,2018-07-31,2018-06-30,260,1,buy_hold_acwi,0.0306521743846881,0.0,0.0,0.0306521743846881
2018-07-31,2018-07-27,2018-08-31,2018-08-01,260,1,buy_hold_acwi,0.006957702026505,0.0,0.0,0.006957702026505
2018-08-31,2018-08-31,2018-09-28,2018-09-01,260,1,buy_hold_acwi,0.0060964836781836,0.0,0.0,0.0060964836781836
2018-09-28,2018-09-28,2018-10-31,2018-09-29,260,1,buy_hold_acwi,-0.0743333079244582,0.0,0.0,-0.0743333079244582
2018-10-31,2018-10-26,2018-11-30,2018-11-01,260,1,buy_hold_acwi,0.0158569559529,0.0,0.0,0.0158569559529
2018-11-30,2018-11-30,2018-12-31,2018-12-01,260,1,buy_hold_acwi,-0.0721014128596797,0.0,0.0,-0.0721014128596797
2018-12-31,2018-12-28,2019-01-31,2019-01-01,260,1,buy_hold_acwi,0.0804238818249554,0.0,0.0,0.0804238818249554
2019-01-31,2019-01-25,2019-02-28,2019-02-01,260,1,buy_hold_acwi,0.0246683422730915,0.0,0.0,0.0246683422730915
2019-02-28,2019-02-22,2019-03-29,2019-03-01,260,1,buy_hold_acwi,0.0157679007295523,0.0,0.0,0.0157679007295523
2019-03-29,2019-03-29,2019-04-30,2019-03-30,260,1,buy_hold_acwi,0.0342343888184792,0.0,0.0,0.0342343888184792
2019-04-30,2019-04-26,2019-05-31,2019-05-01,260,1,buy_hold_acwi,-0.0607077352779988,0.0,0.0,-0.0607077352779988
2019-05-31,2019-05-31,2019-06-28,2019-06-01,260,1,buy_hold_acwi,0.0649041536710168,0.0,0.0,0.0649041536710168
2019-06-28,2019-06-28,2019-07-31,2019-06-29,260,1,buy_hold_acwi,0.0006784373202286,0.0,0.0,0.0006784373202286
2019-07-31,2019-07-26,2019-08-30,2019-08-01,260,1,buy_hold_acwi,-0.0220988472280896,0.0,0.0,-0.0220988472280896
2019-08-30,2019-08-30,2019-09-30,2019-08-31,260,1,buy_hold_acwi,0.022459941245347,0.0,0.0,0.022459941245347
2019-09-30,2019-09-27,2019-10-31,2019-10-01,260,1,buy_hold_acwi,0.0273895475186705,0.0,0.0,0.0273895475186705
2019-10-31,2019-10-25,2019-11-29,2019-11-01,260,1,buy_hold_acwi,0.0233603091858507,0.0,0.0,0.0233603091858507
2019-11-29,2019-11-29,2019-12-31,2019-11-30,260,1,buy_hold_acwi,0.0344192820567106,0.0,0.0,0.0344192820567106
2019-12-31,2019-12-27,2020-01-31,2020-01-01,260,1,buy_hold_acwi,-0.0143846781861188,0.0,0.0,-0.0143846781861188
2020-01-31,2020-01-31,2020-02-28,2020-02-01,260,1,buy_hold_acwi,-0.0748945604410166,0.0,0.0,-0.0748945604410166
2020-02-28,2020-02-28,2020-03-31,2020-02-29,260,1,buy_hold_acwi,-0.1340990032289633,0.0,0.0,-0.1340990032289633
2020-03-31,2020-03-27,2020-04-30,2020-04-01,260,1,buy_hold_acwi,0.0982900539802016,0.0,0.0,0.0982900539802016
2020-04-30,2020-04-24,2020-05-29,2020-05-01,260,1,buy_hold_acwi,0.0509312584610484,0.0,0.0,0.0509312584610484
2020-05-29,2020-05-29,2020-06-30,2020-05-30,260,1,buy_hold_acwi,0.0294057453794382,0.0,0.0,0.0294057453794382
2020-06-30,2020-06-26,2020-07-31,2020-07-01,260,1,buy_hold_acwi,0.0535809741964057,0.0,0.0,0.0535809741964057
2020-07-31,2020-07-31,2020-08-31,2020-08-01,260,1,buy_hold_acwi,0.0602549573222195,0.0,0.0,0.0602549573222195
2020-08-31,2020-08-28,2020-09-30,2020-09-01,260,1,buy_hold_acwi,-0.0295081506444124,0.0,0.0,-0.0295081506444124
2020-09-30,2020-09-25,2020-10-30,2020-10-01,260,1,buy_hold_acwi,-0.0222722460062448,0.0,0.0,-0.0222722460062448
2020-10-30,2020-10-30,2020-11-30,2020-10-31,260,1,buy_hold_acwi,0.1176094058898054,0.0,0.0,0.1176094058898054
2020-11-30,2020-11-27,2020-12-31,2020-12-01,260,1,buy_hold_acwi,0.0468728054308271,0.0,0.0,0.0468728054308271
2020-12-31,2020-12-25,2021-01-29,2021-01-01,260,1,buy_hold_acwi,-0.0030862292508115,0.0,0.0,-0.0030862292508115
2021-01-29,2021-01-29,2021-02-26,2021-01-30,260,1,buy_hold_acwi,0.0228879069802361,0.0,0.0,0.0228879069802361
2021-02-26,2021-02-26,2021-03-31,2021-02-27,260,1,buy_hold_acwi,0.0285375321228913,0.0,0.0,0.0285375321228913
2021-03-31,2021-03-26,2021-04-30,2021-04-01,260,1,buy_hold_acwi,0.0424592309610796,0.0,0.0,0.0424592309610796
2021-04-30,2021-04-30,2021-05-28,2021-05-01,260,1,buy_hold_acwi,0.0147193006696928,0.0,0.0,0.0147193006696928
2021-05-28,2021-05-28,2021-06-30,2021-05-29,260,1,buy_hold_acwi,0.0126088419048921,0.0,0.0,0.0126088419048921
2021-06-30,2021-06-25,2021-07-30,2021-07-01,260,1,buy_hold_acwi,0.009091667251986,0.0,0.0,0.009091667251986
2021-07-30,2021-07-30,2021-08-31,2021-07-31,260,1,buy_hold_acwi,0.0217412814646951,0.0,0.0,0.0217412814646951
2021-08-31,2021-08-27,2021-09-30,2021-09-01,260,1,buy_hold_acwi,-0.0422696584487983,0.0,0.0,-0.0422696584487983
2021-09-30,2021-09-24,2021-10-29,2021-10-01,260,1,buy_hold_acwi,0.0539430803263731,0.0,0.0,0.0539430803263731
2021-10-29,2021-10-29,2021-11-30,2021-10-30,260,1,buy_hold_acwi,-0.0230746896072974,0.0,0.0,-0.0230746896072974
2021-11-30,2021-11-26,2021-12-31,2021-12-01,260,1,buy_hold_acwi,0.0388786498004436,0.0,0.0,0.0388786498004436
2021-12-31,2021-12-31,2022-01-31,2022-01-01,260,1,buy_hold_acwi,-0.0454718533493366,0.0,0.0,-0.0454718533493366
2022-01-31,2022-01-28,2022-02-28,2022-02-01,260,1,buy_hold_acwi,-0.0306030716137751,0.0,0.0,-0.0306030716137751
2022-02-28,2022-02-25,2022-03-31,2022-03-01,260,1,buy_hold_acwi,0.0194114870022057,0.0,0.0,0.0194114870022057
2022-03-31,2022-03-25,2022-04-29,2022-04-01,260,1,buy_hold_acwi,-0.0806773904888953,0.0,0.0,-0.0806773904888953
2022-04-29,2022-04-29,2022-05-31,2022-04-30,260,1,buy_hold_acwi,0.0044695262715206,0.0,0.0,0.0044695262715206
2022-05-31,2022-05-27,2022-06-30,2022-06-01,260,1,buy_hold_acwi,-0.0810692398613948,0.0,0.0,-0.0810692398613948
2022-06-30,2022-06-24,2022-07-29,2022-07-01,260,1,buy_hold_acwi,0.0706878207434902,0.0,0.0,0.0706878207434902
2022-07-29,2022-07-29,2022-08-31,2022-07-30,260,1,buy_hold_acwi,-0.0436430158345377,0.0,0.0,-0.0436430158345377
2022-08-31,2022-08-26,2022-09-30,2022-09-01,260,1,buy_hold_acwi,-0.0939464531201161,0.0,0.0,-0.0939464531201161
2022-09-30,2022-09-30,2022-10-31,2022-10-01,260,1,buy_hold_acwi,0.0634719444262401,0.0,0.0,0.0634719444262401
2022-10-31,2022-10-28,2022-11-30,2022-11-01,260,1,buy_hold_acwi,0.0833634796556446,0.0,0.0,0.0833634796556446
2022-11-30,2022-11-25,2022-12-30,2022-12-01,260,1,buy_hold_acwi,-0.0461004171214181,0.0,0.0,-0.0461004171214181
2022-12-30,2022-12-30,2023-01-31,2022-12-31,260,1,buy_hold_acwi,0.0750471012200855,0.0,0.0,0.0750471012200855
2023-01-31,2023-01-27,2023-02-28,2023-02-01,260,1,buy_hold_acwi,-0.0332052655499142,0.0,0.0,-0.0332052655499142
2023-02-28,2023-02-24,2023-03-31,2023-03-01,260,1,buy_hold_acwi,0.0333255825929816,0.0,0.0,0.0333255825929816
2023-03-31,2023-03-31,2023-04-28,2023-04-01,260,1,buy_hold_acwi,0.0156865943216693,0.0,0.0,0.0156865943216693
2023-04-28,2023-04-28,2023-05-31,2023-04-29,260,1,buy_hold_acwi,-0.0104761608215235,0.0,0.0,-0.0104761608215235
2023-05-31,2023-05-26,2023-06-30,2023-06-01,260,1,buy_hold_acwi,0.0578428980803329,0.0,0.0,0.0578428980803329
2023-06-30,2023-06-30,2023-07-31,2023-07-01,260,1,buy_hold_acwi,0.0359600966625419,0.0,0.0,0.0359600966625419
2023-07-31,2023-07-28,2023-08-31,2023-08-01,260,1,buy_hold_acwi,-0.0290773205916833,0.0,0.0,-0.0290773205916833
2023-08-31,2023-08-25,2023-09-29,2023-09-01,260,1,buy_hold_acwi,-0.0427978682601521,0.0,0.0,-0.0427978682601521
2023-09-29,2023-09-29,2023-10-31,2023-09-30,260,1,buy_hold_acwi,-0.0254412847498614,0.0,0.0,-0.0254412847498614
2023-10-31,2023-10-27,2023-11-30,2023-11-01,260,1,buy_hold_acwi,0.0888692083109032,0.0,0.0,0.0888692083109032
2023-11-30,2023-11-24,2023-12-29,2023-12-01,260,1,buy_hold_acwi,0.0481281703677871,0.0,0.0,0.0481281703677871
2023-12-29,2023-12-29,2024-01-31,2023-12-30,260,1,buy_hold_acwi,0.0027513769174138,0.0,0.0,0.0027513769174138
2024-01-31,2024-01-26,2024-02-29,2024-02-01,260,1,buy_hold_acwi,0.0450759340149182,0.0,0.0,0.0450759340149182
2024-02-29,2024-02-23,2024-03-28,2024-03-01,260,1,buy_hold_acwi,0.0326300280157596,0.0,0.0,0.0326300280157596
2024-03-28,2024-03-22,2024-04-30,2024-03-29,260,1,buy_hold_acwi,-0.0355034048672356,0.0,0.0,-0.0355034048672356
2024-04-30,2024-04-26,2024-05-31,2024-05-01,260,1,buy_hold_acwi,0.0457540507361273,0.0,0.0,0.0457540507361273
2024-05-31,2024-05-31,2024-06-28,2024-06-01,260,1,buy_hold_acwi,0.0203781597610894,0.0,0.0,0.0203781597610894
2024-06-28,2024-06-28,2024-07-31,2024-06-29,260,1,buy_hold_acwi,0.0153914167200592,0.0,0.0,0.0153914167200592
2024-07-31,2024-07-26,2024-08-30,2024-08-01,260,1,buy_hold_acwi,0.0249715377874684,0.0,0.0,0.0249715377874684
2024-08-30,2024-08-30,2024-09-30,2024-08-31,260,1,buy_hold_acwi,0.0219695842626057,0.0,0.0,0.0219695842626057
2024-09-30,2024-09-27,2024-10-31,2024-10-01,260,1,buy_hold_acwi,-0.0209117034767557,0.0,0.0,-0.0209117034767557
2024-10-31,2024-10-25,2024-11-29,2024-11-01,260,1,buy_hold_acwi,0.0403245490692087,0.0,0.0,0.0403245490692087
2024-11-29,2024-11-29,2024-12-31,2024-11-30,260,1,buy_hold_acwi,-0.0265821694421393,0.0,0.0,-0.0265821694421393
2024-12-31,2024-12-27,2025-01-31,2025-01-01,260,1,buy_hold_acwi,0.0314042026225034,0.0,0.0,0.0314042026225034
2025-01-31,2025-01-31,2025-02-28,2025-02-01,260,1,buy_hold_acwi,-0.0029704226038885,0.0,0.0,-0.0029704226038885
2025-02-28,2025-02-28,2025-03-31,2025-03-01,260,1,buy_hold_acwi,-0.0367459304490609,0.0,0.0,-0.0367459304490609
2025-03-31,2025-03-28,2025-04-30,2025-04-01,260,1,buy_hold_acwi,0.0051551204184943,0.0,0.0,0.0051551204184943
2025-04-30,2025-04-25,2025-05-30,2025-05-01,260,1,buy_hold_acwi,0.0569279503730575,0.0,0.0,0.0569279503730575
2025-05-30,2025-05-30,2025-06-30,2025-05-31,260,1,buy_hold_acwi,0.0480648187547112,0.0,0.0,0.0480648187547112
2025-06-30,2025-06-27,2025-07-31,2025-07-01,260,1,buy_hold_acwi,0.0105753800930052,0.0,0.0,0.0105753800930052
2025-07-31,2025-07-25,2025-08-29,2025-08-01,260,1,buy_hold_acwi,0.0267775120398665,0.0,0.0,0.0267775120398665
2025-08-29,2025-08-29,2025-09-30,2025-08-30,260,1,buy_hold_acwi,0.0359713140668027,0.0,0.0,0.0359713140668027
2025-09-30,2025-09-26,2025-10-31,2025-10-01,260,1,buy_hold_acwi,0.022931083581956,0.0,0.0,0.022931083581956
2025-10-31,2025-10-31,2025-11-28,2025-11-01,260,1,buy_hold_acwi,0.0004242156584441,0.0,0.0,0.0004242156584441
2025-11-28,2025-11-28,2025-12-31,2025-11-29,260,1,buy_hold_acwi,0.0089286252074594,0.0,0.0,0.0089286252074594
2025-12-31,2025-12-26,2026-01-30,2026-01-01,260,1,buy_hold_acwi,0.0283412217846081,0.0,0.0,0.0283412217846081
2026-01-30,2026-01-30,2026-02-27,2026-01-31,260,1,buy_hold_acwi,0.0129209205295621,0.0,0.0,0.0129209205295621
2026-02-27,2026-02-27,2026-03-31,2026-02-28,260,1,buy_hold_acwi,-0.0611344938440135,0.0,0.0,-0.0611344938440135
2026-03-31,2026-03-27,2026-04-30,2026-04-01,260,1,buy_hold_acwi,0.0951794969012225,0.0,0.0,0.0951794969012225
2026-04-30,2026-04-24,2026-05-29,2026-05-01,260,1,buy_hold_acwi,0.0461924479430324,0.0,0.0,0.0461924479430324
2026-05-29,2026-05-29,2026-06-30,2026-05-30,260,1,buy_hold_acwi,-0.003470305656974,0.0,0.0,-0.003470305656974
2026-06-30,2026-06-26,2026-07-31,2026-07-01,260,1,buy_hold_acwi,-0.0034402022088451,0.0,0.0,-0.0034402022088451
2026-07-31,2026-07-31,2026-08-31,2026-08-01,260,1,buy_hold_acwi,0.02716870292776,0.0,0.0,0.02716870292776
2026-08-31,2026-08-28,2026-09-16,2026-09-01,260,1,buy_hold_acwi,-0.0191062497222307,0.0,0.0,-0.0191062497222307
