trial_id,decision_date,feature_end,date,regime,return,turnover,missing_held_returns,ex_post_stress,research_disclaimer
k2_vol_corr_erc,2004-10-31,2004-10-31,2004-11-30,calm,0.06347792614284896,0.5,0,False,Research only; not investment advice.
k2_vol_corr_ew,2004-10-31,2004-10-31,2004-11-30,calm,0.06438692870454181,0.5,0,False,Research only; not investment advice.
k2_vol_corr_spread_erc,2004-10-31,2004-10-31,2004-11-30,calm,0.06347792614284896,0.5,0,False,Research only; not investment advice.
k2_vol_corr_spread_ew,2004-10-31,2004-10-31,2004-11-30,calm,0.06438692870454181,0.5,0,False,Research only; not investment advice.
unconditional_erc,2004-10-31,2004-10-31,2004-11-30,all,0.027374370314538713,0.5,0,False,Research only; not investment advice.
unconditional_ew,2004-10-31,2004-10-31,2004-11-30,all,0.05764657383206542,0.5,0,False,Research only; not investment advice.
always_calm,2004-10-31,2004-10-31,2004-11-30,calm,0.06347792614284896,0.5,0,False,Research only; not investment advice.
k2_vol_corr_erc,2004-11-30,2004-11-30,2004-12-31,calm,0.033898087993275004,0.013859086329340457,0,False,Research only; not investment advice.
k2_vol_corr_ew,2004-11-30,2004-11-30,2004-12-31,calm,0.03328647288986499,0.006529876164421869,0,False,Research only; not investment advice.
k2_vol_corr_spread_erc,2004-11-30,2004-11-30,2004-12-31,calm,0.033898087993275004,0.013859086329340457,0,False,Research only; not investment advice.
k2_vol_corr_spread_ew,2004-11-30,2004-11-30,2004-12-31,calm,0.03328647288986499,0.006529876164421869,0,False,Research only; not investment advice.
unconditional_erc,2004-11-30,2004-11-30,2004-12-31,all,0.024513121702807214,0.02619772106876868,0,False,Research only; not investment advice.
unconditional_ew,2004-11-30,2004-11-30,2004-12-31,all,0.03163990259942921,0.008737473609205439,0,False,Research only; not investment advice.
always_calm,2004-11-30,2004-11-30,2004-12-31,calm,0.033898087993275004,0.013859086329340457,0,False,Research only; not investment advice.
k2_vol_corr_erc,2004-12-31,2004-12-31,2005-01-31,calm,-0.0286951223628797,0.006360038724279003,0,True,Research only; not investment advice.
k2_vol_corr_ew,2004-12-31,2004-12-31,2005-01-31,calm,-0.02982119953021497,0.003496966115649841,0,True,Research only; not investment advice.
k2_vol_corr_spread_erc,2004-12-31,2004-12-31,2005-01-31,calm,-0.0286951223628797,0.006360038724279003,0,True,Research only; not investment advice.
k2_vol_corr_spread_ew,2004-12-31,2004-12-31,2005-01-31,calm,-0.02982119953021497,0.003496966115649841,0,True,Research only; not investment advice.
unconditional_erc,2004-12-31,2004-12-31,2005-01-31,all,-0.00889236165068029,0.005911478008764279,0,True,Research only; not investment advice.
unconditional_ew,2004-12-31,2004-12-31,2005-01-31,all,-0.026113033141979568,0.003949759977006556,0,True,Research only; not investment advice.
always_calm,2004-12-31,2004-12-31,2005-01-31,calm,-0.0286951223628797,0.006360038724279003,0,True,Research only; not investment advice.
k2_vol_corr_erc,2005-01-31,2005-01-31,2005-02-28,calm,0.02618714717208984,0.0025498825766045383,0,False,Research only; not investment advice.
k2_vol_corr_ew,2005-01-31,2005-01-31,2005-02-28,calm,0.02515573458677824,0.0038328249065345613,0,False,Research only; not investment advice.
k2_vol_corr_spread_erc,2005-01-31,2005-01-31,2005-02-28,calm,0.02618714717208984,0.0025498825766045383,0,False,Research only; not investment advice.
k2_vol_corr_spread_ew,2005-01-31,2005-01-31,2005-02-28,calm,0.02515573458677824,0.0038328249065345613,0,False,Research only; not investment advice.
unconditional_erc,2005-01-31,2005-01-31,2005-02-28,all,0.009081118285657167,0.0022289475570342852,0,False,Research only; not investment advice.
unconditional_ew,2005-01-31,2005-01-31,2005-02-28,all,0.02219891051211458,0.004802037025021813,0,False,Research only; not investment advice.
always_calm,2005-01-31,2005-01-31,2005-02-28,calm,0.02618714717208984,0.0025498825766045383,0,False,Research only; not investment advice.
k2_vol_corr_erc,2005-02-28,2005-02-28,2005-03-31,calm,-0.01901317640814146,0.006558306325378946,0,True,Research only; not investment advice.
k2_vol_corr_ew,2005-02-28,2005-02-28,2005-03-31,calm,-0.019262232076166882,0.003734459808285455,0,True,Research only; not investment advice.
k2_vol_corr_spread_erc,2005-02-28,2005-02-28,2005-03-31,calm,-0.01901317640814146,0.006558306325378946,0,True,Research only; not investment advice.
k2_vol_corr_spread_ew,2005-02-28,2005-02-28,2005-03-31,calm,-0.019262232076166882,0.003734459808285455,0,True,Research only; not investment advice.
unconditional_erc,2005-02-28,2005-02-28,2005-03-31,all,-0.011518672908281045,0.00728554131743455,0,True,Research only; not investment advice.
unconditional_ew,2005-02-28,2005-02-28,2005-03-31,all,-0.017890962065775992,0.0050989711561418155,0,True,Research only; not investment advice.
always_calm,2005-02-28,2005-02-28,2005-03-31,calm,-0.01901317640814146,0.006558306325378946,0,True,Research only; not investment advice.
k2_vol_corr_erc,2005-03-31,2005-03-31,2005-04-30,calm,-0.03567105831019337,0.004467939939802247,0,True,Research only; not investment advice.
k2_vol_corr_ew,2005-03-31,2005-03-31,2005-04-30,calm,-0.036834640922794176,0.0030744417806092966,0,True,Research only; not investment advice.
k2_vol_corr_spread_erc,2005-03-31,2005-03-31,2005-04-30,calm,-0.03567105831019337,0.004467939939802247,0,True,Research only; not investment advice.
k2_vol_corr_spread_ew,2005-03-31,2005-03-31,2005-04-30,calm,-0.036834640922794176,0.0030744417806092966,0,True,Research only; not investment advice.
unconditional_erc,2005-03-31,2005-03-31,2005-04-30,all,-0.008970813722813175,0.010948791211085447,0,True,Research only; not investment advice.
unconditional_ew,2005-03-31,2005-03-31,2005-04-30,all,-0.031847787698966123,0.003279720089911266,0,True,Research only; not investment advice.
always_calm,2005-03-31,2005-03-31,2005-04-30,calm,-0.03567105831019337,0.004467939939802247,0,True,Research only; not investment advice.
k2_vol_corr_erc,2005-04-30,2005-04-30,2005-05-31,calm,0.04282645488577205,0.21852976161038043,0,False,Research only; not investment advice.
k2_vol_corr_ew,2005-04-30,2005-04-30,2005-05-31,calm,0.04691378884850587,0.0833333333333334,0,False,Research only; not investment advice.
k2_vol_corr_spread_erc,2005-04-30,2005-04-30,2005-05-31,calm,0.04282645488577205,0.21852976161038043,0,False,Research only; not investment advice.
k2_vol_corr_spread_ew,2005-04-30,2005-04-30,2005-05-31,calm,0.04691378884850587,0.0833333333333334,0,False,Research only; not investment advice.
unconditional_erc,2005-04-30,2005-04-30,2005-05-31,all,0.032318376756741395,0.1300148038380641,0,False,Research only; not investment advice.
unconditional_ew,2005-04-30,2005-04-30,2005-05-31,all,0.044682309966095256,0.07692307692307687,0,False,Research only; not investment advice.
always_calm,2005-04-30,2005-04-30,2005-05-31,calm,0.04282645488577205,0.21852976161038043,0,False,Research only; not investment advice.
k2_vol_corr_erc,2005-05-31,2005-05-31,2005-06-30,calm,0.023016957275162293,0.010230971274292934,0,False,Research only; not investment advice.
k2_vol_corr_ew,2005-05-31,2005-05-31,2005-06-30,calm,0.019932411032655584,0.009661019218605064,0,False,Research only; not investment advice.
k2_vol_corr_spread_erc,2005-05-31,2005-05-31,2005-06-30,calm,0.023016957275162293,0.010230971274292934,0,False,Research only; not investment advice.
k2_vol_corr_spread_ew,2005-05-31,2005-05-31,2005-06-30,calm,0.019932411032655584,0.009661019218605064,0,False,Research only; not investment advice.
unconditional_erc,2005-05-31,2005-05-31,2005-06-30,all,0.01755161827223848,0.007719275220311298,0,False,Research only; not investment advice.
unconditional_ew,2005-05-31,2005-05-31,2005-06-30,all,0.019140160199518665,0.010087085929705857,0,False,Research only; not investment advice.
always_calm,2005-05-31,2005-05-31,2005-06-30,calm,0.023016957275162293,0.010230971274292934,0,False,Research only; not investment advice.
k2_vol_corr_erc,2005-06-30,2005-06-30,2005-07-31,calm,0.05487241463577525,0.01958080914475884,0,False,Research only; not investment advice.
k2_vol_corr_ew,2005-06-30,2005-06-30,2005-07-31,calm,0.053003380416300344,0.0076082741527774694,0,False,Research only; not investment advice.
k2_vol_corr_spread_erc,2005-06-30,2005-06-30,2005-07-31,calm,0.05487241463577525,0.01958080914475884,0,False,Research only; not investment advice.
k2_vol_corr_spread_ew,2005-06-30,2005-06-30,2005-07-31,calm,0.053003380416300344,0.0076082741527774694,0,False,Research only; not investment advice.
unconditional_erc,2005-06-30,2005-06-30,2005-07-31,all,0.024771453006425664,0.019211015885519305,0,False,Research only; not investment advice.
unconditional_ew,2005-06-30,2005-06-30,2005-07-31,all,0.0474023805917286,0.007387268784647898,0,False,Research only; not investment advice.
always_calm,2005-06-30,2005-06-30,2005-07-31,calm,0.05487241463577525,0.01958080914475884,0,False,Research only; not investment advice.
k2_vol_corr_erc,2005-07-31,2005-07-31,2005-08-31,calm,-0.00026809335137135514,0.03940339518915223,0,False,Research only; not investment advice.
k2_vol_corr_ew,2005-07-31,2005-07-31,2005-08-31,calm,-0.002754851347681312,0.006315852345760306,0,False,Research only; not investment advice.
k2_vol_corr_spread_erc,2005-07-31,2005-07-31,2005-08-31,calm,-0.00026809335137135514,0.03940339518915223,0,False,Research only; not investment advice.
k2_vol_corr_spread_ew,2005-07-31,2005-07-31,2005-08-31,calm,-0.002754851347681312,0.006315852345760306,0,False,Research only; not investment advice.
unconditional_erc,2005-07-31,2005-07-31,2005-08-31,all,0.008327762943335468,0.03320288735257043,0,False,Research only; not investment advice.
unconditional_ew,2005-07-31,2005-07-31,2005-08-31,all,-0.0009695391572450067,0.008912593202440422,0,False,Research only; not investment advice.
always_calm,2005-07-31,2005-07-31,2005-08-31,calm,-0.00026809335137135514,0.03940339518915223,0,False,Research only; not investment advice.
k2_vol_corr_erc,2005-08-31,2005-08-31,2005-09-30,calm,0.026622581988995954,0.0059307231728507916,0,False,Research only; not investment advice.
k2_vol_corr_ew,2005-08-31,2005-08-31,2005-09-30,calm,0.019487713522941135,0.006799466390901024,0,False,Research only; not investment advice.
k2_vol_corr_spread_erc,2005-08-31,2005-08-31,2005-09-30,calm,0.026622581988995954,0.0059307231728507916,0,False,Research only; not investment advice.
k2_vol_corr_spread_ew,2005-08-31,2005-08-31,2005-09-30,calm,0.019487713522941135,0.006799466390901024,0,False,Research only; not investment advice.
unconditional_erc,2005-08-31,2005-08-31,2005-09-30,all,0.007698256060326997,0.006116449517441121,0,False,Research only; not investment advice.
unconditional_ew,2005-08-31,2005-08-31,2005-09-30,all,0.016536213562885625,0.007502399113939885,0,False,Research only; not investment advice.
always_calm,2005-08-31,2005-08-31,2005-09-30,calm,0.026622581988995954,0.0059307231728507916,0,False,Research only; not investment advice.
k2_vol_corr_erc,2005-09-30,2005-09-30,2005-10-31,calm,-0.03375545648232984,0.04088664522449876,0,True,Research only; not investment advice.
k2_vol_corr_ew,2005-09-30,2005-09-30,2005-10-31,calm,-0.03187148664030091,0.008307865661918198,0,True,Research only; not investment advice.
k2_vol_corr_spread_erc,2005-09-30,2005-09-30,2005-10-31,calm,-0.03375545648232984,0.04088664522449876,0,True,Research only; not investment advice.
k2_vol_corr_spread_ew,2005-09-30,2005-09-30,2005-10-31,calm,-0.03187148664030091,0.008307865661918198,0,True,Research only; not investment advice.
unconditional_erc,2005-09-30,2005-09-30,2005-10-31,all,-0.020360205023928733,0.33492125320535815,0,True,Research only; not investment advice.
unconditional_ew,2005-09-30,2005-09-30,2005-10-31,all,-0.0288744510293126,0.07142857142857145,0,True,Research only; not investment advice.
always_calm,2005-09-30,2005-09-30,2005-10-31,calm,-0.03375545648232984,0.04088664522449876,0,True,Research only; not investment advice.
k2_vol_corr_erc,2005-10-31,2005-10-31,2005-11-30,calm,0.04676634191326153,0.017690272286062295,0,False,Research only; not investment advice.
k2_vol_corr_ew,2005-10-31,2005-10-31,2005-11-30,calm,0.04754534377812404,0.004476469065595158,0,False,Research only; not investment advice.
k2_vol_corr_spread_erc,2005-10-31,2005-10-31,2005-11-30,calm,0.04676634191326153,0.017690272286062295,0,False,Research only; not investment advice.
k2_vol_corr_spread_ew,2005-10-31,2005-10-31,2005-11-30,calm,0.04754534377812404,0.004476469065595158,0,False,Research only; not investment advice.
unconditional_erc,2005-10-31,2005-10-31,2005-11-30,all,0.022101060688582568,0.018452566370131835,0,False,Research only; not investment advice.
unconditional_ew,2005-10-31,2005-10-31,2005-11-30,all,0.04142674624483614,0.0052260696799550505,0,False,Research only; not investment advice.
always_calm,2005-10-31,2005-10-31,2005-11-30,calm,0.04676634191326153,0.017690272286062295,0,False,Research only; not investment advice.
k2_vol_corr_erc,2005-11-30,2005-11-30,2005-12-31,calm,0.014250035848206444,0.012446682607466696,0,False,Research only; not investment advice.
k2_vol_corr_ew,2005-11-30,2005-11-30,2005-12-31,calm,0.010288914856012363,0.004733932097198107,0,False,Research only; not investment advice.
k2_vol_corr_spread_erc,2005-11-30,2005-11-30,2005-12-31,calm,0.014250035848206444,0.012446682607466696,0,False,Research only; not investment advice.
k2_vol_corr_spread_ew,2005-11-30,2005-11-30,2005-12-31,calm,0.010288914856012363,0.004733932097198107,0,False,Research only; not investment advice.
unconditional_erc,2005-11-30,2005-11-30,2005-12-31,all,0.01359676840846756,0.010061829145421449,0,False,Research only; not investment advice.
unconditional_ew,2005-11-30,2005-11-30,2005-12-31,all,0.01074742353717005,0.007207246288011525,0,False,Research only; not investment advice.
always_calm,2005-11-30,2005-11-30,2005-12-31,calm,0.014250035848206444,0.012446682607466696,0,False,Research only; not investment advice.
k2_vol_corr_erc,2005-12-31,2005-12-31,2006-01-31,calm,0.06245107040130798,0.01808500049004025,0,False,Research only; not investment advice.
k2_vol_corr_ew,2005-12-31,2005-12-31,2006-01-31,calm,0.0622331629187325,0.00923243252790936,0,False,Research only; not investment advice.
k2_vol_corr_spread_erc,2005-12-31,2005-12-31,2006-01-31,calm,0.06245107040130798,0.01808500049004025,0,False,Research only; not investment advice.
k2_vol_corr_spread_ew,2005-12-31,2005-12-31,2006-01-31,calm,0.0622331629187325,0.00923243252790936,0,False,Research only; not investment advice.
unconditional_erc,2005-12-31,2005-12-31,2006-01-31,all,0.020308844494557637,0.2331375311046509,0,False,Research only; not investment advice.
unconditional_ew,2005-12-31,2005-12-31,2006-01-31,all,0.04935128634980013,0.06666666666666662,0,False,Research only; not investment advice.
always_calm,2005-12-31,2005-12-31,2006-01-31,calm,0.06245107040130798,0.01808500049004025,0,False,Research only; not investment advice.
k2_vol_corr_erc,2006-01-31,2006-01-31,2006-02-28,calm,-0.005104503031578279,0.02853972552935936,0,False,Research only; not investment advice.
k2_vol_corr_ew,2006-01-31,2006-01-31,2006-02-28,calm,-0.005046644663506057,0.01086283901080684,0,False,Research only; not investment advice.
k2_vol_corr_spread_erc,2006-01-31,2006-01-31,2006-02-28,calm,-0.005104503031578279,0.02853972552935936,0,False,Research only; not investment advice.
k2_vol_corr_spread_ew,2006-01-31,2006-01-31,2006-02-28,calm,-0.005046644663506057,0.01086283901080684,0,False,Research only; not investment advice.
unconditional_erc,2006-01-31,2006-01-31,2006-02-28,all,-0.0007339209161096795,0.02244670178589838,0,False,Research only; not investment advice.
unconditional_ew,2006-01-31,2006-01-31,2006-02-28,all,-0.003699415789068727,0.013201913091836166,0,False,Research only; not investment advice.
always_calm,2006-01-31,2006-01-31,2006-02-28,calm,-0.005104503031578279,0.02853972552935936,0,False,Research only; not investment advice.
k2_vol_corr_erc,2006-02-28,2006-02-28,2006-03-31,calm,0.028964269471337224,0.004681842747259097,0,False,Research only; not investment advice.
k2_vol_corr_ew,2006-02-28,2006-02-28,2006-03-31,calm,0.0305829534127705,0.00468625261517467,0,False,Research only; not investment advice.
k2_vol_corr_spread_erc,2006-02-28,2006-02-28,2006-03-31,calm,0.028964269471337224,0.004681842747259097,0,False,Research only; not investment advice.
k2_vol_corr_spread_ew,2006-02-28,2006-02-28,2006-03-31,calm,0.0305829534127705,0.00468625261517467,0,False,Research only; not investment advice.
unconditional_erc,2006-02-28,2006-02-28,2006-03-31,all,-0.0008671302207790524,0.0058346865081382576,0,False,Research only; not investment advice.
unconditional_ew,2006-02-28,2006-02-28,2006-03-31,all,0.021183383338386926,0.004062334500648933,0,False,Research only; not investment advice.
always_calm,2006-02-28,2006-02-28,2006-03-31,calm,0.028964269471337224,0.004681842747259097,0,False,Research only; not investment advice.
k2_vol_corr_erc,2006-03-31,2006-03-31,2006-04-30,calm,0.018669500377032848,0.005844917970601403,0,False,Research only; not investment advice.
k2_vol_corr_ew,2006-03-31,2006-03-31,2006-04-30,calm,0.01641148516256158,0.004982758556453505,0,False,Research only; not investment advice.
k2_vol_corr_spread_erc,2006-03-31,2006-03-31,2006-04-30,calm,0.018669500377032848,0.005844917970601403,0,False,Research only; not investment advice.
k2_vol_corr_spread_ew,2006-03-31,2006-03-31,2006-04-30,calm,0.01641148516256158,0.004982758556453505,0,False,Research only; not investment advice.
unconditional_erc,2006-03-31,2006-03-31,2006-04-30,all,0.003424771591796047,0.005989186461570067,0,False,Research only; not investment advice.
unconditional_ew,2006-03-31,2006-03-31,2006-04-30,all,0.01217157003665239,0.007897197875989664,0,False,Research only; not investment advice.
always_calm,2006-03-31,2006-03-31,2006-04-30,calm,0.018669500377032848,0.005844917970601403,0,False,Research only; not investment advice.
k2_vol_corr_erc,2006-04-30,2006-04-30,2006-05-31,calm,-0.046118093590419296,0.016848306358302395,0,True,Research only; not investment advice.
k2_vol_corr_ew,2006-04-30,2006-04-30,2006-05-31,calm,-0.048235613173478006,0.007449721815272654,0,True,Research only; not investment advice.
k2_vol_corr_spread_erc,2006-04-30,2006-04-30,2006-05-31,calm,-0.046118093590419296,0.016848306358302395,0,True,Research only; not investment advice.
k2_vol_corr_spread_ew,2006-04-30,2006-04-30,2006-05-31,calm,-0.048235613173478006,0.007449721815272654,0,True,Research only; not investment advice.
unconditional_erc,2006-04-30,2006-04-30,2006-05-31,all,-0.016750843978941846,0.018011325446135536,0,True,Research only; not investment advice.
unconditional_ew,2006-04-30,2006-04-30,2006-05-31,all,-0.03855219165878629,0.007379443139192025,0,True,Research only; not investment advice.
always_calm,2006-04-30,2006-04-30,2006-05-31,calm,-0.046118093590419296,0.016848306358302395,0,True,Research only; not investment advice.
k2_vol_corr_erc,2006-05-31,2006-05-31,2006-06-30,calm,0.0004878798552428188,0.012877673855368709,0,False,Research only; not investment advice.
k2_vol_corr_ew,2006-05-31,2006-05-31,2006-06-30,calm,0.00016246203148027495,0.008915784258094438,0,False,Research only; not investment advice.
k2_vol_corr_spread_erc,2006-05-31,2006-05-31,2006-06-30,calm,0.0004878798552428188,0.012877673855368709,0,False,Research only; not investment advice.
k2_vol_corr_spread_ew,2006-05-31,2006-05-31,2006-06-30,calm,0.00016246203148027495,0.008915784258094438,0,False,Research only; not investment advice.
unconditional_erc,2006-05-31,2006-05-31,2006-06-30,all,0.00174256093025577,0.014686989976747767,0,False,Research only; not investment advice.
unconditional_ew,2006-05-31,2006-05-31,2006-06-30,all,0.0006732229617435579,0.010839165639408885,0,False,Research only; not investment advice.
always_calm,2006-05-31,2006-05-31,2006-06-30,calm,0.0004878798552428188,0.012877673855368709,0,False,Research only; not investment advice.
k2_vol_corr_erc,2006-06-30,2006-06-30,2006-07-31,calm,-0.009534941569710452,0.0009549212285225768,0,False,Research only; not investment advice.
k2_vol_corr_ew,2006-06-30,2006-06-30,2006-07-31,calm,-0.013038357329918019,0.0012628055375120129,0,False,Research only; not investment advice.
k2_vol_corr_spread_erc,2006-06-30,2006-06-30,2006-07-31,calm,-0.009534941569710452,0.0009549212285225768,0,False,Research only; not investment advice.
k2_vol_corr_spread_ew,2006-06-30,2006-06-30,2006-07-31,calm,-0.013038357329918019,0.0012628055375120129,0,False,Research only; not investment advice.
unconditional_erc,2006-06-30,2006-06-30,2006-07-31,all,0.005736380512737423,0.0017653839689930739,0,False,Research only; not investment advice.
unconditional_ew,2006-06-30,2006-06-30,2006-07-31,all,-0.007496193816114239,0.0014339722460068108,0,False,Research only; not investment advice.
always_calm,2006-06-30,2006-06-30,2006-07-31,calm,-0.009534941569710452,0.0009549212285225768,0,False,Research only; not investment advice.
k2_vol_corr_erc,2006-07-31,2006-07-31,2006-08-31,calm,0.02271793940990583,0.008210357726554339,0,False,Research only; not investment advice.
k2_vol_corr_ew,2006-07-31,2006-07-31,2006-08-31,calm,0.023116973302177837,0.010479739976428114,0,False,Research only; not investment advice.
k2_vol_corr_spread_erc,2006-07-31,2006-07-31,2006-08-31,calm,0.02271793940990583,0.008210357726554339,0,False,Research only; not investment advice.
k2_vol_corr_spread_ew,2006-07-31,2006-07-31,2006-08-31,calm,0.023116973302177837,0.010479739976428114,0,False,Research only; not investment advice.
unconditional_erc,2006-07-31,2006-07-31,2006-08-31,all,0.019022897409025692,0.008238466412650134,0,False,Research only; not investment advice.
unconditional_ew,2006-07-31,2006-07-31,2006-08-31,all,0.021900884395508538,0.010942853831846011,0,False,Research only; not investment advice.
always_calm,2006-07-31,2006-07-31,2006-08-31,calm,0.02271793940990583,0.008210357726554339,0,False,Research only; not investment advice.
k2_vol_corr_erc,2006-08-31,2006-08-31,2006-09-30,calm,0.013964384729596751,0.0036531708954057225,0,False,Research only; not investment advice.
k2_vol_corr_ew,2006-08-31,2006-08-31,2006-09-30,calm,0.013359029816234914,0.0029475736265422506,0,False,Research only; not investment advice.
k2_vol_corr_spread_erc,2006-08-31,2006-08-31,2006-09-30,calm,0.013964384729596751,0.0036531708954057225,0,False,Research only; not investment advice.
k2_vol_corr_spread_ew,2006-08-31,2006-08-31,2006-09-30,calm,0.013359029816234914,0.0029475736265422506,0,False,Research only; not investment advice.
unconditional_erc,2006-08-31,2006-08-31,2006-09-30,all,0.01001271945259288,0.010927632548356556,0,False,Research only; not investment advice.
unconditional_ew,2006-08-31,2006-08-31,2006-09-30,all,0.012227055638983759,0.0028265023262106087,0,False,Research only; not investment advice.
always_calm,2006-08-31,2006-08-31,2006-09-30,calm,0.013964384729596751,0.0036531708954057225,0,False,Research only; not investment advice.
k2_vol_corr_erc,2006-09-30,2006-09-30,2006-10-31,calm,0.04279016114138818,0.004420708100898486,0,False,Research only; not investment advice.
k2_vol_corr_ew,2006-09-30,2006-09-30,2006-10-31,calm,0.044858472837384325,0.004866673575247185,0,False,Research only; not investment advice.
k2_vol_corr_spread_erc,2006-09-30,2006-09-30,2006-10-31,calm,0.04279016114138818,0.004420708100898486,0,False,Research only; not investment advice.
k2_vol_corr_spread_ew,2006-09-30,2006-09-30,2006-10-31,calm,0.044858472837384325,0.004866673575247185,0,False,Research only; not investment advice.
unconditional_erc,2006-09-30,2006-09-30,2006-10-31,all,0.018840261366715013,0.007009964961132894,0,False,Research only; not investment advice.
unconditional_ew,2006-09-30,2006-09-30,2006-10-31,all,0.036695442483340064,0.004199879411900545,0,False,Research only; not investment advice.
always_calm,2006-09-30,2006-09-30,2006-10-31,calm,0.04279016114138818,0.004420708100898486,0,False,Research only; not investment advice.
k2_vol_corr_erc,2006-10-31,2006-10-31,2006-11-30,calm,0.02964737436865924,0.01120387730130501,0,False,Research only; not investment advice.
k2_vol_corr_ew,2006-10-31,2006-10-31,2006-11-30,calm,0.030890332244863844,0.004515442055372236,0,False,Research only; not investment advice.
k2_vol_corr_spread_erc,2006-10-31,2006-10-31,2006-11-30,calm,0.02964737436865924,0.01120387730130501,0,False,Research only; not investment advice.
k2_vol_corr_spread_ew,2006-10-31,2006-10-31,2006-11-30,calm,0.030890332244863844,0.004515442055372236,0,False,Research only; not investment advice.
unconditional_erc,2006-10-31,2006-10-31,2006-11-30,all,0.018599860228193196,0.012719831014011284,0,False,Research only; not investment advice.
unconditional_ew,2006-10-31,2006-10-31,2006-11-30,all,0.027046920087648554,0.006956006946399203,0,False,Research only; not investment advice.
always_calm,2006-10-31,2006-10-31,2006-11-30,calm,0.02964737436865924,0.01120387730130501,0,False,Research only; not investment advice.
k2_vol_corr_erc,2006-11-30,2006-11-30,2006-12-31,calm,0.010784478931406632,0.004359825820550674,0,False,Research only; not investment advice.
k2_vol_corr_ew,2006-11-30,2006-11-30,2006-12-31,calm,0.00972608614989038,0.0035357519316858432,0,False,Research only; not investment advice.
k2_vol_corr_spread_erc,2006-11-30,2006-11-30,2006-12-31,calm,0.010784478931406632,0.004359825820550674,0,False,Research only; not investment advice.
k2_vol_corr_spread_ew,2006-11-30,2006-11-30,2006-12-31,calm,0.00972608614989038,0.0035357519316858432,0,False,Research only; not investment advice.
unconditional_erc,2006-11-30,2006-11-30,2006-12-31,all,-0.005650721307482184,0.07242317516808106,0,False,Research only; not investment advice.
unconditional_ew,2006-11-30,2006-11-30,2006-12-31,all,0.003525389106927361,0.06249999999999995,0,False,Research only; not investment advice.
always_calm,2006-11-30,2006-11-30,2006-12-31,calm,0.010784478931406632,0.004359825820550674,0,False,Research only; not investment advice.
k2_vol_corr_erc,2006-12-31,2006-12-31,2007-01-31,calm,0.018834439352209412,0.010536161747407572,0,False,Research only; not investment advice.
k2_vol_corr_ew,2006-12-31,2006-12-31,2007-01-31,calm,0.019222465820851034,0.00757856490154523,0,False,Research only; not investment advice.
k2_vol_corr_spread_erc,2006-12-31,2006-12-31,2007-01-31,calm,0.018834439352209412,0.010536161747407572,0,False,Research only; not investment advice.
k2_vol_corr_spread_ew,2006-12-31,2006-12-31,2007-01-31,calm,0.019222465820851034,0.00757856490154523,0,False,Research only; not investment advice.
unconditional_erc,2006-12-31,2006-12-31,2007-01-31,all,0.00849583582866269,0.013314513812865617,0,False,Research only; not investment advice.
unconditional_ew,2006-12-31,2006-12-31,2007-01-31,all,0.015853053059996184,0.007909033583136982,0,False,Research only; not investment advice.
always_calm,2006-12-31,2006-12-31,2007-01-31,calm,0.018834439352209412,0.010536161747407572,0,False,Research only; not investment advice.
k2_vol_corr_erc,2007-01-31,2007-01-31,2007-02-28,calm,-0.007822238528191226,0.004596481912743942,0,False,Research only; not investment advice.
k2_vol_corr_ew,2007-01-31,2007-01-31,2007-02-28,calm,-0.007818039805919422,0.003927248627685717,0,False,Research only; not investment advice.
k2_vol_corr_spread_erc,2007-01-31,2007-01-31,2007-02-28,calm,-0.007822238528191226,0.004596481912743942,0,False,Research only; not investment advice.
k2_vol_corr_spread_ew,2007-01-31,2007-01-31,2007-02-28,calm,-0.007818039805919422,0.003927248627685717,0,False,Research only; not investment advice.
unconditional_erc,2007-01-31,2007-01-31,2007-02-28,all,0.00916828014564722,0.0053652368989712314,0,False,Research only; not investment advice.
unconditional_ew,2007-01-31,2007-01-31,2007-02-28,all,-0.0007443056866611611,0.004950112523736238,0,False,Research only; not investment advice.
always_calm,2007-01-31,2007-01-31,2007-02-28,calm,-0.007822238528191226,0.004596481912743942,0,False,Research only; not investment advice.
k2_vol_corr_erc,2007-02-28,2007-02-28,2007-03-31,calm,0.015070566492332639,0.001655090636270281,0,False,Research only; not investment advice.
k2_vol_corr_ew,2007-02-28,2007-02-28,2007-03-31,calm,0.015878143898706166,0.004685481576270814,0,False,Research only; not investment advice.
k2_vol_corr_spread_erc,2007-02-28,2007-02-28,2007-03-31,calm,0.015070566492332639,0.001655090636270281,0,False,Research only; not investment advice.
k2_vol_corr_spread_ew,2007-02-28,2007-02-28,2007-03-31,calm,0.015878143898706166,0.004685481576270814,0,False,Research only; not investment advice.
unconditional_erc,2007-02-28,2007-02-28,2007-03-31,all,0.004391340127404765,0.00751403370895588,0,False,Research only; not investment advice.
unconditional_ew,2007-02-28,2007-02-28,2007-03-31,all,0.011047737297078194,0.00658765022604705,0,False,Research only; not investment advice.
always_calm,2007-02-28,2007-02-28,2007-03-31,calm,0.015070566492332639,0.001655090636270281,0,False,Research only; not investment advice.
k2_vol_corr_erc,2007-03-31,2007-03-31,2007-04-30,calm,0.03494869807332182,0.004483546113056239,0,False,Research only; not investment advice.
k2_vol_corr_ew,2007-03-31,2007-03-31,2007-04-30,calm,0.033845753036387566,0.003747568425602976,0,False,Research only; not investment advice.
k2_vol_corr_spread_erc,2007-03-31,2007-03-31,2007-04-30,calm,0.03494869807332182,0.004483546113056239,0,False,Research only; not investment advice.
k2_vol_corr_spread_ew,2007-03-31,2007-03-31,2007-04-30,calm,0.033845753036387566,0.003747568425602976,0,False,Research only; not investment advice.
unconditional_erc,2007-03-31,2007-03-31,2007-04-30,all,0.01802724129252235,0.0023912554720145803,0,False,Research only; not investment advice.
unconditional_ew,2007-03-31,2007-03-31,2007-04-30,all,0.027838990644669707,0.004237564838728874,0,False,Research only; not investment advice.
always_calm,2007-03-31,2007-03-31,2007-04-30,calm,0.03494869807332182,0.004483546113056239,0,False,Research only; not investment advice.
k2_vol_corr_erc,2007-04-30,2007-04-30,2007-05-31,calm,0.0381856679117299,0.014343255569974636,0,False,Research only; not investment advice.
k2_vol_corr_ew,2007-04-30,2007-04-30,2007-05-31,calm,0.03950667571009633,0.004451698207348802,0,False,Research only; not investment advice.
k2_vol_corr_spread_erc,2007-04-30,2007-04-30,2007-05-31,calm,0.0381856679117299,0.014343255569974636,0,False,Research only; not investment advice.
k2_vol_corr_spread_ew,2007-04-30,2007-04-30,2007-05-31,calm,0.03950667571009633,0.004451698207348802,0,False,Research only; not investment advice.
unconditional_erc,2007-04-30,2007-04-30,2007-05-31,all,0.006603614371066772,0.01743905117087509,0,False,Research only; not investment advice.
unconditional_ew,2007-04-30,2007-04-30,2007-05-31,all,0.026076186134465253,0.00607298084697535,0,False,Research only; not investment advice.
always_calm,2007-04-30,2007-04-30,2007-05-31,calm,0.0381856679117299,0.014343255569974636,0,False,Research only; not investment advice.
k2_vol_corr_erc,2007-05-31,2007-05-31,2007-06-30,calm,-0.013088557179579293,0.004352212117898609,0,False,Research only; not investment advice.
k2_vol_corr_ew,2007-05-31,2007-05-31,2007-06-30,calm,-0.010941279796146649,0.0032501473125583005,0,False,Research only; not investment advice.
k2_vol_corr_spread_erc,2007-05-31,2007-05-31,2007-06-30,calm,-0.013088557179579293,0.004352212117898609,0,False,Research only; not investment advice.
k2_vol_corr_spread_ew,2007-05-31,2007-05-31,2007-06-30,calm,-0.010941279796146649,0.0032501473125583005,0,False,Research only; not investment advice.
unconditional_erc,2007-05-31,2007-05-31,2007-06-30,all,-0.007302297884224365,0.010825239252144549,0,False,Research only; not investment advice.
unconditional_ew,2007-05-31,2007-05-31,2007-06-30,all,-0.009285898377867264,0.009826681754545843,0,False,Research only; not investment advice.
always_calm,2007-05-31,2007-05-31,2007-06-30,calm,-0.013088557179579293,0.004352212117898609,0,False,Research only; not investment advice.
k2_vol_corr_erc,2007-06-30,2007-06-30,2007-07-31,calm,-0.037963258559380215,0.004168794189011813,0,True,Research only; not investment advice.
k2_vol_corr_ew,2007-06-30,2007-06-30,2007-07-31,calm,-0.03728789282071681,0.006007431532718252,0,True,Research only; not investment advice.
k2_vol_corr_spread_erc,2007-06-30,2007-06-30,2007-07-31,calm,-0.037963258559380215,0.004168794189011813,0,True,Research only; not investment advice.
k2_vol_corr_spread_ew,2007-06-30,2007-06-30,2007-07-31,calm,-0.03728789282071681,0.006007431532718252,0,True,Research only; not investment advice.
unconditional_erc,2007-06-30,2007-06-30,2007-07-31,all,-0.0015042843591774727,0.004557371286357735,0,True,Research only; not investment advice.
unconditional_ew,2007-06-30,2007-06-30,2007-07-31,all,-0.021571656999607884,0.005333493899082515,0,True,Research only; not investment advice.
always_calm,2007-06-30,2007-06-30,2007-07-31,calm,-0.037963258559380215,0.004168794189011813,0,True,Research only; not investment advice.
k2_vol_corr_erc,2007-07-31,2007-07-31,2007-08-31,calm,0.012521340013343301,0.015328727609836553,0,False,Research only; not investment advice.
k2_vol_corr_ew,2007-07-31,2007-07-31,2007-08-31,calm,0.013626191092567953,0.00936256366449676,0,False,Research only; not investment advice.
k2_vol_corr_spread_erc,2007-07-31,2007-07-31,2007-08-31,calm,0.012521340013343301,0.015328727609836553,0,False,Research only; not investment advice.
k2_vol_corr_spread_ew,2007-07-31,2007-07-31,2007-08-31,calm,0.013626191092567953,0.00936256366449676,0,False,Research only; not investment advice.
unconditional_erc,2007-07-31,2007-07-31,2007-08-31,all,0.010551270543192062,0.017717489575487768,0,False,Research only; not investment advice.
unconditional_ew,2007-07-31,2007-07-31,2007-08-31,all,0.01110168338246887,0.015285252821094372,0,False,Research only; not investment advice.
always_calm,2007-07-31,2007-07-31,2007-08-31,calm,0.012521340013343301,0.015328727609836553,0,False,Research only; not investment advice.
k2_vol_corr_erc,2007-08-31,2007-08-31,2007-09-30,calm,0.03574220152897232,0.0033285329499052954,0,False,Research only; not investment advice.
k2_vol_corr_ew,2007-08-31,2007-08-31,2007-09-30,calm,0.036883332410906904,0.003526839661791334,0,False,Research only; not investment advice.
k2_vol_corr_spread_erc,2007-08-31,2007-08-31,2007-09-30,calm,0.03574220152897232,0.0033285329499052954,0,False,Research only; not investment advice.
k2_vol_corr_spread_ew,2007-08-31,2007-08-31,2007-09-30,calm,0.036883332410906904,0.003526839661791334,0,False,Research only; not investment advice.
unconditional_erc,2007-08-31,2007-08-31,2007-09-30,all,0.024285585426464723,0.005955616897344621,0,False,Research only; not investment advice.
unconditional_ew,2007-08-31,2007-08-31,2007-09-30,all,0.036087773270249174,0.004181957378049099,0,False,Research only; not investment advice.
always_calm,2007-08-31,2007-08-31,2007-09-30,calm,0.03574220152897232,0.0033285329499052954,0,False,Research only; not investment advice.
k2_vol_corr_erc,2007-09-30,2007-09-30,2007-10-31,calm,0.027875711948985176,0.013337027465126435,0,False,Research only; not investment advice.
k2_vol_corr_ew,2007-09-30,2007-09-30,2007-10-31,calm,0.03188371167137455,0.007949828842328713,0,False,Research only; not investment advice.
k2_vol_corr_spread_erc,2007-09-30,2007-09-30,2007-10-31,calm,0.027875711948985176,0.013337027465126435,0,False,Research only; not investment advice.
k2_vol_corr_spread_ew,2007-09-30,2007-09-30,2007-10-31,calm,0.03188371167137455,0.007949828842328713,0,False,Research only; not investment advice.
unconditional_erc,2007-09-30,2007-09-30,2007-10-31,all,0.020918690125524237,0.021713159244517714,0,False,Research only; not investment advice.
unconditional_ew,2007-09-30,2007-09-30,2007-10-31,all,0.031224179194595737,0.010809434642078418,0,False,Research only; not investment advice.
always_calm,2007-09-30,2007-09-30,2007-10-31,calm,0.027875711948985176,0.013337027465126435,0,False,Research only; not investment advice.
k2_vol_corr_erc,2007-10-31,2007-10-31,2007-11-30,calm,-0.053632409895309215,0.012347701715882946,0,True,Research only; not investment advice.
k2_vol_corr_ew,2007-10-31,2007-10-31,2007-11-30,calm,-0.056467375365200655,0.01061239955730646,0,True,Research only; not investment advice.
k2_vol_corr_spread_erc,2007-10-31,2007-10-31,2007-11-30,calm,-0.053632409895309215,0.012347701715882946,0,True,Research only; not investment advice.
k2_vol_corr_spread_ew,2007-10-31,2007-10-31,2007-11-30,calm,-0.056467375365200655,0.01061239955730646,0,True,Research only; not investment advice.
unconditional_erc,2007-10-31,2007-10-31,2007-11-30,all,-0.004363156023715251,0.013582129842500014,0,True,Research only; not investment advice.
unconditional_ew,2007-10-31,2007-10-31,2007-11-30,all,-0.037732428785702966,0.011323163849805674,0,True,Research only; not investment advice.
always_calm,2007-10-31,2007-10-31,2007-11-30,calm,-0.053632409895309215,0.012347701715882946,0,True,Research only; not investment advice.
k2_vol_corr_erc,2007-11-30,2007-11-30,2007-12-31,calm,-0.012231161146749488,0.010828700597970448,0,False,Research only; not investment advice.
k2_vol_corr_ew,2007-11-30,2007-11-30,2007-12-31,calm,-0.011131499529392585,0.006610323026351637,0,False,Research only; not investment advice.
k2_vol_corr_spread_erc,2007-11-30,2007-11-30,2007-12-31,calm,-0.012231161146749488,0.010828700597970448,0,False,Research only; not investment advice.
k2_vol_corr_spread_ew,2007-11-30,2007-11-30,2007-12-31,calm,-0.011131499529392585,0.006610323026351637,0,False,Research only; not investment advice.
unconditional_erc,2007-11-30,2007-11-30,2007-12-31,all,-0.001907307843375369,0.01882033115975479,0,False,Research only; not investment advice.
unconditional_ew,2007-11-30,2007-11-30,2007-12-31,all,-0.004233516832896713,0.014686102752347215,0,False,Research only; not investment advice.
always_calm,2007-11-30,2007-11-30,2007-12-31,calm,-0.012231161146749488,0.010828700597970448,0,False,Research only; not investment advice.
k2_vol_corr_erc,2007-12-31,2007-12-31,2008-01-31,calm,-0.0627097880039448,0.0028792364145307746,0,True,Research only; not investment advice.
k2_vol_corr_ew,2007-12-31,2007-12-31,2008-01-31,calm,-0.0649885847585631,0.0032261859803734,0,True,Research only; not investment advice.
k2_vol_corr_spread_erc,2007-12-31,2007-12-31,2008-01-31,calm,-0.0627097880039448,0.0028792364145307746,0,True,Research only; not investment advice.
k2_vol_corr_spread_ew,2007-12-31,2007-12-31,2008-01-31,calm,-0.0649885847585631,0.0032261859803734,0,True,Research only; not investment advice.
unconditional_erc,2007-12-31,2007-12-31,2008-01-31,all,-0.005660001571608449,0.015262206254105869,0,True,Research only; not investment advice.
unconditional_ew,2007-12-31,2007-12-31,2008-01-31,all,-0.03967067100241037,0.005727834120804676,0,True,Research only; not investment advice.
always_calm,2007-12-31,2007-12-31,2008-01-31,calm,-0.0627097880039448,0.0028792364145307746,0,True,Research only; not investment advice.
k2_vol_corr_erc,2008-01-31,2008-01-31,2008-02-29,calm,-0.02606559683069318,0.011001393795619537,0,False,Research only; not investment advice.
k2_vol_corr_ew,2008-01-31,2008-01-31,2008-02-29,calm,-0.02452798966007063,0.009056522478790484,0,False,Research only; not investment advice.
k2_vol_corr_spread_erc,2008-01-31,2008-01-31,2008-02-29,calm,-0.02606559683069318,0.011001393795619537,0,False,Research only; not investment advice.
k2_vol_corr_spread_ew,2008-01-31,2008-01-31,2008-02-29,calm,-0.02452798966007063,0.009056522478790484,0,False,Research only; not investment advice.
unconditional_erc,2008-01-31,2008-01-31,2008-02-29,all,-0.0018695220189350525,0.013131846934298834,0,False,Research only; not investment advice.
unconditional_ew,2008-01-31,2008-01-31,2008-02-29,all,-0.010924354699820631,0.019801795858336715,0,False,Research only; not investment advice.
always_calm,2008-01-31,2008-01-31,2008-02-29,calm,-0.02606559683069318,0.011001393795619537,0,False,Research only; not investment advice.
k2_vol_corr_erc,2008-02-29,2008-02-29,2008-03-31,calm,-0.005558800820286334,0.0017152015276176782,0,False,Research only; not investment advice.
k2_vol_corr_ew,2008-02-29,2008-02-29,2008-03-31,calm,-0.006105848997841827,0.006860904657091632,0,False,Research only; not investment advice.
k2_vol_corr_spread_erc,2008-02-29,2008-02-29,2008-03-31,calm,-0.005558800820286334,0.0017152015276176782,0,False,Research only; not investment advice.
k2_vol_corr_spread_ew,2008-02-29,2008-02-29,2008-03-31,calm,-0.006105848997841827,0.006860904657091632,0,False,Research only; not investment advice.
unconditional_erc,2008-02-29,2008-02-29,2008-03-31,all,-0.0026316759515246178,0.005068390197743751,0,False,Research only; not investment advice.
unconditional_ew,2008-02-29,2008-02-29,2008-03-31,all,-0.0071122661340678375,0.012403379422926488,0,False,Research only; not investment advice.
always_calm,2008-02-29,2008-02-29,2008-03-31,calm,-0.005558800820286334,0.0017152015276176782,0,False,Research only; not investment advice.
k2_vol_corr_erc,2008-03-31,2008-03-31,2008-04-30,calm,0.0559917224492724,0.004338607598901152,0,False,Research only; not investment advice.
k2_vol_corr_ew,2008-03-31,2008-03-31,2008-04-30,calm,0.057876974797674126,0.004288228298343369,0,False,Research only; not investment advice.
k2_vol_corr_spread_erc,2008-03-31,2008-03-31,2008-04-30,calm,0.0559917224492724,0.004338607598901152,0,False,Research only; not investment advice.
k2_vol_corr_spread_ew,2008-03-31,2008-03-31,2008-04-30,calm,0.057876974797674126,0.004288228298343369,0,False,Research only; not investment advice.
unconditional_erc,2008-03-31,2008-03-31,2008-04-30,all,0.016632211425543608,0.016088551753936222,0,False,Research only; not investment advice.
unconditional_ew,2008-03-31,2008-03-31,2008-04-30,all,0.043147672417902114,0.005707611289712571,0,False,Research only; not investment advice.
always_calm,2008-03-31,2008-03-31,2008-04-30,calm,0.0559917224492724,0.004338607598901152,0,False,Research only; not investment advice.
k2_vol_corr_erc,2008-04-30,2008-04-30,2008-05-31,calm,0.031140978521007397,0.013621047106172054,0,False,Research only; not investment advice.
k2_vol_corr_ew,2008-04-30,2008-04-30,2008-05-31,calm,0.03405301119121587,0.007035262065393434,0,False,Research only; not investment advice.
k2_vol_corr_spread_erc,2008-04-30,2008-04-30,2008-05-31,calm,0.031140978521007397,0.013621047106172054,0,False,Research only; not investment advice.
k2_vol_corr_spread_ew,2008-04-30,2008-04-30,2008-05-31,calm,0.03405301119121587,0.007035262065393434,0,False,Research only; not investment advice.
unconditional_erc,2008-04-30,2008-04-30,2008-05-31,all,0.008894990827918984,0.016385796740034663,0,False,Research only; not investment advice.
unconditional_ew,2008-04-30,2008-04-30,2008-05-31,all,0.026854613972859077,0.011395954125766924,0,False,Research only; not investment advice.
always_calm,2008-04-30,2008-04-30,2008-05-31,calm,0.031140978521007397,0.013621047106172054,0,False,Research only; not investment advice.
k2_vol_corr_erc,2008-05-31,2008-05-31,2008-06-30,calm,-0.08342918370798952,0.007858671974630669,0,True,Research only; not investment advice.
k2_vol_corr_ew,2008-05-31,2008-05-31,2008-06-30,calm,-0.08275460745803143,0.0076557745559749785,0,True,Research only; not investment advice.
k2_vol_corr_spread_erc,2008-05-31,2008-05-31,2008-06-30,calm,-0.08342918370798952,0.007858671974630669,0,True,Research only; not investment advice.
k2_vol_corr_spread_ew,2008-05-31,2008-05-31,2008-06-30,calm,-0.08275460745803143,0.0076557745559749785,0,True,Research only; not investment advice.
unconditional_erc,2008-05-31,2008-05-31,2008-06-30,all,-0.022554712191673314,0.015621448943870598,0,True,Research only; not investment advice.
unconditional_ew,2008-05-31,2008-05-31,2008-06-30,all,-0.056329608647397306,0.010142077157386513,0,True,Research only; not investment advice.
always_calm,2008-05-31,2008-05-31,2008-06-30,calm,-0.08342918370798952,0.007858671974630669,0,True,Research only; not investment advice.
k2_vol_corr_erc,2008-06-30,2008-06-30,2008-07-31,calm,-0.004591553914736099,0.019608099920646313,0,False,Research only; not investment advice.
k2_vol_corr_ew,2008-06-30,2008-06-30,2008-07-31,calm,-0.005191170721922897,0.005733807791267302,0,False,Research only; not investment advice.
k2_vol_corr_spread_erc,2008-06-30,2008-06-30,2008-07-31,calm,-0.004591553914736099,0.019608099920646313,0,False,Research only; not investment advice.
k2_vol_corr_spread_ew,2008-06-30,2008-06-30,2008-07-31,calm,-0.005191170721922897,0.005733807791267302,0,False,Research only; not investment advice.
unconditional_erc,2008-06-30,2008-06-30,2008-07-31,all,-0.0042340256121241315,0.013382475862140098,0,False,Research only; not investment advice.
unconditional_ew,2008-06-30,2008-06-30,2008-07-31,all,-0.007250940079120482,0.021001770628374297,0,False,Research only; not investment advice.
always_calm,2008-06-30,2008-06-30,2008-07-31,calm,-0.004591553914736099,0.019608099920646313,0,False,Research only; not investment advice.
k2_vol_corr_erc,2008-07-31,2008-07-31,2008-08-31,calm,0.011564756714414367,0.006890682564969854,0,False,Research only; not investment advice.
k2_vol_corr_ew,2008-07-31,2008-07-31,2008-08-31,calm,0.010333351119736166,0.010645163629675873,0,False,Research only; not investment advice.
k2_vol_corr_spread_erc,2008-07-31,2008-07-31,2008-08-31,calm,0.011564756714414367,0.006890682564969854,0,False,Research only; not investment advice.
k2_vol_corr_spread_ew,2008-07-31,2008-07-31,2008-08-31,calm,0.010333351119736166,0.010645163629675873,0,False,Research only; not investment advice.
unconditional_erc,2008-07-31,2008-07-31,2008-08-31,all,0.003930881084948065,0.006831294250108675,0,False,Research only; not investment advice.
unconditional_ew,2008-07-31,2008-07-31,2008-08-31,all,0.0022636891182336626,0.010098050899219446,0,False,Research only; not investment advice.
always_calm,2008-07-31,2008-07-31,2008-08-31,calm,0.011564756714414367,0.006890682564969854,0,False,Research only; not investment advice.
k2_vol_corr_erc,2008-08-31,2008-08-31,2008-09-30,calm,-0.09547322012966984,0.010184637780531577,0,True,Research only; not investment advice.
k2_vol_corr_ew,2008-08-31,2008-08-31,2008-09-30,calm,-0.09835467174132272,0.0105404767536523,0,True,Research only; not investment advice.
k2_vol_corr_spread_erc,2008-08-31,2008-08-31,2008-09-30,calm,-0.09547322012966984,0.010184637780531577,0,True,Research only; not investment advice.
k2_vol_corr_spread_ew,2008-08-31,2008-08-31,2008-09-30,calm,-0.09835467174132272,0.0105404767536523,0,True,Research only; not investment advice.
unconditional_erc,2008-08-31,2008-08-31,2008-09-30,all,-0.044404720230119814,0.011368326722273212,0,True,Research only; not investment advice.
unconditional_ew,2008-08-31,2008-08-31,2008-09-30,all,-0.07972135511885295,0.013668485386169396,0,True,Research only; not investment advice.
always_calm,2008-08-31,2008-08-31,2008-09-30,calm,-0.09547322012966984,0.010184637780531577,0,True,Research only; not investment advice.
k2_vol_corr_erc,2008-09-30,2008-09-30,2008-10-31,calm,-0.1966102369096881,0.012150473519823575,0,True,Research only; not investment advice.
k2_vol_corr_ew,2008-09-30,2008-09-30,2008-10-31,calm,-0.19903065121951363,0.01631635288934516,0,True,Research only; not investment advice.
k2_vol_corr_spread_erc,2008-09-30,2008-09-30,2008-10-31,calm,-0.1966102369096881,0.012150473519823575,0,True,Research only; not investment advice.
k2_vol_corr_spread_ew,2008-09-30,2008-09-30,2008-10-31,calm,-0.19903065121951363,0.01631635288934516,0,True,Research only; not investment advice.
unconditional_erc,2008-09-30,2008-09-30,2008-10-31,all,-0.09941172503709744,0.08848723792082153,0,True,Research only; not investment advice.
unconditional_ew,2008-09-30,2008-09-30,2008-10-31,all,-0.17016095113263535,0.020529322272356113,0,True,Research only; not investment advice.
always_calm,2008-09-30,2008-09-30,2008-10-31,calm,-0.1966102369096881,0.012150473519823575,0,True,Research only; not investment advice.
k2_vol_corr_erc,2008-10-31,2008-10-31,2008-11-30,stress,0.010852422814248273,0.895890579329571,0,True,Research only; not investment advice.
k2_vol_corr_ew,2008-10-31,2008-10-31,2008-11-30,stress,0.0001112042683162253,0.9135517467728449,0,True,Research only; not investment advice.
k2_vol_corr_spread_erc,2008-10-31,2008-10-31,2008-11-30,stress,0.010852422814248273,0.895890579329571,0,True,Research only; not investment advice.
k2_vol_corr_spread_ew,2008-10-31,2008-10-31,2008-11-30,stress,0.0001112042683162253,0.9135517467728449,0,True,Research only; not investment advice.
unconditional_erc,2008-10-31,2008-10-31,2008-11-30,all,-0.024963380224777683,0.11333191031442202,0,True,Research only; not investment advice.
unconditional_ew,2008-10-31,2008-10-31,2008-11-30,all,-0.06823975850511896,0.03257820430420022,0,True,Research only; not investment advice.
always_calm,2008-10-31,2008-10-31,2008-11-30,calm,-0.09617312526864964,0.023417447784264155,0,True,Research only; not investment advice.
k2_vol_corr_erc,2008-11-30,2008-11-30,2008-12-31,stress,0.039161265394107844,0.019277097314770356,0,False,Research only; not investment advice.
k2_vol_corr_ew,2008-11-30,2008-11-30,2008-12-31,stress,0.032022754979263726,0.01775426362770255,0,False,Research only; not investment advice.
k2_vol_corr_spread_erc,2008-11-30,2008-11-30,2008-12-31,calm,0.044478001750352714,0.9002961695093293,0,False,Research only; not investment advice.
k2_vol_corr_spread_ew,2008-11-30,2008-11-30,2008-12-31,calm,0.04656265900131913,0.9166666666666667,0,False,Research only; not investment advice.
unconditional_erc,2008-11-30,2008-11-30,2008-12-31,all,0.044424086728339834,0.023929228191257035,0,False,Research only; not investment advice.
unconditional_ew,2008-11-30,2008-11-30,2008-12-31,all,0.04395568670287757,0.02341554135777658,0,False,Research only; not investment advice.
always_calm,2008-11-30,2008-11-30,2008-12-31,calm,0.044478001750352714,0.0062321306107084445,0,False,Research only; not investment advice.
k2_vol_corr_erc,2008-12-31,2008-12-31,2009-01-31,stress,-0.032729805862568004,0.025537041634591674,0,True,Research only; not investment advice.
k2_vol_corr_ew,2008-12-31,2008-12-31,2009-01-31,stress,-0.03304000919167842,0.012282687189264535,0,True,Research only; not investment advice.
k2_vol_corr_spread_erc,2008-12-31,2008-12-31,2009-01-31,stress,-0.032729805862568004,0.9030552226685289,0,True,Research only; not investment advice.
k2_vol_corr_spread_ew,2008-12-31,2008-12-31,2009-01-31,stress,-0.03304000919167842,0.9191341063901501,0,True,Research only; not investment advice.
unconditional_erc,2008-12-31,2008-12-31,2009-01-31,all,-0.0516769217877248,0.025961614832765472,0,True,Research only; not investment advice.
unconditional_ew,2008-12-31,2008-12-31,2009-01-31,all,-0.07231643528606227,0.009671114129653088,0,True,Research only; not investment advice.
always_calm,2008-12-31,2008-12-31,2009-01-31,calm,-0.0938294155260011,0.012294394392227771,0,True,Research only; not investment advice.
k2_vol_corr_erc,2009-01-31,2009-01-31,2009-02-28,stress,-0.030538889389756466,0.01456849832364622,0,True,Research only; not investment advice.
k2_vol_corr_ew,2009-01-31,2009-01-31,2009-02-28,stress,-0.03638461409401738,0.016940830342359395,0,True,Research only; not investment advice.
k2_vol_corr_spread_erc,2009-01-31,2009-01-31,2009-02-28,stress,-0.030538889389756466,0.01456849832364622,0,True,Research only; not investment advice.
k2_vol_corr_spread_ew,2009-01-31,2009-01-31,2009-02-28,stress,-0.03638461409401738,0.016940830342359395,0,True,Research only; not investment advice.
unconditional_erc,2009-01-31,2009-01-31,2009-02-28,all,-0.049833293261587946,0.03731117869627264,0,True,Research only; not investment advice.
unconditional_ew,2009-01-31,2009-01-31,2009-02-28,all,-0.07825519491625432,0.020978719476180952,0,True,Research only; not investment advice.
always_calm,2009-01-31,2009-01-31,2009-02-28,calm,-0.10135654002117518,0.008393785236223417,0,True,Research only; not investment advice.
k2_vol_corr_erc,2009-02-28,2009-02-28,2009-03-31,stress,0.033072524584626575,0.005293120306296979,0,False,Research only; not investment advice.
k2_vol_corr_ew,2009-02-28,2009-02-28,2009-03-31,stress,0.03663841059299014,0.01962711828029813,0,False,Research only; not investment advice.
k2_vol_corr_spread_erc,2009-02-28,2009-02-28,2009-03-31,stress,0.033072524584626575,0.005293120306296979,0,False,Research only; not investment advice.
k2_vol_corr_spread_ew,2009-02-28,2009-02-28,2009-03-31,stress,0.03663841059299014,0.01962711828029813,0,False,Research only; not investment advice.
unconditional_erc,2009-02-28,2009-02-28,2009-03-31,all,0.05074621513783886,0.02237100025205034,0,False,Research only; not investment advice.
unconditional_ew,2009-02-28,2009-02-28,2009-03-31,all,0.0741184913775143,0.020704545613380195,0,False,Research only; not investment advice.
always_calm,2009-02-28,2009-02-28,2009-03-31,calm,0.08903475628323587,0.003966266761126977,0,False,Research only; not investment advice.
k2_vol_corr_erc,2009-03-31,2009-03-31,2009-04-30,stress,0.003978227391782638,0.02356069294389313,0,False,Research only; not investment advice.
k2_vol_corr_ew,2009-03-31,2009-03-31,2009-04-30,stress,0.009152785333442298,0.01353712603972268,0,False,Research only; not investment advice.
k2_vol_corr_spread_erc,2009-03-31,2009-03-31,2009-04-30,stress,0.003978227391782638,0.02356069294389313,0,False,Research only; not investment advice.
k2_vol_corr_spread_ew,2009-03-31,2009-03-31,2009-04-30,stress,0.009152785333442298,0.01353712603972268,0,False,Research only; not investment advice.
unconditional_erc,2009-03-31,2009-03-31,2009-04-30,all,0.05063476336634596,0.027050982495486754,0,False,Research only; not investment advice.
unconditional_ew,2009-03-31,2009-03-31,2009-04-30,all,0.10008399633100915,0.011624361843667292,0,False,Research only; not investment advice.
always_calm,2009-03-31,2009-03-31,2009-04-30,calm,0.136567448559067,0.010593159254911541,0,False,Research only; not investment advice.
k2_vol_corr_erc,2009-04-30,2009-04-30,2009-05-31,stress,0.03682593021694698,0.014622339310745122,0,False,Research only; not investment advice.
k2_vol_corr_ew,2009-04-30,2009-04-30,2009-05-31,stress,0.05460944690488695,0.019160535370790113,0,False,Research only; not investment advice.
k2_vol_corr_spread_erc,2009-04-30,2009-04-30,2009-05-31,stress,0.03682593021694698,0.014622339310745122,0,False,Research only; not investment advice.
k2_vol_corr_spread_ew,2009-04-30,2009-04-30,2009-05-31,stress,0.05460944690488695,0.019160535370790113,0,False,Research only; not investment advice.
unconditional_erc,2009-04-30,2009-04-30,2009-05-31,all,0.030436814793629988,0.19147045532699597,0,False,Research only; not investment advice.
unconditional_ew,2009-04-30,2009-04-30,2009-05-31,all,0.05457919709286076,0.07027498957285927,0,False,Research only; not investment advice.
always_calm,2009-04-30,2009-04-30,2009-05-31,calm,0.03853453961353398,0.3882572361223183,0,False,Research only; not investment advice.
k2_vol_corr_erc,2009-05-31,2009-05-31,2009-06-30,stress,-0.004251794759893713,0.04383595539085857,0,False,Research only; not investment advice.
k2_vol_corr_ew,2009-05-31,2009-05-31,2009-06-30,stress,-0.008393333232202569,0.02809773604733419,0,False,Research only; not investment advice.
k2_vol_corr_spread_erc,2009-05-31,2009-05-31,2009-06-30,stress,-0.004251794759893713,0.04383595539085857,0,False,Research only; not investment advice.
k2_vol_corr_spread_ew,2009-05-31,2009-05-31,2009-06-30,stress,-0.008393333232202569,0.02809773604733419,0,False,Research only; not investment advice.
unconditional_erc,2009-05-31,2009-05-31,2009-06-30,all,0.0005461346625960426,0.02666488054446756,0,False,Research only; not investment advice.
unconditional_ew,2009-05-31,2009-05-31,2009-06-30,all,0.0011046869653740382,0.02015215175225221,0,False,Research only; not investment advice.
always_calm,2009-05-31,2009-05-31,2009-06-30,calm,0.0028051261904475603,0.018463450445835534,0,False,Research only; not investment advice.
k2_vol_corr_erc,2009-06-30,2009-06-30,2009-07-31,stress,0.016669897324614814,0.0042973681739012365,0,False,Research only; not investment advice.
k2_vol_corr_ew,2009-06-30,2009-06-30,2009-07-31,stress,0.021407057637255547,0.006367488248097214,0,False,Research only; not investment advice.
k2_vol_corr_spread_erc,2009-06-30,2009-06-30,2009-07-31,stress,0.016669897324614814,0.0042973681739012365,0,False,Research only; not investment advice.
k2_vol_corr_spread_ew,2009-06-30,2009-06-30,2009-07-31,stress,0.021407057637255547,0.006367488248097214,0,False,Research only; not investment advice.
unconditional_erc,2009-06-30,2009-06-30,2009-07-31,all,0.033451770998325116,0.003257410603236201,0,False,Research only; not investment advice.
unconditional_ew,2009-06-30,2009-06-30,2009-07-31,all,0.06522609268668522,0.005370279464297294,0,False,Research only; not investment advice.
always_calm,2009-06-30,2009-06-30,2009-07-31,calm,0.05761699264071363,0.00416973847441186,0,False,Research only; not investment advice.
k2_vol_corr_erc,2009-07-31,2009-07-31,2009-08-31,stress,0.014745149435457058,0.010693262929347795,0,False,Research only; not investment advice.
k2_vol_corr_ew,2009-07-31,2009-07-31,2009-08-31,stress,0.01755950330682585,0.011457319018050069,0,False,Research only; not investment advice.
k2_vol_corr_spread_erc,2009-07-31,2009-07-31,2009-08-31,stress,0.014745149435457058,0.010693262929347795,0,False,Research only; not investment advice.
k2_vol_corr_spread_ew,2009-07-31,2009-07-31,2009-08-31,stress,0.01755950330682585,0.011457319018050069,0,False,Research only; not investment advice.
unconditional_erc,2009-07-31,2009-07-31,2009-08-31,all,0.01560926730460382,0.025741179666863987,0,False,Research only; not investment advice.
unconditional_ew,2009-07-31,2009-07-31,2009-08-31,all,0.02456910710959599,0.016037521938400846,0,False,Research only; not investment advice.
always_calm,2009-07-31,2009-07-31,2009-08-31,calm,0.021693894337281763,0.025217368305206808,0,False,Research only; not investment advice.
k2_vol_corr_erc,2009-08-31,2009-08-31,2009-09-30,stress,0.018680960865066154,0.006250749468913436,0,False,Research only; not investment advice.
k2_vol_corr_ew,2009-08-31,2009-08-31,2009-09-30,stress,0.023329510723664987,0.006529664690104867,0,False,Research only; not investment advice.
k2_vol_corr_spread_erc,2009-08-31,2009-08-31,2009-09-30,calm,0.03250662251475415,0.944681541017779,0,False,Research only; not investment advice.
k2_vol_corr_spread_ew,2009-08-31,2009-08-31,2009-09-30,calm,0.04843064025451437,0.9230769230769231,0,False,Research only; not investment advice.
unconditional_erc,2009-08-31,2009-08-31,2009-09-30,all,0.023807483742423613,0.007070312033931788,0,False,Research only; not investment advice.
unconditional_ew,2009-08-31,2009-08-31,2009-09-30,all,0.04187861069158452,0.008025312387190491,0,False,Research only; not investment advice.
always_calm,2009-08-31,2009-08-31,2009-09-30,calm,0.03250662251475415,0.009052249002420597,0,False,Research only; not investment advice.
k2_vol_corr_erc,2009-09-30,2009-09-30,2009-10-31,calm,-0.0238672324494386,0.9447611203745263,0,True,Research only; not investment advice.
k2_vol_corr_ew,2009-09-30,2009-09-30,2009-10-31,calm,-0.038243603565608776,0.9230769230769231,0,True,Research only; not investment advice.
k2_vol_corr_spread_erc,2009-09-30,2009-09-30,2009-10-31,calm,-0.0238672324494386,0.013830623266810955,0,True,Research only; not investment advice.
k2_vol_corr_spread_ew,2009-09-30,2009-09-30,2009-10-31,calm,-0.038243603565608776,0.00770273246401415,0,True,Research only; not investment advice.
unconditional_erc,2009-09-30,2009-09-30,2009-10-31,all,-0.011677864729932465,0.1568932506242189,0,True,Research only; not investment advice.
unconditional_ew,2009-09-30,2009-09-30,2009-10-31,all,-0.026006771382872648,0.05555555555555561,0,True,Research only; not investment advice.
always_calm,2009-09-30,2009-09-30,2009-10-31,calm,-0.0238672324494386,0.013830623266810955,0,True,Research only; not investment advice.
k2_vol_corr_erc,2009-10-31,2009-10-31,2009-11-30,calm,0.030974902987051255,0.009067834757699098,0,False,Research only; not investment advice.
k2_vol_corr_ew,2009-10-31,2009-10-31,2009-11-30,calm,0.04323718749879064,0.007088460001894878,0,False,Research only; not investment advice.
k2_vol_corr_spread_erc,2009-10-31,2009-10-31,2009-11-30,calm,0.030974902987051255,0.009067834757699098,0,False,Research only; not investment advice.
k2_vol_corr_spread_ew,2009-10-31,2009-10-31,2009-11-30,calm,0.04323718749879064,0.007088460001894878,0,False,Research only; not investment advice.
unconditional_erc,2009-10-31,2009-10-31,2009-11-30,all,0.02537842105871014,0.009352168717119183,0,False,Research only; not investment advice.
unconditional_ew,2009-10-31,2009-10-31,2009-11-30,all,0.03962012381171092,0.010988019048930396,0,False,Research only; not investment advice.
always_calm,2009-10-31,2009-10-31,2009-11-30,calm,0.030974902987051255,0.009067834757699098,0,False,Research only; not investment advice.
k2_vol_corr_erc,2009-11-30,2009-11-30,2009-12-31,calm,0.025794160315910045,0.010060237290984618,0,False,Research only; not investment advice.
k2_vol_corr_ew,2009-11-30,2009-11-30,2009-12-31,calm,0.0449102741502202,0.00692569028011647,0,False,Research only; not investment advice.
k2_vol_corr_spread_erc,2009-11-30,2009-11-30,2009-12-31,calm,0.025794160315910045,0.010060237290984618,0,False,Research only; not investment advice.
k2_vol_corr_spread_ew,2009-11-30,2009-11-30,2009-12-31,calm,0.0449102741502202,0.00692569028011647,0,False,Research only; not investment advice.
unconditional_erc,2009-11-30,2009-11-30,2009-12-31,all,0.002381175719429577,0.009404850980522605,0,False,Research only; not investment advice.
unconditional_ew,2009-11-30,2009-11-30,2009-12-31,all,0.02666343507087537,0.008426294021402672,0,False,Research only; not investment advice.
always_calm,2009-11-30,2009-11-30,2009-12-31,calm,0.025794160315910045,0.010060237290984618,0,False,Research only; not investment advice.
k2_vol_corr_erc,2009-12-31,2009-12-31,2010-01-31,calm,-0.016127678447570532,0.12390798426182734,0,True,Research only; not investment advice.
k2_vol_corr_ew,2009-12-31,2009-12-31,2010-01-31,calm,-0.03298846749909233,0.07142857142857155,0,True,Research only; not investment advice.
k2_vol_corr_spread_erc,2009-12-31,2009-12-31,2010-01-31,calm,-0.016127678447570532,0.12390798426182734,0,True,Research only; not investment advice.
k2_vol_corr_spread_ew,2009-12-31,2009-12-31,2010-01-31,calm,-0.03298846749909233,0.07142857142857155,0,True,Research only; not investment advice.
unconditional_erc,2009-12-31,2009-12-31,2010-01-31,all,-0.006770671905606262,0.06158884630875909,0,True,Research only; not investment advice.
unconditional_ew,2009-12-31,2009-12-31,2010-01-31,all,-0.025379528633675777,0.05353028628232345,0,True,Research only; not investment advice.
always_calm,2009-12-31,2009-12-31,2010-01-31,calm,-0.016127678447570532,0.12390798426182734,0,True,Research only; not investment advice.
k2_vol_corr_erc,2010-01-31,2010-01-31,2010-02-28,calm,0.02055051288061905,0.008751519917768857,0,False,Research only; not investment advice.
k2_vol_corr_ew,2010-01-31,2010-01-31,2010-02-28,calm,0.03198186224508549,0.007489892838382986,0,False,Research only; not investment advice.
k2_vol_corr_spread_erc,2010-01-31,2010-01-31,2010-02-28,calm,0.02055051288061905,0.008751519917768857,0,False,Research only; not investment advice.
k2_vol_corr_spread_ew,2010-01-31,2010-01-31,2010-02-28,calm,0.03198186224508549,0.007489892838382986,0,False,Research only; not investment advice.
unconditional_erc,2010-01-31,2010-01-31,2010-02-28,all,0.012560468791981458,0.007476270759126181,0,False,Research only; not investment advice.
unconditional_ew,2010-01-31,2010-01-31,2010-02-28,all,0.026016004446877704,0.01035680679258336,0,False,Research only; not investment advice.
always_calm,2010-01-31,2010-01-31,2010-02-28,calm,0.02055051288061905,0.008751519917768857,0,False,Research only; not investment advice.
k2_vol_corr_erc,2010-02-28,2010-02-28,2010-03-31,calm,0.038744940762082215,0.010551693899449315,0,False,Research only; not investment advice.
k2_vol_corr_ew,2010-02-28,2010-02-28,2010-03-31,calm,0.06276712874977391,0.007085213399543974,0,False,Research only; not investment advice.
k2_vol_corr_spread_erc,2010-02-28,2010-02-28,2010-03-31,calm,0.038744940762082215,0.010551693899449315,0,False,Research only; not investment advice.
k2_vol_corr_spread_ew,2010-02-28,2010-02-28,2010-03-31,calm,0.06276712874977391,0.007085213399543974,0,False,Research only; not investment advice.
unconditional_erc,2010-02-28,2010-02-28,2010-03-31,all,0.020170477725920056,0.009071159593867062,0,False,Research only; not investment advice.
unconditional_ew,2010-02-28,2010-02-28,2010-03-31,all,0.04777037646024274,0.008819247448546733,0,False,Research only; not investment advice.
always_calm,2010-02-28,2010-02-28,2010-03-31,calm,0.038744940762082215,0.010551693899449315,0,False,Research only; not investment advice.
k2_vol_corr_erc,2010-03-31,2010-03-31,2010-04-30,calm,0.016041204447112593,0.13731422772472215,0,False,Research only; not investment advice.
k2_vol_corr_ew,2010-03-31,2010-03-31,2010-04-30,calm,0.02551566718077404,0.06666666666666661,0,False,Research only; not investment advice.
k2_vol_corr_spread_erc,2010-03-31,2010-03-31,2010-04-30,calm,0.016041204447112593,0.13731422772472215,0,False,Research only; not investment advice.
k2_vol_corr_spread_ew,2010-03-31,2010-03-31,2010-04-30,calm,0.02551566718077404,0.06666666666666661,0,False,Research only; not investment advice.
unconditional_erc,2010-03-31,2010-03-31,2010-04-30,all,0.015081186411038009,0.07706535924081509,0,False,Research only; not investment advice.
unconditional_ew,2010-03-31,2010-03-31,2010-04-30,all,0.024115349677778314,0.05011762674993247,0,False,Research only; not investment advice.
always_calm,2010-03-31,2010-03-31,2010-04-30,calm,0.016041204447112593,0.13731422772472215,0,False,Research only; not investment advice.
k2_vol_corr_erc,2010-04-30,2010-04-30,2010-05-31,calm,-0.05041224327364383,0.006804280637264038,0,True,Research only; not investment advice.
k2_vol_corr_ew,2010-04-30,2010-04-30,2010-05-31,calm,-0.0726043739291124,0.009313270084976517,0,True,Research only; not investment advice.
k2_vol_corr_spread_erc,2010-04-30,2010-04-30,2010-05-31,calm,-0.05041224327364383,0.006804280637264038,0,True,Research only; not investment advice.
k2_vol_corr_spread_ew,2010-04-30,2010-04-30,2010-05-31,calm,-0.0726043739291124,0.009313270084976517,0,True,Research only; not investment advice.
unconditional_erc,2010-04-30,2010-04-30,2010-05-31,all,-0.025843236956696228,0.006405743821112448,0,True,Research only; not investment advice.
unconditional_ew,2010-04-30,2010-04-30,2010-05-31,all,-0.05657597460512482,0.008621851498849937,0,True,Research only; not investment advice.
always_calm,2010-04-30,2010-04-30,2010-05-31,calm,-0.05041224327364383,0.006804280637264038,0,True,Research only; not investment advice.
k2_vol_corr_erc,2010-05-31,2010-05-31,2010-06-30,calm,-0.023964361524724413,0.028271975724721166,0,True,Research only; not investment advice.
k2_vol_corr_ew,2010-05-31,2010-05-31,2010-06-30,calm,-0.04550176675034683,0.008041635669150393,0,True,Research only; not investment advice.
k2_vol_corr_spread_erc,2010-05-31,2010-05-31,2010-06-30,calm,-0.023964361524724413,0.028271975724721166,0,True,Research only; not investment advice.
k2_vol_corr_spread_ew,2010-05-31,2010-05-31,2010-06-30,calm,-0.04550176675034683,0.008041635669150393,0,True,Research only; not investment advice.
unconditional_erc,2010-05-31,2010-05-31,2010-06-30,all,-0.006417938779948309,0.021653873064963983,0,True,Research only; not investment advice.
unconditional_ew,2010-05-31,2010-05-31,2010-06-30,all,-0.03143233486082678,0.016194459395427244,0,True,Research only; not investment advice.
always_calm,2010-05-31,2010-05-31,2010-06-30,calm,-0.023964361524724413,0.028271975724721166,0,True,Research only; not investment advice.
k2_vol_corr_erc,2010-06-30,2010-06-30,2010-07-31,calm,0.04906131714211365,0.011938839237720862,0,False,Research only; not investment advice.
k2_vol_corr_ew,2010-06-30,2010-06-30,2010-07-31,calm,0.06952046201647476,0.012371626602607669,0,False,Research only; not investment advice.
k2_vol_corr_spread_erc,2010-06-30,2010-06-30,2010-07-31,calm,0.04906131714211365,0.011938839237720862,0,False,Research only; not investment advice.
k2_vol_corr_spread_ew,2010-06-30,2010-06-30,2010-07-31,calm,0.06952046201647476,0.012371626602607669,0,False,Research only; not investment advice.
unconditional_erc,2010-06-30,2010-06-30,2010-07-31,all,0.02875450926269064,0.00817154400130873,0,False,Research only; not investment advice.
unconditional_ew,2010-06-30,2010-06-30,2010-07-31,all,0.05375261161120734,0.016406500798685383,0,False,Research only; not investment advice.
always_calm,2010-06-30,2010-06-30,2010-07-31,calm,0.04906131714211365,0.011938839237720862,0,False,Research only; not investment advice.
k2_vol_corr_erc,2010-07-31,2010-07-31,2010-08-31,calm,-0.026383759338326818,0.02065885198430981,0,True,Research only; not investment advice.
k2_vol_corr_ew,2010-07-31,2010-07-31,2010-08-31,calm,-0.04571323358570338,0.006174474206787045,0,True,Research only; not investment advice.
k2_vol_corr_spread_erc,2010-07-31,2010-07-31,2010-08-31,calm,-0.026383759338326818,0.02065885198430981,0,True,Research only; not investment advice.
k2_vol_corr_spread_ew,2010-07-31,2010-07-31,2010-08-31,calm,-0.04571323358570338,0.006174474206787045,0,True,Research only; not investment advice.
unconditional_erc,2010-07-31,2010-07-31,2010-08-31,all,-0.005537253217629339,0.01926722528847918,0,True,Research only; not investment advice.
unconditional_ew,2010-07-31,2010-07-31,2010-08-31,all,-0.03096085544048765,0.013582852952636032,0,True,Research only; not investment advice.
always_calm,2010-07-31,2010-07-31,2010-08-31,calm,-0.026383759338326818,0.02065885198430981,0,True,Research only; not investment advice.
k2_vol_corr_erc,2010-08-31,2010-08-31,2010-09-30,calm,0.059377260873991415,0.011648428881458638,0,False,Research only; not investment advice.
k2_vol_corr_ew,2010-08-31,2010-08-31,2010-09-30,calm,0.09458945078266001,0.00846087680615952,0,False,Research only; not investment advice.
k2_vol_corr_spread_erc,2010-08-31,2010-08-31,2010-09-30,calm,0.059377260873991415,0.011648428881458638,0,False,Research only; not investment advice.
k2_vol_corr_spread_ew,2010-08-31,2010-08-31,2010-09-30,calm,0.09458945078266001,0.00846087680615952,0,False,Research only; not investment advice.
unconditional_erc,2010-08-31,2010-08-31,2010-09-30,all,0.03499665008743796,0.008111633312239894,0,False,Research only; not investment advice.
unconditional_ew,2010-08-31,2010-08-31,2010-09-30,all,0.07638544327229703,0.014640731003036225,0,False,Research only; not investment advice.
always_calm,2010-08-31,2010-08-31,2010-09-30,calm,0.059377260873991415,0.011648428881458638,0,False,Research only; not investment advice.
k2_vol_corr_erc,2010-09-30,2010-09-30,2010-10-31,calm,0.023970751319045563,0.03900699493322414,0,False,Research only; not investment advice.
k2_vol_corr_ew,2010-09-30,2010-09-30,2010-10-31,calm,0.035137893468557516,0.01096219741668843,0,False,Research only; not investment advice.
k2_vol_corr_spread_erc,2010-09-30,2010-09-30,2010-10-31,calm,0.023970751319045563,0.03900699493322414,0,False,Research only; not investment advice.
k2_vol_corr_spread_ew,2010-09-30,2010-09-30,2010-10-31,calm,0.035137893468557516,0.01096219741668843,0,False,Research only; not investment advice.
unconditional_erc,2010-09-30,2010-09-30,2010-10-31,all,0.015351635198037884,0.028214046092825136,0,False,Research only; not investment advice.
unconditional_ew,2010-09-30,2010-09-30,2010-10-31,all,0.030247454455838527,0.01812532723463193,0,False,Research only; not investment advice.
always_calm,2010-09-30,2010-09-30,2010-10-31,calm,0.023970751319045563,0.03900699493322414,0,False,Research only; not investment advice.
k2_vol_corr_erc,2010-10-31,2010-10-31,2010-11-30,calm,-0.0012121557316804913,0.008209344328060492,0,False,Research only; not investment advice.
k2_vol_corr_ew,2010-10-31,2010-10-31,2010-11-30,calm,0.004668066949328928,0.00400212997297749,0,False,Research only; not investment advice.
k2_vol_corr_spread_erc,2010-10-31,2010-10-31,2010-11-30,calm,-0.0012121557316804913,0.008209344328060492,0,False,Research only; not investment advice.
k2_vol_corr_spread_ew,2010-10-31,2010-10-31,2010-11-30,calm,0.004668066949328928,0.00400212997297749,0,False,Research only; not investment advice.
unconditional_erc,2010-10-31,2010-10-31,2010-11-30,all,-0.005919277892609123,0.011527209880705656,0,False,Research only; not investment advice.
unconditional_ew,2010-10-31,2010-10-31,2010-11-30,all,0.0025762269370892617,0.0061292065375120955,0,False,Research only; not investment advice.
always_calm,2010-10-31,2010-10-31,2010-11-30,calm,-0.0012121557316804913,0.008209344328060492,0,False,Research only; not investment advice.
k2_vol_corr_erc,2010-11-30,2010-11-30,2010-12-31,calm,0.03799782476013112,0.0071526828917057375,0,False,Research only; not investment advice.
k2_vol_corr_ew,2010-11-30,2010-11-30,2010-12-31,calm,0.06418262098328928,0.010154868461396668,0,False,Research only; not investment advice.
k2_vol_corr_spread_erc,2010-11-30,2010-11-30,2010-12-31,calm,0.03799782476013112,0.0071526828917057375,0,False,Research only; not investment advice.
k2_vol_corr_spread_ew,2010-11-30,2010-11-30,2010-12-31,calm,0.06418262098328928,0.010154868461396668,0,False,Research only; not investment advice.
unconditional_erc,2010-11-30,2010-11-30,2010-12-31,all,0.015880622914900305,0.007807305878544505,0,False,Research only; not investment advice.
unconditional_ew,2010-11-30,2010-11-30,2010-12-31,all,0.049400617269941285,0.010269307396234127,0,False,Research only; not investment advice.
always_calm,2010-11-30,2010-11-30,2010-12-31,calm,0.03799782476013112,0.0071526828917057375,0,False,Research only; not investment advice.
k2_vol_corr_erc,2010-12-31,2010-12-31,2011-01-31,calm,0.0067628508408413895,0.021148340621728372,0,False,Research only; not investment advice.
k2_vol_corr_ew,2010-12-31,2010-12-31,2011-01-31,calm,0.010509882932069422,0.008068429011852958,0,False,Research only; not investment advice.
k2_vol_corr_spread_erc,2010-12-31,2010-12-31,2011-01-31,calm,0.0067628508408413895,0.021148340621728372,0,False,Research only; not investment advice.
k2_vol_corr_spread_ew,2010-12-31,2010-12-31,2011-01-31,calm,0.010509882932069422,0.008068429011852958,0,False,Research only; not investment advice.
unconditional_erc,2010-12-31,2010-12-31,2011-01-31,all,0.001347711431659016,0.021647567884978465,0,False,Research only; not investment advice.
unconditional_ew,2010-12-31,2010-12-31,2011-01-31,all,0.00577732906915336,0.01504192007388273,0,False,Research only; not investment advice.
always_calm,2010-12-31,2010-12-31,2011-01-31,calm,0.0067628508408413895,0.021148340621728372,0,False,Research only; not investment advice.
k2_vol_corr_erc,2011-01-31,2011-01-31,2011-02-28,calm,0.02152969580304962,0.005890504706264085,0,False,Research only; not investment advice.
k2_vol_corr_ew,2011-01-31,2011-01-31,2011-02-28,calm,0.032714380118616534,0.0063688622239396475,0,False,Research only; not investment advice.
k2_vol_corr_spread_erc,2011-01-31,2011-01-31,2011-02-28,calm,0.02152969580304962,0.005890504706264085,0,False,Research only; not investment advice.
k2_vol_corr_spread_ew,2011-01-31,2011-01-31,2011-02-28,calm,0.032714380118616534,0.0063688622239396475,0,False,Research only; not investment advice.
unconditional_erc,2011-01-31,2011-01-31,2011-02-28,all,0.017343938393658692,0.0054405938729149795,0,False,Research only; not investment advice.
unconditional_ew,2011-01-31,2011-01-31,2011-02-28,all,0.02978777093596614,0.0071518072527624425,0,False,Research only; not investment advice.
always_calm,2011-01-31,2011-01-31,2011-02-28,calm,0.02152969580304962,0.005890504706264085,0,False,Research only; not investment advice.
k2_vol_corr_erc,2011-02-28,2011-02-28,2011-03-31,calm,0.005484601233438198,0.006521919470837885,0,False,Research only; not investment advice.
k2_vol_corr_ew,2011-02-28,2011-02-28,2011-03-31,calm,0.012070013635295735,0.005775474645490934,0,False,Research only; not investment advice.
k2_vol_corr_spread_erc,2011-02-28,2011-02-28,2011-03-31,calm,0.005484601233438198,0.006521919470837885,0,False,Research only; not investment advice.
k2_vol_corr_spread_ew,2011-02-28,2011-02-28,2011-03-31,calm,0.012070013635295735,0.005775474645490934,0,False,Research only; not investment advice.
unconditional_erc,2011-02-28,2011-02-28,2011-03-31,all,0.0031553485840175553,0.04307986555484307,0,False,Research only; not investment advice.
unconditional_ew,2011-02-28,2011-02-28,2011-03-31,all,0.011080675969475486,0.007415958901772882,0,False,Research only; not investment advice.
always_calm,2011-02-28,2011-02-28,2011-03-31,calm,0.005484601233438198,0.006521919470837885,0,False,Research only; not investment advice.
k2_vol_corr_erc,2011-03-31,2011-03-31,2011-04-30,calm,0.024173453126002283,0.004402552081788542,0,False,Research only; not investment advice.
k2_vol_corr_ew,2011-03-31,2011-03-31,2011-04-30,calm,0.029382649787520008,0.008057489951567229,0,False,Research only; not investment advice.
k2_vol_corr_spread_erc,2011-03-31,2011-03-31,2011-04-30,calm,0.024173453126002283,0.004402552081788542,0,False,Research only; not investment advice.
k2_vol_corr_spread_ew,2011-03-31,2011-03-31,2011-04-30,calm,0.029382649787520008,0.008057489951567229,0,False,Research only; not investment advice.
unconditional_erc,2011-03-31,2011-03-31,2011-04-30,all,0.022793327683722282,0.0031182734168079393,0,False,Research only; not investment advice.
unconditional_ew,2011-03-31,2011-03-31,2011-04-30,all,0.030732960195787997,0.007898963147706991,0,False,Research only; not investment advice.
always_calm,2011-03-31,2011-03-31,2011-04-30,calm,0.024173453126002283,0.004402552081788542,0,False,Research only; not investment advice.
k2_vol_corr_erc,2011-04-30,2011-04-30,2011-05-31,calm,-0.0008260210630869899,0.0038142718227919814,0,False,Research only; not investment advice.
k2_vol_corr_ew,2011-04-30,2011-04-30,2011-05-31,calm,-0.011817106554991817,0.004188822587268666,0,False,Research only; not investment advice.
k2_vol_corr_spread_erc,2011-04-30,2011-04-30,2011-05-31,calm,-0.0008260210630869899,0.0038142718227919814,0,False,Research only; not investment advice.
k2_vol_corr_spread_ew,2011-04-30,2011-04-30,2011-05-31,calm,-0.011817106554991817,0.004188822587268666,0,False,Research only; not investment advice.
unconditional_erc,2011-04-30,2011-04-30,2011-05-31,all,0.0022256095097066635,0.00697808138672248,0,False,Research only; not investment advice.
unconditional_ew,2011-04-30,2011-04-30,2011-05-31,all,-0.010594874730674395,0.006267867703127698,0,False,Research only; not investment advice.
always_calm,2011-04-30,2011-04-30,2011-05-31,calm,-0.0008260210630869899,0.0038142718227919814,0,False,Research only; not investment advice.
k2_vol_corr_erc,2011-05-31,2011-05-31,2011-06-30,calm,-0.014624453156125667,0.005034281274200336,0,False,Research only; not investment advice.
k2_vol_corr_ew,2011-05-31,2011-05-31,2011-06-30,calm,-0.017535545058762775,0.0040987496161738815,0,False,Research only; not investment advice.
k2_vol_corr_spread_erc,2011-05-31,2011-05-31,2011-06-30,calm,-0.014624453156125667,0.005034281274200336,0,False,Research only; not investment advice.
k2_vol_corr_spread_ew,2011-05-31,2011-05-31,2011-06-30,calm,-0.017535545058762775,0.0040987496161738815,0,False,Research only; not investment advice.
unconditional_erc,2011-05-31,2011-05-31,2011-06-30,all,-0.00956988457980983,0.004745614106775974,0,False,Research only; not investment advice.
unconditional_ew,2011-05-31,2011-05-31,2011-06-30,all,-0.015962224940973508,0.006690342659893721,0,False,Research only; not investment advice.
always_calm,2011-05-31,2011-05-31,2011-06-30,calm,-0.014624453156125667,0.005034281274200336,0,False,Research only; not investment advice.
k2_vol_corr_erc,2011-06-30,2011-06-30,2011-07-31,calm,-0.003970111096465783,0.01602079447555354,0,False,Research only; not investment advice.
k2_vol_corr_ew,2011-06-30,2011-06-30,2011-07-31,calm,-0.019278822133309875,0.0022652705921173896,0,False,Research only; not investment advice.
k2_vol_corr_spread_erc,2011-06-30,2011-06-30,2011-07-31,calm,-0.003970111096465783,0.01602079447555354,0,False,Research only; not investment advice.
k2_vol_corr_spread_ew,2011-06-30,2011-06-30,2011-07-31,calm,-0.019278822133309875,0.0022652705921173896,0,False,Research only; not investment advice.
unconditional_erc,2011-06-30,2011-06-30,2011-07-31,all,0.007452885866476405,0.007601853686950265,0,False,Research only; not investment advice.
unconditional_ew,2011-06-30,2011-06-30,2011-07-31,all,-0.007299330341373191,0.0046167853792390065,0,False,Research only; not investment advice.
always_calm,2011-06-30,2011-06-30,2011-07-31,calm,-0.003970111096465783,0.01602079447555354,0,False,Research only; not investment advice.
k2_vol_corr_erc,2011-07-31,2011-07-31,2011-08-31,calm,-0.03131681897996627,0.007027047223434016,0,True,Research only; not investment advice.
k2_vol_corr_ew,2011-07-31,2011-07-31,2011-08-31,calm,-0.06337828553252926,0.007835401956843638,0,True,Research only; not investment advice.
k2_vol_corr_spread_erc,2011-07-31,2011-07-31,2011-08-31,calm,-0.03131681897996627,0.007027047223434016,0,True,Research only; not investment advice.
k2_vol_corr_spread_ew,2011-07-31,2011-07-31,2011-08-31,calm,-0.06337828553252926,0.007835401956843638,0,True,Research only; not investment advice.
unconditional_erc,2011-07-31,2011-07-31,2011-08-31,all,-0.007796235913513823,0.009081134409563898,0,True,Research only; not investment advice.
unconditional_ew,2011-07-31,2011-07-31,2011-08-31,all,-0.042774706593666924,0.012476206817791415,0,True,Research only; not investment advice.
always_calm,2011-07-31,2011-07-31,2011-08-31,calm,-0.03131681897996627,0.007027047223434016,0,True,Research only; not investment advice.
k2_vol_corr_erc,2011-08-31,2011-08-31,2011-09-30,calm,-0.041156277119547724,0.007772383964524343,0,True,Research only; not investment advice.
k2_vol_corr_ew,2011-08-31,2011-08-31,2011-09-30,calm,-0.08748571562953396,0.010187137090931095,0,True,Research only; not investment advice.
k2_vol_corr_spread_erc,2011-08-31,2011-08-31,2011-09-30,calm,-0.041156277119547724,0.007772383964524343,0,True,Research only; not investment advice.
k2_vol_corr_spread_ew,2011-08-31,2011-08-31,2011-09-30,calm,-0.08748571562953396,0.010187137090931095,0,True,Research only; not investment advice.
unconditional_erc,2011-08-31,2011-08-31,2011-09-30,all,-0.022655948418312116,0.010429655825113087,0,True,Research only; not investment advice.
unconditional_ew,2011-08-31,2011-08-31,2011-09-30,all,-0.0729307607203755,0.02037498847376873,0,True,Research only; not investment advice.
always_calm,2011-08-31,2011-08-31,2011-09-30,calm,-0.041156277119547724,0.007772383964524343,0,True,Research only; not investment advice.
k2_vol_corr_erc,2011-09-30,2011-09-30,2011-10-31,calm,0.06724124935414233,0.01292287390889766,0,False,Research only; not investment advice.
k2_vol_corr_ew,2011-09-30,2011-09-30,2011-10-31,calm,0.11535460644703008,0.01641184166745229,0,False,Research only; not investment advice.
k2_vol_corr_spread_erc,2011-09-30,2011-09-30,2011-10-31,calm,0.06724124935414233,0.01292287390889766,0,False,Research only; not investment advice.
k2_vol_corr_spread_ew,2011-09-30,2011-09-30,2011-10-31,calm,0.11535460644703008,0.01641184166745229,0,False,Research only; not investment advice.
unconditional_erc,2011-09-30,2011-09-30,2011-10-31,all,0.039555002502239256,0.022669869723186846,0,False,Research only; not investment advice.
unconditional_ew,2011-09-30,2011-09-30,2011-10-31,all,0.09329853975488933,0.024786891129902785,0,False,Research only; not investment advice.
always_calm,2011-09-30,2011-09-30,2011-10-31,calm,0.06724124935414233,0.01292287390889766,0,False,Research only; not investment advice.
k2_vol_corr_erc,2011-10-31,2011-10-31,2011-11-30,calm,-0.008690754344409498,0.13294598171468397,0,False,Research only; not investment advice.
k2_vol_corr_ew,2011-10-31,2011-10-31,2011-11-30,calm,-0.00998707920061932,0.012646186333129722,0,False,Research only; not investment advice.
k2_vol_corr_spread_erc,2011-10-31,2011-10-31,2011-11-30,calm,-0.008690754344409498,0.13294598171468397,0,False,Research only; not investment advice.
k2_vol_corr_spread_ew,2011-10-31,2011-10-31,2011-11-30,calm,-0.00998707920061932,0.012646186333129722,0,False,Research only; not investment advice.
unconditional_erc,2011-10-31,2011-10-31,2011-11-30,all,-0.00323042372213515,0.08824743121500767,0,False,Research only; not investment advice.
unconditional_ew,2011-10-31,2011-10-31,2011-11-30,all,-0.007366046829830268,0.020263196256150175,0,False,Research only; not investment advice.
always_calm,2011-10-31,2011-10-31,2011-11-30,calm,-0.008690754344409498,0.13294598171468397,0,False,Research only; not investment advice.
k2_vol_corr_erc,2011-11-30,2011-11-30,2011-12-31,calm,0.012399800225682418,0.3461578491643609,0,False,Research only; not investment advice.
k2_vol_corr_ew,2011-11-30,2011-11-30,2011-12-31,calm,0.0027145712416505995,0.06250000000000001,0,False,Research only; not investment advice.
k2_vol_corr_spread_erc,2011-11-30,2011-11-30,2011-12-31,calm,0.012399800225682418,0.3461578491643609,0,False,Research only; not investment advice.
k2_vol_corr_spread_ew,2011-11-30,2011-11-30,2011-12-31,calm,0.0027145712416505995,0.06250000000000001,0,False,Research only; not investment advice.
unconditional_erc,2011-11-30,2011-11-30,2011-12-31,all,0.008785460724518274,0.19298671719761995,0,False,Research only; not investment advice.
unconditional_ew,2011-11-30,2011-11-30,2011-12-31,all,0.0007474222702468455,0.04761904761904766,0,False,Research only; not investment advice.
always_calm,2011-11-30,2011-11-30,2011-12-31,calm,0.012399800225682418,0.3461578491643609,0,False,Research only; not investment advice.
k2_vol_corr_erc,2011-12-31,2011-12-31,2012-01-31,calm,0.029615096492479513,0.0068247591263027995,0,False,Research only; not investment advice.
k2_vol_corr_ew,2011-12-31,2011-12-31,2012-01-31,calm,0.055419432199402666,0.0073332720888311005,0,False,Research only; not investment advice.
k2_vol_corr_spread_erc,2011-12-31,2011-12-31,2012-01-31,calm,0.029615096492479513,0.0068247591263027995,0,False,Research only; not investment advice.
k2_vol_corr_spread_ew,2011-12-31,2011-12-31,2012-01-31,calm,0.055419432199402666,0.0073332720888311005,0,False,Research only; not investment advice.
unconditional_erc,2011-12-31,2011-12-31,2012-01-31,all,0.023911200858533287,0.03740411292731942,0,False,Research only; not investment advice.
unconditional_ew,2011-12-31,2011-12-31,2012-01-31,all,0.04912203239903653,0.008087687789360275,0,False,Research only; not investment advice.
always_calm,2011-12-31,2011-12-31,2012-01-31,calm,0.029615096492479513,0.0068247591263027995,0,False,Research only; not investment advice.
k2_vol_corr_erc,2012-01-31,2012-01-31,2012-02-29,calm,0.01435178955903852,0.010846658294540233,0,False,Research only; not investment advice.
k2_vol_corr_ew,2012-01-31,2012-01-31,2012-02-29,calm,0.03513418870855825,0.008614453988093938,0,False,Research only; not investment advice.
k2_vol_corr_spread_erc,2012-01-31,2012-01-31,2012-02-29,stress,0.0037503128382087476,0.9758366042903572,0,False,Research only; not investment advice.
k2_vol_corr_spread_ew,2012-01-31,2012-01-31,2012-02-29,stress,0.011063324893898625,0.9382733392648198,0,False,Research only; not investment advice.
unconditional_erc,2012-01-31,2012-01-31,2012-02-29,all,0.007113875446573404,0.026673976958285515,0,False,Research only; not investment advice.
unconditional_ew,2012-01-31,2012-01-31,2012-02-29,all,0.02802991851937649,0.010740571520789617,0,False,Research only; not investment advice.
always_calm,2012-01-31,2012-01-31,2012-02-29,calm,0.01435178955903852,0.010846658294540233,0,False,Research only; not investment advice.
k2_vol_corr_erc,2012-02-29,2012-02-29,2012-03-31,calm,-0.0023062177897729508,0.11624371698678625,0,False,Research only; not investment advice.
k2_vol_corr_ew,2012-02-29,2012-02-29,2012-03-31,calm,0.012558959067794504,0.006949953927427709,0,False,Research only; not investment advice.
k2_vol_corr_spread_erc,2012-02-29,2012-02-29,2012-03-31,calm,-0.0023062177897729508,0.9735034454040502,0,False,Research only; not investment advice.
k2_vol_corr_spread_ew,2012-02-29,2012-02-29,2012-03-31,calm,0.012558959067794504,0.9374999999999999,0,False,Research only; not investment advice.
unconditional_erc,2012-02-29,2012-02-29,2012-03-31,all,-0.003330629619721246,0.021001033438592,0,False,Research only; not investment advice.
unconditional_ew,2012-02-29,2012-02-29,2012-03-31,all,0.007064672963770633,0.008650517170313083,0,False,Research only; not investment advice.
always_calm,2012-02-29,2012-02-29,2012-03-31,calm,-0.0023062177897729508,0.11624371698678625,0,False,Research only; not investment advice.
k2_vol_corr_erc,2012-03-31,2012-03-31,2012-04-30,calm,0.00745940083517777,0.01009181471995363,0,False,Research only; not investment advice.
k2_vol_corr_ew,2012-03-31,2012-03-31,2012-04-30,calm,-0.006444449144859329,0.008749292207086076,0,False,Research only; not investment advice.
k2_vol_corr_spread_erc,2012-03-31,2012-03-31,2012-04-30,calm,0.00745940083517777,0.01009181471995363,0,False,Research only; not investment advice.
k2_vol_corr_spread_ew,2012-03-31,2012-03-31,2012-04-30,calm,-0.006444449144859329,0.008749292207086076,0,False,Research only; not investment advice.
unconditional_erc,2012-03-31,2012-03-31,2012-04-30,all,0.00889188567830781,0.0181088035674705,0,False,Research only; not investment advice.
unconditional_ew,2012-03-31,2012-03-31,2012-04-30,all,-0.0033668810503325115,0.009233353309339495,0,False,Research only; not investment advice.
always_calm,2012-03-31,2012-03-31,2012-04-30,calm,0.00745940083517777,0.01009181471995363,0,False,Research only; not investment advice.
k2_vol_corr_erc,2012-04-30,2012-04-30,2012-05-31,calm,-0.011436071600820118,0.016391472807356262,0,True,Research only; not investment advice.
k2_vol_corr_ew,2012-04-30,2012-04-30,2012-05-31,calm,-0.05958853940799615,0.0044702786521213615,0,True,Research only; not investment advice.
k2_vol_corr_spread_erc,2012-04-30,2012-04-30,2012-05-31,calm,-0.011436071600820118,0.016391472807356262,0,True,Research only; not investment advice.
k2_vol_corr_spread_ew,2012-04-30,2012-04-30,2012-05-31,calm,-0.05958853940799615,0.0044702786521213615,0,True,Research only; not investment advice.
unconditional_erc,2012-04-30,2012-04-30,2012-05-31,all,-0.003921643920555029,0.058223193548900244,0,True,Research only; not investment advice.
unconditional_ew,2012-04-30,2012-04-30,2012-05-31,all,-0.04877331866930249,0.005511717574252423,0,True,Research only; not investment advice.
always_calm,2012-04-30,2012-04-30,2012-05-31,calm,-0.011436071600820118,0.016391472807356262,0,True,Research only; not investment advice.
k2_vol_corr_erc,2012-05-31,2012-05-31,2012-06-30,calm,0.014750523783141853,0.018083310491242045,0,False,Research only; not investment advice.
k2_vol_corr_ew,2012-05-31,2012-05-31,2012-06-30,calm,0.0358497418639593,0.011489707936528367,0,False,Research only; not investment advice.
k2_vol_corr_spread_erc,2012-05-31,2012-05-31,2012-06-30,calm,0.014750523783141853,0.018083310491242045,0,False,Research only; not investment advice.
k2_vol_corr_spread_ew,2012-05-31,2012-05-31,2012-06-30,calm,0.0358497418639593,0.011489707936528367,0,False,Research only; not investment advice.
unconditional_erc,2012-05-31,2012-05-31,2012-06-30,all,0.007836158146592049,0.009617608666165605,0,False,Research only; not investment advice.
unconditional_ew,2012-05-31,2012-05-31,2012-06-30,all,0.028875973424266312,0.018261424989361574,0,False,Research only; not investment advice.
always_calm,2012-05-31,2012-05-31,2012-06-30,calm,0.014750523783141853,0.018083310491242045,0,False,Research only; not investment advice.
k2_vol_corr_erc,2012-06-30,2012-06-30,2012-07-31,calm,0.015341794218934944,0.012676027160650312,0,False,Research only; not investment advice.
k2_vol_corr_ew,2012-06-30,2012-06-30,2012-07-31,calm,0.004257145383232996,0.0068891380759160785,0,False,Research only; not investment advice.
k2_vol_corr_spread_erc,2012-06-30,2012-06-30,2012-07-31,calm,0.015341794218934944,0.012676027160650312,0,False,Research only; not investment advice.
k2_vol_corr_spread_ew,2012-06-30,2012-06-30,2012-07-31,calm,0.004257145383232996,0.0068891380759160785,0,False,Research only; not investment advice.
unconditional_erc,2012-06-30,2012-06-30,2012-07-31,all,0.013684022486338416,0.008035778421230742,0,False,Research only; not investment advice.
unconditional_ew,2012-06-30,2012-06-30,2012-07-31,all,0.007937387906606797,0.008779670326175572,0,False,Research only; not investment advice.
always_calm,2012-06-30,2012-06-30,2012-07-31,calm,0.015341794218934944,0.012676027160650312,0,False,Research only; not investment advice.
k2_vol_corr_erc,2012-07-31,2012-07-31,2012-08-31,calm,0.008579259734172175,0.05694116684946724,0,False,Research only; not investment advice.
k2_vol_corr_ew,2012-07-31,2012-07-31,2012-08-31,calm,0.023904971215767783,0.05882352941176474,0,False,Research only; not investment advice.
k2_vol_corr_spread_erc,2012-07-31,2012-07-31,2012-08-31,calm,0.008579259734172175,0.05694116684946724,0,False,Research only; not investment advice.
k2_vol_corr_spread_ew,2012-07-31,2012-07-31,2012-08-31,calm,0.023904971215767783,0.05882352941176474,0,False,Research only; not investment advice.
unconditional_erc,2012-07-31,2012-07-31,2012-08-31,all,0.006468999129600174,0.031171002870019324,0,False,Research only; not investment advice.
unconditional_ew,2012-07-31,2012-07-31,2012-08-31,all,0.02186395337178958,0.045454545454545456,0,False,Research only; not investment advice.
always_calm,2012-07-31,2012-07-31,2012-08-31,calm,0.008579259734172175,0.05694116684946724,0,False,Research only; not investment advice.
k2_vol_corr_erc,2012-08-31,2012-08-31,2012-09-30,calm,0.00816112186139093,0.006551037284966868,0,False,Research only; not investment advice.
k2_vol_corr_ew,2012-08-31,2012-08-31,2012-09-30,calm,0.021016490751521993,0.005981361172956185,0,False,Research only; not investment advice.
k2_vol_corr_spread_erc,2012-08-31,2012-08-31,2012-09-30,calm,0.00816112186139093,0.006551037284966868,0,False,Research only; not investment advice.
k2_vol_corr_spread_ew,2012-08-31,2012-08-31,2012-09-30,calm,0.021016490751521993,0.005981361172956185,0,False,Research only; not investment advice.
unconditional_erc,2012-08-31,2012-08-31,2012-09-30,all,0.006023011699354811,0.0056259760347258285,0,False,Research only; not investment advice.
unconditional_ew,2012-08-31,2012-08-31,2012-09-30,all,0.017780481393260137,0.007746605610271188,0,False,Research only; not investment advice.
always_calm,2012-08-31,2012-08-31,2012-09-30,calm,0.00816112186139093,0.006551037284966868,0,False,Research only; not investment advice.
k2_vol_corr_erc,2012-09-30,2012-09-30,2012-10-31,calm,-0.0011938850345093645,0.005418879021954537,0,False,Research only; not investment advice.
k2_vol_corr_ew,2012-09-30,2012-09-30,2012-10-31,calm,-0.009345618054915385,0.00450157105475885,0,False,Research only; not investment advice.
k2_vol_corr_spread_erc,2012-09-30,2012-09-30,2012-10-31,calm,-0.0011938850345093645,0.005418879021954537,0,False,Research only; not investment advice.
k2_vol_corr_spread_ew,2012-09-30,2012-09-30,2012-10-31,calm,-0.009345618054915385,0.00450157105475885,0,False,Research only; not investment advice.
unconditional_erc,2012-09-30,2012-09-30,2012-10-31,all,-0.0008910387620068268,0.009388143675024895,0,False,Research only; not investment advice.
unconditional_ew,2012-09-30,2012-09-30,2012-10-31,all,-0.008786035679504646,0.005042423286082998,0,False,Research only; not investment advice.
always_calm,2012-09-30,2012-09-30,2012-10-31,calm,-0.0011938850345093645,0.005418879021954537,0,False,Research only; not investment advice.
k2_vol_corr_erc,2012-10-31,2012-10-31,2012-11-30,calm,0.005622815575824673,0.00698926431217713,0,False,Research only; not investment advice.
k2_vol_corr_ew,2012-10-31,2012-10-31,2012-11-30,calm,0.010532701748333281,0.0061841395693114296,0,False,Research only; not investment advice.
k2_vol_corr_spread_erc,2012-10-31,2012-10-31,2012-11-30,calm,0.005622815575824673,0.00698926431217713,0,False,Research only; not investment advice.
k2_vol_corr_spread_ew,2012-10-31,2012-10-31,2012-11-30,calm,0.010532701748333281,0.0061841395693114296,0,False,Research only; not investment advice.
unconditional_erc,2012-10-31,2012-10-31,2012-11-30,all,0.005362438723637831,0.014447417235078823,0,False,Research only; not investment advice.
unconditional_ew,2012-10-31,2012-10-31,2012-11-30,all,0.009373630728281776,0.006344204520969635,0,False,Research only; not investment advice.
always_calm,2012-10-31,2012-10-31,2012-11-30,calm,0.005622815575824673,0.00698926431217713,0,False,Research only; not investment advice.
k2_vol_corr_erc,2012-11-30,2012-11-30,2012-12-31,calm,0.005684254744067963,0.005511303662910836,0,False,Research only; not investment advice.
k2_vol_corr_ew,2012-11-30,2012-11-30,2012-12-31,calm,0.022856039809740766,0.0029858586736165905,0,False,Research only; not investment advice.
k2_vol_corr_spread_erc,2012-11-30,2012-11-30,2012-12-31,calm,0.005684254744067963,0.005511303662910836,0,False,Research only; not investment advice.
k2_vol_corr_spread_ew,2012-11-30,2012-11-30,2012-12-31,calm,0.022856039809740766,0.0029858586736165905,0,False,Research only; not investment advice.
unconditional_erc,2012-11-30,2012-11-30,2012-12-31,all,-3.093769103094286e-05,0.011845839235447464,0,False,Research only; not investment advice.
unconditional_ew,2012-11-30,2012-11-30,2012-12-31,all,0.015017803319990527,0.0030867165380880496,0,False,Research only; not investment advice.
always_calm,2012-11-30,2012-11-30,2012-12-31,calm,0.005684254744067963,0.005511303662910836,0,False,Research only; not investment advice.
k2_vol_corr_erc,2012-12-31,2012-12-31,2013-01-31,calm,0.005481466128948958,0.0066477783710367465,0,False,Research only; not investment advice.
k2_vol_corr_ew,2012-12-31,2012-12-31,2013-01-31,calm,0.03724402979030958,0.006630031770079859,0,False,Research only; not investment advice.
k2_vol_corr_spread_erc,2012-12-31,2012-12-31,2013-01-31,calm,0.005481466128948958,0.0066477783710367465,0,False,Research only; not investment advice.
k2_vol_corr_spread_ew,2012-12-31,2012-12-31,2013-01-31,calm,0.03724402979030958,0.006630031770079859,0,False,Research only; not investment advice.
unconditional_erc,2012-12-31,2012-12-31,2013-01-31,all,0.0036503406671280314,0.012075573162928423,0,False,Research only; not investment advice.
unconditional_ew,2012-12-31,2012-12-31,2013-01-31,all,0.029920360429818313,0.00882169844975977,0,False,Research only; not investment advice.
always_calm,2012-12-31,2012-12-31,2013-01-31,calm,0.005481466128948958,0.0066477783710367465,0,False,Research only; not investment advice.
k2_vol_corr_erc,2013-01-31,2013-01-31,2013-02-28,calm,0.007032033030094,0.008017626357381211,0,False,Research only; not investment advice.
k2_vol_corr_ew,2013-01-31,2013-01-31,2013-02-28,calm,0.004879004717218412,0.012394312789669047,0,False,Research only; not investment advice.
k2_vol_corr_spread_erc,2013-01-31,2013-01-31,2013-02-28,calm,0.007032033030094,0.008017626357381211,0,False,Research only; not investment advice.
k2_vol_corr_spread_ew,2013-01-31,2013-01-31,2013-02-28,calm,0.004879004717218412,0.012394312789669047,0,False,Research only; not investment advice.
unconditional_erc,2013-01-31,2013-01-31,2013-02-28,all,0.004251468305884173,0.004465701440620029,0,False,Research only; not investment advice.
unconditional_ew,2013-01-31,2013-01-31,2013-02-28,all,0.0016767474256304128,0.01320098190963832,0,False,Research only; not investment advice.
always_calm,2013-01-31,2013-01-31,2013-02-28,calm,0.007032033030094,0.008017626357381211,0,False,Research only; not investment advice.
k2_vol_corr_erc,2013-02-28,2013-02-28,2013-03-31,calm,0.010522329625868833,0.0025529096547626407,0,False,Research only; not investment advice.
k2_vol_corr_ew,2013-02-28,2013-02-28,2013-03-31,calm,0.025881238073272948,0.0037084943326364563,0,False,Research only; not investment advice.
k2_vol_corr_spread_erc,2013-02-28,2013-02-28,2013-03-31,calm,0.010522329625868833,0.0025529096547626407,0,False,Research only; not investment advice.
k2_vol_corr_spread_ew,2013-02-28,2013-02-28,2013-03-31,calm,0.025881238073272948,0.0037084943326364563,0,False,Research only; not investment advice.
unconditional_erc,2013-02-28,2013-02-28,2013-03-31,all,0.006196760152550773,0.0023252971121526882,0,False,Research only; not investment advice.
unconditional_ew,2013-02-28,2013-02-28,2013-03-31,all,0.01985162905077716,0.004909683403137022,0,False,Research only; not investment advice.
always_calm,2013-02-28,2013-02-28,2013-03-31,calm,0.010522329625868833,0.0025529096547626407,0,False,Research only; not investment advice.
k2_vol_corr_erc,2013-03-31,2013-03-31,2013-04-30,calm,0.018762452708784898,0.00816301564646415,0,False,Research only; not investment advice.
k2_vol_corr_ew,2013-03-31,2013-03-31,2013-04-30,calm,0.015333990926148771,0.008173175407234137,0,False,Research only; not investment advice.
k2_vol_corr_spread_erc,2013-03-31,2013-03-31,2013-04-30,calm,0.018762452708784898,0.00816301564646415,0,False,Research only; not investment advice.
k2_vol_corr_spread_ew,2013-03-31,2013-03-31,2013-04-30,calm,0.015333990926148771,0.008173175407234137,0,False,Research only; not investment advice.
unconditional_erc,2013-03-31,2013-03-31,2013-04-30,all,0.012360195185509442,0.004127133437034839,0,False,Research only; not investment advice.
unconditional_ew,2013-03-31,2013-03-31,2013-04-30,all,0.012006376413983026,0.009162953034542919,0,False,Research only; not investment advice.
always_calm,2013-03-31,2013-03-31,2013-04-30,calm,0.018762452708784898,0.00816301564646415,0,False,Research only; not investment advice.
k2_vol_corr_erc,2013-04-30,2013-04-30,2013-05-31,calm,-0.015140099383839341,0.01125343765985399,0,False,Research only; not investment advice.
k2_vol_corr_ew,2013-04-30,2013-04-30,2013-05-31,calm,0.004770917632341854,0.005016139729482359,0,False,Research only; not investment advice.
k2_vol_corr_spread_erc,2013-04-30,2013-04-30,2013-05-31,calm,-0.015140099383839341,0.01125343765985399,0,False,Research only; not investment advice.
k2_vol_corr_spread_ew,2013-04-30,2013-04-30,2013-05-31,calm,0.004770917632341854,0.005016139729482359,0,False,Research only; not investment advice.
unconditional_erc,2013-04-30,2013-04-30,2013-05-31,all,-0.016477662349230832,0.009435430369079957,0,False,Research only; not investment advice.
unconditional_ew,2013-04-30,2013-04-30,2013-05-31,all,-0.0013301811807853127,0.005406840662988806,0,False,Research only; not investment advice.
always_calm,2013-04-30,2013-04-30,2013-05-31,calm,-0.015140099383839341,0.01125343765985399,0,False,Research only; not investment advice.
k2_vol_corr_erc,2013-05-31,2013-05-31,2013-06-30,calm,-0.023821978265631472,0.025742595769864755,0,True,Research only; not investment advice.
k2_vol_corr_ew,2013-05-31,2013-05-31,2013-06-30,calm,-0.019920665187803586,0.01401442589963972,0,True,Research only; not investment advice.
k2_vol_corr_spread_erc,2013-05-31,2013-05-31,2013-06-30,calm,-0.023821978265631472,0.025742595769864755,0,True,Research only; not investment advice.
k2_vol_corr_spread_ew,2013-05-31,2013-05-31,2013-06-30,calm,-0.019920665187803586,0.01401442589963972,0,True,Research only; not investment advice.
unconditional_erc,2013-05-31,2013-05-31,2013-06-30,all,-0.022531907933131628,0.03604564928594725,0,True,Research only; not investment advice.
unconditional_ew,2013-05-31,2013-05-31,2013-06-30,all,-0.022523423634816665,0.013672408455099642,0,True,Research only; not investment advice.
always_calm,2013-05-31,2013-05-31,2013-06-30,calm,-0.023821978265631472,0.025742595769864755,0,True,Research only; not investment advice.
k2_vol_corr_erc,2013-06-30,2013-06-30,2013-07-31,calm,0.026141268150043064,0.03296556720393863,0,False,Research only; not investment advice.
k2_vol_corr_ew,2013-06-30,2013-06-30,2013-07-31,calm,0.04462563435930475,0.004646994507023147,0,False,Research only; not investment advice.
k2_vol_corr_spread_erc,2013-06-30,2013-06-30,2013-07-31,calm,0.026141268150043064,0.03296556720393863,0,False,Research only; not investment advice.
k2_vol_corr_spread_ew,2013-06-30,2013-06-30,2013-07-31,calm,0.04462563435930475,0.004646994507023147,0,False,Research only; not investment advice.
unconditional_erc,2013-06-30,2013-06-30,2013-07-31,all,0.016713450701341025,0.07262632759939777,0,False,Research only; not investment advice.
unconditional_ew,2013-06-30,2013-06-30,2013-07-31,all,0.035961092465343444,0.005741914167860709,0,False,Research only; not investment advice.
always_calm,2013-06-30,2013-06-30,2013-07-31,calm,0.026141268150043064,0.03296556720393863,0,False,Research only; not investment advice.
k2_vol_corr_erc,2013-07-31,2013-07-31,2013-08-31,calm,-0.017442428166174934,0.017375711989918368,0,True,Research only; not investment advice.
k2_vol_corr_ew,2013-07-31,2013-07-31,2013-08-31,calm,-0.023502238663209208,0.0094138042289632,0,True,Research only; not investment advice.
k2_vol_corr_spread_erc,2013-07-31,2013-07-31,2013-08-31,calm,-0.017442428166174934,0.017375711989918368,0,True,Research only; not investment advice.
k2_vol_corr_spread_ew,2013-07-31,2013-07-31,2013-08-31,calm,-0.023502238663209208,0.0094138042289632,0,True,Research only; not investment advice.
unconditional_erc,2013-07-31,2013-07-31,2013-08-31,all,-0.013832732962645637,0.016562076896436004,0,True,Research only; not investment advice.
unconditional_ew,2013-07-31,2013-07-31,2013-08-31,all,-0.01886872548875314,0.011897201077982731,0,True,Research only; not investment advice.
always_calm,2013-07-31,2013-07-31,2013-08-31,calm,-0.017442428166174934,0.017375711989918368,0,True,Research only; not investment advice.
k2_vol_corr_erc,2013-08-31,2013-08-31,2013-09-30,calm,0.026938823407084846,0.0175831857793056,0,False,Research only; not investment advice.
k2_vol_corr_ew,2013-08-31,2013-08-31,2013-09-30,calm,0.04401546721545927,0.005153626600443505,0,False,Research only; not investment advice.
k2_vol_corr_spread_erc,2013-08-31,2013-08-31,2013-09-30,calm,0.026938823407084846,0.0175831857793056,0,False,Research only; not investment advice.
k2_vol_corr_spread_ew,2013-08-31,2013-08-31,2013-09-30,calm,0.04401546721545927,0.005153626600443505,0,False,Research only; not investment advice.
unconditional_erc,2013-08-31,2013-08-31,2013-09-30,all,0.020326703506825007,0.08149578855690316,0,False,Research only; not investment advice.
unconditional_ew,2013-08-31,2013-08-31,2013-09-30,all,0.03553266470340032,0.006411052439205745,0,False,Research only; not investment advice.
always_calm,2013-08-31,2013-08-31,2013-09-30,calm,0.026938823407084846,0.0175831857793056,0,False,Research only; not investment advice.
k2_vol_corr_erc,2013-09-30,2013-09-30,2013-10-31,calm,0.022334870626285152,0.01238808561190191,0,False,Research only; not investment advice.
k2_vol_corr_ew,2013-09-30,2013-09-30,2013-10-31,calm,0.031084992807134733,0.008620643819437345,0,False,Research only; not investment advice.
k2_vol_corr_spread_erc,2013-09-30,2013-09-30,2013-10-31,calm,0.022334870626285152,0.01238808561190191,0,False,Research only; not investment advice.
k2_vol_corr_spread_ew,2013-09-30,2013-09-30,2013-10-31,calm,0.031084992807134733,0.008620643819437345,0,False,Research only; not investment advice.
unconditional_erc,2013-09-30,2013-09-30,2013-10-31,all,0.015806427142656253,0.016997988143380747,0,False,Research only; not investment advice.
unconditional_ew,2013-09-30,2013-09-30,2013-10-31,all,0.025094515095399745,0.010858749840762374,0,False,Research only; not investment advice.
always_calm,2013-09-30,2013-09-30,2013-10-31,calm,0.022334870626285152,0.01238808561190191,0,False,Research only; not investment advice.
k2_vol_corr_erc,2013-10-31,2013-10-31,2013-11-30,calm,0.007316879927405896,0.10693448036042402,0,False,Research only; not investment advice.
k2_vol_corr_ew,2013-10-31,2013-10-31,2013-11-30,calm,0.01606677489490918,0.055555555555555525,0,False,Research only; not investment advice.
k2_vol_corr_spread_erc,2013-10-31,2013-10-31,2013-11-30,calm,0.007316879927405896,0.10693448036042402,0,False,Research only; not investment advice.
k2_vol_corr_spread_ew,2013-10-31,2013-10-31,2013-11-30,calm,0.01606677489490918,0.055555555555555525,0,False,Research only; not investment advice.
unconditional_erc,2013-10-31,2013-10-31,2013-11-30,all,0.002594011773316602,0.09001525779791723,0,False,Research only; not investment advice.
unconditional_ew,2013-10-31,2013-10-31,2013-11-30,all,0.010114640222960823,0.0434782608695652,0,False,Research only; not investment advice.
always_calm,2013-10-31,2013-10-31,2013-11-30,calm,0.007316879927405896,0.10693448036042402,0,False,Research only; not investment advice.
k2_vol_corr_erc,2013-11-30,2013-11-30,2013-12-31,calm,0.007361514007615745,0.00798614155658892,0,False,Research only; not investment advice.
k2_vol_corr_ew,2013-11-30,2013-11-30,2013-12-31,calm,0.015518106321934344,0.00682006653904919,0,False,Research only; not investment advice.
k2_vol_corr_spread_erc,2013-11-30,2013-11-30,2013-12-31,calm,0.007361514007615745,0.00798614155658892,0,False,Research only; not investment advice.
k2_vol_corr_spread_ew,2013-11-30,2013-11-30,2013-12-31,calm,0.015518106321934344,0.00682006653904919,0,False,Research only; not investment advice.
unconditional_erc,2013-11-30,2013-11-30,2013-12-31,all,0.0014515592317137398,0.014016033745270459,0,False,Research only; not investment advice.
unconditional_ew,2013-11-30,2013-11-30,2013-12-31,all,0.010245652997347615,0.008036696999524168,0,False,Research only; not investment advice.
always_calm,2013-11-30,2013-11-30,2013-12-31,calm,0.007361514007615745,0.00798614155658892,0,False,Research only; not investment advice.
k2_vol_corr_erc,2013-12-31,2013-12-31,2014-01-31,calm,-0.008741297441043265,0.010472743405011219,0,True,Research only; not investment advice.
k2_vol_corr_ew,2013-12-31,2013-12-31,2014-01-31,calm,-0.026855078372231965,0.00514521879551693,0,True,Research only; not investment advice.
k2_vol_corr_spread_erc,2013-12-31,2013-12-31,2014-01-31,calm,-0.008741297441043265,0.010472743405011219,0,True,Research only; not investment advice.
k2_vol_corr_spread_ew,2013-12-31,2013-12-31,2014-01-31,calm,-0.026855078372231965,0.00514521879551693,0,True,Research only; not investment advice.
unconditional_erc,2013-12-31,2013-12-31,2014-01-31,all,-0.0004588637590061292,0.011038436131154163,0,True,Research only; not investment advice.
unconditional_ew,2013-12-31,2013-12-31,2014-01-31,all,-0.018911969047476006,0.00681776676344692,0,True,Research only; not investment advice.
always_calm,2013-12-31,2013-12-31,2014-01-31,calm,-0.008741297441043265,0.010472743405011219,0,True,Research only; not investment advice.
k2_vol_corr_erc,2014-01-31,2014-01-31,2014-02-28,calm,0.029297449223869794,0.017976441660237107,0,False,Research only; not investment advice.
k2_vol_corr_ew,2014-01-31,2014-01-31,2014-02-28,calm,0.040963863931891734,0.008619783769467617,0,False,Research only; not investment advice.
k2_vol_corr_spread_erc,2014-01-31,2014-01-31,2014-02-28,calm,0.029297449223869794,0.017976441660237107,0,False,Research only; not investment advice.
k2_vol_corr_spread_ew,2014-01-31,2014-01-31,2014-02-28,calm,0.040963863931891734,0.008619783769467617,0,False,Research only; not investment advice.
unconditional_erc,2014-01-31,2014-01-31,2014-02-28,all,0.02093063454239568,0.008031082497298902,0,False,Research only; not investment advice.
unconditional_ew,2014-01-31,2014-01-31,2014-02-28,all,0.03662480072550552,0.010539519599877728,0,False,Research only; not investment advice.
always_calm,2014-01-31,2014-01-31,2014-02-28,calm,0.029297449223869794,0.017976441660237107,0,False,Research only; not investment advice.
k2_vol_corr_erc,2014-02-28,2014-02-28,2014-03-31,calm,0.004732049393363532,0.010450423746048376,0,False,Research only; not investment advice.
k2_vol_corr_ew,2014-02-28,2014-02-28,2014-03-31,calm,0.005656506988642478,0.005270437593401876,0,False,Research only; not investment advice.
k2_vol_corr_spread_erc,2014-02-28,2014-02-28,2014-03-31,calm,0.004732049393363532,0.010450423746048376,0,False,Research only; not investment advice.
k2_vol_corr_spread_ew,2014-02-28,2014-02-28,2014-03-31,calm,0.005656506988642478,0.005270437593401876,0,False,Research only; not investment advice.
unconditional_erc,2014-02-28,2014-02-28,2014-03-31,all,0.0019199481374204712,0.014988425686043505,0,False,Research only; not investment advice.
unconditional_ew,2014-02-28,2014-02-28,2014-03-31,all,0.004537467734206077,0.007887459465087013,0,False,Research only; not investment advice.
always_calm,2014-02-28,2014-02-28,2014-03-31,calm,0.004732049393363532,0.010450423746048376,0,False,Research only; not investment advice.
k2_vol_corr_erc,2014-03-31,2014-03-31,2014-04-30,calm,0.004735850890482383,0.003259159229048512,0,False,Research only; not investment advice.
k2_vol_corr_ew,2014-03-31,2014-03-31,2014-04-30,calm,-0.0016801012369373574,0.005399669282749209,0,False,Research only; not investment advice.
k2_vol_corr_spread_erc,2014-03-31,2014-03-31,2014-04-30,calm,0.004735850890482383,0.003259159229048512,0,False,Research only; not investment advice.
k2_vol_corr_spread_ew,2014-03-31,2014-03-31,2014-04-30,calm,-0.0016801012369373574,0.005399669282749209,0,False,Research only; not investment advice.
unconditional_erc,2014-03-31,2014-03-31,2014-04-30,all,0.005693704027528641,0.0024076683982582345,0,False,Research only; not investment advice.
unconditional_ew,2014-03-31,2014-03-31,2014-04-30,all,0.0009092285968732648,0.004810274626971981,0,False,Research only; not investment advice.
always_calm,2014-03-31,2014-03-31,2014-04-30,calm,0.004735850890482383,0.003259159229048512,0,False,Research only; not investment advice.
k2_vol_corr_erc,2014-04-30,2014-04-30,2014-05-31,calm,0.0147574459468086,0.006155701757930761,0,False,Research only; not investment advice.
k2_vol_corr_ew,2014-04-30,2014-04-30,2014-05-31,calm,0.016650353771772833,0.007177518836890082,0,False,Research only; not investment advice.
k2_vol_corr_spread_erc,2014-04-30,2014-04-30,2014-05-31,calm,0.0147574459468086,0.006155701757930761,0,False,Research only; not investment advice.
k2_vol_corr_spread_ew,2014-04-30,2014-04-30,2014-05-31,calm,0.016650353771772833,0.007177518836890082,0,False,Research only; not investment advice.
unconditional_erc,2014-04-30,2014-04-30,2014-05-31,all,0.01265562460899325,0.043938254700329755,0,False,Research only; not investment advice.
unconditional_ew,2014-04-30,2014-04-30,2014-05-31,all,0.014116184759268242,0.006389998146243983,0,False,Research only; not investment advice.
always_calm,2014-04-30,2014-04-30,2014-05-31,calm,0.0147574459468086,0.006155701757930761,0,False,Research only; not investment advice.
k2_vol_corr_erc,2014-05-31,2014-05-31,2014-06-30,calm,0.015049865279485868,0.00662476649421336,0,False,Research only; not investment advice.
k2_vol_corr_ew,2014-05-31,2014-05-31,2014-06-30,calm,0.025599584482560774,0.0035485965290325966,0,False,Research only; not investment advice.
k2_vol_corr_spread_erc,2014-05-31,2014-05-31,2014-06-30,calm,0.015049865279485868,0.00662476649421336,0,False,Research only; not investment advice.
k2_vol_corr_spread_ew,2014-05-31,2014-05-31,2014-06-30,calm,0.025599584482560774,0.0035485965290325966,0,False,Research only; not investment advice.
unconditional_erc,2014-05-31,2014-05-31,2014-06-30,all,0.009638009272757589,0.0060983261527687085,0,False,Research only; not investment advice.
unconditional_ew,2014-05-31,2014-05-31,2014-06-30,all,0.02041506023525721,0.003921987904582633,0,False,Research only; not investment advice.
always_calm,2014-05-31,2014-05-31,2014-06-30,calm,0.015049865279485868,0.00662476649421336,0,False,Research only; not investment advice.
k2_vol_corr_erc,2014-06-30,2014-06-30,2014-07-31,calm,-0.01320593341387402,0.011742348241348788,0,True,Research only; not investment advice.
k2_vol_corr_ew,2014-06-30,2014-06-30,2014-07-31,calm,-0.02246523564144267,0.006218909231303894,0,True,Research only; not investment advice.
k2_vol_corr_spread_erc,2014-06-30,2014-06-30,2014-07-31,calm,-0.01320593341387402,0.011742348241348788,0,True,Research only; not investment advice.
k2_vol_corr_spread_ew,2014-06-30,2014-06-30,2014-07-31,calm,-0.02246523564144267,0.006218909231303894,0,True,Research only; not investment advice.
unconditional_erc,2014-06-30,2014-06-30,2014-07-31,all,-0.009960898249771588,0.023706484736807597,0,True,Research only; not investment advice.
unconditional_ew,2014-06-30,2014-06-30,2014-07-31,all,-0.0201651689886328,0.006983765801135331,0,True,Research only; not investment advice.
always_calm,2014-06-30,2014-06-30,2014-07-31,calm,-0.01320593341387402,0.011742348241348788,0,True,Research only; not investment advice.
k2_vol_corr_erc,2014-07-31,2014-07-31,2014-08-31,calm,0.02586947226178755,0.010826850588185326,0,False,Research only; not investment advice.
k2_vol_corr_ew,2014-07-31,2014-07-31,2014-08-31,calm,0.03289722313549757,0.009068864190944173,0,False,Research only; not investment advice.
k2_vol_corr_spread_erc,2014-07-31,2014-07-31,2014-08-31,calm,0.02586947226178755,0.010826850588185326,0,False,Research only; not investment advice.
k2_vol_corr_spread_ew,2014-07-31,2014-07-31,2014-08-31,calm,0.03289722313549757,0.009068864190944173,0,False,Research only; not investment advice.
unconditional_erc,2014-07-31,2014-07-31,2014-08-31,all,0.020536084368304022,0.0136497921965535,0,False,Research only; not investment advice.
unconditional_ew,2014-07-31,2014-07-31,2014-08-31,all,0.027333645820922587,0.009378659718883187,0,False,Research only; not investment advice.
always_calm,2014-07-31,2014-07-31,2014-08-31,calm,0.02586947226178755,0.010826850588185326,0,False,Research only; not investment advice.
k2_vol_corr_erc,2014-08-31,2014-08-31,2014-09-30,calm,-0.022191760473771797,0.030182090770062318,0,True,Research only; not investment advice.
k2_vol_corr_ew,2014-08-31,2014-08-31,2014-09-30,calm,-0.03312131217828049,0.006472611760945667,0,True,Research only; not investment advice.
k2_vol_corr_spread_erc,2014-08-31,2014-08-31,2014-09-30,calm,-0.022191760473771797,0.030182090770062318,0,True,Research only; not investment advice.
k2_vol_corr_spread_ew,2014-08-31,2014-08-31,2014-09-30,calm,-0.03312131217828049,0.006472611760945667,0,True,Research only; not investment advice.
unconditional_erc,2014-08-31,2014-08-31,2014-09-30,all,-0.01947944396139297,0.024184391287485337,0,True,Research only; not investment advice.
unconditional_ew,2014-08-31,2014-08-31,2014-09-30,all,-0.031854708933657806,0.007488331930928748,0,True,Research only; not investment advice.
always_calm,2014-08-31,2014-08-31,2014-09-30,calm,-0.022191760473771797,0.030182090770062318,0,True,Research only; not investment advice.
k2_vol_corr_erc,2014-09-30,2014-09-30,2014-10-31,calm,0.021169566152604312,0.06614371419601023,0,False,Research only; not investment advice.
k2_vol_corr_ew,2014-09-30,2014-09-30,2014-10-31,calm,0.026886427568714157,0.008599892678275885,0,False,Research only; not investment advice.
k2_vol_corr_spread_erc,2014-09-30,2014-09-30,2014-10-31,calm,0.021169566152604312,0.06614371419601023,0,False,Research only; not investment advice.
k2_vol_corr_spread_ew,2014-09-30,2014-09-30,2014-10-31,calm,0.026886427568714157,0.008599892678275885,0,False,Research only; not investment advice.
unconditional_erc,2014-09-30,2014-09-30,2014-10-31,all,0.01597723644826965,0.05095189170490731,0,False,Research only; not investment advice.
unconditional_ew,2014-09-30,2014-09-30,2014-10-31,all,0.0228025822284242,0.009951529186082886,0,False,Research only; not investment advice.
always_calm,2014-09-30,2014-09-30,2014-10-31,calm,0.021169566152604312,0.06614371419601023,0,False,Research only; not investment advice.
k2_vol_corr_erc,2014-10-31,2014-10-31,2014-11-30,calm,0.009219593248253489,0.027392763977274887,0,False,Research only; not investment advice.
k2_vol_corr_ew,2014-10-31,2014-10-31,2014-11-30,calm,0.010217659500317543,0.00793986180748545,0,False,Research only; not investment advice.
k2_vol_corr_spread_erc,2014-10-31,2014-10-31,2014-11-30,calm,0.009219593248253489,0.027392763977274887,0,False,Research only; not investment advice.
k2_vol_corr_spread_ew,2014-10-31,2014-10-31,2014-11-30,calm,0.010217659500317543,0.00793986180748545,0,False,Research only; not investment advice.
unconditional_erc,2014-10-31,2014-10-31,2014-11-30,all,0.007222831763816313,0.04070465989277968,0,False,Research only; not investment advice.
unconditional_ew,2014-10-31,2014-10-31,2014-11-30,all,0.007470243995894873,0.007639254374982668,0,False,Research only; not investment advice.
always_calm,2014-10-31,2014-10-31,2014-11-30,calm,0.009219593248253489,0.027392763977274887,0,False,Research only; not investment advice.
k2_vol_corr_erc,2014-11-30,2014-11-30,2014-12-31,calm,-0.0022824464482971755,0.008364790763417831,0,False,Research only; not investment advice.
k2_vol_corr_ew,2014-11-30,2014-11-30,2014-12-31,calm,-0.005167857842741592,0.0066927381827879585,0,False,Research only; not investment advice.
k2_vol_corr_spread_erc,2014-11-30,2014-11-30,2014-12-31,calm,-0.0022824464482971755,0.008364790763417831,0,False,Research only; not investment advice.
k2_vol_corr_spread_ew,2014-11-30,2014-11-30,2014-12-31,calm,-0.005167857842741592,0.0066927381827879585,0,False,Research only; not investment advice.
unconditional_erc,2014-11-30,2014-11-30,2014-12-31,all,-0.0026231857010818394,0.011638104834303916,0,False,Research only; not investment advice.
unconditional_ew,2014-11-30,2014-11-30,2014-12-31,all,-0.005541976304614208,0.006200615777795144,0,False,Research only; not investment advice.
always_calm,2014-11-30,2014-11-30,2014-12-31,calm,-0.0022824464482971755,0.008364790763417831,0,False,Research only; not investment advice.
k2_vol_corr_erc,2014-12-31,2014-12-31,2015-01-31,calm,0.0007171076011774987,0.0053405993978413585,0,False,Research only; not investment advice.
k2_vol_corr_ew,2014-12-31,2014-12-31,2015-01-31,calm,-0.012425715700805601,0.00880765159404008,0,False,Research only; not investment advice.
k2_vol_corr_spread_erc,2014-12-31,2014-12-31,2015-01-31,calm,0.0007171076011774987,0.0053405993978413585,0,False,Research only; not investment advice.
k2_vol_corr_spread_ew,2014-12-31,2014-12-31,2015-01-31,calm,-0.012425715700805601,0.00880765159404008,0,False,Research only; not investment advice.
unconditional_erc,2014-12-31,2014-12-31,2015-01-31,all,0.006894840994075114,0.005633525840097088,0,False,Research only; not investment advice.
unconditional_ew,2014-12-31,2014-12-31,2015-01-31,all,-0.007117206884181171,0.007965917870354153,0,False,Research only; not investment advice.
always_calm,2014-12-31,2014-12-31,2015-01-31,calm,0.0007171076011774987,0.0053405993978413585,0,False,Research only; not investment advice.
k2_vol_corr_erc,2015-01-31,2015-01-31,2015-02-28,calm,0.023203187244719047,0.014020259106704614,0,False,Research only; not investment advice.
k2_vol_corr_ew,2015-01-31,2015-01-31,2015-02-28,calm,0.04243847845796534,0.007576563806568307,0,False,Research only; not investment advice.
k2_vol_corr_spread_erc,2015-01-31,2015-01-31,2015-02-28,calm,0.023203187244719047,0.014020259106704614,0,False,Research only; not investment advice.
k2_vol_corr_spread_ew,2015-01-31,2015-01-31,2015-02-28,calm,0.04243847845796534,0.007576563806568307,0,False,Research only; not investment advice.
unconditional_erc,2015-01-31,2015-01-31,2015-02-28,all,0.012630530045944697,0.05716468787722544,0,False,Research only; not investment advice.
unconditional_ew,2015-01-31,2015-01-31,2015-02-28,all,0.031594173309829096,0.009096269588034105,0,False,Research only; not investment advice.
always_calm,2015-01-31,2015-01-31,2015-02-28,calm,0.023203187244719047,0.014020259106704614,0,False,Research only; not investment advice.
k2_vol_corr_erc,2015-02-28,2015-02-28,2015-03-31,calm,-0.001965809797310937,0.02876190096280362,0,False,Research only; not investment advice.
k2_vol_corr_ew,2015-02-28,2015-02-28,2015-03-31,calm,-0.0038850727865109413,0.009920136475283198,0,False,Research only; not investment advice.
k2_vol_corr_spread_erc,2015-02-28,2015-02-28,2015-03-31,calm,-0.001965809797310937,0.02876190096280362,0,False,Research only; not investment advice.
k2_vol_corr_spread_ew,2015-02-28,2015-02-28,2015-03-31,calm,-0.0038850727865109413,0.009920136475283198,0,False,Research only; not investment advice.
unconditional_erc,2015-02-28,2015-02-28,2015-03-31,all,-0.0019570407661839485,0.021025988376698536,0,False,Research only; not investment advice.
unconditional_ew,2015-02-28,2015-02-28,2015-03-31,all,-0.004821376787110721,0.014243916435311213,0,False,Research only; not investment advice.
always_calm,2015-02-28,2015-02-28,2015-03-31,calm,-0.001965809797310937,0.02876190096280362,0,False,Research only; not investment advice.
k2_vol_corr_erc,2015-03-31,2015-03-31,2015-04-30,calm,0.0008962566573067842,0.004545331890721208,0,False,Research only; not investment advice.
k2_vol_corr_ew,2015-03-31,2015-03-31,2015-04-30,calm,0.005275101944210736,0.006475242884612958,0,False,Research only; not investment advice.
k2_vol_corr_spread_erc,2015-03-31,2015-03-31,2015-04-30,calm,0.0008962566573067842,0.004545331890721208,0,False,Research only; not investment advice.
k2_vol_corr_spread_ew,2015-03-31,2015-03-31,2015-04-30,calm,0.005275101944210736,0.006475242884612958,0,False,Research only; not investment advice.
unconditional_erc,2015-03-31,2015-03-31,2015-04-30,all,0.0013721518322674846,0.004956974634707841,0,False,Research only; not investment advice.
unconditional_ew,2015-03-31,2015-03-31,2015-04-30,all,0.0050927674201380006,0.006494044275471334,0,False,Research only; not investment advice.
always_calm,2015-03-31,2015-03-31,2015-04-30,calm,0.0008962566573067842,0.004545331890721208,0,False,Research only; not investment advice.
k2_vol_corr_erc,2015-04-30,2015-04-30,2015-05-31,calm,0.0006162516993777577,0.005581415107217326,0,False,Research only; not investment advice.
k2_vol_corr_ew,2015-04-30,2015-04-30,2015-05-31,calm,0.005114923261772847,0.009652954786780892,0,False,Research only; not investment advice.
k2_vol_corr_spread_erc,2015-04-30,2015-04-30,2015-05-31,calm,0.0006162516993777577,0.005581415107217326,0,False,Research only; not investment advice.
k2_vol_corr_spread_ew,2015-04-30,2015-04-30,2015-05-31,calm,0.005114923261772847,0.009652954786780892,0,False,Research only; not investment advice.
unconditional_erc,2015-04-30,2015-04-30,2015-05-31,all,-0.0011701830028586313,0.00352921450563771,0,False,Research only; not investment advice.
unconditional_ew,2015-04-30,2015-04-30,2015-05-31,all,0.0022913716833983617,0.008474952766748645,0,False,Research only; not investment advice.
always_calm,2015-04-30,2015-04-30,2015-05-31,calm,0.0006162516993777577,0.005581415107217326,0,False,Research only; not investment advice.
k2_vol_corr_erc,2015-05-31,2015-05-31,2015-06-30,calm,-0.012560077573971182,0.20282109664373232,0,False,Research only; not investment advice.
k2_vol_corr_ew,2015-05-31,2015-05-31,2015-06-30,calm,-0.013962879530658352,0.05263157894736843,0,False,Research only; not investment advice.
k2_vol_corr_spread_erc,2015-05-31,2015-05-31,2015-06-30,calm,-0.012560077573971182,0.20282109664373232,0,False,Research only; not investment advice.
k2_vol_corr_spread_ew,2015-05-31,2015-05-31,2015-06-30,calm,-0.013962879530658352,0.05263157894736843,0,False,Research only; not investment advice.
unconditional_erc,2015-05-31,2015-05-31,2015-06-30,all,-0.010310632369068807,0.13154117155423153,0,False,Research only; not investment advice.
unconditional_ew,2015-05-31,2015-05-31,2015-06-30,all,-0.011019576366040427,0.04173495838586658,0,False,Research only; not investment advice.
always_calm,2015-05-31,2015-05-31,2015-06-30,calm,-0.012560077573971182,0.20282109664373232,0,False,Research only; not investment advice.
k2_vol_corr_erc,2015-06-30,2015-06-30,2015-07-31,calm,0.00547757944916624,0.10829745513820783,0,False,Research only; not investment advice.
k2_vol_corr_ew,2015-06-30,2015-06-30,2015-07-31,calm,0.0016679627722301126,0.04999999999999994,0,False,Research only; not investment advice.
k2_vol_corr_spread_erc,2015-06-30,2015-06-30,2015-07-31,calm,0.00547757944916624,0.10829745513820783,0,False,Research only; not investment advice.
k2_vol_corr_spread_ew,2015-06-30,2015-06-30,2015-07-31,calm,0.0016679627722301126,0.04999999999999994,0,False,Research only; not investment advice.
unconditional_erc,2015-06-30,2015-06-30,2015-07-31,all,0.002942692567833516,0.08049481365945865,0,False,Research only; not investment advice.
unconditional_ew,2015-06-30,2015-06-30,2015-07-31,all,-0.001855273384883165,0.03999999999999998,0,False,Research only; not investment advice.
always_calm,2015-06-30,2015-06-30,2015-07-31,calm,0.00547757944916624,0.10829745513820783,0,False,Research only; not investment advice.
k2_vol_corr_erc,2015-07-31,2015-07-31,2015-08-31,calm,-0.0322756585150349,0.007246267358567584,0,True,Research only; not investment advice.
k2_vol_corr_ew,2015-07-31,2015-07-31,2015-08-31,calm,-0.04812712366092188,0.009127859869779834,0,True,Research only; not investment advice.
k2_vol_corr_spread_erc,2015-07-31,2015-07-31,2015-08-31,calm,-0.0322756585150349,0.007246267358567584,0,True,Research only; not investment advice.
k2_vol_corr_spread_ew,2015-07-31,2015-07-31,2015-08-31,calm,-0.04812712366092188,0.009127859869779834,0,True,Research only; not investment advice.
unconditional_erc,2015-07-31,2015-07-31,2015-08-31,all,-0.025447965603010114,0.010009222523928342,0,True,Research only; not investment advice.
unconditional_ew,2015-07-31,2015-07-31,2015-08-31,all,-0.03999945498896471,0.01087563381850494,0,True,Research only; not investment advice.
always_calm,2015-07-31,2015-07-31,2015-08-31,calm,-0.0322756585150349,0.007246267358567584,0,True,Research only; not investment advice.
k2_vol_corr_erc,2015-08-31,2015-08-31,2015-09-30,calm,-0.015219606717962806,0.02736245271680922,0,True,Research only; not investment advice.
k2_vol_corr_ew,2015-08-31,2015-08-31,2015-09-30,calm,-0.026549511711351257,0.009620082940934797,0,True,Research only; not investment advice.
k2_vol_corr_spread_erc,2015-08-31,2015-08-31,2015-09-30,calm,-0.015219606717962806,0.02736245271680922,0,True,Research only; not investment advice.
k2_vol_corr_spread_ew,2015-08-31,2015-08-31,2015-09-30,calm,-0.026549511711351257,0.009620082940934797,0,True,Research only; not investment advice.
unconditional_erc,2015-08-31,2015-08-31,2015-09-30,all,-0.01038177001641706,0.019481444792322007,0,True,Research only; not investment advice.
unconditional_ew,2015-08-31,2015-08-31,2015-09-30,all,-0.021094664702652182,0.012260455575918518,0,True,Research only; not investment advice.
always_calm,2015-08-31,2015-08-31,2015-09-30,calm,-0.015219606717962806,0.02736245271680922,0,True,Research only; not investment advice.
k2_vol_corr_erc,2015-09-30,2015-09-30,2015-10-31,calm,0.03490267690107439,0.007644197475692073,0,False,Research only; not investment advice.
k2_vol_corr_ew,2015-09-30,2015-09-30,2015-10-31,calm,0.05528818879409153,0.006592761460873207,0,False,Research only; not investment advice.
k2_vol_corr_spread_erc,2015-09-30,2015-09-30,2015-10-31,calm,0.03490267690107439,0.007644197475692073,0,False,Research only; not investment advice.
k2_vol_corr_spread_ew,2015-09-30,2015-09-30,2015-10-31,calm,0.05528818879409153,0.006592761460873207,0,False,Research only; not investment advice.
unconditional_erc,2015-09-30,2015-09-30,2015-10-31,all,0.02717617563708017,0.006369632764768511,0,False,Research only; not investment advice.
unconditional_ew,2015-09-30,2015-09-30,2015-10-31,all,0.0462696586843866,0.008405332378298245,0,False,Research only; not investment advice.
always_calm,2015-09-30,2015-09-30,2015-10-31,calm,0.03490267690107439,0.007644197475692073,0,False,Research only; not investment advice.
k2_vol_corr_erc,2015-10-31,2015-10-31,2015-11-30,calm,-0.0029201575352312144,0.04202065044508389,0,False,Research only; not investment advice.
k2_vol_corr_ew,2015-10-31,2015-10-31,2015-11-30,calm,0.0015472282710936383,0.0104708038725875,0,False,Research only; not investment advice.
k2_vol_corr_spread_erc,2015-10-31,2015-10-31,2015-11-30,calm,-0.0029201575352312144,0.04202065044508389,0,False,Research only; not investment advice.
k2_vol_corr_spread_ew,2015-10-31,2015-10-31,2015-11-30,calm,0.0015472282710936383,0.0104708038725875,0,False,Research only; not investment advice.
unconditional_erc,2015-10-31,2015-10-31,2015-11-30,all,-0.004683140616937605,0.04176718848152844,0,False,Research only; not investment advice.
unconditional_ew,2015-10-31,2015-10-31,2015-11-30,all,-0.0017190921403921417,0.013275878994749298,0,False,Research only; not investment advice.
always_calm,2015-10-31,2015-10-31,2015-11-30,calm,-0.0029201575352312144,0.04202065044508389,0,False,Research only; not investment advice.
k2_vol_corr_erc,2015-11-30,2015-11-30,2015-12-31,calm,-0.015500385379882334,0.002870009867254426,0,True,Research only; not investment advice.
k2_vol_corr_ew,2015-11-30,2015-11-30,2015-12-31,calm,-0.023513090423454494,0.005581063321920779,0,True,Research only; not investment advice.
k2_vol_corr_spread_erc,2015-11-30,2015-11-30,2015-12-31,calm,-0.015500385379882334,0.002870009867254426,0,True,Research only; not investment advice.
k2_vol_corr_spread_ew,2015-11-30,2015-11-30,2015-12-31,calm,-0.023513090423454494,0.005581063321920779,0,True,Research only; not investment advice.
unconditional_erc,2015-11-30,2015-11-30,2015-12-31,all,-0.012099194338800653,0.003782131979163904,0,True,Research only; not investment advice.
unconditional_ew,2015-11-30,2015-11-30,2015-12-31,all,-0.0199792235619462,0.006058662129770284,0,True,Research only; not investment advice.
always_calm,2015-11-30,2015-11-30,2015-12-31,calm,-0.015500385379882334,0.002870009867254426,0,True,Research only; not investment advice.
k2_vol_corr_erc,2015-12-31,2015-12-31,2016-01-31,calm,-0.023988215469297167,0.008539793876235293,0,True,Research only; not investment advice.
k2_vol_corr_ew,2015-12-31,2015-12-31,2016-01-31,calm,-0.04623359183166989,0.00661674451699347,0,True,Research only; not investment advice.
k2_vol_corr_spread_erc,2015-12-31,2015-12-31,2016-01-31,calm,-0.023988215469297167,0.008539793876235293,0,True,Research only; not investment advice.
k2_vol_corr_spread_ew,2015-12-31,2015-12-31,2016-01-31,calm,-0.04623359183166989,0.00661674451699347,0,True,Research only; not investment advice.
unconditional_erc,2015-12-31,2015-12-31,2016-01-31,all,-0.014191024495437882,0.004420150734877342,0,True,Research only; not investment advice.
unconditional_ew,2015-12-31,2015-12-31,2016-01-31,all,-0.03622702884468927,0.006630937423167095,0,True,Research only; not investment advice.
always_calm,2015-12-31,2015-12-31,2016-01-31,calm,-0.023988215469297167,0.008539793876235293,0,True,Research only; not investment advice.
k2_vol_corr_erc,2016-01-31,2016-01-31,2016-02-29,calm,0.0044257730498998065,0.00772386421474338,0,False,Research only; not investment advice.
k2_vol_corr_ew,2016-01-31,2016-01-31,2016-02-29,calm,0.002392821969530952,0.012900686642356895,0,False,Research only; not investment advice.
k2_vol_corr_spread_erc,2016-01-31,2016-01-31,2016-02-29,calm,0.0044257730498998065,0.00772386421474338,0,False,Research only; not investment advice.
k2_vol_corr_spread_ew,2016-01-31,2016-01-31,2016-02-29,calm,0.002392821969530952,0.012900686642356895,0,False,Research only; not investment advice.
unconditional_erc,2016-01-31,2016-01-31,2016-02-29,all,0.005522304637981754,0.00901920425331074,0,False,Research only; not investment advice.
unconditional_ew,2016-01-31,2016-01-31,2016-02-29,all,0.0034884938368229946,0.01602770464046205,0,False,Research only; not investment advice.
always_calm,2016-01-31,2016-01-31,2016-02-29,calm,0.0044257730498998065,0.00772386421474338,0,False,Research only; not investment advice.
k2_vol_corr_erc,2016-02-29,2016-02-29,2016-03-31,calm,0.04514527689076722,0.005394189184804259,0,False,Research only; not investment advice.
k2_vol_corr_ew,2016-02-29,2016-02-29,2016-03-31,calm,0.06601508612116097,0.005584976549256344,0,False,Research only; not investment advice.
k2_vol_corr_spread_erc,2016-02-29,2016-02-29,2016-03-31,calm,0.04514527689076722,0.005394189184804259,0,False,Research only; not investment advice.
k2_vol_corr_spread_ew,2016-02-29,2016-02-29,2016-03-31,calm,0.06601508612116097,0.005584976549256344,0,False,Research only; not investment advice.
unconditional_erc,2016-02-29,2016-02-29,2016-03-31,all,0.034459901788916676,0.006102361189310564,0,False,Research only; not investment advice.
unconditional_ew,2016-02-29,2016-02-29,2016-03-31,all,0.056263754779599655,0.0050488917157519575,0,False,Research only; not investment advice.
always_calm,2016-02-29,2016-02-29,2016-03-31,calm,0.04514527689076722,0.005394189184804259,0,False,Research only; not investment advice.
k2_vol_corr_erc,2016-03-31,2016-03-31,2016-04-30,calm,0.009587849401966443,0.024174414529792382,0,False,Research only; not investment advice.
k2_vol_corr_ew,2016-03-31,2016-03-31,2016-04-30,calm,0.009456196212427753,0.009288685380980398,0,False,Research only; not investment advice.
k2_vol_corr_spread_erc,2016-03-31,2016-03-31,2016-04-30,calm,0.009587849401966443,0.024174414529792382,0,False,Research only; not investment advice.
k2_vol_corr_spread_ew,2016-03-31,2016-03-31,2016-04-30,calm,0.009456196212427753,0.009288685380980398,0,False,Research only; not investment advice.
unconditional_erc,2016-03-31,2016-03-31,2016-04-30,all,0.009619925253373025,0.026043432499843443,0,False,Research only; not investment advice.
unconditional_ew,2016-03-31,2016-03-31,2016-04-30,all,0.011530309842067656,0.012742353664599658,0,False,Research only; not investment advice.
always_calm,2016-03-31,2016-03-31,2016-04-30,calm,0.009587849401966443,0.024174414529792382,0,False,Research only; not investment advice.
k2_vol_corr_erc,2016-04-30,2016-04-30,2016-05-31,calm,0.005164202552911437,0.007533117879548249,0,False,Research only; not investment advice.
k2_vol_corr_ew,2016-04-30,2016-04-30,2016-05-31,calm,0.008079016256027874,0.004463350147073261,0,False,Research only; not investment advice.
k2_vol_corr_spread_erc,2016-04-30,2016-04-30,2016-05-31,calm,0.005164202552911437,0.007533117879548249,0,False,Research only; not investment advice.
k2_vol_corr_spread_ew,2016-04-30,2016-04-30,2016-05-31,calm,0.008079016256027874,0.004463350147073261,0,False,Research only; not investment advice.
unconditional_erc,2016-04-30,2016-04-30,2016-05-31,all,0.0028062868605973107,0.012115461330466218,0,False,Research only; not investment advice.
unconditional_ew,2016-04-30,2016-04-30,2016-05-31,all,0.0056635064345051936,0.005610936798128328,0,False,Research only; not investment advice.
always_calm,2016-04-30,2016-04-30,2016-05-31,calm,0.005164202552911437,0.007533117879548249,0,False,Research only; not investment advice.
k2_vol_corr_erc,2016-05-31,2016-05-31,2016-06-30,calm,0.01242049905258891,0.013813591712753885,0,False,Research only; not investment advice.
k2_vol_corr_ew,2016-05-31,2016-05-31,2016-06-30,calm,0.008971304068993352,0.0066777449536787985,0,False,Research only; not investment advice.
k2_vol_corr_spread_erc,2016-05-31,2016-05-31,2016-06-30,calm,0.01242049905258891,0.013813591712753885,0,False,Research only; not investment advice.
k2_vol_corr_spread_ew,2016-05-31,2016-05-31,2016-06-30,calm,0.008971304068993352,0.0066777449536787985,0,False,Research only; not investment advice.
unconditional_erc,2016-05-31,2016-05-31,2016-06-30,all,0.014873749029255414,0.018364422608504596,0,False,Research only; not investment advice.
unconditional_ew,2016-05-31,2016-05-31,2016-06-30,all,0.011603570288925693,0.006411866326244634,0,False,Research only; not investment advice.
always_calm,2016-05-31,2016-05-31,2016-06-30,calm,0.01242049905258891,0.013813591712753885,0,False,Research only; not investment advice.
k2_vol_corr_erc,2016-06-30,2016-06-30,2016-07-31,calm,0.0228252934020992,0.013267045245044164,0,False,Research only; not investment advice.
k2_vol_corr_ew,2016-06-30,2016-06-30,2016-07-31,calm,0.034742613525824154,0.007385098768723133,0,False,Research only; not investment advice.
k2_vol_corr_spread_erc,2016-06-30,2016-06-30,2016-07-31,calm,0.0228252934020992,0.013267045245044164,0,False,Research only; not investment advice.
k2_vol_corr_spread_ew,2016-06-30,2016-06-30,2016-07-31,calm,0.034742613525824154,0.007385098768723133,0,False,Research only; not investment advice.
unconditional_erc,2016-06-30,2016-06-30,2016-07-31,all,0.015472876164663325,0.018180428808767194,0,False,Research only; not investment advice.
unconditional_ew,2016-06-30,2016-06-30,2016-07-31,all,0.027460377546368767,0.00734986657799562,0,False,Research only; not investment advice.
always_calm,2016-06-30,2016-06-30,2016-07-31,calm,0.0228252934020992,0.013267045245044164,0,False,Research only; not investment advice.
k2_vol_corr_erc,2016-07-31,2016-07-31,2016-08-31,calm,0.0027250125253162477,0.011695801428594572,0,False,Research only; not investment advice.
k2_vol_corr_ew,2016-07-31,2016-07-31,2016-08-31,calm,0.0046959041033581075,0.007358655770359605,0,False,Research only; not investment advice.
k2_vol_corr_spread_erc,2016-07-31,2016-07-31,2016-08-31,calm,0.0027250125253162477,0.011695801428594572,0,False,Research only; not investment advice.
k2_vol_corr_spread_ew,2016-07-31,2016-07-31,2016-08-31,calm,0.0046959041033581075,0.007358655770359605,0,False,Research only; not investment advice.
unconditional_erc,2016-07-31,2016-07-31,2016-08-31,all,-0.00017094176099418951,0.010691116842550301,0,False,Research only; not investment advice.
unconditional_ew,2016-07-31,2016-07-31,2016-08-31,all,0.0022846128848405976,0.009238628411169417,0,False,Research only; not investment advice.
always_calm,2016-07-31,2016-07-31,2016-08-31,calm,0.0027250125253162477,0.011695801428594572,0,False,Research only; not investment advice.
k2_vol_corr_erc,2016-08-31,2016-08-31,2016-09-30,calm,0.003918697244254677,0.010140524882455943,0,False,Research only; not investment advice.
k2_vol_corr_ew,2016-08-31,2016-08-31,2016-09-30,calm,0.0065334603202901196,0.0026512707151303064,0,False,Research only; not investment advice.
k2_vol_corr_spread_erc,2016-08-31,2016-08-31,2016-09-30,calm,0.003918697244254677,0.010140524882455943,0,False,Research only; not investment advice.
k2_vol_corr_spread_ew,2016-08-31,2016-08-31,2016-09-30,calm,0.0065334603202901196,0.0026512707151303064,0,False,Research only; not investment advice.
unconditional_erc,2016-08-31,2016-08-31,2016-09-30,all,0.0039361467710232285,0.012068464187377474,0,False,Research only; not investment advice.
unconditional_ew,2016-08-31,2016-08-31,2016-09-30,all,0.0066374087809075956,0.0031216945477527125,0,False,Research only; not investment advice.
always_calm,2016-08-31,2016-08-31,2016-09-30,calm,0.003918697244254677,0.010140524882455943,0,False,Research only; not investment advice.
k2_vol_corr_erc,2016-09-30,2016-09-30,2016-10-31,calm,-0.014636028833419547,0.009379240924535853,0,False,Research only; not investment advice.
k2_vol_corr_ew,2016-09-30,2016-09-30,2016-10-31,calm,-0.02152187322461362,0.0035530332936099043,0,False,Research only; not investment advice.
k2_vol_corr_spread_erc,2016-09-30,2016-09-30,2016-10-31,calm,-0.014636028833419547,0.009379240924535853,0,False,Research only; not investment advice.
k2_vol_corr_spread_ew,2016-09-30,2016-09-30,2016-10-31,calm,-0.02152187322461362,0.0035530332936099043,0,False,Research only; not investment advice.
unconditional_erc,2016-09-30,2016-09-30,2016-10-31,all,-0.01263302272432398,0.01097057210786343,0,False,Research only; not investment advice.
unconditional_ew,2016-09-30,2016-09-30,2016-10-31,all,-0.019248186972426362,0.0037194475885323867,0,False,Research only; not investment advice.
always_calm,2016-09-30,2016-09-30,2016-10-31,calm,-0.014636028833419547,0.009379240924535853,0,False,Research only; not investment advice.
k2_vol_corr_erc,2016-10-31,2016-10-31,2016-11-30,calm,0.007086653659513844,0.01267918018519969,0,False,Research only; not investment advice.
k2_vol_corr_ew,2016-10-31,2016-10-31,2016-11-30,calm,0.029050307385660955,0.00550605967669985,0,False,Research only; not investment advice.
k2_vol_corr_spread_erc,2016-10-31,2016-10-31,2016-11-30,calm,0.007086653659513844,0.01267918018519969,0,False,Research only; not investment advice.
k2_vol_corr_spread_ew,2016-10-31,2016-10-31,2016-11-30,calm,0.029050307385660955,0.00550605967669985,0,False,Research only; not investment advice.
unconditional_erc,2016-10-31,2016-10-31,2016-11-30,all,-0.004580881446818972,0.009394292438833256,0,False,Research only; not investment advice.
unconditional_ew,2016-10-31,2016-10-31,2016-11-30,all,0.017469100477955867,0.005147881293371667,0,False,Research only; not investment advice.
always_calm,2016-10-31,2016-10-31,2016-11-30,calm,0.007086653659513844,0.01267918018519969,0,False,Research only; not investment advice.
k2_vol_corr_erc,2016-11-30,2016-11-30,2016-12-31,calm,0.012947792065589919,0.021550344818789917,0,False,Research only; not investment advice.
k2_vol_corr_ew,2016-11-30,2016-11-30,2016-12-31,calm,0.017500420582562775,0.02098368474194565,0,False,Research only; not investment advice.
k2_vol_corr_spread_erc,2016-11-30,2016-11-30,2016-12-31,calm,0.012947792065589919,0.021550344818789917,0,False,Research only; not investment advice.
k2_vol_corr_spread_ew,2016-11-30,2016-11-30,2016-12-31,calm,0.017500420582562775,0.02098368474194565,0,False,Research only; not investment advice.
unconditional_erc,2016-11-30,2016-11-30,2016-12-31,all,0.009962012032048276,0.007523648627617759,0,False,Research only; not investment advice.
unconditional_ew,2016-11-30,2016-11-30,2016-12-31,all,0.015066498486219616,0.021269507160712825,0,False,Research only; not investment advice.
always_calm,2016-11-30,2016-11-30,2016-12-31,calm,0.012947792065589919,0.021550344818789917,0,False,Research only; not investment advice.
k2_vol_corr_erc,2016-12-31,2016-12-31,2017-01-31,calm,0.011030063069417225,0.004362380561319169,0,False,Research only; not investment advice.
k2_vol_corr_ew,2016-12-31,2016-12-31,2017-01-31,calm,0.017014875988610866,0.0033868964958895555,0,False,Research only; not investment advice.
k2_vol_corr_spread_erc,2016-12-31,2016-12-31,2017-01-31,calm,0.011030063069417225,0.004362380561319169,0,False,Research only; not investment advice.
k2_vol_corr_spread_ew,2016-12-31,2016-12-31,2017-01-31,calm,0.017014875988610866,0.0033868964958895555,0,False,Research only; not investment advice.
unconditional_erc,2016-12-31,2016-12-31,2017-01-31,all,0.009917631212308214,0.007574951141830181,0,False,Research only; not investment advice.
unconditional_ew,2016-12-31,2016-12-31,2017-01-31,all,0.01620271652503944,0.004074707490302608,0,False,Research only; not investment advice.
always_calm,2016-12-31,2016-12-31,2017-01-31,calm,0.011030063069417225,0.004362380561319169,0,False,Research only; not investment advice.
k2_vol_corr_erc,2017-01-31,2017-01-31,2017-02-28,calm,0.01659005665182493,0.0110011250035977,0,False,Research only; not investment advice.
k2_vol_corr_ew,2017-01-31,2017-01-31,2017-02-28,calm,0.022626037219655965,0.0065438385672615534,0,False,Research only; not investment advice.
k2_vol_corr_spread_erc,2017-01-31,2017-01-31,2017-02-28,calm,0.01659005665182493,0.0110011250035977,0,False,Research only; not investment advice.
k2_vol_corr_spread_ew,2017-01-31,2017-01-31,2017-02-28,calm,0.022626037219655965,0.0065438385672615534,0,False,Research only; not investment advice.
unconditional_erc,2017-01-31,2017-01-31,2017-02-28,all,0.012946930440142048,0.006730490145969924,0,False,Research only; not investment advice.
unconditional_ew,2017-01-31,2017-01-31,2017-02-28,all,0.019651713275417412,0.0064421396956535,0,False,Research only; not investment advice.
always_calm,2017-01-31,2017-01-31,2017-02-28,calm,0.01659005665182493,0.0110011250035977,0,False,Research only; not investment advice.
k2_vol_corr_erc,2017-02-28,2017-02-28,2017-03-31,calm,0.0022183992663802653,0.010713690332481485,0,False,Research only; not investment advice.
k2_vol_corr_ew,2017-02-28,2017-02-28,2017-03-31,calm,0.004613478530016213,0.004754262324335998,0,False,Research only; not investment advice.
k2_vol_corr_spread_erc,2017-02-28,2017-02-28,2017-03-31,calm,0.0022183992663802653,0.010713690332481485,0,False,Research only; not investment advice.
k2_vol_corr_spread_ew,2017-02-28,2017-02-28,2017-03-31,calm,0.004613478530016213,0.004754262324335998,0,False,Research only; not investment advice.
unconditional_erc,2017-02-28,2017-02-28,2017-03-31,all,0.0004973890241714772,0.011093607408376765,0,False,Research only; not investment advice.
unconditional_ew,2017-02-28,2017-02-28,2017-03-31,all,0.00216837230244322,0.004894524221805082,0,False,Research only; not investment advice.
always_calm,2017-02-28,2017-02-28,2017-03-31,calm,0.0022183992663802653,0.010713690332481485,0,False,Research only; not investment advice.
k2_vol_corr_erc,2017-03-31,2017-03-31,2017-04-30,calm,0.008757646123798627,0.002582249131191365,0,False,Research only; not investment advice.
k2_vol_corr_ew,2017-03-31,2017-03-31,2017-04-30,calm,0.01007934058604268,0.004685764050034527,0,False,Research only; not investment advice.
k2_vol_corr_spread_erc,2017-03-31,2017-03-31,2017-04-30,calm,0.008757646123798627,0.002582249131191365,0,False,Research only; not investment advice.
k2_vol_corr_spread_ew,2017-03-31,2017-03-31,2017-04-30,calm,0.01007934058604268,0.004685764050034527,0,False,Research only; not investment advice.
unconditional_erc,2017-03-31,2017-03-31,2017-04-30,all,0.007250250222544336,0.001876923343419848,0,False,Research only; not investment advice.
unconditional_ew,2017-03-31,2017-03-31,2017-04-30,all,0.008576410756761575,0.00455515748883957,0,False,Research only; not investment advice.
always_calm,2017-03-31,2017-03-31,2017-04-30,calm,0.008757646123798627,0.002582249131191365,0,False,Research only; not investment advice.
k2_vol_corr_erc,2017-04-30,2017-04-30,2017-05-31,calm,0.007159403462812973,0.0028403968612346862,0,False,Research only; not investment advice.
k2_vol_corr_ew,2017-04-30,2017-04-30,2017-05-31,calm,0.006880854615408794,0.0027884364155865184,0,False,Research only; not investment advice.
k2_vol_corr_spread_erc,2017-04-30,2017-04-30,2017-05-31,calm,0.007159403462812973,0.0028403968612346862,0,False,Research only; not investment advice.
k2_vol_corr_spread_ew,2017-04-30,2017-04-30,2017-05-31,calm,0.006880854615408794,0.0027884364155865184,0,False,Research only; not investment advice.
unconditional_erc,2017-04-30,2017-04-30,2017-05-31,all,0.006385783961838465,0.0030847755413947985,0,False,Research only; not investment advice.
unconditional_ew,2017-04-30,2017-04-30,2017-05-31,all,0.006512581614494226,0.0029589686171279488,0,False,Research only; not investment advice.
always_calm,2017-04-30,2017-04-30,2017-05-31,calm,0.007159403462812973,0.0028403968612346862,0,False,Research only; not investment advice.
k2_vol_corr_erc,2017-05-31,2017-05-31,2017-06-30,calm,0.005907125009462391,0.0049708806834227945,0,False,Research only; not investment advice.
k2_vol_corr_ew,2017-05-31,2017-05-31,2017-06-30,calm,0.009602612129210162,0.006580334098294366,0,False,Research only; not investment advice.
k2_vol_corr_spread_erc,2017-05-31,2017-05-31,2017-06-30,calm,0.005907125009462391,0.0049708806834227945,0,False,Research only; not investment advice.
k2_vol_corr_spread_ew,2017-05-31,2017-05-31,2017-06-30,calm,0.009602612129210162,0.006580334098294366,0,False,Research only; not investment advice.
unconditional_erc,2017-05-31,2017-05-31,2017-06-30,all,0.00459041365615078,0.3480933960681235,0,False,Research only; not investment advice.
unconditional_ew,2017-05-31,2017-05-31,2017-06-30,all,-0.0004606473322568691,0.03846153846153845,0,False,Research only; not investment advice.
always_calm,2017-05-31,2017-05-31,2017-06-30,calm,0.005907125009462391,0.0049708806834227945,0,False,Research only; not investment advice.
k2_vol_corr_erc,2017-06-30,2017-06-30,2017-07-31,calm,0.01267188559105217,0.0032179904426737106,0,False,Research only; not investment advice.
k2_vol_corr_ew,2017-06-30,2017-06-30,2017-07-31,calm,0.01750132777781724,0.00448779742273003,0,False,Research only; not investment advice.
k2_vol_corr_spread_erc,2017-06-30,2017-06-30,2017-07-31,calm,0.01267188559105217,0.0032179904426737106,0,False,Research only; not investment advice.
k2_vol_corr_spread_ew,2017-06-30,2017-06-30,2017-07-31,calm,0.01750132777781724,0.00448779742273003,0,False,Research only; not investment advice.
unconditional_erc,2017-06-30,2017-06-30,2017-07-31,all,0.016503688447501445,0.005377924844863879,0,False,Research only; not investment advice.
unconditional_ew,2017-06-30,2017-06-30,2017-07-31,all,0.018184865257409866,0.008652642130067641,0,False,Research only; not investment advice.
always_calm,2017-06-30,2017-06-30,2017-07-31,calm,0.01267188559105217,0.0032179904426737106,0,False,Research only; not investment advice.
k2_vol_corr_erc,2017-07-31,2017-07-31,2017-08-31,calm,0.0021015926285640482,0.0076185926020200245,0,False,Research only; not investment advice.
k2_vol_corr_ew,2017-07-31,2017-07-31,2017-08-31,calm,-0.0003848659633806975,0.00457267787489982,0,False,Research only; not investment advice.
k2_vol_corr_spread_erc,2017-07-31,2017-07-31,2017-08-31,calm,0.0021015926285640482,0.0076185926020200245,0,False,Research only; not investment advice.
k2_vol_corr_spread_ew,2017-07-31,2017-07-31,2017-08-31,calm,-0.0003848659633806975,0.00457267787489982,0,False,Research only; not investment advice.
unconditional_erc,2017-07-31,2017-07-31,2017-08-31,all,0.01861958524261125,0.004834166403140663,0,False,Research only; not investment advice.
unconditional_ew,2017-07-31,2017-07-31,2017-08-31,all,0.05399152024098665,0.005790866813816121,0,False,Research only; not investment advice.
always_calm,2017-07-31,2017-07-31,2017-08-31,calm,0.0021015926285640482,0.0076185926020200245,0,False,Research only; not investment advice.
k2_vol_corr_erc,2017-08-31,2017-08-31,2017-09-30,calm,0.011145530446467981,0.00793643059575249,0,False,Research only; not investment advice.
k2_vol_corr_ew,2017-08-31,2017-08-31,2017-09-30,calm,0.021969142742096597,0.005226641460629698,0,False,Research only; not investment advice.
k2_vol_corr_spread_erc,2017-08-31,2017-08-31,2017-09-30,calm,0.011145530446467981,0.00793643059575249,0,False,Research only; not investment advice.
k2_vol_corr_spread_ew,2017-08-31,2017-08-31,2017-09-30,calm,0.021969142742096597,0.005226641460629698,0,False,Research only; not investment advice.
unconditional_erc,2017-08-31,2017-08-31,2017-09-30,all,0.01386935077247174,0.02542497751805127,0,False,Research only; not investment advice.
unconditional_ew,2017-08-31,2017-08-31,2017-09-30,all,0.0045744611722747614,0.04885697568842225,0,False,Research only; not investment advice.
always_calm,2017-08-31,2017-08-31,2017-09-30,calm,0.011145530446467981,0.00793643059575249,0,False,Research only; not investment advice.
k2_vol_corr_erc,2017-09-30,2017-09-30,2017-10-31,calm,0.008023065842683983,0.018679660647102657,0,False,Research only; not investment advice.
k2_vol_corr_ew,2017-09-30,2017-09-30,2017-10-31,calm,0.013306655591608086,0.009301106144353845,0,False,Research only; not investment advice.
k2_vol_corr_spread_erc,2017-09-30,2017-09-30,2017-10-31,calm,0.008023065842683983,0.018679660647102657,0,False,Research only; not investment advice.
k2_vol_corr_spread_ew,2017-09-30,2017-09-30,2017-10-31,calm,0.013306655591608086,0.009301106144353845,0,False,Research only; not investment advice.
unconditional_erc,2017-09-30,2017-09-30,2017-10-31,all,0.01225600661644945,0.010528716540653908,0,False,Research only; not investment advice.
unconditional_ew,2017-09-30,2017-09-30,2017-10-31,all,0.017686945027522234,0.015106547320332904,0,False,Research only; not investment advice.
always_calm,2017-09-30,2017-09-30,2017-10-31,calm,0.008023065842683983,0.018679660647102657,0,False,Research only; not investment advice.
k2_vol_corr_erc,2017-10-31,2017-10-31,2017-11-30,calm,0.011120546934787187,0.010885416360759083,0,False,Research only; not investment advice.
k2_vol_corr_ew,2017-10-31,2017-10-31,2017-11-30,calm,0.01991665056182745,0.0053955264200992135,0,False,Research only; not investment advice.
k2_vol_corr_spread_erc,2017-10-31,2017-10-31,2017-11-30,calm,0.011120546934787187,0.010885416360759083,0,False,Research only; not investment advice.
k2_vol_corr_spread_ew,2017-10-31,2017-10-31,2017-11-30,calm,0.01991665056182745,0.0053955264200992135,0,False,Research only; not investment advice.
unconditional_erc,2017-10-31,2017-10-31,2017-11-30,all,0.022121526896519215,0.005929987739906523,0,False,Research only; not investment advice.
unconditional_ew,2017-10-31,2017-10-31,2017-11-30,all,0.04771104621332786,0.008907900442354458,0,False,Research only; not investment advice.
always_calm,2017-10-31,2017-10-31,2017-11-30,calm,0.011120546934787187,0.010885416360759083,0,False,Research only; not investment advice.
k2_vol_corr_erc,2017-11-30,2017-11-30,2017-12-31,calm,0.00662513910375896,0.011809088738473883,0,False,Research only; not investment advice.
k2_vol_corr_ew,2017-11-30,2017-11-30,2017-12-31,calm,0.007856524989796426,0.0059724909916618815,0,False,Research only; not investment advice.
k2_vol_corr_spread_erc,2017-11-30,2017-11-30,2017-12-31,calm,0.00662513910375896,0.011809088738473883,0,False,Research only; not investment advice.
k2_vol_corr_spread_ew,2017-11-30,2017-11-30,2017-12-31,calm,0.007856524989796426,0.0059724909916618815,0,False,Research only; not investment advice.
unconditional_erc,2017-11-30,2017-11-30,2017-12-31,all,0.009698633364915683,0.012221831138300946,0,False,Research only; not investment advice.
unconditional_ew,2017-11-30,2017-11-30,2017-12-31,all,0.01982153529069002,0.02894394293995868,0,False,Research only; not investment advice.
always_calm,2017-11-30,2017-11-30,2017-12-31,calm,0.00662513910375896,0.011809088738473883,0,False,Research only; not investment advice.
k2_vol_corr_erc,2017-12-31,2017-12-31,2018-01-31,calm,0.017445074630350648,0.004742449057986705,0,False,Research only; not investment advice.
k2_vol_corr_ew,2017-12-31,2017-12-31,2018-01-31,calm,0.03402128873940662,0.003671025356237454,0,False,Research only; not investment advice.
k2_vol_corr_spread_erc,2017-12-31,2017-12-31,2018-01-31,calm,0.017445074630350648,0.004742449057986705,0,False,Research only; not investment advice.
k2_vol_corr_spread_ew,2017-12-31,2017-12-31,2018-01-31,calm,0.03402128873940662,0.003671025356237454,0,False,Research only; not investment advice.
unconditional_erc,2017-12-31,2017-12-31,2018-01-31,all,0.02481603669141533,0.004219991034447078,0,False,Research only; not investment advice.
unconditional_ew,2017-12-31,2017-12-31,2018-01-31,all,0.015368745116397046,0.012197326430143766,0,False,Research only; not investment advice.
always_calm,2017-12-31,2017-12-31,2018-01-31,calm,0.017445074630350648,0.004742449057986705,0,False,Research only; not investment advice.
k2_vol_corr_erc,2018-01-31,2018-01-31,2018-02-28,calm,-0.022023774137160095,0.018738572486404023,0,True,Research only; not investment advice.
k2_vol_corr_ew,2018-01-31,2018-01-31,2018-02-28,calm,-0.031527024862234826,0.010058231820554896,0,True,Research only; not investment advice.
k2_vol_corr_spread_erc,2018-01-31,2018-01-31,2018-02-28,calm,-0.022023774137160095,0.018738572486404023,0,True,Research only; not investment advice.
k2_vol_corr_spread_ew,2018-01-31,2018-01-31,2018-02-28,calm,-0.031527024862234826,0.010058231820554896,0,True,Research only; not investment advice.
unconditional_erc,2018-01-31,2018-01-31,2018-02-28,all,-0.025567295547578618,0.013279997006404028,0,True,Research only; not investment advice.
unconditional_ew,2018-01-31,2018-01-31,2018-02-28,all,-0.020589435838936573,0.017586083787076056,0,True,Research only; not investment advice.
always_calm,2018-01-31,2018-01-31,2018-02-28,calm,-0.022023774137160095,0.018738572486404023,0,True,Research only; not investment advice.
k2_vol_corr_erc,2018-02-28,2018-02-28,2018-03-31,calm,0.000512407316860001,0.03486184948565185,0,False,Research only; not investment advice.
k2_vol_corr_ew,2018-02-28,2018-02-28,2018-03-31,calm,-0.0017319257436736336,0.007244524358174308,0,False,Research only; not investment advice.
k2_vol_corr_spread_erc,2018-02-28,2018-02-28,2018-03-31,calm,0.000512407316860001,0.03486184948565185,0,False,Research only; not investment advice.
k2_vol_corr_spread_ew,2018-02-28,2018-02-28,2018-03-31,calm,-0.0017319257436736336,0.007244524358174308,0,False,Research only; not investment advice.
unconditional_erc,2018-02-28,2018-02-28,2018-03-31,all,-0.003447493254424158,0.008088903843210076,0,False,Research only; not investment advice.
unconditional_ew,2018-02-28,2018-02-28,2018-03-31,all,-0.016564882839665743,0.010743702654616799,0,False,Research only; not investment advice.
always_calm,2018-02-28,2018-02-28,2018-03-31,calm,0.000512407316860001,0.03486184948565185,0,False,Research only; not investment advice.
k2_vol_corr_erc,2018-03-31,2018-03-31,2018-04-30,calm,-0.0026684433291408313,0.0051903776513665,0,False,Research only; not investment advice.
k2_vol_corr_ew,2018-03-31,2018-03-31,2018-04-30,calm,-0.0012404368016966422,0.005662808565446761,0,False,Research only; not investment advice.
k2_vol_corr_spread_erc,2018-03-31,2018-03-31,2018-04-30,calm,-0.0026684433291408313,0.0051903776513665,0,False,Research only; not investment advice.
k2_vol_corr_spread_ew,2018-03-31,2018-03-31,2018-04-30,calm,-0.0012404368016966422,0.005662808565446761,0,False,Research only; not investment advice.
unconditional_erc,2018-03-31,2018-03-31,2018-04-30,all,0.0016813129545785324,0.006478782536339161,0,False,Research only; not investment advice.
unconditional_ew,2018-03-31,2018-03-31,2018-04-30,all,0.018114736187761365,0.016803012181041257,0,False,Research only; not investment advice.
always_calm,2018-03-31,2018-03-31,2018-04-30,calm,-0.0026684433291408313,0.0051903776513665,0,False,Research only; not investment advice.
k2_vol_corr_erc,2018-04-30,2018-04-30,2018-05-31,calm,0.010717350282105364,0.0024108648499653017,0,False,Research only; not investment advice.
k2_vol_corr_ew,2018-04-30,2018-04-30,2018-05-31,calm,0.017253653849094924,0.004760779437339609,0,False,Research only; not investment advice.
k2_vol_corr_spread_erc,2018-04-30,2018-04-30,2018-05-31,calm,0.010717350282105364,0.0024108648499653017,0,False,Research only; not investment advice.
k2_vol_corr_spread_ew,2018-04-30,2018-04-30,2018-05-31,calm,0.017253653849094924,0.004760779437339609,0,False,Research only; not investment advice.
unconditional_erc,2018-04-30,2018-04-30,2018-05-31,all,0.013170843747489091,0.005974597670745384,0,False,Research only; not investment advice.
unconditional_ew,2018-04-30,2018-04-30,2018-05-31,all,0.005821033436978047,0.018618432813262847,0,False,Research only; not investment advice.
always_calm,2018-04-30,2018-04-30,2018-05-31,calm,0.010717350282105364,0.0024108648499653017,0,False,Research only; not investment advice.
k2_vol_corr_erc,2018-05-31,2018-05-31,2018-06-30,calm,-0.001282236576466397,0.010849216356227523,0,False,Research only; not investment advice.
k2_vol_corr_ew,2018-05-31,2018-05-31,2018-06-30,calm,-0.0013275633483217067,0.01138314150467198,0,False,Research only; not investment advice.
k2_vol_corr_spread_erc,2018-05-31,2018-05-31,2018-06-30,calm,-0.001282236576466397,0.010849216356227523,0,False,Research only; not investment advice.
k2_vol_corr_spread_ew,2018-05-31,2018-05-31,2018-06-30,calm,-0.0013275633483217067,0.01138314150467198,0,False,Research only; not investment advice.
unconditional_erc,2018-05-31,2018-05-31,2018-06-30,all,-0.0038041407857296013,0.010618326793891204,0,False,Research only; not investment advice.
unconditional_ew,2018-05-31,2018-05-31,2018-06-30,all,-0.013741569792134381,0.013787210400361728,0,False,Research only; not investment advice.
always_calm,2018-05-31,2018-05-31,2018-06-30,calm,-0.001282236576466397,0.010849216356227523,0,False,Research only; not investment advice.
k2_vol_corr_erc,2018-06-30,2018-06-30,2018-07-31,calm,0.015415087196428378,0.008143137540551494,0,False,Research only; not investment advice.
k2_vol_corr_ew,2018-06-30,2018-06-30,2018-07-31,calm,0.022518824628768162,0.004835877101275296,0,False,Research only; not investment advice.
k2_vol_corr_spread_erc,2018-06-30,2018-06-30,2018-07-31,calm,0.015415087196428378,0.008143137540551494,0,False,Research only; not investment advice.
k2_vol_corr_spread_ew,2018-06-30,2018-06-30,2018-07-31,calm,0.022518824628768162,0.004835877101275296,0,False,Research only; not investment advice.
unconditional_erc,2018-06-30,2018-06-30,2018-07-31,all,0.01881736237269207,0.00597471915922986,0,False,Research only; not investment advice.
unconditional_ew,2018-06-30,2018-06-30,2018-07-31,all,0.02579850429890198,0.01410534822479973,0,False,Research only; not investment advice.
always_calm,2018-06-30,2018-06-30,2018-07-31,calm,0.015415087196428378,0.008143137540551494,0,False,Research only; not investment advice.
k2_vol_corr_erc,2018-07-31,2018-07-31,2018-08-31,calm,0.010085001536000997,0.006402012227906992,0,False,Research only; not investment advice.
k2_vol_corr_ew,2018-07-31,2018-07-31,2018-08-31,calm,0.01579568903162316,0.004252375808394514,0,False,Research only; not investment advice.
k2_vol_corr_spread_erc,2018-07-31,2018-07-31,2018-08-31,calm,0.010085001536000997,0.006402012227906992,0,False,Research only; not investment advice.
k2_vol_corr_spread_ew,2018-07-31,2018-07-31,2018-08-31,calm,0.01579568903162316,0.004252375808394514,0,False,Research only; not investment advice.
unconditional_erc,2018-07-31,2018-07-31,2018-08-31,all,0.011708031597167629,0.006818474203120074,0,False,Research only; not investment advice.
unconditional_ew,2018-07-31,2018-07-31,2018-08-31,all,0.00868827495357356,0.009443295294292098,0,False,Research only; not investment advice.
always_calm,2018-07-31,2018-07-31,2018-08-31,calm,0.010085001536000997,0.006402012227906992,0,False,Research only; not investment advice.
k2_vol_corr_erc,2018-08-31,2018-08-31,2018-09-30,calm,-0.0018463819332255505,0.014323711374538676,0,False,Research only; not investment advice.
k2_vol_corr_ew,2018-08-31,2018-08-31,2018-09-30,calm,-0.0036357034053845477,0.011075662493910263,0,False,Research only; not investment advice.
k2_vol_corr_spread_erc,2018-08-31,2018-08-31,2018-09-30,calm,-0.0018463819332255505,0.014323711374538676,0,False,Research only; not investment advice.
k2_vol_corr_spread_ew,2018-08-31,2018-08-31,2018-09-30,calm,-0.0036357034053845477,0.011075662493910263,0,False,Research only; not investment advice.
unconditional_erc,2018-08-31,2018-08-31,2018-09-30,all,-0.004524797951076018,0.008948898375862057,0,False,Research only; not investment advice.
unconditional_ew,2018-08-31,2018-08-31,2018-09-30,all,-0.00986894108329534,0.011781970693371401,0,False,Research only; not investment advice.
always_calm,2018-08-31,2018-08-31,2018-09-30,calm,-0.0018463819332255505,0.014323711374538676,0,False,Research only; not investment advice.
k2_vol_corr_erc,2018-09-30,2018-09-30,2018-10-31,calm,-0.03850394032966871,0.02226267709322765,0,True,Research only; not investment advice.
k2_vol_corr_ew,2018-09-30,2018-09-30,2018-10-31,calm,-0.061226936625169495,0.004892818733043067,0,True,Research only; not investment advice.
k2_vol_corr_spread_erc,2018-09-30,2018-09-30,2018-10-31,calm,-0.03850394032966871,0.02226267709322765,0,True,Research only; not investment advice.
k2_vol_corr_spread_ew,2018-09-30,2018-09-30,2018-10-31,calm,-0.061226936625169495,0.004892818733043067,0,True,Research only; not investment advice.
unconditional_erc,2018-09-30,2018-09-30,2018-10-31,all,-0.05107048841103073,0.004774900885986661,0,True,Research only; not investment advice.
unconditional_ew,2018-09-30,2018-09-30,2018-10-31,all,-0.055465761460043984,0.008074897731540437,0,True,Research only; not investment advice.
always_calm,2018-09-30,2018-09-30,2018-10-31,calm,-0.03850394032966871,0.02226267709322765,0,True,Research only; not investment advice.
k2_vol_corr_erc,2018-10-31,2018-10-31,2018-11-30,calm,0.008316252604741831,0.03760682127692658,0,False,Research only; not investment advice.
k2_vol_corr_ew,2018-10-31,2018-10-31,2018-11-30,calm,0.014839260395171748,0.016639980985666783,0,False,Research only; not investment advice.
k2_vol_corr_spread_erc,2018-10-31,2018-10-31,2018-11-30,calm,0.008316252604741831,0.03760682127692658,0,False,Research only; not investment advice.
k2_vol_corr_spread_ew,2018-10-31,2018-10-31,2018-11-30,calm,0.014839260395171748,0.016639980985666783,0,False,Research only; not investment advice.
unconditional_erc,2018-10-31,2018-10-31,2018-11-30,all,0.01014581524572256,0.01566755024352009,0,False,Research only; not investment advice.
unconditional_ew,2018-10-31,2018-10-31,2018-11-30,all,0.0016667284002471077,0.01936678084403448,0,False,Research only; not investment advice.
always_calm,2018-10-31,2018-10-31,2018-11-30,calm,0.008316252604741831,0.03760682127692658,0,False,Research only; not investment advice.
k2_vol_corr_erc,2018-11-30,2018-11-30,2018-12-31,calm,-0.0384173537375577,0.0098967660628367,0,True,Research only; not investment advice.
k2_vol_corr_ew,2018-11-30,2018-11-30,2018-12-31,calm,-0.06583659311664872,0.005251455847998875,0,True,Research only; not investment advice.
k2_vol_corr_spread_erc,2018-11-30,2018-11-30,2018-12-31,calm,-0.0384173537375577,0.0098967660628367,0,True,Research only; not investment advice.
k2_vol_corr_spread_ew,2018-11-30,2018-11-30,2018-12-31,calm,-0.06583659311664872,0.005251455847998875,0,True,Research only; not investment advice.
unconditional_erc,2018-11-30,2018-11-30,2018-12-31,all,-0.05065833837646721,0.006204148248356706,0,True,Research only; not investment advice.
unconditional_ew,2018-11-30,2018-11-30,2018-12-31,all,-0.05725748510268191,0.011606392294599794,0,True,Research only; not investment advice.
always_calm,2018-11-30,2018-11-30,2018-12-31,calm,-0.0384173537375577,0.0098967660628367,0,True,Research only; not investment advice.
k2_vol_corr_erc,2018-12-31,2018-12-31,2019-01-31,calm,0.05337310937367406,0.0404318381866341,0,False,Research only; not investment advice.
k2_vol_corr_ew,2018-12-31,2018-12-31,2019-01-31,calm,0.07649332904197975,0.02009378013275836,0,False,Research only; not investment advice.
k2_vol_corr_spread_erc,2018-12-31,2018-12-31,2019-01-31,calm,0.05337310937367406,0.0404318381866341,0,False,Research only; not investment advice.
k2_vol_corr_spread_ew,2018-12-31,2018-12-31,2019-01-31,calm,0.07649332904197975,0.02009378013275836,0,False,Research only; not investment advice.
unconditional_erc,2018-12-31,2018-12-31,2019-01-31,all,0.06340858015904437,0.02038498151994593,0,False,Research only; not investment advice.
unconditional_ew,2018-12-31,2018-12-31,2019-01-31,all,0.06315075812242534,0.025761336711806925,0,False,Research only; not investment advice.
always_calm,2018-12-31,2018-12-31,2019-01-31,calm,0.05337310937367406,0.0404318381866341,0,False,Research only; not investment advice.
k2_vol_corr_erc,2019-01-31,2019-01-31,2019-02-28,stress,0.0034555863795393367,0.9709665924752253,0,False,Research only; not investment advice.
k2_vol_corr_ew,2019-01-31,2019-01-31,2019-02-28,stress,0.0054545572012980065,0.9496507664554149,0,False,Research only; not investment advice.
k2_vol_corr_spread_erc,2019-01-31,2019-01-31,2019-02-28,stress,0.0034555863795393367,0.9709665924752253,0,False,Research only; not investment advice.
k2_vol_corr_spread_ew,2019-01-31,2019-01-31,2019-02-28,stress,0.0054545572012980065,0.9496507664554149,0,False,Research only; not investment advice.
unconditional_erc,2019-01-31,2019-01-31,2019-02-28,all,0.02101781757984756,0.01511328722321682,0,False,Research only; not investment advice.
unconditional_ew,2019-01-31,2019-01-31,2019-02-28,all,0.024726674573278103,0.014817003140281702,0,False,Research only; not investment advice.
always_calm,2019-01-31,2019-01-31,2019-02-28,calm,0.016770584131255938,0.027628263036706534,0,False,Research only; not investment advice.
k2_vol_corr_erc,2019-02-28,2019-02-28,2019-03-31,stress,0.013391203822033012,0.006337725967727442,0,False,Research only; not investment advice.
k2_vol_corr_ew,2019-02-28,2019-02-28,2019-03-31,stress,0.010980056040426825,0.004046836858456096,0,False,Research only; not investment advice.
k2_vol_corr_spread_erc,2019-02-28,2019-02-28,2019-03-31,stress,0.013391203822033012,0.006337725967727442,0,False,Research only; not investment advice.
k2_vol_corr_spread_ew,2019-02-28,2019-02-28,2019-03-31,stress,0.010980056040426825,0.004046836858456096,0,False,Research only; not investment advice.
unconditional_erc,2019-02-28,2019-02-28,2019-03-31,all,0.007201463568975351,0.00892487971830576,0,False,Research only; not investment advice.
unconditional_ew,2019-02-28,2019-02-28,2019-03-31,all,0.00884149792840994,0.009981416659723952,0,False,Research only; not investment advice.
always_calm,2019-02-28,2019-02-28,2019-03-31,calm,0.008485607215756096,0.011377797675526116,0,False,Research only; not investment advice.
k2_vol_corr_erc,2019-03-31,2019-03-31,2019-04-30,calm,0.017911102417307638,0.969632502413338,0,False,Research only; not investment advice.
k2_vol_corr_ew,2019-03-31,2019-03-31,2019-04-30,calm,0.027376164304135375,0.95,0,False,Research only; not investment advice.
k2_vol_corr_spread_erc,2019-03-31,2019-03-31,2019-04-30,stress,0.006980732423898486,0.02708369649458959,0,False,Research only; not investment advice.
k2_vol_corr_spread_ew,2019-03-31,2019-03-31,2019-04-30,stress,0.009574883080136362,0.0036616478454542384,0,False,Research only; not investment advice.
unconditional_erc,2019-03-31,2019-03-31,2019-04-30,all,0.02424958182082184,0.008281456660945565,0,False,Research only; not investment advice.
unconditional_ew,2019-03-31,2019-03-31,2019-04-30,all,0.03652047201719385,0.007714525669761545,0,False,Research only; not investment advice.
always_calm,2019-03-31,2019-03-31,2019-04-30,calm,0.017911102417307638,0.02700885661506135,0,False,Research only; not investment advice.
k2_vol_corr_erc,2019-04-30,2019-04-30,2019-05-31,calm,-0.024920633574758863,0.013568096289484594,0,False,Research only; not investment advice.
k2_vol_corr_ew,2019-04-30,2019-04-30,2019-05-31,calm,-0.048966724871721,0.005935795964657691,0,False,Research only; not investment advice.
k2_vol_corr_spread_erc,2019-04-30,2019-04-30,2019-05-31,calm,-0.024920633574758863,0.9700467661845364,0,False,Research only; not investment advice.
k2_vol_corr_spread_ew,2019-04-30,2019-04-30,2019-05-31,calm,-0.048966724871721,0.9500000000000001,0,False,Research only; not investment advice.
unconditional_erc,2019-04-30,2019-04-30,2019-05-31,all,-0.032071136247827425,0.009252547319285312,0,False,Research only; not investment advice.
unconditional_ew,2019-04-30,2019-04-30,2019-05-31,all,-0.01066234790705463,0.01407770758771848,0,False,Research only; not investment advice.
always_calm,2019-04-30,2019-04-30,2019-05-31,calm,-0.024920633574758863,0.013568096289484594,0,False,Research only; not investment advice.
k2_vol_corr_erc,2019-05-31,2019-05-31,2019-06-30,calm,0.038692661957585923,0.022928735997644386,0,False,Research only; not investment advice.
k2_vol_corr_ew,2019-05-31,2019-05-31,2019-06-30,calm,0.05541937372648522,0.01505344366075077,0,False,Research only; not investment advice.
k2_vol_corr_spread_erc,2019-05-31,2019-05-31,2019-06-30,calm,0.038692661957585923,0.022928735997644386,0,False,Research only; not investment advice.
k2_vol_corr_spread_ew,2019-05-31,2019-05-31,2019-06-30,calm,0.05541937372648522,0.01505344366075077,0,False,Research only; not investment advice.
unconditional_erc,2019-05-31,2019-05-31,2019-06-30,all,0.04828346305292225,0.015607959727773409,0,False,Research only; not investment advice.
unconditional_ew,2019-05-31,2019-05-31,2019-06-30,all,0.06014591765447996,0.03261951664921113,0,False,Research only; not investment advice.
always_calm,2019-05-31,2019-05-31,2019-06-30,calm,0.038692661957585923,0.022928735997644386,0,False,Research only; not investment advice.
k2_vol_corr_erc,2019-06-30,2019-06-30,2019-07-31,calm,0.005333008926142016,0.0290272970049226,0,False,Research only; not investment advice.
k2_vol_corr_ew,2019-06-30,2019-06-30,2019-07-31,calm,0.006641271547857389,0.008455748047908943,0,False,Research only; not investment advice.
k2_vol_corr_spread_erc,2019-06-30,2019-06-30,2019-07-31,calm,0.005333008926142016,0.0290272970049226,0,False,Research only; not investment advice.
k2_vol_corr_spread_ew,2019-06-30,2019-06-30,2019-07-31,calm,0.006641271547857389,0.008455748047908943,0,False,Research only; not investment advice.
unconditional_erc,2019-06-30,2019-06-30,2019-07-31,all,0.004644061121911351,0.01251059184561734,0,False,Research only; not investment advice.
unconditional_ew,2019-06-30,2019-06-30,2019-07-31,all,0.001394996406448003,0.015413937015984935,0,False,Research only; not investment advice.
always_calm,2019-06-30,2019-06-30,2019-07-31,calm,0.005333008926142016,0.0290272970049226,0,False,Research only; not investment advice.
k2_vol_corr_erc,2019-07-31,2019-07-31,2019-08-31,calm,-0.004227987809034541,0.004813210114458977,0,True,Research only; not investment advice.
k2_vol_corr_ew,2019-07-31,2019-07-31,2019-08-31,calm,-0.020507669919922075,0.004313917755262232,0,True,Research only; not investment advice.
k2_vol_corr_spread_erc,2019-07-31,2019-07-31,2019-08-31,calm,-0.004227987809034541,0.004813210114458977,0,True,Research only; not investment advice.
k2_vol_corr_spread_ew,2019-07-31,2019-07-31,2019-08-31,calm,-0.020507669919922075,0.004313917755262232,0,True,Research only; not investment advice.
unconditional_erc,2019-07-31,2019-07-31,2019-08-31,all,-0.012826134581960625,0.003894894804074588,0,True,Research only; not investment advice.
unconditional_ew,2019-07-31,2019-07-31,2019-08-31,all,-0.018324355030009017,0.006096467737939398,0,True,Research only; not investment advice.
always_calm,2019-07-31,2019-07-31,2019-08-31,calm,-0.004227987809034541,0.004813210114458977,0,True,Research only; not investment advice.
k2_vol_corr_erc,2019-08-31,2019-08-31,2019-09-30,calm,0.009099499000610333,0.008157834310129923,0,False,Research only; not investment advice.
k2_vol_corr_ew,2019-08-31,2019-08-31,2019-09-30,calm,0.017750593838680426,0.009434960446390028,0,False,Research only; not investment advice.
k2_vol_corr_spread_erc,2019-08-31,2019-08-31,2019-09-30,calm,0.009099499000610333,0.008157834310129923,0,False,Research only; not investment advice.
k2_vol_corr_spread_ew,2019-08-31,2019-08-31,2019-09-30,calm,0.017750593838680426,0.009434960446390028,0,False,Research only; not investment advice.
unconditional_erc,2019-08-31,2019-08-31,2019-09-30,all,0.012310696786885579,0.010983248327650266,0,False,Research only; not investment advice.
unconditional_ew,2019-08-31,2019-08-31,2019-09-30,all,0.00934549076460469,0.013045250261426819,0,False,Research only; not investment advice.
always_calm,2019-08-31,2019-08-31,2019-09-30,calm,0.009099499000610333,0.008157834310129923,0,False,Research only; not investment advice.
k2_vol_corr_erc,2019-09-30,2019-09-30,2019-10-31,calm,0.011639480660414639,0.00794217477389838,0,False,Research only; not investment advice.
k2_vol_corr_ew,2019-09-30,2019-09-30,2019-10-31,calm,0.018602763593173425,0.005794897063058781,0,False,Research only; not investment advice.
k2_vol_corr_spread_erc,2019-09-30,2019-09-30,2019-10-31,calm,0.011639480660414639,0.00794217477389838,0,False,Research only; not investment advice.
k2_vol_corr_spread_ew,2019-09-30,2019-09-30,2019-10-31,calm,0.018602763593173425,0.005794897063058781,0,False,Research only; not investment advice.
unconditional_erc,2019-09-30,2019-09-30,2019-10-31,all,0.0158294189816783,0.00675068105184991,0,False,Research only; not investment advice.
unconditional_ew,2019-09-30,2019-09-30,2019-10-31,all,0.017476044074512243,0.008218830689395325,0,False,Research only; not investment advice.
always_calm,2019-09-30,2019-09-30,2019-10-31,calm,0.011639480660414639,0.00794217477389838,0,False,Research only; not investment advice.
k2_vol_corr_erc,2019-10-31,2019-10-31,2019-11-30,calm,0.01074933985823257,0.012010912480589648,0,False,Research only; not investment advice.
k2_vol_corr_ew,2019-10-31,2019-10-31,2019-11-30,calm,0.0207707681991617,0.005369268823841235,0,False,Research only; not investment advice.
k2_vol_corr_spread_erc,2019-10-31,2019-10-31,2019-11-30,calm,0.01074933985823257,0.012010912480589648,0,False,Research only; not investment advice.
k2_vol_corr_spread_ew,2019-10-31,2019-10-31,2019-11-30,calm,0.0207707681991617,0.005369268823841235,0,False,Research only; not investment advice.
unconditional_erc,2019-10-31,2019-10-31,2019-11-30,all,0.015174129370319839,0.0054369357081884995,0,False,Research only; not investment advice.
unconditional_ew,2019-10-31,2019-10-31,2019-11-30,all,0.010780119738745394,0.005945304393635071,0,False,Research only; not investment advice.
always_calm,2019-10-31,2019-10-31,2019-11-30,calm,0.01074933985823257,0.012010912480589648,0,False,Research only; not investment advice.
k2_vol_corr_erc,2019-11-30,2019-11-30,2019-12-31,calm,0.017125563723989313,0.01693515308294917,0,False,Research only; not investment advice.
k2_vol_corr_ew,2019-11-30,2019-11-30,2019-12-31,calm,0.027186117648856048,0.007162042839134453,0,False,Research only; not investment advice.
k2_vol_corr_spread_erc,2019-11-30,2019-11-30,2019-12-31,calm,0.017125563723989313,0.01693515308294917,0,False,Research only; not investment advice.
k2_vol_corr_spread_ew,2019-11-30,2019-11-30,2019-12-31,calm,0.027186117648856048,0.007162042839134453,0,False,Research only; not investment advice.
unconditional_erc,2019-11-30,2019-11-30,2019-12-31,all,0.02219049361869556,0.0077501728772680295,0,False,Research only; not investment advice.
unconditional_ew,2019-11-30,2019-11-30,2019-12-31,all,0.01734833970119947,0.010406626883299665,0,False,Research only; not investment advice.
always_calm,2019-11-30,2019-11-30,2019-12-31,calm,0.017125563723989313,0.01693515308294917,0,False,Research only; not investment advice.
k2_vol_corr_erc,2019-12-31,2019-12-31,2020-01-31,calm,0.0014352136562450258,0.011261456224857035,0,False,Research only; not investment advice.
k2_vol_corr_ew,2019-12-31,2019-12-31,2020-01-31,calm,-0.012126744179118486,0.005164133186219225,0,False,Research only; not investment advice.
k2_vol_corr_spread_erc,2019-12-31,2019-12-31,2020-01-31,calm,0.0014352136562450258,0.011261456224857035,0,False,Research only; not investment advice.
k2_vol_corr_spread_ew,2019-12-31,2019-12-31,2020-01-31,calm,-0.012126744179118486,0.005164133186219225,0,False,Research only; not investment advice.
unconditional_erc,2019-12-31,2019-12-31,2020-01-31,all,-0.004804606254283399,0.007090748583422979,0,False,Research only; not investment advice.
unconditional_ew,2019-12-31,2019-12-31,2020-01-31,all,0.005366883393850309,0.009855103164539945,0,False,Research only; not investment advice.
always_calm,2019-12-31,2019-12-31,2020-01-31,calm,0.0014352136562450258,0.011261456224857035,0,False,Research only; not investment advice.
k2_vol_corr_erc,2020-01-31,2020-01-31,2020-02-29,calm,-0.027414210170204283,0.006228067414007015,0,True,Research only; not investment advice.
k2_vol_corr_ew,2020-01-31,2020-01-31,2020-02-29,calm,-0.059359623107040176,0.009421800521752562,0,True,Research only; not investment advice.
k2_vol_corr_spread_erc,2020-01-31,2020-01-31,2020-02-29,calm,-0.027414210170204283,0.006228067414007015,0,True,Research only; not investment advice.
k2_vol_corr_spread_ew,2020-01-31,2020-01-31,2020-02-29,calm,-0.059359623107040176,0.009421800521752562,0,True,Research only; not investment advice.
unconditional_erc,2020-01-31,2020-01-31,2020-02-29,all,-0.04663588848974405,0.00994655713640088,0,True,Research only; not investment advice.
unconditional_ew,2020-01-31,2020-01-31,2020-02-29,all,-0.050146923049474164,0.01656128643294016,0,True,Research only; not investment advice.
always_calm,2020-01-31,2020-01-31,2020-02-29,calm,-0.027414210170204283,0.006228067414007015,0,True,Research only; not investment advice.
k2_vol_corr_erc,2020-02-29,2020-02-29,2020-03-31,calm,-0.09289343041181504,0.026581203833338767,0,True,Research only; not investment advice.
k2_vol_corr_ew,2020-02-29,2020-02-29,2020-03-31,calm,-0.14050270755479669,0.015881825401270002,0,True,Research only; not investment advice.
k2_vol_corr_spread_erc,2020-02-29,2020-02-29,2020-03-31,calm,-0.09289343041181504,0.026581203833338767,0,True,Research only; not investment advice.
k2_vol_corr_spread_ew,2020-02-29,2020-02-29,2020-03-31,calm,-0.14050270755479669,0.015881825401270002,0,True,Research only; not investment advice.
unconditional_erc,2020-02-29,2020-02-29,2020-03-31,all,-0.11891490748395772,0.01575971175651114,0,True,Research only; not investment advice.
unconditional_ew,2020-02-29,2020-02-29,2020-03-31,all,-0.12764446329983975,0.018530053475459503,0,True,Research only; not investment advice.
always_calm,2020-02-29,2020-02-29,2020-03-31,calm,-0.09289343041181504,0.026581203833338767,0,True,Research only; not investment advice.
k2_vol_corr_erc,2020-03-31,2020-03-31,2020-04-30,stress,0.022705534820087407,0.9793875731249204,0,False,Research only; not investment advice.
k2_vol_corr_ew,2020-03-31,2020-03-31,2020-04-30,stress,0.03233456773798543,0.9511753369419514,0,False,Research only; not investment advice.
k2_vol_corr_spread_erc,2020-03-31,2020-03-31,2020-04-30,stress,0.022705534820087407,0.9793875731249204,0,False,Research only; not investment advice.
k2_vol_corr_spread_ew,2020-03-31,2020-03-31,2020-04-30,stress,0.03233456773798543,0.9511753369419514,0,False,Research only; not investment advice.
unconditional_erc,2020-03-31,2020-03-31,2020-04-30,all,0.06781612858811878,0.09525489276081456,0,False,Research only; not investment advice.
unconditional_ew,2020-03-31,2020-03-31,2020-04-30,all,0.09112641329377055,0.03314918739136709,0,False,Research only; not investment advice.
always_calm,2020-03-31,2020-03-31,2020-04-30,calm,0.06842655507258492,0.13086610026069911,0,False,Research only; not investment advice.
k2_vol_corr_erc,2020-04-30,2020-04-30,2020-05-31,stress,0.017566915461277005,0.024507158767224063,0,False,Research only; not investment advice.
k2_vol_corr_ew,2020-04-30,2020-04-30,2020-05-31,stress,0.02688346326364074,0.012272307890638295,0,False,Research only; not investment advice.
k2_vol_corr_spread_erc,2020-04-30,2020-04-30,2020-05-31,stress,0.017566915461277005,0.024507158767224063,0,False,Research only; not investment advice.
k2_vol_corr_spread_ew,2020-04-30,2020-04-30,2020-05-31,stress,0.02688346326364074,0.012272307890638295,0,False,Research only; not investment advice.
unconditional_erc,2020-04-30,2020-04-30,2020-05-31,all,0.038423453700954846,0.04088889181994225,0,False,Research only; not investment advice.
unconditional_ew,2020-04-30,2020-04-30,2020-05-31,all,0.045674601275835704,0.024759056738312198,0,False,Research only; not investment advice.
always_calm,2020-04-30,2020-04-30,2020-05-31,calm,0.03613507803194465,0.026858545480513602,0,False,Research only; not investment advice.
k2_vol_corr_erc,2020-05-31,2020-05-31,2020-06-30,stress,0.007305140065615326,0.018152473331902536,0,False,Research only; not investment advice.
k2_vol_corr_ew,2020-05-31,2020-05-31,2020-06-30,stress,0.008164065978045145,0.0109654837500201,0,False,Research only; not investment advice.
k2_vol_corr_spread_erc,2020-05-31,2020-05-31,2020-06-30,stress,0.007305140065615326,0.018152473331902536,0,False,Research only; not investment advice.
k2_vol_corr_spread_ew,2020-05-31,2020-05-31,2020-06-30,stress,0.008164065978045145,0.0109654837500201,0,False,Research only; not investment advice.
unconditional_erc,2020-05-31,2020-05-31,2020-06-30,all,0.011858566976880276,0.163454109189662,0,False,Research only; not investment advice.
unconditional_ew,2020-05-31,2020-05-31,2020-06-30,all,0.013661782987072752,0.010314599797384132,0,False,Research only; not investment advice.
always_calm,2020-05-31,2020-05-31,2020-06-30,calm,0.015841442079118365,0.015098132749107877,0,False,Research only; not investment advice.
k2_vol_corr_erc,2020-06-30,2020-06-30,2020-07-31,stress,0.020924918327997227,0.003565008558096633,0,False,Research only; not investment advice.
k2_vol_corr_ew,2020-06-30,2020-06-30,2020-07-31,stress,0.027780818429927107,0.00402318431039371,0,False,Research only; not investment advice.
k2_vol_corr_spread_erc,2020-06-30,2020-06-30,2020-07-31,stress,0.020924918327997227,0.003565008558096633,0,False,Research only; not investment advice.
k2_vol_corr_spread_ew,2020-06-30,2020-06-30,2020-07-31,stress,0.027780818429927107,0.00402318431039371,0,False,Research only; not investment advice.
unconditional_erc,2020-06-30,2020-06-30,2020-07-31,all,0.031044624399331783,0.006214571131925294,0,False,Research only; not investment advice.
unconditional_ew,2020-06-30,2020-06-30,2020-07-31,all,0.04402137226940413,0.009323794153703366,0,False,Research only; not investment advice.
always_calm,2020-06-30,2020-06-30,2020-07-31,calm,0.03487378813321613,0.00697944441011321,0,False,Research only; not investment advice.
k2_vol_corr_erc,2020-07-31,2020-07-31,2020-08-31,stress,0.005786582866163103,0.012065986799066598,0,False,Research only; not investment advice.
k2_vol_corr_ew,2020-07-31,2020-07-31,2020-08-31,stress,0.014120006060278356,0.007362286477568453,0,False,Research only; not investment advice.
k2_vol_corr_spread_erc,2020-07-31,2020-07-31,2020-08-31,stress,0.005786582866163103,0.012065986799066598,0,False,Research only; not investment advice.
k2_vol_corr_spread_ew,2020-07-31,2020-07-31,2020-08-31,stress,0.014120006060278356,0.007362286477568453,0,False,Research only; not investment advice.
unconditional_erc,2020-07-31,2020-07-31,2020-08-31,all,0.013203627388719517,0.011659653818023611,0,False,Research only; not investment advice.
unconditional_ew,2020-07-31,2020-07-31,2020-08-31,all,0.022193579362383177,0.011178464853681989,0,False,Research only; not investment advice.
always_calm,2020-07-31,2020-07-31,2020-08-31,calm,0.019220943694739024,0.012019611861385704,0,False,Research only; not investment advice.
k2_vol_corr_erc,2020-08-31,2020-08-31,2020-09-30,stress,-0.004998569837349889,0.008029251278590818,0,True,Research only; not investment advice.
k2_vol_corr_ew,2020-08-31,2020-08-31,2020-09-30,stress,-0.009356660245604831,0.008417915608204554,0,True,Research only; not investment advice.
k2_vol_corr_spread_erc,2020-08-31,2020-08-31,2020-09-30,stress,-0.004998569837349889,0.008029251278590818,0,True,Research only; not investment advice.
k2_vol_corr_spread_ew,2020-08-31,2020-08-31,2020-09-30,stress,-0.009356660245604831,0.008417915608204554,0,True,Research only; not investment advice.
unconditional_erc,2020-08-31,2020-08-31,2020-09-30,all,-0.011745376686290136,0.11181179887402813,0,True,Research only; not investment advice.
unconditional_ew,2020-08-31,2020-08-31,2020-09-30,all,-0.02906782737898142,0.01570094543722529,0,True,Research only; not investment advice.
always_calm,2020-08-31,2020-08-31,2020-09-30,calm,-0.01515974743192011,0.017747433075668263,0,True,Research only; not investment advice.
k2_vol_corr_erc,2020-09-30,2020-09-30,2020-10-31,stress,-0.007338761179210358,0.0029515484877116055,0,False,Research only; not investment advice.
k2_vol_corr_ew,2020-09-30,2020-09-30,2020-10-31,stress,-0.00893199811799799,0.004430371799862026,0,False,Research only; not investment advice.
k2_vol_corr_spread_erc,2020-09-30,2020-09-30,2020-10-31,stress,-0.007338761179210358,0.0029515484877116055,0,False,Research only; not investment advice.
k2_vol_corr_spread_ew,2020-09-30,2020-09-30,2020-10-31,stress,-0.00893199811799799,0.004430371799862026,0,False,Research only; not investment advice.
unconditional_erc,2020-09-30,2020-09-30,2020-10-31,all,-0.0018176658932835125,0.010117488114915267,0,False,Research only; not investment advice.
unconditional_ew,2020-09-30,2020-09-30,2020-10-31,all,0.013147381118764087,0.011925173087797324,0,False,Research only; not investment advice.
always_calm,2020-09-30,2020-09-30,2020-10-31,calm,-0.004839291355805397,0.005351160575806129,0,False,Research only; not investment advice.
k2_vol_corr_erc,2020-10-31,2020-10-31,2020-11-30,calm,0.07095680299524323,0.9698000864547075,0,False,Research only; not investment advice.
k2_vol_corr_ew,2020-10-31,2020-10-31,2020-11-30,calm,0.10498177188369164,0.95,0,False,Research only; not investment advice.
k2_vol_corr_spread_erc,2020-10-31,2020-10-31,2020-11-30,calm,0.07095680299524323,0.9698000864547075,0,False,Research only; not investment advice.
k2_vol_corr_spread_ew,2020-10-31,2020-10-31,2020-11-30,calm,0.10498177188369164,0.95,0,False,Research only; not investment advice.
unconditional_erc,2020-10-31,2020-10-31,2020-11-30,all,0.05193681151653396,0.009308108230819364,0,False,Research only; not investment advice.
unconditional_ew,2020-10-31,2020-10-31,2020-11-30,all,0.11178303696658178,0.017559481024065415,0,False,Research only; not investment advice.
always_calm,2020-10-31,2020-10-31,2020-11-30,calm,0.07095680299524323,0.00446869520092957,0,False,Research only; not investment advice.
k2_vol_corr_erc,2020-11-30,2020-11-30,2020-12-31,stress,0.012637265443520607,0.9680056530086829,0,False,Research only; not investment advice.
k2_vol_corr_ew,2020-11-30,2020-11-30,2020-12-31,stress,0.02282142811363927,0.9486601736555363,0,False,Research only; not investment advice.
k2_vol_corr_spread_erc,2020-11-30,2020-11-30,2020-12-31,stress,0.012637265443520607,0.9680056530086829,0,False,Research only; not investment advice.
k2_vol_corr_spread_ew,2020-11-30,2020-11-30,2020-12-31,stress,0.02282142811363927,0.9486601736555363,0,False,Research only; not investment advice.
unconditional_erc,2020-11-30,2020-11-30,2020-12-31,all,0.022907991213710486,0.027378309666516283,0,False,Research only; not investment advice.
unconditional_ew,2020-11-30,2020-11-30,2020-12-31,all,0.051664270875764966,0.03191032693202427,0,False,Research only; not investment advice.
always_calm,2020-11-30,2020-11-30,2020-12-31,calm,0.02783111332473913,0.030313600182147606,0,False,Research only; not investment advice.
k2_vol_corr_erc,2020-12-31,2020-12-31,2021-01-31,stress,-0.0016138757496832747,0.010868433392674584,0,False,Research only; not investment advice.
k2_vol_corr_ew,2020-12-31,2020-12-31,2021-01-31,stress,3.459688062637067e-05,0.009887199881543518,0,False,Research only; not investment advice.
k2_vol_corr_spread_erc,2020-12-31,2020-12-31,2021-01-31,stress,-0.0016138757496832747,0.010868433392674584,0,False,Research only; not investment advice.
k2_vol_corr_spread_ew,2020-12-31,2020-12-31,2021-01-31,stress,3.459688062637067e-05,0.009887199881543518,0,False,Research only; not investment advice.
unconditional_erc,2020-12-31,2020-12-31,2021-01-31,all,1.3409324258735998e-05,0.016804412555061397,0,False,Research only; not investment advice.
unconditional_ew,2020-12-31,2020-12-31,2021-01-31,all,0.00805642440242903,0.01701359272478043,0,False,Research only; not investment advice.
always_calm,2020-12-31,2020-12-31,2021-01-31,calm,0.0006570271580320885,0.013201708684333228,0,False,Research only; not investment advice.
k2_vol_corr_erc,2021-01-31,2021-01-31,2021-02-28,stress,-0.0038724882990541065,0.0026000342437258565,0,False,Research only; not investment advice.
k2_vol_corr_ew,2021-01-31,2021-01-31,2021-02-28,stress,0.007450515874148609,0.0033467267936271444,0,False,Research only; not investment advice.
k2_vol_corr_spread_erc,2021-01-31,2021-01-31,2021-02-28,stress,-0.0038724882990541065,0.0026000342437258565,0,False,Research only; not investment advice.
k2_vol_corr_spread_ew,2021-01-31,2021-01-31,2021-02-28,stress,0.007450515874148609,0.0033467267936271444,0,False,Research only; not investment advice.
unconditional_erc,2021-01-31,2021-01-31,2021-02-28,all,0.0019730184365125895,0.005954343334167157,0,False,Research only; not investment advice.
unconditional_ew,2021-01-31,2021-01-31,2021-02-28,all,0.025195898261009587,0.008231828843528525,0,False,Research only; not investment advice.
always_calm,2021-01-31,2021-01-31,2021-02-28,calm,0.008732874763014637,0.0074883572583968275,0,False,Research only; not investment advice.
k2_vol_corr_erc,2021-02-28,2021-02-28,2021-03-31,stress,-0.001211170100820727,0.0033521987885254192,0,False,Research only; not investment advice.
k2_vol_corr_ew,2021-02-28,2021-02-28,2021-03-31,stress,0.007626770555026176,0.011960669951131264,0,False,Research only; not investment advice.
k2_vol_corr_spread_erc,2021-02-28,2021-02-28,2021-03-31,stress,-0.001211170100820727,0.0033521987885254192,0,False,Research only; not investment advice.
k2_vol_corr_spread_ew,2021-02-28,2021-02-28,2021-03-31,stress,0.007626770555026176,0.011960669951131264,0,False,Research only; not investment advice.
unconditional_erc,2021-02-28,2021-02-28,2021-03-31,all,0.003830801646517588,0.011965295492897965,0,False,Research only; not investment advice.
unconditional_ew,2021-02-28,2021-02-28,2021-03-31,all,0.02154774305721929,0.014610336808525963,0,False,Research only; not investment advice.
always_calm,2021-02-28,2021-02-28,2021-03-31,calm,0.008203506728467428,0.01572767293718603,0,False,Research only; not investment advice.
k2_vol_corr_erc,2021-03-31,2021-03-31,2021-04-30,stress,0.015939978245148603,0.002642268165506577,0,False,Research only; not investment advice.
k2_vol_corr_ew,2021-03-31,2021-03-31,2021-04-30,stress,0.024254083463888253,0.010263250677541302,0,False,Research only; not investment advice.
k2_vol_corr_spread_erc,2021-03-31,2021-03-31,2021-04-30,stress,0.015939978245148603,0.002642268165506577,0,False,Research only; not investment advice.
k2_vol_corr_spread_ew,2021-03-31,2021-03-31,2021-04-30,stress,0.024254083463888253,0.010263250677541302,0,False,Research only; not investment advice.
unconditional_erc,2021-03-31,2021-03-31,2021-04-30,all,0.018887280536374063,0.008480984684625364,0,False,Research only; not investment advice.
unconditional_ew,2021-03-31,2021-03-31,2021-04-30,all,0.03517253407764729,0.013017272725634278,0,False,Research only; not investment advice.
always_calm,2021-03-31,2021-03-31,2021-04-30,calm,0.020729808503730945,0.01002050791346053,0,False,Research only; not investment advice.
k2_vol_corr_erc,2021-04-30,2021-04-30,2021-05-31,stress,0.007266598898207078,0.009244169731154148,0,False,Research only; not investment advice.
k2_vol_corr_ew,2021-04-30,2021-04-30,2021-05-31,stress,0.01153399331236097,0.00878347968598113,0,False,Research only; not investment advice.
k2_vol_corr_spread_erc,2021-04-30,2021-04-30,2021-05-31,calm,0.0076436417970738545,0.9704514653093909,0,False,Research only; not investment advice.
k2_vol_corr_spread_ew,2021-04-30,2021-04-30,2021-05-31,calm,0.009502213299762629,0.95,0,False,Research only; not investment advice.
unconditional_erc,2021-04-30,2021-04-30,2021-05-31,all,0.005221333895265997,0.006287308045276194,0,False,Research only; not investment advice.
unconditional_ew,2021-04-30,2021-04-30,2021-05-31,all,0.0004505441243886211,0.012352333123001873,0,False,Research only; not investment advice.
always_calm,2021-04-30,2021-04-30,2021-05-31,calm,0.0076436417970738545,0.007949847014739844,0,False,Research only; not investment advice.
k2_vol_corr_erc,2021-05-31,2021-05-31,2021-06-30,calm,0.0103577972286475,0.9704814179857718,0,False,Research only; not investment advice.
k2_vol_corr_ew,2021-05-31,2021-05-31,2021-06-30,calm,0.010513964674562021,0.95,0,False,Research only; not investment advice.
k2_vol_corr_spread_erc,2021-05-31,2021-05-31,2021-06-30,calm,0.0103577972286475,0.0039574441261543535,0,False,Research only; not investment advice.
k2_vol_corr_spread_ew,2021-05-31,2021-05-31,2021-06-30,calm,0.010513964674562021,0.005071365574422608,0,False,Research only; not investment advice.
unconditional_erc,2021-05-31,2021-05-31,2021-06-30,all,0.008013202274160155,0.003974914740089925,0,False,Research only; not investment advice.
unconditional_ew,2021-05-31,2021-05-31,2021-06-30,all,0.006662194928484228,0.010011133445238043,0,False,Research only; not investment advice.
always_calm,2021-05-31,2021-05-31,2021-06-30,calm,0.0103577972286475,0.0039574441261543535,0,False,Research only; not investment advice.
k2_vol_corr_erc,2021-06-30,2021-06-30,2021-07-31,calm,0.0037947454516235697,0.005679272538883343,0,False,Research only; not investment advice.
k2_vol_corr_ew,2021-06-30,2021-06-30,2021-07-31,calm,-0.0006830115922710695,0.006838507265243661,0,False,Research only; not investment advice.
k2_vol_corr_spread_erc,2021-06-30,2021-06-30,2021-07-31,calm,0.0037947454516235697,0.005679272538883343,0,False,Research only; not investment advice.
k2_vol_corr_spread_ew,2021-06-30,2021-06-30,2021-07-31,calm,-0.0006830115922710695,0.006838507265243661,0,False,Research only; not investment advice.
unconditional_erc,2021-06-30,2021-06-30,2021-07-31,all,0.00783724295492117,0.004754299927985784,0,False,Research only; not investment advice.
unconditional_ew,2021-06-30,2021-06-30,2021-07-31,all,0.004603951337524218,0.006899862450773234,0,False,Research only; not investment advice.
always_calm,2021-06-30,2021-06-30,2021-07-31,calm,0.0037947454516235697,0.005679272538883343,0,False,Research only; not investment advice.
k2_vol_corr_erc,2021-07-31,2021-07-31,2021-08-31,calm,0.010283668726452292,0.00541764233379536,0,False,Research only; not investment advice.
k2_vol_corr_ew,2021-07-31,2021-07-31,2021-08-31,calm,0.017084832646951483,0.0077967535921703475,0,False,Research only; not investment advice.
k2_vol_corr_spread_erc,2021-07-31,2021-07-31,2021-08-31,calm,0.010283668726452292,0.00541764233379536,0,False,Research only; not investment advice.
k2_vol_corr_spread_ew,2021-07-31,2021-07-31,2021-08-31,calm,0.017084832646951483,0.0077967535921703475,0,False,Research only; not investment advice.
unconditional_erc,2021-07-31,2021-07-31,2021-08-31,all,0.007729297451025728,0.005663058864894823,0,False,Research only; not investment advice.
unconditional_ew,2021-07-31,2021-07-31,2021-08-31,all,0.023912237802418922,0.00790628146469936,0,False,Research only; not investment advice.
always_calm,2021-07-31,2021-07-31,2021-08-31,calm,0.010283668726452292,0.00541764233379536,0,False,Research only; not investment advice.
k2_vol_corr_erc,2021-08-31,2021-08-31,2021-09-30,calm,-0.022360891232838586,0.005437083522428155,0,True,Research only; not investment advice.
k2_vol_corr_ew,2021-08-31,2021-08-31,2021-09-30,calm,-0.029652625630183994,0.0040238722000302644,0,True,Research only; not investment advice.
k2_vol_corr_spread_erc,2021-08-31,2021-08-31,2021-09-30,calm,-0.022360891232838586,0.005437083522428155,0,True,Research only; not investment advice.
k2_vol_corr_spread_ew,2021-08-31,2021-08-31,2021-09-30,calm,-0.029652625630183994,0.0040238722000302644,0,True,Research only; not investment advice.
unconditional_erc,2021-08-31,2021-08-31,2021-09-30,all,-0.01722930234406265,0.006806986345381804,0,True,Research only; not investment advice.
unconditional_ew,2021-08-31,2021-08-31,2021-09-30,all,-0.029432361143782063,0.010410666458060026,0,True,Research only; not investment advice.
always_calm,2021-08-31,2021-08-31,2021-09-30,calm,-0.022360891232838586,0.005437083522428155,0,True,Research only; not investment advice.
k2_vol_corr_erc,2021-09-30,2021-09-30,2021-10-31,calm,0.020849403956379513,0.00694832503263328,0,False,Research only; not investment advice.
k2_vol_corr_ew,2021-09-30,2021-09-30,2021-10-31,calm,0.0349965334915046,0.007319533175172668,0,False,Research only; not investment advice.
k2_vol_corr_spread_erc,2021-09-30,2021-09-30,2021-10-31,calm,0.020849403956379513,0.00694832503263328,0,False,Research only; not investment advice.
k2_vol_corr_spread_ew,2021-09-30,2021-09-30,2021-10-31,calm,0.0349965334915046,0.007319533175172668,0,False,Research only; not investment advice.
unconditional_erc,2021-09-30,2021-09-30,2021-10-31,all,0.017876434137418226,0.006245714815671986,0,False,Research only; not investment advice.
unconditional_ew,2021-09-30,2021-09-30,2021-10-31,all,0.04758053293892842,0.009322831968080376,0,False,Research only; not investment advice.
always_calm,2021-09-30,2021-09-30,2021-10-31,calm,0.020849403956379513,0.00694832503263328,0,False,Research only; not investment advice.
k2_vol_corr_erc,2021-10-31,2021-10-31,2021-11-30,calm,-0.013246315990860989,0.01135239163939345,0,True,Research only; not investment advice.
k2_vol_corr_ew,2021-10-31,2021-10-31,2021-11-30,calm,-0.02136167873858774,0.01110080907500869,0,True,Research only; not investment advice.
k2_vol_corr_spread_erc,2021-10-31,2021-10-31,2021-11-30,calm,-0.013246315990860989,0.01135239163939345,0,True,Research only; not investment advice.
k2_vol_corr_spread_ew,2021-10-31,2021-10-31,2021-11-30,calm,-0.02136167873858774,0.01110080907500869,0,True,Research only; not investment advice.
unconditional_erc,2021-10-31,2021-10-31,2021-11-30,all,-0.0069849947827014145,0.019148037569604617,0,True,Research only; not investment advice.
unconditional_ew,2021-10-31,2021-10-31,2021-11-30,all,-0.01725941768336701,0.020216723437726673,0,True,Research only; not investment advice.
always_calm,2021-10-31,2021-10-31,2021-11-30,calm,-0.013246315990860989,0.01135239163939345,0,True,Research only; not investment advice.
k2_vol_corr_erc,2021-11-30,2021-11-30,2021-12-31,calm,0.018269383121723333,0.0046373638870459595,0,False,Research only; not investment advice.
k2_vol_corr_ew,2021-11-30,2021-11-30,2021-12-31,calm,0.02951818333359591,0.007351561798107056,0,False,Research only; not investment advice.
k2_vol_corr_spread_erc,2021-11-30,2021-11-30,2021-12-31,calm,0.018269383121723333,0.0046373638870459595,0,False,Research only; not investment advice.
k2_vol_corr_spread_ew,2021-11-30,2021-11-30,2021-12-31,calm,0.02951818333359591,0.007351561798107056,0,False,Research only; not investment advice.
unconditional_erc,2021-11-30,2021-11-30,2021-12-31,all,0.010111920069901777,0.010366781255351669,0,False,Research only; not investment advice.
unconditional_ew,2021-11-30,2021-11-30,2021-12-31,all,0.013752250102008888,0.008318335863236784,0,False,Research only; not investment advice.
always_calm,2021-11-30,2021-11-30,2021-12-31,calm,0.018269383121723333,0.0046373638870459595,0,False,Research only; not investment advice.
k2_vol_corr_erc,2021-12-31,2021-12-31,2022-01-31,calm,-0.03287173287897324,0.01955031784060939,0,True,Research only; not investment advice.
k2_vol_corr_ew,2021-12-31,2021-12-31,2022-01-31,calm,-0.043539263837522574,0.0076388878746597305,0,True,Research only; not investment advice.
k2_vol_corr_spread_erc,2021-12-31,2021-12-31,2022-01-31,calm,-0.03287173287897324,0.01955031784060939,0,True,Research only; not investment advice.
k2_vol_corr_spread_ew,2021-12-31,2021-12-31,2022-01-31,calm,-0.043539263837522574,0.0076388878746597305,0,True,Research only; not investment advice.
unconditional_erc,2021-12-31,2021-12-31,2022-01-31,all,-0.028014551586388953,0.012193780897091304,0,True,Research only; not investment advice.
unconditional_ew,2021-12-31,2021-12-31,2022-01-31,all,-0.04766294178836556,0.014156018459033333,0,True,Research only; not investment advice.
always_calm,2021-12-31,2021-12-31,2022-01-31,calm,-0.03287173287897324,0.01955031784060939,0,True,Research only; not investment advice.
k2_vol_corr_erc,2022-01-31,2022-01-31,2022-02-28,calm,-0.015666362268845845,0.01550197853649612,0,False,Research only; not investment advice.
k2_vol_corr_ew,2022-01-31,2022-01-31,2022-02-28,calm,-0.014379595283602697,0.016106580651189823,0,False,Research only; not investment advice.
k2_vol_corr_spread_erc,2022-01-31,2022-01-31,2022-02-28,calm,-0.015666362268845845,0.01550197853649612,0,False,Research only; not investment advice.
k2_vol_corr_spread_ew,2022-01-31,2022-01-31,2022-02-28,calm,-0.014379595283602697,0.016106580651189823,0,False,Research only; not investment advice.
unconditional_erc,2022-01-31,2022-01-31,2022-02-28,all,-0.008696794326706487,0.026818071943279037,0,False,Research only; not investment advice.
unconditional_ew,2022-01-31,2022-01-31,2022-02-28,all,-0.00622321769148588,0.02078213914382288,0,False,Research only; not investment advice.
always_calm,2022-01-31,2022-01-31,2022-02-28,calm,-0.015666362268845845,0.01550197853649612,0,False,Research only; not investment advice.
k2_vol_corr_erc,2022-02-28,2022-02-28,2022-03-31,calm,-0.001231882498281744,0.005659645874587265,0,False,Research only; not investment advice.
k2_vol_corr_ew,2022-02-28,2022-02-28,2022-03-31,calm,0.00939018898482801,0.00808767780869446,0,False,Research only; not investment advice.
k2_vol_corr_spread_erc,2022-02-28,2022-02-28,2022-03-31,calm,-0.001231882498281744,0.005659645874587265,0,False,Research only; not investment advice.
k2_vol_corr_spread_ew,2022-02-28,2022-02-28,2022-03-31,calm,0.00939018898482801,0.00808767780869446,0,False,Research only; not investment advice.
unconditional_erc,2022-02-28,2022-02-28,2022-03-31,all,-0.0064786514388538744,0.0036561059860650705,0,False,Research only; not investment advice.
unconditional_ew,2022-02-28,2022-02-28,2022-03-31,all,0.009426138060448667,0.009851209260928123,0,False,Research only; not investment advice.
always_calm,2022-02-28,2022-02-28,2022-03-31,calm,-0.001231882498281744,0.005659645874587265,0,False,Research only; not investment advice.
k2_vol_corr_erc,2022-03-31,2022-03-31,2022-04-30,calm,-0.054551099664823216,0.007504741929135262,0,True,Research only; not investment advice.
k2_vol_corr_ew,2022-03-31,2022-03-31,2022-04-30,calm,-0.0652673314740196,0.008198387029304022,0,True,Research only; not investment advice.
k2_vol_corr_spread_erc,2022-03-31,2022-03-31,2022-04-30,calm,-0.054551099664823216,0.007504741929135262,0,True,Research only; not investment advice.
k2_vol_corr_spread_ew,2022-03-31,2022-03-31,2022-04-30,calm,-0.0652673314740196,0.008198387029304022,0,True,Research only; not investment advice.
unconditional_erc,2022-03-31,2022-03-31,2022-04-30,all,-0.04370175193311887,0.005478905424423615,0,True,Research only; not investment advice.
unconditional_ew,2022-03-31,2022-03-31,2022-04-30,all,-0.06282203162546833,0.01075086667472324,0,True,Research only; not investment advice.
always_calm,2022-03-31,2022-03-31,2022-04-30,calm,-0.054551099664823216,0.007504741929135262,0,True,Research only; not investment advice.
k2_vol_corr_erc,2022-04-30,2022-04-30,2022-05-31,calm,0.003456152036491204,0.025358200816641422,0,False,Research only; not investment advice.
k2_vol_corr_ew,2022-04-30,2022-04-30,2022-05-31,calm,0.003810888067443975,0.011919432964186669,0,False,Research only; not investment advice.
k2_vol_corr_spread_erc,2022-04-30,2022-04-30,2022-05-31,calm,0.003456152036491204,0.025358200816641422,0,False,Research only; not investment advice.
k2_vol_corr_spread_ew,2022-04-30,2022-04-30,2022-05-31,calm,0.003810888067443975,0.011919432964186669,0,False,Research only; not investment advice.
unconditional_erc,2022-04-30,2022-04-30,2022-05-31,all,0.0005338064934743408,0.02505499110714636,0,False,Research only; not investment advice.
unconditional_ew,2022-04-30,2022-04-30,2022-05-31,all,-0.008013797592625143,0.0153656338157557,0,False,Research only; not investment advice.
always_calm,2022-04-30,2022-04-30,2022-05-31,calm,0.003456152036491204,0.025358200816641422,0,False,Research only; not investment advice.
k2_vol_corr_erc,2022-05-31,2022-05-31,2022-06-30,calm,-0.052735396854664184,0.018194502634255698,0,True,Research only; not investment advice.
k2_vol_corr_ew,2022-05-31,2022-05-31,2022-06-30,calm,-0.06750843901464355,0.00492785848030302,0,True,Research only; not investment advice.
k2_vol_corr_spread_erc,2022-05-31,2022-05-31,2022-06-30,calm,-0.052735396854664184,0.018194502634255698,0,True,Research only; not investment advice.
k2_vol_corr_spread_ew,2022-05-31,2022-05-31,2022-06-30,calm,-0.06750843901464355,0.00492785848030302,0,True,Research only; not investment advice.
unconditional_erc,2022-05-31,2022-05-31,2022-06-30,all,-0.04288596651808952,0.008315585030866959,0,True,Research only; not investment advice.
unconditional_ew,2022-05-31,2022-05-31,2022-06-30,all,-0.07423357916111989,0.01323442282307275,0,True,Research only; not investment advice.
always_calm,2022-05-31,2022-05-31,2022-06-30,calm,-0.052735396854664184,0.018194502634255698,0,True,Research only; not investment advice.
k2_vol_corr_erc,2022-06-30,2022-06-30,2022-07-31,stress,0.024299730810738412,0.9673521032602586,0,False,Research only; not investment advice.
k2_vol_corr_ew,2022-06-30,2022-06-30,2022-07-31,stress,0.02921537541763317,0.9510258612039814,0,False,Research only; not investment advice.
k2_vol_corr_spread_erc,2022-06-30,2022-06-30,2022-07-31,stress,0.024299730810738412,0.9673521032602586,0,False,Research only; not investment advice.
k2_vol_corr_spread_ew,2022-06-30,2022-06-30,2022-07-31,stress,0.02921537541763317,0.9510258612039814,0,False,Research only; not investment advice.
unconditional_erc,2022-06-30,2022-06-30,2022-07-31,all,0.04325316675213788,0.01700075171783131,0,False,Research only; not investment advice.
unconditional_ew,2022-06-30,2022-06-30,2022-07-31,all,0.07514753790553062,0.02073201973346353,0,False,Research only; not investment advice.
always_calm,2022-06-30,2022-06-30,2022-07-31,calm,0.05109653026626372,0.012607316851533204,0,False,Research only; not investment advice.
k2_vol_corr_erc,2022-07-31,2022-07-31,2022-08-31,stress,-0.022767488453961496,0.014770715008720112,0,True,Research only; not investment advice.
k2_vol_corr_ew,2022-07-31,2022-07-31,2022-08-31,stress,-0.025546815437873096,0.007226425068700221,0,True,Research only; not investment advice.
k2_vol_corr_spread_erc,2022-07-31,2022-07-31,2022-08-31,stress,-0.022767488453961496,0.014770715008720112,0,True,Research only; not investment advice.
k2_vol_corr_spread_ew,2022-07-31,2022-07-31,2022-08-31,stress,-0.025546815437873096,0.007226425068700221,0,True,Research only; not investment advice.
unconditional_erc,2022-07-31,2022-07-31,2022-08-31,all,-0.025440226348649564,0.016866304728968586,0,True,Research only; not investment advice.
unconditional_ew,2022-07-31,2022-07-31,2022-08-31,all,-0.03172309652576555,0.024123947462608937,0,True,Research only; not investment advice.
always_calm,2022-07-31,2022-07-31,2022-08-31,calm,-0.02640529701564015,0.01526267190728517,0,True,Research only; not investment advice.
k2_vol_corr_erc,2022-08-31,2022-08-31,2022-09-30,stress,-0.041378202346828166,0.007758169890626769,0,True,Research only; not investment advice.
k2_vol_corr_ew,2022-08-31,2022-08-31,2022-09-30,stress,-0.04979124487414121,0.002405109710167941,0,True,Research only; not investment advice.
k2_vol_corr_spread_erc,2022-08-31,2022-08-31,2022-09-30,stress,-0.041378202346828166,0.007758169890626769,0,True,Research only; not investment advice.
k2_vol_corr_spread_ew,2022-08-31,2022-08-31,2022-09-30,stress,-0.04979124487414121,0.002405109710167941,0,True,Research only; not investment advice.
unconditional_erc,2022-08-31,2022-08-31,2022-09-30,all,-0.05582221826814889,0.009293982097082558,0,True,Research only; not investment advice.
unconditional_ew,2022-08-31,2022-08-31,2022-09-30,all,-0.07432241591362747,0.006264288410551978,0,True,Research only; not investment advice.
always_calm,2022-08-31,2022-08-31,2022-09-30,calm,-0.06539140218552866,0.010640735129701737,0,True,Research only; not investment advice.
k2_vol_corr_erc,2022-09-30,2022-09-30,2022-10-31,stress,0.008048458732782569,0.015928316758008695,0,False,Research only; not investment advice.
k2_vol_corr_ew,2022-09-30,2022-09-30,2022-10-31,stress,0.02335637288177784,0.008785169518717717,0,False,Research only; not investment advice.
k2_vol_corr_spread_erc,2022-09-30,2022-09-30,2022-10-31,stress,0.008048458732782569,0.015928316758008695,0,False,Research only; not investment advice.
k2_vol_corr_spread_ew,2022-09-30,2022-09-30,2022-10-31,stress,0.02335637288177784,0.008785169518717717,0,False,Research only; not investment advice.
unconditional_erc,2022-09-30,2022-09-30,2022-10-31,all,0.027410970372784005,0.0681436789722264,0,False,Research only; not investment advice.
unconditional_ew,2022-09-30,2022-09-30,2022-10-31,all,0.05108214581809293,0.039245800862307424,0,False,Research only; not investment advice.
always_calm,2022-09-30,2022-09-30,2022-10-31,calm,0.041185606942288726,0.09045353179660341,0,False,Research only; not investment advice.
k2_vol_corr_erc,2022-10-31,2022-10-31,2022-11-30,stress,0.03212393509296132,0.013735414362251931,0,False,Research only; not investment advice.
k2_vol_corr_ew,2022-10-31,2022-10-31,2022-11-30,stress,0.04088800473506073,0.01506034139513003,0,False,Research only; not investment advice.
k2_vol_corr_spread_erc,2022-10-31,2022-10-31,2022-11-30,stress,0.03212393509296132,0.013735414362251931,0,False,Research only; not investment advice.
k2_vol_corr_spread_ew,2022-10-31,2022-10-31,2022-11-30,stress,0.04088800473506073,0.01506034139513003,0,False,Research only; not investment advice.
unconditional_erc,2022-10-31,2022-10-31,2022-11-30,all,0.04323991756320833,0.028127231398686583,0,False,Research only; not investment advice.
unconditional_ew,2022-10-31,2022-10-31,2022-11-30,all,0.04101582733340307,0.019189802729057952,0,False,Research only; not investment advice.
always_calm,2022-10-31,2022-10-31,2022-11-30,calm,0.05400415655168075,0.03588410844120527,0,False,Research only; not investment advice.
k2_vol_corr_erc,2022-11-30,2022-11-30,2022-12-31,stress,-0.009134301069467495,0.016155455462385983,0,True,Research only; not investment advice.
k2_vol_corr_ew,2022-11-30,2022-11-30,2022-12-31,stress,-0.013451418202730436,0.008580335000544767,0,True,Research only; not investment advice.
k2_vol_corr_spread_erc,2022-11-30,2022-11-30,2022-12-31,stress,-0.009134301069467495,0.016155455462385983,0,True,Research only; not investment advice.
k2_vol_corr_spread_ew,2022-11-30,2022-11-30,2022-12-31,stress,-0.013451418202730436,0.008580335000544767,0,True,Research only; not investment advice.
unconditional_erc,2022-11-30,2022-11-30,2022-12-31,all,-0.02051018954097608,0.022591046236265525,0,True,Research only; not investment advice.
unconditional_ew,2022-11-30,2022-11-30,2022-12-31,all,-0.038321724821221946,0.016279263875070726,0,True,Research only; not investment advice.
always_calm,2022-11-30,2022-11-30,2022-12-31,calm,-0.02618346720161081,0.026333541532038682,0,True,Research only; not investment advice.
k2_vol_corr_erc,2022-12-31,2022-12-31,2023-01-31,stress,0.02844388579871988,0.0016851600999142485,0,False,Research only; not investment advice.
k2_vol_corr_ew,2022-12-31,2022-12-31,2023-01-31,stress,0.03545849876705164,0.005327048592022918,0,False,Research only; not investment advice.
k2_vol_corr_spread_erc,2022-12-31,2022-12-31,2023-01-31,stress,0.02844388579871988,0.0016851600999142485,0,False,Research only; not investment advice.
k2_vol_corr_spread_ew,2022-12-31,2022-12-31,2023-01-31,stress,0.03545849876705164,0.005327048592022918,0,False,Research only; not investment advice.
unconditional_erc,2022-12-31,2022-12-31,2023-01-31,all,0.04796121296339782,0.007440557102972386,0,False,Research only; not investment advice.
unconditional_ew,2022-12-31,2022-12-31,2023-01-31,all,0.07616637615445725,0.01525707685085522,0,False,Research only; not investment advice.
always_calm,2022-12-31,2022-12-31,2023-01-31,calm,0.05543944867588147,0.0077870953456071965,0,False,Research only; not investment advice.
k2_vol_corr_erc,2023-01-31,2023-01-31,2023-02-28,stress,-0.020290935541658024,0.011321019863849736,0,True,Research only; not investment advice.
k2_vol_corr_ew,2023-01-31,2023-01-31,2023-02-28,stress,-0.02507023037033286,0.006164136210555754,0,True,Research only; not investment advice.
k2_vol_corr_spread_erc,2023-01-31,2023-01-31,2023-02-28,stress,-0.020290935541658024,0.011321019863849736,0,True,Research only; not investment advice.
k2_vol_corr_spread_ew,2023-01-31,2023-01-31,2023-02-28,stress,-0.02507023037033286,0.006164136210555754,0,True,Research only; not investment advice.
unconditional_erc,2023-01-31,2023-01-31,2023-02-28,all,-0.02271647641842764,0.014966042996255285,0,True,Research only; not investment advice.
unconditional_ew,2023-01-31,2023-01-31,2023-02-28,all,-0.024363709439444048,0.01996104117328868,0,True,Research only; not investment advice.
always_calm,2023-01-31,2023-01-31,2023-02-28,calm,-0.02449978061990089,0.014147022929016383,0,True,Research only; not investment advice.
k2_vol_corr_erc,2023-02-28,2023-02-28,2023-03-31,stress,0.023229690924813307,0.006256486824114914,0,False,Research only; not investment advice.
k2_vol_corr_ew,2023-02-28,2023-02-28,2023-03-31,stress,0.02346300957602983,0.004769090082306249,0,False,Research only; not investment advice.
k2_vol_corr_spread_erc,2023-02-28,2023-02-28,2023-03-31,stress,0.023229690924813307,0.006256486824114914,0,False,Research only; not investment advice.
k2_vol_corr_spread_ew,2023-02-28,2023-02-28,2023-03-31,stress,0.02346300957602983,0.004769090082306249,0,False,Research only; not investment advice.
unconditional_erc,2023-02-28,2023-02-28,2023-03-31,all,0.01681501145431121,0.012694745033221941,0,False,Research only; not investment advice.
unconditional_ew,2023-02-28,2023-02-28,2023-03-31,all,0.02016774531921054,0.005294853835714361,0,False,Research only; not investment advice.
always_calm,2023-02-28,2023-02-28,2023-03-31,calm,0.009396728341521148,0.014016607819580529,0,False,Research only; not investment advice.
k2_vol_corr_erc,2023-03-31,2023-03-31,2023-04-30,stress,0.004625889542781262,0.029795739818651502,0,False,Research only; not investment advice.
k2_vol_corr_ew,2023-03-31,2023-03-31,2023-04-30,stress,0.00564201051757119,0.0038349849259468743,0,False,Research only; not investment advice.
k2_vol_corr_spread_erc,2023-03-31,2023-03-31,2023-04-30,stress,0.004625889542781262,0.029795739818651502,0,False,Research only; not investment advice.
k2_vol_corr_spread_ew,2023-03-31,2023-03-31,2023-04-30,stress,0.00564201051757119,0.0038349849259468743,0,False,Research only; not investment advice.
unconditional_erc,2023-03-31,2023-03-31,2023-04-30,all,0.0024762795969671745,0.07859101703022149,0,False,Research only; not investment advice.
unconditional_ew,2023-03-31,2023-03-31,2023-04-30,all,0.002213439219196523,0.017204229262246896,0,False,Research only; not investment advice.
always_calm,2023-03-31,2023-03-31,2023-04-30,calm,0.0017041495108335585,0.051320138148299374,0,False,Research only; not investment advice.
k2_vol_corr_erc,2023-04-30,2023-04-30,2023-05-31,stress,-0.011388621765101237,0.008424283781354985,0,False,Research only; not investment advice.
k2_vol_corr_ew,2023-04-30,2023-04-30,2023-05-31,stress,-0.014572778322329031,0.0015082630692493243,0,False,Research only; not investment advice.
k2_vol_corr_spread_erc,2023-04-30,2023-04-30,2023-05-31,stress,-0.011388621765101237,0.008424283781354985,0,False,Research only; not investment advice.
k2_vol_corr_spread_ew,2023-04-30,2023-04-30,2023-05-31,stress,-0.014572778322329031,0.0015082630692493243,0,False,Research only; not investment advice.
unconditional_erc,2023-04-30,2023-04-30,2023-05-31,all,-0.011091908746196559,0.016778564817103176,0,False,Research only; not investment advice.
unconditional_ew,2023-04-30,2023-04-30,2023-05-31,all,-0.01496103264089022,0.005029605487727289,0,False,Research only; not investment advice.
always_calm,2023-04-30,2023-04-30,2023-05-31,calm,-0.010401704252836163,0.020788346487526106,0,False,Research only; not investment advice.
k2_vol_corr_erc,2023-05-31,2023-05-31,2023-06-30,stress,0.00807228995898541,0.006142397385102964,0,False,Research only; not investment advice.
k2_vol_corr_ew,2023-05-31,2023-05-31,2023-06-30,stress,0.016306920807935263,0.004065156657765245,0,False,Research only; not investment advice.
k2_vol_corr_spread_erc,2023-05-31,2023-05-31,2023-06-30,stress,0.00807228995898541,0.006142397385102964,0,False,Research only; not investment advice.
k2_vol_corr_spread_ew,2023-05-31,2023-05-31,2023-06-30,stress,0.016306920807935263,0.004065156657765245,0,False,Research only; not investment advice.
unconditional_erc,2023-05-31,2023-05-31,2023-06-30,all,0.02823731696527543,0.009785408368652217,0,False,Research only; not investment advice.
unconditional_ew,2023-05-31,2023-05-31,2023-06-30,all,0.051413461621096224,0.00817442571914443,0,False,Research only; not investment advice.
always_calm,2023-05-31,2023-05-31,2023-06-30,calm,0.037122779564492024,0.009690851145497954,0,False,Research only; not investment advice.
k2_vol_corr_erc,2023-06-30,2023-06-30,2023-07-31,stress,0.008488862966354777,0.009083350487113659,0,False,Research only; not investment advice.
k2_vol_corr_ew,2023-06-30,2023-06-30,2023-07-31,stress,0.014921393619313309,0.0090202686275319,0,False,Research only; not investment advice.
k2_vol_corr_spread_erc,2023-06-30,2023-06-30,2023-07-31,stress,0.008488862966354777,0.009083350487113659,0,False,Research only; not investment advice.
k2_vol_corr_spread_ew,2023-06-30,2023-06-30,2023-07-31,stress,0.014921393619313309,0.0090202686275319,0,False,Research only; not investment advice.
unconditional_erc,2023-06-30,2023-06-30,2023-07-31,all,0.019300927328239736,0.017792647644057365,0,False,Research only; not investment advice.
unconditional_ew,2023-06-30,2023-06-30,2023-07-31,all,0.02929399049887118,0.016880286037460772,0,False,Research only; not investment advice.
always_calm,2023-06-30,2023-06-30,2023-07-31,calm,0.024784925450285863,0.015072503151586794,0,False,Research only; not investment advice.
k2_vol_corr_erc,2023-07-31,2023-07-31,2023-08-31,stress,-0.007822371872264536,0.006151059712042425,0,True,Research only; not investment advice.
k2_vol_corr_ew,2023-07-31,2023-07-31,2023-08-31,stress,-0.011538773179523079,0.008300542028655614,0,True,Research only; not investment advice.
k2_vol_corr_spread_erc,2023-07-31,2023-07-31,2023-08-31,stress,-0.007822371872264536,0.006151059712042425,0,True,Research only; not investment advice.
k2_vol_corr_spread_ew,2023-07-31,2023-07-31,2023-08-31,stress,-0.011538773179523079,0.008300542028655614,0,True,Research only; not investment advice.
unconditional_erc,2023-07-31,2023-07-31,2023-08-31,all,-0.013745170761775642,0.012323638997412636,0,True,Research only; not investment advice.
unconditional_ew,2023-07-31,2023-07-31,2023-08-31,all,-0.020452184273341466,0.008099485375745348,0,True,Research only; not investment advice.
always_calm,2023-07-31,2023-07-31,2023-08-31,calm,-0.016854643150107408,0.013119690299208415,0,True,Research only; not investment advice.
k2_vol_corr_erc,2023-08-31,2023-08-31,2023-09-30,stress,-0.02135725134033762,0.0027758638992863224,0,True,Research only; not investment advice.
k2_vol_corr_ew,2023-08-31,2023-08-31,2023-09-30,stress,-0.025834679123805368,0.003719032123355323,0,True,Research only; not investment advice.
k2_vol_corr_spread_erc,2023-08-31,2023-08-31,2023-09-30,stress,-0.02135725134033762,0.0027758638992863224,0,True,Research only; not investment advice.
k2_vol_corr_spread_ew,2023-08-31,2023-08-31,2023-09-30,stress,-0.025834679123805368,0.003719032123355323,0,True,Research only; not investment advice.
unconditional_erc,2023-08-31,2023-08-31,2023-09-30,all,-0.02748402352339038,0.005943195563836096,0,True,Research only; not investment advice.
unconditional_ew,2023-08-31,2023-08-31,2023-09-30,all,-0.033993790762579586,0.007515830800008002,0,True,Research only; not investment advice.
always_calm,2023-08-31,2023-08-31,2023-09-30,calm,-0.030278659907194617,0.007214357013406133,0,True,Research only; not investment advice.
k2_vol_corr_erc,2023-09-30,2023-09-30,2023-10-31,stress,-0.009243202958520293,0.003495792455239219,0,False,Research only; not investment advice.
k2_vol_corr_ew,2023-09-30,2023-09-30,2023-10-31,stress,-0.011026794062203846,0.004291021257001135,0,False,Research only; not investment advice.
k2_vol_corr_spread_erc,2023-09-30,2023-09-30,2023-10-31,stress,-0.009243202958520293,0.003495792455239219,0,False,Research only; not investment advice.
k2_vol_corr_spread_ew,2023-09-30,2023-09-30,2023-10-31,stress,-0.011026794062203846,0.004291021257001135,0,False,Research only; not investment advice.
unconditional_erc,2023-09-30,2023-09-30,2023-10-31,all,-0.016444994812022634,0.01077148709430456,0,False,Research only; not investment advice.
unconditional_ew,2023-09-30,2023-09-30,2023-10-31,all,-0.013569667985624654,0.007533741501949853,0,False,Research only; not investment advice.
always_calm,2023-09-30,2023-09-30,2023-10-31,calm,-0.022621501471789277,0.0071680106999494845,0,False,Research only; not investment advice.
k2_vol_corr_erc,2023-10-31,2023-10-31,2023-11-30,stress,0.038988447994642544,0.0014991463884207953,0,False,Research only; not investment advice.
k2_vol_corr_ew,2023-10-31,2023-10-31,2023-11-30,stress,0.047811992123922994,0.004476534589460998,0,False,Research only; not investment advice.
k2_vol_corr_spread_erc,2023-10-31,2023-10-31,2023-11-30,stress,0.038988447994642544,0.0014991463884207953,0,False,Research only; not investment advice.
k2_vol_corr_spread_ew,2023-10-31,2023-10-31,2023-11-30,stress,0.047811992123922994,0.004476534589460998,0,False,Research only; not investment advice.
unconditional_erc,2023-10-31,2023-10-31,2023-11-30,all,0.05344689447595681,0.02492177291360702,0,False,Research only; not investment advice.
unconditional_ew,2023-10-31,2023-10-31,2023-11-30,all,0.07066719603929993,0.014982706742975974,0,False,Research only; not investment advice.
always_calm,2023-10-31,2023-10-31,2023-11-30,calm,0.060328676760191935,0.00536797183356927,0,False,Research only; not investment advice.
k2_vol_corr_erc,2023-11-30,2023-11-30,2023-12-31,stress,0.02611809558903988,0.019431064160318652,0,False,Research only; not investment advice.
k2_vol_corr_ew,2023-11-30,2023-11-30,2023-12-31,stress,0.029152803301785504,0.009239868580112554,0,False,Research only; not investment advice.
k2_vol_corr_spread_erc,2023-11-30,2023-11-30,2023-12-31,stress,0.02611809558903988,0.019431064160318652,0,False,Research only; not investment advice.
k2_vol_corr_spread_ew,2023-11-30,2023-11-30,2023-12-31,stress,0.029152803301785504,0.009239868580112554,0,False,Research only; not investment advice.
unconditional_erc,2023-11-30,2023-11-30,2023-12-31,all,0.04155586235852285,0.02890008972850463,0,False,Research only; not investment advice.
unconditional_ew,2023-11-30,2023-11-30,2023-12-31,all,0.05716720403936019,0.01124932222340468,0,False,Research only; not investment advice.
always_calm,2023-11-30,2023-11-30,2023-12-31,calm,0.047526983539933454,0.03128581978084462,0,False,Research only; not investment advice.
k2_vol_corr_erc,2023-12-31,2023-12-31,2024-01-31,stress,0.0003702287200371605,0.018184684050960014,0,False,Research only; not investment advice.
k2_vol_corr_ew,2023-12-31,2023-12-31,2024-01-31,stress,0.00020661051684520208,0.006429232530857462,0,False,Research only; not investment advice.
k2_vol_corr_spread_erc,2023-12-31,2023-12-31,2024-01-31,stress,0.0003702287200371605,0.018184684050960014,0,False,Research only; not investment advice.
k2_vol_corr_spread_ew,2023-12-31,2023-12-31,2024-01-31,stress,0.00020661051684520208,0.006429232530857462,0,False,Research only; not investment advice.
unconditional_erc,2023-12-31,2023-12-31,2024-01-31,all,-0.0039043905938052122,0.018608536096490248,0,False,Research only; not investment advice.
unconditional_ew,2023-12-31,2023-12-31,2024-01-31,all,-0.005637611737816087,0.014223176210170833,0,False,Research only; not investment advice.
always_calm,2023-12-31,2023-12-31,2024-01-31,calm,-0.006191254356552376,0.017230940479127096,0,False,Research only; not investment advice.
k2_vol_corr_erc,2024-01-31,2024-01-31,2024-02-29,stress,-0.00152215922098989,0.0010118032262617233,0,False,Research only; not investment advice.
k2_vol_corr_ew,2024-01-31,2024-01-31,2024-02-29,stress,0.0025710932030152634,0.0010678134491510505,0,False,Research only; not investment advice.
k2_vol_corr_spread_erc,2024-01-31,2024-01-31,2024-02-29,stress,-0.00152215922098989,0.0010118032262617233,0,False,Research only; not investment advice.
k2_vol_corr_spread_ew,2024-01-31,2024-01-31,2024-02-29,stress,0.0025710932030152634,0.0010678134491510505,0,False,Research only; not investment advice.
unconditional_erc,2024-01-31,2024-01-31,2024-02-29,all,0.016555263167606717,0.004361495222049002,0,False,Research only; not investment advice.
unconditional_ew,2024-01-31,2024-01-31,2024-02-29,all,0.04093355003529787,0.007711120588708088,0,False,Research only; not investment advice.
always_calm,2024-01-31,2024-01-31,2024-02-29,calm,0.021062301243051404,0.005589832539508491,0,False,Research only; not investment advice.
k2_vol_corr_erc,2024-02-29,2024-02-29,2024-03-31,stress,0.015655835492670425,0.004519570403836562,0,False,Research only; not investment advice.
k2_vol_corr_ew,2024-02-29,2024-02-29,2024-03-31,stress,0.02108017097941407,0.006120550198898983,0,False,Research only; not investment advice.
k2_vol_corr_spread_erc,2024-02-29,2024-02-29,2024-03-31,stress,0.015655835492670425,0.004519570403836562,0,False,Research only; not investment advice.
k2_vol_corr_spread_ew,2024-02-29,2024-02-29,2024-03-31,stress,0.02108017097941407,0.006120550198898983,0,False,Research only; not investment advice.
unconditional_erc,2024-02-29,2024-02-29,2024-03-31,all,0.01880494430496025,0.015010087909963495,0,False,Research only; not investment advice.
unconditional_ew,2024-02-29,2024-02-29,2024-03-31,all,0.025177233564149557,0.019389258757617732,0,False,Research only; not investment advice.
always_calm,2024-02-29,2024-02-29,2024-03-31,calm,0.02123099312368047,0.010446186396370774,0,False,Research only; not investment advice.
k2_vol_corr_erc,2024-03-31,2024-03-31,2024-04-30,stress,-0.017483232201887775,0.00959580592543343,0,True,Research only; not investment advice.
k2_vol_corr_ew,2024-03-31,2024-03-31,2024-04-30,stress,-0.020642778043625697,0.008780163700524035,0,True,Research only; not investment advice.
k2_vol_corr_spread_erc,2024-03-31,2024-03-31,2024-04-30,stress,-0.017483232201887775,0.00959580592543343,0,True,Research only; not investment advice.
k2_vol_corr_spread_ew,2024-03-31,2024-03-31,2024-04-30,stress,-0.020642778043625697,0.008780163700524035,0,True,Research only; not investment advice.
unconditional_erc,2024-03-31,2024-03-31,2024-04-30,all,-0.02455303122383203,0.007338701983646881,0,True,Research only; not investment advice.
unconditional_ew,2024-03-31,2024-03-31,2024-04-30,all,-0.037751183157295476,0.006393602954126831,0,True,Research only; not investment advice.
always_calm,2024-03-31,2024-03-31,2024-04-30,calm,-0.026560334228549337,0.005995649280993033,0,True,Research only; not investment advice.
k2_vol_corr_erc,2024-04-30,2024-04-30,2024-05-31,stress,0.016916603921045024,0.00619048475170763,0,False,Research only; not investment advice.
k2_vol_corr_ew,2024-04-30,2024-04-30,2024-05-31,stress,0.019378838474736548,0.004878686039544861,0,False,Research only; not investment advice.
k2_vol_corr_spread_erc,2024-04-30,2024-04-30,2024-05-31,stress,0.016916603921045024,0.00619048475170763,0,False,Research only; not investment advice.
k2_vol_corr_spread_ew,2024-04-30,2024-04-30,2024-05-31,stress,0.019378838474736548,0.004878686039544861,0,False,Research only; not investment advice.
unconditional_erc,2024-04-30,2024-04-30,2024-05-31,all,0.026758142510797035,0.008396253715019106,0,False,Research only; not investment advice.
unconditional_ew,2024-04-30,2024-04-30,2024-05-31,all,0.04527939921580144,0.011664477642328964,0,False,Research only; not investment advice.
always_calm,2024-04-30,2024-04-30,2024-05-31,calm,0.02710607687208644,0.007345263972952565,0,False,Research only; not investment advice.
k2_vol_corr_erc,2024-05-31,2024-05-31,2024-06-30,stress,0.004591660076351722,0.002829851797654069,0,False,Research only; not investment advice.
k2_vol_corr_ew,2024-05-31,2024-05-31,2024-06-30,stress,0.0029951817858689363,0.0038107315214995496,0,False,Research only; not investment advice.
k2_vol_corr_spread_erc,2024-05-31,2024-05-31,2024-06-30,stress,0.004591660076351722,0.002829851797654069,0,False,Research only; not investment advice.
k2_vol_corr_spread_ew,2024-05-31,2024-05-31,2024-06-30,stress,0.0029951817858689363,0.0038107315214995496,0,False,Research only; not investment advice.
unconditional_erc,2024-05-31,2024-05-31,2024-06-30,all,0.003913000535438587,0.023417030896760897,0,False,Research only; not investment advice.
unconditional_ew,2024-05-31,2024-05-31,2024-06-30,all,0.0008635488844485695,0.014724923050437388,0,False,Research only; not investment advice.
always_calm,2024-05-31,2024-05-31,2024-06-30,calm,0.004588020820716609,0.006596461660914618,0,False,Research only; not investment advice.
k2_vol_corr_erc,2024-06-30,2024-06-30,2024-07-31,stress,0.01684839947088095,0.0035665742550976542,0,False,Research only; not investment advice.
k2_vol_corr_ew,2024-06-30,2024-06-30,2024-07-31,stress,0.019407213215440415,0.004049036187466493,0,False,Research only; not investment advice.
k2_vol_corr_spread_erc,2024-06-30,2024-06-30,2024-07-31,stress,0.01684839947088095,0.0035665742550976542,0,False,Research only; not investment advice.
k2_vol_corr_spread_ew,2024-06-30,2024-06-30,2024-07-31,stress,0.019407213215440415,0.004049036187466493,0,False,Research only; not investment advice.
unconditional_erc,2024-06-30,2024-06-30,2024-07-31,all,0.025869951203336242,0.005396060495101398,0,False,Research only; not investment advice.
unconditional_ew,2024-06-30,2024-06-30,2024-07-31,all,0.03337259699047497,0.009042586812196569,0,False,Research only; not investment advice.
always_calm,2024-06-30,2024-06-30,2024-07-31,calm,0.03027442160456302,0.005675065317953068,0,False,Research only; not investment advice.
k2_vol_corr_erc,2024-07-31,2024-07-31,2024-08-31,stress,0.010886788566774814,0.0063133042939351736,0,False,Research only; not investment advice.
k2_vol_corr_ew,2024-07-31,2024-07-31,2024-08-31,stress,0.01229338625461477,0.005086160204927331,0,False,Research only; not investment advice.
k2_vol_corr_spread_erc,2024-07-31,2024-07-31,2024-08-31,stress,0.010886788566774814,0.0063133042939351736,0,False,Research only; not investment advice.
k2_vol_corr_spread_ew,2024-07-31,2024-07-31,2024-08-31,stress,0.01229338625461477,0.005086160204927331,0,False,Research only; not investment advice.
unconditional_erc,2024-07-31,2024-07-31,2024-08-31,all,0.011477745471517293,0.028263389505990767,0,False,Research only; not investment advice.
unconditional_ew,2024-07-31,2024-07-31,2024-08-31,all,0.006045708460746882,0.011788102600014498,0,False,Research only; not investment advice.
always_calm,2024-07-31,2024-07-31,2024-08-31,calm,0.013900263060732915,0.012816283009534565,0,False,Research only; not investment advice.
k2_vol_corr_erc,2024-08-31,2024-08-31,2024-09-30,stress,0.015434890557345033,0.002701739387625149,0,False,Research only; not investment advice.
k2_vol_corr_ew,2024-08-31,2024-08-31,2024-09-30,stress,0.016799784409338384,0.0025685300192234556,0,False,Research only; not investment advice.
k2_vol_corr_spread_erc,2024-08-31,2024-08-31,2024-09-30,stress,0.015434890557345033,0.002701739387625149,0,False,Research only; not investment advice.
k2_vol_corr_spread_ew,2024-08-31,2024-08-31,2024-09-30,stress,0.016799784409338384,0.0025685300192234556,0,False,Research only; not investment advice.
unconditional_erc,2024-08-31,2024-08-31,2024-09-30,all,0.016812357080153224,0.005538977026132059,0,False,Research only; not investment advice.
unconditional_ew,2024-08-31,2024-08-31,2024-09-30,all,0.019726002972080756,0.008928007040414519,0,False,Research only; not investment advice.
always_calm,2024-08-31,2024-08-31,2024-09-30,calm,0.01673985040203575,0.006336813668058586,0,False,Research only; not investment advice.
k2_vol_corr_erc,2024-09-30,2024-09-30,2024-10-31,stress,-0.013800059807659179,0.004444304453563502,0,False,Research only; not investment advice.
k2_vol_corr_ew,2024-09-30,2024-09-30,2024-10-31,stress,-0.013750061967315258,0.003220626443657712,0,False,Research only; not investment advice.
k2_vol_corr_spread_erc,2024-09-30,2024-09-30,2024-10-31,stress,-0.013800059807659179,0.004444304453563502,0,False,Research only; not investment advice.
k2_vol_corr_spread_ew,2024-09-30,2024-09-30,2024-10-31,stress,-0.013750061967315258,0.003220626443657712,0,False,Research only; not investment advice.
unconditional_erc,2024-09-30,2024-09-30,2024-10-31,all,-0.014038655890982701,0.0053473747270598865,0,False,Research only; not investment advice.
unconditional_ew,2024-09-30,2024-09-30,2024-10-31,all,-0.01401580705240875,0.004932799911120944,0,False,Research only; not investment advice.
always_calm,2024-09-30,2024-09-30,2024-10-31,calm,-0.01412089677656772,0.005101826484138532,0,False,Research only; not investment advice.
k2_vol_corr_erc,2024-10-31,2024-10-31,2024-11-30,stress,0.012776481476388456,0.0033138818814577517,0,False,Research only; not investment advice.
k2_vol_corr_ew,2024-10-31,2024-10-31,2024-11-30,stress,0.018211463753579567,0.0025396983558193115,0,False,Research only; not investment advice.
k2_vol_corr_spread_erc,2024-10-31,2024-10-31,2024-11-30,calm,0.03422781735962592,0.9656919579096176,0,False,Research only; not investment advice.
k2_vol_corr_spread_ew,2024-10-31,2024-10-31,2024-11-30,calm,0.047702205524217736,0.9523809523809522,0,False,Research only; not investment advice.
unconditional_erc,2024-10-31,2024-10-31,2024-11-30,all,0.029521520734792365,0.007799739689804483,0,False,Research only; not investment advice.
unconditional_ew,2024-10-31,2024-10-31,2024-11-30,all,0.05392911999786096,0.005685970585597982,0,False,Research only; not investment advice.
always_calm,2024-10-31,2024-10-31,2024-11-30,calm,0.03422781735962592,0.0059790949838364384,0,False,Research only; not investment advice.
k2_vol_corr_erc,2024-11-30,2024-11-30,2024-12-31,calm,-0.027294877748849478,0.9658552114147193,0,True,Research only; not investment advice.
k2_vol_corr_ew,2024-11-30,2024-11-30,2024-12-31,calm,-0.03889907705291788,0.9523809523809523,0,True,Research only; not investment advice.
k2_vol_corr_spread_erc,2024-11-30,2024-11-30,2024-12-31,calm,-0.027294877748849478,0.01872152948151822,0,True,Research only; not investment advice.
k2_vol_corr_spread_ew,2024-11-30,2024-11-30,2024-12-31,calm,-0.03889907705291788,0.01663034654034043,0,True,Research only; not investment advice.
unconditional_erc,2024-11-30,2024-11-30,2024-12-31,all,-0.023698724458871057,0.017646721279777372,0,True,Research only; not investment advice.
unconditional_ew,2024-11-30,2024-11-30,2024-12-31,all,-0.03500470529412381,0.02322115338735687,0,True,Research only; not investment advice.
always_calm,2024-11-30,2024-11-30,2024-12-31,calm,-0.027294877748849478,0.01872152948151822,0,True,Research only; not investment advice.
k2_vol_corr_erc,2024-12-31,2024-12-31,2025-01-31,stress,0.014263143293776852,0.9672847317466466,0,False,Research only; not investment advice.
k2_vol_corr_ew,2024-12-31,2024-12-31,2025-01-31,stress,0.01832215238818003,0.9538237169548396,0,False,Research only; not investment advice.
k2_vol_corr_spread_erc,2024-12-31,2024-12-31,2025-01-31,stress,0.014263143293776852,0.9672847317466466,0,False,Research only; not investment advice.
k2_vol_corr_spread_ew,2024-12-31,2024-12-31,2025-01-31,stress,0.01832215238818003,0.9538237169548396,0,False,Research only; not investment advice.
unconditional_erc,2024-12-31,2024-12-31,2025-01-31,all,0.01718113041860715,0.006677199617575009,0,False,Research only; not investment advice.
unconditional_ew,2024-12-31,2024-12-31,2025-01-31,all,0.022754383986453606,0.01283328016312811,0,False,Research only; not investment advice.
always_calm,2024-12-31,2024-12-31,2025-01-31,calm,0.018656888754003943,0.0086824355672959,0,False,Research only; not investment advice.
k2_vol_corr_erc,2025-01-31,2025-01-31,2025-02-28,stress,0.012164987588443461,0.010862078092465775,0,False,Research only; not investment advice.
k2_vol_corr_ew,2025-01-31,2025-01-31,2025-02-28,stress,0.010598713566399036,0.007316852494756193,0,False,Research only; not investment advice.
k2_vol_corr_spread_erc,2025-01-31,2025-01-31,2025-02-28,stress,0.012164987588443461,0.010862078092465775,0,False,Research only; not investment advice.
k2_vol_corr_spread_ew,2025-01-31,2025-01-31,2025-02-28,stress,0.010598713566399036,0.007316852494756193,0,False,Research only; not investment advice.
unconditional_erc,2025-01-31,2025-01-31,2025-02-28,all,0.0005919574568873806,0.010080085565696652,0,False,Research only; not investment advice.
unconditional_ew,2025-01-31,2025-01-31,2025-02-28,all,-0.012823898899333497,0.00625109212266492,0,False,Research only; not investment advice.
always_calm,2025-01-31,2025-01-31,2025-02-28,calm,-0.00278198872029126,0.007774165294195733,0,False,Research only; not investment advice.
k2_vol_corr_erc,2025-02-28,2025-02-28,2025-03-31,stress,-0.0026764873217947414,0.007128944763895563,0,True,Research only; not investment advice.
k2_vol_corr_ew,2025-02-28,2025-02-28,2025-03-31,stress,-0.006468460795713287,0.003906561371348247,0,True,Research only; not investment advice.
k2_vol_corr_spread_erc,2025-02-28,2025-02-28,2025-03-31,stress,-0.0026764873217947414,0.007128944763895563,0,True,Research only; not investment advice.
k2_vol_corr_spread_ew,2025-02-28,2025-02-28,2025-03-31,stress,-0.006468460795713287,0.003906561371348247,0,True,Research only; not investment advice.
unconditional_erc,2025-02-28,2025-02-28,2025-03-31,all,-0.014327866952085632,0.007929985113444149,0,True,Research only; not investment advice.
unconditional_ew,2025-02-28,2025-02-28,2025-03-31,all,-0.025554872603698327,0.014701671995339559,0,True,Research only; not investment advice.
always_calm,2025-02-28,2025-02-28,2025-03-31,calm,-0.01988806428482286,0.0062935374865009195,0,True,Research only; not investment advice.
k2_vol_corr_erc,2025-03-31,2025-03-31,2025-04-30,stress,-0.001396117690964246,0.005248037601989511,0,False,Research only; not investment advice.
k2_vol_corr_ew,2025-03-31,2025-03-31,2025-04-30,stress,-0.005745758238210951,0.006617218688207735,0,False,Research only; not investment advice.
k2_vol_corr_spread_erc,2025-03-31,2025-03-31,2025-04-30,stress,-0.001396117690964246,0.005248037601989511,0,False,Research only; not investment advice.
k2_vol_corr_spread_ew,2025-03-31,2025-03-31,2025-04-30,stress,-0.005745758238210951,0.006617218688207735,0,False,Research only; not investment advice.
unconditional_erc,2025-03-31,2025-03-31,2025-04-30,all,-0.0005272598600017152,0.005900298924963419,0,False,Research only; not investment advice.
unconditional_ew,2025-03-31,2025-03-31,2025-04-30,all,-0.0005881259888508532,0.01206484028998216,0,False,Research only; not investment advice.
always_calm,2025-03-31,2025-03-31,2025-04-30,calm,-0.0026547059665373426,0.007148468578166915,0,False,Research only; not investment advice.
k2_vol_corr_erc,2025-04-30,2025-04-30,2025-05-31,calm,0.029308446947156598,0.9676159188190204,0,False,Research only; not investment advice.
k2_vol_corr_ew,2025-04-30,2025-04-30,2025-05-31,calm,0.04010827888657961,0.9523809523809523,0,False,Research only; not investment advice.
k2_vol_corr_spread_erc,2025-04-30,2025-04-30,2025-05-31,calm,0.029308446947156598,0.9676159188190204,0,False,Research only; not investment advice.
k2_vol_corr_spread_ew,2025-04-30,2025-04-30,2025-05-31,calm,0.04010827888657961,0.9523809523809523,0,False,Research only; not investment advice.
unconditional_erc,2025-04-30,2025-04-30,2025-05-31,all,0.02191912091408773,0.012475151618134723,0,False,Research only; not investment advice.
unconditional_ew,2025-04-30,2025-04-30,2025-05-31,all,0.03744536299226747,0.00899700458752832,0,False,Research only; not investment advice.
always_calm,2025-04-30,2025-04-30,2025-05-31,calm,0.029308446947156598,0.013290179616996262,0,False,Research only; not investment advice.
k2_vol_corr_erc,2025-05-31,2025-05-31,2025-06-30,calm,0.028483184588234716,0.015319858168876453,0,False,Research only; not investment advice.
k2_vol_corr_ew,2025-05-31,2025-05-31,2025-06-30,calm,0.03578925167780161,0.009183933325448857,0,False,Research only; not investment advice.
k2_vol_corr_spread_erc,2025-05-31,2025-05-31,2025-06-30,calm,0.028483184588234716,0.015319858168876453,0,False,Research only; not investment advice.
k2_vol_corr_spread_ew,2025-05-31,2025-05-31,2025-06-30,calm,0.03578925167780161,0.009183933325448857,0,False,Research only; not investment advice.
unconditional_erc,2025-05-31,2025-05-31,2025-06-30,all,0.02449593774533899,0.01636868222279498,0,False,Research only; not investment advice.
unconditional_ew,2025-05-31,2025-05-31,2025-06-30,all,0.03198029119736977,0.012086652071715113,0,False,Research only; not investment advice.
always_calm,2025-05-31,2025-05-31,2025-06-30,calm,0.028483184588234716,0.015319858168876453,0,False,Research only; not investment advice.
k2_vol_corr_erc,2025-06-30,2025-06-30,2025-07-31,calm,0.0056476965022594396,0.02026307106896447,0,False,Research only; not investment advice.
k2_vol_corr_ew,2025-06-30,2025-06-30,2025-07-31,calm,0.007693509063693741,0.006603149669516566,0,False,Research only; not investment advice.
k2_vol_corr_spread_erc,2025-06-30,2025-06-30,2025-07-31,calm,0.0056476965022594396,0.02026307106896447,0,False,Research only; not investment advice.
k2_vol_corr_spread_ew,2025-06-30,2025-06-30,2025-07-31,calm,0.007693509063693741,0.006603149669516566,0,False,Research only; not investment advice.
unconditional_erc,2025-06-30,2025-06-30,2025-07-31,all,0.004622183587859679,0.01684120207100003,0,False,Research only; not investment advice.
unconditional_ew,2025-06-30,2025-06-30,2025-07-31,all,0.010322657543180166,0.006965108056161545,0,False,Research only; not investment advice.
always_calm,2025-06-30,2025-06-30,2025-07-31,calm,0.0056476965022594396,0.02026307106896447,0,False,Research only; not investment advice.
k2_vol_corr_erc,2025-07-31,2025-07-31,2025-08-31,calm,0.022714317883684994,0.012624152798362535,0,False,Research only; not investment advice.
k2_vol_corr_ew,2025-07-31,2025-07-31,2025-08-31,calm,0.030497856246217925,0.003949778680206753,0,False,Research only; not investment advice.
k2_vol_corr_spread_erc,2025-07-31,2025-07-31,2025-08-31,calm,0.022714317883684994,0.012624152798362535,0,False,Research only; not investment advice.
k2_vol_corr_spread_ew,2025-07-31,2025-07-31,2025-08-31,calm,0.030497856246217925,0.003949778680206753,0,False,Research only; not investment advice.
unconditional_erc,2025-07-31,2025-07-31,2025-08-31,all,0.02043722939376341,0.012200069817652964,0,False,Research only; not investment advice.
unconditional_ew,2025-07-31,2025-07-31,2025-08-31,all,0.02787910798130618,0.006251566888777642,0,False,Research only; not investment advice.
always_calm,2025-07-31,2025-07-31,2025-08-31,calm,0.022714317883684994,0.012624152798362535,0,False,Research only; not investment advice.
k2_vol_corr_erc,2025-08-31,2025-08-31,2025-09-30,calm,0.016445797132062852,0.014613760676840877,0,False,Research only; not investment advice.
k2_vol_corr_ew,2025-08-31,2025-08-31,2025-09-30,calm,0.020332700710173558,0.00794420654301133,0,False,Research only; not investment advice.
k2_vol_corr_spread_erc,2025-08-31,2025-08-31,2025-09-30,calm,0.016445797132062852,0.014613760676840877,0,False,Research only; not investment advice.
k2_vol_corr_spread_ew,2025-08-31,2025-08-31,2025-09-30,calm,0.020332700710173558,0.00794420654301133,0,False,Research only; not investment advice.
unconditional_erc,2025-08-31,2025-08-31,2025-09-30,all,0.01563882866870622,0.012883802783320948,0,False,Research only; not investment advice.
unconditional_ew,2025-08-31,2025-08-31,2025-09-30,all,0.019296039136120224,0.007327123427880965,0,False,Research only; not investment advice.
always_calm,2025-08-31,2025-08-31,2025-09-30,calm,0.016445797132062852,0.014613760676840877,0,False,Research only; not investment advice.
k2_vol_corr_erc,2025-09-30,2025-09-30,2025-10-31,calm,0.006873057651577534,0.03611451553651126,0,False,Research only; not investment advice.
k2_vol_corr_ew,2025-09-30,2025-09-30,2025-10-31,calm,0.007725161218920003,0.0057575781476979435,0,False,Research only; not investment advice.
k2_vol_corr_spread_erc,2025-09-30,2025-09-30,2025-10-31,calm,0.006873057651577534,0.03611451553651126,0,False,Research only; not investment advice.
k2_vol_corr_spread_ew,2025-09-30,2025-09-30,2025-10-31,calm,0.007725161218920003,0.0057575781476979435,0,False,Research only; not investment advice.
unconditional_erc,2025-09-30,2025-09-30,2025-10-31,all,0.006219906346775799,0.02383314970176264,0,False,Research only; not investment advice.
unconditional_ew,2025-09-30,2025-09-30,2025-10-31,all,0.005483572628036295,0.005682527955235755,0,False,Research only; not investment advice.
always_calm,2025-09-30,2025-09-30,2025-10-31,calm,0.006873057651577534,0.03611451553651126,0,False,Research only; not investment advice.
k2_vol_corr_erc,2025-10-31,2025-10-31,2025-11-30,calm,0.007976023277978252,0.019770439696765736,0,False,Research only; not investment advice.
k2_vol_corr_ew,2025-10-31,2025-10-31,2025-11-30,calm,0.008630999995469707,0.005740262509734674,0,False,Research only; not investment advice.
k2_vol_corr_spread_erc,2025-10-31,2025-10-31,2025-11-30,calm,0.007976023277978252,0.019770439696765736,0,False,Research only; not investment advice.
k2_vol_corr_spread_ew,2025-10-31,2025-10-31,2025-11-30,calm,0.008630999995469707,0.005740262509734674,0,False,Research only; not investment advice.
unconditional_erc,2025-10-31,2025-10-31,2025-11-30,all,0.005539622376327172,0.014139612572031205,0,False,Research only; not investment advice.
unconditional_ew,2025-10-31,2025-10-31,2025-11-30,all,0.0008248469842308645,0.005929093740733658,0,False,Research only; not investment advice.
always_calm,2025-10-31,2025-10-31,2025-11-30,calm,0.007976023277978252,0.019770439696765736,0,False,Research only; not investment advice.
k2_vol_corr_erc,2025-11-30,2025-11-30,2025-12-31,calm,0.003290477326653618,0.017000894443955118,0,False,Research only; not investment advice.
k2_vol_corr_ew,2025-11-30,2025-11-30,2025-12-31,calm,0.002429140968888064,0.004168296110146675,0,False,Research only; not investment advice.
k2_vol_corr_spread_erc,2025-11-30,2025-11-30,2025-12-31,calm,0.003290477326653618,0.017000894443955118,0,False,Research only; not investment advice.
k2_vol_corr_spread_ew,2025-11-30,2025-11-30,2025-12-31,calm,0.002429140968888064,0.004168296110146675,0,False,Research only; not investment advice.
unconditional_erc,2025-11-30,2025-11-30,2025-12-31,all,0.00216054492679777,0.012648442519241741,0,False,Research only; not investment advice.
unconditional_ew,2025-11-30,2025-11-30,2025-12-31,all,0.0012933126135284058,0.0087576548287617,0,False,Research only; not investment advice.
always_calm,2025-11-30,2025-11-30,2025-12-31,calm,0.003290477326653618,0.017000894443955118,0,False,Research only; not investment advice.
k2_vol_corr_erc,2025-12-31,2025-12-31,2026-01-31,calm,0.01820144784971236,0.012011993036178647,0,False,Research only; not investment advice.
k2_vol_corr_ew,2025-12-31,2025-12-31,2026-01-31,calm,0.02862587832253134,0.0034508675142382594,0,False,Research only; not investment advice.
k2_vol_corr_spread_erc,2025-12-31,2025-12-31,2026-01-31,calm,0.01820144784971236,0.012011993036178647,0,False,Research only; not investment advice.
k2_vol_corr_spread_ew,2025-12-31,2025-12-31,2026-01-31,calm,0.02862587832253134,0.0034508675142382594,0,False,Research only; not investment advice.
unconditional_erc,2025-12-31,2025-12-31,2026-01-31,all,0.01611137759032951,0.009098353261717436,0,False,Research only; not investment advice.
unconditional_ew,2025-12-31,2025-12-31,2026-01-31,all,0.0223215660503353,0.0038395183296211187,0,False,Research only; not investment advice.
always_calm,2025-12-31,2025-12-31,2026-01-31,calm,0.01820144784971236,0.012011993036178647,0,False,Research only; not investment advice.
k2_vol_corr_erc,2026-01-31,2026-01-31,2026-02-28,calm,0.009875159641749344,0.03703355794488647,0,False,Research only; not investment advice.
k2_vol_corr_ew,2026-01-31,2026-01-31,2026-02-28,calm,0.018141918667998202,0.00894418517173965,0,False,Research only; not investment advice.
k2_vol_corr_spread_erc,2026-01-31,2026-01-31,2026-02-28,calm,0.009875159641749344,0.03703355794488647,0,False,Research only; not investment advice.
k2_vol_corr_spread_ew,2026-01-31,2026-01-31,2026-02-28,calm,0.018141918667998202,0.00894418517173965,0,False,Research only; not investment advice.
unconditional_erc,2026-01-31,2026-01-31,2026-02-28,all,0.011096286500311784,0.01968485073858116,0,False,Research only; not investment advice.
unconditional_ew,2026-01-31,2026-01-31,2026-02-28,all,0.008361817015142473,0.01060086098517005,0,False,Research only; not investment advice.
always_calm,2026-01-31,2026-01-31,2026-02-28,calm,0.009875159641749344,0.03703355794488647,0,False,Research only; not investment advice.
k2_vol_corr_erc,2026-02-28,2026-02-28,2026-03-31,calm,-0.028454817613875753,0.009472136041137353,0,True,Research only; not investment advice.
k2_vol_corr_ew,2026-02-28,2026-02-28,2026-03-31,calm,-0.044274205910550486,0.0073306656340319,0,True,Research only; not investment advice.
k2_vol_corr_spread_erc,2026-02-28,2026-02-28,2026-03-31,calm,-0.028454817613875753,0.009472136041137353,0,True,Research only; not investment advice.
k2_vol_corr_spread_ew,2026-02-28,2026-02-28,2026-03-31,calm,-0.044274205910550486,0.0073306656340319,0,True,Research only; not investment advice.
unconditional_erc,2026-02-28,2026-02-28,2026-03-31,all,-0.025514169509617338,0.017913233847063913,0,True,Research only; not investment advice.
unconditional_ew,2026-02-28,2026-02-28,2026-03-31,all,-0.03523019286608405,0.012174490530905566,0,True,Research only; not investment advice.
always_calm,2026-02-28,2026-02-28,2026-03-31,calm,-0.028454817613875753,0.009472136041137353,0,True,Research only; not investment advice.
k2_vol_corr_erc,2026-03-31,2026-03-31,2026-04-30,calm,0.04419839938862254,0.017491273897304867,0,False,Research only; not investment advice.
k2_vol_corr_ew,2026-03-31,2026-03-31,2026-04-30,calm,0.06928950965997858,0.009961266547282126,0,False,Research only; not investment advice.
k2_vol_corr_spread_erc,2026-03-31,2026-03-31,2026-04-30,calm,0.04419839938862254,0.017491273897304867,0,False,Research only; not investment advice.
k2_vol_corr_spread_ew,2026-03-31,2026-03-31,2026-04-30,calm,0.06928950965997858,0.009961266547282126,0,False,Research only; not investment advice.
unconditional_erc,2026-03-31,2026-03-31,2026-04-30,all,0.03730234426202546,0.02434557509005192,0,False,Research only; not investment advice.
unconditional_ew,2026-03-31,2026-03-31,2026-04-30,all,0.06089523441110528,0.012499179998074518,0,False,Research only; not investment advice.
always_calm,2026-03-31,2026-03-31,2026-04-30,calm,0.04419839938862254,0.017491273897304867,0,False,Research only; not investment advice.
k2_vol_corr_erc,2026-04-30,2026-04-30,2026-05-31,calm,0.017905463433971428,0.0282335274516407,0,False,Research only; not investment advice.
k2_vol_corr_ew,2026-04-30,2026-04-30,2026-05-31,calm,0.029021518284369045,0.015834795506600323,0,False,Research only; not investment advice.
k2_vol_corr_spread_erc,2026-04-30,2026-04-30,2026-05-31,calm,0.017905463433971428,0.0282335274516407,0,False,Research only; not investment advice.
k2_vol_corr_spread_ew,2026-04-30,2026-04-30,2026-05-31,calm,0.029021518284369045,0.015834795506600323,0,False,Research only; not investment advice.
unconditional_erc,2026-04-30,2026-04-30,2026-05-31,all,0.013559629250226192,0.03109560194755713,0,False,Research only; not investment advice.
unconditional_ew,2026-04-30,2026-04-30,2026-05-31,all,0.020818611965557537,0.01742833660924413,0,False,Research only; not investment advice.
always_calm,2026-04-30,2026-04-30,2026-05-31,calm,0.017905463433971428,0.0282335274516407,0,False,Research only; not investment advice.
k2_vol_corr_erc,2026-05-31,2026-05-31,2026-06-30,calm,0.008684100429484266,0.015740350030219213,0,False,Research only; not investment advice.
k2_vol_corr_ew,2026-05-31,2026-05-31,2026-06-30,calm,0.016717332972959405,0.009204053051655819,0,False,Research only; not investment advice.
k2_vol_corr_spread_erc,2026-05-31,2026-05-31,2026-06-30,calm,0.008684100429484266,0.015740350030219213,0,False,Research only; not investment advice.
k2_vol_corr_spread_ew,2026-05-31,2026-05-31,2026-06-30,calm,0.016717332972959405,0.009204053051655819,0,False,Research only; not investment advice.
unconditional_erc,2026-05-31,2026-05-31,2026-06-30,all,0.002567957984513687,0.013238843085476295,0,False,Research only; not investment advice.
unconditional_ew,2026-05-31,2026-05-31,2026-06-30,all,0.004196214057202351,0.010371997736661458,0,False,Research only; not investment advice.
always_calm,2026-05-31,2026-05-31,2026-06-30,calm,0.008684100429484266,0.015740350030219213,0,False,Research only; not investment advice.
k2_vol_corr_erc,2026-06-30,2026-06-30,2026-07-31,calm,-0.004381049772657854,0.013684600082398864,0,False,Research only; not investment advice.
k2_vol_corr_ew,2026-06-30,2026-06-30,2026-07-31,calm,-0.011232328193335911,0.009042699610425742,0,False,Research only; not investment advice.
k2_vol_corr_spread_erc,2026-06-30,2026-06-30,2026-07-31,calm,-0.004381049772657854,0.013684600082398864,0,False,Research only; not investment advice.
k2_vol_corr_spread_ew,2026-06-30,2026-06-30,2026-07-31,calm,-0.011232328193335911,0.009042699610425742,0,False,Research only; not investment advice.
unconditional_erc,2026-06-30,2026-06-30,2026-07-31,all,-0.004390977271989879,0.010206337689292577,0,False,Research only; not investment advice.
unconditional_ew,2026-06-30,2026-06-30,2026-07-31,all,-0.0052575570328745784,0.011059534572443679,0,False,Research only; not investment advice.
always_calm,2026-06-30,2026-06-30,2026-07-31,calm,-0.004381049772657854,0.013684600082398864,0,False,Research only; not investment advice.
k2_vol_corr_erc,2026-07-31,2026-07-31,2026-08-31,calm,0.011167755672908211,0.005927357527862229,0,False,Research only; not investment advice.
k2_vol_corr_ew,2026-07-31,2026-07-31,2026-08-31,calm,0.013961907979910981,0.010582978011519657,0,False,Research only; not investment advice.
k2_vol_corr_spread_erc,2026-07-31,2026-07-31,2026-08-31,calm,0.011167755672908211,0.005927357527862229,0,False,Research only; not investment advice.
k2_vol_corr_spread_ew,2026-07-31,2026-07-31,2026-08-31,calm,0.013961907979910981,0.010582978011519657,0,False,Research only; not investment advice.
unconditional_erc,2026-07-31,2026-07-31,2026-08-31,all,0.014684900546296422,0.006907374789556769,0,False,Research only; not investment advice.
unconditional_ew,2026-07-31,2026-07-31,2026-08-31,all,0.024103877234448196,0.01034194360437422,0,False,Research only; not investment advice.
always_calm,2026-07-31,2026-07-31,2026-08-31,calm,0.011167755672908211,0.005927357527862229,0,False,Research only; not investment advice.
