decision_date,feature_end,date,label_start,n_names,n_sleeves,include_thin,n_thin,n_signal_modes,pct_var_signal,noise_penalty,signal_risk_fraction,eigen_risk_contributions,mp_upper_edge,configuration_id
1998-01-30,1998-01-30,1998-02-27,1998-01-31,1,1,False,0,1,1.0,0.0,1.0,[1.0],1.2748655564138276,0
1998-02-27,1998-02-27,1998-03-31,1998-02-28,1,1,False,0,1,1.0,0.0,1.0,[1.0],1.2748655564138276,0
1998-03-31,1998-03-31,1998-04-30,1998-04-01,1,1,False,0,1,1.0,0.0,1.0,[1.0],1.2748655564138276,0
1998-04-30,1998-04-30,1998-05-29,1998-05-01,1,1,False,0,1,1.0,0.0,1.0,[1.0],1.2748655564138276,0
1998-05-29,1998-05-29,1998-06-30,1998-05-30,1,1,False,0,1,1.0,0.0,1.0,[1.0],1.2748655564138276,0
1998-06-30,1998-06-30,1998-07-31,1998-07-01,1,1,False,0,1,1.0,0.0,1.0,[1.0],1.2748655564138276,0
1998-07-31,1998-07-31,1998-08-31,1998-08-01,1,1,False,0,1,1.0,0.0,1.0,[1.0],1.2748655564138276,0
1998-08-31,1998-08-31,1998-09-30,1998-09-01,1,1,False,0,1,1.0,0.0,1.0,[1.0],1.2748655564138276,0
1998-09-30,1998-09-30,1998-10-30,1998-10-01,1,1,False,0,1,1.0,0.0,1.0,[1.0],1.2748655564138276,0
1998-10-30,1998-10-30,1998-11-30,1998-10-31,1,1,False,0,1,1.0,0.0,1.0,[1.0],1.2748655564138276,0
1998-11-30,1998-11-30,1998-12-31,1998-12-01,1,1,False,0,1,1.0,0.0,1.0,[1.0],1.2748655564138276,0
1998-12-31,1998-12-31,1999-01-29,1999-01-01,1,1,False,0,1,1.0,0.0,1.0,[1.0],1.2748655564138276,0
1999-01-29,1999-01-29,1999-02-26,1999-01-30,1,1,False,0,1,1.0,0.0,1.0,[1.0],1.2748655564138276,0
1999-02-26,1999-02-26,1999-03-31,1999-02-27,1,1,False,0,1,1.0,0.0,1.0,[1.0],1.2748655564138276,0
1999-03-31,1999-03-31,1999-04-30,1999-04-01,1,1,False,0,1,1.0,0.0,1.0,[1.0],1.2748655564138276,0
1999-04-30,1999-04-30,1999-05-28,1999-05-01,1,1,False,0,1,1.0,0.0,1.0,[1.0],1.2748655564138276,0
1999-05-28,1999-05-28,1999-06-30,1999-05-29,1,1,False,0,1,1.0,0.0,1.0,[1.0],1.2748655564138276,0
1999-06-30,1999-06-30,1999-07-30,1999-07-01,1,1,False,0,1,1.0,0.0,1.0,[1.0],1.2748655564138276,0
1999-07-30,1999-07-30,1999-08-31,1999-07-31,1,1,False,0,1,1.0,0.0,1.0,[1.0],1.2748655564138276,0
1999-08-31,1999-08-31,1999-09-30,1999-09-01,1,1,False,0,1,1.0,0.0,1.0,[1.0],1.2748655564138276,0
1999-09-30,1999-09-30,1999-10-29,1999-10-01,1,1,False,0,1,1.0,0.0,1.0,[1.0],1.2748655564138276,0
1999-10-29,1999-10-29,1999-11-30,1999-10-30,1,1,False,0,1,1.0,0.0,1.0,[1.0],1.2748655564138276,0
1999-11-30,1999-11-30,1999-12-31,1999-12-01,1,1,False,0,1,1.0,0.0,1.0,[1.0],1.2748655564138276,0
1999-12-31,1999-12-31,2000-01-31,2000-01-01,1,1,False,0,1,1.0,0.0,1.0,[1.0],1.2748655564138276,0
2000-01-31,2000-01-31,2000-02-29,2000-02-01,1,1,False,0,1,1.0,0.0,1.0,[1.0],1.2748655564138276,0
2000-02-29,2000-02-29,2000-03-31,2000-03-01,1,1,False,0,1,1.0,0.0,1.0,[1.0],1.2748655564138276,0
2000-03-31,2000-03-31,2000-04-28,2000-04-01,1,1,False,0,1,1.0,0.0,1.0,[1.0],1.2748655564138276,0
2000-04-28,2000-04-28,2000-05-31,2000-04-29,1,1,False,0,1,1.0,0.0,1.0,[1.0],1.2748655564138276,0
2000-05-31,2000-05-31,2000-06-30,2000-06-01,2,2,False,0,1,0.9189477389942722,7.415562800668876e-37,1.0,"[5.946641966922962e-35, 1.0]",1.3984817050034442,0
2000-06-30,2000-06-30,2000-07-31,2000-07-01,2,2,False,0,1,0.9198959456067621,6.707080837800338e-38,1.0,"[5.323060660572693e-36, 1.0]",1.3984817050034442,0
2000-07-31,2000-07-31,2000-08-31,2000-08-01,2,2,False,0,1,0.9179888204622805,2.786206769422328e-36,1.0,"[2.2643626792211092e-34, 1.0]",1.3984817050034442,0
2000-08-31,2000-08-31,2000-09-29,2000-09-01,2,2,False,0,1,0.9195648230178481,9.035892685830441e-37,1.0,"[6.952858111509596e-35, 1.0]",1.3984817050034442,0
2000-09-29,2000-09-29,2000-10-31,2000-09-30,2,2,False,0,1,0.9171795304430618,2.399387552541009e-36,1.0,"[1.8585029050957713e-34, 1.0]",1.3984817050034442,0
2000-10-31,2000-10-31,2000-11-30,2000-11-01,2,2,False,0,1,0.9172893095345735,6.622033043317025e-36,1.0,"[5.118142138356382e-34, 1.0]",1.3984817050034442,0
2000-11-30,2000-11-30,2000-12-29,2000-12-01,2,2,False,0,1,0.9209329853127552,9.345146399811014e-36,1.0,"[6.5237918970838694e-34, 1.0]",1.3984817050034442,0
2000-12-29,2000-12-29,2001-01-31,2000-12-30,2,2,False,0,1,0.9129359823603314,1.6475253614291773e-36,1.0,"[1.265732246401255e-34, 1.0]",1.3984817050034442,0
2001-01-31,2001-01-31,2001-02-28,2001-02-01,2,2,False,0,1,0.9129459813661273,1.0768607205687073e-36,1.0,"[8.254285735112946e-35, 1.0]",1.3984817050034442,0
2001-02-28,2001-02-28,2001-03-30,2001-03-01,2,2,False,0,1,0.9157666891172691,2.3124596340264445e-35,1.0,"[1.6034580697496814e-33, 1.0]",1.3984817050034442,0
2001-03-30,2001-03-30,2001-04-30,2001-03-31,4,4,False,0,1,0.7667766199712258,9.781221805359267e-36,1.0,"[4.0892871566854635e-34, 1.457290965257338e-34, 1.5611318606290142e-34, 1.0]",1.5830644461609886,0
2001-04-30,2001-04-30,2001-05-31,2001-05-01,4,4,False,0,1,0.7741680365569759,4.1582390483604514e-35,1.0,"[1.9145297252915475e-33, 6.135982020447457e-35, 8.063997639232868e-34, 1.0]",1.5830644461609886,0
2001-05-31,2001-05-31,2001-06-29,2001-06-01,4,4,False,0,1,0.7735696737263182,2.0926994828308e-35,1.0,"[9.545384174172223e-34, 1.5614397244395289e-34, 1.0251971604485382e-34, 1.0]",1.5830644461609886,0
2001-06-29,2001-06-29,2001-07-31,2001-06-30,4,4,False,0,1,0.7755063714640623,2.1766556340466134e-35,1.0,"[1.0383665558796873e-33, 9.755942784157314e-35, 1.2691805002092865e-35, 1.0]",1.5830644461609886,0
2001-07-31,2001-07-31,2001-08-31,2001-08-01,4,4,False,0,1,0.7755659040325853,6.62101627551135e-36,1.0,"[7.499792660970829e-35, 2.822256661366667e-34, 2.448874635616224e-34, 1.0]",1.5830644461609886,0
2001-08-31,2001-08-31,2001-09-28,2001-09-01,4,4,False,0,1,0.7788290025068887,2.2011874527889162e-35,1.0,"[7.863998194545088e-34, 2.400972525665951e-34, 6.456680008294957e-34, 1.0]",1.5830644461609886,0
2001-09-28,2001-09-28,2001-10-31,2001-09-29,4,4,False,0,1,0.784896937234171,6.319467257754897e-35,1.0,"[2.5640088176955703e-33, 4.771387957596458e-34, 4.398788976463251e-37, 1.0]",1.5830644461609886,0
2001-10-31,2001-10-31,2001-11-30,2001-11-01,4,4,False,0,1,0.7909089334919029,4.4912145275627907e-35,1.0,"[3.25505668125272e-34, 2.0851565404555018e-33, 4.367920301836573e-34, 1.0]",1.5830644461609886,0
2001-11-30,2001-11-30,2001-12-31,2001-12-01,4,4,False,0,1,0.7892730826804153,3.0930778660424766e-35,1.0,"[2.9419145348223003e-36, 1.7927162301811828e-33, 1.4601200746618226e-36, 1.0]",1.5830644461609886,0
2001-12-31,2001-12-31,2002-01-31,2002-01-01,4,4,False,0,1,0.783789581700886,2.6164714629543833e-35,1.0,"[8.187615296251606e-34, 2.155032980580691e-34, 8.854171713043469e-34, 1.0]",1.5830644461609886,0
2002-01-31,2002-01-31,2002-02-28,2002-02-01,4,4,False,0,1,0.7929174223649994,8.835778458720196e-37,1.0,"[1.2494852912463007e-37, 2.394930828145117e-36, 1.4800858606594707e-34, 1.0]",1.5830644461609886,0
2002-02-28,2002-02-28,2002-03-28,2002-03-01,4,4,False,0,1,0.7914387737324073,1.7917702583388194e-36,1.0,"[6.115097439143102e-35, 1.3717561957057107e-35, 3.487978333398292e-35, 1.0]",1.5830644461609886,0
2002-03-28,2002-03-28,2002-04-30,2002-03-29,4,4,False,0,1,0.7903184044802511,3.128214853729417e-35,1.0,"[3.860601370954913e-34, 1.3559960127682287e-33, 1.7524229099511924e-34, 1.0]",1.5830644461609886,0
2002-04-30,2002-04-30,2002-05-31,2002-05-01,4,4,False,0,1,0.7858280816886536,1.6659649022470856e-35,1.0,"[4.469085299738113e-34, 4.361703507823348e-34, 9.484645240502502e-35, 1.0]",1.5830644461609886,0
2002-05-31,2002-05-31,2002-06-28,2002-06-01,4,4,False,0,1,0.7773518810062017,1.2885399215162956e-35,1.0,"[5.7107953049183695e-34, 1.5241556472229896e-35, 3.00726619743406e-34, 1.0]",1.5830644461609886,0
2002-06-28,2002-06-28,2002-07-31,2002-06-29,4,4,False,0,1,0.7811554058118717,1.4732658435585268e-35,1.0,"[2.4328932152848393e-34, 6.106971307660122e-34, 6.415444731543214e-37, 1.0]",1.5830644461609886,0
2002-07-31,2002-07-31,2002-08-30,2002-08-01,4,4,False,0,1,0.7889177545397855,8.458689570538291e-36,1.0,"[1.565852463603305e-34, 1.0987579233069579e-34, 5.646027723220969e-34, 1.0]",1.5830644461609886,0
2002-08-30,2002-08-30,2002-09-30,2002-08-31,4,4,False,0,1,0.7875895636852721,1.2378453717667392e-35,1.0,"[2.4644510398309383e-34, 3.957801206107517e-34, 1.1929496203991562e-34, 1.0]",1.5830644461609886,0
2002-09-30,2002-09-30,2002-10-31,2002-10-01,4,4,False,0,1,0.7928393150731918,7.502220329449741e-35,1.0,"[1.2521145396073858e-33, 2.3063491860781476e-33, 9.837757805385785e-34, 1.0]",1.5830644461609886,0
2002-10-31,2002-10-31,2002-11-29,2002-11-01,4,4,False,0,1,0.7836509667500315,1.1580336203269987e-35,1.0,"[3.2982493899279107e-34, 1.92819804398978e-34, 1.6342899959765408e-34, 1.0]",1.5830644461609886,0
2002-11-29,2002-11-29,2002-12-31,2002-11-30,4,4,False,0,1,0.7897721560082682,7.820088478204002e-36,1.0,"[1.585030247902881e-34, 4.395041083009517e-35, 5.57691238209011e-34, 1.0]",1.5830644461609886,0
2002-12-31,2002-12-31,2003-01-31,2003-01-01,4,4,False,0,1,0.7922353829891515,5.4559603910878835e-36,1.0,"[1.2621268453366143e-34, 2.1510905652996364e-35, 3.3735308536305436e-34, 1.0]",1.5830644461609886,0
2003-01-31,2003-01-31,2003-02-28,2003-02-01,4,4,False,0,1,0.7967442960510696,8.719927208514987e-36,1.0,"[2.1516720987005127e-35, 1.4721735237934951e-34, 9.02869236964404e-34, 1.0]",1.5830644461609886,0
2003-02-28,2003-02-28,2003-03-31,2003-03-01,4,4,False,0,1,0.7950065618352036,4.822433263924292e-35,1.0,"[1.3952213434478972e-33, 8.293357495894195e-34, 4.291988397191068e-34, 1.0]",1.5830644461609886,0
2003-03-31,2003-03-31,2003-04-30,2003-04-01,4,4,False,0,1,0.8069247317998162,2.4572861326963195e-36,1.0,"[4.0038183433270414e-35, 5.891961561492691e-38, 2.212104823231198e-34, 1.0]",1.5830644461609886,0
2003-04-30,2003-04-30,2003-05-30,2003-05-01,4,4,False,0,1,0.8050006276234807,1.9497970222085955e-35,1.0,"[1.497186579117748e-34, 2.0377036655907324e-34, 1.8393360221877034e-33, 1.0]",1.5830644461609886,0
2003-05-30,2003-05-30,2003-06-30,2003-05-31,4,4,False,0,1,0.8083832763028858,2.1061724885678123e-36,1.0,"[1.3143559818050095e-35, 8.054467195433386e-36, 2.3302868984437776e-34, 1.0]",1.5830644461609886,0
2003-06-30,2003-06-30,2003-07-31,2003-07-01,4,4,False,0,1,0.8094734579149525,2.887530302956828e-35,1.0,"[7.956092181419914e-34, 5.7359570385552606e-36, 1.1737805349590143e-33, 1.0]",1.5830644461609886,0
2003-07-31,2003-07-31,2003-08-29,2003-08-01,4,4,False,0,1,0.8082719560530056,3.0614002153837646e-35,1.0,"[9.790263849028553e-34, 2.587822126822689e-34, 1.818108887310279e-35, 1.0]",1.5830644461609886,0
2003-08-29,2003-08-29,2003-09-30,2003-08-30,4,4,False,0,1,0.7804070315122813,1.5705754606132335e-35,1.0,"[4.041605271136942e-34, 7.739053453198188e-35, 1.3223839855696737e-33, 1.0]",1.5830644461609886,0
2003-09-30,2003-09-30,2003-10-31,2003-10-01,4,4,False,0,1,0.7814915563420063,1.305103875067717e-35,1.0,"[3.61677241387464e-35, 9.850842856421809e-34, 1.6130991696917482e-34, 1.0]",1.5830644461609886,0
2003-10-31,2003-10-31,2003-11-28,2003-11-01,4,4,False,0,1,0.7778793004677075,2.0444567224285504e-35,1.0,"[9.472543267202834e-34, 2.2410517357377022e-34, 2.0357224696706714e-34, 1.0]",1.5830644461609886,0
2003-11-28,2003-11-28,2003-12-31,2003-11-29,4,4,False,0,1,0.775850646808711,1.1964070740378082e-35,1.0,"[2.4731696906063752e-34, 4.442829719805054e-34, 5.826314132316885e-34, 1.0]",1.5830644461609886,0
2003-12-31,2003-12-31,2004-01-30,2004-01-01,4,4,False,0,1,0.7845352834512782,2.860828464117522e-35,1.0,"[2.8438381249972238e-34, 1.763758128368742e-33, 3.6618403785139877e-35, 1.0]",1.5830644461609886,0
2004-01-30,2004-01-30,2004-02-27,2004-01-31,4,4,False,0,1,0.79029954665518,1.445640401141512e-35,1.0,"[5.431842789292243e-34, 1.9730989853593627e-34, 4.35545508358729e-34, 1.0]",1.5830644461609886,0
2004-02-27,2004-02-27,2004-03-31,2004-02-28,4,4,False,0,1,0.7885596105889187,1.291934247112613e-35,1.0,"[9.840440801700472e-35, 5.856808393974868e-34, 5.9809817988072595e-34, 1.0]",1.5830644461609886,0
2004-03-31,2004-03-31,2004-04-30,2004-04-01,5,5,False,0,1,0.7740653985774939,8.6075573838962e-36,1.0,"[3.108840310732916e-34, 8.125230498406084e-36, 0.0, 3.521008587858651e-34, 1.0]",1.660683602522959,0
2004-04-30,2004-04-30,2004-05-28,2004-05-01,5,5,False,0,1,0.7738980626105035,1.629529043827396e-35,1.0,"[1.411941406353256e-34, 6.228485926778303e-35, 9.620495581413138e-34, 3.9259999309330396e-35, 1.0]",1.660683602522959,0
2004-05-28,2004-05-28,2004-06-30,2004-05-29,5,5,False,0,1,0.7734891718138786,1.3991576928135966e-35,1.0,"[7.928270301334621e-35, 4.445714571962298e-34, 0.0, 9.928235667702863e-34, 1.0]",1.660683602522959,0
2004-06-30,2004-06-30,2004-07-30,2004-07-01,5,5,False,0,1,0.7691939352871006,1.0998977380189145e-35,1.0,"[1.4611236770278013e-34, 1.7032006603671126e-35, 2.501390862558761e-34, 1.0361797860208106e-33, 1.0]",1.660683602522959,0
2004-07-30,2004-07-30,2004-08-31,2004-07-31,5,5,False,0,1,0.7747320359464687,1.3830425721393476e-35,1.0,"[3.2629786219681024e-34, 2.0792450619162015e-34, 2.431391630124769e-34, 1.5651492788580593e-34, 1.0]",1.660683602522959,0
2004-08-31,2004-08-31,2004-09-30,2004-09-01,5,5,False,0,1,0.7769244270980326,7.241045201065291e-36,1.0,"[2.2539294123401314e-36, 7.306084313658103e-35, 2.326600537298419e-34, 6.275893515068703e-34, 1.0]",1.660683602522959,0
2004-09-30,2004-09-30,2004-10-29,2004-10-01,5,5,False,0,1,0.7767022569684467,6.112570624275895e-37,1.0,"[2.035452936829023e-35, 0.0, 0.0, 3.908356698377168e-35, 1.0]",1.660683602522959,0
2004-10-29,2004-10-29,2004-11-30,2004-10-30,5,5,False,0,1,0.7737673738228376,9.027796614315168e-36,1.0,"[1.4733222684156752e-34, 1.998182474692456e-34, 2.358551110671758e-34, 0.0, 1.0]",1.660683602522959,0
2004-11-30,2004-11-30,2004-12-31,2004-12-01,5,5,False,0,1,0.7744381693474437,7.899322037525772e-36,1.0,"[1.4188551828033482e-34, 3.1247053841123197e-34, 0.0, 4.0095284220503276e-35, 1.0]",1.660683602522959,0
2004-12-31,2004-12-31,2005-01-31,2005-01-01,5,5,False,0,1,0.7698078053274933,1.6786059329742266e-35,1.0,"[6.7214303881524786e-34, 2.0220005775187106e-34, 0.0, 4.280608801391816e-35, 1.0]",1.660683602522959,0
2005-01-31,2005-01-31,2005-02-28,2005-02-01,5,5,False,0,1,0.7721985988246847,1.316553672920962e-35,1.0,"[4.492348376587985e-34, 4.82202117952586e-35, 2.4641692785485085e-34, 4.2728640018338934e-35, 1.0]",1.660683602522959,0
2005-02-28,2005-02-28,2005-03-31,2005-03-01,5,5,False,0,1,0.780536143842683,1.0532429383367696e-35,1.0,"[2.347210491260344e-34, 4.906999678862111e-35, 0.0, 6.7188143226989085e-34, 1.0]",1.660683602522959,0
2005-03-31,2005-03-31,2005-04-29,2005-04-01,5,5,False,0,1,0.7795500452205192,1.4482090402130582e-35,1.0,"[2.0823662538637377e-34, 0.0, 2.6342381892013986e-34, 1.1150747344785677e-33, 1.0]",1.660683602522959,0
2005-04-29,2005-04-29,2005-05-31,2005-04-30,5,5,False,0,1,0.7773657205672724,1.222514124855179e-35,1.0,"[2.1206825030786576e-34, 0.0, 6.674626012876271e-35, 1.1394625279644499e-33, 1.0]",1.660683602522959,0
2005-05-31,2005-05-31,2005-06-30,2005-06-01,13,7,False,0,1,0.8497195373584615,9.632367732694939e-36,1.0,"[0.0, 1.1878761692643869e-34, 1.600605518684149e-35, 1.6600005203835411e-34, 1.4540708624338036e-35, 1.125954363108238e-34, 1.0]",1.79979671773064,0
2005-06-30,2005-06-30,2005-07-29,2005-07-01,14,7,False,0,1,0.8750032045597097,1.1138706363392034e-35,1.0,"[3.742517615971518e-35, 7.697624732275397e-37, 6.385466232111775e-36, 6.554565429889734e-35, 1.4476786515231915e-38, 4.4136584378437965e-34, 1.0]",1.79979671773064,0
2005-07-29,2005-07-29,2005-08-31,2005-07-30,22,11,False,0,1,0.879594744446547,5.6413417239090706e-36,1.0,"[1.3443809292167598e-36, 7.546321225564093e-38, 8.568941873645074e-36, 2.6273230794717295e-37, 8.971771020793042e-36, 3.813834974195101e-36, 2.162719582666573e-36, 1.8933353388968987e-36, 2.3823784683724755e-36, 9.380132800471843e-37, 1.0]",2.039682171911009,0
2005-08-31,2005-08-31,2005-09-30,2005-09-01,23,11,False,0,1,0.8764913311895399,5.4854973758584714e-36,1.0,"[1.0801135268522514e-36, 4.344145455668257e-37, 9.016863387400916e-36, 1.1845084308877345e-36, 1.1990684937674512e-37, 0.0, 4.5282087712536645e-36, 2.1648062039575255e-36, 2.0815932615013638e-35, 1.1797455509037173e-34, 1.0]",2.039682171911009,0
2005-09-30,2005-09-30,2005-10-31,2005-10-01,23,11,False,0,1,0.8768037327966842,1.7192821803952118e-35,1.0,"[2.6901979300067185e-36, 4.515648059401474e-36, 1.7079018109223564e-36, 7.41553289010826e-36, 5.394256128854744e-38, 1.7442286219835203e-35, 9.324246227266159e-35, 2.2329611444076347e-35, 1.1564770258199512e-35, 5.303916812010222e-35, 1.0]",2.039682171911009,0
2005-10-31,2005-10-31,2005-11-30,2005-11-01,24,11,False,0,1,0.8750769029291227,3.1655845493316897e-36,1.0,"[2.0643708646314337e-38, 8.102511152582238e-37, 4.99567835754168e-38, 3.0529532943773362e-37, 3.421112254389839e-36, 1.6640930670936692e-35, 7.926993536820174e-36, 1.725641608527498e-35, 8.61439063832085e-35, 2.0569914805542528e-38, 1.0]",2.039682171911009,0
2005-11-30,2005-11-30,2005-12-30,2005-12-01,24,11,False,0,1,0.8792950624441523,7.953694301760043e-36,1.0,"[4.205879544972277e-37, 2.819954594491291e-37, 1.640200140023083e-35, 1.3046071762343988e-36, 1.1345703096912683e-35, 1.6674190998415821e-35, 5.0607766285831966e-36, 5.130743594261071e-35, 1.1816819162600988e-36, 4.951564369286351e-36, 1.0]",2.039682171911009,0
2005-12-30,2005-12-30,2006-01-31,2005-12-31,24,11,False,0,1,0.88477644568525,5.177220936422078e-36,1.0,"[7.932511971637685e-38, 2.747189259671797e-36, 6.958253006781128e-37, 3.0900575803647516e-36, 2.979905922171783e-36, 4.809297537262124e-36, 5.708270016861944e-37, 7.857414651786637e-37, 1.2655588738667493e-35, 1.1876325002106101e-35, 1.0]",2.039682171911009,0
2006-01-31,2006-01-31,2006-02-28,2006-02-01,24,11,False,0,1,0.8866074795358343,3.755960115704418e-36,1.0,"[4.911122655679824e-39, 5.119087618621232e-37, 8.95993281590006e-37, 3.0033513926170658e-36, 9.954792192231611e-36, 2.3621943525126748e-35, 7.830727432695458e-36, 7.614329073324757e-37, 7.429578425938268e-36, 2.524345535944849e-35, 1.0]",2.039682171911009,0
2006-02-28,2006-02-28,2006-03-31,2006-03-01,24,11,False,0,1,0.8869966254040733,1.0552055105148505e-35,1.0,"[5.348330007761655e-39, 4.176797285850703e-36, 5.176080323682327e-37, 3.4679274516299073e-37, 2.4794156092358896e-35, 1.0844708920471399e-35, 1.8246157749753586e-35, 2.058467514562948e-35, 3.1873130988891637e-34, 8.111673923241927e-36, 1.0]",2.039682171911009,0
2006-03-31,2006-03-31,2006-04-28,2006-04-01,24,11,False,0,1,0.8850195645848911,2.5875730446279227e-36,1.0,"[5.439838589593399e-39, 6.006056695740925e-37, 1.738367984966459e-36, 0.0, 0.0, 3.7244626486390565e-36, 3.500559660324025e-35, 1.398688968471223e-35, 2.2251434063686352e-35, 7.006030717029118e-36, 1.0]",2.039682171911009,0
2006-04-28,2006-04-28,2006-05-31,2006-04-29,24,11,False,0,1,0.8811288234419424,4.4628705654460957e-36,1.0,"[7.130760701255592e-38, 4.2723729902870685e-38, 2.232108885724561e-36, 3.4746843969567664e-36, 0.0, 1.142986485848351e-36, 2.0643347598900766e-36, 1.3554182307503573e-34, 3.7797819160056476e-35, 3.628631861573648e-34, 1.0]",2.039682171911009,0
2006-05-31,2006-05-31,2006-06-30,2006-06-01,24,11,False,0,1,0.8843705851854845,7.352625836006358e-36,1.0,"[4.953996089249389e-38, 2.5046765666023502e-36, 3.654101489694781e-36, 3.3060475888121406e-36, 0.0, 1.6681329182988534e-35, 1.706068997612062e-35, 3.211483582077187e-35, 2.0660425758620027e-34, 3.2602123379363934e-35, 1.0]",2.039682171911009,0
2006-06-30,2006-06-30,2006-07-31,2006-07-01,25,11,False,0,1,0.8891428901061766,4.606696692556484e-36,1.0,"[1.9918620588596898e-38, 6.196466110104404e-37, 3.8671397349628497e-38, 1.4912082484807317e-36, 1.123699847009271e-35, 2.9848475644141914e-35, 1.6474620199594714e-35, 0.0, 7.760093532989601e-35, 1.9971262306530212e-34, 1.0]",2.039682171911009,0
2006-07-31,2006-07-31,2006-08-31,2006-08-01,25,11,False,0,1,0.8872969506460703,4.591675494859477e-36,1.0,"[3.1357281229292314e-37, 3.432332880971364e-37, 5.182415621337858e-36, 3.7360116648231633e-37, 2.872650672296464e-36, 1.1052753851985277e-36, 1.6671597153130652e-35, 5.323371492078843e-35, 1.3185932396529896e-35, 9.394848015881371e-35, 1.0]",2.039682171911009,0
2006-08-31,2006-08-31,2006-09-29,2006-09-01,29,11,False,0,1,0.8899880119102693,4.138697192620343e-36,1.0,"[3.505562212256076e-37, 1.4816166646745473e-37, 1.3564507028522004e-36, 3.867635962809929e-36, 2.8392600916243115e-36, 4.403932134562358e-36, 6.095746292583068e-36, 0.0, 1.1797488451414074e-36, 3.806522774967552e-34, 1.0]",2.039682171911009,0
2006-09-29,2006-09-29,2006-10-31,2006-09-30,29,11,False,0,1,0.8748392345895298,6.555200616355031e-36,1.0,"[1.4574455287580144e-37, 1.8104997968960176e-36, 4.861420065554492e-38, 1.5642627461773067e-35, 3.3099511321423687e-35, 1.4988658056004644e-36, 8.279770070391398e-36, 0.0, 6.600069486366134e-38, 1.2994543404321433e-34, 1.0]",2.039682171911009,0
2006-10-31,2006-10-31,2006-11-30,2006-11-01,30,11,False,0,1,0.8789360127278958,6.489450814045626e-36,1.0,"[6.823603786764684e-38, 2.9359452126351333e-36, 2.80565699955133e-36, 2.9069110532412482e-36, 1.342943735014832e-37, 1.1303427765655598e-36, 5.311597086646902e-35, 4.208237337855542e-35, 4.5447957283595954e-35, 1.3500330664289014e-34, 1.0]",2.039682171911009,0
2006-11-30,2006-11-30,2006-12-29,2006-12-01,30,11,False,0,1,0.8776168570706006,6.669166955657097e-36,1.0,"[3.1345673425424465e-38, 4.064835625507071e-36, 1.0746281804471062e-36, 4.932152228090075e-36, 1.2837850890796627e-36, 4.5329924965273464e-36, 7.090949141084694e-35, 0.0, 1.561589323678063e-35, 1.3269632351649602e-41, 1.0]",2.039682171911009,0
2006-12-29,2006-12-29,2007-01-31,2006-12-30,30,11,False,0,1,0.8815381610382809,1.8703038800950073e-36,1.0,"[0.0, 4.629438602251609e-37, 4.048056584476005e-38, 4.948904824906031e-36, 1.4380008265317042e-37, 4.705633249609515e-36, 9.264502485635935e-36, 0.0, 7.097272716689188e-35, 2.2736695757336133e-35, 1.0]",2.039682171911009,0
2007-01-31,2007-01-31,2007-02-28,2007-02-01,31,11,False,0,1,0.8839469859753225,1.9502648406222124e-36,1.0,"[1.1191548913951227e-37, 7.149460128231458e-37, 3.6054882732910384e-38, 0.0, 6.10599788520625e-37, 0.0, 3.7963243160848797e-35, 0.0, 5.98099432036919e-35, 2.2430826754208014e-36, 1.0]",2.039682171911009,0
2007-02-28,2007-02-28,2007-03-30,2007-03-01,31,11,False,0,1,0.8883276097074951,3.9430829371960175e-36,1.0,"[2.5858327788152276e-37, 1.1057084230522712e-36, 9.777431874188009e-37, 0.0, 2.4946418823340622e-36, 0.0, 5.880714425075261e-35, 4.363417231835152e-36, 1.7826525766907228e-34, 2.594165801842842e-36, 1.0]",2.039682171911009,0
2007-03-30,2007-03-30,2007-04-30,2007-03-31,31,11,False,0,1,0.8860977658894456,3.4771494013106185e-36,1.0,"[0.0, 1.6399296863383103e-36, 7.582855404033458e-37, 0.0, 0.0, 0.0, 2.2535675997759377e-35, 5.593011870508442e-35, 3.622268823436639e-35, 1.420459670288271e-34, 1.0]",2.039682171911009,0
2007-04-30,2007-04-30,2007-05-31,2007-05-01,31,11,False,0,1,0.8945380183470648,4.345667653232386e-36,1.0,"[0.0, 4.14153609989443e-37, 8.826745165273995e-39, 5.152513540462042e-36, 6.425141215380211e-37, 0.0, 1.6097254757424144e-34, 1.1630945220647463e-36, 1.4952649584450346e-35, 1.3404465777677015e-35, 1.0]",2.039682171911009,0
2007-05-31,2007-05-31,2007-06-29,2007-06-01,31,11,False,0,1,0.8973770269507613,2.1525038770457298e-36,1.0,"[1.846191855224072e-38, 1.964031298873274e-37, 1.4314101342625203e-36, 2.8660232645490068e-36, 6.894777280367078e-37, 4.127488153358143e-36, 3.976003588765108e-35, 1.1531186307881355e-36, 6.38315378367792e-36, 9.818491386053388e-36, 1.0]",2.039682171911009,0
2007-06-29,2007-06-29,2007-07-31,2007-06-30,31,11,False,0,1,0.8935872744013715,2.0326458292455616e-36,1.0,"[1.3862383779727543e-37, 8.822808691954587e-37, 1.0535529690250293e-36, 3.534798144988621e-37, 3.030062475603837e-36, 0.0, 0.0, 5.3376471740258765e-36, 1.376385892144341e-34, 4.743471377085682e-36, 1.0]",2.039682171911009,0
2007-07-31,2007-07-31,2007-08-31,2007-08-01,34,12,False,0,1,0.8140795492935815,1.2065749072519425e-06,0.999080441939415,"[5.901143114311601e-12, 3.5908569946033416e-10, 3.014272001410894e-11, 1.1612932814694673e-09, 7.67649448094752e-09, 1.2281526403943162e-07, 4.3013098882792207e-07, 1.31387662267682e-08, 2.1486158161217895e-05, 2.159956878861896e-05, 0.0008758970156988207, 0.999080441939415]",2.0944271909999155,0
2007-08-31,2007-08-31,2007-09-28,2007-09-01,34,12,False,0,1,0.813334012696678,1.192197401673113e-06,0.9990893885218151,"[2.130383246856849e-11, 4.863939058821625e-10, 6.437401180427479e-12, 3.5167633173392014e-10, 7.367715381911328e-09, 9.862794404029887e-08, 2.729503168372542e-07, 4.663708760503261e-08, 2.0043290954649816e-05, 2.427463547821983e-05, 0.0008658671028766431, 0.9990893885218151]",2.0944271909999155,0
2007-09-28,2007-09-28,2007-10-31,2007-09-29,34,12,False,0,1,0.7988561659189434,6.508601516764828e-07,0.999387012494279,"[8.079392909242114e-12, 2.534570886646862e-10, 5.373289403198323e-10, 7.148619132366649e-10, 7.2709671461266595e-09, 1.3525909688937336e-07, 2.645796084790884e-07, 1.3064749226933234e-09, 2.2932866092523766e-05, 1.9287259415280432e-05, 0.000570357450338433, 0.999387012494279]",2.0944271909999155,0
2007-10-31,2007-10-31,2007-11-30,2007-11-01,35,12,False,0,1,0.8057817812692558,5.056425354026554e-07,0.9995091617426942,"[4.0352612311112736e-12, 2.1529767849064276e-10, 6.180814383742499e-10, 4.855964075716124e-10, 6.027286267415096e-09, 1.0228815293677818e-07, 1.6854922745928385e-07, 1.0332283374526371e-07, 6.940786189774085e-07, 3.7412178900037295e-05, 0.00045235048927551736, 0.9995091617426942]",2.0944271909999155,0
2007-11-30,2007-11-30,2007-12-31,2007-12-01,35,12,False,0,1,0.8100666524675676,7.079051417975873e-07,0.9993396982462522,"[1.014325380289166e-11, 2.2802064410679356e-10, 6.534702344772304e-10, 2.2213890412143997e-10, 4.106331492028517e-09, 1.3223479750544883e-07, 2.5731775611868667e-07, 2.05247534151242e-07, 1.3813891854963654e-07, 5.0017465908898774e-05, 0.0006095461287280699, 0.9993396982462522]",2.0944271909999155,0
2007-12-31,2007-12-31,2008-01-31,2008-01-01,35,12,False,0,1,0.803960153312867,4.3401695858850626e-07,0.9995603049688184,"[9.60396489862087e-12, 1.0501395999933918e-10, 3.1080064996305336e-10, 1.0309822814325172e-10, 4.005954734278122e-09, 9.072117200787694e-08, 1.9459065598873912e-07, 5.177863891751395e-08, 5.229620789374016e-07, 4.184201587680248e-05, 0.0003969884282873577, 0.9995603049688184]",2.0944271909999155,0
2008-01-31,2008-01-31,2008-02-29,2008-02-01,35,12,False,0,1,0.81228429136489,7.29399844345708e-07,0.9993316806470405,"[1.1562372999216046e-11, 1.1910856091976788e-10, 1.733442754326166e-10, 4.92835322530538e-12, 1.3164087074119263e-08, 1.2843689503610858e-07, 2.0121045847042707e-07, 5.484197683885318e-08, 1.7635217250436092e-08, 4.641534950452923e-05, 0.0006214884058767112, 0.9993316806470405]",2.0944271909999155,0
2008-02-29,2008-02-29,2008-03-31,2008-03-01,35,12,False,0,1,0.8131403865559932,6.627920481428291e-07,0.999394009922452,"[9.69632312502679e-12, 1.0110258096696689e-10, 2.1149485888352307e-10, 3.939097863486906e-11, 4.155102244446533e-08, 5.4652338949033396e-08, 2.2732435502833603e-07, 8.130152993449703e-08, 1.1255643369620097e-07, 4.2180756432935826e-05, 0.0005632915737502005, 0.999394009922452]",2.0944271909999155,0
2008-03-31,2008-03-31,2008-04-30,2008-04-01,35,12,False,0,1,0.8151483823281976,7.018982034075554e-07,0.9993620835394887,"[6.7921212175375286e-12, 8.98504012515638e-11, 1.6104549545077155e-10, 5.644856442935752e-11, 4.4267470797561306e-08, 6.202705009987334e-08, 2.069280478382028e-07, 6.777633350529765e-08, 9.536765168376194e-08, 3.667845903795557e-05, 0.0006007613207827881, 0.9993620835394887]",2.0944271909999155,0
2008-04-30,2008-04-30,2008-05-30,2008-05-01,36,13,False,0,1,0.8006474610639628,7.831689800297556e-07,0.999290143934447,"[2.9907354942943667e-12, 3.5847152906956375e-11, 2.1488981278265848e-10, 7.684034865092886e-10, 9.107431701838179e-08, 1.1184582861838528e-09, 1.1839857088587739e-07, 2.922154401335121e-07, 8.163727633475221e-10, 2.1315091319329234e-06, 7.61709119352748e-05, 0.0006310489991955949, 0.999290143934447]",2.1476160029179296,0
2008-05-30,2008-05-30,2008-06-30,2008-05-31,36,13,False,0,1,0.7961552398005882,1.3816837885912253e-06,0.998749957279902,"[1.2930453786009766e-11, 4.645453216037785e-12, 6.375751157746406e-10, 1.7695646357283632e-09, 6.840442107818347e-08, 5.61536448097428e-08, 1.7084758260178627e-07, 3.5568386119526867e-07, 4.896817918790421e-10, 1.68491983228782e-06, 0.00030847521728408396, 0.0009392285790744552, 0.998749957279902]",2.1476160029179296,0
2008-06-30,2008-06-30,2008-07-31,2008-07-01,36,13,False,0,1,0.8069874022360484,1.58563165884686e-06,0.9987711412692782,"[1.3597906124530136e-11, 2.736860982920641e-12, 4.252868013984251e-10, 1.0601740428290142e-09, 3.771456907434185e-08, 4.467724125044225e-08, 1.1132655550177767e-07, 2.944618036723022e-07, 6.565486944698154e-08, 1.0060459208126685e-06, 0.00024090098703975324, 0.0009863963609266437, 0.9987711412692782]",2.1476160029179296,0
2008-07-31,2008-07-31,2008-08-29,2008-08-01,36,13,False,0,1,0.8021121636596069,1.5112064725010052e-06,0.9988107736413043,"[4.156538275132668e-12, 2.579518085178297e-12, 4.4853419475951427e-10, 8.420089598792275e-11, 2.7496685814789975e-10, 6.926170138598446e-08, 5.114475284273765e-08, 7.829746761107587e-08, 3.101630663159502e-07, 4.25106514751707e-09, 0.0002303194165697247, 0.0009583930096345793, 0.9988107736413043]",2.1476160029179296,0
2008-08-29,2008-08-29,2008-09-30,2008-08-30,36,13,False,0,1,0.7934732832465599,1.5503371433430472e-06,0.9987653336485678,"[1.0066199075190694e-11, 2.876808982471708e-13, 6.609657648508808e-10, 2.3109748621180869e-10, 3.5365150997952577e-09, 5.141880392722434e-08, 2.323840480281629e-08, 2.0091524868111692e-08, 8.936758869653479e-08, 3.018103425631229e-06, 0.00040178012123217444, 0.0008296795715198982, 0.9987653336485678]",2.1476160029179296,0
2008-09-30,2008-09-30,2008-10-31,2008-10-01,37,14,False,0,1,0.7474116664815875,1.6345883577147726e-06,0.998514754523897,"[3.781956372321259e-10, 6.361210034187059e-10, 1.8062293348640112e-08, 3.934060262557518e-11, 5.093082401491377e-10, 7.674926564815459e-10, 2.1941038513552237e-05, 1.12068437944113e-05, 2.724555664669915e-06, 1.0220213807374455e-06, 1.7324734584321708e-06, 4.188096807690254e-05, 0.0014047171824627036, 0.998514754523897]",2.1994251164126295,0
2008-10-31,2008-10-31,2008-11-28,2008-11-01,37,14,False,0,1,0.773749915128939,4.5579360187844047e-07,0.9997306608867003,"[2.6011372571824445e-11, 1.7654832462349105e-10, 3.2939167121242165e-09, 4.130280673326608e-11, 6.694080782767974e-10, 1.0286567422782763e-09, 3.075612208557489e-06, 5.8917387108257494e-06, 6.233261761642579e-07, 4.90710264977235e-07, 6.814347633960035e-07, 4.56057853167259e-06, 0.00025401047680008963, 0.9997306608867003]",2.1994251164126295,0
2008-11-28,2008-11-28,2008-12-31,2008-11-29,38,14,False,0,1,0.7819973243793555,1.6078313411959638e-06,0.9992393795172827,"[8.095325390168865e-11, 1.065045274143763e-09, 8.48118258151581e-09, 4.255419000065045e-09, 4.709432009836657e-10, 1.7013028724636773e-08, 7.65606991395724e-06, 1.8996609168068347e-05, 2.3415217334299174e-06, 1.0903230043790404e-06, 1.4333956075094407e-06, 1.431940307191963e-05, 0.0007147517936459119, 0.9992393795172827]",2.1994251164126295,0
2008-12-31,2008-12-31,2009-01-30,2009-01-01,39,15,False,0,2,0.9095602633683935,5.8544301671430806e-36,1.0,"[3.8647639625168736e-38, 5.260836284628016e-37, 1.6627450879796213e-37, 9.246564764540491e-37, 4.479261325580616e-35, 1.52941104485447e-36, 2.971457806863359e-34, 0.0, 3.065934026278499e-36, 6.032930696301944e-34, 1.4801822087848355e-33, 2.1988848318518887e-34, 7.231374556504473e-35, 0.4999999999999996, 0.5000000000000003]",2.25,0
2009-01-30,2009-01-30,2009-02-27,2009-01-31,42,15,False,0,2,0.9010597614456869,3.504876776215643e-36,1.0,"[5.317546498980325e-39, 8.893309244394237e-38, 2.0041394668742263e-36, 2.695731489271454e-38, 1.0314870610932482e-36, 2.2009141279505969e-35, 9.76962362321238e-36, 1.010153183764694e-35, 9.829028029438205e-35, 3.936563268859575e-34, 6.072247953362763e-34, 8.921621752496394e-34, 2.347608603320859e-34, 0.49999999999999883, 0.5000000000000012]",2.25,0
2009-02-27,2009-02-27,2009-03-31,2009-02-28,42,15,False,0,2,0.9018152769598148,4.062756870529653e-09,0.9999971269887435,"[7.840901480971879e-13, 5.1245814829726616e-12, 4.074009574958416e-10, 4.487381766001936e-11, 3.062520169154231e-10, 1.286771579287059e-08, 4.6932686277358033e-08, 9.875551804725061e-08, 4.147984577995953e-09, 2.7004749711763306e-07, 1.2875805759301566e-06, 4.912826008801275e-07, 6.606322424770186e-07, 0.49426792593445423, 0.5057292010542893]",2.25,0
2009-03-31,2009-03-31,2009-04-30,2009-04-01,42,15,False,0,2,0.9049546421191837,2.5008951270718186e-09,0.9999983745142627,"[1.3293116200886056e-13, 8.410532077475852e-13, 2.0434322585349802e-10, 7.261333300752897e-11, 2.966167958169627e-11, 7.279180312396927e-09, 4.2068965481749e-08, 4.161307707655864e-08, 2.382307937658487e-09, 1.9602592338322512e-07, 6.374518312512658e-07, 3.224523128410092e-07, 3.7590454687982747e-07, 0.49558245466080536, 0.5044159198534572]",2.25,0
2009-04-30,2009-04-30,2009-05-29,2009-05-01,42,15,False,0,2,0.9073303798695044,4.347143337770216e-36,1.0,"[2.038064231077818e-37, 2.798662969319417e-37, 6.124480870383145e-37, 3.016075692454533e-36, 2.7270721977487045e-36, 1.73039298274674e-38, 1.967540312037462e-36, 2.1404438273317192e-35, 3.593553320620147e-34, 3.180837422731759e-34, 1.2821509666428766e-33, 1.8658996219078756e-34, 7.577497216893143e-35, 0.5000000000000009, 0.4999999999999991]",2.25,0
2009-05-29,2009-05-29,2009-06-30,2009-05-30,42,15,False,0,2,0.9034832655843277,3.626165336304189e-36,1.0,"[5.701506430686467e-38, 1.0283707271743004e-37, 7.824785138975629e-36, 2.0083761418897217e-37, 2.580836294763568e-35, 3.5536484548239206e-38, 3.1884080046867114e-35, 2.3420699823149554e-36, 4.0684208005435316e-35, 1.1423979935170152e-34, 1.413375746193863e-34, 5.237155032508229e-35, 6.794635660865897e-34, 0.49999999999999983, 0.5000000000000002]",2.25,0
2009-06-30,2009-06-30,2009-07-31,2009-07-01,42,15,False,0,2,0.9032582479718491,2.6140766805622986e-36,1.0,"[1.4743520843519652e-37, 1.2965816015854386e-38, 1.6436928637214384e-37, 2.2794300857040816e-37, 4.790553380896722e-36, 1.1023678582896475e-36, 7.511016852570961e-36, 2.3522959401056885e-36, 4.527783844805683e-34, 2.971440489710625e-34, 1.4159118095366409e-34, 2.1566390773484145e-34, 2.0138577596932572e-35, 0.5000000000000001, 0.5]",2.25,0
2009-07-31,2009-07-31,2009-08-31,2009-08-01,42,15,False,0,2,0.9048120294679325,2.526796639699994e-36,1.0,"[4.837088155704742e-38, 4.0673936233912655e-38, 3.357525365103867e-38, 1.4591739416653262e-36, 5.567954445854375e-36, 5.170891449448565e-36, 3.7222014076099036e-36, 2.0405625717608964e-35, 2.1777981014785905e-34, 1.3782940049776395e-34, 5.507262399694896e-34, 2.1044649693467065e-34, 1.4106131575594084e-34, 0.5000000000000003, 0.4999999999999997]",2.25,0
2009-08-31,2009-08-31,2009-09-30,2009-09-01,42,15,False,0,2,0.9032635438673139,6.134794531527165e-36,1.0,"[1.1567919454338648e-37, 1.0901298791036564e-36, 8.514738878336361e-36, 1.6168674228925034e-36, 1.8998229526772507e-36, 1.6657366668216137e-36, 1.463174797773158e-35, 0.0, 1.8840151736300282e-35, 1.0822855028781229e-33, 1.4226512533197029e-34, 1.9131561797132322e-33, 2.2922323525194763e-36, 0.49999999999999967, 0.5000000000000004]",2.25,0
2009-09-30,2009-09-30,2009-10-30,2009-10-01,42,15,False,0,2,0.9040525728956321,3.681227735012771e-36,1.0,"[5.9556639339669734e-37, 1.6003833063326874e-36, 6.53339262438358e-37, 1.0799307397640164e-36, 5.9195110417799247e-36, 2.9868007822326717e-37, 3.4029717944292e-35, 5.83218585303352e-35, 4.204515092955552e-35, 5.904342273044505e-34, 0.0, 0.0, 3.32714534167298e-34, 0.5000000000000002, 0.4999999999999999]",2.25,0
2009-10-30,2009-10-30,2009-11-30,2009-10-31,42,15,False,0,2,0.903442756479055,3.3515388746691916e-36,1.0,"[6.254826541243776e-39, 1.6903145600184375e-37, 6.6814533734369935e-37, 4.204728432883183e-36, 1.6789889299979573e-35, 1.3306809005022717e-37, 6.32769050494722e-36, 2.364688134603134e-36, 1.1919780601650233e-34, 3.872924463695352e-34, 0.0, 8.410796934509877e-34, 4.573163288798615e-34, 0.4999999999999997, 0.5000000000000002]",2.25,0
2009-11-30,2009-11-30,2009-12-31,2009-12-01,43,16,False,0,2,0.8565566019737009,2.0448895135129706e-36,1.0,"[4.5897924731793985e-39, 4.659386271279148e-37, 4.5928305533264e-36, 7.733764815710228e-37, 4.652281726851772e-37, 8.181016929914471e-36, 1.5311656444314963e-36, 9.089167760425836e-36, 2.799406085016714e-35, 0.0, 7.40609382008144e-35, 4.3231429768001284e-35, 2.3955479274291055e-34, 1.3283486150082564e-33, 0.49999999999999983, 0.5000000000000002]",2.299462225655311,0
2009-12-31,2009-12-31,2010-01-29,2010-01-01,43,16,False,0,2,0.859959780720629,4.080997257705833e-36,1.0,"[2.176581464445052e-37, 1.138859164666476e-37, 4.380393992283522e-37, 2.9690898828219727e-37, 2.8729255475784483e-37, 1.1530913668203583e-38, 5.128679939328488e-35, 8.038557091124468e-36, 5.76629660290595e-34, 7.002681160799483e-35, 9.232613337079317e-35, 4.017750465553629e-35, 1.3572567318062402e-33, 0.0, 0.5000000000000001, 0.4999999999999998]",2.299462225655311,0
2010-01-29,2010-01-29,2010-02-26,2010-01-30,45,16,False,0,2,0.860905785848121,3.7149782781903944e-36,1.0,"[6.355502042341855e-39, 2.5070890178896462e-37, 2.6540129320939746e-37, 1.2231849544926485e-36, 2.2444585958669093e-36, 4.032682356891208e-37, 8.011165930462272e-36, 0.0, 6.335245163740013e-35, 4.199363347551595e-34, 6.87825785968774e-34, 9.778093232000142e-36, 8.600883131809474e-34, 1.3211358100325261e-34, 0.4999999999999995, 0.5000000000000004]",2.299462225655311,0
2010-02-26,2010-02-26,2010-03-31,2010-02-27,45,16,False,0,2,0.860985036294593,1.8622975882768445e-36,1.0,"[1.2253630593126122e-37, 2.9627396813518795e-37, 5.17889684820673e-37, 4.059726623952924e-37, 8.870723479693933e-37, 1.1182959976331678e-36, 4.986479569323228e-35, 7.99567702972109e-36, 0.0, 1.5359959381002023e-34, 1.9155333993667636e-34, 3.947662347661395e-35, 5.373877873382821e-35, 1.3071717224874101e-34, 0.5, 0.5]",2.299462225655311,0
2010-03-31,2010-03-31,2010-04-30,2010-04-01,46,16,False,0,2,0.8626448792819105,4.535884298909658e-36,1.0,"[5.319488498577794e-38, 7.4528009129018036e-37, 3.097569571588704e-36, 1.4103167869492313e-35, 1.598381679478346e-35, 2.055093335986542e-36, 0.0, 3.008103914535295e-35, 6.387812379547018e-35, 2.5972570498063104e-34, 6.548756940375741e-35, 3.9405642318181725e-35, 5.295125997332209e-35, 0.0, 0.4999999999999998, 0.5000000000000002]",2.299462225655311,0
2010-04-30,2010-04-30,2010-05-28,2010-05-01,46,16,False,0,2,0.8603799213933476,6.345172716888557e-37,1.0,"[2.89922457906174e-38, 3.585564503806575e-40, 6.014927151428828e-37, 1.2379473837737077e-37, 8.625257161947547e-38, 2.558568415906594e-38, 9.906730018498114e-36, 7.701407272159356e-36, 0.0, 6.684223013184779e-35, 2.9463909971976e-35, 4.519997139701713e-35, 0.0, 1.3135344244574644e-34, 0.5000000000000003, 0.4999999999999996]",2.299462225655311,0
2010-05-28,2010-05-28,2010-06-30,2010-05-29,46,16,False,0,2,0.8640061333832963,2.60266387886555e-36,1.0,"[9.59982975109394e-38, 2.78162122333904e-37, 1.7843457522780014e-36, 4.15161894157345e-36, 1.1344155398644427e-36, 4.026938736487248e-38, 1.0737667780699064e-36, 7.477495401596732e-36, 1.580677169646159e-35, 2.5463608841888513e-34, 1.4412109480290128e-34, 1.7410143673983395e-34, 2.0964235105428323e-34, 5.0226947430231415e-34, 0.5000000000000011, 0.49999999999999883]",2.299462225655311,0
2010-06-30,2010-06-30,2010-07-30,2010-07-01,46,16,False,0,2,0.865609811896945,7.386191202742996e-36,1.0,"[1.7689227763250215e-38, 1.5798558607775723e-38, 1.2534421921140677e-35, 6.5425926852291385e-37, 1.4224917629954073e-36, 5.031861401814723e-37, 0.0, 6.432880557514392e-35, 3.721587871469131e-34, 2.448143434301455e-34, 1.826106387266428e-34, 1.0793452627150886e-33, 4.973476476745098e-35, 3.0768910649237848e-33, 0.5000000000000006, 0.49999999999999944]",2.299462225655311,0
2010-07-30,2010-07-30,2010-08-31,2010-07-31,46,16,False,0,2,0.8641718461326853,4.358420812162105e-36,1.0,"[3.6388287916333197e-40, 9.521506106757822e-38, 9.83995476364271e-37, 1.6997363620071098e-35, 3.614397997672091e-37, 1.5874405120031223e-39, 8.980829894717606e-36, 2.9451350829480247e-35, 9.452609696633125e-35, 0.0, 1.8298323511182894e-34, 5.707929917358427e-34, 5.14513074541349e-35, 3.191245882670551e-33, 0.49999999999999994, 0.5000000000000001]",2.299462225655311,0
2010-08-31,2010-08-31,2010-09-30,2010-09-01,48,16,False,0,2,0.866925727876462,5.142090409048558e-36,1.0,"[2.509133481239827e-37, 4.4406834308970134e-38, 5.0565947133869174e-36, 3.453556198647192e-37, 1.0348767543458633e-37, 2.783710728309517e-37, 0.0, 6.50334930927565e-35, 1.0134554042355098e-34, 2.5782341945464314e-34, 1.0408845304349439e-35, 2.128664739199558e-33, 5.044966726489537e-35, 1.242517481722782e-34, 0.5000000000000007, 0.4999999999999994]",2.299462225655311,0
2010-09-30,2010-09-30,2010-10-29,2010-10-01,49,16,False,0,2,0.8714694734461643,2.601010839934706e-36,1.0,"[7.787430318690049e-38, 3.732822660822304e-38, 3.225537624858724e-37, 1.710185376330121e-36, 1.9697837637516258e-36, 2.983871516536779e-37, 3.51895640324381e-36, 1.0649338139845511e-34, 7.878882948632804e-36, 2.6101009075436555e-34, 4.007063844419489e-37, 0.0, 4.910844108833126e-35, 1.059582206550097e-33, 0.4999999999999993, 0.5000000000000007]",2.299462225655311,0
2010-10-29,2010-10-29,2010-11-30,2010-10-30,49,16,False,0,2,0.8698421874994186,7.261524516708523e-36,1.0,"[1.4742045450013603e-38, 5.587167642571372e-37, 2.916880326954311e-36, 4.497632990724582e-37, 4.835549693676313e-36, 2.695263756126834e-36, 1.5288954940746275e-35, 1.129248051079377e-34, 3.882201315468872e-34, 6.022940163969957e-34, 2.168994413173524e-34, 2.6423480232413545e-34, 5.140763073867936e-35, 3.0186672714081833e-33, 0.4999999999999992, 0.5000000000000007]",2.299462225655311,0
2010-11-30,2010-11-30,2010-12-31,2010-12-01,52,16,False,0,2,0.8665744770805135,5.102773337255918e-36,1.0,"[2.9925318577276708e-40, 2.954528907932323e-40, 4.76976832013609e-38, 1.0928481216637682e-37, 7.102134207932732e-37, 0.0, 0.0, 3.007416633871222e-35, 1.6845760321465262e-34, 2.5873559891167647e-34, 9.946415156088207e-34, 8.4324039981214e-34, 8.39037150765641e-34, 4.787555041143806e-34, 0.5, 0.5]",2.299462225655311,0
2010-12-31,2010-12-31,2011-01-31,2011-01-01,53,16,False,0,2,0.8675993492336947,6.466183919697054e-36,1.0,"[1.7384612274668186e-37, 7.256918674441694e-38, 1.487620324381615e-36, 1.6091764448115039e-37, 7.116849773397985e-36, 1.109407006322562e-36, 1.318681712371998e-35, 2.8024951095973327e-35, 5.328383262150884e-35, 5.692417514912879e-34, 1.360110319316577e-33, 6.312147188359412e-34, 2.09490514624479e-34, 1.1898835259050323e-34, 0.5000000000000003, 0.4999999999999996]",2.299462225655311,0
2011-01-31,2011-01-31,2011-02-28,2011-02-01,53,16,False,0,2,0.8684308250186892,2.3901134928671342e-36,1.0,"[1.922009518858481e-42, 6.473649152696388e-38, 3.4099395925639485e-37, 1.6344448682509565e-37, 2.7286085451346606e-36, 1.5245040126601313e-36, 1.353115360819291e-35, 2.828151343387283e-35, 7.883765883163048e-35, 2.5056737502331504e-34, 1.4227670133806026e-34, 1.702198513942044e-34, 2.0668102765282783e-34, 1.151640320862832e-34, 0.4999999999999998, 0.5000000000000001]",2.299462225655311,0
2011-02-28,2011-02-28,2011-03-31,2011-03-01,55,16,False,0,2,0.8693788147385273,3.8144590794035384e-36,1.0,"[2.7450310167613344e-39, 1.5043427233138073e-37, 3.284126718261044e-38, 8.593095133624977e-37, 2.3148858604750028e-35, 1.6365035606203025e-35, 3.67122968885203e-36, 6.661388785705829e-35, 2.903847878371626e-35, 2.5257945139537084e-34, 2.365352595579326e-34, 2.6503717998733136e-34, 4.573472295203186e-34, 1.1490917947375362e-34, 0.4999999999999998, 0.5000000000000002]",2.299462225655311,0
2011-03-31,2011-03-31,2011-04-29,2011-04-01,55,16,False,0,2,0.86873323882344,2.9338485067445607e-36,1.0,"[2.462940812970898e-40, 9.530857719559553e-39, 5.16894237104175e-37, 3.2576969538850762e-37, 3.5957857092022494e-36, 8.32404592344582e-37, 8.871796816622299e-36, 7.520091304961071e-36, 5.680882431560748e-35, 5.936454981903416e-34, 3.276139439406797e-34, 0.0, 5.086590248826484e-35, 0.0, 0.5000000000000008, 0.4999999999999992]",2.299462225655311,0
2011-04-29,2011-04-29,2011-05-31,2011-04-30,57,16,False,0,2,0.8671656927256252,5.495253136566692e-36,1.0,"[2.077735835351535e-39, 2.6869920766120756e-40, 1.9128247304972667e-36, 0.0, 8.169408630324713e-36, 2.1845064587332374e-35, 0.0, 9.370263730670517e-35, 3.2671474765785454e-35, 2.713531700818703e-34, 2.681137383237414e-35, 0.0, 1.1154563994065483e-33, 4.981565749708219e-33, 0.5000000000000003, 0.4999999999999996]",2.299462225655311,0
2011-05-31,2011-05-31,2011-06-30,2011-06-01,57,16,False,0,2,0.86639635264854,2.314464002906989e-36,1.0,"[2.434738543908582e-38, 5.368425183532912e-38, 1.7404665347375617e-37, 2.820836254766219e-37, 1.3946300203473465e-35, 1.592722103115144e-35, 4.618492406110977e-36, 1.913753897147741e-36, 3.723215446570354e-36, 2.723237217334628e-34, 1.5469902244399243e-34, 4.110805125642918e-35, 1.8079639075542878e-34, 1.4235249018958618e-34, 0.5000000000000003, 0.49999999999999967]",2.299462225655311,0
2011-06-30,2011-06-30,2011-07-29,2011-07-01,60,16,False,0,2,0.8657275442964685,3.0024926702634042e-36,1.0,"[2.2236230895802645e-40, 3.158385266081228e-38, 1.357443339936952e-36, 4.4198864083459584e-38, 3.0643906294397227e-36, 1.547796926307846e-37, 2.0526697793903484e-35, 8.192823986246674e-36, 1.852817543958309e-34, 2.6583897368190126e-34, 1.0242548271535347e-34, 3.734426063113941e-34, 0.0, 1.273059720954806e-33, 0.5000000000000003, 0.4999999999999998]",2.299462225655311,0
2011-07-29,2011-07-29,2011-08-31,2011-07-30,61,16,False,0,2,0.8679315237390056,1.0279204482149055e-35,1.0,"[2.1509209760039977e-38, 8.113748721227598e-39, 5.631356327786643e-38, 9.229588679888181e-37, 2.355757652377671e-37, 9.848032413153788e-36, 0.0, 8.744114125041063e-36, 3.6105921414159523e-37, 0.0, 5.25402912679926e-35, 2.572140836886473e-33, 4.249440508676941e-35, 2.0462506430589752e-32, 0.49999999999999967, 0.5000000000000003]",2.299462225655311,0
2011-08-31,2011-08-31,2011-09-30,2011-09-01,61,16,False,0,2,0.8692641115268452,3.127670191245256e-36,1.0,"[5.45682530238583e-38, 6.956951658818539e-38, 2.7819578077648944e-37, 2.4466329400165535e-38, 4.300240141464087e-36, 1.3202128428953384e-36, 1.8237379157614967e-35, 0.0, 3.2809239509794266e-35, 0.0, 3.7905592603547352e-34, 9.72946624375918e-36, 4.182170790134055e-35, 4.949193529405134e-33, 0.49999999999999994, 0.5000000000000001]",2.299462225655311,0
2011-09-30,2011-09-30,2011-10-31,2011-10-01,61,16,False,0,2,0.871966132863855,4.778134858337419e-36,1.0,"[9.555748454449569e-39, 1.8367811141193146e-37, 1.1817648583221066e-36, 2.2538191116293686e-38, 0.0, 3.475570084973044e-36, 1.1436996361661286e-36, 0.0, 1.2404163232507607e-34, 2.9844802164725504e-34, 2.303751672758614e-35, 4.482080031283676e-34, 1.6337071064772912e-34, 6.612341317965134e-33, 0.49999999999999983, 0.5000000000000001]",2.299462225655311,0
2011-10-31,2011-10-31,2011-11-30,2011-11-01,61,16,False,0,2,0.8758275016948426,3.8915291496948776e-36,1.0,"[5.094938665510387e-39, 7.642145024619892e-38, 1.0136232240172015e-37, 9.35375250861052e-37, 4.2316516171331585e-35, 2.0903970771224693e-36, 1.1444589593842633e-36, 2.971904684682386e-35, 1.1976114924529492e-34, 7.175810712083093e-35, 2.190449660506482e-35, 2.2355882789339367e-34, 3.556879616149944e-34, 2.0716071570915046e-33, 0.4999999999999996, 0.5000000000000004]",2.299462225655311,0
2011-11-30,2011-11-30,2011-12-30,2011-12-01,62,16,False,0,2,0.8750098318189339,1.1572285576223885e-35,1.0,"[1.004239405878404e-38, 2.748466486352783e-40, 1.2469763512899766e-37, 2.852640438229804e-37, 9.434951259165667e-36, 6.284405552594772e-36, 1.0351409867412795e-35, 1.1974218646070696e-34, 3.392468127250642e-36, 6.572492400581584e-34, 1.3888960122360311e-33, 4.495850629130066e-34, 1.5816394017518005e-34, 1.3085247659703676e-32, 0.5000000000000007, 0.49999999999999944]",2.299462225655311,0
2011-12-30,2011-12-30,2012-01-31,2011-12-31,62,16,False,0,2,0.8741771631598798,1.0589691685081459e-35,1.0,"[4.3191370686929886e-40, 1.6140342825724452e-37, 2.503744770329868e-38, 1.0604675590047719e-36, 7.614723570166048e-37, 2.981314453671548e-37, 4.858676705154501e-36, 2.9926348108510777e-35, 4.0787161066479795e-35, 2.9651291536669752e-34, 4.828156314210718e-35, 3.5311718948811475e-36, 9.85344969771935e-34, 2.3315430826903603e-32, 0.5000000000000003, 0.49999999999999967]",2.299462225655311,0
2012-01-31,2012-01-31,2012-02-29,2012-02-01,64,16,False,0,2,0.8766002805802712,3.233006222803286e-36,1.0,"[1.708923533904921e-38, 1.1754896830517004e-38, 3.5332039623151004e-37, 1.1674350764306948e-38, 8.730336761914358e-37, 2.5064665650093557e-36, 0.0, 8.312951921926214e-36, 9.505303279152123e-35, 8.51262071531216e-35, 9.616745513650424e-34, 1.0270036536514065e-35, 1.7957402429338559e-34, 1.4086129167736253e-33, 0.5000000000000004, 0.49999999999999944]",2.299462225655311,0
2012-02-29,2012-02-29,2012-03-30,2012-03-01,64,16,False,0,2,0.876502327830924,6.237171303547505e-36,1.0,"[1.738632918685778e-37, 2.8936198603900833e-39, 5.3894951413726514e-37, 4.1797182677144745e-38, 9.343340742206829e-38, 2.968511499332508e-35, 2.0927925175523647e-35, 1.3237017928239738e-34, 3.4733838174843554e-34, 8.471198928993611e-35, 1.0809302891913738e-33, 1.6855110770155246e-34, 7.188110991763172e-34, 1.5731924279447568e-34, 0.49999999999999933, 0.5000000000000007]",2.299462225655311,0
2012-03-30,2012-03-30,2012-04-30,2012-03-31,66,16,False,0,2,0.8768285547738883,4.041140652373265e-36,1.0,"[4.46011685592787e-39, 1.2890510811159878e-37, 9.486771570901192e-40, 1.647346201472091e-37, 1.9980737199135949e-35, 1.3298632654960152e-36, 4.832358403822119e-36, 3.232102129229027e-35, 9.401449692875295e-37, 8.199491695664725e-35, 5.234810810097382e-35, 1.3699099080488432e-33, 3.961853826191097e-34, 2.468543729134263e-33, 0.49999999999999906, 0.5000000000000008]",2.299462225655311,0
2012-04-30,2012-04-30,2012-05-31,2012-05-01,69,17,False,0,2,0.8749871843435557,2.192929050784466e-36,1.0,"[1.7092812860620319e-40, 6.810530417895552e-38, 2.897748084061446e-38, 1.2732746394623345e-36, 2.8388515309196594e-35, 6.655263726441309e-36, 1.652582981996091e-35, 1.0353787402472846e-35, 1.4047812948242657e-35, 1.3507463361440911e-36, 2.3921696281223848e-34, 3.5559731617782623e-34, 8.807413075601225e-35, 6.714968427368298e-34, 5.374838298505913e-35, 0.5000000000000009, 0.4999999999999991]",2.347914628178088,0
2012-05-31,2012-05-31,2012-06-29,2012-06-01,70,17,False,0,2,0.8754712251132953,8.509948448382089e-36,1.0,"[7.209132390754059e-39, 9.868476636539046e-38, 5.88733291499654e-36, 1.3481977249889786e-37, 2.029845577677517e-35, 4.791377111454677e-36, 4.5498777546171647e-35, 2.7798978207431597e-35, 1.3464207478485255e-34, 1.4299953422778475e-34, 2.5241328540377523e-34, 3.7614049489865754e-34, 6.815247552982171e-34, 3.3900402443150083e-34, 2.2621463872556546e-32, 0.5000000000000002, 0.4999999999999997]",2.347914628178088,0
2012-06-29,2012-06-29,2012-07-31,2012-06-30,70,17,False,0,2,0.8754443823338216,1.7281438650103627e-36,1.0,"[2.832194724058606e-39, 1.288676063606982e-38, 1.832881194833467e-37, 1.7081158612816983e-37, 9.021521525963023e-36, 1.7584770936666913e-36, 5.5195249270996255e-37, 1.0738845202513384e-35, 0.0, 2.7367772741998988e-34, 5.321854160695423e-35, 4.153242719726403e-35, 5.883014316868613e-35, 7.678547929663017e-34, 1.407216794722836e-33, 0.4999999999999998, 0.5000000000000002]",2.347914628178088,0
2012-07-31,2012-07-31,2012-08-31,2012-08-01,71,17,False,0,2,0.8761156899890492,2.4453726328209505e-36,1.0,"[7.735971013102613e-38, 2.2160203150402058e-38, 1.5090922779452255e-36, 2.563171480719055e-38, 6.473676320266439e-36, 1.227337843279952e-36, 2.8462382294340254e-36, 2.4287747592088704e-35, 0.0, 1.1551375857594962e-34, 3.445111665347693e-35, 6.798595653828299e-34, 1.3136939282924742e-34, 8.650015082251907e-35, 3.574576297975449e-33, 0.5, 0.5]",2.347914628178088,0
2012-08-31,2012-08-31,2012-09-28,2012-09-01,71,17,False,0,2,0.8766597017496225,4.483477260956639e-36,1.0,"[2.9728517620466223e-37, 5.78529628998284e-38, 4.7709102141709715e-36, 3.509915815364652e-37, 8.955194248732346e-37, 3.939609680799949e-36, 1.02939385513746e-36, 6.715754636278034e-35, 1.4079989240391502e-35, 3.36279458492493e-34, 2.1541261308431452e-36, 1.0651753650945352e-33, 1.4612918827778147e-35, 8.715563688966067e-35, 6.064015891166137e-33, 0.5, 0.49999999999999994]",2.347914628178088,0
2012-09-28,2012-09-28,2012-10-31,2012-09-29,72,18,False,0,2,0.8421706497984548,6.024707472952633e-36,1.0,"[2.2890718693200747e-38, 1.2954511280337115e-39, 3.099798746465241e-36, 2.257016450914015e-38, 1.7747441867717618e-35, 9.686825753682284e-36, 2.0633191135596875e-35, 2.8454567633841856e-36, 4.868991453723342e-35, 5.292661062975037e-34, 2.518250617774788e-34, 1.1307850431328947e-33, 1.1564080926539844e-33, 8.212910132322808e-35, 1.5569980161103144e-33, 5.87165249749876e-33, 0.5000000000000004, 0.49999999999999956]",2.395445115010332,0
2012-10-31,2012-10-31,2012-11-30,2012-11-01,73,18,False,0,2,0.8505163398198645,1.658557090053522e-36,1.0,"[1.030186358125956e-37, 1.2889805231235118e-40, 2.369696578308395e-36, 1.0068591248418405e-36, 3.5817662258203785e-35, 1.9353551079350404e-37, 7.423944363412973e-36, 2.805792782562709e-36, 0.0, 6.410940995515785e-36, 0.0, 1.7201055360352306e-34, 2.1097979118328545e-34, 2.8602075323222527e-34, 0.0, 6.025575377361226e-35, 0.4999999999999998, 0.5000000000000003]",2.395445115010332,0
2012-11-30,2012-11-30,2012-12-31,2012-12-01,73,18,False,0,2,0.8485215646169202,1.538261959168086e-36,1.0,"[1.3263612751735104e-38, 3.0251281922482254e-38, 5.786899783890754e-37, 6.26932595785764e-38, 9.955667263476663e-38, 1.3096975370767178e-36, 3.3557196902214224e-36, 1.1880439821588491e-35, 0.0, 4.2069114119316153e-35, 8.640997426074753e-35, 4.189660919465432e-34, 0.0, 3.039359769836427e-34, 5.355160800967593e-34, 2.2930141119100895e-33, 0.4999999999999998, 0.5000000000000001]",2.395445115010332,0
2012-12-31,2012-12-31,2013-01-31,2013-01-01,76,19,False,0,2,0.8470638275605803,2.7203794681699765e-36,1.0,"[2.458924867821929e-38, 1.1105313611384355e-38, 6.750911109603363e-37, 1.3649958492871401e-37, 1.2479136844573825e-35, 2.5216753441802766e-36, 1.3675558110274393e-36, 1.2558439201889907e-37, 1.7079929632120363e-36, 3.698845029557629e-35, 7.448575900294675e-36, 4.866817837207849e-35, 8.898324482548026e-34, 2.760562096735564e-34, 1.660699678205063e-33, 1.2743770069445543e-34, 9.92379455594378e-34, 0.49999999999999956, 0.5000000000000004]",2.4421295344089424,0
2013-01-31,2013-01-31,2013-02-28,2013-02-01,76,19,False,0,2,0.8469921226830689,5.0474909219552495e-36,1.0,"[7.842916734306448e-38, 2.3678229730517905e-37, 1.599586009867991e-39, 4.85163794948241e-37, 6.462706005882138e-36, 4.985411062693646e-37, 0.0, 1.322114167641405e-37, 3.055779751295745e-36, 0.0, 3.4894336838123496e-34, 8.600932935445653e-35, 3.7076524518033715e-33, 4.5933940199260715e-36, 8.939158914442355e-35, 1.2498015181290685e-33, 1.1165708198107353e-33, 0.49999999999999933, 0.5000000000000006]",2.4421295344089424,0
2013-02-28,2013-02-28,2013-03-28,2013-03-01,77,19,False,0,2,0.8525468497742404,1.948905962518514e-36,1.0,"[1.3298132556742387e-37, 1.7542660596661149e-37, 9.18153073601615e-37, 2.4313644911039965e-37, 8.01600255500959e-36, 1.497485340573346e-38, 2.3173426248525724e-35, 1.1646901454082663e-36, 1.0878529777823697e-36, 1.5352134606061698e-34, 4.835532462200602e-37, 9.589463649785565e-36, 1.5064123967341999e-34, 7.260736690663177e-35, 1.1100370968539066e-33, 4.761301266942031e-34, 4.109474490503362e-34, 0.5000000000000002, 0.4999999999999998]",2.4421295344089424,0
2013-03-28,2013-03-28,2013-04-30,2013-03-29,78,20,False,0,2,0.8587096755718628,8.907366019907186e-36,1.0,"[2.6419700650926472e-39, 3.114029698480438e-37, 2.175328741137014e-36, 2.037137981791708e-37, 1.2703270190855776e-36, 9.051024244197876e-36, 2.3979412019029053e-35, 5.547248323431819e-36, 3.354673459922214e-35, 1.261635273436165e-35, 3.864809288944551e-35, 7.714803596589956e-34, 3.7839718708295045e-35, 1.3158903087211175e-33, 0.0, 7.238604882678705e-33, 0.0, 6.849484732876137e-33, 0.5000000000000003, 0.49999999999999956]",2.488033871712585,0
2013-04-30,2013-04-30,2013-05-31,2013-05-01,79,20,False,0,2,0.8584798915746874,1.2901509677755395e-36,1.0,"[3.05061225774252e-38, 2.374617407488108e-38, 1.1654615370435356e-36, 4.210203344079954e-37, 3.049018831075348e-37, 1.6987863810660596e-36, 8.550039383051049e-36, 5.4321423699256944e-36, 5.713793021689665e-35, 1.2544163418250237e-35, 1.4034753447655841e-35, 3.067444116720457e-35, 9.637574877234112e-36, 5.580290938257876e-35, 7.772709315623326e-35, 2.4777200041325195e-34, 1.0292830142410288e-35, 9.240701758214387e-34, 0.5000000000000004, 0.49999999999999944]",2.488033871712585,0
2013-05-31,2013-05-31,2013-06-28,2013-06-01,79,20,False,0,2,0.8606443504383999,1.9776429714512815e-36,1.0,"[4.3477271165596013e-38, 2.4553993145479427e-37, 3.248456344936689e-36, 1.7891138641346828e-37, 1.1438548452957057e-36, 1.6204557648558744e-37, 9.960350770681663e-36, 2.0818867544591644e-35, 1.3728366676637982e-36, 3.659469525582815e-35, 0.0, 7.11518065555156e-36, 1.4953394503552663e-34, 5.267042874696127e-35, 2.861268530612126e-34, 5.801769838250387e-34, 1.507433335381302e-34, 2.1803443284916982e-34, 0.5000000000000003, 0.4999999999999998]",2.488033871712585,0
2013-06-28,2013-06-28,2013-07-31,2013-06-29,80,20,False,0,2,0.8820894965258771,3.353017279661437e-36,1.0,"[1.4165313799219357e-38, 1.6001900712104655e-38, 7.597168766052233e-36, 3.6656437864681316e-37, 2.6405471220814066e-37, 2.5599625208415038e-36, 2.2398882006542595e-35, 0.0, 1.4584340633550173e-35, 0.0, 1.8288596520467344e-35, 1.4328535682657843e-36, 6.328173793669986e-35, 3.5343207732018117e-34, 5.858544781254906e-34, 6.793604218591853e-34, 3.919173918576863e-34, 1.2578927486743324e-33, 0.4999999999999997, 0.5000000000000003]",2.488033871712585,0
2013-07-31,2013-07-31,2013-08-30,2013-08-01,80,20,False,0,2,0.8832540807395969,4.731605830237122e-36,1.0,"[1.0733490015498422e-38, 1.3018873714088667e-37, 6.646799998633155e-37, 1.4435125252704621e-36, 2.3191642694087015e-36, 1.950394552197467e-36, 1.3488416389848364e-37, 4.4070723747953975e-35, 8.146849005300573e-35, 2.1872898370078562e-36, 7.369983549289152e-35, 2.3152127787382384e-35, 3.5084082376775063e-34, 9.748128865429794e-36, 5.834009529260002e-34, 0.0, 3.541159575377342e-33, 1.4893767934238504e-33, 0.4999999999999997, 0.5000000000000003]",2.488033871712585,0
2013-08-30,2013-08-30,2013-09-30,2013-08-31,80,20,False,0,2,0.8847310255417805,1.460198738208335e-36,1.0,"[1.8280009553217963e-40, 1.4799320887189103e-39, 2.654011454923512e-37, 5.7494106665737903e-36, 2.2946232010716588e-36, 3.814855279104938e-38, 9.577887409852872e-37, 2.072611581830085e-35, 4.126873340773497e-35, 2.093503153593188e-36, 0.0, 5.892767376289699e-36, 7.115332541045156e-36, 8.688907466861322e-35, 1.4545376913016549e-34, 7.260806978960576e-35, 0.0, 4.300290813934429e-34, 0.5000000000000003, 0.49999999999999967]",2.488033871712585,0
2013-09-30,2013-09-30,2013-10-31,2013-10-01,80,20,False,0,2,0.8831802659756341,1.8618055867808262e-36,1.0,"[1.922545530273538e-39, 1.0305342216921668e-37, 3.9909033720360164e-36, 2.680075738697851e-36, 0.0, 5.381502953028454e-37, 3.023490097013089e-36, 2.0623548798984408e-35, 6.063502319939208e-36, 2.774633399889802e-35, 1.8080855727175052e-35, 1.0536518576420474e-34, 7.466068489974666e-36, 7.594134747401004e-35, 0.0, 7.591445985657817e-35, 2.1588974241836807e-34, 6.0544671903588495e-34, 0.49999999999999917, 0.5000000000000009]",2.488033871712585,0
2013-10-31,2013-10-31,2013-11-29,2013-11-01,80,20,False,0,2,0.8591062098814174,1.1610761779254829e-36,1.0,"[1.1667183721210506e-38, 2.3434191048634574e-38, 1.63623844417893e-36, 3.5387198530956295e-36, 7.359240506394292e-37, 1.1779704473126798e-36, 1.0204991275469428e-35, 2.6258360351425775e-35, 2.0573635513223804e-36, 3.2567720926412556e-36, 2.429785102877428e-35, 8.554906025017763e-36, 2.2099446425802474e-35, 1.1647039884499847e-35, 3.771632900710631e-34, 1.03570355601127e-34, 1.3513174551384518e-34, 1.4981240234112785e-34, 0.5000000000000006, 0.49999999999999944]",2.488033871712585,0
2013-11-29,2013-11-29,2013-12-31,2013-11-30,80,20,False,0,2,0.8626586543241269,1.9062180936806073e-36,1.0,"[9.898302290964208e-39, 9.430580557769073e-38, 6.794321879488812e-37, 2.8164460474644137e-37, 1.0774526723430752e-38, 4.5277757221765784e-36, 0.0, 0.0, 1.1949571404176015e-35, 6.289870058523463e-38, 1.7837458298818678e-36, 0.0, 3.248781942586345e-36, 0.0, 6.940867834552566e-34, 3.047895826185531e-35, 2.3153630788161643e-33, 4.429054522888781e-33, 0.4999999999999996, 0.5000000000000004]",2.488033871712585,0
2013-12-31,2013-12-31,2014-01-31,2014-01-01,80,20,False,0,2,0.859732409154088,1.565439346946138e-36,1.0,"[7.510960955730295e-39, 5.182956588829349e-37, 1.2571004759651455e-38, 4.2215098798203655e-37, 2.569231358332777e-37, 3.9341238513190585e-35, 4.91672264573494e-35, 1.1151219773810593e-36, 4.689195668940041e-36, 1.3645257402464109e-35, 1.2433273012053066e-35, 1.3003613839113196e-34, 6.408628496786421e-34, 2.0813995877004926e-34, 3.533011156111651e-34, 5.073812398923113e-35, 4.8079444471461065e-34, 2.829797033562433e-34, 0.49999999999999994, 0.5000000000000001]",2.488033871712585,0
2014-01-31,2014-01-31,2014-02-28,2014-02-01,80,20,False,0,2,0.8664608179656792,9.691120098275456e-37,1.0,"[9.310378278640128e-39, 1.1557991513005241e-37, 3.1640562753327456e-37, 0.0, 7.231718320964512e-37, 2.899757450973888e-36, 2.0230462994592274e-37, 0.0, 0.0, 3.667322884687746e-36, 4.4551326120209476e-35, 1.466061769787968e-34, 5.601486058788073e-34, 6.550759660276024e-34, 7.986051307075215e-35, 5.01882249132931e-35, 0.0, 3.0131406053484226e-35, 0.5000000000000001, 0.49999999999999994]",2.488033871712585,0
2014-02-28,2014-02-28,2014-03-31,2014-03-01,81,20,False,0,2,0.8612868995725887,2.2240031693321127e-36,1.0,"[1.1343214486515917e-38, 9.599257224072038e-38, 2.151065428754944e-37, 5.5674836196319074e-37, 6.7080507542790304e-37, 1.420385129376673e-35, 7.249671624204694e-36, 4.624779655660811e-36, 2.458380522793694e-35, 1.629928209832736e-35, 9.367706418657655e-36, 1.7824131842647913e-35, 4.5836289706024824e-35, 1.014922020930478e-34, 1.6307484345893844e-34, 3.187479513436711e-34, 1.034564446013966e-33, 1.5443741836724676e-32, 0.5000000000000001, 0.49999999999999994]",2.488033871712585,0
2014-03-31,2014-03-31,2014-04-30,2014-04-01,81,20,False,0,2,0.8613513702503486,1.2217909203229348e-36,1.0,"[1.757547317584177e-39, 3.7855634491141754e-38, 5.632719012090511e-38, 5.630087324046585e-37, 2.2820736501465102e-37, 6.458250836989167e-35, 8.310634138394828e-35, 8.985048335454339e-36, 1.2680201025809272e-35, 8.153760137523282e-36, 3.9835861723958123e-35, 7.526534943500611e-35, 1.926570305474727e-37, 2.209225500507718e-34, 5.066959375808928e-34, 2.9417804456870325e-34, 2.732924965943254e-34, 2.9919772775429255e-35, 0.5000000000000001, 0.49999999999999994]",2.488033871712585,0
2014-04-30,2014-04-30,2014-05-30,2014-05-01,81,20,False,0,2,0.8612718714008448,7.059624178405179e-37,1.0,"[9.297906049426213e-39, 9.064260014604193e-40, 6.132544075583707e-38, 1.4380579712251251e-36, 4.054549986848251e-37, 1.325689596479559e-37, 0.0, 9.837521140981073e-37, 1.091746269271143e-35, 0.0, 7.755682677690594e-35, 0.0, 4.800732949241969e-34, 6.127333776779069e-36, 1.5125009816462251e-34, 7.002815816832553e-34, 3.0431457116388585e-34, 6.817665303539546e-34, 0.49999999999999994, 0.5000000000000001]",2.488033871712585,0
2014-05-30,2014-05-30,2014-06-30,2014-05-31,81,20,False,0,2,0.8643069575431701,1.2236649384164088e-36,1.0,"[1.0576214310008293e-38, 3.0089509789561725e-37, 2.00085923202373e-36, 1.5164355259723028e-37, 1.3588652547395723e-36, 1.3022760575142665e-35, 3.3109117754811487e-35, 0.0, 8.968994032932564e-36, 6.1917756269091334e-37, 7.869960798062287e-35, 5.467331829590101e-36, 4.011325929197567e-34, 0.0, 2.6299317505667318e-34, 0.0, 3.877073758039245e-34, 4.119742900772423e-33, 0.4999999999999995, 0.5000000000000006]",2.488033871712585,0
2014-06-30,2014-06-30,2014-07-31,2014-07-01,81,20,False,0,2,0.8651252418845671,3.662514381150887e-37,1.0,"[6.006696648960205e-39, 2.2236874336125928e-38, 2.2064925328051513e-36, 0.0, 6.035549372965786e-37, 2.1315806423030746e-36, 7.754012849263687e-37, 8.83905638596119e-37, 1.7798678899550373e-36, 3.9584501537669216e-35, 0.0, 5.4663028067992394e-36, 1.481982392809785e-34, 2.687735344832612e-35, 4.019025806657022e-35, 0.0, 1.4015971165614645e-34, 4.658289445988839e-34, 0.5000000000000004, 0.4999999999999995]",2.488033871712585,0
2014-07-31,2014-07-31,2014-08-29,2014-08-01,81,20,False,0,2,0.861899814524028,5.913031103942144e-37,1.0,"[1.6127536129659524e-38, 4.211441690146961e-38, 2.7242934757201876e-37, 1.5993947702153384e-37, 6.811624957923634e-38, 8.15237745997985e-38, 1.2846184495722123e-35, 8.80840634078637e-37, 1.7899869276129824e-36, 1.1389318230129676e-35, 7.862407412164222e-35, 2.4271359898027576e-34, 1.014712889233148e-34, 0.0, 3.983043748691437e-34, 1.1715253072250751e-35, 6.244806391730857e-34, 4.4905616413256154e-34, 0.49999999999999967, 0.5000000000000003]",2.488033871712585,0
2014-08-29,2014-08-29,2014-09-30,2014-08-30,81,20,False,0,2,0.862751143711723,1.14995332091816e-36,1.0,"[1.907429449695405e-39, 4.5254331249245227e-38, 6.830549091666525e-38, 6.430823269156349e-37, 6.071633993191749e-37, 1.4923614278862322e-35, 9.636086510432194e-35, 8.217254510043945e-37, 2.536477958580378e-35, 2.603763605042132e-35, 1.9757588923986637e-35, 2.2910588408622405e-35, 0.0, 6.943876724612828e-34, 9.940982423390674e-35, 4.0966529350954735e-34, 4.427106734480688e-34, 4.540444867631245e-34, 0.5000000000000004, 0.4999999999999995]",2.488033871712585,0
2014-09-30,2014-09-30,2014-10-31,2014-10-01,81,20,False,0,2,0.8628353569219619,2.040929825205971e-36,1.0,"[1.6088968446956998e-39, 3.6153900759603424e-38, 2.7399974824443254e-37, 1.5132854225980297e-36, 1.3444110765718878e-36, 3.499809613449198e-38, 2.938926982129875e-36, 0.0, 1.3741776028535437e-35, 2.8325452304189865e-36, 3.9014901514847474e-35, 8.580324935638189e-35, 1.3571949550796753e-35, 9.197462328818877e-37, 0.0, 4.737394761025362e-34, 2.9013101277443693e-34, 1.6671116021160912e-32, 0.5000000000000002, 0.4999999999999997]",2.488033871712585,0
2014-10-31,2014-10-31,2014-11-28,2014-11-01,81,20,False,0,2,0.8621698970286094,1.1023452257380063e-36,1.0,"[9.749265261139112e-39, 7.236972208356682e-38, 1.0446202095224568e-36, 7.085558230739306e-37, 6.028909538955492e-38, 3.1652435360676235e-36, 7.499776431199844e-37, 1.3647672416057724e-35, 7.721258281528714e-36, 2.8838708102850017e-36, 2.4644679518434463e-35, 8.73991788620972e-35, 1.1967051873143336e-34, 6.608829742114625e-36, 4.5556883543704386e-35, 9.098563491760917e-35, 1.9141498093717119e-35, 7.158861742211697e-33, 0.4999999999999999, 0.5]",2.488033871712585,0
2014-11-28,2014-11-28,2014-12-31,2014-11-29,86,21,False,0,2,0.8609028267343555,4.039183408361398e-37,1.0,"[1.5745260376036445e-39, 2.9852689895535545e-38, 1.3698710251282624e-36, 1.4246749699716792e-37, 3.0097478467870327e-37, 1.2508388024487576e-37, 9.318927085928349e-36, 3.88594412460529e-35, 0.0, 2.029907959335804e-36, 4.539396726291143e-35, 5.2798541574586036e-36, 5.801600233354581e-35, 1.0114417064342234e-34, 6.678726242153555e-36, 1.211891402432852e-35, 0.0, 4.4144348578845813e-35, 7.314726208349625e-36, 0.49999999999999967, 0.5000000000000003]",2.5332159566199235,0
2014-12-31,2014-12-31,2015-01-30,2015-01-01,87,21,False,0,2,0.8647101404338275,1.0767146920983654e-36,1.0,"[8.124278209920778e-42, 4.188830526780987e-39, 1.115378983435558e-36, 1.0965990827864504e-36, 5.0787067240382835e-37, 5.006880300103654e-36, 3.951143463673553e-36, 5.623901131708229e-36, 1.7935223418160183e-35, 1.1908671160121781e-36, 0.0, 1.7501740753797592e-35, 0.0, 6.196746727831901e-36, 3.1096436950167686e-34, 2.2651958716724594e-34, 1.215528205363632e-33, 2.1963091760488804e-34, 1.179762609934024e-36, 0.5000000000000002, 0.49999999999999967]",2.5332159566199235,0
2015-01-30,2015-01-30,2015-02-27,2015-01-31,89,21,False,0,2,0.8682139057377934,6.075773647641497e-37,1.0,"[8.004744702103387e-39, 3.993471334373971e-38, 2.4826131113154303e-39, 1.836179564158195e-38, 6.604004756392883e-37, 9.941671629483621e-36, 2.4198688811322445e-36, 1.3636168141666498e-35, 0.0, 1.3937521004278396e-35, 6.039581674288149e-36, 1.4406575078444252e-35, 1.0101031809463621e-34, 1.6444463941772194e-35, 0.0, 5.284361089273562e-35, 7.549098954292758e-36, 3.231555259076311e-34, 4.252913423474995e-34, 0.4999999999999999, 0.5]",2.5332159566199235,0
2015-02-27,2015-02-27,2015-03-31,2015-02-28,89,21,False,0,2,0.8697784030897051,1.1360413616615611e-36,1.0,"[4.979047930859483e-38, 1.5112116326293773e-37, 8.632598900617559e-38, 2.813436665353003e-37, 6.021715918219873e-37, 0.0, 5.345841917249968e-36, 8.880622844174047e-36, 5.739088640217499e-35, 1.7916320380661142e-35, 2.348873150160741e-35, 3.0769174994965656e-35, 1.5984995366176698e-34, 6.957424836724604e-36, 6.521502021780693e-35, 1.9814976954995384e-34, 4.5892188096586796e-34, 1.237783541318132e-35, 1.6643298856464433e-35, 0.4999999999999994, 0.5000000000000006]",2.5332159566199235,0
2015-03-31,2015-03-31,2015-04-30,2015-04-01,89,21,False,0,2,0.8670656831090806,6.945805560354369e-37,1.0,"[0.0, 2.0825660476869687e-38, 3.25727343920386e-37, 7.167906352595362e-38, 1.6457957784098303e-36, 0.0, 3.4073324698176877e-37, 2.0168326005345162e-35, 3.650367750089119e-36, 1.0296339053629235e-35, 2.3942333018864102e-35, 2.980300149403573e-35, 0.0, 3.672930707308739e-36, 4.198232147854096e-36, 1.4072941192333857e-34, 7.394298559653987e-36, 1.042583723731743e-33, 3.7837607593275163e-34, 0.4999999999999997, 0.5000000000000003]",2.5332159566199235,0
2015-04-30,2015-04-30,2015-05-29,2015-05-01,89,21,False,0,2,0.8642852667533175,8.518344939097222e-37,1.0,"[3.26311024451837e-39, 3.330926679675346e-38, 3.222330701966447e-37, 2.7434437530621487e-37, 8.369059847226765e-38, 1.051098209290331e-36, 3.100693189802837e-37, 9.189457160895888e-36, 1.4800247937709952e-35, 1.054782978162441e-35, 6.044294321723724e-36, 4.6440449391643884e-37, 1.1073871598166237e-35, 1.477930225518122e-35, 2.041908586629578e-34, 3.697852853181568e-34, 2.947478620358451e-35, 5.250029564014721e-35, 1.6925125019440523e-33, 0.4999999999999998, 0.5000000000000002]",2.5332159566199235,0
2015-05-29,2015-05-29,2015-06-30,2015-05-30,89,21,False,0,2,0.8590775796510799,8.536665851531436e-37,1.0,"[1.1491612630818498e-38, 5.736816080018064e-38, 7.45384373182699e-37, 7.532572609278697e-38, 2.3350860984406963e-37, 0.0, 1.1715179521606942e-35, 1.227476355353976e-35, 3.450732286682278e-35, 4.944887333468088e-36, 6.459612714691574e-36, 2.4840765446526617e-34, 1.1153508232434392e-35, 1.580902209905599e-35, 1.7350235417537202e-35, 2.410425314687147e-35, 7.14987679294476e-35, 1.2239724424173012e-34, 8.924669541896587e-35, 0.4999999999999999, 0.5000000000000001]",2.5332159566199235,0
2015-06-30,2015-06-30,2015-07-31,2015-07-01,91,21,False,0,2,0.8609194535049902,5.310602804779962e-37,1.0,"[2.194528470849032e-38, 6.475177882777053e-38, 2.445668654350685e-39, 3.1525963088024963e-37, 3.9833775096832776e-38, 0.0, 3.019182187701328e-36, 2.207846709649959e-35, 0.0, 2.0578976728585274e-35, 0.0, 1.908964116513516e-35, 1.0481195247117346e-34, 4.1411409448672207e-36, 3.961509571160149e-35, 1.0220503664362695e-34, 1.8890998061574655e-34, 3.07106377868858e-35, 1.9727820196952887e-34, 0.4999999999999997, 0.5000000000000002]",2.5332159566199235,0
2015-07-31,2015-07-31,2015-08-31,2015-08-01,92,22,False,0,2,0.8492056605167706,1.697871872124471e-36,1.0,"[5.047087866492075e-39, 4.4935275717715355e-37, 2.0226624067464854e-37, 1.771964926825692e-37, 1.576715899932789e-37, 6.417581018569902e-36, 1.682113801665472e-36, 2.44200463584674e-36, 3.8410135913016475e-36, 2.081833802824128e-35, 1.3634344973116675e-35, 1.7716097016100163e-34, 2.337857536069624e-36, 1.8737286945629563e-34, 4.216054446703083e-36, 7.367056205110941e-35, 6.539915443947302e-36, 2.0717184147267353e-34, 1.381074735995956e-35, 5.4269071807714674e-33, 0.5000000000000003, 0.4999999999999996]",2.5777268083056626,0
2015-08-31,2015-08-31,2015-09-30,2015-09-01,93,22,False,0,2,0.8493084707841813,1.5347383101016332e-36,1.0,"[1.7198179647420444e-39, 3.241104103812321e-38, 1.5277240111311048e-36, 0.0, 9.111148854948897e-38, 1.0668751188950124e-35, 9.217709972933624e-37, 2.1457451562174688e-35, 1.0075487064561347e-36, 1.0557031252531577e-36, 5.9361743984225996e-36, 7.228241120277574e-36, 5.901410336642074e-35, 1.9054300069310593e-34, 1.0104445900168469e-35, 9.66495624424681e-36, 0.0, 1.4286925882399947e-33, 5.20117380411323e-34, 2.2281697989459033e-33, 0.5000000000000001, 0.4999999999999999]",2.5777268083056626,0
2015-09-30,2015-09-30,2015-10-30,2015-10-01,97,22,False,0,2,0.8421535789254968,7.339952030427448e-37,1.0,"[5.2647039512270486e-39, 1.1251365327436515e-38, 3.813039567730154e-37, 1.0020036943040016e-36, 4.199626242037412e-38, 1.3283964916890642e-35, 3.0874909292842056e-37, 4.5064355559870375e-35, 1.662784009552112e-35, 8.484356110796237e-38, 6.46493745741364e-36, 7.814065438986393e-36, 7.757443078859124e-36, 5.526172474221511e-35, 0.0, 1.9518041229436378e-35, 6.631215818181348e-36, 1.4446952643981335e-34, 5.458772343534726e-34, 3.7336136305998285e-34, 0.5000000000000004, 0.4999999999999996]",2.5777268083056626,0
2015-10-30,2015-10-30,2015-11-30,2015-10-31,97,22,False,0,2,0.8440009230454592,1.9925547601399353e-36,1.0,"[4.651348883291194e-37, 1.2271697621147559e-39, 1.3062082132637632e-37, 8.176659048585288e-38, 0.0, 2.3139205197480244e-36, 3.317944881914208e-38, 1.1768159180141792e-34, 3.9132154711556636e-36, 2.1315373290550287e-35, 5.446558277870234e-35, 1.9471109717850105e-36, 2.579073114474964e-36, 5.391995039060327e-35, 1.5883885685446694e-35, 4.245716586982729e-35, 6.611995012002407e-36, 8.977278735644837e-34, 3.810735499193059e-34, 5.8535870660135087e-33, 0.5, 0.4999999999999999]",2.5777268083056626,0
2015-11-30,2015-11-30,2015-12-31,2015-12-01,97,22,False,0,2,0.8447912199538492,1.3991711811520949e-36,1.0,"[3.4212318801698583e-38, 5.1978162097226814e-39, 2.043397885107448e-37, 3.187866251794357e-36, 1.0101356911035723e-38, 0.0, 2.137598466749866e-37, 9.903984094524698e-35, 4.0462771979717824e-36, 2.7697969218144167e-35, 0.0, 7.843759370479705e-36, 1.0640266523074076e-35, 0.0, 4.214421937686743e-36, 0.0, 1.1647594019378253e-34, 1.3662871131218156e-33, 3.522895822594183e-34, 1.9441790893374247e-33, 0.5000000000000006, 0.4999999999999995]",2.5777268083056626,0
2015-12-31,2015-12-31,2016-01-29,2016-01-01,98,22,False,0,2,0.8411886259884088,7.797407595664441e-37,1.0,"[1.0337675483038954e-37, 1.8048318071242482e-38, 9.456460274842444e-37, 4.038312326118152e-37, 1.8026690299692201e-37, 1.6693550258331135e-35, 5.7336391897693e-37, 4.2666470100233976e-35, 4.5982100877614894e-36, 9.123179773257817e-36, 7.73514208431267e-36, 8.853107998508773e-36, 1.5437864756224741e-35, 5.635465873959942e-35, 7.677630964639997e-36, 2.209332744158768e-35, 3.271987374650634e-35, 5.262347266686712e-34, 6.610230454090986e-35, 4.410875374707106e-34, 0.4999999999999992, 0.5000000000000008]",2.5777268083056626,0
2016-01-29,2016-01-29,2016-02-29,2016-01-30,100,22,False,0,2,0.8423331582489655,1.2346966773923875e-36,1.0,"[3.791696560322873e-38, 1.3999959795949327e-39, 2.849651907339439e-37, 8.225781878304501e-37, 6.784544061067254e-38, 2.186442956393519e-36, 3.260620172768181e-36, 1.7824764418584752e-35, 2.068365490035447e-35, 4.297118361171995e-35, 1.8716600521492865e-36, 1.8293774782278518e-35, 3.9274176649241267e-35, 5.643424389825084e-35, 4.2443520284899866e-36, 5.265308172171236e-36, 7.552672095264218e-36, 6.548222834932258e-34, 7.855240464130822e-34, 4.669551443995123e-33, 0.5000000000000003, 0.49999999999999967]",2.5777268083056626,0
2016-02-29,2016-02-29,2016-03-31,2016-03-01,100,22,False,0,2,0.8410460069712457,5.246332306765643e-37,1.0,"[1.9823152834959672e-37, 8.764875106414253e-39, 1.1252249019028021e-38, 1.7988486212100504e-36, 4.506512828612165e-38, 2.3281401281347815e-36, 3.888358977260043e-36, 0.0, 0.0, 2.521308454724542e-35, 1.8556342674311515e-36, 8.220032989605163e-36, 1.529701547981549e-35, 5.374851111001785e-35, 2.7087905758890583e-35, 1.758173017637717e-34, 0.0, 1.6234920760000341e-34, 1.6532142691480155e-35, 6.985339324268173e-34, 0.5000000000000006, 0.49999999999999944]",2.5777268083056626,0
2016-03-31,2016-03-31,2016-04-29,2016-04-01,100,22,False,0,2,0.8488230355369818,4.6396440602719135e-37,1.0,"[2.040918665853235e-37, 3.2630313572699606e-40, 2.2959264462390752e-38, 2.0527749899425055e-38, 2.927293440930217e-39, 1.0131327376047109e-36, 1.1118730039216942e-36, 1.5961516199142747e-35, 4.6011437597217286e-36, 0.0, 0.0, 7.910321026522148e-36, 1.0429135863603498e-34, 5.018682976865916e-35, 0.0, 1.7982847743084278e-35, 2.433154025211444e-34, 1.5264713785891852e-34, 1.5270292791195025e-35, 2.600093122254249e-35, 0.49999999999999956, 0.5000000000000004]",2.5777268083056626,0
2016-04-29,2016-04-29,2016-05-31,2016-04-30,100,22,False,0,2,0.8443026477170614,1.356513593186708e-36,1.0,"[4.934208203841829e-37, 1.9726804907605158e-37, 1.032330426307181e-36, 3.3785115095132253e-37, 1.9884225947242376e-37, 1.1081388670944118e-36, 1.0270219444143078e-37, 3.2180986892154616e-35, 7.061224776997913e-36, 6.663807387718879e-36, 8.971685589860622e-35, 1.9834388981882385e-36, 2.8816770598944694e-36, 5.728672727681453e-35, 4.378085343885478e-36, 0.0, 7.309474673710048e-36, 6.120077113701737e-34, 5.832980988136801e-34, 4.765500611474234e-33, 0.49999999999999944, 0.5000000000000006]",2.5777268083056626,0
2016-05-31,2016-05-31,2016-06-30,2016-06-01,100,22,False,0,2,0.8429200272005511,1.8728471908979938e-36,1.0,"[3.3476729580883427e-38, 8.557811690744709e-39, 1.670806870640221e-37, 2.170317832592284e-36, 6.109407817481665e-37, 2.5117497532040434e-36, 2.9333266232450808e-36, 3.132924207726542e-35, 1.0348684133149789e-35, 6.758193085661627e-36, 1.6759914100700967e-34, 0.0, 8.044779833104425e-35, 5.73807153644464e-35, 5.574982570526315e-35, 5.012826482359802e-36, 2.91404837252205e-35, 6.2300869529915286e-34, 6.565767287817566e-35, 9.329493235089105e-33, 0.4999999999999992, 0.5000000000000008]",2.5777268083056626,0
2016-06-30,2016-06-30,2016-07-29,2016-07-01,101,22,False,0,2,0.8457903178493784,3.720717996700269e-36,1.0,"[6.570866746786524e-39, 8.124133620528913e-39, 2.875439405076875e-36, 2.0064096626046934e-38, 4.668607548845081e-38, 6.199951478843449e-36, 5.279207575624744e-36, 1.4214986249129177e-35, 2.0662996522076084e-35, 5.443910041449824e-35, 6.546170072990154e-36, 1.864755628275765e-36, 4.281200221104145e-36, 5.255024855609623e-35, 6.736562923839459e-35, 3.7802251689720853e-34, 2.3502916715040765e-34, 3.2705841463026765e-34, 7.272829866394261e-34, 2.2654276294294287e-32, 0.5000000000000006, 0.49999999999999944]",2.5777268083056626,0
2016-07-29,2016-07-29,2016-08-31,2016-07-30,101,22,False,0,2,0.8470092202138719,2.2795005076040887e-37,1.0,"[5.61133670256853e-39, 1.367150918573093e-39, 1.0271912521817416e-37, 3.4427152719276522e-37, 1.9734027833422297e-37, 2.69368044072051e-37, 1.4194009002511527e-36, 8.367781453695895e-36, 2.780068417838613e-37, 0.0, 1.7379988717671182e-36, 7.877574914791974e-36, 2.925530629595367e-36, 0.0, 5.451451058238366e-35, 7.600459480844027e-35, 2.809899572198922e-35, 1.4721469333692646e-34, 1.5706729314930916e-35, 2.8355306577470304e-35, 0.49999999999999967, 0.5000000000000004]",2.5777268083056626,0
2016-08-31,2016-08-31,2016-09-30,2016-09-01,101,22,False,0,2,0.8456038891798692,2.0547625468147683e-36,1.0,"[8.660062545387638e-40, 9.186718159034483e-40, 2.3762179020219056e-36, 2.95418567257814e-36, 1.3786063701139858e-38, 4.733260328241106e-36, 7.051120017550626e-36, 1.8594262289899075e-35, 1.1539567863823912e-36, 2.439868371805394e-35, 7.397639370448422e-36, 3.7055431684472585e-35, 2.461714583176785e-34, 1.4845313577202524e-35, 3.6815410541029027e-35, 2.023165072205108e-35, 7.595684373790368e-36, 3.7868671143740864e-35, 4.2572558099139545e-34, 1.1739553515093728e-32, 0.4999999999999991, 0.5000000000000009]",2.5777268083056626,0
2016-09-30,2016-09-30,2016-10-31,2016-10-01,104,22,False,0,2,0.8333587679196669,1.11707051841664e-36,1.0,"[7.827180148299542e-38, 7.813707938511479e-39, 5.680877796844193e-37, 8.675612456835822e-37, 5.598293311797298e-37, 1.256854292942604e-36, 4.6198531748062965e-36, 2.8534470050587537e-35, 1.383578088977452e-36, 3.943214113383161e-35, 4.942913292457082e-35, 0.0, 5.1725310393127e-35, 1.3492383306308512e-34, 1.931252897658005e-35, 9.479738779218137e-35, 3.4700174407491605e-35, 1.208848187246529e-33, 1.2426490820360084e-33, 1.294420336972276e-34, 0.5000000000000006, 0.49999999999999944]",2.5777268083056626,0
2016-10-31,2016-10-31,2016-11-30,2016-11-01,107,23,False,0,2,0.8070478267148693,6.709624117024439e-37,1.0,"[1.50549936396153e-37, 4.315586627197174e-37, 2.7122491651839243e-37, 2.396942605035794e-37, 1.3104809900854755e-37, 7.685594132655275e-37, 1.1963737533396927e-36, 6.940569695413937e-36, 1.2400814589006594e-36, 3.08871822416416e-36, 2.450414040981967e-35, 5.8748878887146966e-36, 2.9847519474150975e-36, 5.605415207975706e-38, 1.0658076821786628e-34, 5.260124626482938e-35, 1.6216289490719388e-34, 6.938842079529299e-35, 8.17997701963449e-34, 7.249357035220995e-34, 6.7696309118939705e-34, 0.5000000000000002, 0.4999999999999999]",2.621611708067114,0
2016-11-30,2016-11-30,2016-12-30,2016-12-01,107,23,False,0,2,0.8051810359728476,6.802346795407901e-37,1.0,"[5.12586821503833e-38, 3.5286327892336513e-38, 7.962380353935413e-38, 5.629891494803026e-37, 1.3985209341334338e-38, 2.7729613529693057e-37, 2.6479692938273374e-36, 2.134876813347087e-37, 6.17296515215276e-36, 5.7798911790355995e-36, 3.1740722846620645e-36, 8.173671649552957e-36, 0.0, 6.299029706139498e-35, 9.627044068226531e-36, 1.971504709214721e-34, 2.042617683851113e-36, 0.0, 3.834778687078458e-34, 1.3500647347590156e-33, 9.362194446782241e-34, 0.4999999999999999, 0.5000000000000001]",2.621611708067114,0
2016-12-30,2016-12-30,2017-01-31,2016-12-31,108,23,False,0,2,0.8072816770173231,5.453362068636656e-37,1.0,"[2.145746338956974e-37, 6.420017601793924e-38, 2.936738850473527e-37, 2.9506717695015777e-38, 1.1312707771601095e-37, 1.2841325611852705e-36, 0.0, 2.2992656710042804e-37, 6.147953056523308e-38, 1.1623429792604215e-36, 8.841480533903882e-37, 5.1600917448443765e-37, 5.626887496907756e-35, 2.628148154498354e-35, 9.848956757905126e-35, 3.6640145572977837e-35, 1.6525899590164048e-34, 9.447624671533581e-36, 1.0887249197137287e-35, 5.4703068072523626e-36, 2.3043697467632914e-33, 0.5000000000000002, 0.4999999999999999]",2.621611708067114,0
2017-01-31,2017-01-31,2017-02-28,2017-02-01,108,23,False,0,2,0.8023873938127977,8.033093266254719e-37,1.0,"[1.1947845922860566e-38, 4.68695999640515e-40, 4.123846769755402e-37, 2.3961128955768716e-37, 4.275761633338785e-37, 2.308747979001895e-36, 4.871681819421634e-37, 1.0210156600151505e-36, 5.7716608170986714e-36, 7.614551475087182e-38, 4.002573132953232e-36, 3.0693084050733104e-35, 6.426026848190972e-37, 2.602674560262791e-35, 9.905517998980074e-36, 0.0, 7.43085272444346e-36, 7.518281547340046e-34, 9.214682590374312e-34, 1.1409630259886897e-33, 1.2288784387519717e-34, 0.5000000000000002, 0.4999999999999998]",2.621611708067114,0
2017-02-28,2017-02-28,2017-03-31,2017-03-01,110,23,False,0,2,0.8033738392928109,1.0999355704783803e-36,1.0,"[1.3930222188444458e-38, 2.3143181899685082e-37, 9.713117547639936e-39, 2.953608595874626e-38, 2.6535092129597244e-37, 1.461898776506044e-37, 1.1150825385094509e-36, 9.311369084252304e-36, 5.706975950066114e-36, 4.83552241965578e-36, 1.7642921477791167e-34, 3.008256383782951e-35, 2.445718105004949e-35, 6.645606538476826e-36, 5.689599277564748e-35, 4.92994733901401e-35, 9.118217290368955e-35, 0.0, 5.7758305639777814e-34, 3.0337184910812106e-33, 3.462321578548656e-35, 0.4999999999999998, 0.5000000000000003]",2.621611708067114,0
2017-03-31,2017-03-31,2017-04-28,2017-04-01,111,23,False,0,2,0.802506421473295,8.420080169308687e-37,1.0,"[9.527021474088722e-38, 7.909687636140786e-39, 2.3629648019405226e-37, 9.532219903266801e-37, 8.235257941618331e-37, 5.7423584706873535e-36, 1.2571242068570365e-37, 1.9781648779651213e-35, 4.595510878769829e-36, 1.9523709813004332e-36, 5.339038282280897e-35, 2.539304881211507e-35, 5.902587507645469e-35, 1.0878011617665282e-34, 2.7353952906809e-37, 2.226150410562432e-35, 4.758814144621331e-37, 0.0, 9.81229805075847e-34, 5.372937904226278e-34, 1.7175416188944124e-34, 0.5000000000000004, 0.49999999999999967]",2.621611708067114,0
2017-04-28,2017-04-28,2017-05-31,2017-04-29,112,23,False,0,2,0.8001603165152515,7.883691951091221e-37,1.0,"[1.6887787985284549e-37, 1.4441060363416414e-36, 3.287429483690019e-37, 5.958992721739664e-37, 1.6598199004117594e-36, 2.9316554222772642e-36, 5.1185690593888794e-37, 9.871521139644642e-37, 1.2043328100918357e-36, 8.371174641954921e-35, 1.0695786286664874e-34, 1.3576384510390372e-35, 6.036903795713571e-37, 5.117461169704064e-35, 2.6230589241519658e-36, 2.929200077803431e-35, 9.683396979499041e-35, 8.829865862567371e-35, 1.130505222213052e-34, 1.561215334369873e-36, 1.7761996022817078e-35, 0.5, 0.5]",2.621611708067114,0
2017-05-31,2017-05-31,2017-06-30,2017-06-01,112,23,False,0,2,0.7899237491014492,5.276689737183631e-37,1.0,"[1.590596852137747e-37, 5.805958627754446e-38, 1.458700239342253e-37, 1.8347544392550636e-37, 7.050196964084212e-38, 3.5084874928706936e-38, 5.080790955679625e-36, 8.331322753157168e-36, 8.543460130332312e-36, 5.7273206260823866e-36, 3.681384206687699e-35, 1.2098485891779336e-34, 5.998912337970494e-37, 1.411581570072262e-35, 0.0, 7.403117952976189e-35, 5.306012985572843e-35, 0.0, 1.2343985333072677e-34, 9.31781199904846e-34, 1.3466036991970838e-35, 0.5000000000000001, 0.4999999999999999]",2.621611708067114,0
2017-06-30,2017-06-30,2017-07-31,2017-07-01,112,23,False,0,2,0.7885674437384717,4.600058008531338e-37,1.0,"[1.9442535480233808e-38, 6.0608526552988335e-37, 3.1272019784577233e-37, 3.913578124794352e-37, 1.2008160496447711e-35, 9.039904486630234e-38, 1.3393295397216815e-36, 7.937553332214299e-36, 2.098608861569569e-38, 3.975369839410921e-37, 1.1176334158185982e-36, 1.3949173872561603e-35, 3.6691327564818914e-36, 0.0, 1.0909389008668718e-35, 1.5456352230399994e-36, 3.378020093857323e-35, 1.1109770690163097e-35, 1.744370253983789e-34, 4.543883225399691e-35, 1.802993309582434e-33, 0.49999999999999956, 0.5000000000000004]",2.621611708067114,0
2017-07-31,2017-07-31,2017-08-31,2017-08-01,112,23,False,0,2,0.7874109248182122,2.1173803467487514e-36,1.0,"[2.556458328037546e-38, 2.3325209077790757e-36, 4.061202833799452e-37, 6.0707251761903e-37, 1.385545132403424e-36, 6.880867107846914e-37, 1.4735595688177009e-37, 2.0800677407329827e-36, 1.0433296777707013e-35, 4.946253274365778e-35, 8.182631005787108e-36, 5.198215530116779e-36, 4.667485744439232e-35, 1.7751200840322413e-34, 3.180095309764109e-35, 1.2957170670966077e-34, 1.413170691210741e-34, 5.592852387932504e-34, 8.790517272671105e-35, 1.0755714755011583e-33, 1.5965579944592105e-32, 0.5, 0.49999999999999994]",2.621611708067114,0
2017-08-31,2017-08-31,2017-09-29,2017-09-01,112,23,False,0,2,0.7876873068544444,2.4334853570294836e-36,1.0,"[4.9864723550068605e-37, 1.3773512255937926e-36, 2.1327695363230174e-38, 3.5475961392708116e-37, 2.437811171491078e-36, 2.0218731028367145e-37, 0.0, 7.124987362472536e-36, 2.1288371066561877e-36, 5.772469008642857e-35, 5.271093446290665e-37, 1.7469224502914023e-35, 1.3063673462303066e-34, 2.2464154424505994e-35, 1.2479413074070629e-36, 1.5940794252345405e-36, 2.1289054939820485e-36, 1.0911915579107226e-35, 2.721594426399274e-33, 2.1581755967358505e-33, 1.50987188589057e-32, 0.5000000000000003, 0.4999999999999998]",2.621611708067114,0
2017-09-29,2017-09-29,2017-10-31,2017-09-30,112,23,False,0,2,0.7875328792072537,1.4958222989199931e-36,1.0,"[3.6501901247479646e-38, 9.323385653384494e-39, 1.1687102122129758e-37, 3.216792630605802e-39, 1.81303229554042e-36, 1.2936402740567823e-36, 5.61053375366167e-37, 7.753887027221104e-37, 3.000984535854023e-35, 3.5687847652531445e-36, 5.194771704239895e-35, 5.736988640280448e-35, 1.1192941053746106e-34, 1.407569618595581e-35, 4.913507168566462e-36, 4.074348028391885e-35, 8.410473070970177e-36, 4.2999599531593995e-35, 6.831954918195161e-34, 9.144336452130643e-33, 1.0837474087261985e-35, 0.5000000000000003, 0.49999999999999967]",2.621611708067114,0
2017-10-31,2017-10-31,2017-11-30,2017-11-01,115,23,False,0,2,0.7955686596484209,2.630195875502533e-10,0.9999991820959097,"[2.1927724031358078e-10, 1.4612674749180443e-17, 8.39224321352463e-10, 5.801010523498954e-11, 6.558517433800523e-11, 2.5600043570317435e-11, 8.761015700696075e-12, 7.623859676673209e-11, 1.7066966939131896e-10, 4.3329551126127735e-09, 3.124669615248937e-10, 4.649841738760559e-08, 2.534578860612391e-10, 1.419661351480236e-10, 1.199224052965576e-11, 2.7880928652720095e-08, 2.6128635242426e-10, 9.55489704891072e-10, 1.493276029046878e-07, 4.0200095360916295e-07, 1.8446320724248138e-07, 0.49593545379217546, 0.5040637283037342]",2.621611708067114,0
2017-11-30,2017-11-30,2017-12-29,2017-12-01,115,23,False,0,2,0.7963540154404994,1.679582090332518e-10,0.9999994761668091,"[1.3706166225812652e-10, 2.3138278050834853e-12, 5.262017875840906e-10, 4.677288893549231e-11, 5.674630706339399e-11, 5.595236933710717e-11, 3.6935970754416394e-13, 1.3357271834188087e-10, 3.9761630780444606e-10, 2.0649459009989607e-09, 1.1515268968278003e-09, 2.6099854916196965e-08, 1.0925652749517241e-09, 3.084279862268721e-10, 1.9396030950686227e-11, 1.8794177352985456e-08, 2.0377667363496897e-10, 9.890742673341923e-10, 9.869308274093178e-08, 2.577842760410648e-07, 1.1527547966742653e-07, 0.49674975657197035, 0.5032497195948388]",2.621611708067114,0
2017-12-29,2017-12-29,2018-01-31,2017-12-30,115,23,False,0,2,0.7989715371345252,6.391095440342217e-10,0.9999980297010019,"[5.292890690884884e-10, 2.0385538481617853e-11, 2.130866229273416e-09, 1.4652815154600275e-10, 3.892924269602158e-11, 6.23910720610165e-12, 2.5317154350413784e-11, 1.6333605339380061e-12, 1.0497119605796933e-08, 3.0072268134771986e-10, 1.4078549218559422e-08, 8.115888270562493e-08, 2.2342062368302163e-09, 4.834300403941113e-09, 2.8703914559689056e-09, 6.399084503618398e-08, 6.910803597120014e-11, 1.5667755457128948e-08, 3.4541081100839674e-07, 9.398947505311083e-07, 4.863923677439433e-07, 0.49368611561657777, 0.5063119140844242]",2.621611708067114,0
2018-01-31,2018-01-31,2018-02-28,2018-02-01,115,23,False,0,2,0.7945578338449865,4.5299234357754507e-10,0.9999985180696386,"[3.9263411183901955e-10, 1.3728506206062948e-12, 1.5225124733894917e-09, 2.711759272704597e-10, 1.0160697117278012e-10, 2.214270048834472e-11, 2.557407509020254e-11, 9.188405220840256e-11, 7.478121621540638e-09, 6.805287084930271e-09, 2.771070389173775e-08, 1.7811294054068744e-08, 9.541370303834536e-09, 6.454931037189973e-09, 6.93219145967612e-09, 3.7462018093203026e-08, 2.3465945224373048e-08, 5.5619870375503995e-09, 1.8913261986020076e-07, 4.300291546147221e-07, 7.111158338789523e-07, 0.4948308829173052, 0.5051676351523334]",2.621611708067114,0
2018-02-28,2018-02-28,2018-03-29,2018-03-01,115,23,False,0,2,0.7985772853046176,3.551575418587609e-09,0.9999859199714605,"[1.5100294374580808e-09, 1.345322120865591e-10, 5.181539934997897e-09, 1.9460440900498172e-09, 4.782070535701375e-10, 1.4068142382139037e-10, 6.523003828383605e-11, 1.174366191039367e-10, 6.599341595464791e-08, 1.4394486319238788e-07, 2.891858540809055e-07, 1.3479837769923917e-08, 9.272024806396004e-08, 8.173622201395643e-08, 1.8685746908678785e-08, 4.08197369467467e-07, 1.7697339317583128e-07, 1.5427377348790166e-08, 1.8840721883265856e-06, 4.888626409561558e-06, 5.991411912797609e-06, 0.4835360328615449, 0.5164498871099156]",2.621611708067114,0
2018-03-29,2018-03-29,2018-04-30,2018-03-30,115,23,False,0,2,0.7972327989931195,3.150530449415416e-09,0.9999871403786111,"[1.392570295669017e-09, 1.860481667385397e-10, 6.225020124777664e-09, 1.3624169740367341e-09, 3.8157664122225036e-10, 2.1978092615216323e-10, 1.955120139786915e-11, 2.7290296858246604e-09, 5.304351968612997e-08, 1.1857228049843134e-07, 2.4067844430243526e-07, 7.264523993655163e-08, 8.311181614704537e-08, 2.6301737313377628e-08, 1.2974203069596409e-08, 2.794162487125715e-07, 2.0011484258859411e-07, 3.1142477007021483e-09, 1.3349958612359762e-06, 4.8435717153974114e-06, 5.578565238276523e-06, 0.48484754200816854, 0.5151395983704425]",2.621611708067114,0
2018-04-30,2018-04-30,2018-05-31,2018-05-01,117,23,False,0,2,0.7975287067514204,1.46855528458305e-09,0.9999948245922216,"[1.105078465114142e-09, 1.920936363271021e-10, 7.802214539478137e-12, 5.706618348858995e-09, 8.816487931990758e-10, 3.3999384895274464e-10, 2.108132803190327e-11, 1.3739069485787684e-09, 2.1060941952215365e-08, 2.883486550742365e-08, 5.133680558712882e-08, 8.659821379863942e-08, 5.914076755212472e-08, 2.1353702674595695e-08, 4.253557442196015e-09, 4.9187339258489324e-08, 8.03780208522877e-08, 1.2266999906462079e-08, 5.067187746977204e-07, 1.9952836600583138e-06, 2.2493659056108267e-06, 0.49060055205350855, 0.5093942725387129]",2.621611708067114,0
2018-05-31,2018-05-31,2018-06-29,2018-06-01,118,24,False,0,2,0.7743275715829635,3.419802625454953e-09,0.9999784392981207,"[1.2521308820162086e-09, 3.409147348921793e-10, 5.713131878018889e-09, 2.702010072845906e-12, 2.3758061209582652e-08, 6.606188557793345e-11, 7.296774007034647e-12, 3.083144038366561e-08, 7.759441532436868e-08, 3.082560453103412e-08, 1.5713615238268628e-09, 6.002848344967143e-07, 1.850306447840899e-07, 5.244253526862587e-08, 1.322897647902556e-08, 8.163235604893986e-08, 2.3111987877044864e-08, 1.1559425439522998e-07, 2.1834601533068933e-06, 1.2438175379153052e-07, 6.908199700306506e-06, 1.110137156122836e-05, 0.48214570391994976, 0.517832735378171]",2.6649110640673523,0
2018-06-29,2018-06-29,2018-07-31,2018-06-30,119,25,False,0,2,0.767879974874058,1.4099798319883174e-10,0.9999994518097117,"[5.977286768866383e-11, 3.489888529806701e-11, 1.909287535908597e-10, 4.1223436137332584e-11, 6.066678073646168e-09, 9.137197003119804e-11, 1.4810186907484388e-11, 2.640915781938602e-10, 2.5431273048301566e-09, 1.407377454330386e-09, 3.113891945420994e-10, 1.2599729794918857e-09, 2.628741068583805e-08, 7.889001289255837e-10, 6.387297951380658e-10, 7.60176587789858e-10, 1.6225928510514605e-09, 4.957436696299738e-10, 1.9725442248041646e-09, 4.6546725513264784e-08, 7.642511047714379e-09, 2.3794375507063597e-07, 2.1120555587442093e-07, 0.49755074480841954, 0.5024487070012922]",2.707661115402472,0
2018-07-31,2018-07-31,2018-08-31,2018-08-01,120,25,False,0,2,0.7687481946221562,1.1681177363398782e-36,1.0,"[2.477272280174441e-37, 3.35452304064207e-36, 2.343470342215736e-37, 1.3748586136639616e-36, 3.4944166132989216e-37, 8.811648488807422e-37, 6.251474959429398e-37, 1.1279310725117667e-36, 1.9378223838679073e-36, 6.803999225179264e-35, 1.121896253399494e-35, 1.7876314397770489e-37, 0.0, 2.065227425119113e-34, 5.872805025799565e-35, 2.9521234342377403e-37, 3.005735270246235e-35, 1.5372109379281793e-37, 2.415472114723213e-35, 4.140459065616527e-35, 3.68892160878288e-34, 6.90419188433024e-33, 8.333095425679625e-34, 0.49999999999999967, 0.5000000000000004]",2.707661115402472,0
2018-08-31,2018-08-31,2018-09-28,2018-09-01,120,25,False,0,2,0.7612177507414228,9.493085460388513e-37,1.0,"[2.7953319806902963e-38, 6.385633816967973e-37, 9.887661637104735e-37, 2.492680551752925e-37, 1.0438525376301543e-36, 1.0969670979612604e-36, 3.630229996358975e-36, 6.0172701508750754e-36, 9.56931137464077e-36, 2.6640918027516984e-37, 5.037514556253305e-36, 0.0, 8.2200993430881e-35, 7.15386062975402e-36, 2.5591795095338167e-36, 1.1197964829245989e-35, 2.1180639133324474e-36, 1.378944888552148e-35, 6.52255936914002e-36, 2.0657169202573044e-34, 1.0404694592462198e-34, 1.1219628617764192e-32, 2.898187655761122e-34, 0.5000000000000007, 0.4999999999999993]",2.707661115402472,0
2018-09-28,2018-09-28,2018-10-31,2018-09-29,120,25,False,0,2,0.758964204606215,5.610121495323097e-37,1.0,"[7.413469346402917e-38, 7.945166758490258e-38, 5.0396481020837946e-39, 8.321247197910755e-39, 6.006100345896525e-37, 1.917518597951414e-37, 7.665677123652288e-36, 4.735902920578524e-36, 1.2092438187010437e-35, 5.7961275958115994e-36, 4.170557544712376e-36, 4.164334835336467e-37, 1.695862139596862e-35, 6.521691129180753e-35, 4.989940329148654e-35, 6.933652347463145e-35, 1.6674141639731899e-34, 3.99277119945309e-34, 3.414824058491889e-35, 2.938873815489066e-34, 9.395584476866804e-35, 1.10233180636381e-33, 5.820272914394363e-34, 0.5000000000000003, 0.4999999999999997]",2.707661115402472,0
2018-10-31,2018-10-31,2018-11-30,2018-11-01,120,25,False,0,2,0.7653012210577571,5.174165575982761e-37,1.0,"[4.702853371610675e-38, 5.407940091356804e-37, 9.91450315006593e-38, 2.3814264455308074e-37, 1.5311583534840746e-38, 1.0499151437215021e-36, 1.7712308283406691e-37, 8.604830606312782e-37, 1.6092237923629026e-36, 1.0691055179057969e-37, 1.0746038757911869e-35, 1.24211917888306e-35, 6.912488858136383e-36, 2.433995086477211e-35, 2.486729538893923e-36, 1.0739802836164772e-35, 5.8203438600766e-35, 3.164613007401229e-34, 2.3766092460657562e-37, 5.101063941654526e-35, 1.050066545587985e-34, 5.664035826612195e-34, 5.7096191529696154e-33, 0.5000000000000003, 0.49999999999999967]",2.707661115402472,0
2018-11-30,2018-11-30,2018-12-31,2018-12-01,120,25,False,0,2,0.7622475141197124,5.212057443159275e-37,1.0,"[8.99929738359813e-39, 2.754033269235459e-37, 5.3258099802021484e-37, 2.148764378387801e-37, 1.0000225682388643e-37, 2.6926527731543803e-36, 4.6427901877193296e-36, 6.525978127277341e-37, 2.5655766630194203e-36, 2.524137811426994e-37, 6.424764798999362e-35, 1.3781582235752584e-35, 4.2483656128431737e-35, 7.10335603414071e-37, 2.247557867970462e-35, 4.622376157490952e-35, 2.755537766471771e-34, 3.6873039760219996e-35, 6.852946207561938e-35, 4.0703376403766267e-35, 3.523349252037311e-35, 6.076595273505739e-34, 1.804808696229013e-33, 0.5000000000000007, 0.4999999999999994]",2.707661115402472,0
2018-12-31,2018-12-31,2019-01-31,2019-01-01,120,25,False,0,2,0.7752043486656685,9.023491987983384e-37,1.0,"[5.7578310664396956e-39, 4.767494028110827e-38, 4.4119793825275677e-38, 1.5136655833219547e-37, 6.014907870507189e-37, 6.0668230602711294e-37, 3.797450906236641e-36, 2.4360169743609563e-37, 4.118422140614055e-37, 8.784573631422877e-36, 1.0793729910114473e-36, 9.888132474905282e-36, 3.051401908689739e-35, 1.3023586632883553e-36, 1.4236881261451127e-35, 1.275526441222175e-35, 1.5747343438266289e-34, 2.0165391799581346e-34, 1.9327336234582043e-34, 1.1520157162165064e-34, 8.407049132798608e-36, 7.687105761309557e-33, 1.7486572821064116e-34, 0.4999999999999998, 0.5000000000000002]",2.707661115402472,0
2019-01-31,2019-01-31,2019-02-28,2019-02-01,120,25,False,0,2,0.7913241084365072,4.298701641876811e-37,1.0,"[1.4482510267487267e-40, 8.648544303854437e-38, 7.672241382138172e-39, 2.3031133098841915e-38, 9.436678729674539e-38, 2.929759994858065e-36, 1.8485777427004845e-36, 5.9642732054124323e-36, 6.117700665808561e-38, 1.294288342943293e-36, 4.297327773282493e-37, 8.884750740484866e-36, 9.677272688761372e-36, 2.8658511696981205e-37, 3.251494204537382e-36, 3.884403239665772e-36, 1.468721089837585e-36, 5.041129696162432e-34, 4.0871988398432796e-37, 5.571214394477744e-35, 3.922598838014676e-35, 1.0751972953555495e-33, 1.297456207431245e-33, 0.4999999999999994, 0.5000000000000007]",2.707661115402472,0
2019-02-28,2019-02-28,2019-03-29,2019-03-01,122,25,False,0,2,0.7885579152029837,1.126027246155862e-36,1.0,"[1.192453985469268e-37, 1.3917305459472307e-37, 2.020366810074582e-37, 1.227315419053023e-36, 6.015242820540676e-39, 1.7501237936471744e-37, 3.538951415882739e-36, 3.6171508104212116e-35, 4.0642183328906205e-37, 2.0047505678634836e-35, 1.7116410906290828e-36, 2.7409012124965847e-35, 1.3944072555473981e-34, 1.0308889112124494e-35, 5.2701824162250805e-36, 1.4783324365162842e-34, 6.524093674955334e-35, 7.796199962477869e-36, 4.7465965121062603e-35, 2.219213560060829e-34, 2.5385533245287384e-34, 3.658498970504227e-33, 1.9943470607238134e-33, 0.5000000000000003, 0.49999999999999967]",2.707661115402472,0
2019-03-29,2019-03-29,2019-04-30,2019-03-30,122,25,False,0,2,0.7886322792343061,6.861855002499318e-37,1.0,"[1.056693440744655e-37, 2.9852850039076146e-39, 6.626897145614113e-38, 1.8227387629099955e-36, 6.580455449121768e-38, 1.1046615639530977e-37, 1.704791743454864e-35, 0.0, 1.3663423671137077e-36, 6.556210150374927e-36, 3.2111261775066246e-35, 8.853966182984879e-36, 7.674364979362445e-36, 1.6575251990173562e-35, 3.6516963166735834e-35, 8.003515671943153e-37, 1.338934873740619e-35, 2.304575290732915e-34, 2.4048693514975448e-35, 8.348228598286761e-34, 1.5020453047947247e-34, 2.900291901614707e-35, 4.657478657635053e-34, 0.5000000000000006, 0.49999999999999944]",2.707661115402472,0
2019-04-30,2019-04-30,2019-05-31,2019-05-01,122,25,False,0,2,0.7900683531740879,5.2443722825776225e-37,1.0,"[2.95444506837659e-38, 3.7638086332855383e-39, 1.9425378420384748e-37, 2.4412897586050364e-37, 2.065729133924945e-37, 1.1576901226951655e-36, 5.296542293348694e-36, 2.159990375055228e-37, 1.8685656749214334e-36, 7.850551128019757e-38, 6.583087781570934e-37, 1.9791149744448948e-35, 2.7951549200533446e-36, 3.638182374846644e-35, 3.364299155361834e-36, 2.6815981939706945e-36, 1.3708230452959454e-36, 1.2251009615019657e-35, 2.636537710785498e-39, 1.9262337394442552e-34, 5.347602462534497e-35, 3.903466541228536e-33, 9.017724926987519e-35, 0.49999999999999944, 0.5000000000000004]",2.707661115402472,0
2019-05-31,2019-05-31,2019-06-28,2019-06-01,123,25,False,0,2,0.7962398196944055,8.273337879855093e-37,1.0,"[2.135721584075493e-37, 3.5123724098474543e-38, 1.5827262161568156e-37, 3.379930531406475e-37, 1.4922044786627362e-38, 7.39418892694215e-37, 3.982964138795732e-38, 4.883157023134922e-38, 1.9084899474924728e-35, 3.5055311925650605e-36, 9.758661592535165e-37, 1.7105745310020436e-35, 5.332443258967585e-36, 1.0177141967741305e-36, 4.8752580049192956e-36, 8.932366119202634e-35, 2.5997902122396526e-35, 9.211549311902163e-36, 1.5682117332702362e-34, 2.065843303619606e-34, 3.244957703446962e-34, 4.3604227749724714e-34, 6.870473230538916e-33, 0.5000000000000002, 0.4999999999999998]",2.707661115402472,0
2019-06-28,2019-06-28,2019-07-31,2019-06-29,125,25,False,0,2,0.8003582911594842,6.4685264423138964e-37,1.0,"[4.707450755157215e-41, 1.1845516270607529e-37, 5.939730458269959e-38, 8.002274237414006e-39, 1.0172894552849408e-38, 2.089663065551595e-36, 1.08118366536311e-37, 2.1534517344775106e-36, 5.261481018751946e-36, 2.624358480010044e-36, 3.567606486255399e-36, 1.093492626654566e-37, 2.1341161528018482e-36, 1.9035837426333223e-35, 2.1694424936566024e-35, 7.544303387276593e-35, 7.511487826317316e-38, 2.3845485312815153e-34, 1.2067737068501527e-34, 3.055696566772408e-36, 5.7360190934413066e-36, 3.8210037145107246e-33, 3.943125784881213e-35, 0.49999999999999983, 0.5000000000000001]",2.707661115402472,0
2019-07-31,2019-07-31,2019-08-30,2019-08-01,125,25,False,0,2,0.8003602834231549,4.976486615672033e-37,1.0,"[1.2215687087557653e-39, 8.768999561582576e-38, 3.4938042722821556e-38, 3.4991517843615063e-37, 1.8614358192387036e-38, 4.852659547760516e-39, 6.391781272453847e-36, 4.477970881978365e-38, 1.5550812304538137e-38, 1.8698339161853332e-36, 3.773618005356762e-37, 3.859641453305906e-36, 2.162841587208068e-36, 8.342035372874679e-36, 1.2378089278271963e-34, 2.637288827204098e-35, 1.284305763305691e-35, 1.8526417869014463e-34, 2.0948339869655524e-34, 2.793224831378915e-35, 1.3247431102490346e-34, 8.790244603902946e-34, 4.3019684097464974e-35, 0.500000000000001, 0.4999999999999989]",2.707661115402472,0
2019-08-30,2019-08-30,2019-09-30,2019-08-31,125,25,False,0,2,0.8007951593312851,5.455094837279948e-37,1.0,"[3.9759952885642953e-38, 5.884173043822956e-38, 5.647584270244641e-39, 3.893250436779816e-37, 1.1994839737564374e-37, 2.7169026790131476e-38, 7.97855700724143e-37, 5.710991004403661e-37, 5.616375775613751e-38, 5.5018526406793265e-36, 3.5842246086050473e-37, 2.0151506547983834e-35, 4.509760141820705e-36, 8.879827446291097e-36, 4.598690687539136e-36, 5.888239267376677e-36, 2.854662625261015e-37, 1.1601057908137076e-34, 2.3763073679012177e-35, 4.983516219496776e-35, 3.483378473700806e-37, 2.8381213377366716e-33, 1.3801671995589232e-33, 0.49999999999999994, 0.5]",2.707661115402472,0
2019-09-30,2019-09-30,2019-10-31,2019-10-01,125,25,False,0,2,0.7965506835473936,8.424038225071424e-37,1.0,"[6.652230107325135e-40, 3.3226831152320805e-37, 2.504401948455899e-39, 5.793897429531035e-37, 4.418726038130079e-37, 4.3173640504052435e-37, 1.3887524307137659e-36, 2.209569335460509e-36, 1.735003569854849e-35, 3.4130665724163487e-35, 3.688034264728616e-35, 1.603156996791467e-35, 8.731884338730459e-36, 5.662507888221536e-36, 2.330559264346303e-35, 4.159497549072111e-35, 1.3874916106633706e-34, 5.643938537877519e-34, 5.752384929633372e-37, 2.1813852116379627e-34, 1.31146807437544e-34, 1.496837303663056e-34, 1.3194473608330582e-33, 0.49999999999999983, 0.5000000000000001]",2.707661115402472,0
2019-10-31,2019-10-31,2019-11-29,2019-11-01,125,25,False,0,2,0.7976773624151108,1.2683981520879291e-36,1.0,"[5.456548396318777e-38, 2.0896380033936984e-40, 2.5579552533678493e-38, 1.3721745146819686e-38, 5.103446748540298e-37, 2.4840683916310265e-37, 1.9732426340504133e-37, 5.586671487134235e-37, 7.113871958516362e-36, 4.5367045653688735e-39, 2.8363479988921815e-36, 6.036140231414603e-39, 1.4378027275972746e-35, 1.4105014953845264e-36, 3.123330584802471e-36, 8.947916065304507e-36, 0.0, 2.214622390599432e-34, 5.811586014096254e-35, 2.1685157228053463e-34, 1.6549668435609264e-37, 1.4422106961881901e-34, 1.8893719486646425e-32, 0.49999999999999856, 0.5000000000000014]",2.707661115402472,0
2019-11-29,2019-11-29,2019-12-31,2019-11-30,125,25,False,0,2,0.799027994449414,9.526052968579604e-37,1.0,"[1.9759615229225662e-38, 2.0699525154794014e-38, 1.909432864361939e-38, 7.085555685965565e-37, 5.690104245730525e-37, 1.1405925477036534e-36, 3.7273287523767835e-36, 5.6944139034361246e-37, 8.257882286805626e-37, 5.919646905353947e-35, 3.0956630730890044e-35, 9.357082368607096e-35, 2.0641864402275734e-35, 6.492729439326923e-36, 1.2478056627005984e-35, 1.368032895102271e-35, 1.1666701111683702e-35, 2.2081694798094765e-34, 2.547550780281019e-34, 5.723561854414011e-34, 1.61656937756971e-34, 4.7710927189156026e-34, 7.285544768646117e-34, 0.5000000000000004, 0.49999999999999967]",2.707661115402472,0
2019-12-31,2019-12-31,2020-01-31,2020-01-01,126,25,False,0,2,0.8011987499095683,5.500580312808669e-37,1.0,"[1.409793609954167e-37, 3.270074022951721e-37, 4.1439486430505565e-38, 0.0, 3.009231181284382e-37, 2.3869137318517335e-36, 1.153344394018769e-35, 2.3050709089625962e-36, 1.6644812218971483e-36, 7.515628012699026e-36, 7.639154870672343e-36, 3.6236002994344196e-36, 2.036208841136852e-36, 8.837714083706682e-35, 7.06790566409603e-36, 2.419771434553358e-35, 7.061158719440056e-35, 4.778104023462548e-35, 3.806987024549619e-35, 1.3414589252508883e-35, 2.325292467106549e-34, 2.9441964921746248e-34, 8.418004283882574e-37, 0.5000000000000012, 0.4999999999999988]",2.707661115402472,0
2020-01-31,2020-01-31,2020-02-28,2020-02-01,127,25,False,0,2,0.7995795126954423,4.601856982194562e-37,1.0,"[5.960022228671488e-38, 3.4843118783694896e-37, 1.2518516379710116e-40, 2.5445102863060125e-38, 3.040741926199245e-37, 1.7760009041948665e-38, 5.875300647902416e-39, 6.13553498520798e-37, 1.666755457551939e-36, 1.4898099608678802e-35, 3.2236190234530174e-35, 2.9624856172275313e-35, 1.1713690291781472e-36, 1.2975234539516657e-35, 7.400963872386944e-36, 1.24151072351947e-35, 1.3178986374583718e-36, 3.8210984918893234e-34, 6.014993157867345e-35, 5.409856726580986e-35, 5.9729627968178e-36, 3.0070512966470427e-34, 5.5451439207666456e-36, 0.49999999999999994, 0.5000000000000001]",2.707661115402472,0
2020-02-28,2020-02-28,2020-03-31,2020-02-29,127,25,False,0,2,0.8044439585736122,1.87176668888851e-36,1.0,"[1.5969152361241275e-37, 1.9510782257114896e-39, 1.037288946573509e-39, 3.0372753095670244e-37, 5.847611805091935e-38, 3.632161703008761e-37, 2.9351388614300826e-36, 1.44751297310785e-36, 1.2912430113180873e-38, 6.367664792781671e-37, 1.515564383805202e-35, 4.4204956005267144e-35, 5.091389875445813e-37, 6.209677587405864e-37, 1.2484086729202662e-35, 2.129912281904225e-37, 7.852242834601513e-36, 4.4198720032221696e-35, 2.981172690164491e-35, 2.595145236622343e-33, 4.2152046352242515e-34, 1.7127950071030982e-33, 1.512276096766928e-32, 0.49999999999999983, 0.5000000000000001]",2.707661115402472,0
2020-03-31,2020-03-31,2020-04-30,2020-04-01,127,25,False,0,2,0.8353171011070495,5.9791831534304815e-37,1.0,"[2.3425855388020274e-41, 3.2473988280897517e-38, 1.7283579522437214e-39, 2.5908047919614564e-38, 7.179819124452242e-38, 2.712717814143848e-37, 2.6019056131441036e-36, 1.0177505681083179e-37, 6.781339991920697e-36, 4.1529639577994066e-38, 1.409319303411387e-35, 3.090541900378723e-35, 1.1398452979221941e-35, 8.178700622145752e-37, 1.1125561597032142e-35, 7.240898150134846e-37, 4.184226147898155e-37, 2.5805558511769396e-35, 3.9271016043489105e-35, 4.9817770489348615e-34, 2.741975082387209e-35, 5.5744554140481465e-34, 6.2677588960818764e-34, 0.4999999999999999, 0.5000000000000002]",2.707661115402472,0
2020-04-30,2020-04-30,2020-05-29,2020-05-01,127,25,False,0,2,0.8407705382612829,3.333669047297057e-36,1.0,"[7.033756099938815e-38, 4.1500434755184864e-38, 1.5941113240167156e-38, 1.321155137303157e-37, 1.480066857197676e-37, 6.106683593880548e-39, 2.1366794189911194e-37, 5.2132703792698527e-36, 5.0994296088324596e-37, 5.657883351027663e-37, 7.762263298308564e-36, 4.616521063790111e-36, 1.5741614865371148e-35, 3.233314361475249e-37, 1.3153092168518518e-35, 4.024367000763321e-35, 9.244764150255769e-36, 2.153232928020942e-35, 2.8982454842632834e-35, 4.58451258614137e-34, 2.0898614578069628e-34, 7.406714409630989e-33, 2.2020739850513255e-32, 0.5, 0.5]",2.707661115402472,0
2020-05-29,2020-05-29,2020-06-30,2020-05-30,128,26,False,0,2,0.8119296191931382,2.469304878552608e-10,0.9999997654997583,"[1.3382395204640848e-11, 1.4320296618322206e-12, 1.2132464902948438e-10, 3.500247909346526e-11, 1.7267161590295083e-09, 2.928142668910163e-10, 3.9683164447746985e-10, 5.905863247708446e-13, 2.6455276927453274e-10, 6.067660730459622e-09, 2.3436896569589424e-09, 4.764551525538003e-09, 3.6330160602351784e-09, 8.532660397617358e-10, 1.911862021367065e-09, 6.019783130451818e-10, 5.395534673816515e-09, 1.1631374694416875e-09, 2.5004521037224247e-09, 5.376075597612838e-08, 4.225950608959063e-08, 5.181885166076177e-08, 4.3724695882697867e-08, 1.084863651845676e-08, 0.4975375746549463, 0.502462190844812]",2.7498945105421004,0
2020-06-30,2020-06-30,2020-07-31,2020-07-01,128,26,False,0,2,0.8109876833690207,1.077590374894272e-36,1.0,"[5.278563210342392e-38, 1.459786501236167e-37, 1.0886042343544387e-38, 9.664592658459147e-38, 1.9152501074840532e-37, 6.30102312794189e-38, 7.863407949913764e-38, 8.77131318931636e-36, 8.16915792573725e-36, 4.8875023664089365e-36, 2.144420572769052e-35, 6.529356835037094e-36, 2.6807072533016293e-36, 3.9716580283646164e-36, 6.9805349045998e-35, 2.6698648186232644e-35, 2.2652226318194787e-35, 7.61967428444761e-35, 7.750180330579644e-36, 4.511336716473448e-34, 1.0162994052602258e-34, 1.3555069630491435e-33, 4.194323243268988e-34, 8.854165473244886e-34, 0.4999999999999993, 0.5000000000000007]",2.7498945105421004,0
2020-07-31,2020-07-31,2020-08-31,2020-08-01,128,26,False,0,2,0.8177613042582108,8.266935997655884e-10,0.9999992309848298,"[3.278650786503673e-11, 2.6970546369743356e-12, 4.831911112522976e-10, 3.7106996920685116e-10, 5.186586100952632e-09, 1.7517946482922373e-09, 6.217611951642765e-10, 3.9403731598640125e-10, 2.334885277380523e-10, 1.9205506608342707e-08, 4.348560443712756e-09, 2.3050904429790054e-08, 1.0603729611056063e-08, 4.4342877417490307e-11, 2.7325654515256685e-09, 3.753412987524185e-09, 2.46292206293804e-08, 1.1148313926323376e-08, 2.082351314312653e-08, 2.720380408468486e-07, 6.114077376641346e-09, 1.6815184511236766e-07, 1.0765398895875742e-07, 8.563973541283603e-08, 0.4955186288135273, 0.5044806021713024]",2.7498945105421004,0
2020-08-31,2020-08-31,2020-09-30,2020-09-01,128,26,False,0,2,0.8145262278566275,3.6658122530087676e-36,1.0,"[1.5852305281583334e-40, 2.9514944207181193e-37, 1.4662542627764154e-37, 5.258902334630856e-37, 1.2007895681021282e-36, 7.188695995818684e-39, 7.484947924669248e-36, 3.694620776833187e-36, 4.344606148604521e-37, 5.964513172725243e-36, 2.5467179741416806e-35, 6.001031355170807e-36, 1.2749322660709198e-35, 1.1424353662264224e-35, 1.085689109284923e-34, 1.4493758441922707e-36, 1.7959470261267157e-35, 8.837950151517366e-35, 9.098048598802881e-38, 2.0868517898420922e-34, 1.7864761122734793e-34, 5.017618201115774e-33, 6.227000935730045e-34, 2.099337999001254e-32, 0.5000000000000004, 0.49999999999999956]",2.7498945105421004,0
2020-09-30,2020-09-30,2020-10-30,2020-10-01,129,26,False,0,2,0.8148285909824061,7.829048413093878e-12,0.9999999927095969,"[3.7608275330389035e-13, 3.22124893172741e-13, 4.705717794979573e-12, 2.357704089133164e-11, 2.931351652653823e-11, 1.659789827046877e-11, 4.156221282465267e-12, 1.1439767410073545e-12, 4.547300730539965e-11, 4.2608430080539726e-14, 9.827980000142775e-11, 4.547527415391366e-10, 7.81346171030133e-13, 1.1274965836812423e-10, 8.964101385527535e-12, 1.8380622503405406e-10, 1.6135456706356844e-10, 1.7988410701735265e-10, 4.597124783755431e-10, 1.0618961866841183e-09, 9.729796675370202e-10, 1.6603347504584225e-09, 7.771206695295024e-10, 1.032078670193505e-09, 0.49956709322484627, 0.5004328994847507]",2.7498945105421004,0
2020-10-30,2020-10-30,2020-11-30,2020-10-31,129,26,False,0,2,0.8127318387440771,1.1173153047884416e-09,0.9999989270868864,"[4.201846380299907e-11, 5.9527024818365e-11, 6.601936780794569e-10, 3.9751001504267546e-09, 4.137122169821244e-09, 1.6349203115705007e-09, 9.8078270310235e-10, 9.852632691170643e-11, 6.769499833425118e-09, 1.1290032494971122e-08, 2.6556935418881068e-09, 5.422516466399457e-08, 6.217919544335252e-09, 1.5932784797951023e-08, 7.74495797144793e-09, 1.2759806102933069e-08, 1.62809403810475e-08, 6.899059685870626e-10, 8.432225978120604e-08, 1.0595741174674606e-07, 2.235049664433152e-07, 3.206317006844866e-07, 8.505017068826045e-08, 1.0729170814858822e-07, 0.4948000207397368, 0.5051989063471496]",2.7498945105421004,0
2020-11-30,2020-11-30,2020-12-31,2020-12-01,130,26,False,0,2,0.8188039007157878,4.2155247327120867e-10,0.9999996247653811,"[2.441426299660698e-11, 1.4652114121431757e-11, 2.0502684962983946e-10, 1.7957729103379835e-09, 1.142127532743626e-09, 4.051223889344034e-10, 3.206543219040513e-10, 4.5949550047268466e-11, 3.745427245390504e-09, 4.104960867318332e-09, 9.69585183615989e-12, 1.848731302889848e-08, 1.0708405656567735e-12, 4.8813627924423194e-09, 6.914288124787703e-09, 2.836946771218046e-09, 3.3456928295729856e-09, 2.1873548331487455e-08, 1.2662607968436128e-08, 1.850291744208e-08, 1.2656140176799216e-07, 8.416382690108443e-08, 2.3608084475134455e-08, 3.9581753790369e-08, 0.4968282095703702, 0.5031714151950109]",2.7498945105421004,0
2020-12-31,2020-12-31,2021-01-29,2021-01-01,130,26,False,0,2,0.8188661334449896,3.679414122614808e-10,0.9999996763110482,"[1.5682813533489018e-11, 1.8867033269980784e-11, 1.7105054850530967e-10, 1.4406641996617797e-09, 1.348774446788567e-09, 2.8733986780657763e-10, 9.525451399241095e-10, 7.91718622513344e-12, 2.455242958930736e-09, 3.4638832980350615e-09, 1.18274152413632e-12, 1.637789958625558e-08, 8.727972538772042e-12, 3.957657442894036e-09, 6.6879379951696765e-09, 2.079413549220195e-09, 3.731736138587753e-09, 4.309016377359195e-09, 2.397725491506859e-08, 2.6356097890532747e-08, 1.0400302436551944e-07, 7.399437217410718e-08, 1.861675150912648e-08, 2.9425911587157025e-08, 0.49703053889514826, 0.5029691374159]",2.7498945105421004,0
2021-01-29,2021-01-29,2021-02-26,2021-01-30,130,26,False,0,2,0.8153964508118008,4.083634854835851e-09,0.9999963979038735,"[1.240090743729437e-10, 1.278648065268209e-10, 2.3804069809850954e-09, 1.7976892661986167e-08, 1.7406861724329594e-08, 2.520444346196834e-10, 1.2189765110167184e-08, 1.9440926356365398e-13, 4.1089767766047956e-08, 3.189285202731163e-08, 1.6426558636563418e-08, 6.78894551497552e-08, 2.9431657672958334e-08, 1.0403916130773154e-07, 4.7239440064317374e-08, 2.2443712183651017e-08, 4.459231608576025e-08, 2.2666000823581215e-09, 2.43448579251467e-07, 5.650506876613052e-07, 9.467759980395591e-07, 9.763214771854009e-07, 1.4826448747251365e-07, 2.6446533666843436e-07, 0.4899448023319267, 0.5100515955719468]",2.7498945105421004,0
2021-02-26,2021-02-26,2021-03-31,2021-02-27,130,26,False,0,2,0.8165424328335138,8.943057348582693e-09,0.9999926467820274,"[2.792161057628861e-10, 3.0230267817530546e-10, 5.0789393209939416e-09, 5.130776457357371e-08, 1.1273279837838119e-08, 5.479152354942546e-12, 2.4154712834875048e-08, 8.497586415134429e-08, 1.2001728420654897e-08, 5.111754838950764e-08, 5.989541569023977e-08, 1.383786669721566e-07, 6.807149927622626e-08, 1.1265089433048859e-08, 2.5329228957734947e-07, 5.573557674173179e-08, 8.119793649244058e-08, 1.422905084738707e-08, 4.258276474832798e-07, 6.624340121389373e-08, 3.0952592363436046e-06, 2.146800804554576e-06, 2.534665777439548e-07, 4.430579449368297e-07, 0.48527772551729825, 0.5147149212647292]",2.7498945105421004,0
2021-03-31,2021-03-31,2021-04-30,2021-04-01,132,26,False,0,2,0.8151571631002971,7.188919746795221e-09,0.9999940010663362,"[2.6799825083652446e-10, 2.0882476163345423e-10, 4.087744723358716e-09, 4.2521410056476186e-08, 6.189509924772549e-09, 3.0920113969604627e-10, 2.064437878095363e-08, 6.728768095230239e-08, 1.4747757719200142e-08, 3.68487227093403e-08, 5.991958468351945e-08, 1.1713638552426945e-07, 4.576480517585101e-08, 2.0425104997636735e-07, 1.4770089112000221e-08, 3.531170812194051e-08, 2.1510855582399725e-07, 2.1961840702128067e-08, 9.488298550933739e-08, 1.5511275792547722e-08, 2.6248568523406168e-06, 1.677540471663081e-06, 1.7685971615656744e-07, 5.01945114354059e-07, 0.48686209189604174, 0.5131319091702944]",2.7498945105421004,0
2021-04-30,2021-04-30,2021-05-28,2021-05-01,132,26,False,0,2,0.8166886148404262,9.183077643775366e-09,0.9999923241166712,"[5.229407580134144e-10, 6.602790362010793e-11, 5.578776312227217e-09, 5.380354952026293e-08, 5.597644526287471e-09, 8.806795997205851e-10, 2.9797634779818003e-08, 9.051262648531742e-08, 9.366400774990215e-11, 4.4386707940159794e-08, 7.034376791665037e-08, 1.2736085397900404e-07, 1.0752987195678264e-07, 4.3529882981791074e-08, 1.9989173410387542e-07, 4.3566047637303116e-08, 2.6543711511555016e-07, 1.9395359270986623e-08, 3.315362896142551e-08, 3.5255026792304063e-07, 3.2063619397707776e-06, 1.999488213665464e-06, 1.3377792580362885e-07, 8.422564679460082e-07, 0.4851773121199439, 0.5148150119967272]",2.7498945105421004,0
2021-05-28,2021-05-28,2021-06-30,2021-05-29,133,26,False,0,2,0.8145478387211011,1.4072500415865907e-08,0.9999880271372453,"[8.841758322744095e-10, 2.1968991431571625e-12, 7.521138826707003e-09, 8.37952031046349e-08, 8.229948431618545e-09, 3.7503507956749975e-09, 1.0988728724988245e-07, 1.1165690755217558e-07, 4.458028098176545e-08, 1.0923686112266657e-07, 4.531649403489129e-10, 9.432311385042917e-08, 5.972868243328065e-07, 1.285469221225642e-07, 2.7330385569076983e-12, 4.879095529128104e-08, 2.007358915610028e-07, 6.401108841992601e-07, 9.163206590640983e-11, 1.7798134215827582e-07, 5.221560175454477e-06, 2.7764095292339437e-06, 2.86598405681232e-07, 1.3204268299243894e-06, 0.4814013096475732, 0.5185867174896721]",2.7498945105421004,0
2021-06-30,2021-06-30,2021-07-30,2021-07-01,133,26,False,0,2,0.8132838088039106,2.007866975866515e-08,0.9999824025068703,"[1.3472507987362282e-09, 3.013666635092829e-11, 1.1387232238778178e-08, 9.185968931078646e-08, 3.7848991785441937e-08, 2.500774607626688e-09, 2.98879361342518e-07, 6.133898587707139e-08, 6.974769061452621e-08, 1.5796115561758395e-07, 1.6843364415898867e-09, 1.491302262745875e-07, 4.970030360404461e-07, 6.213599446348463e-07, 1.1170663785317455e-09, 2.1511405858275457e-08, 2.517922784042252e-10, 1.244316122309904e-06, 1.314287594640393e-09, 5.926102311615347e-07, 6.787493795358836e-06, 4.005939011435188e-06, 4.369590929677774e-07, 2.5039015122161885e-06, 0.47703129587111504, 0.5229511066357552]",2.7498945105421004,0
2021-07-30,2021-07-30,2021-08-31,2021-07-31,133,26,False,0,2,0.8115559286655418,2.236244524770204e-08,0.9999807802653726,"[1.6324236771085034e-09, 2.3501515675018194e-10, 1.8492579838120206e-08, 9.347236818587847e-08, 3.735334633857245e-08, 2.4073535217696883e-09, 3.1180684153275176e-07, 7.168357148496106e-08, 3.068624124557231e-08, 2.2625144389755682e-07, 2.3505074001715233e-08, 1.2008448993833522e-07, 3.4379630011180196e-07, 9.421730181439654e-07, 3.6204701252744375e-09, 1.2334767287677358e-11, 7.117302961344423e-10, 1.3040702396774598e-06, 1.2666245006484523e-07, 1.1094536111186377e-06, 6.945717636847609e-06, 4.600013497136902e-06, 5.992875450066475e-07, 2.3066050450558903e-06, 0.4759755378245561, 0.5240052424408166]",2.7498945105421004,0
2021-08-31,2021-08-31,2021-09-30,2021-09-01,134,26,False,0,2,0.8116370709661315,2.0649116320271786e-08,0.9999820995693044,"[1.6035196707946532e-09, 1.3993585963200288e-10, 1.712599971161276e-08, 8.663039827690024e-08, 4.4000700083187544e-08, 4.05287529141653e-09, 2.885522466525306e-07, 2.1099423312455084e-08, 6.1680884920665516e-09, 2.612139495747638e-07, 3.54178021714943e-08, 1.196986836127643e-07, 3.133065758569579e-07, 8.727322762207161e-07, 4.015560556117799e-09, 1.5670268080703102e-10, 1.8251703356860274e-09, 1.1792071095164533e-06, 1.2128508282306863e-07, 7.779898127507123e-07, 6.714942431642144e-06, 4.35247761463786e-06, 5.248521478394144e-07, 2.1519365879693876e-06, 0.4769126382032913, 0.5230694613660132]",2.7498945105421004,0
2021-09-30,2021-09-30,2021-10-29,2021-10-01,135,26,False,0,2,0.8129217427185411,2.665777035326021e-08,0.9999768323849315,"[2.1252106097657887e-09, 9.21133670451239e-11, 2.3853749625457538e-08, 1.2933862184255224e-07, 4.024588331110362e-08, 3.286133224500139e-09, 3.1582502030668917e-07, 2.2644281953478027e-08, 3.516609785937979e-09, 5.197546357639444e-07, 2.987499054052148e-08, 1.81281248086947e-07, 3.948317774272054e-07, 1.0015139368631041e-06, 1.662301833870386e-08, 8.309425772049416e-11, 2.201265813969963e-09, 1.48416234860134e-06, 1.8430365320128173e-07, 8.454661795594623e-07, 9.153199798300412e-06, 5.337604580357837e-06, 7.644427358126416e-07, 2.711344181537365e-06, 0.47346867987313457, 0.526508152511797]",2.7498945105421004,0
2021-10-29,2021-10-29,2021-11-30,2021-10-30,136,26,False,0,2,0.8125467858988039,2.1738097308710766e-08,0.9999808383191604,"[1.7656613654815517e-09, 1.9679422132802444e-11, 2.190574212653968e-08, 7.377399525933243e-08, 5.576001719055056e-08, 6.0810502094674166e-09, 3.030935415197861e-07, 2.325317242870936e-08, 2.0738719995410504e-07, 8.315324196779866e-10, 1.9517706426359045e-07, 4.234103214372527e-07, 4.861560428398806e-10, 6.422766965290491e-08, 5.740063683046372e-07, 7.070168441626264e-08, 1.2930197238017844e-08, 8.184304601011174e-07, 2.470358410025323e-07, 4.221947279102929e-06, 4.476997460500606e-06, 4.381759618640248e-06, 1.2533153288727339e-06, 1.7273837980274941e-06, 0.4760649122885295, 0.523915926030631]",2.7498945105421004,0
2021-11-30,2021-11-30,2021-12-31,2021-12-01,137,26,False,0,2,0.8168554157877478,5.007511016198044e-09,0.9999945432614747,"[5.021240638909892e-10, 3.227015894278898e-13, 6.177749472650989e-09, 1.0002711943443358e-08, 3.029301771063998e-08, 9.529380084094887e-10, 7.311946664786181e-08, 8.126962471796902e-10, 3.9166397893215115e-08, 1.5148802078183862e-12, 2.2149846478228843e-08, 2.528973669884977e-07, 1.4302418412717885e-09, 4.940887222697576e-08, 1.2826334504937765e-07, 1.306138042461432e-08, 6.813110390223877e-09, 2.636573083946083e-07, 8.023220497112425e-08, 8.333728753176974e-07, 1.8292647013550832e-06, 1.1226055305499931e-06, 3.5526326246100403e-07, 3.3728953923322104e-07, 0.4880092295392536, 0.5119853137222212]",2.7498945105421004,0
2021-12-31,2021-12-31,2022-01-31,2022-01-01,138,26,False,0,2,0.816770542741074,4.2636570083138145e-09,0.9999953692506697,"[4.1323527319413703e-10, 4.775898674807067e-12, 5.927558038667486e-09, 5.14435922388823e-09, 2.292455335001262e-08, 1.3579658411157054e-09, 6.011167433714119e-08, 1.99178939279564e-09, 5.1983682502500247e-08, 2.344014966154285e-09, 2.227224285309747e-08, 2.0547866406316257e-07, 1.368819850155863e-09, 4.1799549454912725e-08, 1.2158793060347363e-07, 1.4173342690855287e-08, 9.266438555675826e-09, 1.954110004780447e-07, 1.9676666007562283e-07, 5.230775827110636e-07, 1.689401361553513e-06, 8.76143355873477e-07, 2.764233737528036e-07, 3.0537539915087985e-07, 0.4889900423048979, 0.5110053269457717]",2.7498945105421004,0
2022-01-31,2022-01-31,2022-02-28,2022-02-01,138,26,False,0,2,0.8166023282978108,4.7895734261759236e-09,0.9999954292081994,"[3.7782257180866326e-10, 6.224006859095719e-13, 5.81348538285602e-09, 5.066086894892704e-10, 2.6981978639349722e-08, 5.0753988861314375e-09, 4.937405325795151e-08, 8.291292775522224e-09, 4.4077829705233075e-08, 9.106831697475922e-09, 4.722942737948779e-08, 1.832324485112922e-07, 4.551474426231516e-09, 7.575166450942667e-08, 7.571232814178642e-08, 4.747691805241705e-09, 2.990534166774784e-08, 1.592665959018084e-07, 2.706771398296465e-07, 5.089401419832827e-07, 1.7561028067495907e-06, 6.229981746718597e-07, 2.988953128774089e-07, 3.831753282430913e-07, 0.488840819899466, 0.5111546093087334]",2.7498945105421004,0
2022-02-28,2022-02-28,2022-03-31,2022-03-01,138,26,False,0,2,0.8132548421382422,7.81191198367831e-09,0.9999926247414785,"[5.002381254476592e-10, 2.0582913804080195e-11, 9.20781660026168e-09, 8.93648470466947e-10, 3.2671084342084925e-08, 2.8888691868034552e-08, 6.200952245029945e-08, 1.697473255825019e-08, 6.83205947623708e-08, 1.8150434955187553e-08, 8.238868400144089e-08, 3.099658694236828e-07, 4.148863193685037e-09, 1.035086788116574e-07, 1.6856620577142446e-07, 3.2299761250289783e-08, 8.562164414214202e-09, 2.0608399511516674e-07, 1.8381324129857518e-07, 3.7028285732208936e-06, 8.018286052349575e-08, 1.1071719525597516e-06, 5.022093858085354e-07, 6.458909390780767e-07, 0.4858101077562397, 0.5141825169852389]",2.7498945105421004,0
2022-03-31,2022-03-31,2022-04-29,2022-04-01,138,26,False,0,2,0.8140109925900686,2.3018445429171053e-09,0.999997895841151,"[1.3184820461325006e-10, 2.748554665888496e-12, 2.610403238364552e-09, 1.428212968377199e-09, 3.853986008952247e-10, 1.8338756083293052e-08, 8.870971388947565e-09, 1.0069553886404089e-08, 2.3544735508781833e-08, 2.8230248158402077e-10, 1.4515271490907828e-08, 8.99116428088468e-08, 4.1163619785977663e-10, 5.8165780818422466e-08, 1.1712442475715223e-08, 1.2552553120258624e-08, 9.787547832909012e-10, 2.497652592949652e-08, 8.0228242249215e-08, 6.989828596005843e-07, 3.6206258952438986e-07, 3.7825084234784056e-07, 1.9166844999919184e-07, 1.1407632677542842e-07, 0.4927304743063153, 0.5072674215348357]",2.7498945105421004,0
2022-04-29,2022-04-29,2022-05-31,2022-04-30,138,26,False,0,2,0.8187418395603949,1.8798988522179134e-08,0.999966039827998,"[4.1789051912179416e-10, 6.060341640545017e-12, 7.564843670855856e-09, 3.9298014375870985e-09, 1.58770394747782e-08, 4.11286294144447e-08, 4.487960184506663e-08, 9.443707482996804e-09, 3.5112117861998906e-08, 3.642209744601142e-08, 1.7012651636818144e-07, 1.1870431994999864e-07, 3.233613129354603e-08, 5.847610948533251e-07, 1.423322865186041e-07, 2.4902469291779145e-07, 7.025932829567648e-07, 7.607290027394843e-07, 1.7933687455133529e-06, 1.0027546962517668e-05, 1.0094674089791292e-05, 2.2243610801976977e-08, 1.7053336741437836e-06, 7.36161580207539e-06, 0.47439798324616533, 0.5255680565818327]",2.7498945105421004,0
2022-05-31,2022-05-31,2022-06-30,2022-06-01,138,26,False,0,2,0.8182415667213946,1.6881674562989614e-08,0.9999672915455988,"[3.3573956006530743e-10, 1.5530931110210091e-12, 5.119685841037435e-09, 4.2240772444893196e-09, 3.590983140120217e-10, 4.390127406483244e-08, 3.685483224195107e-08, 1.0517285992009494e-08, 5.488384973031707e-10, 5.6885700302719405e-08, 1.429214400826049e-07, 2.410278760919085e-07, 1.2434030587216225e-08, 3.84203660384025e-07, 3.506437214703232e-08, 5.695776392939063e-07, 1.0334394006888373e-07, 7.752083811876532e-07, 2.716029576090456e-06, 1.406730840301334e-05, 4.476570516399238e-06, 9.988315649393357e-08, 3.7220416800069265e-07, 8.553929156305486e-06, 0.47649178871858966, 0.5234755028270092]",2.7498945105421004,0
2022-06-30,2022-06-30,2022-07-29,2022-07-01,139,26,False,0,2,0.825020913302452,1.4173462407678492e-08,0.999990764761698,"[6.512351141528617e-10, 1.7140379315630247e-11, 9.701856429672577e-09, 5.4275984984743e-09, 1.6632895076445128e-08, 8.974582960631945e-08, 1.740753230767304e-08, 3.31840115494515e-09, 1.9016540476893055e-08, 9.100321590097922e-08, 1.8235573734288962e-07, 4.834178982958799e-07, 1.7786520830022036e-08, 1.9729736259092823e-07, 6.521859987405388e-08, 1.6040701354613952e-08, 2.5850530439883625e-10, 1.497283125436978e-08, 1.122603826085486e-06, 4.022559561887338e-06, 1.3589375549353246e-06, 1.113062486624774e-06, 1.3484116774443866e-07, 2.52963303128677e-07, 0.47946331784719404, 0.5205274469145039]",2.7498945105421004,0
2022-07-29,2022-07-29,2022-08-31,2022-07-30,140,26,False,0,2,0.8256943794584998,2.7590123604546642e-08,0.9999656038970333,"[7.762787699151262e-12, 7.677965059208467e-10, 1.0946952992788253e-08, 1.3869330702332786e-08, 1.901094781305704e-08, 7.583215920726022e-08, 1.0098460494729553e-08, 4.923487823849125e-09, 1.473845951864784e-09, 1.0785151074405514e-07, 4.1191242803412887e-07, 3.413208178698869e-07, 1.776001624452216e-09, 5.306790981930995e-07, 2.4179467499041907e-07, 4.786999022032653e-07, 2.16513749987235e-07, 5.857863770723509e-07, 3.0358903302736076e-06, 1.6224648578859797e-05, 5.248410853185587e-06, 3.1268722718192794e-07, 1.5732731971897926e-07, 6.363873352608582e-06, 0.46573641174116465, 0.5342291921558686]",2.7498945105421004,0
2022-08-31,2022-08-31,2022-09-30,2022-09-01,140,26,False,0,2,0.8286437441657856,2.5307615819937323e-08,0.9999782423949033,"[6.415378454015767e-12, 1.0333098160646126e-09, 1.1496232306523895e-08, 1.4420501783851458e-08, 2.3355916380501944e-08, 9.56051758146662e-08, 5.522473369929523e-09, 5.3650153308777435e-09, 4.240899604304549e-09, 5.019108749971699e-08, 4.588458282744369e-07, 3.997139301036213e-07, 1.3165893185037434e-08, 4.3834489733570766e-07, 1.762791277347473e-07, 2.8210199087244233e-07, 9.624080922966688e-09, 2.2470379890688258e-07, 2.2119982585119725e-06, 1.3995188139055495e-05, 4.815547411180087e-07, 9.026918573762393e-08, 8.036855069389628e-07, 1.960892690644321e-06, 0.4673705425625666, 0.5326076998323367]",2.7498945105421004,0
2022-09-30,2022-09-30,2022-10-31,2022-10-01,142,26,False,0,2,0.8382739901407922,5.224667209644728e-08,0.999957640413529,"[8.074032381540499e-13, 2.2784340563929275e-10, 2.9732706031605563e-08, 1.6985823473760917e-11, 1.2976228570722237e-08, 8.813486821459926e-08, 3.2269485071604814e-09, 1.1432593689690283e-10, 7.074221592716012e-13, 1.6115010437981354e-09, 1.5984243641210517e-06, 5.769698401121906e-07, 1.954785932361012e-08, 8.560913738288747e-07, 2.059252145732878e-07, 7.348199557086917e-07, 1.1471685935516482e-07, 1.2289989375501965e-06, 2.1649012423440193e-06, 2.172776494769976e-05, 6.372151231499139e-06, 5.909259389929574e-07, 2.0549162833584676e-06, 3.9773895001417915e-06, 0.44474217013462625, 0.5552154702789027]",2.7498945105421004,0
2022-10-31,2022-10-31,2022-11-30,2022-11-01,142,26,False,0,2,0.8367119866129039,4.8749807556730984e-08,0.9999704061270892,"[6.226159109615714e-12, 4.1434491395930496e-10, 3.2340003797196964e-08, 5.798544908091369e-09, 6.44347206754546e-09, 1.3110694202818122e-07, 8.281928472099818e-09, 1.3560024397251183e-08, 8.445185075119547e-09, 3.5708031698151743e-09, 1.6790842759768329e-06, 5.835108761471472e-07, 1.1107427814986272e-08, 4.7612307263778873e-07, 1.7233780521167478e-07, 4.5207659736549784e-07, 2.4994801656300303e-09, 8.734646188309374e-07, 3.276586137423385e-06, 1.1630388372343485e-05, 9.434947667988997e-06, 2.338027080735547e-07, 2.490141147595324e-07, 3.0896228116347916e-07, 0.4502925742830898, 0.5496778318439994]",2.7498945105421004,0
2022-11-30,2022-11-30,2022-12-30,2022-12-01,142,26,False,0,2,0.835656595264165,7.858850095660589e-08,0.9999611545726946,"[9.273286862856099e-12, 3.198809225698792e-10, 4.933990896980697e-08, 1.0386406757973248e-08, 1.0615972041258159e-08, 2.2986137310076526e-07, 1.8392321631520018e-11, 2.9905988833532876e-11, 2.3272900311850608e-09, 6.930162569519992e-09, 2.5218001782005653e-06, 1.4428008515749753e-06, 1.2133586981542586e-07, 1.053753739804536e-06, 1.245266172767364e-07, 1.502768511578462e-07, 8.099190812946214e-08, 8.117901225951679e-08, 6.03518366672118e-06, 1.4521850782281468e-06, 1.762870071800161e-05, 7.152936113154348e-06, 3.285642201542758e-08, 6.570617129774736e-07, 0.4339851962944905, 0.5659759582782042]",2.7498945105421004,0
2022-12-30,2022-12-30,2023-01-31,2022-12-31,142,26,False,0,2,0.8354776723600268,7.9191857550798e-08,0.9999625736973993,"[1.2070604612859568e-11, 3.531063339885647e-10, 5.017260706503611e-08, 1.109172528055017e-08, 1.1573973487647507e-08, 1.9940172697027546e-07, 1.1196686285558914e-09, 4.1405688412664497e-10, 6.536792583015046e-10, 2.7467580091538546e-08, 2.7862386316506206e-06, 1.2608246184967277e-06, 7.895238415263889e-08, 1.1650051131494601e-06, 5.833108133561443e-08, 3.7451638987961743e-07, 7.361551778987288e-08, 7.537182430084149e-08, 5.05595509726123e-06, 2.2523948540290765e-06, 1.6039748746452955e-05, 7.312569582959688e-06, 4.770691091000386e-07, 1.1344945553210666e-07, 0.4322424141815075, 0.5677201595158918]",2.7498945105421004,0
2023-01-31,2023-01-31,2023-02-28,2023-02-01,142,26,False,0,2,0.840499855338809,1.1135290134023625e-07,0.9999485643285057,"[1.6079456737998045e-11, 2.867594751716308e-13, 3.855078495184134e-08, 2.1737827268946146e-08, 7.75856241078197e-09, 1.9799214995296165e-07, 2.5592463710862545e-10, 2.61583128274114e-08, 2.5782256823979086e-07, 3.868170796070968e-07, 1.3511282056747359e-06, 2.2442055759577898e-06, 3.556409730925309e-07, 4.172739267935107e-06, 6.186058682161651e-09, 1.1810831584596294e-06, 1.7233375873675328e-09, 8.564551465810579e-08, 1.0848681160727918e-05, 2.4899445341662917e-05, 1.1842874863874347e-09, 4.876632154492767e-06, 4.38071549185978e-09, 4.69886166315159e-07, 0.4062044593834009, 0.5937441049451048]",2.7498945105421004,0
2023-02-28,2023-02-28,2023-03-31,2023-03-01,142,26,False,0,2,0.8406664865720472,1.2135214526230232e-07,0.9999399460266177,"[7.150571946066456e-12, 1.6621699879953107e-10, 3.8399796599315344e-08, 1.6632601833172116e-08, 6.711429415304426e-10, 2.521709817611968e-07, 2.368741070810255e-09, 9.247914210602272e-08, 7.144160997768923e-08, 1.3118530167376953e-07, 1.996196986749999e-06, 2.553730464979449e-06, 8.513143258765824e-07, 3.1841326496947846e-06, 5.925634502828563e-08, 1.204164877267161e-06, 1.3494817239357529e-08, 6.231885400665684e-07, 1.515704755650276e-05, 1.885786616487543e-05, 2.721903793756974e-06, 1.1424207749946968e-05, 2.438337545303166e-07, 5.581126701357772e-07, 0.40759205420601113, 0.5923478918206067]",2.7498945105421004,0
2023-03-31,2023-03-31,2023-04-28,2023-04-01,142,26,False,0,2,0.8406394578336239,1.8012230510081653e-07,0.9998890987706961,"[4.809032497464037e-10, 1.3072876922912086e-09, 2.7676107792060403e-08, 1.697329559254453e-08, 1.22779677755134e-09, 3.429341916749981e-07, 1.245467670432018e-07, 1.4394379938819607e-07, 6.833770443697416e-09, 4.1309663250980565e-07, 2.676159267243483e-06, 2.385819536818215e-06, 1.0514475252328959e-06, 4.194186412972996e-06, 3.197120063393866e-08, 1.4791184025339884e-07, 2.178244208568085e-07, 2.63121823993241e-06, 1.602539619635643e-05, 1.6415571737515368e-05, 3.534652386248082e-05, 1.5915589771784167e-05, 3.917019522459229e-06, 8.865569217275173e-06, 0.39122628939999005, 0.608662809370706]",2.7498945105421004,0
2023-04-28,2023-04-28,2023-05-31,2023-04-29,142,26,False,0,2,0.8411289095672548,1.8083304290721404e-07,0.9998863822236114,"[3.0298372455890415e-10, 1.9250005543331617e-09, 2.7052569397181474e-08, 1.6627921773634998e-08, 2.3003506615348533e-09, 3.385949323776433e-07, 1.2542243547625154e-07, 1.4701221027526698e-07, 1.1133094929546359e-08, 2.5654123755509057e-06, 1.4957055568132944e-08, 3.1347931051854785e-06, 5.609178889756004e-07, 3.983875431873093e-06, 2.98615550978838e-07, 4.1988682120561334e-08, 5.9893655784963884e-09, 2.8700181845356284e-06, 1.8627127970043165e-05, 1.390984280748063e-05, 3.704726201270435e-05, 1.5482804971739458e-05, 4.227038916523349e-06, 1.0176760570748916e-05, 0.3908186964089942, 0.6090676858146171]",2.7498945105421004,0
2023-05-31,2023-05-31,2023-06-30,2023-06-01,142,26,False,0,2,0.8423895170443604,1.8447210265308436e-07,0.9998884817944231,"[1.5570154619327338e-10, 2.2804215367256714e-09, 2.4170671134153945e-08, 1.776329571688811e-08, 2.3741156726602732e-09, 3.6862124804983646e-07, 1.7221260918346103e-07, 1.5157654919753924e-07, 4.871398331740526e-08, 2.6478900825048773e-06, 8.484050559273252e-08, 2.670164465408253e-06, 1.2470983803456258e-06, 4.061969447711315e-06, 4.811479234335731e-07, 9.877516297979213e-08, 6.564388435206758e-07, 3.4550026706038584e-06, 5.530049857694605e-06, 4.2423044003250076e-05, 2.2881727351347825e-05, 1.697911932896966e-05, 1.160271019150093e-06, 6.352797938912765e-06, 0.39035990138380067, 0.6095285804106225]",2.7498945105421004,0
2023-06-30,2023-06-30,2023-07-31,2023-07-01,143,26,False,0,2,0.8439673725682615,1.7592854616888512e-07,0.9998964305532867,"[1.8555720900024229e-09, 9.417820271789772e-10, 1.9230495183895574e-08, 1.765960029288843e-08, 2.9099373356483014e-09, 3.009652544830458e-07, 2.1314132623257405e-07, 1.518896686343461e-07, 6.049112180818772e-08, 2.06341052804789e-06, 2.8096805333509337e-07, 3.3385193646023626e-06, 7.723009193710338e-07, 3.944761934612613e-06, 2.3305012721988758e-07, 2.1640046901153975e-07, 6.641743753223874e-07, 3.0308577263860207e-06, 5.398505445020669e-06, 5.046133277185061e-05, 1.3431318380509386e-05, 1.2786953043040117e-05, 6.875139955308205e-07, 5.490294821287197e-06, 0.3945188453046384, 0.6053775852486485]",2.7498945105421004,0
2023-07-31,2023-07-31,2023-08-31,2023-08-01,143,26,False,0,2,0.8443640790787923,1.7524541890299968e-07,0.9998975552028458,"[2.0204611942621598e-09, 6.986398094043625e-10, 1.8200017543620226e-08, 2.355886446932236e-08, 7.943785698175654e-10, 2.9161755310923726e-07, 2.2795598760591537e-07, 1.6150012147991209e-07, 7.932106920295646e-09, 2.2558829694303578e-06, 1.3344463587050117e-07, 3.1600739972863857e-06, 7.18709349950757e-07, 4.058941879971743e-06, 8.111106433504935e-08, 2.849926482790832e-07, 5.077491883262712e-07, 3.1121167421011656e-06, 4.69831772122208e-06, 3.741627803402466e-05, 2.9356708834403694e-05, 1.023528268894327e-05, 5.87820469319142e-07, 5.103088799977479e-06, 0.39493221274455403, 0.6049653424582919]",2.7498945105421004,0
2023-08-31,2023-08-31,2023-09-29,2023-09-01,148,26,False,0,2,0.8493348611848579,1.8894258416738663e-07,0.9998922136540606,"[2.6559744241506977e-09, 8.717563678773572e-10, 1.5039779855244872e-08, 1.9663236789365016e-08, 8.398773531448133e-10, 3.353743284404562e-07, 1.6716175335085624e-07, 2.029853254923576e-07, 5.0586774130614084e-08, 1.4982768802557382e-07, 2.1405133054572068e-06, 1.7208386612872287e-07, 4.479780051938292e-06, 5.063593755430938e-06, 3.003463483053191e-08, 6.590658550477994e-08, 1.5001849250898853e-06, 7.999973555360476e-07, 4.801253327311587e-06, 3.382044417928358e-05, 3.933686617188672e-05, 1.1994618454908763e-05, 4.856884347029398e-08, 2.5874939883927247e-06, 0.3903778280931158, 0.6095143855609448]",2.7498945105421004,0
2023-09-29,2023-09-29,2023-10-31,2023-09-30,149,26,False,0,2,0.8509180327027734,2.070698190167056e-07,0.9998864692663031,"[2.6975555899493235e-09, 1.1341150344257048e-09, 1.3174682999341601e-08, 1.8736525367170682e-08, 4.3295113143532275e-09, 3.389340550911022e-07, 1.5727186498897684e-07, 1.4728245417440624e-07, 1.1116735302693143e-07, 5.276580035794968e-07, 1.3326217059730732e-06, 2.48363865029835e-07, 4.888587913240488e-06, 7.1078198295284806e-06, 7.687564489248496e-08, 4.181099021564144e-07, 1.541269261177567e-06, 5.795112460630374e-07, 2.391895980676894e-06, 3.906444848468282e-05, 3.089597260859589e-05, 2.1861486033377065e-05, 7.244157609245013e-07, 1.0769693396352278e-06, 0.3826877897699436, 0.6171986794963594]",2.7498945105421004,0
2023-10-31,2023-10-31,2023-11-30,2023-11-01,153,26,False,0,2,0.849391941636163,2.0252119185643358e-07,0.9998842977940151,"[1.3739946359744167e-09, 2.101587871231897e-09, 1.1319050454739112e-08, 2.646314616555635e-08, 3.718935937017407e-09, 3.528768214461973e-07, 1.0445802233192643e-07, 1.0428641029117626e-07, 1.849603979872243e-07, 2.849902851040734e-07, 1.933856072005984e-06, 1.5923877608084355e-08, 5.233943058388219e-06, 3.881150094386646e-06, 1.7652436316647758e-06, 2.9548368779866427e-07, 1.3282690619240998e-06, 1.350327570906132e-06, 1.97029056952039e-06, 2.1483359059921543e-05, 3.6266369739436375e-05, 3.8308050153942346e-05, 9.8667666585644e-08, 6.947230885989931e-07, 0.38589205582021274, 0.6139922419738023]",2.7498945105421004,0
2023-11-30,2023-11-30,2023-12-29,2023-12-01,153,26,False,0,2,0.8535737431033722,2.588513682639761e-07,0.9998532032782124,"[9.226809164664999e-10, 3.2156252546702027e-09, 8.403429853622932e-09, 4.134903991386599e-08, 2.0718584459729397e-09, 2.8700512684607016e-07, 1.411025558973872e-07, 1.2660273352813412e-07, 2.7873455839580926e-07, 3.235900182479467e-07, 1.1601448491296325e-06, 6.569280634358672e-07, 5.89865659190244e-06, 3.481309642346464e-06, 1.5944187456348504e-06, 2.369419680071553e-06, 9.938508452735002e-07, 2.025119608063676e-06, 5.00905799240653e-07, 2.0412905592959326e-05, 3.523712343443544e-05, 7.08214956217127e-05, 1.314718235628871e-08, 4.18298503905983e-07, 0.36847780463901175, 0.6313753986392006]",2.7498945105421004,0
2023-12-29,2023-12-29,2024-01-31,2023-12-30,153,26,False,0,2,0.8522633068064692,3.2803291954801185e-07,0.9997921308106911,"[5.2221123140720245e-09, 3.4894996048333757e-11, 1.6291362093072264e-08, 6.816126206508353e-08, 1.1026897974699793e-08, 2.8094945205695943e-07, 5.1558063766034185e-08, 5.8172331009761674e-08, 6.062714017034356e-08, 4.2872846698371134e-07, 2.658354269422054e-06, 1.2210649497070888e-07, 2.875642264416638e-06, 9.838830482799632e-06, 2.617725418783631e-06, 2.2487088583352814e-06, 1.9186271475063915e-06, 2.889951895494641e-06, 1.8835495281950496e-07, 1.569990759406699e-05, 1.2945282252098073e-05, 0.0001522539454975155, 4.4988278913976034e-08, 5.859919182951809e-07, 0.34630079963935495, 0.6534913311713363]",2.7498945105421004,0
2024-01-31,2024-01-31,2024-02-29,2024-02-01,156,26,False,0,2,0.8487461377174582,3.331480581437828e-07,0.9997742729932698,"[4.293681889901282e-09, 4.194965877643845e-10, 1.7426912443497845e-08, 2.4079829515630532e-08, 3.647101159236871e-08, 3.256605017899091e-07, 6.02939341526004e-08, 2.346856150575303e-08, 3.9939186552721644e-09, 5.705620839308049e-07, 2.2475123467413374e-06, 2.7780630779757904e-10, 2.110745678475308e-06, 1.1239850979488546e-05, 2.673841521497643e-06, 3.0159562245376013e-06, 1.97096662177967e-06, 3.017533854392396e-06, 4.482267527000037e-07, 1.4268758361340718e-05, 7.445728222508871e-06, 0.00017581001334046752, 1.5941630567653175e-07, 2.5150878202915184e-07, 0.3445696638224554, 0.6552046091708145]",2.7498945105421004,0
2024-02-29,2024-02-29,2024-03-28,2024-03-01,156,26,False,0,2,0.8480635079101012,3.067156314930344e-07,0.9997713740673795,"[3.764798569493741e-09, 4.1575871143824557e-10, 2.306469824505518e-08, 5.737546058398061e-09, 4.9263363010323455e-08, 2.858992762025741e-07, 9.466226853194497e-08, 3.3202672717957212e-09, 1.4018210564660633e-08, 3.2083820632977005e-07, 2.0438062782315995e-06, 4.2470051554138505e-08, 8.548634015898454e-07, 1.0928967303341597e-05, 4.350887041404547e-06, 1.217725893433356e-06, 3.5437748207464977e-06, 2.55751360038846e-06, 8.673973462175312e-07, 8.769272909670454e-06, 8.941420444055058e-06, 0.00018347737423091433, 2.219646736602275e-07, 7.510231693876612e-09, 0.35534009163209646, 0.6444312824352831]",2.7498945105421004,0
2024-03-28,2024-03-28,2024-04-30,2024-03-29,156,26,False,0,2,0.847979396451451,2.9916245748162257e-07,0.999773133935594,"[4.0546046437372355e-09, 2.8693953141899093e-10, 2.59655635396503e-08, 1.7373628947380508e-09, 5.546625060767646e-08, 2.536200540459657e-07, 8.02351118961353e-08, 5.159421808808743e-09, 2.903673919206965e-08, 2.891917281190761e-07, 2.3701914496437e-06, 1.1685088510695338e-08, 1.1351761537236907e-06, 1.166329917178953e-05, 2.8728563805868606e-06, 1.0990155900082683e-06, 2.1601511777646864e-06, 4.5072353872068534e-06, 1.6277685614841762e-06, 8.574474623320273e-06, 1.4908974540065354e-05, 0.00017397827217978195, 1.2122102849822519e-06, 4.075426306397988e-14, 0.35502366652860434, 0.6447494674069897]",2.7498945105421004,0
2024-04-30,2024-04-30,2024-05-31,2024-05-01,160,26,False,0,2,0.848457122098619,3.0982057243260775e-07,0.9997592028235235,"[4.505996628046662e-09, 1.0914389185698746e-10, 2.518384335130088e-08, 2.8030335015129174e-11, 5.006826805351593e-08, 2.4288931111459526e-07, 8.24810010431093e-08, 4.5186944682786993e-10, 5.696326537143746e-08, 1.6755718183156026e-08, 2.7890076853745983e-06, 4.10118516731238e-07, 9.75166983270005e-07, 1.204146310575736e-05, 4.66906831637045e-06, 2.0142613125962957e-06, 2.079344252742261e-06, 2.5261234321998343e-06, 9.174413602613075e-07, 1.1513257409214056e-05, 1.0726792170846385e-05, 0.0001895414326837311, 6.870231487320247e-10, 1.1357577677361849e-07, 0.34617441529737, 0.6535847875261536]",2.7498945105421004,0
2024-05-31,2024-05-31,2024-06-28,2024-06-01,160,26,False,0,2,0.8513881522176701,4.096544362543956e-07,0.999671413285201,"[6.340779419035342e-09, 4.321911738731972e-12, 2.092882692237988e-08, 6.629560845147507e-10, 8.01010997708668e-09, 4.641119820203237e-07, 3.1989000641577307e-08, 1.4820701017304904e-11, 5.235545761781716e-08, 1.5560248269073773e-07, 1.2551646289207285e-06, 3.4684601837929787e-06, 1.46258976343559e-06, 7.590256700071452e-06, 1.666323471628247e-05, 4.565811581991881e-06, 1.7575051507817855e-06, 1.457846252867287e-06, 2.634212776619694e-07, 1.5094077490934286e-05, 4.1568924249517055e-06, 0.00023739677179749895, 2.109932000554482e-05, 1.1615342086299844e-05, 0.3205539351297446, 0.6791174781554563]",2.7498945105421004,0
2024-06-28,2024-06-28,2024-07-31,2024-06-29,164,26,False,0,2,0.8470571976043686,4.1142136022414564e-07,0.9997102868995644,"[6.997263135276167e-09, 1.8156515254185766e-10, 2.3317872019046346e-08, 1.8727519095275308e-09, 1.125567103436797e-08, 4.763792641635513e-07, 1.494625519985165e-08, 2.201642580965628e-09, 1.344252776996531e-08, 2.7692024698450244e-07, 5.141316578013832e-07, 4.954589538295938e-06, 1.2448528939530074e-06, 9.548500980336265e-06, 1.5435559659838134e-05, 4.1232607461211915e-06, 1.4323918191622912e-06, 1.1415405661430763e-06, 1.5621176862093434e-07, 2.147123858399217e-05, 3.101698666796696e-05, 0.00017096631749486294, 2.4769587521361978e-05, 2.110415477207047e-06, 0.3144306189870225, 0.6852796679125419]",2.7498945105421004,0
2024-07-31,2024-07-31,2024-08-30,2024-08-01,166,26,False,0,2,0.8447259647160495,4.0210534129264547e-07,0.9996872381931333,"[5.863487938590462e-09, 3.594008082960415e-10, 3.1245970516364147e-08, 2.1587466103669772e-09, 2.73852581138548e-08, 3.575855493664924e-07, 3.6412277367709395e-13, 6.4736568991500145e-12, 1.4522594162055523e-09, 6.611832320397135e-08, 5.884183798544511e-06, 1.726854846352726e-07, 4.3335090571250326e-07, 7.748386132598128e-06, 1.7409106610878778e-05, 3.4640413123577547e-06, 4.7660505080615214e-07, 9.342558637375309e-07, 1.3481989490491037e-06, 1.422116514214609e-05, 4.541900491907422e-05, 0.00014935099518796478, 5.8482812659415266e-05, 6.924839016013227e-06, 0.31545537123668754, 0.6842318669564459]",2.7498945105421004,0
2024-08-30,2024-08-30,2024-09-30,2024-08-31,169,26,False,0,2,0.8445280287688748,4.969734462819832e-07,0.9996210471351433,"[5.705700616088171e-09, 2.983793273752795e-10, 2.8552498806444783e-08, 8.450451579031329e-10, 1.9556080457964604e-08, 4.6395549299305707e-07, 5.278276744930216e-09, 9.44466431846587e-10, 1.2107643204272966e-10, 4.858900090570857e-07, 1.313913652340534e-06, 4.716733188319602e-06, 2.3743705358583714e-06, 2.2530871141450703e-05, 9.964832735213843e-06, 2.9705185611604866e-06, 2.365704817494242e-06, 1.7320128471678473e-07, 4.58831529857619e-06, 3.5314736360868034e-05, 4.2448125385851554e-05, 0.00010109683702702452, 0.0001362976082342867, 1.1785949607427089e-05, 0.2888085639513249, 0.7108124831838185]",2.7498945105421004,0
2024-09-30,2024-09-30,2024-10-31,2024-10-01,172,26,False,0,2,0.8446690819363117,4.884040317316146e-07,0.9996115327411534,"[4.5329465582524256e-09, 4.6385564973451023e-10, 2.273615220513285e-08, 3.0399183130866475e-10, 9.591315282546207e-09, 4.7375223951554294e-07, 3.739415201608042e-09, 2.1158847930598577e-09, 1.5914351613052012e-08, 1.0874940636664645e-06, 8.812762916060413e-07, 4.3067944530405594e-06, 2.4767425233065392e-06, 2.8376051023731207e-05, 1.695176741628395e-06, 3.0304752670469445e-06, 2.3820080376707295e-06, 8.212548499413834e-08, 4.5243748492263255e-06, 2.673207558712524e-05, 4.412731785158636e-05, 0.00011127960407392492, 0.00014661413975778246, 1.0338452687602623e-05, 0.28775884839403126, 0.7118526843471222]",2.7498945105421004,0
2024-10-31,2024-10-31,2024-11-29,2024-11-01,174,26,False,0,2,0.8458525340201758,5.170660468639659e-07,0.9995997401472924,"[3.5425374414384123e-09, 5.193708302104491e-10, 1.866313696629764e-08, 1.30757727059661e-09, 1.2238359064681466e-08, 4.123087542712658e-07, 4.110454169098325e-08, 1.4838740363251477e-09, 8.650615345836663e-08, 1.4117455591234019e-06, 6.668645963069262e-07, 4.50664843616694e-06, 2.182251857839185e-06, 3.090074134696014e-05, 9.98899437794543e-07, 2.8712965448012768e-06, 2.1564850480715578e-06, 1.0473585535942043e-07, 5.938300160793024e-06, 3.294644107668801e-05, 3.915411495800715e-05, 9.399614435702086e-05, 0.00017000829522950082, 1.18392139380028e-05, 0.28464026686800764, 0.7149594732792848]",2.7498945105421004,0
2024-11-29,2024-11-29,2024-12-31,2024-11-30,178,26,False,0,2,0.8435751814514897,5.254493890190066e-07,0.9995972989740532,"[3.132662397913776e-09, 3.9001778607385546e-10, 1.7366997045742934e-08, 1.4205800413606664e-09, 1.4194244427265577e-08, 3.9179134000164746e-07, 9.537580432172015e-10, 2.5062079914199784e-11, 1.7040399037830817e-07, 6.584018475936742e-07, 1.2635679803044242e-06, 5.523567585205135e-06, 2.170638212615985e-06, 3.056288377993894e-05, 5.027337380778481e-07, 2.8139433120220617e-06, 2.5296366238753246e-06, 7.55090076613955e-08, 7.026083455552673e-06, 3.8803206141269325e-05, 3.0079582119478686e-05, 5.123164891145034e-05, 0.0002205182128142715, 8.34173176525498e-06, 0.2831364830122822, 0.716460815961771]",2.7498945105421004,0
2024-12-31,2024-12-31,2025-01-31,2025-01-01,181,26,False,0,2,0.8440515326355021,5.518624861992622e-07,0.9995741588718194,"[2.7054878677395654e-09, 3.93790710704222e-10, 1.573696062940892e-08, 3.8800564198024097e-10, 5.085358307943458e-08, 3.2721019519067754e-07, 2.0450230288205675e-10, 1.0420112399239941e-10, 2.0474608042099904e-07, 2.1844333963470702e-07, 2.617588276996347e-06, 6.226511150647753e-06, 1.4771948868577815e-06, 2.3213972444236412e-05, 1.0269313997852011e-05, 1.1433540036490003e-06, 3.1134190455703357e-06, 1.4564553060336086e-07, 8.325399820520522e-06, 4.1361795032127804e-05, 3.360047911826957e-05, 9.37284313773927e-05, 0.0001894859787482752, 1.0311258601029784e-05, 0.27821403538007317, 0.7213601234917463]",2.7498945105421004,0
2025-01-31,2025-01-31,2025-02-28,2025-02-01,185,26,False,0,1,0.7417289950111827,1.6121676789995693e-36,1.0,"[7.944445360751251e-39, 7.458916630905924e-39, 1.5620003159741156e-37, 4.4303943770106315e-37, 5.6319759794163125e-37, 1.5683723651255986e-37, 2.140455039882198e-37, 1.2516605889520472e-36, 8.449523047209138e-37, 5.134443858570978e-36, 3.3021018677332464e-36, 3.817736467917779e-37, 7.647740266691669e-39, 6.437417113792375e-36, 4.8576047163914075e-37, 6.749243082242035e-36, 1.7200251226642458e-37, 1.2502662233241984e-35, 0.0, 7.021438578552586e-36, 5.408203495117663e-36, 7.311695301337271e-36, 7.7187166892353e-36, 1.4326192332366278e-35, 7.032011421200934e-35, 1.0]",2.7498945105421004,0
2025-02-28,2025-02-28,2025-03-31,2025-03-01,188,26,False,0,1,0.7456995475499284,1.2250541933564977e-36,1.0,"[6.2660392871259956e-40, 6.19879883326326e-38, 0.0, 3.572182102507203e-38, 1.2539498233138845e-41, 1.6650490967141909e-37, 5.926932425563206e-37, 1.4579590748433403e-37, 5.101860109268833e-37, 3.136550765506842e-36, 2.3442866678338045e-36, 0.0, 6.096389703261993e-36, 7.365120630187616e-37, 1.2157438497748575e-36, 0.0, 1.3418147823730447e-35, 5.295825182717156e-37, 3.1180764340503584e-36, 1.4903602259873983e-35, 6.81587240340856e-36, 6.307252317876568e-36, 1.7492402668284034e-35, 1.4911761141969227e-35, 6.900940935763165e-34, 1.0]",2.7498945105421004,0
2025-03-31,2025-03-31,2025-04-30,2025-04-01,191,26,False,0,1,0.7319130901925038,2.048668350562948e-36,1.0,"[2.6314337051760245e-38, 1.3480396630064202e-38, 2.7531784705527116e-38, 3.906617137178038e-37, 2.4709877056416393e-37, 4.174333433861935e-37, 7.646550554802395e-38, 7.3500639979128535e-37, 1.316344583804643e-36, 4.0341829975798705e-36, 6.048106326199036e-37, 4.203673787888073e-36, 6.043195274265024e-36, 6.867970261409317e-36, 4.1829845325944403e-36, 3.7518751372845e-37, 3.9861561366921224e-35, 1.9832594703060567e-35, 1.1473403644716695e-36, 4.07071418605541e-36, 2.1456386020814524e-35, 5.2070482702559716e-36, 2.357354660623941e-34, 1.0826272584617398e-34, 1.6168551357958263e-33, 1.0]",2.7498945105421004,0
2025-04-30,2025-04-30,2025-05-30,2025-05-01,193,26,False,0,2,0.829409731276201,7.780961544443707e-07,0.9984858155607502,"[2.8607150280168342e-12, 9.463226901164033e-11, 4.5544468986448056e-10, 1.62894396345374e-09, 2.749102367480789e-08, 1.7579031643732676e-07, 7.877910091083806e-08, 3.188560770412405e-07, 1.2409278627628747e-08, 2.269117981756702e-07, 1.6582678184878783e-06, 4.179634302728397e-07, 8.399702586707526e-07, 4.916081318227567e-06, 4.0210009977953556e-07, 6.314235549993204e-07, 6.876709984145928e-06, 5.677815615687132e-06, 8.541962407254054e-06, 0.00015720060301767488, 2.295191003594651e-06, 0.0008112119934028726, 0.00011439619640575487, 0.0003982757414557616, 0.1954042195432094, 0.8030815960175409]",2.7498945105421004,0
2025-05-30,2025-05-30,2025-06-30,2025-05-31,199,26,False,0,2,0.8302363888169363,7.58367513049399e-07,0.9984739268864443,"[1.1560575022420537e-13, 1.5577436607849644e-10, 1.7692537301768596e-10, 5.412990340091193e-10, 1.7150343661176714e-10, 1.8607488239839038e-07, 9.728431743276062e-08, 2.1433197052618869e-07, 2.699098427829741e-08, 2.137861835136124e-07, 2.6315290702150387e-07, 2.5978478446614597e-06, 6.431784610264254e-07, 4.786054226352912e-06, 6.335306078283418e-10, 4.3185805103814314e-07, 5.713263057817531e-06, 1.0853672060062749e-06, 1.1294680929816719e-05, 0.00017333625938084903, 7.197481562137968e-06, 0.0007152223314934234, 0.0001809135958255987, 0.0004218478951233943, 0.2041712530897979, 0.7943026737966464]",2.7498945105421004,0
2025-06-30,2025-06-30,2025-07-31,2025-07-01,200,26,False,0,2,0.8324516243583453,7.392113013081202e-07,0.9984525949066885,"[5.530243640009932e-12, 1.1630396802072569e-10, 1.8381257168637971e-10, 8.248970401870109e-10, 6.84505057173726e-11, 1.7065703554231958e-07, 9.329994808817031e-08, 3.207399745189477e-07, 1.1207728129406847e-07, 1.0883116384190424e-07, 3.3083429455240695e-07, 3.1423790583475476e-06, 1.3537909584713317e-07, 3.884865901185551e-06, 2.2141296751569732e-09, 7.417808479895817e-07, 5.6498638676247065e-06, 2.0850778049843717e-07, 7.981787514539115e-06, 0.00019408221399332015, 2.1210176514392957e-06, 0.000700225155034433, 0.00019778544463137622, 0.00043030684511296706, 0.2021816425891051, 0.7962709523175834]",2.7498945105421004,0
2025-07-31,2025-07-31,2025-08-29,2025-08-01,202,26,False,0,2,0.8311632517119701,7.26291552008812e-07,0.9984055764127858,"[2.484902673732811e-13, 1.4219906153840362e-10, 1.5366157346015325e-10, 4.1675399553587717e-10, 1.5017988692857062e-09, 1.538988435827141e-07, 1.2139173229688241e-07, 3.062397385815376e-07, 1.9172732537647625e-08, 2.265526494894309e-07, 3.3436545555696966e-07, 1.8505883448469931e-06, 1.7234398603907586e-06, 5.038897872758624e-07, 2.807756241351217e-06, 1.5989128999013673e-07, 4.074866080373354e-06, 1.7226496994861678e-10, 9.05643624576915e-06, 0.00019226186325983603, 2.3332707488933572e-09, 0.0006723667610411446, 0.00023378756305690986, 0.00047466419065658977, 0.20695785510465037, 0.7914477213081356]",2.7498945105421004,0
2025-08-29,2025-08-29,2025-09-30,2025-08-30,204,26,False,0,2,0.833810327391242,8.525721694734133e-07,0.9983616411822623,"[2.3229580036462787e-11, 1.663897206569891e-10, 4.982274227192947e-10, 7.043392710265818e-12, 3.5198318271496815e-09, 1.0302394478700198e-07, 7.129912041667972e-08, 2.7067061719674684e-07, 2.350006809605283e-09, 2.1875487172975886e-07, 4.949485667895925e-07, 2.6809332342535204e-06, 2.811441388357111e-06, 2.617895584417907e-07, 2.0529973863739965e-06, 2.1850086661988407e-08, 1.5633055550724364e-08, 2.040740046175789e-06, 5.120312061474107e-05, 0.00031831008829280013, 3.857904758700867e-08, 0.0007481957345707731, 0.00010603348992494024, 0.0004035271586812857, 0.19505369634539604, 0.8033079448368664]",2.7498945105421004,0
2025-09-30,2025-09-30,2025-10-31,2025-10-01,206,27,False,0,2,0.8305729225067512,9.001436926281143e-07,0.9982398666369209,"[3.3274161222772193e-12, 1.6123735977013926e-10, 6.251547655296337e-10, 5.74010687848473e-10, 4.1607521335097355e-09, 8.012180334198723e-08, 1.2959287769376458e-07, 1.8672898211721154e-07, 3.078546208209633e-10, 1.5656329197445777e-07, 8.832460782330856e-07, 1.8742086132249097e-06, 3.88406710530907e-06, 8.315850074274394e-08, 2.931934681332055e-06, 1.338090975046787e-07, 3.306404468257691e-07, 2.717520870349927e-08, 7.057655739929463e-08, 4.679663515932378e-05, 0.00031422626692292373, 2.418350582836277e-05, 0.0007850393541051405, 8.874717397108616e-05, 0.000490362771510964, 0.18767935965527488, 0.810560506981646]",2.7916407864998742,0
2025-10-31,2025-10-31,2025-11-28,2025-11-01,207,27,False,0,2,0.8322496621762144,8.519249746524588e-07,0.9985187253582779,"[2.88444657928061e-12, 7.434214866441677e-11, 6.541117357992533e-10, 3.6007196130998727e-09, 4.146260736906288e-09, 1.254204835656123e-07, 2.9391426068145953e-08, 2.631853971481153e-07, 6.075112091267564e-09, 2.3509438390531335e-07, 7.307665341283924e-07, 2.197261012575276e-06, 1.869127916017336e-06, 2.720115390147356e-06, 2.3844693288091925e-06, 1.3231722747505836e-07, 1.8790264289422185e-07, 1.4151807780604568e-07, 1.3071560256971745e-05, 6.467024595759213e-05, 0.0003853631952022101, 7.268976769353367e-05, 0.00047718531353057903, 3.964146236092207e-05, 0.0004176219734688958, 0.19230187980594224, 0.8062168455523357]",2.7916407864998742,0
2025-11-28,2025-11-28,2025-12-31,2025-11-29,208,27,False,0,2,0.8229658517546236,9.372202075914456e-07,0.9982721198389766,"[2.959875871545352e-11, 1.3326552249813645e-10, 1.132671939629399e-09, 4.442753487984577e-09, 5.038369014900217e-09, 1.6168370812982435e-07, 8.826733283858209e-08, 3.2748765959604174e-07, 1.6967182804427826e-09, 3.166042037311917e-07, 1.9011902541260144e-07, 4.425979731419935e-07, 2.7600946269479013e-06, 2.5107980506792726e-06, 9.413837301468278e-07, 1.26430878870576e-08, 1.5351880409727413e-07, 3.2490300667209904e-06, 5.783690788155796e-06, 0.00010905325974636835, 0.0004204945497934611, 0.0001119516418890796, 0.00047569768262732735, 0.00011351014711611241, 0.0004802224874165905, 0.17980265830365355, 0.818469461535323]",2.7916407864998742,0
2025-12-31,2025-12-31,2026-01-30,2026-01-01,208,27,False,0,2,0.8220729981240936,9.49875812411082e-07,0.9982878452340664,"[6.644079188273525e-11, 1.357156665740061e-10, 1.3723647017615413e-09, 4.815882420360946e-09, 3.431041523225358e-09, 1.6037159885003634e-07, 5.410080918943665e-08, 3.6134008198885994e-07, 1.8228900901899557e-10, 4.004846602897482e-07, 5.892225206778346e-08, 1.1623569992066122e-07, 5.229200750538689e-06, 1.380475165224631e-06, 8.268853894475777e-07, 6.592067943813556e-08, 9.342572473816123e-08, 2.96862953170507e-06, 2.26957639695288e-06, 0.0001165516803347504, 0.0005419891656720243, 9.722110609515e-05, 0.00021823699625746725, 0.00018812316514599942, 0.0005360370799535891, 0.17801689278425567, 0.8202709524498109]",2.7916407864998742,0
2026-01-30,2026-01-30,2026-02-27,2026-01-31,208,27,False,0,2,0.8219091751542474,9.61638696359499e-07,0.9982439914825088,"[1.0537907801840189e-10, 1.323609868540196e-10, 1.19335760750988e-09, 1.4108876799805156e-09, 1.0392196365990309e-09, 1.882985113265612e-07, 5.7772973595020686e-08, 2.3412199437052796e-07, 6.1485932734798116e-09, 3.4672948331713624e-07, 3.511905939175296e-08, 1.4626690703261747e-07, 5.07341791186983e-06, 3.281596144275257e-07, 1.1543699679055467e-06, 2.0288351860017849e-07, 6.379863690411919e-07, 3.360210546042228e-06, 1.3777344174078233e-06, 8.370049614018958e-05, 0.0007174340435659559, 0.00011885883785654531, 9.156657970204061e-05, 0.00011632974205431723, 0.0006149657170995608, 0.17936041024268268, 0.8188835812398262]",2.7916407864998742,0
2026-02-27,2026-02-27,2026-03-31,2026-02-28,208,27,False,0,1,0.7215925000131862,9.60652231035203e-37,1.0,"[5.8397063813163576e-39, 1.8928361471630856e-38, 1.2042072560034489e-37, 4.4608358859427247e-38, 2.1093936884021443e-37, 4.0672601654056535e-38, 1.163207695527092e-36, 8.334729353907354e-37, 5.3579871019284974e-39, 4.491888976202311e-37, 1.0701982903596255e-36, 2.471913412831168e-36, 4.6718289039310134e-36, 5.8740809839799455e-36, 2.3969218825190568e-36, 4.976204814505014e-36, 4.503536063421699e-36, 0.0, 3.983024526761442e-36, 2.3603016689126688e-35, 3.455136255046908e-35, 1.0987713055562425e-35, 4.7761435044393087e-35, 1.7282243743774063e-34, 1.4154979384683654e-34, 1.6010005986998175e-34, 1.0]",2.7916407864998742,0
2026-03-31,2026-03-31,2026-04-30,2026-04-01,208,27,False,0,1,0.7279664052179604,2.3670285922313924e-36,1.0,"[1.3769391525073189e-37, 2.0135746400485165e-37, 2.8576876106073124e-37, 2.1391198229307583e-38, 3.969550800509151e-37, 2.5602265246393876e-37, 2.1879406241745405e-36, 8.082388508010217e-37, 2.9879816549282453e-37, 8.804824839159705e-36, 1.2347811600350932e-37, 1.235789735055092e-35, 3.699969287871749e-36, 4.3204069118450543e-36, 2.066014787004436e-35, 8.14548482282516e-36, 1.450846794202855e-35, 2.0997620181929665e-36, 3.5571148690210536e-36, 6.408929666140692e-37, 1.9950853479415756e-36, 7.828832832431205e-35, 4.5547664762485214e-35, 2.4631656042829475e-35, 4.308337872587728e-40, 9.055599529599063e-34, 1.0]",2.7916407864998742,0
2026-04-30,2026-04-30,2026-05-29,2026-05-01,215,27,False,0,1,0.7290292488227459,1.1624252407688891e-36,1.0,"[1.7179740590780503e-38, 1.3083015279798477e-37, 3.6702477327444313e-37, 5.908608586989186e-38, 1.9748276702127592e-38, 2.135391571246027e-37, 2.85097658784387e-36, 1.4915079478947077e-37, 5.944244609897198e-37, 2.5071520410384882e-36, 1.3023696512047774e-36, 4.293779329682653e-38, 1.37323155967744e-38, 5.163754674276022e-37, 3.5387374156727e-37, 1.957056056163812e-36, 6.327850199027647e-36, 0.0, 3.429523520565816e-36, 1.9095006088051212e-36, 2.3146624099239684e-35, 1.345940676800444e-36, 4.4144552852717946e-35, 4.664138800630733e-35, 7.45414108076897e-35, 3.6191581093076196e-36, 1.0]",2.7916407864998742,0
2026-05-29,2026-05-29,2026-06-30,2026-05-30,215,27,False,0,1,0.7283442419077232,8.536557972034251e-37,1.0,"[4.671134787393638e-38, 8.715611583881482e-38, 7.742076714992033e-38, 3.0096351166277205e-39, 1.7848641921591516e-38, 1.4957813310330957e-38, 1.085592687357611e-38, 3.196284236889901e-37, 1.0229749035814939e-36, 2.288921970644102e-37, 1.8263135846283278e-39, 1.686869223133395e-37, 1.3392564686784419e-36, 1.5898188897497664e-36, 1.2764802595085234e-35, 1.85205021883199e-36, 5.264782650736251e-37, 1.2326612278121122e-35, 3.4234667652449985e-36, 2.4976279742040633e-35, 3.0338808709193063e-35, 0.0, 1.1219110619206037e-34, 9.680005860509447e-37, 1.5769248601074138e-35, 3.673384356575478e-36, 1.0]",2.7916407864998742,0
2026-06-30,2026-06-30,2026-07-31,2026-07-01,216,27,False,0,1,0.7258961132654719,1.0433643279090092e-36,1.0,"[1.4488446639455691e-37, 2.2292371538488695e-39, 3.135483227317302e-39, 1.2427809773040468e-40, 3.5923427270302887e-37, 7.826608062230442e-37, 2.585808805854241e-39, 7.045779680815523e-39, 2.2038359619129952e-36, 2.6445109457887655e-36, 4.5637269139992306e-38, 0.0, 1.624972972910503e-36, 1.2524460146723918e-37, 1.5002355095374085e-35, 1.8408921466022046e-36, 2.4810425887258684e-35, 1.1155819753241746e-37, 3.473128611843717e-36, 1.853718210536975e-36, 7.48934510006731e-36, 1.878621593868094e-36, 7.629769510845028e-35, 1.6882093341503506e-35, 2.0093918514469077e-35, 5.424861403765828e-35, 1.0]",2.7916407864998742,0
2026-07-31,2026-07-31,2026-08-31,2026-08-01,221,27,False,0,1,0.7266387367815879,9.811317086919912e-37,1.0,"[7.226760373195855e-38, 3.5860788663222304e-38, 7.0396832340139e-38, 2.9371830434834745e-38, 4.552716740684911e-39, 3.187347813042785e-37, 1.6928992111265369e-37, 4.848291950846797e-38, 7.95974040337416e-37, 4.255175393775129e-36, 4.372989832648734e-37, 3.6954717259908415e-38, 6.175220668401164e-37, 9.043846193725669e-36, 3.589424467557969e-37, 4.1925265214354924e-36, 4.599423609274781e-36, 3.7245202330198793e-35, 3.296131562995044e-36, 1.2724890146901081e-36, 1.623302390951082e-35, 5.824833048646794e-37, 9.132747214559157e-37, 1.0590859316499623e-34, 8.559714241602502e-36, 8.055404028358504e-35, 1.0]",2.7916407864998742,0
