date,decision_date,trial_id,r_method,r_method_gross,cost_return,r_null_a,r_null_b,r_null_c,r_active_vs_a,r_active_vs_b,r_active_vs_c,turnover,f,g,f_tilde,gate_binding
2020-12-31,2020-11-30,VCFC_option_a_vt_L21_C6_g0p25_mkt_vol,0.011120305117417255,0.011120305117417255,0.0,0.044383263762949605,0.044383263762949605,0.05485854966987034,-0.03326295864553235,-0.03326295864553235,-0.043738244552453086,0.0,1.0,0.25,0.25,True
2021-01-29,2020-12-31,VCFC_option_a_vt_L21_C6_g0p25_mkt_vol,-0.0006406588922878445,-0.0002656588922878445,0.000375,-0.0002656588922878445,-0.0002656588922878445,0.006858562511923282,-0.000375,-0.000375,-0.007499221404211127,0.75,1.0,1.0,1.0,False
2021-02-26,2021-01-29,VCFC_option_a_vt_L21_C6_g0p25_mkt_vol,0.006384298820054484,0.006760393882907879,0.00037609506285339524,0.027364503344599018,0.027611732047081672,0.027155166005436843,-0.020980204524544535,-0.02122743322702719,-0.02077086718538236,0.7521901257067904,0.9912394971728384,0.25,0.2478098742932096,True
2021-03-31,2021-02-26,VCFC_option_a_vt_L21_C6_g0p25_mkt_vol,0.009048123743419787,0.009052217317201856,4.093573782069677e-06,0.036520734766138256,0.03812414958029913,0.023809517999560458,-0.027472611022718467,-0.029076025836879342,-0.01476139425614067,0.008187147564139354,0.9584909069162808,0.25,0.2396227267290702,True
2021-04-30,2021-03-31,VCFC_option_a_vt_L21_C6_g0p25_mkt_vol,0.012073431450095271,0.012073649792599898,2.183425046271975e-07,0.048293725800381083,0.050478070149022544,0.03889909104749361,-0.036220294350285814,-0.038404638698927275,-0.02682565959739834,0.000436685009254395,0.9567441668792633,0.25,0.23918604171981583,True
2021-05-28,2021-04-30,VCFC_option_a_vt_L21_C6_g0p25_mkt_vol,0.0040762676564044635,0.004456674635544555,0.0003804069791400921,0.004435046718984187,0.004456674635544555,-0.002103869340104195,-0.00035877906257972356,-0.0003804069791400917,0.006180136996508659,0.7608139582801842,1.0,1.0,1.0,False
2021-06-30,2021-05-28,VCFC_option_a_vt_L21_C6_g0p25_mkt_vol,0.028814765955021217,0.028814765955021217,0.0,0.028814765955021217,0.028814765955021217,0.006261945581678417,0.0,0.0,0.022552820373342802,0.0,1.0,1.0,1.0,False
2021-07-30,2021-06-30,VCFC_option_a_vt_L21_C6_g0p25_mkt_vol,0.020363120907655515,0.020363120907655515,0.0,0.020363120907655515,0.020363120907655515,0.008515954408507819,0.0,0.0,0.011847166499147696,0.0,1.0,1.0,1.0,False
2021-08-31,2021-07-30,VCFC_option_a_vt_L21_C6_g0p25_mkt_vol,0.030971460327742274,0.030971460327742274,0.0,0.030971460327742274,0.030971460327742274,0.026327827017288648,0.0,0.0,0.004643633310453626,0.0,1.0,1.0,1.0,False
2021-09-30,2021-08-31,VCFC_option_a_vt_L21_C6_g0p25_mkt_vol,-0.046385335726389115,-0.046385335726389115,0.0,-0.046385335726389115,-0.046385335726389115,-0.03178743105741398,0.0,0.0,-0.014597904668975134,0.0,1.0,1.0,1.0,False
2021-10-29,2021-09-30,VCFC_option_a_vt_L21_C6_g0p25_mkt_vol,0.01670286116194304,0.017077861161943042,0.000375,0.06863896747251708,0.06863896747251708,0.05335158751244383,-0.051936106310574034,-0.051936106310574034,-0.03664872635050079,0.75,1.0,0.25,0.25,True
2021-11-30,2021-10-29,VCFC_option_a_vt_L21_C6_g0p25_mkt_vol,-0.003991834602133967,-0.003616834602133967,0.000375,-0.003616834602133967,-0.003616834602133967,-0.015932730931884572,-0.00037500000000000033,-0.00037500000000000033,0.011940896329750605,0.75,1.0,1.0,1.0,False
2021-12-31,2021-11-30,VCFC_option_a_vt_L21_C6_g0p25_mkt_vol,0.03864778567716913,0.03864778567716913,0.0,0.03864778567716913,0.03864778567716913,0.011867957451470216,0.0,0.0,0.026779828225698916,0.0,1.0,1.0,1.0,False
2022-01-31,2021-12-31,VCFC_option_a_vt_L21_C6_g0p25_mkt_vol,-0.04821722393288779,-0.048109551553274885,0.00010767237961290582,-0.04821722393288779,-0.0613129805974495,-0.05600866827597609,0.0,0.013095756664561711,0.007791444343088295,0.21534475922581162,0.7846552407741884,1.0,0.7846552407741884,False
2022-02-28,2022-01-31,VCFC_option_a_vt_L21_C6_g0p25_mkt_vol,-0.005609775245344578,-0.005308318146369295,0.0003014570989752822,-0.020605661931393543,-0.028222946678299776,-0.0032662319691959137,0.014995886686048964,0.022613171432955197,-0.0023435432761486643,0.6029141979505644,0.7269641712944956,0.25,0.1817410428236239,True
2022-03-31,2022-02-28,VCFC_option_a_vt_L21_C6_g0p25_mkt_vol,0.005751422578976732,0.00576715064750606,1.572806852932719e-05,0.021627009997916218,0.035776417208131274,0.011031310969034213,-0.015875587418939484,-0.03002499462915454,-0.005279888390057481,0.03145613705865438,0.601139623059878,0.25,0.1502849057649695,True
2022-04-29,2022-03-31,VCFC_option_a_vt_L21_C6_g0p25_mkt_vol,-0.06297656737940145,-0.0627259700948155,0.00025059728458596295,-0.062751140020754,-0.09622387963195574,-0.06674416805259342,-0.00022542735864744534,0.033247312252554284,0.0037676006731919703,0.5011945691719258,0.6514794749368954,1.0,0.6514794749368954,False
2022-05-31,2022-04-29,VCFC_option_a_vt_L21_C6_g0p25_mkt_vol,0.000487324789843277,0.0004906322042462507,3.3074144029737082e-06,0.000487324789843277,0.0005800939975287407,-0.00955119192544047,0.0,-9.276920768546364e-05,0.010038516715283746,0.006614828805947416,0.644864646130948,1.0,0.644864646130948,False
2022-06-30,2022-05-31,VCFC_option_a_vt_L21_C6_g0p25_mkt_vol,-0.011059285983359979,-0.01080475533005642,0.0002545306533035575,-0.04560045090141038,-0.08450544797665417,-0.07922515209974176,0.0345411649180504,0.07344616199329419,0.06816586611638178,0.509061306607115,0.5432133580953316,0.25,0.1358033395238329,True
2022-07-29,2022-06-30,VCFC_option_a_vt_L21_C6_g0p25_mkt_vol,0.015300383080899788,0.015307746259164468,7.363178264681387e-06,0.06011983700877621,0.09965779047727749,0.08310879993855326,-0.044819453927876424,-0.0843574073963777,-0.06780841685765347,0.014726356529362775,0.6021187842127829,0.25,0.15052969605319572,True
2022-08-31,2022-07-29,VCFC_option_a_vt_L21_C6_g0p25_mkt_vol,-0.008599823726688017,-0.008559197249331688,4.062647735632868e-05,-0.04021052816698676,-0.043347912163053726,-0.034721724319496744,0.031610704440298745,0.03474808843636571,0.02612190059280873,0.08125295471265737,0.9271306030634122,0.25,0.23178265076585305,True
2022-09-30,2022-08-31,VCFC_option_a_vt_L21_C6_g0p25_mkt_vol,-0.019341950868265265,-0.019335859428634056,6.091439631208242e-06,-0.08357142746660297,-0.0953991397436184,-0.07489454271196853,0.0642294765983377,0.07605718887535313,0.05555259184370327,0.012182879262416485,0.8783990860137462,0.25,0.21959977150343654,True
2022-10-31,2022-09-30,VCFC_option_a_vt_L21_C6_g0p25_mkt_vol,0.016258487143620423,0.01627109301044445,1.2605866824026702e-05,0.06027742570833267,0.07713329106806736,0.054918824806159824,-0.04401893856471225,-0.06087480392444694,-0.0386603376625394,0.025211733648053403,0.7775521514215326,0.25,0.19438803785538314,True
2022-11-30,2022-10-31,VCFC_option_a_vt_L21_C6_g0p25_mkt_vol,0.011864802988414322,0.01187572957146877,1.0926583054448225e-05,0.038003370033015425,0.05371437666554614,0.033917855641739554,-0.026138567044601102,-0.04184957367713182,-0.02205305265332523,0.021853166108896448,0.6901394869859467,0.25,0.17253487174648668,True
2022-12-30,2022-11-30,VCFC_option_a_vt_L21_C6_g0p25_mkt_vol,-0.007893734262164078,-0.007891452438244812,2.281823919266269e-06,-0.04245167475121879,-0.0649399250497098,-0.04203555868820332,0.03455794048905471,0.05704619078754572,0.03414182442603925,0.004563647838532537,0.6718848956318167,0.25,0.1679712239079542,True
2023-01-31,2022-12-30,VCFC_option_a_vt_L21_C6_g0p25_mkt_vol,0.02081248624978609,0.02085350063783211,4.101438804602292e-05,0.07472278579366805,0.07488684334585213,0.08146583582694766,-0.05391029954388196,-0.05407435709606605,-0.06065334957716158,0.08202877609204584,1.0,0.25,0.25,True
2023-02-28,2023-01-31,VCFC_option_a_vt_L21_C6_g0p25_mkt_vol,-0.002257798298454644,-0.002257798298454644,0.0,-0.019404335902135483,-0.019404335902135483,-0.022293759248678293,0.017146537603680838,0.017146537603680838,0.020035960950223648,0.0,1.0,0.25,0.25,True
2023-03-31,2023-02-28,VCFC_option_a_vt_L21_C6_g0p25_mkt_vol,0.012935258390725173,0.012935258390725173,0.0,0.03976725085646346,0.03976725085646346,0.024362600966729507,-0.026831992465738287,-0.026831992465738287,-0.011427342576004335,0.0,1.0,0.25,0.25,True
2023-04-28,2023-03-31,VCFC_option_a_vt_L21_C6_g0p25_mkt_vol,0.005061177819363763,0.005061177819363763,0.0,0.009353761606251308,0.009353761606251308,0.0025753932952817782,-0.0042925837868875456,-0.0042925837868875456,0.0024857845240819844,0.0,1.0,0.25,0.25,True
2023-05-31,2023-04-28,VCFC_option_a_vt_L21_C6_g0p25_mkt_vol,0.0071619391918767705,0.0071619391918767705,0.0,0.01739296782035915,0.01739296782035915,-0.015417009573994061,-0.01023102862848238,-0.01023102862848238,0.022578948765870833,0.0,1.0,0.25,0.25,True
2023-06-30,2023-05-31,VCFC_option_a_vt_L21_C6_g0p25_mkt_vol,0.020079518716585403,0.020079518716585403,0.0,0.06649977564856473,0.06649977564856473,0.055430945263364284,-0.04642025693197932,-0.04642025693197932,-0.03535142654677888,0.0,1.0,0.25,0.25,True
2023-07-31,2023-06-30,VCFC_option_a_vt_L21_C6_g0p25_mkt_vol,0.03601511695856238,0.03639011695856238,0.000375,0.03639011695856238,0.03639011695856238,0.027840048953493752,-0.00037500000000000033,-0.00037500000000000033,0.00817506800506863,0.75,1.0,1.0,1.0,False
2023-08-31,2023-07-31,VCFC_option_a_vt_L21_C6_g0p25_mkt_vol,-0.018729246956048128,-0.018729246956048128,0.0,-0.018729246956048128,-0.018729246956048128,-0.019688768589620823,0.0,0.0,0.0009595216335726957,0.0,1.0,1.0,1.0,False
2023-09-29,2023-08-31,VCFC_option_a_vt_L21_C6_g0p25_mkt_vol,-0.049166409568289916,-0.049166409568289916,0.0,-0.049166409568289916,-0.049166409568289916,-0.0356707903414096,0.0,0.0,-0.013495619226880314,0.0,1.0,1.0,1.0,False
2023-10-31,2023-09-29,VCFC_option_a_vt_L21_C6_g0p25_mkt_vol,-0.02515080320447248,-0.02515080320447248,0.0,-0.02515080320447248,-0.02515080320447248,-0.010286967291063064,0.0,0.0,-0.014863835913409416,0.0,1.0,1.0,1.0,False
2023-11-30,2023-10-31,VCFC_option_a_vt_L21_C6_g0p25_mkt_vol,0.02666317220233684,0.02703817220233684,0.000375,0.09410649585508923,0.09410649585508923,0.07342340300273398,-0.0674433236527524,-0.0674433236527524,-0.04676023080039714,0.75,1.0,0.25,0.25,True
2023-12-29,2023-11-30,VCFC_option_a_vt_L21_C6_g0p25_mkt_vol,0.0556733041855849,0.0560483041855849,0.000375,0.0560483041855849,0.0560483041855849,0.06118198481063909,-0.00037500000000000033,-0.00037500000000000033,-0.005508680625054191,0.75,1.0,1.0,1.0,False
2024-01-31,2023-12-29,VCFC_option_a_vt_L21_C6_g0p25_mkt_vol,0.010967034945244744,0.010967034945244744,0.0,0.010967034945244744,0.010967034945244744,-0.0038769636320920074,0.0,0.0,0.014843998577336752,0.0,1.0,1.0,1.0,False
2024-02-29,2024-01-31,VCFC_option_a_vt_L21_C6_g0p25_mkt_vol,0.05025259678955492,0.05025259678955492,0.0,0.05025259678955492,0.05025259678955492,0.04551693712860331,0.0,0.0,0.004735659660951609,0.0,1.0,1.0,1.0,False
2024-03-28,2024-02-29,VCFC_option_a_vt_L21_C6_g0p25_mkt_vol,0.009908884984326575,0.010283884984326575,0.000375,0.028829906886884207,0.028829906886884207,0.02547003177787957,-0.018921021902557632,-0.018921021902557632,-0.015561146793552996,0.75,1.0,0.25,0.25,True
2024-04-30,2024-03-28,VCFC_option_a_vt_L21_C6_g0p25_mkt_vol,-0.04275166198994755,-0.04237666198994755,0.000375,-0.04237666198994755,-0.04237666198994755,-0.04288326171141131,-0.00037500000000000033,-0.00037500000000000033,0.00013159972146375987,0.75,1.0,1.0,1.0,False
2024-05-31,2024-04-30,VCFC_option_a_vt_L21_C6_g0p25_mkt_vol,0.01631247171275552,0.01668747171275552,0.000375,0.053030701309268305,0.053030701309268305,0.05097339442985062,-0.03671822959651279,-0.03671822959651279,-0.0346609227170951,0.75,1.0,0.25,0.25,True
2024-06-28,2024-05-31,VCFC_option_a_vt_L21_C6_g0p25_mkt_vol,0.03466083738929902,0.03503583738929902,0.000375,0.03503583738929902,0.03503583738929902,-0.0028313385976783453,-0.00037500000000000033,-0.00037500000000000033,0.037492175986977364,0.75,1.0,1.0,1.0,False
2024-07-31,2024-06-28,VCFC_option_a_vt_L21_C6_g0p25_mkt_vol,0.01566935716482927,0.01566935716482927,0.0,0.01566935716482927,0.01566935716482927,0.03597861121143071,0.0,0.0,-0.020309254046601437,0.0,1.0,1.0,1.0,False
2024-08-30,2024-07-31,VCFC_option_a_vt_L21_C6_g0p25_mkt_vol,0.007486595774206128,0.007861595774206129,0.000375,0.017595112654305856,0.017595112654305856,0.0031838537968577317,-0.010108516880099727,-0.010108516880099727,0.004302741977348397,0.75,1.0,0.25,0.25,True
2024-09-30,2024-08-30,VCFC_option_a_vt_L21_C6_g0p25_mkt_vol,0.00789565273606188,0.00791227919485135,1.6626458789470112e-05,0.018916858586239916,0.0212480370246648,0.017865080541602667,-0.011021205850178037,-0.01335238428860292,-0.009969427805540788,0.03325291757894022,0.8669883296842391,0.25,0.21674708242105978,True
2024-10-31,2024-09-30,VCFC_option_a_vt_L21_C6_g0p25_mkt_vol,0.0002083017839376427,0.00022492824272711282,1.6626458789470112e-05,-0.011011209837654088,-0.010944704002496208,-0.013586698323554778,0.011219511621591731,0.011153005786433851,0.013795000107492421,0.03325291757894022,1.0,0.25,0.25,True
2024-11-29,2024-10-31,VCFC_option_a_vt_L21_C6_g0p25_mkt_vol,0.06263382508007052,0.06300882508007052,0.000375,0.06300882508007052,0.06300882508007052,0.06322239699706261,-0.00037500000000000033,-0.00037500000000000033,-0.0005885719169920894,0.75,1.0,1.0,1.0,False
2024-12-31,2024-11-29,VCFC_option_a_vt_L21_C6_g0p25_mkt_vol,-0.023514198759744885,-0.023514198759744885,0.0,-0.023514198759744885,-0.023514198759744885,-0.03873290071229025,0.0,0.0,0.015218701952545363,0.0,1.0,1.0,1.0,False
2025-01-31,2024-12-31,VCFC_option_a_vt_L21_C6_g0p25_mkt_vol,0.008743224068879622,0.009118224068879622,0.000375,0.025973090009227387,0.025973090009227387,0.024865846101993896,-0.017229865940347765,-0.017229865940347765,-0.016122622033114275,0.75,1.0,0.25,0.25,True
2025-02-28,2025-01-31,VCFC_option_a_vt_L21_C6_g0p25_mkt_vol,-0.002521765777860713,-0.002521765777860713,0.0,-0.019800635617923158,-0.019800635617923158,-0.01960003074506583,0.017278869840062445,0.017278869840062445,0.017078264967205117,0.0,1.0,0.25,0.25,True
2025-03-31,2025-02-28,VCFC_option_a_vt_L21_C6_g0p25_mkt_vol,-0.06102872203039303,-0.06065372203039303,0.000375,-0.06065372203039303,-0.06065372203039303,-0.030775251152640976,-0.00037500000000000033,-0.00037500000000000033,-0.030253470877752053,0.75,1.0,1.0,1.0,False
2025-04-30,2025-03-31,VCFC_option_a_vt_L21_C6_g0p25_mkt_vol,-0.005055984186895949,-0.004958082327209028,9.790185968692055e-05,-0.005055984186895949,-0.006993605981343187,-0.0028776599343611586,0.0,0.0019376217944472385,-0.00217832425253479,0.1958037193738411,0.8041962806261589,1.0,0.8041962806261589,False
2025-05-30,2025-04-30,VCFC_option_a_vt_L21_C6_g0p25_mkt_vol,0.026946002711401774,0.027163832928362348,0.00021783021696057257,0.026946002711401774,0.06748401572036392,0.04378428146052401,0.0,-0.04053801300896214,-0.016838278749122235,0.4356604339211452,0.36853584670501377,1.0,0.36853584670501377,False
2025-06-30,2025-05-30,VCFC_option_a_vt_L21_C6_g0p25_mkt_vol,0.0527947698418595,0.05311050191850699,0.00031573207664749314,0.0527947698418595,0.05311050191850699,0.030058402927735973,0.0,-0.00031573207664749303,0.022736366914123524,0.6314641532949863,1.0,1.0,1.0,False
2025-07-31,2025-06-30,VCFC_option_a_vt_L21_C6_g0p25_mkt_vol,0.021731157091000083,0.021731157091000083,0.0,0.021731157091000083,0.021731157091000083,0.01873291674745074,0.0,0.0,0.0029982403435493445,0.0,1.0,1.0,1.0,False
2025-08-29,2025-07-31,VCFC_option_a_vt_L21_C6_g0p25_mkt_vol,0.023492417640570817,0.023492417640570817,0.0,0.023492417640570817,0.023492417640570817,0.028985176483954784,0.0,0.0,-0.005492758843383967,0.0,1.0,1.0,1.0,False
2025-09-30,2025-08-29,VCFC_option_a_vt_L21_C6_g0p25_mkt_vol,0.036637047859041955,0.036637047859041955,0.0,0.036637047859041955,0.036637047859041955,0.01791722220097044,0.0,0.0,0.018719825658071513,0.0,1.0,1.0,1.0,False
2025-10-31,2025-09-30,VCFC_option_a_vt_L21_C6_g0p25_mkt_vol,0.025473166388791057,0.025473166388791057,0.0,0.025473166388791057,0.025473166388791057,0.0037470689029656303,0.0,0.0,0.02172609748582543,0.0,1.0,1.0,1.0,False
2025-11-28,2025-10-31,VCFC_option_a_vt_L21_C6_g0p25_mkt_vol,0.0009999535697725603,0.0009999535697725603,0.0,0.0009999535697725603,0.0009999535697725603,0.0004872196501073176,0.0,0.0,0.0005127339196652427,0.0,1.0,1.0,1.0,False
2025-12-31,2025-11-28,VCFC_option_a_vt_L21_C6_g0p25_mkt_vol,-0.000858926801705129,-0.000858926801705129,0.0,-0.000858926801705129,-0.000858926801705129,0.0003658333844512846,0.0,0.0,-0.0012247601861564137,0.0,1.0,1.0,1.0,False
2026-01-30,2025-12-31,VCFC_option_a_vt_L21_C6_g0p25_mkt_vol,0.018321109435609093,0.018321109435609093,0.0,0.018321109435609093,0.018321109435609093,0.020255470442650792,0.0,0.0,-0.0019343610070416996,0.0,1.0,1.0,1.0,False
2026-02-27,2026-01-30,VCFC_option_a_vt_L21_C6_g0p25_mkt_vol,-0.008276224872126614,-0.008276224872126614,0.0,-0.008276224872126614,-0.008276224872126614,0.00566679631201618,0.0,0.0,-0.013943021184142795,0.0,1.0,1.0,1.0,False
2026-03-31,2026-02-27,VCFC_option_a_vt_L21_C6_g0p25_mkt_vol,-0.04875076864478462,-0.04875076864478462,0.0,-0.04875076864478462,-0.04875076864478462,-0.03287538289017696,0.0,0.0,-0.01587538575460766,0.0,1.0,1.0,1.0,False
2026-04-30,2026-03-31,VCFC_option_a_vt_L21_C6_g0p25_mkt_vol,0.028336431334695125,0.02872173592265076,0.00038530458795563486,0.10617839551805135,0.11550314358796829,0.05927159621781441,-0.07784196418335622,-0.08716671225327316,-0.030935164883119284,0.7706091759112697,0.9175632963549217,0.25,0.22939082408873043,True
2026-05-29,2026-04-30,VCFC_option_a_vt_L21_C6_g0p25_mkt_vol,0.05888797210979923,0.05927327669775486,0.00038530458795563486,0.05923205834593232,0.05927327669775486,0.01904219128586019,-0.00034408623613309264,-0.0003853045879556316,0.03984578082393904,0.7706091759112697,1.0,1.0,1.0,False
2026-06-30,2026-05-29,VCFC_option_a_vt_L21_C6_g0p25_mkt_vol,0.00013886263429633422,0.00013886263429633422,0.0,0.00013886263429633422,0.00013886263429633422,0.0020969301930664286,0.0,0.0,-0.0019580675587700944,0.0,1.0,1.0,1.0,False
2026-07-31,2026-06-30,VCFC_option_a_vt_L21_C6_g0p25_mkt_vol,-0.0011313285962720363,-0.0007428286935586524,0.00038849990271338386,-0.013137818630448177,-0.01507607042077549,-0.004485022158435058,0.012006490034176141,0.013944741824503453,0.0033536935621630215,0.7769998054267677,0.8920007782929296,0.25,0.2230001945732324,True
2026-08-31,2026-07-31,VCFC_option_a_vt_L21_C6_g0p25_mkt_vol,0.008648036119569123,0.008661536022282507,1.3499902713383803e-05,0.026288602202881726,0.026342601813735263,0.02814977980592025,-0.017640566083312603,-0.01769456569416614,-0.019501743686351127,0.026999805426767606,1.0,0.25,0.25,True
2026-09-16,2026-08-31,VCFC_option_a_vt_L21_C6_g0p25_mkt_vol,-0.014997921224928499,-0.014622921224928498,0.000375,-0.014622921224928498,-0.014622921224928498,-0.02010020652988051,-0.00037500000000000033,-0.00037500000000000033,0.005102285304952011,0.75,1.0,1.0,1.0,False
2020-12-31,2020-11-30,VCFC_option_a_vt_L21_C6_g0p5_mkt_vol,0.022207957999261372,0.022207957999261372,0.0,0.044383263762949605,0.044383263762949605,0.05485854966987034,-0.022175305763688234,-0.022175305763688234,-0.032650591670608964,0.0,1.0,0.5,0.5,True
2021-01-29,2020-12-31,VCFC_option_a_vt_L21_C6_g0p5_mkt_vol,-0.0005156588922878445,-0.0002656588922878445,0.00025,-0.0002656588922878445,-0.0002656588922878445,0.006858562511923282,-0.00025,-0.00025,-0.007374221404211127,0.5,1.0,1.0,1.0,False
2021-02-26,2021-01-29,VCFC_option_a_vt_L21_C6_g0p5_mkt_vol,0.013377700328235995,0.013629890453942785,0.0002521901257067904,0.027364503344599018,0.027611732047081672,0.027155166005436843,-0.013986803016363023,-0.014234031718845677,-0.013777465677200848,0.5043802514135808,0.9912394971728384,0.5,0.4956197485864192,True
2021-03-31,2021-02-26,VCFC_option_a_vt_L21_C6_g0p5_mkt_vol,0.01820566075099261,0.018213847898556748,8.187147564139408e-06,0.036520734766138256,0.03812414958029913,0.023809517999560458,-0.018315074015145646,-0.01991848882930652,-0.005603857248567847,0.01637429512827882,0.9584909069162808,0.5,0.4792454534581404,True
2021-04-30,2021-03-31,VCFC_option_a_vt_L21_C6_g0p5_mkt_vol,0.024146862900190542,0.024147299585199795,4.3668500925436725e-07,0.048293725800381083,0.050478070149022544,0.03889909104749361,-0.024146862900190542,-0.026331207248832002,-0.014752228147303068,0.0008733700185087345,0.9567441668792633,0.5,0.47837208343963167,True
2021-05-28,2021-04-30,VCFC_option_a_vt_L21_C6_g0p5_mkt_vol,0.004195860677264371,0.004456674635544555,0.0002608139582801842,0.004435046718984187,0.004456674635544555,-0.002103869340104195,-0.0002391860417198157,-0.00026081395828018387,0.006299730017368567,0.5216279165603683,1.0,1.0,1.0,False
2021-06-30,2021-05-28,VCFC_option_a_vt_L21_C6_g0p5_mkt_vol,0.028814765955021217,0.028814765955021217,0.0,0.028814765955021217,0.028814765955021217,0.006261945581678417,0.0,0.0,0.022552820373342802,0.0,1.0,1.0,1.0,False
2021-07-30,2021-06-30,VCFC_option_a_vt_L21_C6_g0p5_mkt_vol,0.020363120907655515,0.020363120907655515,0.0,0.020363120907655515,0.020363120907655515,0.008515954408507819,0.0,0.0,0.011847166499147696,0.0,1.0,1.0,1.0,False
2021-08-31,2021-07-30,VCFC_option_a_vt_L21_C6_g0p5_mkt_vol,0.030971460327742274,0.030971460327742274,0.0,0.030971460327742274,0.030971460327742274,0.026327827017288648,0.0,0.0,0.004643633310453626,0.0,1.0,1.0,1.0,False
2021-09-30,2021-08-31,VCFC_option_a_vt_L21_C6_g0p5_mkt_vol,-0.046385335726389115,-0.046385335726389115,0.0,-0.046385335726389115,-0.046385335726389115,-0.03178743105741398,0.0,0.0,-0.014597904668975134,0.0,1.0,1.0,1.0,False
2021-10-29,2021-09-30,VCFC_option_a_vt_L21_C6_g0p5_mkt_vol,0.03401489659880105,0.03426489659880105,0.00025,0.06863896747251708,0.06863896747251708,0.05335158751244383,-0.03462407087371602,-0.03462407087371602,-0.019336690913642776,0.5,1.0,0.5,0.5,True
2021-11-30,2021-10-29,VCFC_option_a_vt_L21_C6_g0p5_mkt_vol,-0.0038668346021339672,-0.003616834602133967,0.00025,-0.003616834602133967,-0.003616834602133967,-0.015932730931884572,-0.0002500000000000002,-0.0002500000000000002,0.012065896329750605,0.5,1.0,1.0,1.0,False
2021-12-31,2021-11-30,VCFC_option_a_vt_L21_C6_g0p5_mkt_vol,0.03864778567716913,0.03864778567716913,0.0,0.03864778567716913,0.03864778567716913,0.011867957451470216,0.0,0.0,0.026779828225698916,0.0,1.0,1.0,1.0,False
2022-01-31,2021-12-31,VCFC_option_a_vt_L21_C6_g0p5_mkt_vol,-0.04821722393288779,-0.048109551553274885,0.00010767237961290582,-0.04821722393288779,-0.0613129805974495,-0.05600866827597609,0.0,0.013095756664561711,0.007791444343088295,0.21534475922581162,0.7846552407741884,1.0,0.7846552407741884,False
2022-02-28,2022-01-31,VCFC_option_a_vt_L21_C6_g0p5_mkt_vol,-0.010608404140694232,-0.010397817563130763,0.00021058657756347027,-0.020605661931393543,-0.028222946678299776,-0.0032662319691959137,0.00999725779069931,0.017614542537605544,-0.007342172171498318,0.42117315512694053,0.7269641712944956,0.5,0.3634820856472478,True
2022-03-31,2022-02-28,VCFC_option_a_vt_L21_C6_g0p5_mkt_vol,0.01104328505195656,0.011074741189015216,3.145613705865441e-05,0.021627009997916218,0.035776417208131274,0.011031310969034213,-0.010583724945959657,-0.024733132156174713,1.1974082922347473e-05,0.06291227411730882,0.601139623059878,0.5,0.300569811529939,True
2022-04-29,2022-03-31,VCFC_option_a_vt_L21_C6_g0p5_mkt_vol,-0.06290142492651897,-0.0627259700948155,0.0001754548317034782,-0.062751140020754,-0.09622387963195574,-0.06674416805259342,-0.00015028490576496356,0.033322454705436766,0.003842743126074452,0.3509096634069564,0.6514794749368954,1.0,0.6514794749368954,False
2022-05-31,2022-04-29,VCFC_option_a_vt_L21_C6_g0p5_mkt_vol,0.000487324789843277,0.0004906322042462507,3.3074144029737082e-06,0.000487324789843277,0.0005800939975287407,-0.00955119192544047,0.0,-9.276920768546364e-05,0.010038516715283746,0.006614828805947416,0.644864646130948,1.0,0.644864646130948,False
2022-06-30,2022-05-31,VCFC_option_a_vt_L21_C6_g0p5_mkt_vol,-0.022573007622710112,-0.02238637863916847,0.00018662898354164108,-0.04560045090141038,-0.08450544797665417,-0.07922515209974176,0.023027443278700266,0.06193244035394406,0.05665214447703165,0.3732579670832822,0.5432133580953316,0.5,0.2716066790476658,True
2022-07-29,2022-06-30,VCFC_option_a_vt_L21_C6_g0p5_mkt_vol,0.030240201056858595,0.030254927413387957,1.472635652936283e-05,0.06011983700877621,0.09965779047727749,0.08310879993855326,-0.029879635951917616,-0.0694175894204189,-0.052868598881694664,0.02945271305872566,0.6021187842127829,0.5,0.30105939210639143,True
2022-08-31,2022-07-29,VCFC_option_a_vt_L21_C6_g0p5_mkt_vol,-0.019136725206787598,-0.01905547225207494,8.125295471265735e-05,-0.04021052816698676,-0.043347912163053726,-0.034721724319496744,0.021073802960199162,0.024211186956266128,0.015584999112709146,0.16250590942531468,0.9271306030634122,0.5,0.4635653015317061,True
2022-09-30,2022-08-31,VCFC_option_a_vt_L21_C6_g0p5_mkt_vol,-0.0407517764010445,-0.04073959352178208,1.2182879262416485e-05,-0.08357142746660297,-0.0953991397436184,-0.07489454271196853,0.04281965106555847,0.0546473633425739,0.034142766310924035,0.02436575852483297,0.8783990860137462,0.5,0.4391995430068731,True
2022-10-31,2022-09-30,VCFC_option_a_vt_L21_C6_g0p5_mkt_vol,0.030931466665191174,0.030956678398839227,2.5211733648053403e-05,0.06027742570833267,0.07713329106806736,0.054918824806159824,-0.0293459590431415,-0.04620182440287619,-0.02398735814096865,0.050423467296106805,0.7775521514215326,0.5,0.3887760757107663,True
2022-11-30,2022-10-31,VCFC_option_a_vt_L21_C6_g0p5_mkt_vol,0.020577658669948023,0.02059951183605692,2.1853166108896477e-05,0.038003370033015425,0.05371437666554614,0.033917855641739554,-0.017425711363067403,-0.033136717995598114,-0.013340196971791531,0.04370633221779295,0.6901394869859467,0.5,0.34506974349297337,True
2022-12-30,2022-11-30,VCFC_option_a_vt_L21_C6_g0p5_mkt_vol,-0.01941304775851565,-0.019408484110677117,4.56364783853251e-06,-0.04245167475121879,-0.0649399250497098,-0.04203555868820332,0.02303862699270314,0.04552687729119415,0.022622510929687673,0.00912729567706502,0.6718848956318167,0.5,0.3359424478159084,True
2023-01-31,2022-12-30,VCFC_option_a_vt_L21_C6_g0p5_mkt_vol,0.03878258609774674,0.038864614873838785,8.202877609204583e-05,0.07472278579366805,0.07488684334585213,0.08146583582694766,-0.035940199695921306,-0.03610425724810539,-0.04268324972920092,0.16405755218409168,1.0,0.5,0.5,True
2023-02-28,2023-01-31,VCFC_option_a_vt_L21_C6_g0p5_mkt_vol,-0.007973310833014923,-0.007973310833014923,0.0,-0.019404335902135483,-0.019404335902135483,-0.022293759248678293,0.01143102506912056,0.01143102506912056,0.01432044841566337,0.0,1.0,0.5,0.5,True
2023-03-31,2023-02-28,VCFC_option_a_vt_L21_C6_g0p5_mkt_vol,0.0218792558793046,0.0218792558793046,0.0,0.03976725085646346,0.03976725085646346,0.024362600966729507,-0.017887994977158858,-0.017887994977158858,-0.0024833450874249055,0.0,1.0,0.5,0.5,True
2023-04-28,2023-03-31,VCFC_option_a_vt_L21_C6_g0p5_mkt_vol,0.006492039081659611,0.006492039081659611,0.0,0.009353761606251308,0.009353761606251308,0.0025753932952817782,-0.002861722524591697,-0.002861722524591697,0.0039166457863778325,0.0,1.0,0.5,0.5,True
2023-05-31,2023-04-28,VCFC_option_a_vt_L21_C6_g0p5_mkt_vol,0.010572282068037564,0.010572282068037564,0.0,0.01739296782035915,0.01739296782035915,-0.015417009573994061,-0.006820685752321587,-0.006820685752321587,0.025989291642031627,0.0,1.0,0.5,0.5,True
2023-06-30,2023-05-31,VCFC_option_a_vt_L21_C6_g0p5_mkt_vol,0.035552937693911844,0.035552937693911844,0.0,0.06649977564856473,0.06649977564856473,0.055430945263364284,-0.030946837954652882,-0.030946837954652882,-0.01987800756945244,0.0,1.0,0.5,0.5,True
2023-07-31,2023-06-30,VCFC_option_a_vt_L21_C6_g0p5_mkt_vol,0.03614011695856238,0.03639011695856238,0.00025,0.03639011695856238,0.03639011695856238,0.027840048953493752,-0.0002500000000000002,-0.0002500000000000002,0.00830006800506863,0.5,1.0,1.0,1.0,False
2023-08-31,2023-07-31,VCFC_option_a_vt_L21_C6_g0p5_mkt_vol,-0.018729246956048128,-0.018729246956048128,0.0,-0.018729246956048128,-0.018729246956048128,-0.019688768589620823,0.0,0.0,0.0009595216335726957,0.0,1.0,1.0,1.0,False
2023-09-29,2023-08-31,VCFC_option_a_vt_L21_C6_g0p5_mkt_vol,-0.049166409568289916,-0.049166409568289916,0.0,-0.049166409568289916,-0.049166409568289916,-0.0356707903414096,0.0,0.0,-0.013495619226880314,0.0,1.0,1.0,1.0,False
2023-10-31,2023-09-29,VCFC_option_a_vt_L21_C6_g0p5_mkt_vol,-0.02515080320447248,-0.02515080320447248,0.0,-0.02515080320447248,-0.02515080320447248,-0.010286967291063064,0.0,0.0,-0.014863835913409416,0.0,1.0,1.0,1.0,False
2023-11-30,2023-10-31,VCFC_option_a_vt_L21_C6_g0p5_mkt_vol,0.04914428008658764,0.04939428008658764,0.00025,0.09410649585508923,0.09410649585508923,0.07342340300273398,-0.044962215768501596,-0.044962215768501596,-0.02427912291614634,0.5,1.0,0.5,0.5,True
2023-12-29,2023-11-30,VCFC_option_a_vt_L21_C6_g0p5_mkt_vol,0.0557983041855849,0.0560483041855849,0.00025,0.0560483041855849,0.0560483041855849,0.06118198481063909,-0.0002500000000000002,-0.0002500000000000002,-0.005383680625054191,0.5,1.0,1.0,1.0,False
2024-01-31,2023-12-29,VCFC_option_a_vt_L21_C6_g0p5_mkt_vol,0.010967034945244744,0.010967034945244744,0.0,0.010967034945244744,0.010967034945244744,-0.0038769636320920074,0.0,0.0,0.014843998577336752,0.0,1.0,1.0,1.0,False
2024-02-29,2024-01-31,VCFC_option_a_vt_L21_C6_g0p5_mkt_vol,0.05025259678955492,0.05025259678955492,0.0,0.05025259678955492,0.05025259678955492,0.04551693712860331,0.0,0.0,0.004735659660951609,0.0,1.0,1.0,1.0,False
2024-03-28,2024-02-29,VCFC_option_a_vt_L21_C6_g0p5_mkt_vol,0.01621589228517912,0.01646589228517912,0.00025,0.028829906886884207,0.028829906886884207,0.02547003177787957,-0.012614014601705088,-0.012614014601705088,-0.009254139492700451,0.5,1.0,0.5,0.5,True
2024-04-30,2024-03-28,VCFC_option_a_vt_L21_C6_g0p5_mkt_vol,-0.04262666198994755,-0.04237666198994755,0.00025,-0.04237666198994755,-0.04237666198994755,-0.04288326171141131,-0.0002500000000000002,-0.0002500000000000002,0.00025659972146376,0.5,1.0,1.0,1.0,False
2024-05-31,2024-04-30,VCFC_option_a_vt_L21_C6_g0p5_mkt_vol,0.02855188157825978,0.028801881578259782,0.00025,0.053030701309268305,0.053030701309268305,0.05097339442985062,-0.024478819731008523,-0.024478819731008523,-0.022421512851590837,0.5,1.0,0.5,0.5,True
2024-06-28,2024-05-31,VCFC_option_a_vt_L21_C6_g0p5_mkt_vol,0.03478583738929902,0.03503583738929902,0.00025,0.03503583738929902,0.03503583738929902,-0.0028313385976783453,-0.0002500000000000002,-0.0002500000000000002,0.037617175986977364,0.5,1.0,1.0,1.0,False
2024-07-31,2024-06-28,VCFC_option_a_vt_L21_C6_g0p5_mkt_vol,0.01566935716482927,0.01566935716482927,0.0,0.01566935716482927,0.01566935716482927,0.03597861121143071,0.0,0.0,-0.020309254046601437,0.0,1.0,1.0,1.0,False
2024-08-30,2024-07-31,VCFC_option_a_vt_L21_C6_g0p5_mkt_vol,0.010856101400906037,0.011106101400906038,0.00025,0.017595112654305856,0.017595112654305856,0.0031838537968577317,-0.006739011253399818,-0.006739011253399818,0.007672247604048306,0.5,1.0,0.5,0.5,True
2024-09-30,2024-08-30,VCFC_option_a_vt_L21_C6_g0p5_mkt_vol,0.01156938801945456,0.0116026409370335,3.3252917578940224e-05,0.018916858586239916,0.0212480370246648,0.017865080541602667,-0.0073474705667853565,-0.00967864900521024,-0.006295692522148108,0.06650583515788044,0.8669883296842391,0.5,0.43349416484211956,True
2024-10-31,2024-09-30,VCFC_option_a_vt_L21_C6_g0p5_mkt_vol,-0.0035315354232596007,-0.0034982825056806607,3.3252917578940224e-05,-0.011011209837654088,-0.010944704002496208,-0.013586698323554778,0.007479674414394487,0.007413168579236607,0.010055162900295178,0.06650583515788044,1.0,0.5,0.5,True
2024-11-29,2024-10-31,VCFC_option_a_vt_L21_C6_g0p5_mkt_vol,0.06275882508007052,0.06300882508007052,0.00025,0.06300882508007052,0.06300882508007052,0.06322239699706261,-0.0002500000000000002,-0.0002500000000000002,-0.00046357191699208933,0.5,1.0,1.0,1.0,False
2024-12-31,2024-11-29,VCFC_option_a_vt_L21_C6_g0p5_mkt_vol,-0.023514198759744885,-0.023514198759744885,0.0,-0.023514198759744885,-0.023514198759744885,-0.03873290071229025,0.0,0.0,0.015218701952545363,0.0,1.0,1.0,1.0,False
2025-01-31,2024-12-31,VCFC_option_a_vt_L21_C6_g0p5_mkt_vol,0.01448651271566221,0.01473651271566221,0.00025,0.025973090009227387,0.025973090009227387,0.024865846101993896,-0.011486577293565177,-0.011486577293565177,-0.010379333386331686,0.5,1.0,0.5,0.5,True
2025-02-28,2025-01-31,VCFC_option_a_vt_L21_C6_g0p5_mkt_vol,-0.008281389057881528,-0.008281389057881528,0.0,-0.019800635617923158,-0.019800635617923158,-0.01960003074506583,0.01151924656004163,0.01151924656004163,0.011318641687184302,0.0,1.0,0.5,0.5,True
2025-03-31,2025-02-28,VCFC_option_a_vt_L21_C6_g0p5_mkt_vol,-0.06090372203039303,-0.06065372203039303,0.00025,-0.06065372203039303,-0.06065372203039303,-0.030775251152640976,-0.0002500000000000002,-0.0002500000000000002,-0.030128470877752053,0.5,1.0,1.0,1.0,False
2025-04-30,2025-03-31,VCFC_option_a_vt_L21_C6_g0p5_mkt_vol,-0.005055984186895949,-0.004958082327209028,9.790185968692055e-05,-0.005055984186895949,-0.006993605981343187,-0.0028776599343611586,0.0,0.0019376217944472385,-0.00217832425253479,0.1958037193738411,0.8041962806261589,1.0,0.8041962806261589,False
2025-05-30,2025-04-30,VCFC_option_a_vt_L21_C6_g0p5_mkt_vol,0.026946002711401774,0.027163832928362348,0.00021783021696057257,0.026946002711401774,0.06748401572036392,0.04378428146052401,0.0,-0.04053801300896214,-0.016838278749122235,0.4356604339211452,0.36853584670501377,1.0,0.36853584670501377,False
2025-06-30,2025-05-30,VCFC_option_a_vt_L21_C6_g0p5_mkt_vol,0.0527947698418595,0.05311050191850699,0.00031573207664749314,0.0527947698418595,0.05311050191850699,0.030058402927735973,0.0,-0.00031573207664749303,0.022736366914123524,0.6314641532949863,1.0,1.0,1.0,False
2025-07-31,2025-06-30,VCFC_option_a_vt_L21_C6_g0p5_mkt_vol,0.021731157091000083,0.021731157091000083,0.0,0.021731157091000083,0.021731157091000083,0.01873291674745074,0.0,0.0,0.0029982403435493445,0.0,1.0,1.0,1.0,False
2025-08-29,2025-07-31,VCFC_option_a_vt_L21_C6_g0p5_mkt_vol,0.023492417640570817,0.023492417640570817,0.0,0.023492417640570817,0.023492417640570817,0.028985176483954784,0.0,0.0,-0.005492758843383967,0.0,1.0,1.0,1.0,False
2025-09-30,2025-08-29,VCFC_option_a_vt_L21_C6_g0p5_mkt_vol,0.036637047859041955,0.036637047859041955,0.0,0.036637047859041955,0.036637047859041955,0.01791722220097044,0.0,0.0,0.018719825658071513,0.0,1.0,1.0,1.0,False
2025-10-31,2025-09-30,VCFC_option_a_vt_L21_C6_g0p5_mkt_vol,0.025473166388791057,0.025473166388791057,0.0,0.025473166388791057,0.025473166388791057,0.0037470689029656303,0.0,0.0,0.02172609748582543,0.0,1.0,1.0,1.0,False
2025-11-28,2025-10-31,VCFC_option_a_vt_L21_C6_g0p5_mkt_vol,0.0009999535697725603,0.0009999535697725603,0.0,0.0009999535697725603,0.0009999535697725603,0.0004872196501073176,0.0,0.0,0.0005127339196652427,0.0,1.0,1.0,1.0,False
2025-12-31,2025-11-28,VCFC_option_a_vt_L21_C6_g0p5_mkt_vol,-0.000858926801705129,-0.000858926801705129,0.0,-0.000858926801705129,-0.000858926801705129,0.0003658333844512846,0.0,0.0,-0.0012247601861564137,0.0,1.0,1.0,1.0,False
2026-01-30,2025-12-31,VCFC_option_a_vt_L21_C6_g0p5_mkt_vol,0.018321109435609093,0.018321109435609093,0.0,0.018321109435609093,0.018321109435609093,0.020255470442650792,0.0,0.0,-0.0019343610070416996,0.0,1.0,1.0,1.0,False
2026-02-27,2026-01-30,VCFC_option_a_vt_L21_C6_g0p5_mkt_vol,-0.008276224872126614,-0.008276224872126614,0.0,-0.008276224872126614,-0.008276224872126614,0.00566679631201618,0.0,0.0,-0.013943021184142795,0.0,1.0,1.0,1.0,False
2026-03-31,2026-02-27,VCFC_option_a_vt_L21_C6_g0p5_mkt_vol,-0.04875076864478462,-0.04875076864478462,0.0,-0.04875076864478462,-0.04875076864478462,-0.03287538289017696,0.0,0.0,-0.01587538575460766,0.0,1.0,1.0,1.0,False
2026-04-30,2026-03-31,VCFC_option_a_vt_L21_C6_g0p5_mkt_vol,0.0542837527291472,0.05455436190505847,0.00027060917591126954,0.10617839551805135,0.11550314358796829,0.05927159621781441,-0.05189464278890415,-0.06121939085882109,-0.00498784348866721,0.5412183518225391,0.9175632963549217,0.5,0.45878164817746087,True
2026-05-29,2026-04-30,VCFC_option_a_vt_L21_C6_g0p5_mkt_vol,0.05900266752184359,0.05927327669775486,0.00027060917591126954,0.05923205834593232,0.05927327669775486,0.01904219128586019,-0.00022939082408873074,-0.0002706091759112697,0.0399604762359834,0.5412183518225391,1.0,1.0,1.0,False
2026-06-30,2026-05-29,VCFC_option_a_vt_L21_C6_g0p5_mkt_vol,0.00013886263429633422,0.00013886263429633422,0.0,0.00013886263429633422,0.00013886263429633422,0.0020969301930664286,0.0,0.0,-0.0019580675587700944,0.0,1.0,1.0,1.0,False
2026-07-31,2026-06-30,VCFC_option_a_vt_L21_C6_g0p5_mkt_vol,-0.005133491940997417,-0.004856492135570649,0.0002769998054267676,-0.013137818630448177,-0.01507607042077549,-0.004485022158435058,0.00800432668945076,0.009942578479778072,-0.0006484697825623591,0.5539996108535352,0.8920007782929296,0.5,0.4460003891464648,True
2026-08-31,2026-07-31,VCFC_option_a_vt_L21_C6_g0p5_mkt_vol,0.014528224814006657,0.014555224619433425,2.6999805426767605e-05,0.026288602202881726,0.026342601813735263,0.02814977980592025,-0.01176037738887507,-0.011814376999728607,-0.013621554991913594,0.05399961085353521,1.0,0.5,0.5,True
2026-09-16,2026-08-31,VCFC_option_a_vt_L21_C6_g0p5_mkt_vol,-0.014872921224928498,-0.014622921224928498,0.00025,-0.014622921224928498,-0.014622921224928498,-0.02010020652988051,-0.0002500000000000002,-0.0002500000000000002,0.0052272853049520115,0.5,1.0,1.0,1.0,False
2020-12-31,2020-11-30,VCFC_option_a_vt_L21_C12_g0p25_mkt_vol,0.011120305117417255,0.011120305117417255,0.0,0.044383263762949605,0.044383263762949605,0.05485854966987034,-0.03326295864553235,-0.03326295864553235,-0.043738244552453086,0.0,1.0,0.25,0.25,True
2021-01-29,2020-12-31,VCFC_option_a_vt_L21_C12_g0p25_mkt_vol,-0.0006406588922878445,-0.0002656588922878445,0.000375,-0.0002656588922878445,-0.0002656588922878445,0.006858562511923282,-0.000375,-0.000375,-0.007499221404211127,0.75,1.0,1.0,1.0,False
2021-02-26,2021-01-29,VCFC_option_a_vt_L21_C12_g0p25_mkt_vol,0.006384298820054484,0.006760393882907879,0.00037609506285339524,0.027364503344599018,0.027611732047081672,0.027155166005436843,-0.020980204524544535,-0.02122743322702719,-0.02077086718538236,0.7521901257067904,0.9912394971728384,0.25,0.2478098742932096,True
2021-03-31,2021-02-26,VCFC_option_a_vt_L21_C12_g0p25_mkt_vol,0.009048123743419787,0.009052217317201856,4.093573782069677e-06,0.036520734766138256,0.03812414958029913,0.023809517999560458,-0.027472611022718467,-0.029076025836879342,-0.01476139425614067,0.008187147564139354,0.9584909069162808,0.25,0.2396227267290702,True
2021-04-30,2021-03-31,VCFC_option_a_vt_L21_C12_g0p25_mkt_vol,0.012073431450095271,0.012073649792599898,2.183425046271975e-07,0.048293725800381083,0.050478070149022544,0.03889909104749361,-0.036220294350285814,-0.038404638698927275,-0.02682565959739834,0.000436685009254395,0.9567441668792633,0.25,0.23918604171981583,True
2021-05-28,2021-04-30,VCFC_option_a_vt_L21_C12_g0p25_mkt_vol,0.0040762676564044635,0.004456674635544555,0.0003804069791400921,0.004435046718984187,0.004456674635544555,-0.002103869340104195,-0.00035877906257972356,-0.0003804069791400917,0.006180136996508659,0.7608139582801842,1.0,1.0,1.0,False
2021-06-30,2021-05-28,VCFC_option_a_vt_L21_C12_g0p25_mkt_vol,0.006664535687224435,0.007039535687224436,0.000375,0.028814765955021217,0.028814765955021217,0.006261945581678417,-0.02215023026779678,-0.02215023026779678,0.0004025901055460185,0.75,1.0,0.25,0.25,True
2021-07-30,2021-06-30,VCFC_option_a_vt_L21_C12_g0p25_mkt_vol,0.019988120907655515,0.020363120907655515,0.000375,0.020363120907655515,0.020363120907655515,0.008515954408507819,-0.00037500000000000033,-0.00037500000000000033,0.011472166499147696,0.75,1.0,1.0,1.0,False
2021-08-31,2021-07-30,VCFC_option_a_vt_L21_C12_g0p25_mkt_vol,0.030971460327742274,0.030971460327742274,0.0,0.030971460327742274,0.030971460327742274,0.026327827017288648,0.0,0.0,0.004643633310453626,0.0,1.0,1.0,1.0,False
2021-09-30,2021-08-31,VCFC_option_a_vt_L21_C12_g0p25_mkt_vol,-0.046385335726389115,-0.046385335726389115,0.0,-0.046385335726389115,-0.046385335726389115,-0.03178743105741398,0.0,0.0,-0.014597904668975134,0.0,1.0,1.0,1.0,False
2021-10-29,2021-09-30,VCFC_option_a_vt_L21_C12_g0p25_mkt_vol,0.01670286116194304,0.017077861161943042,0.000375,0.06863896747251708,0.06863896747251708,0.05335158751244383,-0.051936106310574034,-0.051936106310574034,-0.03664872635050079,0.75,1.0,0.25,0.25,True
2021-11-30,2021-10-29,VCFC_option_a_vt_L21_C12_g0p25_mkt_vol,-0.003991834602133967,-0.003616834602133967,0.000375,-0.003616834602133967,-0.003616834602133967,-0.015932730931884572,-0.00037500000000000033,-0.00037500000000000033,0.011940896329750605,0.75,1.0,1.0,1.0,False
2021-12-31,2021-11-30,VCFC_option_a_vt_L21_C12_g0p25_mkt_vol,0.03864778567716913,0.03864778567716913,0.0,0.03864778567716913,0.03864778567716913,0.011867957451470216,0.0,0.0,0.026779828225698916,0.0,1.0,1.0,1.0,False
2022-01-31,2021-12-31,VCFC_option_a_vt_L21_C12_g0p25_mkt_vol,-0.04821722393288779,-0.048109551553274885,0.00010767237961290582,-0.04821722393288779,-0.0613129805974495,-0.05600866827597609,0.0,0.013095756664561711,0.007791444343088295,0.21534475922581162,0.7846552407741884,1.0,0.7846552407741884,False
2022-02-28,2022-01-31,VCFC_option_a_vt_L21_C12_g0p25_mkt_vol,-0.020605661931393543,-0.020576816396653697,2.8845534739846355e-05,-0.020605661931393543,-0.028222946678299776,-0.0032662319691959137,0.0,0.007617284746906233,-0.01733942996219763,0.057691069479692714,0.7269641712944956,1.0,0.7269641712944956,False
2022-03-31,2022-02-28,VCFC_option_a_vt_L21_C12_g0p25_mkt_vol,0.021627009997916218,0.021689922272033528,6.291227411730882e-05,0.021627009997916218,0.035776417208131274,0.011031310969034213,0.0,-0.014149407210215056,0.010595699028882005,0.12582454823461764,0.601139623059878,1.0,0.601139623059878,False
2022-04-29,2022-03-31,VCFC_option_a_vt_L21_C12_g0p25_mkt_vol,-0.062751140020754,-0.0627259700948155,2.5169925938508697e-05,-0.062751140020754,-0.09622387963195574,-0.06674416805259342,0.0,0.03347273961120173,0.003993028031839416,0.050339851877017394,0.6514794749368954,1.0,0.6514794749368954,False
2022-05-31,2022-04-29,VCFC_option_a_vt_L21_C12_g0p25_mkt_vol,0.00012366513949727513,0.00036879679619935434,0.0002451316567020792,0.000487324789843277,0.0005800939975287407,-0.00955119192544047,-0.0003636596503460019,-0.00045642885803146553,0.009674857064937745,0.4902633134041584,0.644864646130948,0.25,0.161216161532737,True
2022-06-30,2022-05-31,VCFC_option_a_vt_L21_C12_g0p25_mkt_vol,-0.010817461741060873,-0.01080475533005642,1.270641100445204e-05,-0.04560045090141038,-0.08450544797665417,-0.07922515209974176,0.034782989160349505,0.0736879862355933,0.06840769035868088,0.02541282200890408,0.5432133580953316,0.25,0.1358033395238329,True
2022-07-29,2022-06-30,VCFC_option_a_vt_L21_C12_g0p25_mkt_vol,0.015300383080899788,0.015307746259164468,7.363178264681387e-06,0.06011983700877621,0.09965779047727749,0.08310879993855326,-0.044819453927876424,-0.0843574073963777,-0.06780841685765347,0.014726356529362775,0.6021187842127829,0.25,0.15052969605319572,True
2022-08-31,2022-07-29,VCFC_option_a_vt_L21_C12_g0p25_mkt_vol,-0.008599823726688017,-0.008559197249331688,4.062647735632868e-05,-0.04021052816698676,-0.043347912163053726,-0.034721724319496744,0.031610704440298745,0.03474808843636571,0.02612190059280873,0.08125295471265737,0.9271306030634122,0.25,0.23178265076585305,True
2022-09-30,2022-08-31,VCFC_option_a_vt_L21_C12_g0p25_mkt_vol,-0.019341950868265265,-0.019335859428634056,6.091439631208242e-06,-0.08357142746660297,-0.0953991397436184,-0.07489454271196853,0.0642294765983377,0.07605718887535313,0.05555259184370327,0.012182879262416485,0.8783990860137462,0.25,0.21959977150343654,True
2022-10-31,2022-09-30,VCFC_option_a_vt_L21_C12_g0p25_mkt_vol,0.016258487143620423,0.01627109301044445,1.2605866824026702e-05,0.06027742570833267,0.07713329106806736,0.054918824806159824,-0.04401893856471225,-0.06087480392444694,-0.0386603376625394,0.025211733648053403,0.7775521514215326,0.25,0.19438803785538314,True
2022-11-30,2022-10-31,VCFC_option_a_vt_L21_C12_g0p25_mkt_vol,0.011864802988414322,0.01187572957146877,1.0926583054448225e-05,0.038003370033015425,0.05371437666554614,0.033917855641739554,-0.026138567044601102,-0.04184957367713182,-0.02205305265332523,0.021853166108896448,0.6901394869859467,0.25,0.17253487174648668,True
2022-12-30,2022-11-30,VCFC_option_a_vt_L21_C12_g0p25_mkt_vol,-0.007893734262164078,-0.007891452438244812,2.281823919266269e-06,-0.04245167475121879,-0.0649399250497098,-0.04203555868820332,0.03455794048905471,0.05704619078754572,0.03414182442603925,0.004563647838532537,0.6718848956318167,0.25,0.1679712239079542,True
2023-01-31,2022-12-30,VCFC_option_a_vt_L21_C12_g0p25_mkt_vol,0.02081248624978609,0.02085350063783211,4.101438804602292e-05,0.07472278579366805,0.07488684334585213,0.08146583582694766,-0.05391029954388196,-0.05407435709606605,-0.06065334957716158,0.08202877609204584,1.0,0.25,0.25,True
2023-02-28,2023-01-31,VCFC_option_a_vt_L21_C12_g0p25_mkt_vol,-0.002257798298454644,-0.002257798298454644,0.0,-0.019404335902135483,-0.019404335902135483,-0.022293759248678293,0.017146537603680838,0.017146537603680838,0.020035960950223648,0.0,1.0,0.25,0.25,True
2023-03-31,2023-02-28,VCFC_option_a_vt_L21_C12_g0p25_mkt_vol,0.012935258390725173,0.012935258390725173,0.0,0.03976725085646346,0.03976725085646346,0.024362600966729507,-0.026831992465738287,-0.026831992465738287,-0.011427342576004335,0.0,1.0,0.25,0.25,True
2023-04-28,2023-03-31,VCFC_option_a_vt_L21_C12_g0p25_mkt_vol,0.005061177819363763,0.005061177819363763,0.0,0.009353761606251308,0.009353761606251308,0.0025753932952817782,-0.0042925837868875456,-0.0042925837868875456,0.0024857845240819844,0.0,1.0,0.25,0.25,True
2023-05-31,2023-04-28,VCFC_option_a_vt_L21_C12_g0p25_mkt_vol,0.0071619391918767705,0.0071619391918767705,0.0,0.01739296782035915,0.01739296782035915,-0.015417009573994061,-0.01023102862848238,-0.01023102862848238,0.022578948765870833,0.0,1.0,0.25,0.25,True
2023-06-30,2023-05-31,VCFC_option_a_vt_L21_C12_g0p25_mkt_vol,0.020079518716585403,0.020079518716585403,0.0,0.06649977564856473,0.06649977564856473,0.055430945263364284,-0.04642025693197932,-0.04642025693197932,-0.03535142654677888,0.0,1.0,0.25,0.25,True
2023-07-31,2023-06-30,VCFC_option_a_vt_L21_C12_g0p25_mkt_vol,0.03601511695856238,0.03639011695856238,0.000375,0.03639011695856238,0.03639011695856238,0.027840048953493752,-0.00037500000000000033,-0.00037500000000000033,0.00817506800506863,0.75,1.0,1.0,1.0,False
2023-08-31,2023-07-31,VCFC_option_a_vt_L21_C12_g0p25_mkt_vol,-0.018729246956048128,-0.018729246956048128,0.0,-0.018729246956048128,-0.018729246956048128,-0.019688768589620823,0.0,0.0,0.0009595216335726957,0.0,1.0,1.0,1.0,False
2023-09-29,2023-08-31,VCFC_option_a_vt_L21_C12_g0p25_mkt_vol,-0.049166409568289916,-0.049166409568289916,0.0,-0.049166409568289916,-0.049166409568289916,-0.0356707903414096,0.0,0.0,-0.013495619226880314,0.0,1.0,1.0,1.0,False
2023-10-31,2023-09-29,VCFC_option_a_vt_L21_C12_g0p25_mkt_vol,-0.02515080320447248,-0.02515080320447248,0.0,-0.02515080320447248,-0.02515080320447248,-0.010286967291063064,0.0,0.0,-0.014863835913409416,0.0,1.0,1.0,1.0,False
2023-11-30,2023-10-31,VCFC_option_a_vt_L21_C12_g0p25_mkt_vol,0.02666317220233684,0.02703817220233684,0.000375,0.09410649585508923,0.09410649585508923,0.07342340300273398,-0.0674433236527524,-0.0674433236527524,-0.04676023080039714,0.75,1.0,0.25,0.25,True
2023-12-29,2023-11-30,VCFC_option_a_vt_L21_C12_g0p25_mkt_vol,0.0556733041855849,0.0560483041855849,0.000375,0.0560483041855849,0.0560483041855849,0.06118198481063909,-0.00037500000000000033,-0.00037500000000000033,-0.005508680625054191,0.75,1.0,1.0,1.0,False
2024-01-31,2023-12-29,VCFC_option_a_vt_L21_C12_g0p25_mkt_vol,0.010967034945244744,0.010967034945244744,0.0,0.010967034945244744,0.010967034945244744,-0.0038769636320920074,0.0,0.0,0.014843998577336752,0.0,1.0,1.0,1.0,False
2024-02-29,2024-01-31,VCFC_option_a_vt_L21_C12_g0p25_mkt_vol,0.05025259678955492,0.05025259678955492,0.0,0.05025259678955492,0.05025259678955492,0.04551693712860331,0.0,0.0,0.004735659660951609,0.0,1.0,1.0,1.0,False
2024-03-28,2024-02-29,VCFC_option_a_vt_L21_C12_g0p25_mkt_vol,0.009908884984326575,0.010283884984326575,0.000375,0.028829906886884207,0.028829906886884207,0.02547003177787957,-0.018921021902557632,-0.018921021902557632,-0.015561146793552996,0.75,1.0,0.25,0.25,True
2024-04-30,2024-03-28,VCFC_option_a_vt_L21_C12_g0p25_mkt_vol,-0.04275166198994755,-0.04237666198994755,0.000375,-0.04237666198994755,-0.04237666198994755,-0.04288326171141131,-0.00037500000000000033,-0.00037500000000000033,0.00013159972146375987,0.75,1.0,1.0,1.0,False
2024-05-31,2024-04-30,VCFC_option_a_vt_L21_C12_g0p25_mkt_vol,0.01631247171275552,0.01668747171275552,0.000375,0.053030701309268305,0.053030701309268305,0.05097339442985062,-0.03671822959651279,-0.03671822959651279,-0.0346609227170951,0.75,1.0,0.25,0.25,True
2024-06-28,2024-05-31,VCFC_option_a_vt_L21_C12_g0p25_mkt_vol,0.03466083738929902,0.03503583738929902,0.000375,0.03503583738929902,0.03503583738929902,-0.0028313385976783453,-0.00037500000000000033,-0.00037500000000000033,0.037492175986977364,0.75,1.0,1.0,1.0,False
2024-07-31,2024-06-28,VCFC_option_a_vt_L21_C12_g0p25_mkt_vol,0.01566935716482927,0.01566935716482927,0.0,0.01566935716482927,0.01566935716482927,0.03597861121143071,0.0,0.0,-0.020309254046601437,0.0,1.0,1.0,1.0,False
2024-08-30,2024-07-31,VCFC_option_a_vt_L21_C12_g0p25_mkt_vol,0.007486595774206128,0.007861595774206129,0.000375,0.017595112654305856,0.017595112654305856,0.0031838537968577317,-0.010108516880099727,-0.010108516880099727,0.004302741977348397,0.75,1.0,0.25,0.25,True
2024-09-30,2024-08-30,VCFC_option_a_vt_L21_C12_g0p25_mkt_vol,0.00789565273606188,0.00791227919485135,1.6626458789470112e-05,0.018916858586239916,0.0212480370246648,0.017865080541602667,-0.011021205850178037,-0.01335238428860292,-0.009969427805540788,0.03325291757894022,0.8669883296842391,0.25,0.21674708242105978,True
2024-10-31,2024-09-30,VCFC_option_a_vt_L21_C12_g0p25_mkt_vol,0.0002083017839376427,0.00022492824272711282,1.6626458789470112e-05,-0.011011209837654088,-0.010944704002496208,-0.013586698323554778,0.011219511621591731,0.011153005786433851,0.013795000107492421,0.03325291757894022,1.0,0.25,0.25,True
2024-11-29,2024-10-31,VCFC_option_a_vt_L21_C12_g0p25_mkt_vol,0.06263382508007052,0.06300882508007052,0.000375,0.06300882508007052,0.06300882508007052,0.06322239699706261,-0.00037500000000000033,-0.00037500000000000033,-0.0005885719169920894,0.75,1.0,1.0,1.0,False
2024-12-31,2024-11-29,VCFC_option_a_vt_L21_C12_g0p25_mkt_vol,-0.0032300591227602863,-0.0028550591227602864,0.000375,-0.023514198759744885,-0.023514198759744885,-0.03873290071229025,0.0202841396369846,0.0202841396369846,0.03550284158952996,0.75,1.0,0.25,0.25,True
2025-01-31,2024-12-31,VCFC_option_a_vt_L21_C12_g0p25_mkt_vol,0.009118224068879622,0.009118224068879622,0.0,0.025973090009227387,0.025973090009227387,0.024865846101993896,-0.016854865940347765,-0.016854865940347765,-0.015747622033114275,0.0,1.0,0.25,0.25,True
2025-02-28,2025-01-31,VCFC_option_a_vt_L21_C12_g0p25_mkt_vol,-0.002521765777860713,-0.002521765777860713,0.0,-0.019800635617923158,-0.019800635617923158,-0.01960003074506583,0.017278869840062445,0.017278869840062445,0.017078264967205117,0.0,1.0,0.25,0.25,True
2025-03-31,2025-02-28,VCFC_option_a_vt_L21_C12_g0p25_mkt_vol,-0.012710647579163663,-0.012710647579163663,0.0,-0.06065372203039303,-0.06065372203039303,-0.030775251152640976,0.04794307445122936,0.04794307445122936,0.018064603573477313,0.0,1.0,0.25,0.25,True
2025-04-30,2025-03-31,VCFC_option_a_vt_L21_C12_g0p25_mkt_vol,0.001287601006497068,0.0013120764714187982,2.4475464921730138e-05,-0.005055984186895949,-0.006993605981343187,-0.0028776599343611586,0.0063435851933930166,0.008281206987840255,0.004165260940858227,0.04895092984346028,0.8041962806261589,0.25,0.20104907015653972,True
2025-05-30,2025-04-30,VCFC_option_a_vt_L21_C12_g0p25_mkt_vol,0.02708008954008811,0.027163832928362348,8.3743388274237e-05,0.026946002711401774,0.06748401572036392,0.04378428146052401,0.00013408682868633684,-0.0404039261802758,-0.016704191920435898,0.167486776548474,0.36853584670501377,1.0,0.36853584670501377,False
2025-06-30,2025-05-30,VCFC_option_a_vt_L21_C12_g0p25_mkt_vol,0.0527947698418595,0.05311050191850699,0.00031573207664749314,0.0527947698418595,0.05311050191850699,0.030058402927735973,0.0,-0.00031573207664749303,0.022736366914123524,0.6314641532949863,1.0,1.0,1.0,False
2025-07-31,2025-06-30,VCFC_option_a_vt_L21_C12_g0p25_mkt_vol,0.021731157091000083,0.021731157091000083,0.0,0.021731157091000083,0.021731157091000083,0.01873291674745074,0.0,0.0,0.0029982403435493445,0.0,1.0,1.0,1.0,False
2025-08-29,2025-07-31,VCFC_option_a_vt_L21_C12_g0p25_mkt_vol,0.023492417640570817,0.023492417640570817,0.0,0.023492417640570817,0.023492417640570817,0.028985176483954784,0.0,0.0,-0.005492758843383967,0.0,1.0,1.0,1.0,False
2025-09-30,2025-08-29,VCFC_option_a_vt_L21_C12_g0p25_mkt_vol,0.036637047859041955,0.036637047859041955,0.0,0.036637047859041955,0.036637047859041955,0.01791722220097044,0.0,0.0,0.018719825658071513,0.0,1.0,1.0,1.0,False
2025-10-31,2025-09-30,VCFC_option_a_vt_L21_C12_g0p25_mkt_vol,0.025473166388791057,0.025473166388791057,0.0,0.025473166388791057,0.025473166388791057,0.0037470689029656303,0.0,0.0,0.02172609748582543,0.0,1.0,1.0,1.0,False
2025-11-28,2025-10-31,VCFC_option_a_vt_L21_C12_g0p25_mkt_vol,0.0009999535697725603,0.0009999535697725603,0.0,0.0009999535697725603,0.0009999535697725603,0.0004872196501073176,0.0,0.0,0.0005127339196652427,0.0,1.0,1.0,1.0,False
2025-12-31,2025-11-28,VCFC_option_a_vt_L21_C12_g0p25_mkt_vol,-0.000858926801705129,-0.000858926801705129,0.0,-0.000858926801705129,-0.000858926801705129,0.0003658333844512846,0.0,0.0,-0.0012247601861564137,0.0,1.0,1.0,1.0,False
2026-01-30,2025-12-31,VCFC_option_a_vt_L21_C12_g0p25_mkt_vol,0.018321109435609093,0.018321109435609093,0.0,0.018321109435609093,0.018321109435609093,0.020255470442650792,0.0,0.0,-0.0019343610070416996,0.0,1.0,1.0,1.0,False
2026-02-27,2026-01-30,VCFC_option_a_vt_L21_C12_g0p25_mkt_vol,-0.008276224872126614,-0.008276224872126614,0.0,-0.008276224872126614,-0.008276224872126614,0.00566679631201618,0.0,0.0,-0.013943021184142795,0.0,1.0,1.0,1.0,False
2026-03-31,2026-02-27,VCFC_option_a_vt_L21_C12_g0p25_mkt_vol,-0.04875076864478462,-0.04875076864478462,0.0,-0.04875076864478462,-0.04875076864478462,-0.03287538289017696,0.0,0.0,-0.01587538575460766,0.0,1.0,1.0,1.0,False
2026-04-30,2026-03-31,VCFC_option_a_vt_L21_C12_g0p25_mkt_vol,0.028336431334695125,0.02872173592265076,0.00038530458795563486,0.10617839551805135,0.11550314358796829,0.05927159621781441,-0.07784196418335622,-0.08716671225327316,-0.030935164883119284,0.7706091759112697,0.9175632963549217,0.25,0.22939082408873043,True
2026-05-29,2026-04-30,VCFC_option_a_vt_L21_C12_g0p25_mkt_vol,0.05888797210979923,0.05927327669775486,0.00038530458795563486,0.05923205834593232,0.05927327669775486,0.01904219128586019,-0.00034408623613309264,-0.0003853045879556316,0.03984578082393904,0.7706091759112697,1.0,1.0,1.0,False
2026-06-30,2026-05-29,VCFC_option_a_vt_L21_C12_g0p25_mkt_vol,0.00013886263429633422,0.00013886263429633422,0.0,0.00013886263429633422,0.00013886263429633422,0.0020969301930664286,0.0,0.0,-0.0019580675587700944,0.0,1.0,1.0,1.0,False
2026-07-31,2026-06-30,VCFC_option_a_vt_L21_C12_g0p25_mkt_vol,-0.0011313285962720363,-0.0007428286935586524,0.00038849990271338386,-0.013137818630448177,-0.01507607042077549,-0.004485022158435058,0.012006490034176141,0.013944741824503453,0.0033536935621630215,0.7769998054267677,0.8920007782929296,0.25,0.2230001945732324,True
2026-08-31,2026-07-31,VCFC_option_a_vt_L21_C12_g0p25_mkt_vol,0.008648036119569123,0.008661536022282507,1.3499902713383803e-05,0.026288602202881726,0.026342601813735263,0.02814977980592025,-0.017640566083312603,-0.01769456569416614,-0.019501743686351127,0.026999805426767606,1.0,0.25,0.25,True
2026-09-16,2026-08-31,VCFC_option_a_vt_L21_C12_g0p25_mkt_vol,-0.014997921224928499,-0.014622921224928498,0.000375,-0.014622921224928498,-0.014622921224928498,-0.02010020652988051,-0.00037500000000000033,-0.00037500000000000033,0.005102285304952011,0.75,1.0,1.0,1.0,False
2020-12-31,2020-11-30,VCFC_option_a_vt_L21_C12_g0p5_mkt_vol,0.022207957999261372,0.022207957999261372,0.0,0.044383263762949605,0.044383263762949605,0.05485854966987034,-0.022175305763688234,-0.022175305763688234,-0.032650591670608964,0.0,1.0,0.5,0.5,True
2021-01-29,2020-12-31,VCFC_option_a_vt_L21_C12_g0p5_mkt_vol,-0.0005156588922878445,-0.0002656588922878445,0.00025,-0.0002656588922878445,-0.0002656588922878445,0.006858562511923282,-0.00025,-0.00025,-0.007374221404211127,0.5,1.0,1.0,1.0,False
2021-02-26,2021-01-29,VCFC_option_a_vt_L21_C12_g0p5_mkt_vol,0.013377700328235995,0.013629890453942785,0.0002521901257067904,0.027364503344599018,0.027611732047081672,0.027155166005436843,-0.013986803016363023,-0.014234031718845677,-0.013777465677200848,0.5043802514135808,0.9912394971728384,0.5,0.4956197485864192,True
2021-03-31,2021-02-26,VCFC_option_a_vt_L21_C12_g0p5_mkt_vol,0.01820566075099261,0.018213847898556748,8.187147564139408e-06,0.036520734766138256,0.03812414958029913,0.023809517999560458,-0.018315074015145646,-0.01991848882930652,-0.005603857248567847,0.01637429512827882,0.9584909069162808,0.5,0.4792454534581404,True
2021-04-30,2021-03-31,VCFC_option_a_vt_L21_C12_g0p5_mkt_vol,0.024146862900190542,0.024147299585199795,4.3668500925436725e-07,0.048293725800381083,0.050478070149022544,0.03889909104749361,-0.024146862900190542,-0.026331207248832002,-0.014752228147303068,0.0008733700185087345,0.9567441668792633,0.5,0.47837208343963167,True
2021-05-28,2021-04-30,VCFC_option_a_vt_L21_C12_g0p5_mkt_vol,0.004195860677264371,0.004456674635544555,0.0002608139582801842,0.004435046718984187,0.004456674635544555,-0.002103869340104195,-0.0002391860417198157,-0.00026081395828018387,0.006299730017368567,0.5216279165603683,1.0,1.0,1.0,False
2021-06-30,2021-05-28,VCFC_option_a_vt_L21_C12_g0p5_mkt_vol,0.01404794577649003,0.01429794577649003,0.00025,0.028814765955021217,0.028814765955021217,0.006261945581678417,-0.014766820178531188,-0.014766820178531188,0.0077860001948116125,0.5,1.0,0.5,0.5,True
2021-07-30,2021-06-30,VCFC_option_a_vt_L21_C12_g0p5_mkt_vol,0.020113120907655515,0.020363120907655515,0.00025,0.020363120907655515,0.020363120907655515,0.008515954408507819,-0.0002500000000000002,-0.0002500000000000002,0.011597166499147696,0.5,1.0,1.0,1.0,False
2021-08-31,2021-07-30,VCFC_option_a_vt_L21_C12_g0p5_mkt_vol,0.030971460327742274,0.030971460327742274,0.0,0.030971460327742274,0.030971460327742274,0.026327827017288648,0.0,0.0,0.004643633310453626,0.0,1.0,1.0,1.0,False
2021-09-30,2021-08-31,VCFC_option_a_vt_L21_C12_g0p5_mkt_vol,-0.046385335726389115,-0.046385335726389115,0.0,-0.046385335726389115,-0.046385335726389115,-0.03178743105741398,0.0,0.0,-0.014597904668975134,0.0,1.0,1.0,1.0,False
2021-10-29,2021-09-30,VCFC_option_a_vt_L21_C12_g0p5_mkt_vol,0.03401489659880105,0.03426489659880105,0.00025,0.06863896747251708,0.06863896747251708,0.05335158751244383,-0.03462407087371602,-0.03462407087371602,-0.019336690913642776,0.5,1.0,0.5,0.5,True
2021-11-30,2021-10-29,VCFC_option_a_vt_L21_C12_g0p5_mkt_vol,-0.0038668346021339672,-0.003616834602133967,0.00025,-0.003616834602133967,-0.003616834602133967,-0.015932730931884572,-0.0002500000000000002,-0.0002500000000000002,0.012065896329750605,0.5,1.0,1.0,1.0,False
2021-12-31,2021-11-30,VCFC_option_a_vt_L21_C12_g0p5_mkt_vol,0.03864778567716913,0.03864778567716913,0.0,0.03864778567716913,0.03864778567716913,0.011867957451470216,0.0,0.0,0.026779828225698916,0.0,1.0,1.0,1.0,False
2022-01-31,2021-12-31,VCFC_option_a_vt_L21_C12_g0p5_mkt_vol,-0.04821722393288779,-0.048109551553274885,0.00010767237961290582,-0.04821722393288779,-0.0613129805974495,-0.05600866827597609,0.0,0.013095756664561711,0.007791444343088295,0.21534475922581162,0.7846552407741884,1.0,0.7846552407741884,False
2022-02-28,2022-01-31,VCFC_option_a_vt_L21_C12_g0p5_mkt_vol,-0.020605661931393543,-0.020576816396653697,2.8845534739846355e-05,-0.020605661931393543,-0.028222946678299776,-0.0032662319691959137,0.0,0.007617284746906233,-0.01733942996219763,0.057691069479692714,0.7269641712944956,1.0,0.7269641712944956,False
2022-03-31,2022-02-28,VCFC_option_a_vt_L21_C12_g0p5_mkt_vol,0.021627009997916218,0.021689922272033528,6.291227411730882e-05,0.021627009997916218,0.035776417208131274,0.011031310969034213,0.0,-0.014149407210215056,0.010595699028882005,0.12582454823461764,0.601139623059878,1.0,0.601139623059878,False
2022-04-29,2022-03-31,VCFC_option_a_vt_L21_C12_g0p5_mkt_vol,-0.062751140020754,-0.0627259700948155,2.5169925938508697e-05,-0.062751140020754,-0.09622387963195574,-0.06674416805259342,0.0,0.03347273961120173,0.003993028031839416,0.050339851877017394,0.6514794749368954,1.0,0.6514794749368954,False
2022-05-31,2022-04-29,VCFC_option_a_vt_L21_C12_g0p5_mkt_vol,0.0002448850229459425,0.00040940859888165314,0.00016452357593571069,0.000487324789843277,0.0005800939975287407,-0.00955119192544047,-0.00024243976689733454,-0.0003352089745827982,0.009796076948386412,0.3290471518714214,0.644864646130948,0.5,0.322432323065474,True
2022-06-30,2022-05-31,VCFC_option_a_vt_L21_C12_g0p5_mkt_vol,-0.022411791461177374,-0.02238637863916847,2.5412822008904107e-05,-0.04560045090141038,-0.08450544797665417,-0.07922515209974176,0.023188659440233003,0.0620936565154768,0.05681336063856439,0.050825644017808216,0.5432133580953316,0.5,0.2716066790476658,True
2022-07-29,2022-06-30,VCFC_option_a_vt_L21_C12_g0p5_mkt_vol,0.030240201056858595,0.030254927413387957,1.472635652936283e-05,0.06011983700877621,0.09965779047727749,0.08310879993855326,-0.029879635951917616,-0.0694175894204189,-0.052868598881694664,0.02945271305872566,0.6021187842127829,0.5,0.30105939210639143,True
2022-08-31,2022-07-29,VCFC_option_a_vt_L21_C12_g0p5_mkt_vol,-0.019136725206787598,-0.01905547225207494,8.125295471265735e-05,-0.04021052816698676,-0.043347912163053726,-0.034721724319496744,0.021073802960199162,0.024211186956266128,0.015584999112709146,0.16250590942531468,0.9271306030634122,0.5,0.4635653015317061,True
2022-09-30,2022-08-31,VCFC_option_a_vt_L21_C12_g0p5_mkt_vol,-0.0407517764010445,-0.04073959352178208,1.2182879262416485e-05,-0.08357142746660297,-0.0953991397436184,-0.07489454271196853,0.04281965106555847,0.0546473633425739,0.034142766310924035,0.02436575852483297,0.8783990860137462,0.5,0.4391995430068731,True
2022-10-31,2022-09-30,VCFC_option_a_vt_L21_C12_g0p5_mkt_vol,0.030931466665191174,0.030956678398839227,2.5211733648053403e-05,0.06027742570833267,0.07713329106806736,0.054918824806159824,-0.0293459590431415,-0.04620182440287619,-0.02398735814096865,0.050423467296106805,0.7775521514215326,0.5,0.3887760757107663,True
2022-11-30,2022-10-31,VCFC_option_a_vt_L21_C12_g0p5_mkt_vol,0.020577658669948023,0.02059951183605692,2.1853166108896477e-05,0.038003370033015425,0.05371437666554614,0.033917855641739554,-0.017425711363067403,-0.033136717995598114,-0.013340196971791531,0.04370633221779295,0.6901394869859467,0.5,0.34506974349297337,True
2022-12-30,2022-11-30,VCFC_option_a_vt_L21_C12_g0p5_mkt_vol,-0.01941304775851565,-0.019408484110677117,4.56364783853251e-06,-0.04245167475121879,-0.0649399250497098,-0.04203555868820332,0.02303862699270314,0.04552687729119415,0.022622510929687673,0.00912729567706502,0.6718848956318167,0.5,0.3359424478159084,True
2023-01-31,2022-12-30,VCFC_option_a_vt_L21_C12_g0p5_mkt_vol,0.03878258609774674,0.038864614873838785,8.202877609204583e-05,0.07472278579366805,0.07488684334585213,0.08146583582694766,-0.035940199695921306,-0.03610425724810539,-0.04268324972920092,0.16405755218409168,1.0,0.5,0.5,True
2023-02-28,2023-01-31,VCFC_option_a_vt_L21_C12_g0p5_mkt_vol,-0.007973310833014923,-0.007973310833014923,0.0,-0.019404335902135483,-0.019404335902135483,-0.022293759248678293,0.01143102506912056,0.01143102506912056,0.01432044841566337,0.0,1.0,0.5,0.5,True
2023-03-31,2023-02-28,VCFC_option_a_vt_L21_C12_g0p5_mkt_vol,0.0218792558793046,0.0218792558793046,0.0,0.03976725085646346,0.03976725085646346,0.024362600966729507,-0.017887994977158858,-0.017887994977158858,-0.0024833450874249055,0.0,1.0,0.5,0.5,True
2023-04-28,2023-03-31,VCFC_option_a_vt_L21_C12_g0p5_mkt_vol,0.006492039081659611,0.006492039081659611,0.0,0.009353761606251308,0.009353761606251308,0.0025753932952817782,-0.002861722524591697,-0.002861722524591697,0.0039166457863778325,0.0,1.0,0.5,0.5,True
2023-05-31,2023-04-28,VCFC_option_a_vt_L21_C12_g0p5_mkt_vol,0.010572282068037564,0.010572282068037564,0.0,0.01739296782035915,0.01739296782035915,-0.015417009573994061,-0.006820685752321587,-0.006820685752321587,0.025989291642031627,0.0,1.0,0.5,0.5,True
2023-06-30,2023-05-31,VCFC_option_a_vt_L21_C12_g0p5_mkt_vol,0.035552937693911844,0.035552937693911844,0.0,0.06649977564856473,0.06649977564856473,0.055430945263364284,-0.030946837954652882,-0.030946837954652882,-0.01987800756945244,0.0,1.0,0.5,0.5,True
2023-07-31,2023-06-30,VCFC_option_a_vt_L21_C12_g0p5_mkt_vol,0.03614011695856238,0.03639011695856238,0.00025,0.03639011695856238,0.03639011695856238,0.027840048953493752,-0.0002500000000000002,-0.0002500000000000002,0.00830006800506863,0.5,1.0,1.0,1.0,False
2023-08-31,2023-07-31,VCFC_option_a_vt_L21_C12_g0p5_mkt_vol,-0.018729246956048128,-0.018729246956048128,0.0,-0.018729246956048128,-0.018729246956048128,-0.019688768589620823,0.0,0.0,0.0009595216335726957,0.0,1.0,1.0,1.0,False
2023-09-29,2023-08-31,VCFC_option_a_vt_L21_C12_g0p5_mkt_vol,-0.049166409568289916,-0.049166409568289916,0.0,-0.049166409568289916,-0.049166409568289916,-0.0356707903414096,0.0,0.0,-0.013495619226880314,0.0,1.0,1.0,1.0,False
2023-10-31,2023-09-29,VCFC_option_a_vt_L21_C12_g0p5_mkt_vol,-0.02515080320447248,-0.02515080320447248,0.0,-0.02515080320447248,-0.02515080320447248,-0.010286967291063064,0.0,0.0,-0.014863835913409416,0.0,1.0,1.0,1.0,False
2023-11-30,2023-10-31,VCFC_option_a_vt_L21_C12_g0p5_mkt_vol,0.04914428008658764,0.04939428008658764,0.00025,0.09410649585508923,0.09410649585508923,0.07342340300273398,-0.044962215768501596,-0.044962215768501596,-0.02427912291614634,0.5,1.0,0.5,0.5,True
2023-12-29,2023-11-30,VCFC_option_a_vt_L21_C12_g0p5_mkt_vol,0.0557983041855849,0.0560483041855849,0.00025,0.0560483041855849,0.0560483041855849,0.06118198481063909,-0.0002500000000000002,-0.0002500000000000002,-0.005383680625054191,0.5,1.0,1.0,1.0,False
2024-01-31,2023-12-29,VCFC_option_a_vt_L21_C12_g0p5_mkt_vol,0.010967034945244744,0.010967034945244744,0.0,0.010967034945244744,0.010967034945244744,-0.0038769636320920074,0.0,0.0,0.014843998577336752,0.0,1.0,1.0,1.0,False
2024-02-29,2024-01-31,VCFC_option_a_vt_L21_C12_g0p5_mkt_vol,0.05025259678955492,0.05025259678955492,0.0,0.05025259678955492,0.05025259678955492,0.04551693712860331,0.0,0.0,0.004735659660951609,0.0,1.0,1.0,1.0,False
2024-03-28,2024-02-29,VCFC_option_a_vt_L21_C12_g0p5_mkt_vol,0.01621589228517912,0.01646589228517912,0.00025,0.028829906886884207,0.028829906886884207,0.02547003177787957,-0.012614014601705088,-0.012614014601705088,-0.009254139492700451,0.5,1.0,0.5,0.5,True
2024-04-30,2024-03-28,VCFC_option_a_vt_L21_C12_g0p5_mkt_vol,-0.04262666198994755,-0.04237666198994755,0.00025,-0.04237666198994755,-0.04237666198994755,-0.04288326171141131,-0.0002500000000000002,-0.0002500000000000002,0.00025659972146376,0.5,1.0,1.0,1.0,False
2024-05-31,2024-04-30,VCFC_option_a_vt_L21_C12_g0p5_mkt_vol,0.02855188157825978,0.028801881578259782,0.00025,0.053030701309268305,0.053030701309268305,0.05097339442985062,-0.024478819731008523,-0.024478819731008523,-0.022421512851590837,0.5,1.0,0.5,0.5,True
2024-06-28,2024-05-31,VCFC_option_a_vt_L21_C12_g0p5_mkt_vol,0.03478583738929902,0.03503583738929902,0.00025,0.03503583738929902,0.03503583738929902,-0.0028313385976783453,-0.0002500000000000002,-0.0002500000000000002,0.037617175986977364,0.5,1.0,1.0,1.0,False
2024-07-31,2024-06-28,VCFC_option_a_vt_L21_C12_g0p5_mkt_vol,0.01566935716482927,0.01566935716482927,0.0,0.01566935716482927,0.01566935716482927,0.03597861121143071,0.0,0.0,-0.020309254046601437,0.0,1.0,1.0,1.0,False
2024-08-30,2024-07-31,VCFC_option_a_vt_L21_C12_g0p5_mkt_vol,0.010856101400906037,0.011106101400906038,0.00025,0.017595112654305856,0.017595112654305856,0.0031838537968577317,-0.006739011253399818,-0.006739011253399818,0.007672247604048306,0.5,1.0,0.5,0.5,True
2024-09-30,2024-08-30,VCFC_option_a_vt_L21_C12_g0p5_mkt_vol,0.01156938801945456,0.0116026409370335,3.3252917578940224e-05,0.018916858586239916,0.0212480370246648,0.017865080541602667,-0.0073474705667853565,-0.00967864900521024,-0.006295692522148108,0.06650583515788044,0.8669883296842391,0.5,0.43349416484211956,True
2024-10-31,2024-09-30,VCFC_option_a_vt_L21_C12_g0p5_mkt_vol,-0.0035315354232596007,-0.0034982825056806607,3.3252917578940224e-05,-0.011011209837654088,-0.010944704002496208,-0.013586698323554778,0.007479674414394487,0.007413168579236607,0.010055162900295178,0.06650583515788044,1.0,0.5,0.5,True
2024-11-29,2024-10-31,VCFC_option_a_vt_L21_C12_g0p5_mkt_vol,0.06275882508007052,0.06300882508007052,0.00025,0.06300882508007052,0.06300882508007052,0.06322239699706261,-0.0002500000000000002,-0.0002500000000000002,-0.00046357191699208933,0.5,1.0,1.0,1.0,False
2024-12-31,2024-11-29,VCFC_option_a_vt_L21_C12_g0p5_mkt_vol,-0.009991439001755153,-0.009741439001755153,0.00025,-0.023514198759744885,-0.023514198759744885,-0.03873290071229025,0.013522759757989732,0.013522759757989732,0.028741461710535095,0.5,1.0,0.5,0.5,True
2025-01-31,2024-12-31,VCFC_option_a_vt_L21_C12_g0p5_mkt_vol,0.01473651271566221,0.01473651271566221,0.0,0.025973090009227387,0.025973090009227387,0.024865846101993896,-0.011236577293565177,-0.011236577293565177,-0.010129333386331686,0.0,1.0,0.5,0.5,True
2025-02-28,2025-01-31,VCFC_option_a_vt_L21_C12_g0p5_mkt_vol,-0.008281389057881528,-0.008281389057881528,0.0,-0.019800635617923158,-0.019800635617923158,-0.01960003074506583,0.01151924656004163,0.01151924656004163,0.011318641687184302,0.0,1.0,0.5,0.5,True
2025-03-31,2025-02-28,VCFC_option_a_vt_L21_C12_g0p5_mkt_vol,-0.02869167239624012,-0.02869167239624012,0.0,-0.06065372203039303,-0.06065372203039303,-0.030775251152640976,0.03196204963415291,0.03196204963415291,0.0020835787564008577,0.0,1.0,0.5,0.5,True
2025-04-30,2025-03-31,VCFC_option_a_vt_L21_C12_g0p5_mkt_vol,-0.0008269273913006041,-0.0007779764614571439,4.8950929843460276e-05,-0.005055984186895949,-0.006993605981343187,-0.0028776599343611586,0.004229056795595345,0.0061666785900425835,0.0020507325430605544,0.09790185968692056,0.8041962806261589,0.5,0.40209814031307944,True
2025-05-30,2025-04-30,VCFC_option_a_vt_L21_C12_g0p5_mkt_vol,0.027147051781558316,0.027163832928362348,1.678114680403286e-05,0.026946002711401774,0.06748401572036392,0.04378428146052401,0.00020104907015654205,-0.0403369639388056,-0.016637229678965693,0.033562293608065716,0.36853584670501377,1.0,0.36853584670501377,False
2025-06-30,2025-05-30,VCFC_option_a_vt_L21_C12_g0p5_mkt_vol,0.0527947698418595,0.05311050191850699,0.00031573207664749314,0.0527947698418595,0.05311050191850699,0.030058402927735973,0.0,-0.00031573207664749303,0.022736366914123524,0.6314641532949863,1.0,1.0,1.0,False
2025-07-31,2025-06-30,VCFC_option_a_vt_L21_C12_g0p5_mkt_vol,0.021731157091000083,0.021731157091000083,0.0,0.021731157091000083,0.021731157091000083,0.01873291674745074,0.0,0.0,0.0029982403435493445,0.0,1.0,1.0,1.0,False
2025-08-29,2025-07-31,VCFC_option_a_vt_L21_C12_g0p5_mkt_vol,0.023492417640570817,0.023492417640570817,0.0,0.023492417640570817,0.023492417640570817,0.028985176483954784,0.0,0.0,-0.005492758843383967,0.0,1.0,1.0,1.0,False
2025-09-30,2025-08-29,VCFC_option_a_vt_L21_C12_g0p5_mkt_vol,0.036637047859041955,0.036637047859041955,0.0,0.036637047859041955,0.036637047859041955,0.01791722220097044,0.0,0.0,0.018719825658071513,0.0,1.0,1.0,1.0,False
2025-10-31,2025-09-30,VCFC_option_a_vt_L21_C12_g0p5_mkt_vol,0.025473166388791057,0.025473166388791057,0.0,0.025473166388791057,0.025473166388791057,0.0037470689029656303,0.0,0.0,0.02172609748582543,0.0,1.0,1.0,1.0,False
2025-11-28,2025-10-31,VCFC_option_a_vt_L21_C12_g0p5_mkt_vol,0.0009999535697725603,0.0009999535697725603,0.0,0.0009999535697725603,0.0009999535697725603,0.0004872196501073176,0.0,0.0,0.0005127339196652427,0.0,1.0,1.0,1.0,False
2025-12-31,2025-11-28,VCFC_option_a_vt_L21_C12_g0p5_mkt_vol,-0.000858926801705129,-0.000858926801705129,0.0,-0.000858926801705129,-0.000858926801705129,0.0003658333844512846,0.0,0.0,-0.0012247601861564137,0.0,1.0,1.0,1.0,False
2026-01-30,2025-12-31,VCFC_option_a_vt_L21_C12_g0p5_mkt_vol,0.018321109435609093,0.018321109435609093,0.0,0.018321109435609093,0.018321109435609093,0.020255470442650792,0.0,0.0,-0.0019343610070416996,0.0,1.0,1.0,1.0,False
2026-02-27,2026-01-30,VCFC_option_a_vt_L21_C12_g0p5_mkt_vol,-0.008276224872126614,-0.008276224872126614,0.0,-0.008276224872126614,-0.008276224872126614,0.00566679631201618,0.0,0.0,-0.013943021184142795,0.0,1.0,1.0,1.0,False
2026-03-31,2026-02-27,VCFC_option_a_vt_L21_C12_g0p5_mkt_vol,-0.04875076864478462,-0.04875076864478462,0.0,-0.04875076864478462,-0.04875076864478462,-0.03287538289017696,0.0,0.0,-0.01587538575460766,0.0,1.0,1.0,1.0,False
2026-04-30,2026-03-31,VCFC_option_a_vt_L21_C12_g0p5_mkt_vol,0.0542837527291472,0.05455436190505847,0.00027060917591126954,0.10617839551805135,0.11550314358796829,0.05927159621781441,-0.05189464278890415,-0.06121939085882109,-0.00498784348866721,0.5412183518225391,0.9175632963549217,0.5,0.45878164817746087,True
2026-05-29,2026-04-30,VCFC_option_a_vt_L21_C12_g0p5_mkt_vol,0.05900266752184359,0.05927327669775486,0.00027060917591126954,0.05923205834593232,0.05927327669775486,0.01904219128586019,-0.00022939082408873074,-0.0002706091759112697,0.0399604762359834,0.5412183518225391,1.0,1.0,1.0,False
2026-06-30,2026-05-29,VCFC_option_a_vt_L21_C12_g0p5_mkt_vol,0.00013886263429633422,0.00013886263429633422,0.0,0.00013886263429633422,0.00013886263429633422,0.0020969301930664286,0.0,0.0,-0.0019580675587700944,0.0,1.0,1.0,1.0,False
2026-07-31,2026-06-30,VCFC_option_a_vt_L21_C12_g0p5_mkt_vol,-0.005133491940997417,-0.004856492135570649,0.0002769998054267676,-0.013137818630448177,-0.01507607042077549,-0.004485022158435058,0.00800432668945076,0.009942578479778072,-0.0006484697825623591,0.5539996108535352,0.8920007782929296,0.5,0.4460003891464648,True
2026-08-31,2026-07-31,VCFC_option_a_vt_L21_C12_g0p5_mkt_vol,0.014528224814006657,0.014555224619433425,2.6999805426767605e-05,0.026288602202881726,0.026342601813735263,0.02814977980592025,-0.01176037738887507,-0.011814376999728607,-0.013621554991913594,0.05399961085353521,1.0,0.5,0.5,True
2026-09-16,2026-08-31,VCFC_option_a_vt_L21_C12_g0p5_mkt_vol,-0.014872921224928498,-0.014622921224928498,0.00025,-0.014622921224928498,-0.014622921224928498,-0.02010020652988051,-0.0002500000000000002,-0.0002500000000000002,0.0052272853049520115,0.5,1.0,1.0,1.0,False
2021-02-26,2021-01-29,VCFC_option_a_vt_L63_C6_g0p25_mkt_vol,0.006821105995675147,0.006821105995675147,0.0,0.027611732047081672,0.027611732047081672,0.027155166005436843,-0.020790626051406524,-0.020790626051406524,-0.020334060009761696,0.0,1.0,0.25,0.25,True
2021-03-31,2021-02-26,VCFC_option_a_vt_L63_C6_g0p25_mkt_vol,0.009448977446960006,0.009448977446960006,0.0,0.03812414958029913,0.03812414958029913,0.023809517999560458,-0.028675172133339123,-0.028675172133339123,-0.014360540552600451,0.0,1.0,0.25,0.25,True
2021-04-30,2021-03-31,VCFC_option_a_vt_L63_C6_g0p25_mkt_vol,0.012471623971096267,0.012473074531756244,1.4505606599762976e-06,0.04988649588438507,0.050478070149022544,0.03889909104749361,-0.0374148719132888,-0.03800644617792628,-0.026427467076397343,0.0029011213199525952,0.9883955147201895,0.25,0.24709887868004737,True
2021-05-28,2021-04-30,VCFC_option_a_vt_L63_C6_g0p25_mkt_vol,0.001030723846685317,0.0010321744073452932,1.4505606599762976e-06,0.00445087239290465,0.004456674635544555,-0.002103869340104195,-0.0034201485462193324,-0.003425950788859238,0.0031345931867895124,0.0029011213199525952,1.0,0.25,0.25,True
2021-06-30,2021-05-28,VCFC_option_a_vt_L63_C6_g0p25_mkt_vol,0.028439765955021217,0.028814765955021217,0.000375,0.028814765955021217,0.028814765955021217,0.006261945581678417,-0.00037500000000000033,-0.00037500000000000033,0.022177820373342802,0.75,1.0,1.0,1.0,False
2021-07-30,2021-06-30,VCFC_option_a_vt_L63_C6_g0p25_mkt_vol,0.020363120907655515,0.020363120907655515,0.0,0.020363120907655515,0.020363120907655515,0.008515954408507819,0.0,0.0,0.011847166499147696,0.0,1.0,1.0,1.0,False
2021-08-31,2021-07-30,VCFC_option_a_vt_L63_C6_g0p25_mkt_vol,0.030971460327742274,0.030971460327742274,0.0,0.030971460327742274,0.030971460327742274,0.026327827017288648,0.0,0.0,0.004643633310453626,0.0,1.0,1.0,1.0,False
2021-09-30,2021-08-31,VCFC_option_a_vt_L63_C6_g0p25_mkt_vol,-0.046385335726389115,-0.046385335726389115,0.0,-0.046385335726389115,-0.046385335726389115,-0.03178743105741398,0.0,0.0,-0.014597904668975134,0.0,1.0,1.0,1.0,False
2021-10-29,2021-09-30,VCFC_option_a_vt_L63_C6_g0p25_mkt_vol,0.06863896747251708,0.06863896747251708,0.0,0.06863896747251708,0.06863896747251708,0.05335158751244383,0.0,0.0,0.015287379960073247,0.0,1.0,1.0,1.0,False
2021-11-30,2021-10-29,VCFC_option_a_vt_L63_C6_g0p25_mkt_vol,-0.003616834602133967,-0.003616834602133967,0.0,-0.003616834602133967,-0.003616834602133967,-0.015932730931884572,0.0,0.0,0.012315896329750605,0.0,1.0,1.0,1.0,False
2021-12-31,2021-11-30,VCFC_option_a_vt_L63_C6_g0p25_mkt_vol,0.03864778567716913,0.03864778567716913,0.0,0.03864778567716913,0.03864778567716913,0.011867957451470216,0.0,0.0,0.026779828225698916,0.0,1.0,1.0,1.0,False
2022-01-31,2021-12-31,VCFC_option_a_vt_L63_C6_g0p25_mkt_vol,-0.05983373767509561,-0.059821575445027114,1.2162230068492492e-05,-0.05983373767509561,-0.0613129805974495,-0.05600866827597609,0.0,0.0014792429223538933,-0.0038250693991195225,0.024324460136984985,0.975675539863015,1.0,0.975675539863015,False
2022-02-28,2022-01-31,VCFC_option_a_vt_L63_C6_g0p25_mkt_vol,-0.00639186336988356,-0.006007377483730186,0.0003844858861533744,-0.023447483980916232,-0.028222946678299776,-0.0032662319691959137,0.017055620611032673,0.021831083308416217,-0.003125631400687646,0.7689717723067488,0.8268150702250646,0.25,0.20670376755626615,True
2022-03-31,2022-02-28,VCFC_option_a_vt_L63_C6_g0p25_mkt_vol,0.0068976231240221,0.006909657463059359,1.2034339037258537e-05,0.02621181217809769,0.035776417208131274,0.011031310969034213,-0.01931418905407559,-0.028878794084109174,-0.004133687845012113,0.024068678074517076,0.7305403579269963,0.25,0.18263508948174909,True
2022-04-29,2022-03-31,VCFC_option_a_vt_L63_C6_g0p25_mkt_vol,-0.06748494396243816,-0.06722710630324687,0.0002578376591912899,-0.0672432212782782,-0.09622387963195574,-0.06674416805259342,-0.00024172268415996456,0.028738935669517574,-0.0007407759098447403,0.5156753183825797,0.6983104078643289,1.0,0.6983104078643289,False
2022-05-31,2022-04-29,VCFC_option_a_vt_L63_C6_g0p25_mkt_vol,0.0004727699606279802,0.0004936007473708169,2.0830786742836676e-05,0.0004727699606279802,0.0005800939975287407,-0.00955119192544047,0.0,-0.00010732403690076045,0.01002396188606845,0.04166157348567335,0.6566488343786555,1.0,0.6566488343786555,False
2022-06-30,2022-05-31,VCFC_option_a_vt_L63_C6_g0p25_mkt_vol,-0.013061137605192823,-0.012812485941777505,0.00024865166341531803,-0.0535901811063702,-0.08450544797665417,-0.07922515209974176,0.04052904350117738,0.07144431037146134,0.06616401449454894,0.49730332683063605,0.6373820301920776,0.25,0.1593455075480194,True
2022-07-29,2022-06-30,VCFC_option_a_vt_L63_C6_g0p25_mkt_vol,0.015976682035680864,0.015977716382294983,1.0343466141212723e-06,0.06282503282790051,0.09965779047727749,0.08310879993855326,-0.04684835079221965,-0.08368110844159662,-0.06713211790287239,0.0020686932282425446,0.6291072572791074,0.25,0.15727681431977686,True
2022-08-31,2022-07-29,VCFC_option_a_vt_L63_C6_g0p25_mkt_vol,-0.0052622990123594796,-0.005261457057219304,8.419551401761695e-07,-0.026860429309672612,-0.043347912163053726,-0.034721724319496744,0.021598130297313133,0.038085613150694246,0.029459425307137264,0.0016839102803523388,0.6358428984005169,0.25,0.15896072460012922,True
2022-09-30,2022-08-31,VCFC_option_a_vt_L63_C6_g0p25_mkt_vol,-0.016440408700761727,-0.016425021602621798,1.538709813993001e-05,-0.07196525879658883,-0.0953991397436184,-0.07489454271196853,0.0555248500958271,0.07895873104285667,0.058454134011206804,0.03077419627986002,0.7589396835199571,0.25,0.18973492087998928,True
2022-10-31,2022-09-30,VCFC_option_a_vt_L63_C6_g0p25_mkt_vol,0.017670844680976457,0.017682512476237845,1.166779526138681e-05,0.0659268558577568,0.07713329106806736,0.054918824806159824,-0.04825601117678034,-0.0594624463870909,-0.037247980125183364,0.023335590522773623,0.8522820456110514,0.25,0.21307051140276284,True
2022-11-30,2022-10-31,VCFC_option_a_vt_L63_C6_g0p25_mkt_vol,0.012985335104088894,0.012994539277253142,9.204173164247868e-06,0.04248549849571372,0.05371437666554614,0.033917855641739554,-0.029500163391624822,-0.04072904156145725,-0.02093252053765066,0.018408346328495733,0.7786486602970685,0.25,0.19466216507426712,True
2022-12-30,2022-11-30,VCFC_option_a_vt_L63_C6_g0p25_mkt_vol,-0.008667299096528986,-0.008659554856669992,7.744239858995022e-06,-0.04554593408867842,-0.0649399250497098,-0.04203555868820332,0.03687863499214944,0.05627262595318082,0.03336825959167433,0.015488479717990044,0.7166947414251084,0.25,0.1791736853562771,True
2023-01-31,2022-12-30,VCFC_option_a_vt_L63_C6_g0p25_mkt_vol,0.01667950874323858,0.016685998774199236,6.490030960657022e-06,0.058190875767478015,0.07488684334585213,0.08146583582694766,-0.04151136702423944,-0.058207334602613556,-0.06478632708370909,0.012980061921314043,0.7686149891103645,0.25,0.19215374727759113,True
2023-02-28,2023-01-31,VCFC_option_a_vt_L63_C6_g0p25_mkt_vol,-0.0015854848414545279,-0.0015715697426254079,1.3915098829119969e-05,-0.01671508207413502,-0.019404335902135483,-0.022293759248678293,0.015129597232680493,0.017818851060680953,0.020708274407223764,0.027830197658239936,0.8799357797433244,0.25,0.2199839449358311,True
2023-03-31,2023-02-28,VCFC_option_a_vt_L63_C6_g0p25_mkt_vol,0.012920250363193088,0.012935258390725173,1.500802753208446e-05,0.03970721874633512,0.03976725085646346,0.024362600966729507,-0.026786968383142033,-0.026847000493270372,-0.01144235060353642,0.030016055064168923,1.0,0.25,0.25,True
2023-04-28,2023-03-31,VCFC_option_a_vt_L63_C6_g0p25_mkt_vol,0.005061177819363763,0.005061177819363763,0.0,0.009353761606251308,0.009353761606251308,0.0025753932952817782,-0.0042925837868875456,-0.0042925837868875456,0.0024857845240819844,0.0,1.0,0.25,0.25,True
2023-05-31,2023-04-28,VCFC_option_a_vt_L63_C6_g0p25_mkt_vol,0.0071619391918767705,0.0071619391918767705,0.0,0.01739296782035915,0.01739296782035915,-0.015417009573994061,-0.01023102862848238,-0.01023102862848238,0.022578948765870833,0.0,1.0,0.25,0.25,True
2023-06-30,2023-05-31,VCFC_option_a_vt_L63_C6_g0p25_mkt_vol,0.020079518716585403,0.020079518716585403,0.0,0.06649977564856473,0.06649977564856473,0.055430945263364284,-0.04642025693197932,-0.04642025693197932,-0.03535142654677888,0.0,1.0,0.25,0.25,True
2023-07-31,2023-06-30,VCFC_option_a_vt_L63_C6_g0p25_mkt_vol,0.03601511695856238,0.03639011695856238,0.000375,0.03639011695856238,0.03639011695856238,0.027840048953493752,-0.00037500000000000033,-0.00037500000000000033,0.00817506800506863,0.75,1.0,1.0,1.0,False
2023-08-31,2023-07-31,VCFC_option_a_vt_L63_C6_g0p25_mkt_vol,-0.018729246956048128,-0.018729246956048128,0.0,-0.018729246956048128,-0.018729246956048128,-0.019688768589620823,0.0,0.0,0.0009595216335726957,0.0,1.0,1.0,1.0,False
2023-09-29,2023-08-31,VCFC_option_a_vt_L63_C6_g0p25_mkt_vol,-0.049166409568289916,-0.049166409568289916,0.0,-0.049166409568289916,-0.049166409568289916,-0.0356707903414096,0.0,0.0,-0.013495619226880314,0.0,1.0,1.0,1.0,False
2023-10-31,2023-09-29,VCFC_option_a_vt_L63_C6_g0p25_mkt_vol,-0.02515080320447248,-0.02515080320447248,0.0,-0.02515080320447248,-0.02515080320447248,-0.010286967291063064,0.0,0.0,-0.014863835913409416,0.0,1.0,1.0,1.0,False
2023-11-30,2023-10-31,VCFC_option_a_vt_L63_C6_g0p25_mkt_vol,0.09410649585508923,0.09410649585508923,0.0,0.09410649585508923,0.09410649585508923,0.07342340300273398,0.0,0.0,0.020683092852355256,0.0,1.0,1.0,1.0,False
2023-12-29,2023-11-30,VCFC_option_a_vt_L63_C6_g0p25_mkt_vol,0.016843315784905756,0.017218315784905756,0.000375,0.0560483041855849,0.0560483041855849,0.06118198481063909,-0.039204988400679146,-0.039204988400679146,-0.044338669025733336,0.75,1.0,0.25,0.25,True
2024-01-31,2023-12-29,VCFC_option_a_vt_L63_C6_g0p25_mkt_vol,0.010592034945244744,0.010967034945244744,0.000375,0.010967034945244744,0.010967034945244744,-0.0038769636320920074,-0.00037500000000000033,-0.00037500000000000033,0.014468998577336752,0.75,1.0,1.0,1.0,False
2024-02-29,2024-01-31,VCFC_option_a_vt_L63_C6_g0p25_mkt_vol,0.05025259678955492,0.05025259678955492,0.0,0.05025259678955492,0.05025259678955492,0.04551693712860331,0.0,0.0,0.004735659660951609,0.0,1.0,1.0,1.0,False
2024-03-28,2024-02-29,VCFC_option_a_vt_L63_C6_g0p25_mkt_vol,0.028829906886884207,0.028829906886884207,0.0,0.028829906886884207,0.028829906886884207,0.02547003177787957,0.0,0.0,0.003359875109004637,0.0,1.0,1.0,1.0,False
2024-04-30,2024-03-28,VCFC_option_a_vt_L63_C6_g0p25_mkt_vol,-0.04237666198994755,-0.04237666198994755,0.0,-0.04237666198994755,-0.04237666198994755,-0.04288326171141131,0.0,0.0,0.0005065997214637602,0.0,1.0,1.0,1.0,False
2024-05-31,2024-04-30,VCFC_option_a_vt_L63_C6_g0p25_mkt_vol,0.053030701309268305,0.053030701309268305,0.0,0.053030701309268305,0.053030701309268305,0.05097339442985062,0.0,0.0,0.0020573068794176863,0.0,1.0,1.0,1.0,False
2024-06-28,2024-05-31,VCFC_option_a_vt_L63_C6_g0p25_mkt_vol,0.03503583738929902,0.03503583738929902,0.0,0.03503583738929902,0.03503583738929902,-0.0028313385976783453,0.0,0.0,0.037867175986977364,0.0,1.0,1.0,1.0,False
2024-07-31,2024-06-28,VCFC_option_a_vt_L63_C6_g0p25_mkt_vol,0.01566935716482927,0.01566935716482927,0.0,0.01566935716482927,0.01566935716482927,0.03597861121143071,0.0,0.0,-0.020309254046601437,0.0,1.0,1.0,1.0,False
2024-08-30,2024-07-31,VCFC_option_a_vt_L63_C6_g0p25_mkt_vol,0.017595112654305856,0.017595112654305856,0.0,0.017595112654305856,0.017595112654305856,0.0031838537968577317,0.0,0.0,0.014411258857448124,0.0,1.0,1.0,1.0,False
2024-09-30,2024-08-30,VCFC_option_a_vt_L63_C6_g0p25_mkt_vol,0.008103447345668098,0.008478447345668098,0.000375,0.0212480370246648,0.0212480370246648,0.017865080541602667,-0.0131445896789967,-0.0131445896789967,-0.00976163319593457,0.75,1.0,0.25,0.25,True
2024-10-31,2024-09-30,VCFC_option_a_vt_L63_C6_g0p25_mkt_vol,0.00022492824272711282,0.00022492824272711282,0.0,-0.010944704002496208,-0.010944704002496208,-0.013586698323554778,0.01116963224522332,0.01116963224522332,0.01381162656628189,0.0,1.0,0.25,0.25,True
2024-11-29,2024-10-31,VCFC_option_a_vt_L63_C6_g0p25_mkt_vol,0.06263382508007052,0.06300882508007052,0.000375,0.06300882508007052,0.06300882508007052,0.06322239699706261,-0.00037500000000000033,-0.00037500000000000033,-0.0005885719169920894,0.75,1.0,1.0,1.0,False
2024-12-31,2024-11-29,VCFC_option_a_vt_L63_C6_g0p25_mkt_vol,-0.023514198759744885,-0.023514198759744885,0.0,-0.023514198759744885,-0.023514198759744885,-0.03873290071229025,0.0,0.0,0.015218701952545363,0.0,1.0,1.0,1.0,False
2025-01-31,2024-12-31,VCFC_option_a_vt_L63_C6_g0p25_mkt_vol,0.025973090009227387,0.025973090009227387,0.0,0.025973090009227387,0.025973090009227387,0.024865846101993896,0.0,0.0,0.0011072439072334905,0.0,1.0,1.0,1.0,False
2025-02-28,2025-01-31,VCFC_option_a_vt_L63_C6_g0p25_mkt_vol,-0.002896765777860713,-0.002521765777860713,0.000375,-0.019800635617923158,-0.019800635617923158,-0.01960003074506583,0.016903869840062445,0.016903869840062445,0.016703264967205117,0.75,1.0,0.25,0.25,True
2025-03-31,2025-02-28,VCFC_option_a_vt_L63_C6_g0p25_mkt_vol,-0.06102872203039303,-0.06065372203039303,0.000375,-0.06065372203039303,-0.06065372203039303,-0.030775251152640976,-0.00037500000000000033,-0.00037500000000000033,-0.030253470877752053,0.75,1.0,1.0,1.0,False
2025-04-30,2025-03-31,VCFC_option_a_vt_L63_C6_g0p25_mkt_vol,-0.006993605981343187,-0.006993605981343187,0.0,-0.006993605981343187,-0.006993605981343187,-0.0028776599343611586,0.0,0.0,-0.004115946046982028,0.0,1.0,1.0,1.0,False
2025-05-30,2025-04-30,VCFC_option_a_vt_L63_C6_g0p25_mkt_vol,0.0402278655002303,0.04043963976292958,0.0002117742626992787,0.0402278655002303,0.06748401572036392,0.04378428146052401,0.0,-0.027256150220133613,-0.003556415960293706,0.42354852539855736,0.5764514746014426,1.0,0.5764514746014426,False
2025-06-30,2025-05-30,VCFC_option_a_vt_L63_C6_g0p25_mkt_vol,0.031304209498604886,0.031311461222588696,7.251723983810188e-06,0.031304209498604886,0.05311050191850699,0.030058402927735973,0.0,-0.021806292419902104,0.0012458065708689132,0.014503447967620375,0.5619480266338223,1.0,0.5619480266338223,False
2025-07-31,2025-06-30,VCFC_option_a_vt_L63_C6_g0p25_mkt_vol,0.014356976347105465,0.014373481660988643,1.6505313883178606e-05,0.014356976347105465,0.021731157091000083,0.01873291674745074,0.0,-0.007374180743894619,-0.004375940400345274,0.033010627766357215,0.5949586544001795,1.0,0.5949586544001795,False
2025-08-29,2025-07-31,VCFC_option_a_vt_L63_C6_g0p25_mkt_vol,0.023289896967770906,0.023492417640570817,0.00020252067279991027,0.023289896967770906,0.023492417640570817,0.028985176483954784,0.0,-0.0002025206727999107,-0.005695279516183878,0.4050413455998205,1.0,1.0,1.0,False
2025-09-30,2025-08-29,VCFC_option_a_vt_L63_C6_g0p25_mkt_vol,0.036637047859041955,0.036637047859041955,0.0,0.036637047859041955,0.036637047859041955,0.01791722220097044,0.0,0.0,0.018719825658071513,0.0,1.0,1.0,1.0,False
2025-10-31,2025-09-30,VCFC_option_a_vt_L63_C6_g0p25_mkt_vol,0.025473166388791057,0.025473166388791057,0.0,0.025473166388791057,0.025473166388791057,0.0037470689029656303,0.0,0.0,0.02172609748582543,0.0,1.0,1.0,1.0,False
2025-11-28,2025-10-31,VCFC_option_a_vt_L63_C6_g0p25_mkt_vol,0.0009999535697725603,0.0009999535697725603,0.0,0.0009999535697725603,0.0009999535697725603,0.0004872196501073176,0.0,0.0,0.0005127339196652427,0.0,1.0,1.0,1.0,False
2025-12-31,2025-11-28,VCFC_option_a_vt_L63_C6_g0p25_mkt_vol,-0.000858926801705129,-0.000858926801705129,0.0,-0.000858926801705129,-0.000858926801705129,0.0003658333844512846,0.0,0.0,-0.0012247601861564137,0.0,1.0,1.0,1.0,False
2026-01-30,2025-12-31,VCFC_option_a_vt_L63_C6_g0p25_mkt_vol,0.018321109435609093,0.018321109435609093,0.0,0.018321109435609093,0.018321109435609093,0.020255470442650792,0.0,0.0,-0.0019343610070416996,0.0,1.0,1.0,1.0,False
2026-02-27,2026-01-30,VCFC_option_a_vt_L63_C6_g0p25_mkt_vol,-0.008276224872126614,-0.008276224872126614,0.0,-0.008276224872126614,-0.008276224872126614,0.00566679631201618,0.0,0.0,-0.013943021184142795,0.0,1.0,1.0,1.0,False
2026-03-31,2026-02-27,VCFC_option_a_vt_L63_C6_g0p25_mkt_vol,-0.04875076864478462,-0.04875076864478462,0.0,-0.04875076864478462,-0.04875076864478462,-0.03287538289017696,0.0,0.0,-0.01587538575460766,0.0,1.0,1.0,1.0,False
2026-04-30,2026-03-31,VCFC_option_a_vt_L63_C6_g0p25_mkt_vol,0.03066761835217436,0.03104261835217436,0.000375,0.11550314358796829,0.11550314358796829,0.05927159621781441,-0.08483552523579393,-0.08483552523579393,-0.02860397786564005,0.75,1.0,0.25,0.25,True
2026-05-29,2026-04-30,VCFC_option_a_vt_L63_C6_g0p25_mkt_vol,0.017198821691451656,0.017198821691451656,0.0,0.05927327669775486,0.05927327669775486,0.01904219128586019,-0.042074455006303205,-0.042074455006303205,-0.0018433695944085338,0.0,1.0,0.25,0.25,True
2026-06-30,2026-05-29,VCFC_option_a_vt_L63_C6_g0p25_mkt_vol,0.0020781035850163474,0.0020781035850163474,0.0,0.00013886263429633422,0.00013886263429633422,0.0020969301930664286,0.0019392409507200132,0.0019392409507200132,-1.8826608050081205e-05,0.0,1.0,0.25,0.25,True
2026-07-31,2026-06-30,VCFC_option_a_vt_L63_C6_g0p25_mkt_vol,-0.0012408915438538643,-0.0012408915438538643,0.0,-0.01507607042077549,-0.01507607042077549,-0.004485022158435058,0.013835178876921626,0.013835178876921626,0.0032441306145811932,0.0,1.0,0.25,0.25,True
2026-08-31,2026-07-31,VCFC_option_a_vt_L63_C6_g0p25_mkt_vol,0.008661536022282507,0.008661536022282507,0.0,0.026342601813735263,0.026342601813735263,0.02814977980592025,-0.017681065791452757,-0.017681065791452757,-0.019488243783637744,0.0,1.0,0.25,0.25,True
2026-09-16,2026-08-31,VCFC_option_a_vt_L63_C6_g0p25_mkt_vol,-0.002588779826326554,-0.002588779826326554,0.0,-0.014622921224928498,-0.014622921224928498,-0.02010020652988051,0.012034141398601945,0.012034141398601945,0.017511426703553955,0.0,1.0,0.25,0.25,True
2021-02-26,2021-01-29,VCFC_option_a_vt_L63_C6_g0p5_mkt_vol,0.013751314679477322,0.013751314679477322,0.0,0.027611732047081672,0.027611732047081672,0.027155166005436843,-0.01386041736760435,-0.01386041736760435,-0.013403851325959521,0.0,1.0,0.5,0.5,True
2021-03-31,2021-02-26,VCFC_option_a_vt_L63_C6_g0p5_mkt_vol,0.019007368158073048,0.019007368158073048,0.0,0.03812414958029913,0.03812414958029913,0.023809517999560458,-0.019116781422226083,-0.019116781422226083,-0.00480214984148741,0.0,1.0,0.5,0.5,True
2021-04-30,2021-03-31,VCFC_option_a_vt_L63_C6_g0p5_mkt_vol,0.024943247942192534,0.024946149063512488,2.901121319952623e-06,0.04988649588438507,0.050478070149022544,0.03889909104749361,-0.024943247942192534,-0.02553482220683001,-0.013955843105301076,0.005802242639905246,0.9883955147201895,0.5,0.49419775736009475,True
2021-05-28,2021-04-30,VCFC_option_a_vt_L63_C6_g0p5_mkt_vol,0.002170773362091761,0.002173674483411714,2.901121319952623e-06,0.00445087239290465,0.004456674635544555,-0.002103869340104195,-0.0022800990308128885,-0.002285901273452794,0.004274642702195956,0.005802242639905246,1.0,0.5,0.5,True
2021-06-30,2021-05-28,VCFC_option_a_vt_L63_C6_g0p5_mkt_vol,0.028564765955021217,0.028814765955021217,0.00025,0.028814765955021217,0.028814765955021217,0.006261945581678417,-0.0002500000000000002,-0.0002500000000000002,0.022302820373342802,0.5,1.0,1.0,1.0,False
2021-07-30,2021-06-30,VCFC_option_a_vt_L63_C6_g0p5_mkt_vol,0.020363120907655515,0.020363120907655515,0.0,0.020363120907655515,0.020363120907655515,0.008515954408507819,0.0,0.0,0.011847166499147696,0.0,1.0,1.0,1.0,False
2021-08-31,2021-07-30,VCFC_option_a_vt_L63_C6_g0p5_mkt_vol,0.030971460327742274,0.030971460327742274,0.0,0.030971460327742274,0.030971460327742274,0.026327827017288648,0.0,0.0,0.004643633310453626,0.0,1.0,1.0,1.0,False
2021-09-30,2021-08-31,VCFC_option_a_vt_L63_C6_g0p5_mkt_vol,-0.046385335726389115,-0.046385335726389115,0.0,-0.046385335726389115,-0.046385335726389115,-0.03178743105741398,0.0,0.0,-0.014597904668975134,0.0,1.0,1.0,1.0,False
2021-10-29,2021-09-30,VCFC_option_a_vt_L63_C6_g0p5_mkt_vol,0.06863896747251708,0.06863896747251708,0.0,0.06863896747251708,0.06863896747251708,0.05335158751244383,0.0,0.0,0.015287379960073247,0.0,1.0,1.0,1.0,False
2021-11-30,2021-10-29,VCFC_option_a_vt_L63_C6_g0p5_mkt_vol,-0.003616834602133967,-0.003616834602133967,0.0,-0.003616834602133967,-0.003616834602133967,-0.015932730931884572,0.0,0.0,0.012315896329750605,0.0,1.0,1.0,1.0,False
2021-12-31,2021-11-30,VCFC_option_a_vt_L63_C6_g0p5_mkt_vol,0.03864778567716913,0.03864778567716913,0.0,0.03864778567716913,0.03864778567716913,0.011867957451470216,0.0,0.0,0.026779828225698916,0.0,1.0,1.0,1.0,False
2022-01-31,2021-12-31,VCFC_option_a_vt_L63_C6_g0p5_mkt_vol,-0.05983373767509561,-0.059821575445027114,1.2162230068492492e-05,-0.05983373767509561,-0.0613129805974495,-0.05600866827597609,0.0,0.0014792429223538933,-0.0038250693991195225,0.024324460136984985,0.975675539863015,1.0,0.975675539863015,False
2022-02-28,2022-01-31,VCFC_option_a_vt_L63_C6_g0p5_mkt_vol,-0.012077070240227784,-0.011795936237852543,0.00028113400237524133,-0.023447483980916232,-0.028222946678299776,-0.0032662319691959137,0.011370413740688447,0.016145876438071992,-0.00881083827103187,0.5622680047504827,0.8268150702250646,0.5,0.4134075351125323,True
2022-03-31,2022-02-28,VCFC_option_a_vt_L63_C6_g0p5_mkt_vol,0.013335686142047297,0.013359754820121814,2.4068678074517075e-05,0.02621181217809769,0.035776417208131274,0.011031310969034213,-0.012876126036050393,-0.022440731066083977,0.002304375173013084,0.04813735614903415,0.7305403579269963,0.5,0.36527017896349817,True
2022-04-29,2022-03-31,VCFC_option_a_vt_L63_C6_g0p5_mkt_vol,-0.06739362641769728,-0.06722710630324687,0.00016652011445041532,-0.0672432212782782,-0.09622387963195574,-0.06674416805259342,-0.00015040513941907974,0.02883025321425846,-0.0006494583651038555,0.3330402289008306,0.6983104078643289,1.0,0.6983104078643289,False
2022-05-31,2022-04-29,VCFC_option_a_vt_L63_C6_g0p5_mkt_vol,0.0004727699606279802,0.0004936007473708169,2.0830786742836676e-05,0.0004727699606279802,0.0005800939975287407,-0.00955119192544047,0.0,-0.00010732403690076045,0.01002396188606845,0.04166157348567335,0.6566488343786555,1.0,0.6566488343786555,False
2022-06-30,2022-05-31,VCFC_option_a_vt_L63_C6_g0p5_mkt_vol,-0.026570818772251946,-0.02640183986261064,0.00016897890964130834,-0.0535901811063702,-0.08450544797665417,-0.07922515209974176,0.027019362334118252,0.057934629204402226,0.05265433332748982,0.3379578192826167,0.6373820301920776,0.5,0.3186910150960388,True
2022-07-29,2022-06-30,VCFC_option_a_vt_L63_C6_g0p5_mkt_vol,0.03159279896642075,0.03159486765964899,2.0686932282425447e-06,0.06282503282790051,0.09965779047727749,0.08310879993855326,-0.031232233861479768,-0.06806499151085674,-0.05151600097213251,0.004137386456485089,0.6291072572791074,0.5,0.3145536286395537,True
2022-08-31,2022-07-29,VCFC_option_a_vt_L63_C6_g0p5_mkt_vol,-0.012461675778130524,-0.012459991867850172,1.6839102803523667e-06,-0.026860429309672612,-0.043347912163053726,-0.034721724319496744,0.014398753531542088,0.030886236384923202,0.02226004854136622,0.003367820560704733,0.6358428984005169,0.5,0.31792144920025844,True
2022-09-30,2022-08-31,VCFC_option_a_vt_L63_C6_g0p5_mkt_vol,-0.03494869206603743,-0.03491791786975757,3.077419627986005e-05,-0.07196525879658883,-0.0953991397436184,-0.07489454271196853,0.0370165667305514,0.06045044767758097,0.039945850645931105,0.0615483925597201,0.7589396835199571,0.5,0.37946984175997855,True
2022-10-31,2022-09-30,VCFC_option_a_vt_L63_C6_g0p5_mkt_vol,0.03375618173990324,0.033779517330426015,2.3335590522773566e-05,0.0659268558577568,0.07713329106806736,0.054918824806159824,-0.032170674117853564,-0.043377109328164125,-0.021162643066256585,0.046671181045547135,0.8522820456110514,0.5,0.4261410228055257,True
2022-11-30,2022-10-31,VCFC_option_a_vt_L63_C6_g0p5_mkt_vol,0.02281872290129717,0.022837131247625663,1.8408346328495705e-05,0.04248549849571372,0.05371437666554614,0.033917855641739554,-0.019666775594416548,-0.030895653764248972,-0.011099132740442386,0.03681669265699141,0.7786486602970685,0.5,0.38932433014853424,True
2022-12-30,2022-11-30,VCFC_option_a_vt_L63_C6_g0p5_mkt_vol,-0.020960177427245465,-0.020944688947527476,1.5488479717990044e-05,-0.04554593408867842,-0.0649399250497098,-0.04203555868820332,0.024585756661432957,0.04397974762246434,0.021075381260957857,0.030976959435980087,0.7166947414251084,0.5,0.3583473707125542,True
2023-01-31,2022-12-30,VCFC_option_a_vt_L63_C6_g0p5_mkt_vol,0.030516631084651726,0.03052961114657304,1.2980061921314043e-05,0.058190875767478015,0.07488684334585213,0.08146583582694766,-0.02767424468282629,-0.04437021226120041,-0.05094920474229594,0.025960123842628087,0.7686149891103645,0.5,0.38430749455518226,True
2023-02-28,2023-01-31,VCFC_option_a_vt_L63_C6_g0p5_mkt_vol,-0.006628683919014691,-0.006600853721356451,2.7830197658239937e-05,-0.01671508207413502,-0.019404335902135483,-0.022293759248678293,0.01008639815512033,0.012775651983120792,0.015665075329663602,0.05566039531647987,0.8799357797433244,0.5,0.4399678898716622,True
2023-03-31,2023-02-28,VCFC_option_a_vt_L63_C6_g0p5_mkt_vol,0.021849239824240432,0.0218792558793046,3.001605506416892e-05,0.03970721874633512,0.03976725085646346,0.024362600966729507,-0.01785797892209469,-0.017918011032223027,-0.0025133611424890748,0.06003211012833785,1.0,0.5,0.5,True
2023-04-28,2023-03-31,VCFC_option_a_vt_L63_C6_g0p5_mkt_vol,0.006492039081659611,0.006492039081659611,0.0,0.009353761606251308,0.009353761606251308,0.0025753932952817782,-0.002861722524591697,-0.002861722524591697,0.0039166457863778325,0.0,1.0,0.5,0.5,True
2023-05-31,2023-04-28,VCFC_option_a_vt_L63_C6_g0p5_mkt_vol,0.010572282068037564,0.010572282068037564,0.0,0.01739296782035915,0.01739296782035915,-0.015417009573994061,-0.006820685752321587,-0.006820685752321587,0.025989291642031627,0.0,1.0,0.5,0.5,True
2023-06-30,2023-05-31,VCFC_option_a_vt_L63_C6_g0p5_mkt_vol,0.035552937693911844,0.035552937693911844,0.0,0.06649977564856473,0.06649977564856473,0.055430945263364284,-0.030946837954652882,-0.030946837954652882,-0.01987800756945244,0.0,1.0,0.5,0.5,True
2023-07-31,2023-06-30,VCFC_option_a_vt_L63_C6_g0p5_mkt_vol,0.03614011695856238,0.03639011695856238,0.00025,0.03639011695856238,0.03639011695856238,0.027840048953493752,-0.0002500000000000002,-0.0002500000000000002,0.00830006800506863,0.5,1.0,1.0,1.0,False
2023-08-31,2023-07-31,VCFC_option_a_vt_L63_C6_g0p5_mkt_vol,-0.018729246956048128,-0.018729246956048128,0.0,-0.018729246956048128,-0.018729246956048128,-0.019688768589620823,0.0,0.0,0.0009595216335726957,0.0,1.0,1.0,1.0,False
2023-09-29,2023-08-31,VCFC_option_a_vt_L63_C6_g0p5_mkt_vol,-0.049166409568289916,-0.049166409568289916,0.0,-0.049166409568289916,-0.049166409568289916,-0.0356707903414096,0.0,0.0,-0.013495619226880314,0.0,1.0,1.0,1.0,False
2023-10-31,2023-09-29,VCFC_option_a_vt_L63_C6_g0p5_mkt_vol,-0.02515080320447248,-0.02515080320447248,0.0,-0.02515080320447248,-0.02515080320447248,-0.010286967291063064,0.0,0.0,-0.014863835913409416,0.0,1.0,1.0,1.0,False
2023-11-30,2023-10-31,VCFC_option_a_vt_L63_C6_g0p5_mkt_vol,0.09410649585508923,0.09410649585508923,0.0,0.09410649585508923,0.09410649585508923,0.07342340300273398,0.0,0.0,0.020683092852355256,0.0,1.0,1.0,1.0,False
2023-12-29,2023-11-30,VCFC_option_a_vt_L63_C6_g0p5_mkt_vol,0.029911645251798805,0.030161645251798805,0.00025,0.0560483041855849,0.0560483041855849,0.06118198481063909,-0.026136658933786097,-0.026136658933786097,-0.03127033955884029,0.5,1.0,0.5,0.5,True
2024-01-31,2023-12-29,VCFC_option_a_vt_L63_C6_g0p5_mkt_vol,0.010717034945244744,0.010967034945244744,0.00025,0.010967034945244744,0.010967034945244744,-0.0038769636320920074,-0.0002500000000000002,-0.0002500000000000002,0.014593998577336752,0.5,1.0,1.0,1.0,False
2024-02-29,2024-01-31,VCFC_option_a_vt_L63_C6_g0p5_mkt_vol,0.05025259678955492,0.05025259678955492,0.0,0.05025259678955492,0.05025259678955492,0.04551693712860331,0.0,0.0,0.004735659660951609,0.0,1.0,1.0,1.0,False
2024-03-28,2024-02-29,VCFC_option_a_vt_L63_C6_g0p5_mkt_vol,0.028829906886884207,0.028829906886884207,0.0,0.028829906886884207,0.028829906886884207,0.02547003177787957,0.0,0.0,0.003359875109004637,0.0,1.0,1.0,1.0,False
2024-04-30,2024-03-28,VCFC_option_a_vt_L63_C6_g0p5_mkt_vol,-0.04237666198994755,-0.04237666198994755,0.0,-0.04237666198994755,-0.04237666198994755,-0.04288326171141131,0.0,0.0,0.0005065997214637602,0.0,1.0,1.0,1.0,False
2024-05-31,2024-04-30,VCFC_option_a_vt_L63_C6_g0p5_mkt_vol,0.053030701309268305,0.053030701309268305,0.0,0.053030701309268305,0.053030701309268305,0.05097339442985062,0.0,0.0,0.0020573068794176863,0.0,1.0,1.0,1.0,False
2024-06-28,2024-05-31,VCFC_option_a_vt_L63_C6_g0p5_mkt_vol,0.03503583738929902,0.03503583738929902,0.0,0.03503583738929902,0.03503583738929902,-0.0028313385976783453,0.0,0.0,0.037867175986977364,0.0,1.0,1.0,1.0,False
2024-07-31,2024-06-28,VCFC_option_a_vt_L63_C6_g0p5_mkt_vol,0.01566935716482927,0.01566935716482927,0.0,0.01566935716482927,0.01566935716482927,0.03597861121143071,0.0,0.0,-0.020309254046601437,0.0,1.0,1.0,1.0,False
2024-08-30,2024-07-31,VCFC_option_a_vt_L63_C6_g0p5_mkt_vol,0.017595112654305856,0.017595112654305856,0.0,0.017595112654305856,0.017595112654305856,0.0031838537968577317,0.0,0.0,0.014411258857448124,0.0,1.0,1.0,1.0,False
2024-09-30,2024-08-30,VCFC_option_a_vt_L63_C6_g0p5_mkt_vol,0.012484977238666999,0.012734977238666999,0.00025,0.0212480370246648,0.0212480370246648,0.017865080541602667,-0.0087630597859978,-0.0087630597859978,-0.0053801033029356685,0.5,1.0,0.5,0.5,True
2024-10-31,2024-09-30,VCFC_option_a_vt_L63_C6_g0p5_mkt_vol,-0.0034982825056806607,-0.0034982825056806607,0.0,-0.010944704002496208,-0.010944704002496208,-0.013586698323554778,0.007446421496815547,0.007446421496815547,0.010088415817874117,0.0,1.0,0.5,0.5,True
2024-11-29,2024-10-31,VCFC_option_a_vt_L63_C6_g0p5_mkt_vol,0.06275882508007052,0.06300882508007052,0.00025,0.06300882508007052,0.06300882508007052,0.06322239699706261,-0.0002500000000000002,-0.0002500000000000002,-0.00046357191699208933,0.5,1.0,1.0,1.0,False
2024-12-31,2024-11-29,VCFC_option_a_vt_L63_C6_g0p5_mkt_vol,-0.023514198759744885,-0.023514198759744885,0.0,-0.023514198759744885,-0.023514198759744885,-0.03873290071229025,0.0,0.0,0.015218701952545363,0.0,1.0,1.0,1.0,False
2025-01-31,2024-12-31,VCFC_option_a_vt_L63_C6_g0p5_mkt_vol,0.025973090009227387,0.025973090009227387,0.0,0.025973090009227387,0.025973090009227387,0.024865846101993896,0.0,0.0,0.0011072439072334905,0.0,1.0,1.0,1.0,False
2025-02-28,2025-01-31,VCFC_option_a_vt_L63_C6_g0p5_mkt_vol,-0.008531389057881528,-0.008281389057881528,0.00025,-0.019800635617923158,-0.019800635617923158,-0.01960003074506583,0.01126924656004163,0.01126924656004163,0.011068641687184301,0.5,1.0,0.5,0.5,True
2025-03-31,2025-02-28,VCFC_option_a_vt_L63_C6_g0p5_mkt_vol,-0.06090372203039303,-0.06065372203039303,0.00025,-0.06065372203039303,-0.06065372203039303,-0.030775251152640976,-0.0002500000000000002,-0.0002500000000000002,-0.030128470877752053,0.5,1.0,1.0,1.0,False
2025-04-30,2025-03-31,VCFC_option_a_vt_L63_C6_g0p5_mkt_vol,-0.006993605981343187,-0.006993605981343187,0.0,-0.006993605981343187,-0.006993605981343187,-0.0028776599343611586,0.0,0.0,-0.004115946046982028,0.0,1.0,1.0,1.0,False
2025-05-30,2025-04-30,VCFC_option_a_vt_L63_C6_g0p5_mkt_vol,0.0402278655002303,0.04043963976292958,0.0002117742626992787,0.0402278655002303,0.06748401572036392,0.04378428146052401,0.0,-0.027256150220133613,-0.003556415960293706,0.42354852539855736,0.5764514746014426,1.0,0.5764514746014426,False
2025-06-30,2025-05-30,VCFC_option_a_vt_L63_C6_g0p5_mkt_vol,0.031304209498604886,0.031311461222588696,7.251723983810188e-06,0.031304209498604886,0.05311050191850699,0.030058402927735973,0.0,-0.021806292419902104,0.0012458065708689132,0.014503447967620375,0.5619480266338223,1.0,0.5619480266338223,False
2025-07-31,2025-06-30,VCFC_option_a_vt_L63_C6_g0p5_mkt_vol,0.014356976347105465,0.014373481660988643,1.6505313883178606e-05,0.014356976347105465,0.021731157091000083,0.01873291674745074,0.0,-0.007374180743894619,-0.004375940400345274,0.033010627766357215,0.5949586544001795,1.0,0.5949586544001795,False
2025-08-29,2025-07-31,VCFC_option_a_vt_L63_C6_g0p5_mkt_vol,0.023289896967770906,0.023492417640570817,0.00020252067279991027,0.023289896967770906,0.023492417640570817,0.028985176483954784,0.0,-0.0002025206727999107,-0.005695279516183878,0.4050413455998205,1.0,1.0,1.0,False
2025-09-30,2025-08-29,VCFC_option_a_vt_L63_C6_g0p5_mkt_vol,0.036637047859041955,0.036637047859041955,0.0,0.036637047859041955,0.036637047859041955,0.01791722220097044,0.0,0.0,0.018719825658071513,0.0,1.0,1.0,1.0,False
2025-10-31,2025-09-30,VCFC_option_a_vt_L63_C6_g0p5_mkt_vol,0.025473166388791057,0.025473166388791057,0.0,0.025473166388791057,0.025473166388791057,0.0037470689029656303,0.0,0.0,0.02172609748582543,0.0,1.0,1.0,1.0,False
2025-11-28,2025-10-31,VCFC_option_a_vt_L63_C6_g0p5_mkt_vol,0.0009999535697725603,0.0009999535697725603,0.0,0.0009999535697725603,0.0009999535697725603,0.0004872196501073176,0.0,0.0,0.0005127339196652427,0.0,1.0,1.0,1.0,False
2025-12-31,2025-11-28,VCFC_option_a_vt_L63_C6_g0p5_mkt_vol,-0.000858926801705129,-0.000858926801705129,0.0,-0.000858926801705129,-0.000858926801705129,0.0003658333844512846,0.0,0.0,-0.0012247601861564137,0.0,1.0,1.0,1.0,False
2026-01-30,2025-12-31,VCFC_option_a_vt_L63_C6_g0p5_mkt_vol,0.018321109435609093,0.018321109435609093,0.0,0.018321109435609093,0.018321109435609093,0.020255470442650792,0.0,0.0,-0.0019343610070416996,0.0,1.0,1.0,1.0,False
2026-02-27,2026-01-30,VCFC_option_a_vt_L63_C6_g0p5_mkt_vol,-0.008276224872126614,-0.008276224872126614,0.0,-0.008276224872126614,-0.008276224872126614,0.00566679631201618,0.0,0.0,-0.013943021184142795,0.0,1.0,1.0,1.0,False
2026-03-31,2026-02-27,VCFC_option_a_vt_L63_C6_g0p5_mkt_vol,-0.04875076864478462,-0.04875076864478462,0.0,-0.04875076864478462,-0.04875076864478462,-0.03287538289017696,0.0,0.0,-0.01587538575460766,0.0,1.0,1.0,1.0,False
2026-04-30,2026-03-31,VCFC_option_a_vt_L63_C6_g0p5_mkt_vol,0.05894612676410567,0.05919612676410567,0.00025,0.11550314358796829,0.11550314358796829,0.05927159621781441,-0.05655701682386262,-0.05655701682386262,-0.0003254694537087391,0.5,1.0,0.5,0.5,True
2026-05-29,2026-04-30,VCFC_option_a_vt_L63_C6_g0p5_mkt_vol,0.031223640026886056,0.031223640026886056,0.0,0.05927327669775486,0.05927327669775486,0.01904219128586019,-0.028049636670868804,-0.028049636670868804,0.012181448741025867,0.0,1.0,0.5,0.5,True
2026-06-30,2026-05-29,VCFC_option_a_vt_L63_C6_g0p5_mkt_vol,0.001431689934776343,0.001431689934776343,0.0,0.00013886263429633422,0.00013886263429633422,0.0020969301930664286,0.0012928273004800088,0.0012928273004800088,-0.0006652402582900856,0.0,1.0,0.5,0.5,True
2026-07-31,2026-06-30,VCFC_option_a_vt_L63_C6_g0p5_mkt_vol,-0.005852617836161073,-0.005852617836161073,0.0,-0.01507607042077549,-0.01507607042077549,-0.004485022158435058,0.009223452584614416,0.009223452584614416,-0.0013675956777260152,0.0,1.0,0.5,0.5,True
2026-08-31,2026-07-31,VCFC_option_a_vt_L63_C6_g0p5_mkt_vol,0.014555224619433425,0.014555224619433425,0.0,0.026342601813735263,0.026342601813735263,0.02814977980592025,-0.011787377194301838,-0.011787377194301838,-0.013594555186486825,0.0,1.0,0.5,0.5,True
2026-09-16,2026-08-31,VCFC_option_a_vt_L63_C6_g0p5_mkt_vol,-0.006600160292527202,-0.006600160292527202,0.0,-0.014622921224928498,-0.014622921224928498,-0.02010020652988051,0.008022760932401295,0.008022760932401295,0.013500046237353309,0.0,1.0,0.5,0.5,True
2021-02-26,2021-01-29,VCFC_option_a_vt_L63_C12_g0p25_mkt_vol,0.006821105995675147,0.006821105995675147,0.0,0.027611732047081672,0.027611732047081672,0.027155166005436843,-0.020790626051406524,-0.020790626051406524,-0.020334060009761696,0.0,1.0,0.25,0.25,True
2021-03-31,2021-02-26,VCFC_option_a_vt_L63_C12_g0p25_mkt_vol,0.009448977446960006,0.009448977446960006,0.0,0.03812414958029913,0.03812414958029913,0.023809517999560458,-0.028675172133339123,-0.028675172133339123,-0.014360540552600451,0.0,1.0,0.25,0.25,True
2021-04-30,2021-03-31,VCFC_option_a_vt_L63_C12_g0p25_mkt_vol,0.012471623971096267,0.012473074531756244,1.4505606599762976e-06,0.04988649588438507,0.050478070149022544,0.03889909104749361,-0.0374148719132888,-0.03800644617792628,-0.026427467076397343,0.0029011213199525952,0.9883955147201895,0.25,0.24709887868004737,True
2021-05-28,2021-04-30,VCFC_option_a_vt_L63_C12_g0p25_mkt_vol,0.001030723846685317,0.0010321744073452932,1.4505606599762976e-06,0.00445087239290465,0.004456674635544555,-0.002103869340104195,-0.0034201485462193324,-0.003425950788859238,0.0031345931867895124,0.0029011213199525952,1.0,0.25,0.25,True
2021-06-30,2021-05-28,VCFC_option_a_vt_L63_C12_g0p25_mkt_vol,0.007039535687224436,0.007039535687224436,0.0,0.028814765955021217,0.028814765955021217,0.006261945581678417,-0.02177523026779678,-0.02177523026779678,0.0007775901055460189,0.0,1.0,0.25,0.25,True
2021-07-30,2021-06-30,VCFC_option_a_vt_L63_C12_g0p25_mkt_vol,0.019988120907655515,0.020363120907655515,0.000375,0.020363120907655515,0.020363120907655515,0.008515954408507819,-0.00037500000000000033,-0.00037500000000000033,0.011472166499147696,0.75,1.0,1.0,1.0,False
2021-08-31,2021-07-30,VCFC_option_a_vt_L63_C12_g0p25_mkt_vol,0.030971460327742274,0.030971460327742274,0.0,0.030971460327742274,0.030971460327742274,0.026327827017288648,0.0,0.0,0.004643633310453626,0.0,1.0,1.0,1.0,False
2021-09-30,2021-08-31,VCFC_option_a_vt_L63_C12_g0p25_mkt_vol,-0.046385335726389115,-0.046385335726389115,0.0,-0.046385335726389115,-0.046385335726389115,-0.03178743105741398,0.0,0.0,-0.014597904668975134,0.0,1.0,1.0,1.0,False
2021-10-29,2021-09-30,VCFC_option_a_vt_L63_C12_g0p25_mkt_vol,0.06863896747251708,0.06863896747251708,0.0,0.06863896747251708,0.06863896747251708,0.05335158751244383,0.0,0.0,0.015287379960073247,0.0,1.0,1.0,1.0,False
2021-11-30,2021-10-29,VCFC_option_a_vt_L63_C12_g0p25_mkt_vol,-0.003616834602133967,-0.003616834602133967,0.0,-0.003616834602133967,-0.003616834602133967,-0.015932730931884572,0.0,0.0,0.012315896329750605,0.0,1.0,1.0,1.0,False
2021-12-31,2021-11-30,VCFC_option_a_vt_L63_C12_g0p25_mkt_vol,0.03864778567716913,0.03864778567716913,0.0,0.03864778567716913,0.03864778567716913,0.011867957451470216,0.0,0.0,0.026779828225698916,0.0,1.0,1.0,1.0,False
2022-01-31,2021-12-31,VCFC_option_a_vt_L63_C12_g0p25_mkt_vol,-0.05983373767509561,-0.059821575445027114,1.2162230068492492e-05,-0.05983373767509561,-0.0613129805974495,-0.05600866827597609,0.0,0.0014792429223538933,-0.0038250693991195225,0.024324460136984985,0.975675539863015,1.0,0.975675539863015,False
2022-02-28,2022-01-31,VCFC_option_a_vt_L63_C12_g0p25_mkt_vol,-0.023447483980916232,-0.023373053746097258,7.44302348189752e-05,-0.023447483980916232,-0.028222946678299776,-0.0032662319691959137,0.0,0.004775462697383544,-0.02018125201172032,0.14886046963795038,0.8268150702250646,1.0,0.8268150702250646,False
2022-03-31,2022-02-28,VCFC_option_a_vt_L63_C12_g0p25_mkt_vol,0.02621181217809769,0.026259949534246724,4.813735614903415e-05,0.02621181217809769,0.035776417208131274,0.011031310969034213,0.0,-0.009564605030033584,0.015180501209063477,0.0962747122980683,0.7305403579269963,1.0,0.7305403579269963,False
2022-04-29,2022-03-31,VCFC_option_a_vt_L63_C12_g0p25_mkt_vol,-0.0672432212782782,-0.06722710630324687,1.611497503133374e-05,-0.0672432212782782,-0.09622387963195574,-0.06674416805259342,0.0,0.028980658353677538,-0.0004990532256847757,0.032229950062667476,0.6983104078643289,1.0,0.6983104078643289,False
2022-05-31,2022-04-29,VCFC_option_a_vt_L63_C12_g0p25_mkt_vol,0.0001024648323456634,0.00036953893198049585,0.00026707409963483246,0.0004727699606279802,0.0005800939975287407,-0.00955119192544047,-0.0003703051282823168,-0.00047762916518307726,0.009653656757786132,0.534148199269665,0.6566488343786555,0.25,0.16416220859466388,True
2022-06-30,2022-05-31,VCFC_option_a_vt_L63_C12_g0p25_mkt_vol,-0.012814894292300828,-0.012812485941777505,2.4083505233222294e-06,-0.0535901811063702,-0.08450544797665417,-0.07922515209974176,0.04077528681406937,0.07169055368435334,0.06641025780744093,0.004816701046644459,0.6373820301920776,0.25,0.1593455075480194,True
2022-07-29,2022-06-30,VCFC_option_a_vt_L63_C12_g0p25_mkt_vol,0.015976682035680864,0.015977716382294983,1.0343466141212723e-06,0.06282503282790051,0.09965779047727749,0.08310879993855326,-0.04684835079221965,-0.08368110844159662,-0.06713211790287239,0.0020686932282425446,0.6291072572791074,0.25,0.15727681431977686,True
2022-08-31,2022-07-29,VCFC_option_a_vt_L63_C12_g0p25_mkt_vol,-0.0052622990123594796,-0.005261457057219304,8.419551401761695e-07,-0.026860429309672612,-0.043347912163053726,-0.034721724319496744,0.021598130297313133,0.038085613150694246,0.029459425307137264,0.0016839102803523388,0.6358428984005169,0.25,0.15896072460012922,True
2022-09-30,2022-08-31,VCFC_option_a_vt_L63_C12_g0p25_mkt_vol,-0.016440408700761727,-0.016425021602621798,1.538709813993001e-05,-0.07196525879658883,-0.0953991397436184,-0.07489454271196853,0.0555248500958271,0.07895873104285667,0.058454134011206804,0.03077419627986002,0.7589396835199571,0.25,0.18973492087998928,True
2022-10-31,2022-09-30,VCFC_option_a_vt_L63_C12_g0p25_mkt_vol,0.017670844680976457,0.017682512476237845,1.166779526138681e-05,0.0659268558577568,0.07713329106806736,0.054918824806159824,-0.04825601117678034,-0.0594624463870909,-0.037247980125183364,0.023335590522773623,0.8522820456110514,0.25,0.21307051140276284,True
2022-11-30,2022-10-31,VCFC_option_a_vt_L63_C12_g0p25_mkt_vol,0.012985335104088894,0.012994539277253142,9.204173164247868e-06,0.04248549849571372,0.05371437666554614,0.033917855641739554,-0.029500163391624822,-0.04072904156145725,-0.02093252053765066,0.018408346328495733,0.7786486602970685,0.25,0.19466216507426712,True
2022-12-30,2022-11-30,VCFC_option_a_vt_L63_C12_g0p25_mkt_vol,-0.008667299096528986,-0.008659554856669992,7.744239858995022e-06,-0.04554593408867842,-0.0649399250497098,-0.04203555868820332,0.03687863499214944,0.05627262595318082,0.03336825959167433,0.015488479717990044,0.7166947414251084,0.25,0.1791736853562771,True
2023-01-31,2022-12-30,VCFC_option_a_vt_L63_C12_g0p25_mkt_vol,0.01667950874323858,0.016685998774199236,6.490030960657022e-06,0.058190875767478015,0.07488684334585213,0.08146583582694766,-0.04151136702423944,-0.058207334602613556,-0.06478632708370909,0.012980061921314043,0.7686149891103645,0.25,0.19215374727759113,True
2023-02-28,2023-01-31,VCFC_option_a_vt_L63_C12_g0p25_mkt_vol,-0.0015854848414545279,-0.0015715697426254079,1.3915098829119969e-05,-0.01671508207413502,-0.019404335902135483,-0.022293759248678293,0.015129597232680493,0.017818851060680953,0.020708274407223764,0.027830197658239936,0.8799357797433244,0.25,0.2199839449358311,True
2023-03-31,2023-02-28,VCFC_option_a_vt_L63_C12_g0p25_mkt_vol,0.012920250363193088,0.012935258390725173,1.500802753208446e-05,0.03970721874633512,0.03976725085646346,0.024362600966729507,-0.026786968383142033,-0.026847000493270372,-0.01144235060353642,0.030016055064168923,1.0,0.25,0.25,True
2023-04-28,2023-03-31,VCFC_option_a_vt_L63_C12_g0p25_mkt_vol,0.005061177819363763,0.005061177819363763,0.0,0.009353761606251308,0.009353761606251308,0.0025753932952817782,-0.0042925837868875456,-0.0042925837868875456,0.0024857845240819844,0.0,1.0,0.25,0.25,True
2023-05-31,2023-04-28,VCFC_option_a_vt_L63_C12_g0p25_mkt_vol,0.0071619391918767705,0.0071619391918767705,0.0,0.01739296782035915,0.01739296782035915,-0.015417009573994061,-0.01023102862848238,-0.01023102862848238,0.022578948765870833,0.0,1.0,0.25,0.25,True
2023-06-30,2023-05-31,VCFC_option_a_vt_L63_C12_g0p25_mkt_vol,0.020079518716585403,0.020079518716585403,0.0,0.06649977564856473,0.06649977564856473,0.055430945263364284,-0.04642025693197932,-0.04642025693197932,-0.03535142654677888,0.0,1.0,0.25,0.25,True
2023-07-31,2023-06-30,VCFC_option_a_vt_L63_C12_g0p25_mkt_vol,0.03601511695856238,0.03639011695856238,0.000375,0.03639011695856238,0.03639011695856238,0.027840048953493752,-0.00037500000000000033,-0.00037500000000000033,0.00817506800506863,0.75,1.0,1.0,1.0,False
2023-08-31,2023-07-31,VCFC_option_a_vt_L63_C12_g0p25_mkt_vol,-0.018729246956048128,-0.018729246956048128,0.0,-0.018729246956048128,-0.018729246956048128,-0.019688768589620823,0.0,0.0,0.0009595216335726957,0.0,1.0,1.0,1.0,False
2023-09-29,2023-08-31,VCFC_option_a_vt_L63_C12_g0p25_mkt_vol,-0.049166409568289916,-0.049166409568289916,0.0,-0.049166409568289916,-0.049166409568289916,-0.0356707903414096,0.0,0.0,-0.013495619226880314,0.0,1.0,1.0,1.0,False
2023-10-31,2023-09-29,VCFC_option_a_vt_L63_C12_g0p25_mkt_vol,-0.02515080320447248,-0.02515080320447248,0.0,-0.02515080320447248,-0.02515080320447248,-0.010286967291063064,0.0,0.0,-0.014863835913409416,0.0,1.0,1.0,1.0,False
2023-11-30,2023-10-31,VCFC_option_a_vt_L63_C12_g0p25_mkt_vol,0.09410649585508923,0.09410649585508923,0.0,0.09410649585508923,0.09410649585508923,0.07342340300273398,0.0,0.0,0.020683092852355256,0.0,1.0,1.0,1.0,False
2023-12-29,2023-11-30,VCFC_option_a_vt_L63_C12_g0p25_mkt_vol,0.016843315784905756,0.017218315784905756,0.000375,0.0560483041855849,0.0560483041855849,0.06118198481063909,-0.039204988400679146,-0.039204988400679146,-0.044338669025733336,0.75,1.0,0.25,0.25,True
2024-01-31,2023-12-29,VCFC_option_a_vt_L63_C12_g0p25_mkt_vol,0.010592034945244744,0.010967034945244744,0.000375,0.010967034945244744,0.010967034945244744,-0.0038769636320920074,-0.00037500000000000033,-0.00037500000000000033,0.014468998577336752,0.75,1.0,1.0,1.0,False
2024-02-29,2024-01-31,VCFC_option_a_vt_L63_C12_g0p25_mkt_vol,0.05025259678955492,0.05025259678955492,0.0,0.05025259678955492,0.05025259678955492,0.04551693712860331,0.0,0.0,0.004735659660951609,0.0,1.0,1.0,1.0,False
2024-03-28,2024-02-29,VCFC_option_a_vt_L63_C12_g0p25_mkt_vol,0.028829906886884207,0.028829906886884207,0.0,0.028829906886884207,0.028829906886884207,0.02547003177787957,0.0,0.0,0.003359875109004637,0.0,1.0,1.0,1.0,False
2024-04-30,2024-03-28,VCFC_option_a_vt_L63_C12_g0p25_mkt_vol,-0.04237666198994755,-0.04237666198994755,0.0,-0.04237666198994755,-0.04237666198994755,-0.04288326171141131,0.0,0.0,0.0005065997214637602,0.0,1.0,1.0,1.0,False
2024-05-31,2024-04-30,VCFC_option_a_vt_L63_C12_g0p25_mkt_vol,0.053030701309268305,0.053030701309268305,0.0,0.053030701309268305,0.053030701309268305,0.05097339442985062,0.0,0.0,0.0020573068794176863,0.0,1.0,1.0,1.0,False
2024-06-28,2024-05-31,VCFC_option_a_vt_L63_C12_g0p25_mkt_vol,0.03503583738929902,0.03503583738929902,0.0,0.03503583738929902,0.03503583738929902,-0.0028313385976783453,0.0,0.0,0.037867175986977364,0.0,1.0,1.0,1.0,False
2024-07-31,2024-06-28,VCFC_option_a_vt_L63_C12_g0p25_mkt_vol,0.01566935716482927,0.01566935716482927,0.0,0.01566935716482927,0.01566935716482927,0.03597861121143071,0.0,0.0,-0.020309254046601437,0.0,1.0,1.0,1.0,False
2024-08-30,2024-07-31,VCFC_option_a_vt_L63_C12_g0p25_mkt_vol,0.017595112654305856,0.017595112654305856,0.0,0.017595112654305856,0.017595112654305856,0.0031838537968577317,0.0,0.0,0.014411258857448124,0.0,1.0,1.0,1.0,False
2024-09-30,2024-08-30,VCFC_option_a_vt_L63_C12_g0p25_mkt_vol,0.008103447345668098,0.008478447345668098,0.000375,0.0212480370246648,0.0212480370246648,0.017865080541602667,-0.0131445896789967,-0.0131445896789967,-0.00976163319593457,0.75,1.0,0.25,0.25,True
2024-10-31,2024-09-30,VCFC_option_a_vt_L63_C12_g0p25_mkt_vol,0.00022492824272711282,0.00022492824272711282,0.0,-0.010944704002496208,-0.010944704002496208,-0.013586698323554778,0.01116963224522332,0.01116963224522332,0.01381162656628189,0.0,1.0,0.25,0.25,True
2024-11-29,2024-10-31,VCFC_option_a_vt_L63_C12_g0p25_mkt_vol,0.01853239851871382,0.01853239851871382,0.0,0.06300882508007052,0.06300882508007052,0.06322239699706261,-0.044476426561356704,-0.044476426561356704,-0.04468999847834879,0.0,1.0,0.25,0.25,True
2024-12-31,2024-11-29,VCFC_option_a_vt_L63_C12_g0p25_mkt_vol,-0.023889198759744885,-0.023514198759744885,0.000375,-0.023514198759744885,-0.023514198759744885,-0.03873290071229025,-0.00037500000000000033,-0.00037500000000000033,0.014843701952545363,0.75,1.0,1.0,1.0,False
2025-01-31,2024-12-31,VCFC_option_a_vt_L63_C12_g0p25_mkt_vol,0.025973090009227387,0.025973090009227387,0.0,0.025973090009227387,0.025973090009227387,0.024865846101993896,0.0,0.0,0.0011072439072334905,0.0,1.0,1.0,1.0,False
2025-02-28,2025-01-31,VCFC_option_a_vt_L63_C12_g0p25_mkt_vol,-0.002896765777860713,-0.002521765777860713,0.000375,-0.019800635617923158,-0.019800635617923158,-0.01960003074506583,0.016903869840062445,0.016903869840062445,0.016703264967205117,0.75,1.0,0.25,0.25,True
2025-03-31,2025-02-28,VCFC_option_a_vt_L63_C12_g0p25_mkt_vol,-0.012710647579163663,-0.012710647579163663,0.0,-0.06065372203039303,-0.06065372203039303,-0.030775251152640976,0.04794307445122936,0.04794307445122936,0.018064603573477313,0.0,1.0,0.25,0.25,True
2025-04-30,2025-03-31,VCFC_option_a_vt_L63_C12_g0p25_mkt_vol,0.0008031955578852584,0.0008031955578852584,0.0,-0.006993605981343187,-0.006993605981343187,-0.0028776599343611586,0.007796801539228446,0.007796801539228446,0.003680855492246417,0.0,1.0,0.25,0.25,True
2025-05-30,2025-04-30,VCFC_option_a_vt_L63_C12_g0p25_mkt_vol,0.04027641402562886,0.04043963976292958,0.00016322573730072131,0.0402278655002303,0.06748401572036392,0.04378428146052401,4.854852539855348e-05,-0.02720760169473506,-0.0035078674348951525,0.32645147460144264,0.5764514746014426,1.0,0.5764514746014426,False
2025-06-30,2025-05-30,VCFC_option_a_vt_L63_C12_g0p25_mkt_vol,0.031304209498604886,0.031311461222588696,7.251723983810188e-06,0.031304209498604886,0.05311050191850699,0.030058402927735973,0.0,-0.021806292419902104,0.0012458065708689132,0.014503447967620375,0.5619480266338223,1.0,0.5619480266338223,False
2025-07-31,2025-06-30,VCFC_option_a_vt_L63_C12_g0p25_mkt_vol,0.014356976347105465,0.014373481660988643,1.6505313883178606e-05,0.014356976347105465,0.021731157091000083,0.01873291674745074,0.0,-0.007374180743894619,-0.004375940400345274,0.033010627766357215,0.5949586544001795,1.0,0.5949586544001795,False
2025-08-29,2025-07-31,VCFC_option_a_vt_L63_C12_g0p25_mkt_vol,0.023289896967770906,0.023492417640570817,0.00020252067279991027,0.023289896967770906,0.023492417640570817,0.028985176483954784,0.0,-0.0002025206727999107,-0.005695279516183878,0.4050413455998205,1.0,1.0,1.0,False
2025-09-30,2025-08-29,VCFC_option_a_vt_L63_C12_g0p25_mkt_vol,0.036637047859041955,0.036637047859041955,0.0,0.036637047859041955,0.036637047859041955,0.01791722220097044,0.0,0.0,0.018719825658071513,0.0,1.0,1.0,1.0,False
2025-10-31,2025-09-30,VCFC_option_a_vt_L63_C12_g0p25_mkt_vol,0.025473166388791057,0.025473166388791057,0.0,0.025473166388791057,0.025473166388791057,0.0037470689029656303,0.0,0.0,0.02172609748582543,0.0,1.0,1.0,1.0,False
2025-11-28,2025-10-31,VCFC_option_a_vt_L63_C12_g0p25_mkt_vol,0.0009999535697725603,0.0009999535697725603,0.0,0.0009999535697725603,0.0009999535697725603,0.0004872196501073176,0.0,0.0,0.0005127339196652427,0.0,1.0,1.0,1.0,False
2025-12-31,2025-11-28,VCFC_option_a_vt_L63_C12_g0p25_mkt_vol,-0.000858926801705129,-0.000858926801705129,0.0,-0.000858926801705129,-0.000858926801705129,0.0003658333844512846,0.0,0.0,-0.0012247601861564137,0.0,1.0,1.0,1.0,False
2026-01-30,2025-12-31,VCFC_option_a_vt_L63_C12_g0p25_mkt_vol,0.018321109435609093,0.018321109435609093,0.0,0.018321109435609093,0.018321109435609093,0.020255470442650792,0.0,0.0,-0.0019343610070416996,0.0,1.0,1.0,1.0,False
2026-02-27,2026-01-30,VCFC_option_a_vt_L63_C12_g0p25_mkt_vol,-0.008276224872126614,-0.008276224872126614,0.0,-0.008276224872126614,-0.008276224872126614,0.00566679631201618,0.0,0.0,-0.013943021184142795,0.0,1.0,1.0,1.0,False
2026-03-31,2026-02-27,VCFC_option_a_vt_L63_C12_g0p25_mkt_vol,-0.04875076864478462,-0.04875076864478462,0.0,-0.04875076864478462,-0.04875076864478462,-0.03287538289017696,0.0,0.0,-0.01587538575460766,0.0,1.0,1.0,1.0,False
2026-04-30,2026-03-31,VCFC_option_a_vt_L63_C12_g0p25_mkt_vol,0.03066761835217436,0.03104261835217436,0.000375,0.11550314358796829,0.11550314358796829,0.05927159621781441,-0.08483552523579393,-0.08483552523579393,-0.02860397786564005,0.75,1.0,0.25,0.25,True
2026-05-29,2026-04-30,VCFC_option_a_vt_L63_C12_g0p25_mkt_vol,0.017198821691451656,0.017198821691451656,0.0,0.05927327669775486,0.05927327669775486,0.01904219128586019,-0.042074455006303205,-0.042074455006303205,-0.0018433695944085338,0.0,1.0,0.25,0.25,True
2026-06-30,2026-05-29,VCFC_option_a_vt_L63_C12_g0p25_mkt_vol,0.0020781035850163474,0.0020781035850163474,0.0,0.00013886263429633422,0.00013886263429633422,0.0020969301930664286,0.0019392409507200132,0.0019392409507200132,-1.8826608050081205e-05,0.0,1.0,0.25,0.25,True
2026-07-31,2026-06-30,VCFC_option_a_vt_L63_C12_g0p25_mkt_vol,-0.0012408915438538643,-0.0012408915438538643,0.0,-0.01507607042077549,-0.01507607042077549,-0.004485022158435058,0.013835178876921626,0.013835178876921626,0.0032441306145811932,0.0,1.0,0.25,0.25,True
2026-08-31,2026-07-31,VCFC_option_a_vt_L63_C12_g0p25_mkt_vol,0.008661536022282507,0.008661536022282507,0.0,0.026342601813735263,0.026342601813735263,0.02814977980592025,-0.017681065791452757,-0.017681065791452757,-0.019488243783637744,0.0,1.0,0.25,0.25,True
2026-09-16,2026-08-31,VCFC_option_a_vt_L63_C12_g0p25_mkt_vol,-0.002588779826326554,-0.002588779826326554,0.0,-0.014622921224928498,-0.014622921224928498,-0.02010020652988051,0.012034141398601945,0.012034141398601945,0.017511426703553955,0.0,1.0,0.25,0.25,True
2021-02-26,2021-01-29,VCFC_option_a_vt_L63_C12_g0p5_mkt_vol,0.013751314679477322,0.013751314679477322,0.0,0.027611732047081672,0.027611732047081672,0.027155166005436843,-0.01386041736760435,-0.01386041736760435,-0.013403851325959521,0.0,1.0,0.5,0.5,True
2021-03-31,2021-02-26,VCFC_option_a_vt_L63_C12_g0p5_mkt_vol,0.019007368158073048,0.019007368158073048,0.0,0.03812414958029913,0.03812414958029913,0.023809517999560458,-0.019116781422226083,-0.019116781422226083,-0.00480214984148741,0.0,1.0,0.5,0.5,True
2021-04-30,2021-03-31,VCFC_option_a_vt_L63_C12_g0p5_mkt_vol,0.024943247942192534,0.024946149063512488,2.901121319952623e-06,0.04988649588438507,0.050478070149022544,0.03889909104749361,-0.024943247942192534,-0.02553482220683001,-0.013955843105301076,0.005802242639905246,0.9883955147201895,0.5,0.49419775736009475,True
2021-05-28,2021-04-30,VCFC_option_a_vt_L63_C12_g0p5_mkt_vol,0.002170773362091761,0.002173674483411714,2.901121319952623e-06,0.00445087239290465,0.004456674635544555,-0.002103869340104195,-0.0022800990308128885,-0.002285901273452794,0.004274642702195956,0.005802242639905246,1.0,0.5,0.5,True
2021-06-30,2021-05-28,VCFC_option_a_vt_L63_C12_g0p5_mkt_vol,0.01429794577649003,0.01429794577649003,0.0,0.028814765955021217,0.028814765955021217,0.006261945581678417,-0.014516820178531188,-0.014516820178531188,0.008036000194811613,0.0,1.0,0.5,0.5,True
2021-07-30,2021-06-30,VCFC_option_a_vt_L63_C12_g0p5_mkt_vol,0.020113120907655515,0.020363120907655515,0.00025,0.020363120907655515,0.020363120907655515,0.008515954408507819,-0.0002500000000000002,-0.0002500000000000002,0.011597166499147696,0.5,1.0,1.0,1.0,False
2021-08-31,2021-07-30,VCFC_option_a_vt_L63_C12_g0p5_mkt_vol,0.030971460327742274,0.030971460327742274,0.0,0.030971460327742274,0.030971460327742274,0.026327827017288648,0.0,0.0,0.004643633310453626,0.0,1.0,1.0,1.0,False
2021-09-30,2021-08-31,VCFC_option_a_vt_L63_C12_g0p5_mkt_vol,-0.046385335726389115,-0.046385335726389115,0.0,-0.046385335726389115,-0.046385335726389115,-0.03178743105741398,0.0,0.0,-0.014597904668975134,0.0,1.0,1.0,1.0,False
2021-10-29,2021-09-30,VCFC_option_a_vt_L63_C12_g0p5_mkt_vol,0.06863896747251708,0.06863896747251708,0.0,0.06863896747251708,0.06863896747251708,0.05335158751244383,0.0,0.0,0.015287379960073247,0.0,1.0,1.0,1.0,False
2021-11-30,2021-10-29,VCFC_option_a_vt_L63_C12_g0p5_mkt_vol,-0.003616834602133967,-0.003616834602133967,0.0,-0.003616834602133967,-0.003616834602133967,-0.015932730931884572,0.0,0.0,0.012315896329750605,0.0,1.0,1.0,1.0,False
2021-12-31,2021-11-30,VCFC_option_a_vt_L63_C12_g0p5_mkt_vol,0.03864778567716913,0.03864778567716913,0.0,0.03864778567716913,0.03864778567716913,0.011867957451470216,0.0,0.0,0.026779828225698916,0.0,1.0,1.0,1.0,False
2022-01-31,2021-12-31,VCFC_option_a_vt_L63_C12_g0p5_mkt_vol,-0.05983373767509561,-0.059821575445027114,1.2162230068492492e-05,-0.05983373767509561,-0.0613129805974495,-0.05600866827597609,0.0,0.0014792429223538933,-0.0038250693991195225,0.024324460136984985,0.975675539863015,1.0,0.975675539863015,False
2022-02-28,2022-01-31,VCFC_option_a_vt_L63_C12_g0p5_mkt_vol,-0.023447483980916232,-0.023373053746097258,7.44302348189752e-05,-0.023447483980916232,-0.028222946678299776,-0.0032662319691959137,0.0,0.004775462697383544,-0.02018125201172032,0.14886046963795038,0.8268150702250646,1.0,0.8268150702250646,False
2022-03-31,2022-02-28,VCFC_option_a_vt_L63_C12_g0p5_mkt_vol,0.02621181217809769,0.026259949534246724,4.813735614903415e-05,0.02621181217809769,0.035776417208131274,0.011031310969034213,0.0,-0.009564605030033584,0.015180501209063477,0.0962747122980683,0.7305403579269963,1.0,0.7305403579269963,False
2022-04-29,2022-03-31,VCFC_option_a_vt_L63_C12_g0p5_mkt_vol,-0.0672432212782782,-0.06722710630324687,1.611497503133374e-05,-0.0672432212782782,-0.09622387963195574,-0.06674416805259342,0.0,0.028980658353677538,-0.0004990532256847757,0.032229950062667476,0.6983104078643289,1.0,0.6983104078643289,False
2022-05-31,2022-04-29,VCFC_option_a_vt_L63_C12_g0p5_mkt_vol,0.00022589987510643567,0.00041089287044393616,0.0001849929953375005,0.0004727699606279802,0.0005800939975287407,-0.00955119192544047,-0.00024687008552154454,-0.000354194122422305,0.009777091800546905,0.36998599067500104,0.6566488343786555,0.5,0.32832441718932776,True
2022-06-30,2022-05-31,VCFC_option_a_vt_L63_C12_g0p5_mkt_vol,-0.026406656563657285,-0.02640183986261064,4.816701046644487e-06,-0.0535901811063702,-0.08450544797665417,-0.07922515209974176,0.027183524542712913,0.058098791412996884,0.052818495536084475,0.009633402093288973,0.6373820301920776,0.5,0.3186910150960388,True
2022-07-29,2022-06-30,VCFC_option_a_vt_L63_C12_g0p5_mkt_vol,0.03159279896642075,0.03159486765964899,2.0686932282425447e-06,0.06282503282790051,0.09965779047727749,0.08310879993855326,-0.031232233861479768,-0.06806499151085674,-0.05151600097213251,0.004137386456485089,0.6291072572791074,0.5,0.3145536286395537,True
2022-08-31,2022-07-29,VCFC_option_a_vt_L63_C12_g0p5_mkt_vol,-0.012461675778130524,-0.012459991867850172,1.6839102803523667e-06,-0.026860429309672612,-0.043347912163053726,-0.034721724319496744,0.014398753531542088,0.030886236384923202,0.02226004854136622,0.003367820560704733,0.6358428984005169,0.5,0.31792144920025844,True
2022-09-30,2022-08-31,VCFC_option_a_vt_L63_C12_g0p5_mkt_vol,-0.03494869206603743,-0.03491791786975757,3.077419627986005e-05,-0.07196525879658883,-0.0953991397436184,-0.07489454271196853,0.0370165667305514,0.06045044767758097,0.039945850645931105,0.0615483925597201,0.7589396835199571,0.5,0.37946984175997855,True
2022-10-31,2022-09-30,VCFC_option_a_vt_L63_C12_g0p5_mkt_vol,0.03375618173990324,0.033779517330426015,2.3335590522773566e-05,0.0659268558577568,0.07713329106806736,0.054918824806159824,-0.032170674117853564,-0.043377109328164125,-0.021162643066256585,0.046671181045547135,0.8522820456110514,0.5,0.4261410228055257,True
2022-11-30,2022-10-31,VCFC_option_a_vt_L63_C12_g0p5_mkt_vol,0.02281872290129717,0.022837131247625663,1.8408346328495705e-05,0.04248549849571372,0.05371437666554614,0.033917855641739554,-0.019666775594416548,-0.030895653764248972,-0.011099132740442386,0.03681669265699141,0.7786486602970685,0.5,0.38932433014853424,True
2022-12-30,2022-11-30,VCFC_option_a_vt_L63_C12_g0p5_mkt_vol,-0.020960177427245465,-0.020944688947527476,1.5488479717990044e-05,-0.04554593408867842,-0.0649399250497098,-0.04203555868820332,0.024585756661432957,0.04397974762246434,0.021075381260957857,0.030976959435980087,0.7166947414251084,0.5,0.3583473707125542,True
2023-01-31,2022-12-30,VCFC_option_a_vt_L63_C12_g0p5_mkt_vol,0.030516631084651726,0.03052961114657304,1.2980061921314043e-05,0.058190875767478015,0.07488684334585213,0.08146583582694766,-0.02767424468282629,-0.04437021226120041,-0.05094920474229594,0.025960123842628087,0.7686149891103645,0.5,0.38430749455518226,True
2023-02-28,2023-01-31,VCFC_option_a_vt_L63_C12_g0p5_mkt_vol,-0.006628683919014691,-0.006600853721356451,2.7830197658239937e-05,-0.01671508207413502,-0.019404335902135483,-0.022293759248678293,0.01008639815512033,0.012775651983120792,0.015665075329663602,0.05566039531647987,0.8799357797433244,0.5,0.4399678898716622,True
2023-03-31,2023-02-28,VCFC_option_a_vt_L63_C12_g0p5_mkt_vol,0.021849239824240432,0.0218792558793046,3.001605506416892e-05,0.03970721874633512,0.03976725085646346,0.024362600966729507,-0.01785797892209469,-0.017918011032223027,-0.0025133611424890748,0.06003211012833785,1.0,0.5,0.5,True
2023-04-28,2023-03-31,VCFC_option_a_vt_L63_C12_g0p5_mkt_vol,0.006492039081659611,0.006492039081659611,0.0,0.009353761606251308,0.009353761606251308,0.0025753932952817782,-0.002861722524591697,-0.002861722524591697,0.0039166457863778325,0.0,1.0,0.5,0.5,True
2023-05-31,2023-04-28,VCFC_option_a_vt_L63_C12_g0p5_mkt_vol,0.010572282068037564,0.010572282068037564,0.0,0.01739296782035915,0.01739296782035915,-0.015417009573994061,-0.006820685752321587,-0.006820685752321587,0.025989291642031627,0.0,1.0,0.5,0.5,True
2023-06-30,2023-05-31,VCFC_option_a_vt_L63_C12_g0p5_mkt_vol,0.035552937693911844,0.035552937693911844,0.0,0.06649977564856473,0.06649977564856473,0.055430945263364284,-0.030946837954652882,-0.030946837954652882,-0.01987800756945244,0.0,1.0,0.5,0.5,True
2023-07-31,2023-06-30,VCFC_option_a_vt_L63_C12_g0p5_mkt_vol,0.03614011695856238,0.03639011695856238,0.00025,0.03639011695856238,0.03639011695856238,0.027840048953493752,-0.0002500000000000002,-0.0002500000000000002,0.00830006800506863,0.5,1.0,1.0,1.0,False
2023-08-31,2023-07-31,VCFC_option_a_vt_L63_C12_g0p5_mkt_vol,-0.018729246956048128,-0.018729246956048128,0.0,-0.018729246956048128,-0.018729246956048128,-0.019688768589620823,0.0,0.0,0.0009595216335726957,0.0,1.0,1.0,1.0,False
2023-09-29,2023-08-31,VCFC_option_a_vt_L63_C12_g0p5_mkt_vol,-0.049166409568289916,-0.049166409568289916,0.0,-0.049166409568289916,-0.049166409568289916,-0.0356707903414096,0.0,0.0,-0.013495619226880314,0.0,1.0,1.0,1.0,False
2023-10-31,2023-09-29,VCFC_option_a_vt_L63_C12_g0p5_mkt_vol,-0.02515080320447248,-0.02515080320447248,0.0,-0.02515080320447248,-0.02515080320447248,-0.010286967291063064,0.0,0.0,-0.014863835913409416,0.0,1.0,1.0,1.0,False
2023-11-30,2023-10-31,VCFC_option_a_vt_L63_C12_g0p5_mkt_vol,0.09410649585508923,0.09410649585508923,0.0,0.09410649585508923,0.09410649585508923,0.07342340300273398,0.0,0.0,0.020683092852355256,0.0,1.0,1.0,1.0,False
2023-12-29,2023-11-30,VCFC_option_a_vt_L63_C12_g0p5_mkt_vol,0.029911645251798805,0.030161645251798805,0.00025,0.0560483041855849,0.0560483041855849,0.06118198481063909,-0.026136658933786097,-0.026136658933786097,-0.03127033955884029,0.5,1.0,0.5,0.5,True
2024-01-31,2023-12-29,VCFC_option_a_vt_L63_C12_g0p5_mkt_vol,0.010717034945244744,0.010967034945244744,0.00025,0.010967034945244744,0.010967034945244744,-0.0038769636320920074,-0.0002500000000000002,-0.0002500000000000002,0.014593998577336752,0.5,1.0,1.0,1.0,False
2024-02-29,2024-01-31,VCFC_option_a_vt_L63_C12_g0p5_mkt_vol,0.05025259678955492,0.05025259678955492,0.0,0.05025259678955492,0.05025259678955492,0.04551693712860331,0.0,0.0,0.004735659660951609,0.0,1.0,1.0,1.0,False
2024-03-28,2024-02-29,VCFC_option_a_vt_L63_C12_g0p5_mkt_vol,0.028829906886884207,0.028829906886884207,0.0,0.028829906886884207,0.028829906886884207,0.02547003177787957,0.0,0.0,0.003359875109004637,0.0,1.0,1.0,1.0,False
2024-04-30,2024-03-28,VCFC_option_a_vt_L63_C12_g0p5_mkt_vol,-0.04237666198994755,-0.04237666198994755,0.0,-0.04237666198994755,-0.04237666198994755,-0.04288326171141131,0.0,0.0,0.0005065997214637602,0.0,1.0,1.0,1.0,False
2024-05-31,2024-04-30,VCFC_option_a_vt_L63_C12_g0p5_mkt_vol,0.053030701309268305,0.053030701309268305,0.0,0.053030701309268305,0.053030701309268305,0.05097339442985062,0.0,0.0,0.0020573068794176863,0.0,1.0,1.0,1.0,False
2024-06-28,2024-05-31,VCFC_option_a_vt_L63_C12_g0p5_mkt_vol,0.03503583738929902,0.03503583738929902,0.0,0.03503583738929902,0.03503583738929902,-0.0028313385976783453,0.0,0.0,0.037867175986977364,0.0,1.0,1.0,1.0,False
2024-07-31,2024-06-28,VCFC_option_a_vt_L63_C12_g0p5_mkt_vol,0.01566935716482927,0.01566935716482927,0.0,0.01566935716482927,0.01566935716482927,0.03597861121143071,0.0,0.0,-0.020309254046601437,0.0,1.0,1.0,1.0,False
2024-08-30,2024-07-31,VCFC_option_a_vt_L63_C12_g0p5_mkt_vol,0.017595112654305856,0.017595112654305856,0.0,0.017595112654305856,0.017595112654305856,0.0031838537968577317,0.0,0.0,0.014411258857448124,0.0,1.0,1.0,1.0,False
2024-09-30,2024-08-30,VCFC_option_a_vt_L63_C12_g0p5_mkt_vol,0.012484977238666999,0.012734977238666999,0.00025,0.0212480370246648,0.0212480370246648,0.017865080541602667,-0.0087630597859978,-0.0087630597859978,-0.0053801033029356685,0.5,1.0,0.5,0.5,True
2024-10-31,2024-09-30,VCFC_option_a_vt_L63_C12_g0p5_mkt_vol,-0.0034982825056806607,-0.0034982825056806607,0.0,-0.010944704002496208,-0.010944704002496208,-0.013586698323554778,0.007446421496815547,0.007446421496815547,0.010088415817874117,0.0,1.0,0.5,0.5,True
2024-11-29,2024-10-31,VCFC_option_a_vt_L63_C12_g0p5_mkt_vol,0.033357874039166055,0.033357874039166055,0.0,0.06300882508007052,0.06300882508007052,0.06322239699706261,-0.02965095104090447,-0.02965095104090447,-0.029864522957896558,0.0,1.0,0.5,0.5,True
2024-12-31,2024-11-29,VCFC_option_a_vt_L63_C12_g0p5_mkt_vol,-0.023764198759744885,-0.023514198759744885,0.00025,-0.023514198759744885,-0.023514198759744885,-0.03873290071229025,-0.0002500000000000002,-0.0002500000000000002,0.014968701952545363,0.5,1.0,1.0,1.0,False
2025-01-31,2024-12-31,VCFC_option_a_vt_L63_C12_g0p5_mkt_vol,0.025973090009227387,0.025973090009227387,0.0,0.025973090009227387,0.025973090009227387,0.024865846101993896,0.0,0.0,0.0011072439072334905,0.0,1.0,1.0,1.0,False
2025-02-28,2025-01-31,VCFC_option_a_vt_L63_C12_g0p5_mkt_vol,-0.008531389057881528,-0.008281389057881528,0.00025,-0.019800635617923158,-0.019800635617923158,-0.01960003074506583,0.01126924656004163,0.01126924656004163,0.011068641687184301,0.5,1.0,0.5,0.5,True
2025-03-31,2025-02-28,VCFC_option_a_vt_L63_C12_g0p5_mkt_vol,-0.02869167239624012,-0.02869167239624012,0.0,-0.06065372203039303,-0.06065372203039303,-0.030775251152640976,0.03196204963415291,0.03196204963415291,0.0020835787564008577,0.0,1.0,0.5,0.5,True
2025-04-30,2025-03-31,VCFC_option_a_vt_L63_C12_g0p5_mkt_vol,-0.0017957382885242235,-0.0017957382885242235,0.0,-0.006993605981343187,-0.006993605981343187,-0.0028776599343611586,0.005197867692818964,0.005197867692818964,0.0010819216458369352,0.0,1.0,0.5,0.5,True
2025-05-30,2025-04-30,VCFC_option_a_vt_L63_C12_g0p5_mkt_vol,0.04040141402562886,0.04043963976292958,3.822573730072132e-05,0.0402278655002303,0.06748401572036392,0.04378428146052401,0.0001735485253985536,-0.02708260169473506,-0.0033828674348951523,0.07645147460144264,0.5764514746014426,1.0,0.5764514746014426,False
2025-06-30,2025-05-30,VCFC_option_a_vt_L63_C12_g0p5_mkt_vol,0.031304209498604886,0.031311461222588696,7.251723983810188e-06,0.031304209498604886,0.05311050191850699,0.030058402927735973,0.0,-0.021806292419902104,0.0012458065708689132,0.014503447967620375,0.5619480266338223,1.0,0.5619480266338223,False
2025-07-31,2025-06-30,VCFC_option_a_vt_L63_C12_g0p5_mkt_vol,0.014356976347105465,0.014373481660988643,1.6505313883178606e-05,0.014356976347105465,0.021731157091000083,0.01873291674745074,0.0,-0.007374180743894619,-0.004375940400345274,0.033010627766357215,0.5949586544001795,1.0,0.5949586544001795,False
2025-08-29,2025-07-31,VCFC_option_a_vt_L63_C12_g0p5_mkt_vol,0.023289896967770906,0.023492417640570817,0.00020252067279991027,0.023289896967770906,0.023492417640570817,0.028985176483954784,0.0,-0.0002025206727999107,-0.005695279516183878,0.4050413455998205,1.0,1.0,1.0,False
2025-09-30,2025-08-29,VCFC_option_a_vt_L63_C12_g0p5_mkt_vol,0.036637047859041955,0.036637047859041955,0.0,0.036637047859041955,0.036637047859041955,0.01791722220097044,0.0,0.0,0.018719825658071513,0.0,1.0,1.0,1.0,False
2025-10-31,2025-09-30,VCFC_option_a_vt_L63_C12_g0p5_mkt_vol,0.025473166388791057,0.025473166388791057,0.0,0.025473166388791057,0.025473166388791057,0.0037470689029656303,0.0,0.0,0.02172609748582543,0.0,1.0,1.0,1.0,False
2025-11-28,2025-10-31,VCFC_option_a_vt_L63_C12_g0p5_mkt_vol,0.0009999535697725603,0.0009999535697725603,0.0,0.0009999535697725603,0.0009999535697725603,0.0004872196501073176,0.0,0.0,0.0005127339196652427,0.0,1.0,1.0,1.0,False
2025-12-31,2025-11-28,VCFC_option_a_vt_L63_C12_g0p5_mkt_vol,-0.000858926801705129,-0.000858926801705129,0.0,-0.000858926801705129,-0.000858926801705129,0.0003658333844512846,0.0,0.0,-0.0012247601861564137,0.0,1.0,1.0,1.0,False
2026-01-30,2025-12-31,VCFC_option_a_vt_L63_C12_g0p5_mkt_vol,0.018321109435609093,0.018321109435609093,0.0,0.018321109435609093,0.018321109435609093,0.020255470442650792,0.0,0.0,-0.0019343610070416996,0.0,1.0,1.0,1.0,False
2026-02-27,2026-01-30,VCFC_option_a_vt_L63_C12_g0p5_mkt_vol,-0.008276224872126614,-0.008276224872126614,0.0,-0.008276224872126614,-0.008276224872126614,0.00566679631201618,0.0,0.0,-0.013943021184142795,0.0,1.0,1.0,1.0,False
2026-03-31,2026-02-27,VCFC_option_a_vt_L63_C12_g0p5_mkt_vol,-0.04875076864478462,-0.04875076864478462,0.0,-0.04875076864478462,-0.04875076864478462,-0.03287538289017696,0.0,0.0,-0.01587538575460766,0.0,1.0,1.0,1.0,False
2026-04-30,2026-03-31,VCFC_option_a_vt_L63_C12_g0p5_mkt_vol,0.05894612676410567,0.05919612676410567,0.00025,0.11550314358796829,0.11550314358796829,0.05927159621781441,-0.05655701682386262,-0.05655701682386262,-0.0003254694537087391,0.5,1.0,0.5,0.5,True
2026-05-29,2026-04-30,VCFC_option_a_vt_L63_C12_g0p5_mkt_vol,0.031223640026886056,0.031223640026886056,0.0,0.05927327669775486,0.05927327669775486,0.01904219128586019,-0.028049636670868804,-0.028049636670868804,0.012181448741025867,0.0,1.0,0.5,0.5,True
2026-06-30,2026-05-29,VCFC_option_a_vt_L63_C12_g0p5_mkt_vol,0.001431689934776343,0.001431689934776343,0.0,0.00013886263429633422,0.00013886263429633422,0.0020969301930664286,0.0012928273004800088,0.0012928273004800088,-0.0006652402582900856,0.0,1.0,0.5,0.5,True
2026-07-31,2026-06-30,VCFC_option_a_vt_L63_C12_g0p5_mkt_vol,-0.005852617836161073,-0.005852617836161073,0.0,-0.01507607042077549,-0.01507607042077549,-0.004485022158435058,0.009223452584614416,0.009223452584614416,-0.0013675956777260152,0.0,1.0,0.5,0.5,True
2026-08-31,2026-07-31,VCFC_option_a_vt_L63_C12_g0p5_mkt_vol,0.014555224619433425,0.014555224619433425,0.0,0.026342601813735263,0.026342601813735263,0.02814977980592025,-0.011787377194301838,-0.011787377194301838,-0.013594555186486825,0.0,1.0,0.5,0.5,True
2026-09-16,2026-08-31,VCFC_option_a_vt_L63_C12_g0p5_mkt_vol,-0.006600160292527202,-0.006600160292527202,0.0,-0.014622921224928498,-0.014622921224928498,-0.02010020652988051,0.008022760932401295,0.008022760932401295,0.013500046237353309,0.0,1.0,0.5,0.5,True
2021-05-28,2021-04-30,VCFC_option_a_vt_L126_C6_g0p25_mkt_vol,0.0010321744073452932,0.0010321744073452932,0.0,0.004456674635544555,0.004456674635544555,-0.002103869340104195,-0.003424500228199262,-0.003424500228199262,0.0031360437474494884,0.0,1.0,0.25,0.25,True
2021-06-30,2021-05-28,VCFC_option_a_vt_L126_C6_g0p25_mkt_vol,0.028439765955021217,0.028814765955021217,0.000375,0.028814765955021217,0.028814765955021217,0.006261945581678417,-0.00037500000000000033,-0.00037500000000000033,0.022177820373342802,0.75,1.0,1.0,1.0,False
2021-07-30,2021-06-30,VCFC_option_a_vt_L126_C6_g0p25_mkt_vol,0.020363120907655515,0.020363120907655515,0.0,0.020363120907655515,0.020363120907655515,0.008515954408507819,0.0,0.0,0.011847166499147696,0.0,1.0,1.0,1.0,False
2021-08-31,2021-07-30,VCFC_option_a_vt_L126_C6_g0p25_mkt_vol,0.030971460327742274,0.030971460327742274,0.0,0.030971460327742274,0.030971460327742274,0.026327827017288648,0.0,0.0,0.004643633310453626,0.0,1.0,1.0,1.0,False
2021-09-30,2021-08-31,VCFC_option_a_vt_L126_C6_g0p25_mkt_vol,-0.046385335726389115,-0.046385335726389115,0.0,-0.046385335726389115,-0.046385335726389115,-0.03178743105741398,0.0,0.0,-0.014597904668975134,0.0,1.0,1.0,1.0,False
2021-10-29,2021-09-30,VCFC_option_a_vt_L126_C6_g0p25_mkt_vol,0.06863896747251708,0.06863896747251708,0.0,0.06863896747251708,0.06863896747251708,0.05335158751244383,0.0,0.0,0.015287379960073247,0.0,1.0,1.0,1.0,False
2021-11-30,2021-10-29,VCFC_option_a_vt_L126_C6_g0p25_mkt_vol,-0.003616834602133967,-0.003616834602133967,0.0,-0.003616834602133967,-0.003616834602133967,-0.015932730931884572,0.0,0.0,0.012315896329750605,0.0,1.0,1.0,1.0,False
2021-12-31,2021-11-30,VCFC_option_a_vt_L126_C6_g0p25_mkt_vol,0.03864778567716913,0.03864778567716913,0.0,0.03864778567716913,0.03864778567716913,0.011867957451470216,0.0,0.0,0.026779828225698916,0.0,1.0,1.0,1.0,False
2022-01-31,2021-12-31,VCFC_option_a_vt_L126_C6_g0p25_mkt_vol,-0.0613129805974495,-0.0613129805974495,0.0,-0.0613129805974495,-0.0613129805974495,-0.05600866827597609,0.0,0.0,-0.005304312321473416,0.0,1.0,1.0,1.0,False
2022-02-28,2022-01-31,VCFC_option_a_vt_L126_C6_g0p25_mkt_vol,-0.007467559106094227,-0.007090245060527611,0.00037731404556661544,-0.02771378023555342,-0.028222946678299776,-0.0032662319691959137,0.020246221129459195,0.02075538757220555,-0.004201327136898313,0.7546280911332308,0.9814876354670764,0.25,0.2453719088667691,True
2022-03-31,2022-02-28,VCFC_option_a_vt_L126_C6_g0p25_mkt_vol,0.008393808415489664,0.008404020315583897,1.0211900094233403e-05,0.03219655334396795,0.035776417208131274,0.011031310969034213,-0.02380274492847828,-0.027382608792641608,-0.0026375025535445486,0.020423800188466804,0.8997924347132091,0.25,0.22494810867830228,True
2022-04-29,2022-03-31,VCFC_option_a_vt_L126_C6_g0p25_mkt_vol,-0.08024231447228702,-0.07993950187092172,0.0003028126013653045,-0.07997411143257387,-0.09622387963195574,-0.06674416805259342,-0.00026820303971315795,0.015981565159668712,-0.013498146419693602,0.605625202730609,0.8305733114089113,1.0,0.8305733114089113,False
2022-05-31,2022-04-29,VCFC_option_a_vt_L126_C6_g0p25_mkt_vol,0.0004922590938187721,0.000522285862412494,3.002676859372193e-05,0.0004922590938187721,0.0005800939975287407,-0.00955119192544047,0.0,-8.783490370996858e-05,0.010043451019259242,0.060053537187443856,0.7705197742214674,1.0,0.7705197742214674,False
2022-06-30,2022-05-31,VCFC_option_a_vt_L126_C6_g0p25_mkt_vol,-0.014959068510964188,-0.014664338567685894,0.0002947299432782943,-0.06101109831969144,-0.08450544797665417,-0.07922515209974176,0.04605202980872725,0.06954637946568998,0.06426608358877757,0.5894598865565887,0.7242395506595153,0.25,0.18105988766487882,True
2022-07-29,2022-06-30,VCFC_option_a_vt_L126_C6_g0p25_mkt_vol,0.017942419288764118,0.01794440777234192,1.9884835778023546e-06,0.07068798184023353,0.09965779047727749,0.08310879993855326,-0.052745562551469415,-0.08171537118851338,-0.06516638064978914,0.003976967155604709,0.7083316820370964,0.25,0.1770829205092741,True
2022-08-31,2022-07-29,VCFC_option_a_vt_L126_C6_g0p25_mkt_vol,-0.005934351529693695,-0.005932701769508295,1.6497601853999213e-06,-0.029548639379009475,-0.043347912163053726,-0.034721724319496744,0.02361428784931578,0.03741356063336003,0.028787372789803048,0.0032995203707998425,0.6951336005538971,0.25,0.17378340013847426,True
2022-09-30,2022-08-31,VCFC_option_a_vt_L126_C6_g0p25_mkt_vol,-0.015469165219996335,-0.015466108626290088,3.056593706246947e-06,-0.06808028487352726,-0.0953991397436184,-0.07489454271196853,0.05261111965353092,0.07992997452362206,0.0594253774919722,0.006113187412493894,0.7195863502038726,0.25,0.17989658755096816,True
2022-10-31,2022-09-30,VCFC_option_a_vt_L126_C6_g0p25_mkt_vol,0.015358282172167576,0.015359494640429685,1.2124682621086338e-06,0.05667660582252128,0.07713329106806736,0.054918824806159824,-0.041318323650353705,-0.06177500889589979,-0.03956054263399225,0.0024249365242172676,0.7292860963007417,0.25,0.18232152407518543,True
2022-11-30,2022-10-31,VCFC_option_a_vt_L126_C6_g0p25_mkt_vol,0.012405631133487558,0.012405981342670775,3.5020918321725623e-07,0.04016668261330837,0.05371437666554614,0.033917855641739554,-0.027761051479820813,-0.041308745532058586,-0.021512224508251996,0.0007004183664345125,0.7320877697664797,0.25,0.18302194244161993,True
2022-12-30,2022-11-30,VCFC_option_a_vt_L126_C6_g0p25_mkt_vol,-0.009393835691681847,-0.009390430061387688,3.4056302941591952e-06,-0.048452080469289865,-0.0649399250497098,-0.04203555868820332,0.03905824477760802,0.055546089358027954,0.032641722996521474,0.00681126058831839,0.7593328121197532,0.25,0.1898332030299383,True
2023-01-31,2022-12-30,VCFC_option_a_vt_L126_C6_g0p25_mkt_vol,0.017700673849382953,0.017708933451005514,8.259601622562298e-06,0.062275536192055496,0.07488684334585213,0.08146583582694766,-0.04457486234267254,-0.05718616949646918,-0.06376516197756471,0.016519203245124597,0.8254096251002517,0.25,0.20635240627506293,True
2023-02-28,2023-01-31,VCFC_option_a_vt_L126_C6_g0p25_mkt_vol,-0.0013125371638584547,-0.0013114111423567975,1.1260215016570732e-06,-0.015623291363750725,-0.019404335902135483,-0.022293759248678293,0.01431075419989227,0.01809179873827703,0.02098122208481984,0.0022520430033141463,0.8344177971135083,0.25,0.20860444927837707,True
2023-03-31,2023-02-28,VCFC_option_a_vt_L126_C6_g0p25_mkt_vol,0.01160587896331469,0.011608027554744103,2.1485914294121084e-06,0.03444973314682153,0.03976725085646346,0.024362600966729507,-0.02284385418350684,-0.028161371893148768,-0.012756722003414817,0.004297182858824217,0.8516065285488053,0.25,0.2129016321372013,True
2023-04-28,2023-03-31,VCFC_option_a_vt_L126_C6_g0p25_mkt_vol,0.004897606060855647,0.004902273355228411,4.667294372765119e-06,0.00869947457221884,0.009353761606251308,0.0025753932952817782,-0.003801868511363194,-0.004456155545395662,0.0023222127655738683,0.009334588745530236,0.888944883530926,0.25,0.2222362208827315,True
2023-05-31,2023-04-28,VCFC_option_a_vt_L126_C6_g0p25_mkt_vol,0.00710316910459758,0.0071153430979254174,1.2173993327837643e-05,0.01715788747124239,0.01739296782035915,-0.015417009573994061,-0.010054718366644809,-0.01028979871576157,0.022520178678591643,0.024347986655675287,0.9863368301536272,0.25,0.2465842075384068,True
2023-06-30,2023-05-31,VCFC_option_a_vt_L126_C6_g0p25_mkt_vol,0.020077810820354605,0.020079518716585403,1.7078962307965948e-06,0.06649294406364153,0.06649977564856473,0.055430945263364284,-0.04641513324328693,-0.04642196482821012,-0.03535313444300968,0.00341579246159319,1.0,0.25,0.25,True
2023-07-31,2023-06-30,VCFC_option_a_vt_L126_C6_g0p25_mkt_vol,0.011992657929325318,0.011992657929325318,0.0,0.03639011695856238,0.03639011695856238,0.027840048953493752,-0.024397459029237064,-0.024397459029237064,-0.015847391024168433,0.0,1.0,0.25,0.25,True
2023-08-31,2023-07-31,VCFC_option_a_vt_L126_C6_g0p25_mkt_vol,-0.019104246956048128,-0.018729246956048128,0.000375,-0.018729246956048128,-0.018729246956048128,-0.019688768589620823,-0.00037500000000000033,-0.00037500000000000033,0.0005845216335726953,0.75,1.0,1.0,1.0,False
2023-09-29,2023-08-31,VCFC_option_a_vt_L126_C6_g0p25_mkt_vol,-0.049166409568289916,-0.049166409568289916,0.0,-0.049166409568289916,-0.049166409568289916,-0.0356707903414096,0.0,0.0,-0.013495619226880314,0.0,1.0,1.0,1.0,False
2023-10-31,2023-09-29,VCFC_option_a_vt_L126_C6_g0p25_mkt_vol,-0.02515080320447248,-0.02515080320447248,0.0,-0.02515080320447248,-0.02515080320447248,-0.010286967291063064,0.0,0.0,-0.014863835913409416,0.0,1.0,1.0,1.0,False
2023-11-30,2023-10-31,VCFC_option_a_vt_L126_C6_g0p25_mkt_vol,0.09410649585508923,0.09410649585508923,0.0,0.09410649585508923,0.09410649585508923,0.07342340300273398,0.0,0.0,0.020683092852355256,0.0,1.0,1.0,1.0,False
2023-12-29,2023-11-30,VCFC_option_a_vt_L126_C6_g0p25_mkt_vol,0.0560483041855849,0.0560483041855849,0.0,0.0560483041855849,0.0560483041855849,0.06118198481063909,0.0,0.0,-0.0051336806250541905,0.0,1.0,1.0,1.0,False
2024-01-31,2023-12-29,VCFC_option_a_vt_L126_C6_g0p25_mkt_vol,0.010967034945244744,0.010967034945244744,0.0,0.010967034945244744,0.010967034945244744,-0.0038769636320920074,0.0,0.0,0.014843998577336752,0.0,1.0,1.0,1.0,False
2024-02-29,2024-01-31,VCFC_option_a_vt_L126_C6_g0p25_mkt_vol,0.05025259678955492,0.05025259678955492,0.0,0.05025259678955492,0.05025259678955492,0.04551693712860331,0.0,0.0,0.004735659660951609,0.0,1.0,1.0,1.0,False
2024-03-28,2024-02-29,VCFC_option_a_vt_L126_C6_g0p25_mkt_vol,0.028829906886884207,0.028829906886884207,0.0,0.028829906886884207,0.028829906886884207,0.02547003177787957,0.0,0.0,0.003359875109004637,0.0,1.0,1.0,1.0,False
2024-04-30,2024-03-28,VCFC_option_a_vt_L126_C6_g0p25_mkt_vol,-0.04237666198994755,-0.04237666198994755,0.0,-0.04237666198994755,-0.04237666198994755,-0.04288326171141131,0.0,0.0,0.0005065997214637602,0.0,1.0,1.0,1.0,False
2024-05-31,2024-04-30,VCFC_option_a_vt_L126_C6_g0p25_mkt_vol,0.053030701309268305,0.053030701309268305,0.0,0.053030701309268305,0.053030701309268305,0.05097339442985062,0.0,0.0,0.0020573068794176863,0.0,1.0,1.0,1.0,False
2024-06-28,2024-05-31,VCFC_option_a_vt_L126_C6_g0p25_mkt_vol,0.03503583738929902,0.03503583738929902,0.0,0.03503583738929902,0.03503583738929902,-0.0028313385976783453,0.0,0.0,0.037867175986977364,0.0,1.0,1.0,1.0,False
2024-07-31,2024-06-28,VCFC_option_a_vt_L126_C6_g0p25_mkt_vol,0.01566935716482927,0.01566935716482927,0.0,0.01566935716482927,0.01566935716482927,0.03597861121143071,0.0,0.0,-0.020309254046601437,0.0,1.0,1.0,1.0,False
2024-08-30,2024-07-31,VCFC_option_a_vt_L126_C6_g0p25_mkt_vol,0.017595112654305856,0.017595112654305856,0.0,0.017595112654305856,0.017595112654305856,0.0031838537968577317,0.0,0.0,0.014411258857448124,0.0,1.0,1.0,1.0,False
2024-09-30,2024-08-30,VCFC_option_a_vt_L126_C6_g0p25_mkt_vol,0.0212480370246648,0.0212480370246648,0.0,0.0212480370246648,0.0212480370246648,0.017865080541602667,0.0,0.0,0.0033829564830621314,0.0,1.0,1.0,1.0,False
2024-10-31,2024-09-30,VCFC_option_a_vt_L126_C6_g0p25_mkt_vol,-0.00015007175727288719,0.00022492824272711282,0.000375,-0.010944704002496208,-0.010944704002496208,-0.013586698323554778,0.010794632245223321,0.010794632245223321,0.013436626566281891,0.75,1.0,0.25,0.25,True
2024-11-29,2024-10-31,VCFC_option_a_vt_L126_C6_g0p25_mkt_vol,0.06263382508007052,0.06300882508007052,0.000375,0.06300882508007052,0.06300882508007052,0.06322239699706261,-0.00037500000000000033,-0.00037500000000000033,-0.0005885719169920894,0.75,1.0,1.0,1.0,False
2024-12-31,2024-11-29,VCFC_option_a_vt_L126_C6_g0p25_mkt_vol,-0.023514198759744885,-0.023514198759744885,0.0,-0.023514198759744885,-0.023514198759744885,-0.03873290071229025,0.0,0.0,0.015218701952545363,0.0,1.0,1.0,1.0,False
2025-01-31,2024-12-31,VCFC_option_a_vt_L126_C6_g0p25_mkt_vol,0.008743224068879622,0.009118224068879622,0.000375,0.025973090009227387,0.025973090009227387,0.024865846101993896,-0.017229865940347765,-0.017229865940347765,-0.016122622033114275,0.75,1.0,0.25,0.25,True
2025-02-28,2025-01-31,VCFC_option_a_vt_L126_C6_g0p25_mkt_vol,-0.002521765777860713,-0.002521765777860713,0.0,-0.019800635617923158,-0.019800635617923158,-0.01960003074506583,0.017278869840062445,0.017278869840062445,0.017078264967205117,0.0,1.0,0.25,0.25,True
2025-03-31,2025-02-28,VCFC_option_a_vt_L126_C6_g0p25_mkt_vol,-0.06102872203039303,-0.06065372203039303,0.000375,-0.06065372203039303,-0.06065372203039303,-0.030775251152640976,-0.00037500000000000033,-0.00037500000000000033,-0.030253470877752053,0.75,1.0,1.0,1.0,False
2025-04-30,2025-03-31,VCFC_option_a_vt_L126_C6_g0p25_mkt_vol,-0.006993605981343187,-0.006993605981343187,0.0,-0.006993605981343187,-0.006993605981343187,-0.0028776599343611586,0.0,0.0,-0.004115946046982028,0.0,1.0,1.0,1.0,False
2025-05-30,2025-04-30,VCFC_option_a_vt_L126_C6_g0p25_mkt_vol,0.05081756611560026,0.05094706074519238,0.00012949462959212465,0.05081756611560026,0.06748401572036392,0.04378428146052401,0.0,-0.016666449604763656,0.007033284655076251,0.2589892591842493,0.7410107408157507,1.0,0.7410107408157507,False
2025-06-30,2025-05-30,VCFC_option_a_vt_L126_C6_g0p25_mkt_vol,0.039736658933197666,0.03974148953239394,4.830599196274443e-06,0.039736658933197666,0.05311050191850699,0.030058402927735973,0.0,-0.013373842985309324,0.009678256005461693,0.009661198392548885,0.7313495424232018,1.0,0.7313495424232018,False
2025-07-31,2025-06-30,VCFC_option_a_vt_L126_C6_g0p25_mkt_vol,0.0169198569711622,0.016921804336194547,1.947365032345289e-06,0.0169198569711622,0.021731157091000083,0.01873291674745074,0.0,-0.004811300119837884,-0.0018130597762885392,0.0038947300646905783,0.7352442724878924,1.0,0.7352442724878924,False
2025-08-29,2025-07-31,VCFC_option_a_vt_L126_C6_g0p25_mkt_vol,0.018479594912301122,0.018485436905914508,5.841993613384441e-06,0.018479594912301122,0.023492417640570817,0.028985176483954784,0.0,-0.005012822728269695,-0.010505581571653662,0.011683987226768881,0.7469282597146613,1.0,0.7469282597146613,False
2025-09-30,2025-08-29,VCFC_option_a_vt_L126_C6_g0p25_mkt_vol,0.028180448933672532,0.028180753269170234,3.043354977025486e-07,0.028180448933672532,0.036637047859041955,0.01791722220097044,0.0,-0.008456598925369423,0.01026322673270209,0.0006086709954050973,0.7463195887192562,1.0,0.7463195887192562,False
2025-10-31,2025-09-30,VCFC_option_a_vt_L126_C6_g0p25_mkt_vol,0.020877030725990762,0.020899753812339435,2.2723086348673646e-05,0.020877030725990762,0.025473166388791057,0.0037470689029656303,0.0,-0.004596135662800295,0.017129961823025133,0.04544617269734729,0.7917657614166035,1.0,0.7917657614166035,False
2025-11-28,2025-10-31,VCFC_option_a_vt_L126_C6_g0p25_mkt_vol,0.000895836450480862,0.0009999535697725603,0.00010411711929169827,0.000895836450480862,0.0009999535697725603,0.0004872196501073176,0.0,-0.0001041171192916983,0.00040861680037354445,0.2082342385833965,1.0,1.0,1.0,False
2025-12-31,2025-11-28,VCFC_option_a_vt_L126_C6_g0p25_mkt_vol,-0.000858926801705129,-0.000858926801705129,0.0,-0.000858926801705129,-0.000858926801705129,0.0003658333844512846,0.0,0.0,-0.0012247601861564137,0.0,1.0,1.0,1.0,False
2026-01-30,2025-12-31,VCFC_option_a_vt_L126_C6_g0p25_mkt_vol,0.018321109435609093,0.018321109435609093,0.0,0.018321109435609093,0.018321109435609093,0.020255470442650792,0.0,0.0,-0.0019343610070416996,0.0,1.0,1.0,1.0,False
2026-02-27,2026-01-30,VCFC_option_a_vt_L126_C6_g0p25_mkt_vol,-0.008276224872126614,-0.008276224872126614,0.0,-0.008276224872126614,-0.008276224872126614,0.00566679631201618,0.0,0.0,-0.013943021184142795,0.0,1.0,1.0,1.0,False
2026-03-31,2026-02-27,VCFC_option_a_vt_L126_C6_g0p25_mkt_vol,-0.04875076864478462,-0.04875076864478462,0.0,-0.04875076864478462,-0.04875076864478462,-0.03287538289017696,0.0,0.0,-0.01587538575460766,0.0,1.0,1.0,1.0,False
2026-04-30,2026-03-31,VCFC_option_a_vt_L126_C6_g0p25_mkt_vol,0.03066761835217436,0.03104261835217436,0.000375,0.11550314358796829,0.11550314358796829,0.05927159621781441,-0.08483552523579393,-0.08483552523579393,-0.02860397786564005,0.75,1.0,0.25,0.25,True
2026-05-29,2026-04-30,VCFC_option_a_vt_L126_C6_g0p25_mkt_vol,0.017198821691451656,0.017198821691451656,0.0,0.05927327669775486,0.05927327669775486,0.01904219128586019,-0.042074455006303205,-0.042074455006303205,-0.0018433695944085338,0.0,1.0,0.25,0.25,True
2026-06-30,2026-05-29,VCFC_option_a_vt_L126_C6_g0p25_mkt_vol,-0.0002361373657036658,0.00013886263429633422,0.000375,0.00013886263429633422,0.00013886263429633422,0.0020969301930664286,-0.000375,-0.000375,-0.0023330675587700943,0.75,1.0,1.0,1.0,False
2026-07-31,2026-06-30,VCFC_option_a_vt_L126_C6_g0p25_mkt_vol,-0.0016158915438538642,-0.0012408915438538643,0.000375,-0.01507607042077549,-0.01507607042077549,-0.004485022158435058,0.013460178876921625,0.013460178876921625,0.0028691306145811933,0.75,1.0,0.25,0.25,True
2026-08-31,2026-07-31,VCFC_option_a_vt_L126_C6_g0p25_mkt_vol,0.008661536022282507,0.008661536022282507,0.0,0.026342601813735263,0.026342601813735263,0.02814977980592025,-0.017681065791452757,-0.017681065791452757,-0.019488243783637744,0.0,1.0,0.25,0.25,True
2026-09-16,2026-08-31,VCFC_option_a_vt_L126_C6_g0p25_mkt_vol,-0.002588779826326554,-0.002588779826326554,0.0,-0.014622921224928498,-0.014622921224928498,-0.02010020652988051,0.012034141398601945,0.012034141398601945,0.017511426703553955,0.0,1.0,0.25,0.25,True
2021-05-28,2021-04-30,VCFC_option_a_vt_L126_C6_g0p5_mkt_vol,0.002173674483411714,0.002173674483411714,0.0,0.004456674635544555,0.004456674635544555,-0.002103869340104195,-0.0022830001521328414,-0.0022830001521328414,0.004277543823515909,0.0,1.0,0.5,0.5,True
2021-06-30,2021-05-28,VCFC_option_a_vt_L126_C6_g0p5_mkt_vol,0.028564765955021217,0.028814765955021217,0.00025,0.028814765955021217,0.028814765955021217,0.006261945581678417,-0.0002500000000000002,-0.0002500000000000002,0.022302820373342802,0.5,1.0,1.0,1.0,False
2021-07-30,2021-06-30,VCFC_option_a_vt_L126_C6_g0p5_mkt_vol,0.020363120907655515,0.020363120907655515,0.0,0.020363120907655515,0.020363120907655515,0.008515954408507819,0.0,0.0,0.011847166499147696,0.0,1.0,1.0,1.0,False
2021-08-31,2021-07-30,VCFC_option_a_vt_L126_C6_g0p5_mkt_vol,0.030971460327742274,0.030971460327742274,0.0,0.030971460327742274,0.030971460327742274,0.026327827017288648,0.0,0.0,0.004643633310453626,0.0,1.0,1.0,1.0,False
2021-09-30,2021-08-31,VCFC_option_a_vt_L126_C6_g0p5_mkt_vol,-0.046385335726389115,-0.046385335726389115,0.0,-0.046385335726389115,-0.046385335726389115,-0.03178743105741398,0.0,0.0,-0.014597904668975134,0.0,1.0,1.0,1.0,False
2021-10-29,2021-09-30,VCFC_option_a_vt_L126_C6_g0p5_mkt_vol,0.06863896747251708,0.06863896747251708,0.0,0.06863896747251708,0.06863896747251708,0.05335158751244383,0.0,0.0,0.015287379960073247,0.0,1.0,1.0,1.0,False
2021-11-30,2021-10-29,VCFC_option_a_vt_L126_C6_g0p5_mkt_vol,-0.003616834602133967,-0.003616834602133967,0.0,-0.003616834602133967,-0.003616834602133967,-0.015932730931884572,0.0,0.0,0.012315896329750605,0.0,1.0,1.0,1.0,False
2021-12-31,2021-11-30,VCFC_option_a_vt_L126_C6_g0p5_mkt_vol,0.03864778567716913,0.03864778567716913,0.0,0.03864778567716913,0.03864778567716913,0.011867957451470216,0.0,0.0,0.026779828225698916,0.0,1.0,1.0,1.0,False
2022-01-31,2021-12-31,VCFC_option_a_vt_L126_C6_g0p5_mkt_vol,-0.0613129805974495,-0.0613129805974495,0.0,-0.0613129805974495,-0.0613129805974495,-0.05600866827597609,0.0,0.0,-0.005304312321473416,0.0,1.0,1.0,1.0,False
2022-02-28,2022-01-31,VCFC_option_a_vt_L126_C6_g0p5_mkt_vol,-0.014216299482580625,-0.013961671391447394,0.00025462809113323097,-0.02771378023555342,-0.028222946678299776,-0.0032662319691959137,0.013497480752972796,0.014006647195719151,-0.01095006751338471,0.5092561822664619,0.9814876354670764,0.5,0.4907438177335382,True
2022-03-31,2022-02-28,VCFC_option_a_vt_L126_C6_g0p5_mkt_vol,0.016328056724982425,0.01634848052517089,2.0423800188466805e-05,0.03219655334396795,0.035776417208131274,0.011031310969034213,-0.015868496618985522,-0.01944836048314885,0.005296745755948212,0.04084760037693361,0.8997924347132091,0.5,0.44989621735660457,True
2022-04-29,2022-03-31,VCFC_option_a_vt_L126_C6_g0p5_mkt_vol,-0.08012984041794788,-0.07993950187092172,0.00019033854702615337,-0.07997411143257387,-0.09622387963195574,-0.06674416805259342,-0.00015572898537401236,0.016094039214007858,-0.013385672365354456,0.38067709405230676,0.8305733114089113,1.0,0.8305733114089113,False
2022-05-31,2022-04-29,VCFC_option_a_vt_L126_C6_g0p5_mkt_vol,0.0004922590938187721,0.000522285862412494,3.002676859372193e-05,0.0004922590938187721,0.0005800939975287407,-0.00955119192544047,0.0,-8.783490370996858e-05,0.010043451019259242,0.060053537187443856,0.7705197742214674,1.0,0.7705197742214674,False
2022-06-30,2022-05-31,VCFC_option_a_vt_L126_C6_g0p5_mkt_vol,-0.03030974511387327,-0.030105545114427416,0.0002041999994458549,-0.06101109831969144,-0.08450544797665417,-0.07922515209974176,0.03070135320581817,0.0541957028627809,0.04891540698586849,0.4083999988917098,0.7242395506595153,0.5,0.36211977532975764,True
2022-07-29,2022-06-30,VCFC_option_a_vt_L126_C6_g0p5_mkt_vol,0.035524273472587256,0.03552825043974286,3.976967155604709e-06,0.07068798184023353,0.09965779047727749,0.08310879993855326,-0.035163708367646276,-0.06413351700469024,-0.047584526465966004,0.007953934311209419,0.7083316820370964,0.5,0.3541658410185482,True
2022-08-31,2022-07-29,VCFC_option_a_vt_L126_C6_g0p5_mkt_vol,-0.013805780812798955,-0.013802481292428155,3.2995203707998425e-06,-0.029548639379009475,-0.043347912163053726,-0.034721724319496744,0.01574285856621052,0.02954213135025477,0.020915943506697787,0.006599040741599685,0.6951336005538971,0.5,0.34756680027694853,True
2022-09-30,2022-08-31,VCFC_option_a_vt_L126_C6_g0p5_mkt_vol,-0.03300620510450664,-0.033000091917094146,6.113187412493894e-06,-0.06808028487352726,-0.0953991397436184,-0.07489454271196853,0.03507407976902061,0.062392934639111754,0.04188833760746189,0.012226374824987788,0.7195863502038726,0.5,0.3597931751019363,True
2022-10-31,2022-09-30,VCFC_option_a_vt_L126_C6_g0p5_mkt_vol,0.029131056722285477,0.029133481658809694,2.4249365242172675e-06,0.05667660582252128,0.07713329106806736,0.054918824806159824,-0.0275455491002358,-0.04800223434578189,-0.025787768083874348,0.004849873048434535,0.7292860963007417,0.5,0.36464304815037085,True
2022-11-30,2022-10-31,VCFC_option_a_vt_L126_C6_g0p5_mkt_vol,0.021659314960094496,0.02166001537846093,7.004183664345125e-07,0.04016668261330837,0.05371437666554614,0.033917855641739554,-0.018507367653213876,-0.032055061705451644,-0.012258540681645058,0.001400836732869025,0.7320877697664797,0.5,0.36604388488323986,True
2022-12-30,2022-11-30,VCFC_option_a_vt_L126_C6_g0p5_mkt_vol,-0.022413250617551186,-0.02240643935696287,6.8112605883183905e-06,-0.048452080469289865,-0.0649399250497098,-0.04203555868820332,0.02603882985173868,0.042526674432158615,0.019622308070652135,0.01362252117663678,0.7593328121197532,0.5,0.3796664060598766,True
2023-01-31,2022-12-30,VCFC_option_a_vt_L126_C6_g0p5_mkt_vol,0.03255896129694047,0.03257548050018559,1.6519203245124597e-05,0.062275536192055496,0.07488684334585213,0.08146583582694766,-0.029716574895115026,-0.042327882048911664,-0.048906874530007194,0.033038406490249195,0.8254096251002517,0.5,0.41270481255012587,True
2023-02-28,2023-01-31,VCFC_option_a_vt_L126_C6_g0p5_mkt_vol,-0.006082788563822545,-0.006080536520819231,2.2520430033141463e-06,-0.015623291363750725,-0.019404335902135483,-0.022293759248678293,0.00954050279992818,0.013321547338312938,0.016210970684855747,0.0045040860066282926,0.8344177971135083,0.5,0.41720889855675414,True
2023-03-31,2023-02-28,VCFC_option_a_vt_L126_C6_g0p5_mkt_vol,0.019220497024483637,0.019224794207342463,4.297182858824245e-06,0.03444973314682153,0.03976725085646346,0.024362600966729507,-0.015229236122337893,-0.020546753831979823,-0.00514210394224587,0.008594365717648489,0.8516065285488053,0.5,0.4258032642744026,True
2023-04-28,2023-03-31,VCFC_option_a_vt_L126_C6_g0p5_mkt_vol,0.006164895564643377,0.006174230153388908,9.334588745530208e-06,0.00869947457221884,0.009353761606251308,0.0025753932952817782,-0.002534579007575463,-0.003188866041607931,0.003589502269361599,0.018669177491060417,0.888944883530926,0.5,0.444472441765463,True
2023-05-31,2023-04-28,VCFC_option_a_vt_L126_C6_g0p5_mkt_vol,0.010454741893479183,0.010479089880134858,2.4347986655675285e-05,0.01715788747124239,0.01739296782035915,-0.015417009573994061,-0.006703145577763206,-0.006938225926879968,0.025871751467473246,0.048695973311350574,0.9863368301536272,0.5,0.4931684150768136,True
2023-06-30,2023-05-31,VCFC_option_a_vt_L126_C6_g0p5_mkt_vol,0.03554952190145025,0.035552937693911844,3.4157924615931895e-06,0.06649294406364153,0.06649977564856473,0.055430945263364284,-0.030943422162191286,-0.03095025374711448,-0.019881423361914036,0.00683158492318638,1.0,0.5,0.5,True
2023-07-31,2023-06-30,VCFC_option_a_vt_L126_C6_g0p5_mkt_vol,0.02012514427240434,0.02012514427240434,0.0,0.03639011695856238,0.03639011695856238,0.027840048953493752,-0.016264972686158043,-0.016264972686158043,-0.007714904681089412,0.0,1.0,0.5,0.5,True
2023-08-31,2023-07-31,VCFC_option_a_vt_L126_C6_g0p5_mkt_vol,-0.018979246956048128,-0.018729246956048128,0.00025,-0.018729246956048128,-0.018729246956048128,-0.019688768589620823,-0.0002500000000000002,-0.0002500000000000002,0.0007095216335726955,0.5,1.0,1.0,1.0,False
2023-09-29,2023-08-31,VCFC_option_a_vt_L126_C6_g0p5_mkt_vol,-0.049166409568289916,-0.049166409568289916,0.0,-0.049166409568289916,-0.049166409568289916,-0.0356707903414096,0.0,0.0,-0.013495619226880314,0.0,1.0,1.0,1.0,False
2023-10-31,2023-09-29,VCFC_option_a_vt_L126_C6_g0p5_mkt_vol,-0.02515080320447248,-0.02515080320447248,0.0,-0.02515080320447248,-0.02515080320447248,-0.010286967291063064,0.0,0.0,-0.014863835913409416,0.0,1.0,1.0,1.0,False
2023-11-30,2023-10-31,VCFC_option_a_vt_L126_C6_g0p5_mkt_vol,0.09410649585508923,0.09410649585508923,0.0,0.09410649585508923,0.09410649585508923,0.07342340300273398,0.0,0.0,0.020683092852355256,0.0,1.0,1.0,1.0,False
2023-12-29,2023-11-30,VCFC_option_a_vt_L126_C6_g0p5_mkt_vol,0.0560483041855849,0.0560483041855849,0.0,0.0560483041855849,0.0560483041855849,0.06118198481063909,0.0,0.0,-0.0051336806250541905,0.0,1.0,1.0,1.0,False
2024-01-31,2023-12-29,VCFC_option_a_vt_L126_C6_g0p5_mkt_vol,0.010967034945244744,0.010967034945244744,0.0,0.010967034945244744,0.010967034945244744,-0.0038769636320920074,0.0,0.0,0.014843998577336752,0.0,1.0,1.0,1.0,False
2024-02-29,2024-01-31,VCFC_option_a_vt_L126_C6_g0p5_mkt_vol,0.05025259678955492,0.05025259678955492,0.0,0.05025259678955492,0.05025259678955492,0.04551693712860331,0.0,0.0,0.004735659660951609,0.0,1.0,1.0,1.0,False
2024-03-28,2024-02-29,VCFC_option_a_vt_L126_C6_g0p5_mkt_vol,0.028829906886884207,0.028829906886884207,0.0,0.028829906886884207,0.028829906886884207,0.02547003177787957,0.0,0.0,0.003359875109004637,0.0,1.0,1.0,1.0,False
2024-04-30,2024-03-28,VCFC_option_a_vt_L126_C6_g0p5_mkt_vol,-0.04237666198994755,-0.04237666198994755,0.0,-0.04237666198994755,-0.04237666198994755,-0.04288326171141131,0.0,0.0,0.0005065997214637602,0.0,1.0,1.0,1.0,False
2024-05-31,2024-04-30,VCFC_option_a_vt_L126_C6_g0p5_mkt_vol,0.053030701309268305,0.053030701309268305,0.0,0.053030701309268305,0.053030701309268305,0.05097339442985062,0.0,0.0,0.0020573068794176863,0.0,1.0,1.0,1.0,False
2024-06-28,2024-05-31,VCFC_option_a_vt_L126_C6_g0p5_mkt_vol,0.03503583738929902,0.03503583738929902,0.0,0.03503583738929902,0.03503583738929902,-0.0028313385976783453,0.0,0.0,0.037867175986977364,0.0,1.0,1.0,1.0,False
2024-07-31,2024-06-28,VCFC_option_a_vt_L126_C6_g0p5_mkt_vol,0.01566935716482927,0.01566935716482927,0.0,0.01566935716482927,0.01566935716482927,0.03597861121143071,0.0,0.0,-0.020309254046601437,0.0,1.0,1.0,1.0,False
2024-08-30,2024-07-31,VCFC_option_a_vt_L126_C6_g0p5_mkt_vol,0.017595112654305856,0.017595112654305856,0.0,0.017595112654305856,0.017595112654305856,0.0031838537968577317,0.0,0.0,0.014411258857448124,0.0,1.0,1.0,1.0,False
2024-09-30,2024-08-30,VCFC_option_a_vt_L126_C6_g0p5_mkt_vol,0.0212480370246648,0.0212480370246648,0.0,0.0212480370246648,0.0212480370246648,0.017865080541602667,0.0,0.0,0.0033829564830621314,0.0,1.0,1.0,1.0,False
2024-10-31,2024-09-30,VCFC_option_a_vt_L126_C6_g0p5_mkt_vol,-0.003748282505680661,-0.0034982825056806607,0.00025,-0.010944704002496208,-0.010944704002496208,-0.013586698323554778,0.007196421496815547,0.007196421496815547,0.009838415817874117,0.5,1.0,0.5,0.5,True
2024-11-29,2024-10-31,VCFC_option_a_vt_L126_C6_g0p5_mkt_vol,0.06275882508007052,0.06300882508007052,0.00025,0.06300882508007052,0.06300882508007052,0.06322239699706261,-0.0002500000000000002,-0.0002500000000000002,-0.00046357191699208933,0.5,1.0,1.0,1.0,False
2024-12-31,2024-11-29,VCFC_option_a_vt_L126_C6_g0p5_mkt_vol,-0.023514198759744885,-0.023514198759744885,0.0,-0.023514198759744885,-0.023514198759744885,-0.03873290071229025,0.0,0.0,0.015218701952545363,0.0,1.0,1.0,1.0,False
2025-01-31,2024-12-31,VCFC_option_a_vt_L126_C6_g0p5_mkt_vol,0.01448651271566221,0.01473651271566221,0.00025,0.025973090009227387,0.025973090009227387,0.024865846101993896,-0.011486577293565177,-0.011486577293565177,-0.010379333386331686,0.5,1.0,0.5,0.5,True
2025-02-28,2025-01-31,VCFC_option_a_vt_L126_C6_g0p5_mkt_vol,-0.008281389057881528,-0.008281389057881528,0.0,-0.019800635617923158,-0.019800635617923158,-0.01960003074506583,0.01151924656004163,0.01151924656004163,0.011318641687184302,0.0,1.0,0.5,0.5,True
2025-03-31,2025-02-28,VCFC_option_a_vt_L126_C6_g0p5_mkt_vol,-0.06090372203039303,-0.06065372203039303,0.00025,-0.06065372203039303,-0.06065372203039303,-0.030775251152640976,-0.0002500000000000002,-0.0002500000000000002,-0.030128470877752053,0.5,1.0,1.0,1.0,False
2025-04-30,2025-03-31,VCFC_option_a_vt_L126_C6_g0p5_mkt_vol,-0.006993605981343187,-0.006993605981343187,0.0,-0.006993605981343187,-0.006993605981343187,-0.0028776599343611586,0.0,0.0,-0.004115946046982028,0.0,1.0,1.0,1.0,False
2025-05-30,2025-04-30,VCFC_option_a_vt_L126_C6_g0p5_mkt_vol,0.05081756611560026,0.05094706074519238,0.00012949462959212465,0.05081756611560026,0.06748401572036392,0.04378428146052401,0.0,-0.016666449604763656,0.007033284655076251,0.2589892591842493,0.7410107408157507,1.0,0.7410107408157507,False
2025-06-30,2025-05-30,VCFC_option_a_vt_L126_C6_g0p5_mkt_vol,0.039736658933197666,0.03974148953239394,4.830599196274443e-06,0.039736658933197666,0.05311050191850699,0.030058402927735973,0.0,-0.013373842985309324,0.009678256005461693,0.009661198392548885,0.7313495424232018,1.0,0.7313495424232018,False
2025-07-31,2025-06-30,VCFC_option_a_vt_L126_C6_g0p5_mkt_vol,0.0169198569711622,0.016921804336194547,1.947365032345289e-06,0.0169198569711622,0.021731157091000083,0.01873291674745074,0.0,-0.004811300119837884,-0.0018130597762885392,0.0038947300646905783,0.7352442724878924,1.0,0.7352442724878924,False
2025-08-29,2025-07-31,VCFC_option_a_vt_L126_C6_g0p5_mkt_vol,0.018479594912301122,0.018485436905914508,5.841993613384441e-06,0.018479594912301122,0.023492417640570817,0.028985176483954784,0.0,-0.005012822728269695,-0.010505581571653662,0.011683987226768881,0.7469282597146613,1.0,0.7469282597146613,False
2025-09-30,2025-08-29,VCFC_option_a_vt_L126_C6_g0p5_mkt_vol,0.028180448933672532,0.028180753269170234,3.043354977025486e-07,0.028180448933672532,0.036637047859041955,0.01791722220097044,0.0,-0.008456598925369423,0.01026322673270209,0.0006086709954050973,0.7463195887192562,1.0,0.7463195887192562,False
2025-10-31,2025-09-30,VCFC_option_a_vt_L126_C6_g0p5_mkt_vol,0.020877030725990762,0.020899753812339435,2.2723086348673646e-05,0.020877030725990762,0.025473166388791057,0.0037470689029656303,0.0,-0.004596135662800295,0.017129961823025133,0.04544617269734729,0.7917657614166035,1.0,0.7917657614166035,False
2025-11-28,2025-10-31,VCFC_option_a_vt_L126_C6_g0p5_mkt_vol,0.000895836450480862,0.0009999535697725603,0.00010411711929169827,0.000895836450480862,0.0009999535697725603,0.0004872196501073176,0.0,-0.0001041171192916983,0.00040861680037354445,0.2082342385833965,1.0,1.0,1.0,False
2025-12-31,2025-11-28,VCFC_option_a_vt_L126_C6_g0p5_mkt_vol,-0.000858926801705129,-0.000858926801705129,0.0,-0.000858926801705129,-0.000858926801705129,0.0003658333844512846,0.0,0.0,-0.0012247601861564137,0.0,1.0,1.0,1.0,False
2026-01-30,2025-12-31,VCFC_option_a_vt_L126_C6_g0p5_mkt_vol,0.018321109435609093,0.018321109435609093,0.0,0.018321109435609093,0.018321109435609093,0.020255470442650792,0.0,0.0,-0.0019343610070416996,0.0,1.0,1.0,1.0,False
2026-02-27,2026-01-30,VCFC_option_a_vt_L126_C6_g0p5_mkt_vol,-0.008276224872126614,-0.008276224872126614,0.0,-0.008276224872126614,-0.008276224872126614,0.00566679631201618,0.0,0.0,-0.013943021184142795,0.0,1.0,1.0,1.0,False
2026-03-31,2026-02-27,VCFC_option_a_vt_L126_C6_g0p5_mkt_vol,-0.04875076864478462,-0.04875076864478462,0.0,-0.04875076864478462,-0.04875076864478462,-0.03287538289017696,0.0,0.0,-0.01587538575460766,0.0,1.0,1.0,1.0,False
2026-04-30,2026-03-31,VCFC_option_a_vt_L126_C6_g0p5_mkt_vol,0.05894612676410567,0.05919612676410567,0.00025,0.11550314358796829,0.11550314358796829,0.05927159621781441,-0.05655701682386262,-0.05655701682386262,-0.0003254694537087391,0.5,1.0,0.5,0.5,True
2026-05-29,2026-04-30,VCFC_option_a_vt_L126_C6_g0p5_mkt_vol,0.031223640026886056,0.031223640026886056,0.0,0.05927327669775486,0.05927327669775486,0.01904219128586019,-0.028049636670868804,-0.028049636670868804,0.012181448741025867,0.0,1.0,0.5,0.5,True
2026-06-30,2026-05-29,VCFC_option_a_vt_L126_C6_g0p5_mkt_vol,-0.00011113736570366579,0.00013886263429633422,0.00025,0.00013886263429633422,0.00013886263429633422,0.0020969301930664286,-0.00025,-0.00025,-0.0022080675587700946,0.5,1.0,1.0,1.0,False
2026-07-31,2026-06-30,VCFC_option_a_vt_L126_C6_g0p5_mkt_vol,-0.006102617836161073,-0.005852617836161073,0.00025,-0.01507607042077549,-0.01507607042077549,-0.004485022158435058,0.008973452584614416,0.008973452584614416,-0.0016175956777260154,0.5,1.0,0.5,0.5,True
2026-08-31,2026-07-31,VCFC_option_a_vt_L126_C6_g0p5_mkt_vol,0.014555224619433425,0.014555224619433425,0.0,0.026342601813735263,0.026342601813735263,0.02814977980592025,-0.011787377194301838,-0.011787377194301838,-0.013594555186486825,0.0,1.0,0.5,0.5,True
2026-09-16,2026-08-31,VCFC_option_a_vt_L126_C6_g0p5_mkt_vol,-0.006600160292527202,-0.006600160292527202,0.0,-0.014622921224928498,-0.014622921224928498,-0.02010020652988051,0.008022760932401295,0.008022760932401295,0.013500046237353309,0.0,1.0,0.5,0.5,True
2021-05-28,2021-04-30,VCFC_option_a_vt_L126_C12_g0p25_mkt_vol,0.0010321744073452932,0.0010321744073452932,0.0,0.004456674635544555,0.004456674635544555,-0.002103869340104195,-0.003424500228199262,-0.003424500228199262,0.0031360437474494884,0.0,1.0,0.25,0.25,True
2021-06-30,2021-05-28,VCFC_option_a_vt_L126_C12_g0p25_mkt_vol,0.007039535687224436,0.007039535687224436,0.0,0.028814765955021217,0.028814765955021217,0.006261945581678417,-0.02177523026779678,-0.02177523026779678,0.0007775901055460189,0.0,1.0,0.25,0.25,True
2021-07-30,2021-06-30,VCFC_option_a_vt_L126_C12_g0p25_mkt_vol,0.005008908459018509,0.005008908459018509,0.0,0.020363120907655515,0.020363120907655515,0.008515954408507819,-0.015354212448637005,-0.015354212448637005,-0.0035070459494893095,0.0,1.0,0.25,0.25,True
2021-08-31,2021-07-30,VCFC_option_a_vt_L126_C12_g0p25_mkt_vol,0.030596460327742273,0.030971460327742274,0.000375,0.030971460327742274,0.030971460327742274,0.026327827017288648,-0.00037500000000000033,-0.00037500000000000033,0.0042686333104536255,0.75,1.0,1.0,1.0,False
2021-09-30,2021-08-31,VCFC_option_a_vt_L126_C12_g0p25_mkt_vol,-0.046385335726389115,-0.046385335726389115,0.0,-0.046385335726389115,-0.046385335726389115,-0.03178743105741398,0.0,0.0,-0.014597904668975134,0.0,1.0,1.0,1.0,False
2021-10-29,2021-09-30,VCFC_option_a_vt_L126_C12_g0p25_mkt_vol,0.06863896747251708,0.06863896747251708,0.0,0.06863896747251708,0.06863896747251708,0.05335158751244383,0.0,0.0,0.015287379960073247,0.0,1.0,1.0,1.0,False
2021-11-30,2021-10-29,VCFC_option_a_vt_L126_C12_g0p25_mkt_vol,-0.003616834602133967,-0.003616834602133967,0.0,-0.003616834602133967,-0.003616834602133967,-0.015932730931884572,0.0,0.0,0.012315896329750605,0.0,1.0,1.0,1.0,False
2021-12-31,2021-11-30,VCFC_option_a_vt_L126_C12_g0p25_mkt_vol,0.03864778567716913,0.03864778567716913,0.0,0.03864778567716913,0.03864778567716913,0.011867957451470216,0.0,0.0,0.026779828225698916,0.0,1.0,1.0,1.0,False
2022-01-31,2021-12-31,VCFC_option_a_vt_L126_C12_g0p25_mkt_vol,-0.0613129805974495,-0.0613129805974495,0.0,-0.0613129805974495,-0.0613129805974495,-0.05600866827597609,0.0,0.0,-0.005304312321473416,0.0,1.0,1.0,1.0,False
2022-02-28,2022-01-31,VCFC_option_a_vt_L126_C12_g0p25_mkt_vol,-0.02771378023555342,-0.02770452405328696,9.256182266461792e-06,-0.02771378023555342,-0.028222946678299776,-0.0032662319691959137,0.0,0.0005091664427463553,-0.02444754826635751,0.018512364532923584,0.9814876354670764,1.0,0.9814876354670764,False
2022-03-31,2022-02-28,VCFC_option_a_vt_L126_C12_g0p25_mkt_vol,0.03219655334396795,0.03223740094434488,4.084760037693364e-05,0.03219655334396795,0.035776417208131274,0.011031310969034213,0.0,-0.003579863864163327,0.021165242374933734,0.08169520075386727,0.8997924347132091,1.0,0.8997924347132091,False
2022-04-29,2022-03-31,VCFC_option_a_vt_L126_C12_g0p25_mkt_vol,-0.07997411143257387,-0.07993950187092172,3.460956165214891e-05,-0.07997411143257387,-0.09622387963195574,-0.06674416805259342,0.0,0.01624976819938187,-0.013229943379980444,0.06921912330429783,0.8305733114089113,1.0,0.8305733114089113,False
2022-05-31,2022-04-29,VCFC_option_a_vt_L126_C12_g0p25_mkt_vol,5.773852681414292e-05,0.00037671021074091516,0.00031897168392677224,0.0004922590938187721,0.0005800939975287407,-0.00955119192544047,-0.00043452056700462916,-0.0005223554707145977,0.009608930452254612,0.6379433678535444,0.7705197742214674,0.25,0.19262994355536686,True
2022-06-30,2022-05-31,VCFC_option_a_vt_L126_C12_g0p25_mkt_vol,-0.014670123595631138,-0.014664338567685894,5.7850279452440324e-06,-0.06101109831969144,-0.08450544797665417,-0.07922515209974176,0.046340974724060305,0.06983532438102304,0.06455502850411063,0.011570055890488064,0.7242395506595153,0.25,0.18105988766487882,True
2022-07-29,2022-06-30,VCFC_option_a_vt_L126_C12_g0p25_mkt_vol,0.017942419288764118,0.01794440777234192,1.9884835778023546e-06,0.07068798184023353,0.09965779047727749,0.08310879993855326,-0.052745562551469415,-0.08171537118851338,-0.06516638064978914,0.003976967155604709,0.7083316820370964,0.25,0.1770829205092741,True
2022-08-31,2022-07-29,VCFC_option_a_vt_L126_C12_g0p25_mkt_vol,-0.005934351529693695,-0.005932701769508295,1.6497601853999213e-06,-0.029548639379009475,-0.043347912163053726,-0.034721724319496744,0.02361428784931578,0.03741356063336003,0.028787372789803048,0.0032995203707998425,0.6951336005538971,0.25,0.17378340013847426,True
2022-09-30,2022-08-31,VCFC_option_a_vt_L126_C12_g0p25_mkt_vol,-0.015469165219996335,-0.015466108626290088,3.056593706246947e-06,-0.06808028487352726,-0.0953991397436184,-0.07489454271196853,0.05261111965353092,0.07992997452362206,0.0594253774919722,0.006113187412493894,0.7195863502038726,0.25,0.17989658755096816,True
2022-10-31,2022-09-30,VCFC_option_a_vt_L126_C12_g0p25_mkt_vol,0.015358282172167576,0.015359494640429685,1.2124682621086338e-06,0.05667660582252128,0.07713329106806736,0.054918824806159824,-0.041318323650353705,-0.06177500889589979,-0.03956054263399225,0.0024249365242172676,0.7292860963007417,0.25,0.18232152407518543,True
2022-11-30,2022-10-31,VCFC_option_a_vt_L126_C12_g0p25_mkt_vol,0.012405631133487558,0.012405981342670775,3.5020918321725623e-07,0.04016668261330837,0.05371437666554614,0.033917855641739554,-0.027761051479820813,-0.041308745532058586,-0.021512224508251996,0.0007004183664345125,0.7320877697664797,0.25,0.18302194244161993,True
2022-12-30,2022-11-30,VCFC_option_a_vt_L126_C12_g0p25_mkt_vol,-0.009393835691681847,-0.009390430061387688,3.4056302941591952e-06,-0.048452080469289865,-0.0649399250497098,-0.04203555868820332,0.03905824477760802,0.055546089358027954,0.032641722996521474,0.00681126058831839,0.7593328121197532,0.25,0.1898332030299383,True
2023-01-31,2022-12-30,VCFC_option_a_vt_L126_C12_g0p25_mkt_vol,0.017700673849382953,0.017708933451005514,8.259601622562298e-06,0.062275536192055496,0.07488684334585213,0.08146583582694766,-0.04457486234267254,-0.05718616949646918,-0.06376516197756471,0.016519203245124597,0.8254096251002517,0.25,0.20635240627506293,True
2023-02-28,2023-01-31,VCFC_option_a_vt_L126_C12_g0p25_mkt_vol,-0.0013125371638584547,-0.0013114111423567975,1.1260215016570732e-06,-0.015623291363750725,-0.019404335902135483,-0.022293759248678293,0.01431075419989227,0.01809179873827703,0.02098122208481984,0.0022520430033141463,0.8344177971135083,0.25,0.20860444927837707,True
2023-03-31,2023-02-28,VCFC_option_a_vt_L126_C12_g0p25_mkt_vol,0.01160587896331469,0.011608027554744103,2.1485914294121084e-06,0.03444973314682153,0.03976725085646346,0.024362600966729507,-0.02284385418350684,-0.028161371893148768,-0.012756722003414817,0.004297182858824217,0.8516065285488053,0.25,0.2129016321372013,True
2023-04-28,2023-03-31,VCFC_option_a_vt_L126_C12_g0p25_mkt_vol,0.004897606060855647,0.004902273355228411,4.667294372765119e-06,0.00869947457221884,0.009353761606251308,0.0025753932952817782,-0.003801868511363194,-0.004456155545395662,0.0023222127655738683,0.009334588745530236,0.888944883530926,0.25,0.2222362208827315,True
2023-05-31,2023-04-28,VCFC_option_a_vt_L126_C12_g0p25_mkt_vol,0.00710316910459758,0.0071153430979254174,1.2173993327837643e-05,0.01715788747124239,0.01739296782035915,-0.015417009573994061,-0.010054718366644809,-0.01028979871576157,0.022520178678591643,0.024347986655675287,0.9863368301536272,0.25,0.2465842075384068,True
2023-06-30,2023-05-31,VCFC_option_a_vt_L126_C12_g0p25_mkt_vol,0.020077810820354605,0.020079518716585403,1.7078962307965948e-06,0.06649294406364153,0.06649977564856473,0.055430945263364284,-0.04641513324328693,-0.04642196482821012,-0.03535313444300968,0.00341579246159319,1.0,0.25,0.25,True
2023-07-31,2023-06-30,VCFC_option_a_vt_L126_C12_g0p25_mkt_vol,0.011992657929325318,0.011992657929325318,0.0,0.03639011695856238,0.03639011695856238,0.027840048953493752,-0.024397459029237064,-0.024397459029237064,-0.015847391024168433,0.0,1.0,0.25,0.25,True
2023-08-31,2023-07-31,VCFC_option_a_vt_L126_C12_g0p25_mkt_vol,-0.019104246956048128,-0.018729246956048128,0.000375,-0.018729246956048128,-0.018729246956048128,-0.019688768589620823,-0.00037500000000000033,-0.00037500000000000033,0.0005845216335726953,0.75,1.0,1.0,1.0,False
2023-09-29,2023-08-31,VCFC_option_a_vt_L126_C12_g0p25_mkt_vol,-0.049166409568289916,-0.049166409568289916,0.0,-0.049166409568289916,-0.049166409568289916,-0.0356707903414096,0.0,0.0,-0.013495619226880314,0.0,1.0,1.0,1.0,False
2023-10-31,2023-09-29,VCFC_option_a_vt_L126_C12_g0p25_mkt_vol,-0.02515080320447248,-0.02515080320447248,0.0,-0.02515080320447248,-0.02515080320447248,-0.010286967291063064,0.0,0.0,-0.014863835913409416,0.0,1.0,1.0,1.0,False
2023-11-30,2023-10-31,VCFC_option_a_vt_L126_C12_g0p25_mkt_vol,0.09410649585508923,0.09410649585508923,0.0,0.09410649585508923,0.09410649585508923,0.07342340300273398,0.0,0.0,0.020683092852355256,0.0,1.0,1.0,1.0,False
2023-12-29,2023-11-30,VCFC_option_a_vt_L126_C12_g0p25_mkt_vol,0.0560483041855849,0.0560483041855849,0.0,0.0560483041855849,0.0560483041855849,0.06118198481063909,0.0,0.0,-0.0051336806250541905,0.0,1.0,1.0,1.0,False
2024-01-31,2023-12-29,VCFC_option_a_vt_L126_C12_g0p25_mkt_vol,0.010967034945244744,0.010967034945244744,0.0,0.010967034945244744,0.010967034945244744,-0.0038769636320920074,0.0,0.0,0.014843998577336752,0.0,1.0,1.0,1.0,False
2024-02-29,2024-01-31,VCFC_option_a_vt_L126_C12_g0p25_mkt_vol,0.05025259678955492,0.05025259678955492,0.0,0.05025259678955492,0.05025259678955492,0.04551693712860331,0.0,0.0,0.004735659660951609,0.0,1.0,1.0,1.0,False
2024-03-28,2024-02-29,VCFC_option_a_vt_L126_C12_g0p25_mkt_vol,0.028829906886884207,0.028829906886884207,0.0,0.028829906886884207,0.028829906886884207,0.02547003177787957,0.0,0.0,0.003359875109004637,0.0,1.0,1.0,1.0,False
2024-04-30,2024-03-28,VCFC_option_a_vt_L126_C12_g0p25_mkt_vol,-0.04237666198994755,-0.04237666198994755,0.0,-0.04237666198994755,-0.04237666198994755,-0.04288326171141131,0.0,0.0,0.0005065997214637602,0.0,1.0,1.0,1.0,False
2024-05-31,2024-04-30,VCFC_option_a_vt_L126_C12_g0p25_mkt_vol,0.053030701309268305,0.053030701309268305,0.0,0.053030701309268305,0.053030701309268305,0.05097339442985062,0.0,0.0,0.0020573068794176863,0.0,1.0,1.0,1.0,False
2024-06-28,2024-05-31,VCFC_option_a_vt_L126_C12_g0p25_mkt_vol,0.03503583738929902,0.03503583738929902,0.0,0.03503583738929902,0.03503583738929902,-0.0028313385976783453,0.0,0.0,0.037867175986977364,0.0,1.0,1.0,1.0,False
2024-07-31,2024-06-28,VCFC_option_a_vt_L126_C12_g0p25_mkt_vol,0.01566935716482927,0.01566935716482927,0.0,0.01566935716482927,0.01566935716482927,0.03597861121143071,0.0,0.0,-0.020309254046601437,0.0,1.0,1.0,1.0,False
2024-08-30,2024-07-31,VCFC_option_a_vt_L126_C12_g0p25_mkt_vol,0.017595112654305856,0.017595112654305856,0.0,0.017595112654305856,0.017595112654305856,0.0031838537968577317,0.0,0.0,0.014411258857448124,0.0,1.0,1.0,1.0,False
2024-09-30,2024-08-30,VCFC_option_a_vt_L126_C12_g0p25_mkt_vol,0.0212480370246648,0.0212480370246648,0.0,0.0212480370246648,0.0212480370246648,0.017865080541602667,0.0,0.0,0.0033829564830621314,0.0,1.0,1.0,1.0,False
2024-10-31,2024-09-30,VCFC_option_a_vt_L126_C12_g0p25_mkt_vol,-0.00015007175727288719,0.00022492824272711282,0.000375,-0.010944704002496208,-0.010944704002496208,-0.013586698323554778,0.010794632245223321,0.010794632245223321,0.013436626566281891,0.75,1.0,0.25,0.25,True
2024-11-29,2024-10-31,VCFC_option_a_vt_L126_C12_g0p25_mkt_vol,0.06263382508007052,0.06300882508007052,0.000375,0.06300882508007052,0.06300882508007052,0.06322239699706261,-0.00037500000000000033,-0.00037500000000000033,-0.0005885719169920894,0.75,1.0,1.0,1.0,False
2024-12-31,2024-11-29,VCFC_option_a_vt_L126_C12_g0p25_mkt_vol,-0.0032300591227602863,-0.0028550591227602864,0.000375,-0.023514198759744885,-0.023514198759744885,-0.03873290071229025,0.0202841396369846,0.0202841396369846,0.03550284158952996,0.75,1.0,0.25,0.25,True
2025-01-31,2024-12-31,VCFC_option_a_vt_L126_C12_g0p25_mkt_vol,0.009118224068879622,0.009118224068879622,0.0,0.025973090009227387,0.025973090009227387,0.024865846101993896,-0.016854865940347765,-0.016854865940347765,-0.015747622033114275,0.0,1.0,0.25,0.25,True
2025-02-28,2025-01-31,VCFC_option_a_vt_L126_C12_g0p25_mkt_vol,-0.002521765777860713,-0.002521765777860713,0.0,-0.019800635617923158,-0.019800635617923158,-0.01960003074506583,0.017278869840062445,0.017278869840062445,0.017078264967205117,0.0,1.0,0.25,0.25,True
2025-03-31,2025-02-28,VCFC_option_a_vt_L126_C12_g0p25_mkt_vol,-0.06102872203039303,-0.06065372203039303,0.000375,-0.06065372203039303,-0.06065372203039303,-0.030775251152640976,-0.00037500000000000033,-0.00037500000000000033,-0.030253470877752053,0.75,1.0,1.0,1.0,False
2025-04-30,2025-03-31,VCFC_option_a_vt_L126_C12_g0p25_mkt_vol,0.0004281955578852584,0.0008031955578852584,0.000375,-0.006993605981343187,-0.006993605981343187,-0.0028776599343611586,0.007421801539228445,0.007421801539228445,0.003305855492246417,0.75,1.0,0.25,0.25,True
2025-05-30,2025-04-30,VCFC_option_a_vt_L126_C12_g0p25_mkt_vol,0.050701555374784504,0.05094706074519238,0.00024550537040787535,0.05081756611560026,0.06748401572036392,0.04378428146052401,-0.00011601074081575569,-0.01678246034557941,0.006917273914260495,0.4910107408157507,0.7410107408157507,1.0,0.7410107408157507,False
2025-06-30,2025-05-30,VCFC_option_a_vt_L126_C12_g0p25_mkt_vol,0.039736658933197666,0.03974148953239394,4.830599196274443e-06,0.039736658933197666,0.05311050191850699,0.030058402927735973,0.0,-0.013373842985309324,0.009678256005461693,0.009661198392548885,0.7313495424232018,1.0,0.7313495424232018,False
2025-07-31,2025-06-30,VCFC_option_a_vt_L126_C12_g0p25_mkt_vol,0.0169198569711622,0.016921804336194547,1.947365032345289e-06,0.0169198569711622,0.021731157091000083,0.01873291674745074,0.0,-0.004811300119837884,-0.0018130597762885392,0.0038947300646905783,0.7352442724878924,1.0,0.7352442724878924,False
2025-08-29,2025-07-31,VCFC_option_a_vt_L126_C12_g0p25_mkt_vol,0.018479594912301122,0.018485436905914508,5.841993613384441e-06,0.018479594912301122,0.023492417640570817,0.028985176483954784,0.0,-0.005012822728269695,-0.010505581571653662,0.011683987226768881,0.7469282597146613,1.0,0.7469282597146613,False
2025-09-30,2025-08-29,VCFC_option_a_vt_L126_C12_g0p25_mkt_vol,0.028180448933672532,0.028180753269170234,3.043354977025486e-07,0.028180448933672532,0.036637047859041955,0.01791722220097044,0.0,-0.008456598925369423,0.01026322673270209,0.0006086709954050973,0.7463195887192562,1.0,0.7463195887192562,False
2025-10-31,2025-09-30,VCFC_option_a_vt_L126_C12_g0p25_mkt_vol,0.020877030725990762,0.020899753812339435,2.2723086348673646e-05,0.020877030725990762,0.025473166388791057,0.0037470689029656303,0.0,-0.004596135662800295,0.017129961823025133,0.04544617269734729,0.7917657614166035,1.0,0.7917657614166035,False
2025-11-28,2025-10-31,VCFC_option_a_vt_L126_C12_g0p25_mkt_vol,0.000895836450480862,0.0009999535697725603,0.00010411711929169827,0.000895836450480862,0.0009999535697725603,0.0004872196501073176,0.0,-0.0001041171192916983,0.00040861680037354445,0.2082342385833965,1.0,1.0,1.0,False
2025-12-31,2025-11-28,VCFC_option_a_vt_L126_C12_g0p25_mkt_vol,-0.000858926801705129,-0.000858926801705129,0.0,-0.000858926801705129,-0.000858926801705129,0.0003658333844512846,0.0,0.0,-0.0012247601861564137,0.0,1.0,1.0,1.0,False
2026-01-30,2025-12-31,VCFC_option_a_vt_L126_C12_g0p25_mkt_vol,0.018321109435609093,0.018321109435609093,0.0,0.018321109435609093,0.018321109435609093,0.020255470442650792,0.0,0.0,-0.0019343610070416996,0.0,1.0,1.0,1.0,False
2026-02-27,2026-01-30,VCFC_option_a_vt_L126_C12_g0p25_mkt_vol,-0.008276224872126614,-0.008276224872126614,0.0,-0.008276224872126614,-0.008276224872126614,0.00566679631201618,0.0,0.0,-0.013943021184142795,0.0,1.0,1.0,1.0,False
2026-03-31,2026-02-27,VCFC_option_a_vt_L126_C12_g0p25_mkt_vol,-0.04875076864478462,-0.04875076864478462,0.0,-0.04875076864478462,-0.04875076864478462,-0.03287538289017696,0.0,0.0,-0.01587538575460766,0.0,1.0,1.0,1.0,False
2026-04-30,2026-03-31,VCFC_option_a_vt_L126_C12_g0p25_mkt_vol,0.03066761835217436,0.03104261835217436,0.000375,0.11550314358796829,0.11550314358796829,0.05927159621781441,-0.08483552523579393,-0.08483552523579393,-0.02860397786564005,0.75,1.0,0.25,0.25,True
2026-05-29,2026-04-30,VCFC_option_a_vt_L126_C12_g0p25_mkt_vol,0.017198821691451656,0.017198821691451656,0.0,0.05927327669775486,0.05927327669775486,0.01904219128586019,-0.042074455006303205,-0.042074455006303205,-0.0018433695944085338,0.0,1.0,0.25,0.25,True
2026-06-30,2026-05-29,VCFC_option_a_vt_L126_C12_g0p25_mkt_vol,-0.0002361373657036658,0.00013886263429633422,0.000375,0.00013886263429633422,0.00013886263429633422,0.0020969301930664286,-0.000375,-0.000375,-0.0023330675587700943,0.75,1.0,1.0,1.0,False
2026-07-31,2026-06-30,VCFC_option_a_vt_L126_C12_g0p25_mkt_vol,-0.0016158915438538642,-0.0012408915438538643,0.000375,-0.01507607042077549,-0.01507607042077549,-0.004485022158435058,0.013460178876921625,0.013460178876921625,0.0028691306145811933,0.75,1.0,0.25,0.25,True
2026-08-31,2026-07-31,VCFC_option_a_vt_L126_C12_g0p25_mkt_vol,0.008661536022282507,0.008661536022282507,0.0,0.026342601813735263,0.026342601813735263,0.02814977980592025,-0.017681065791452757,-0.017681065791452757,-0.019488243783637744,0.0,1.0,0.25,0.25,True
2026-09-16,2026-08-31,VCFC_option_a_vt_L126_C12_g0p25_mkt_vol,-0.002588779826326554,-0.002588779826326554,0.0,-0.014622921224928498,-0.014622921224928498,-0.02010020652988051,0.012034141398601945,0.012034141398601945,0.017511426703553955,0.0,1.0,0.25,0.25,True
2021-05-28,2021-04-30,VCFC_option_a_vt_L126_C12_g0p5_mkt_vol,0.002173674483411714,0.002173674483411714,0.0,0.004456674635544555,0.004456674635544555,-0.002103869340104195,-0.0022830001521328414,-0.0022830001521328414,0.004277543823515909,0.0,1.0,0.5,0.5,True
2021-06-30,2021-05-28,VCFC_option_a_vt_L126_C12_g0p5_mkt_vol,0.01429794577649003,0.01429794577649003,0.0,0.028814765955021217,0.028814765955021217,0.006261945581678417,-0.014516820178531188,-0.014516820178531188,0.008036000194811613,0.0,1.0,0.5,0.5,True
2021-07-30,2021-06-30,VCFC_option_a_vt_L126_C12_g0p5_mkt_vol,0.010126979275230845,0.010126979275230845,0.0,0.020363120907655515,0.020363120907655515,0.008515954408507819,-0.01023614163242467,-0.01023614163242467,0.0016110248667230258,0.0,1.0,0.5,0.5,True
2021-08-31,2021-07-30,VCFC_option_a_vt_L126_C12_g0p5_mkt_vol,0.030721460327742273,0.030971460327742274,0.00025,0.030971460327742274,0.030971460327742274,0.026327827017288648,-0.0002500000000000002,-0.0002500000000000002,0.004393633310453626,0.5,1.0,1.0,1.0,False
2021-09-30,2021-08-31,VCFC_option_a_vt_L126_C12_g0p5_mkt_vol,-0.046385335726389115,-0.046385335726389115,0.0,-0.046385335726389115,-0.046385335726389115,-0.03178743105741398,0.0,0.0,-0.014597904668975134,0.0,1.0,1.0,1.0,False
2021-10-29,2021-09-30,VCFC_option_a_vt_L126_C12_g0p5_mkt_vol,0.06863896747251708,0.06863896747251708,0.0,0.06863896747251708,0.06863896747251708,0.05335158751244383,0.0,0.0,0.015287379960073247,0.0,1.0,1.0,1.0,False
2021-11-30,2021-10-29,VCFC_option_a_vt_L126_C12_g0p5_mkt_vol,-0.003616834602133967,-0.003616834602133967,0.0,-0.003616834602133967,-0.003616834602133967,-0.015932730931884572,0.0,0.0,0.012315896329750605,0.0,1.0,1.0,1.0,False
2021-12-31,2021-11-30,VCFC_option_a_vt_L126_C12_g0p5_mkt_vol,0.03864778567716913,0.03864778567716913,0.0,0.03864778567716913,0.03864778567716913,0.011867957451470216,0.0,0.0,0.026779828225698916,0.0,1.0,1.0,1.0,False
2022-01-31,2021-12-31,VCFC_option_a_vt_L126_C12_g0p5_mkt_vol,-0.0613129805974495,-0.0613129805974495,0.0,-0.0613129805974495,-0.0613129805974495,-0.05600866827597609,0.0,0.0,-0.005304312321473416,0.0,1.0,1.0,1.0,False
2022-02-28,2022-01-31,VCFC_option_a_vt_L126_C12_g0p5_mkt_vol,-0.02771378023555342,-0.02770452405328696,9.256182266461792e-06,-0.02771378023555342,-0.028222946678299776,-0.0032662319691959137,0.0,0.0005091664427463553,-0.02444754826635751,0.018512364532923584,0.9814876354670764,1.0,0.9814876354670764,False
2022-03-31,2022-02-28,VCFC_option_a_vt_L126_C12_g0p5_mkt_vol,0.03219655334396795,0.03223740094434488,4.084760037693364e-05,0.03219655334396795,0.035776417208131274,0.011031310969034213,0.0,-0.003579863864163327,0.021165242374933734,0.08169520075386727,0.8997924347132091,1.0,0.8997924347132091,False
2022-04-29,2022-03-31,VCFC_option_a_vt_L126_C12_g0p5_mkt_vol,-0.07997411143257387,-0.07993950187092172,3.460956165214891e-05,-0.07997411143257387,-0.09622387963195574,-0.06674416805259342,0.0,0.01624976819938187,-0.013229943379980444,0.06921912330429783,0.8305733114089113,1.0,0.8305733114089113,False
2022-05-31,2022-04-29,VCFC_option_a_vt_L126_C12_g0p5_mkt_vol,0.000202578715815686,0.0004252354279647748,0.00022265671214908878,0.0004922590938187721,0.0005800939975287407,-0.00955119192544047,-0.0002896803780030861,-0.00037751528171305466,0.009753770641256156,0.44531342429817755,0.7705197742214674,0.5,0.3852598871107337,True
2022-06-30,2022-05-31,VCFC_option_a_vt_L126_C12_g0p5_mkt_vol,-0.030117115170317905,-0.030105545114427416,1.1570055890488065e-05,-0.06101109831969144,-0.08450544797665417,-0.07922515209974176,0.030893983149373534,0.054388332806336266,0.04910803692942386,0.02314011178097613,0.7242395506595153,0.5,0.36211977532975764,True
2022-07-29,2022-06-30,VCFC_option_a_vt_L126_C12_g0p5_mkt_vol,0.035524273472587256,0.03552825043974286,3.976967155604709e-06,0.07068798184023353,0.09965779047727749,0.08310879993855326,-0.035163708367646276,-0.06413351700469024,-0.047584526465966004,0.007953934311209419,0.7083316820370964,0.5,0.3541658410185482,True
2022-08-31,2022-07-29,VCFC_option_a_vt_L126_C12_g0p5_mkt_vol,-0.013805780812798955,-0.013802481292428155,3.2995203707998425e-06,-0.029548639379009475,-0.043347912163053726,-0.034721724319496744,0.01574285856621052,0.02954213135025477,0.020915943506697787,0.006599040741599685,0.6951336005538971,0.5,0.34756680027694853,True
2022-09-30,2022-08-31,VCFC_option_a_vt_L126_C12_g0p5_mkt_vol,-0.03300620510450664,-0.033000091917094146,6.113187412493894e-06,-0.06808028487352726,-0.0953991397436184,-0.07489454271196853,0.03507407976902061,0.062392934639111754,0.04188833760746189,0.012226374824987788,0.7195863502038726,0.5,0.3597931751019363,True
2022-10-31,2022-09-30,VCFC_option_a_vt_L126_C12_g0p5_mkt_vol,0.029131056722285477,0.029133481658809694,2.4249365242172675e-06,0.05667660582252128,0.07713329106806736,0.054918824806159824,-0.0275455491002358,-0.04800223434578189,-0.025787768083874348,0.004849873048434535,0.7292860963007417,0.5,0.36464304815037085,True
2022-11-30,2022-10-31,VCFC_option_a_vt_L126_C12_g0p5_mkt_vol,0.021659314960094496,0.02166001537846093,7.004183664345125e-07,0.04016668261330837,0.05371437666554614,0.033917855641739554,-0.018507367653213876,-0.032055061705451644,-0.012258540681645058,0.001400836732869025,0.7320877697664797,0.5,0.36604388488323986,True
2022-12-30,2022-11-30,VCFC_option_a_vt_L126_C12_g0p5_mkt_vol,-0.022413250617551186,-0.02240643935696287,6.8112605883183905e-06,-0.048452080469289865,-0.0649399250497098,-0.04203555868820332,0.02603882985173868,0.042526674432158615,0.019622308070652135,0.01362252117663678,0.7593328121197532,0.5,0.3796664060598766,True
2023-01-31,2022-12-30,VCFC_option_a_vt_L126_C12_g0p5_mkt_vol,0.03255896129694047,0.03257548050018559,1.6519203245124597e-05,0.062275536192055496,0.07488684334585213,0.08146583582694766,-0.029716574895115026,-0.042327882048911664,-0.048906874530007194,0.033038406490249195,0.8254096251002517,0.5,0.41270481255012587,True
2023-02-28,2023-01-31,VCFC_option_a_vt_L126_C12_g0p5_mkt_vol,-0.006082788563822545,-0.006080536520819231,2.2520430033141463e-06,-0.015623291363750725,-0.019404335902135483,-0.022293759248678293,0.00954050279992818,0.013321547338312938,0.016210970684855747,0.0045040860066282926,0.8344177971135083,0.5,0.41720889855675414,True
2023-03-31,2023-02-28,VCFC_option_a_vt_L126_C12_g0p5_mkt_vol,0.019220497024483637,0.019224794207342463,4.297182858824245e-06,0.03444973314682153,0.03976725085646346,0.024362600966729507,-0.015229236122337893,-0.020546753831979823,-0.00514210394224587,0.008594365717648489,0.8516065285488053,0.5,0.4258032642744026,True
2023-04-28,2023-03-31,VCFC_option_a_vt_L126_C12_g0p5_mkt_vol,0.006164895564643377,0.006174230153388908,9.334588745530208e-06,0.00869947457221884,0.009353761606251308,0.0025753932952817782,-0.002534579007575463,-0.003188866041607931,0.003589502269361599,0.018669177491060417,0.888944883530926,0.5,0.444472441765463,True
2023-05-31,2023-04-28,VCFC_option_a_vt_L126_C12_g0p5_mkt_vol,0.010454741893479183,0.010479089880134858,2.4347986655675285e-05,0.01715788747124239,0.01739296782035915,-0.015417009573994061,-0.006703145577763206,-0.006938225926879968,0.025871751467473246,0.048695973311350574,0.9863368301536272,0.5,0.4931684150768136,True
2023-06-30,2023-05-31,VCFC_option_a_vt_L126_C12_g0p5_mkt_vol,0.03554952190145025,0.035552937693911844,3.4157924615931895e-06,0.06649294406364153,0.06649977564856473,0.055430945263364284,-0.030943422162191286,-0.03095025374711448,-0.019881423361914036,0.00683158492318638,1.0,0.5,0.5,True
2023-07-31,2023-06-30,VCFC_option_a_vt_L126_C12_g0p5_mkt_vol,0.02012514427240434,0.02012514427240434,0.0,0.03639011695856238,0.03639011695856238,0.027840048953493752,-0.016264972686158043,-0.016264972686158043,-0.007714904681089412,0.0,1.0,0.5,0.5,True
2023-08-31,2023-07-31,VCFC_option_a_vt_L126_C12_g0p5_mkt_vol,-0.018979246956048128,-0.018729246956048128,0.00025,-0.018729246956048128,-0.018729246956048128,-0.019688768589620823,-0.0002500000000000002,-0.0002500000000000002,0.0007095216335726955,0.5,1.0,1.0,1.0,False
2023-09-29,2023-08-31,VCFC_option_a_vt_L126_C12_g0p5_mkt_vol,-0.049166409568289916,-0.049166409568289916,0.0,-0.049166409568289916,-0.049166409568289916,-0.0356707903414096,0.0,0.0,-0.013495619226880314,0.0,1.0,1.0,1.0,False
2023-10-31,2023-09-29,VCFC_option_a_vt_L126_C12_g0p5_mkt_vol,-0.02515080320447248,-0.02515080320447248,0.0,-0.02515080320447248,-0.02515080320447248,-0.010286967291063064,0.0,0.0,-0.014863835913409416,0.0,1.0,1.0,1.0,False
2023-11-30,2023-10-31,VCFC_option_a_vt_L126_C12_g0p5_mkt_vol,0.09410649585508923,0.09410649585508923,0.0,0.09410649585508923,0.09410649585508923,0.07342340300273398,0.0,0.0,0.020683092852355256,0.0,1.0,1.0,1.0,False
2023-12-29,2023-11-30,VCFC_option_a_vt_L126_C12_g0p5_mkt_vol,0.0560483041855849,0.0560483041855849,0.0,0.0560483041855849,0.0560483041855849,0.06118198481063909,0.0,0.0,-0.0051336806250541905,0.0,1.0,1.0,1.0,False
2024-01-31,2023-12-29,VCFC_option_a_vt_L126_C12_g0p5_mkt_vol,0.010967034945244744,0.010967034945244744,0.0,0.010967034945244744,0.010967034945244744,-0.0038769636320920074,0.0,0.0,0.014843998577336752,0.0,1.0,1.0,1.0,False
2024-02-29,2024-01-31,VCFC_option_a_vt_L126_C12_g0p5_mkt_vol,0.05025259678955492,0.05025259678955492,0.0,0.05025259678955492,0.05025259678955492,0.04551693712860331,0.0,0.0,0.004735659660951609,0.0,1.0,1.0,1.0,False
2024-03-28,2024-02-29,VCFC_option_a_vt_L126_C12_g0p5_mkt_vol,0.028829906886884207,0.028829906886884207,0.0,0.028829906886884207,0.028829906886884207,0.02547003177787957,0.0,0.0,0.003359875109004637,0.0,1.0,1.0,1.0,False
2024-04-30,2024-03-28,VCFC_option_a_vt_L126_C12_g0p5_mkt_vol,-0.04237666198994755,-0.04237666198994755,0.0,-0.04237666198994755,-0.04237666198994755,-0.04288326171141131,0.0,0.0,0.0005065997214637602,0.0,1.0,1.0,1.0,False
2024-05-31,2024-04-30,VCFC_option_a_vt_L126_C12_g0p5_mkt_vol,0.053030701309268305,0.053030701309268305,0.0,0.053030701309268305,0.053030701309268305,0.05097339442985062,0.0,0.0,0.0020573068794176863,0.0,1.0,1.0,1.0,False
2024-06-28,2024-05-31,VCFC_option_a_vt_L126_C12_g0p5_mkt_vol,0.03503583738929902,0.03503583738929902,0.0,0.03503583738929902,0.03503583738929902,-0.0028313385976783453,0.0,0.0,0.037867175986977364,0.0,1.0,1.0,1.0,False
2024-07-31,2024-06-28,VCFC_option_a_vt_L126_C12_g0p5_mkt_vol,0.01566935716482927,0.01566935716482927,0.0,0.01566935716482927,0.01566935716482927,0.03597861121143071,0.0,0.0,-0.020309254046601437,0.0,1.0,1.0,1.0,False
2024-08-30,2024-07-31,VCFC_option_a_vt_L126_C12_g0p5_mkt_vol,0.017595112654305856,0.017595112654305856,0.0,0.017595112654305856,0.017595112654305856,0.0031838537968577317,0.0,0.0,0.014411258857448124,0.0,1.0,1.0,1.0,False
2024-09-30,2024-08-30,VCFC_option_a_vt_L126_C12_g0p5_mkt_vol,0.0212480370246648,0.0212480370246648,0.0,0.0212480370246648,0.0212480370246648,0.017865080541602667,0.0,0.0,0.0033829564830621314,0.0,1.0,1.0,1.0,False
2024-10-31,2024-09-30,VCFC_option_a_vt_L126_C12_g0p5_mkt_vol,-0.003748282505680661,-0.0034982825056806607,0.00025,-0.010944704002496208,-0.010944704002496208,-0.013586698323554778,0.007196421496815547,0.007196421496815547,0.009838415817874117,0.5,1.0,0.5,0.5,True
2024-11-29,2024-10-31,VCFC_option_a_vt_L126_C12_g0p5_mkt_vol,0.06275882508007052,0.06300882508007052,0.00025,0.06300882508007052,0.06300882508007052,0.06322239699706261,-0.0002500000000000002,-0.0002500000000000002,-0.00046357191699208933,0.5,1.0,1.0,1.0,False
2024-12-31,2024-11-29,VCFC_option_a_vt_L126_C12_g0p5_mkt_vol,-0.009991439001755153,-0.009741439001755153,0.00025,-0.023514198759744885,-0.023514198759744885,-0.03873290071229025,0.013522759757989732,0.013522759757989732,0.028741461710535095,0.5,1.0,0.5,0.5,True
2025-01-31,2024-12-31,VCFC_option_a_vt_L126_C12_g0p5_mkt_vol,0.01473651271566221,0.01473651271566221,0.0,0.025973090009227387,0.025973090009227387,0.024865846101993896,-0.011236577293565177,-0.011236577293565177,-0.010129333386331686,0.0,1.0,0.5,0.5,True
2025-02-28,2025-01-31,VCFC_option_a_vt_L126_C12_g0p5_mkt_vol,-0.008281389057881528,-0.008281389057881528,0.0,-0.019800635617923158,-0.019800635617923158,-0.01960003074506583,0.01151924656004163,0.01151924656004163,0.011318641687184302,0.0,1.0,0.5,0.5,True
2025-03-31,2025-02-28,VCFC_option_a_vt_L126_C12_g0p5_mkt_vol,-0.06090372203039303,-0.06065372203039303,0.00025,-0.06065372203039303,-0.06065372203039303,-0.030775251152640976,-0.0002500000000000002,-0.0002500000000000002,-0.030128470877752053,0.5,1.0,1.0,1.0,False
2025-04-30,2025-03-31,VCFC_option_a_vt_L126_C12_g0p5_mkt_vol,-0.0020457382885242237,-0.0017957382885242235,0.00025,-0.006993605981343187,-0.006993605981343187,-0.0028776599343611586,0.0049478676928189635,0.0049478676928189635,0.0008319216458369349,0.5,1.0,0.5,0.5,True
2025-05-30,2025-04-30,VCFC_option_a_vt_L126_C12_g0p5_mkt_vol,0.050826555374784504,0.05094706074519238,0.00012050537040787535,0.05081756611560026,0.06748401572036392,0.04378428146052401,8.989259184244425e-06,-0.01665746034557941,0.007042273914260495,0.2410107408157507,0.7410107408157507,1.0,0.7410107408157507,False
2025-06-30,2025-05-30,VCFC_option_a_vt_L126_C12_g0p5_mkt_vol,0.039736658933197666,0.03974148953239394,4.830599196274443e-06,0.039736658933197666,0.05311050191850699,0.030058402927735973,0.0,-0.013373842985309324,0.009678256005461693,0.009661198392548885,0.7313495424232018,1.0,0.7313495424232018,False
2025-07-31,2025-06-30,VCFC_option_a_vt_L126_C12_g0p5_mkt_vol,0.0169198569711622,0.016921804336194547,1.947365032345289e-06,0.0169198569711622,0.021731157091000083,0.01873291674745074,0.0,-0.004811300119837884,-0.0018130597762885392,0.0038947300646905783,0.7352442724878924,1.0,0.7352442724878924,False
2025-08-29,2025-07-31,VCFC_option_a_vt_L126_C12_g0p5_mkt_vol,0.018479594912301122,0.018485436905914508,5.841993613384441e-06,0.018479594912301122,0.023492417640570817,0.028985176483954784,0.0,-0.005012822728269695,-0.010505581571653662,0.011683987226768881,0.7469282597146613,1.0,0.7469282597146613,False
2025-09-30,2025-08-29,VCFC_option_a_vt_L126_C12_g0p5_mkt_vol,0.028180448933672532,0.028180753269170234,3.043354977025486e-07,0.028180448933672532,0.036637047859041955,0.01791722220097044,0.0,-0.008456598925369423,0.01026322673270209,0.0006086709954050973,0.7463195887192562,1.0,0.7463195887192562,False
2025-10-31,2025-09-30,VCFC_option_a_vt_L126_C12_g0p5_mkt_vol,0.020877030725990762,0.020899753812339435,2.2723086348673646e-05,0.020877030725990762,0.025473166388791057,0.0037470689029656303,0.0,-0.004596135662800295,0.017129961823025133,0.04544617269734729,0.7917657614166035,1.0,0.7917657614166035,False
2025-11-28,2025-10-31,VCFC_option_a_vt_L126_C12_g0p5_mkt_vol,0.000895836450480862,0.0009999535697725603,0.00010411711929169827,0.000895836450480862,0.0009999535697725603,0.0004872196501073176,0.0,-0.0001041171192916983,0.00040861680037354445,0.2082342385833965,1.0,1.0,1.0,False
2025-12-31,2025-11-28,VCFC_option_a_vt_L126_C12_g0p5_mkt_vol,-0.000858926801705129,-0.000858926801705129,0.0,-0.000858926801705129,-0.000858926801705129,0.0003658333844512846,0.0,0.0,-0.0012247601861564137,0.0,1.0,1.0,1.0,False
2026-01-30,2025-12-31,VCFC_option_a_vt_L126_C12_g0p5_mkt_vol,0.018321109435609093,0.018321109435609093,0.0,0.018321109435609093,0.018321109435609093,0.020255470442650792,0.0,0.0,-0.0019343610070416996,0.0,1.0,1.0,1.0,False
2026-02-27,2026-01-30,VCFC_option_a_vt_L126_C12_g0p5_mkt_vol,-0.008276224872126614,-0.008276224872126614,0.0,-0.008276224872126614,-0.008276224872126614,0.00566679631201618,0.0,0.0,-0.013943021184142795,0.0,1.0,1.0,1.0,False
2026-03-31,2026-02-27,VCFC_option_a_vt_L126_C12_g0p5_mkt_vol,-0.04875076864478462,-0.04875076864478462,0.0,-0.04875076864478462,-0.04875076864478462,-0.03287538289017696,0.0,0.0,-0.01587538575460766,0.0,1.0,1.0,1.0,False
2026-04-30,2026-03-31,VCFC_option_a_vt_L126_C12_g0p5_mkt_vol,0.05894612676410567,0.05919612676410567,0.00025,0.11550314358796829,0.11550314358796829,0.05927159621781441,-0.05655701682386262,-0.05655701682386262,-0.0003254694537087391,0.5,1.0,0.5,0.5,True
2026-05-29,2026-04-30,VCFC_option_a_vt_L126_C12_g0p5_mkt_vol,0.031223640026886056,0.031223640026886056,0.0,0.05927327669775486,0.05927327669775486,0.01904219128586019,-0.028049636670868804,-0.028049636670868804,0.012181448741025867,0.0,1.0,0.5,0.5,True
2026-06-30,2026-05-29,VCFC_option_a_vt_L126_C12_g0p5_mkt_vol,-0.00011113736570366579,0.00013886263429633422,0.00025,0.00013886263429633422,0.00013886263429633422,0.0020969301930664286,-0.00025,-0.00025,-0.0022080675587700946,0.5,1.0,1.0,1.0,False
2026-07-31,2026-06-30,VCFC_option_a_vt_L126_C12_g0p5_mkt_vol,-0.006102617836161073,-0.005852617836161073,0.00025,-0.01507607042077549,-0.01507607042077549,-0.004485022158435058,0.008973452584614416,0.008973452584614416,-0.0016175956777260154,0.5,1.0,0.5,0.5,True
2026-08-31,2026-07-31,VCFC_option_a_vt_L126_C12_g0p5_mkt_vol,0.014555224619433425,0.014555224619433425,0.0,0.026342601813735263,0.026342601813735263,0.02814977980592025,-0.011787377194301838,-0.011787377194301838,-0.013594555186486825,0.0,1.0,0.5,0.5,True
2026-09-16,2026-08-31,VCFC_option_a_vt_L126_C12_g0p5_mkt_vol,-0.006600160292527202,-0.006600160292527202,0.0,-0.014622921224928498,-0.014622921224928498,-0.02010020652988051,0.008022760932401295,0.008022760932401295,0.013500046237353309,0.0,1.0,0.5,0.5,True
