date,decision_date,trial_id,construction_tag,r_method,r_null_a,r_null_b,r_null_c,r_active_vs_a,turnover
2003-06-30,2003-05-30,rr_erc_pathA_stress_sw12_lam25_cat,stress_corr_overlay,0.01835798031240272,0.01835798031240272,0.017741876870549286,0.027050254340137726,0.0,0.0
2003-07-31,2003-06-30,rr_erc_pathA_stress_sw12_lam25_cat,stress_corr_overlay,0.03252954885826728,0.03252954885826728,0.03344681178889708,0.028699608730658657,0.0,0.0018763715695390148
2003-08-29,2003-07-31,rr_erc_pathA_stress_sw12_lam25_cat,stress_corr_overlay,0.035760425900180026,0.035760425900180026,0.03711803213378906,0.029441728671089365,0.0,0.25210215562162497
2003-09-30,2003-08-29,rr_erc_pathA_stress_sw12_lam25_cat,stress_corr_overlay,-0.010684067589647909,-0.010684067589647909,-0.012439680908941734,0.008903078229447815,0.0,0.003617984890847935
2003-10-31,2003-09-30,rr_erc_pathA_stress_sw12_lam25_cat,stress_corr_overlay,0.072596078037439,0.072596078037439,0.074057090810089,0.06279364537558679,0.0,0.0008444481491354655
2003-11-28,2003-10-31,rr_erc_pathA_stress_sw12_lam25_cat,stress_corr_overlay,0.024306083229633377,0.024306083229633377,0.026041040813198617,0.009597315041338721,0.0,0.0065336364249406545
2003-12-31,2003-11-28,rr_erc_pathA_stress_sw12_lam25_cat,stress_corr_overlay,0.039027184044049174,0.039027184044049174,0.035478059297238296,0.06605372609814648,0.0,0.0006025177085533448
2004-01-30,2003-12-31,rr_erc_pathA_stress_sw12_lam25_cat,stress_corr_overlay,0.024374773567035705,0.024374773567035705,0.025521209032147146,0.016679304749451954,0.0,0.004911953044333679
2004-02-27,2004-01-30,rr_erc_pathA_stress_sw12_lam25_cat,stress_corr_overlay,0.01779739379019034,0.01779739379019034,0.01748460675213387,0.018937879511278097,0.0,0.00040064583879995813
2004-03-31,2004-02-27,rr_erc_pathA_stress_sw12_lam25_cat,stress_corr_overlay,0.005307603234964522,0.005307603234964522,0.005647829100346382,0.005545045510469977,0.0,0.00035058197683919545
2004-04-30,2004-03-31,rr_erc_pathA_stress_sw12_lam25_cat,stress_corr_overlay,-0.034578110238371436,-0.034578110238371436,-0.035534755665310565,-0.028664839501071813,0.0,5.3178764957584335e-05
2004-05-28,2004-04-30,rr_erc_pathA_stress_sw12_lam25_cat,stress_corr_overlay,0.015440866614617441,0.015440866614617441,0.016219558252500463,0.007428015480127308,0.0,0.0015863729464808685
2004-06-30,2004-05-28,rr_erc_pathA_stress_sw12_lam25_cat,stress_corr_overlay,0.03383348001578084,0.03383348001578084,0.03480329810596539,0.028821144716047787,0.0,0.00023343758041582258
2004-07-30,2004-06-30,rr_erc_pathA_stress_sw12_lam25_cat,stress_corr_overlay,-0.04480779815471955,-0.04480779815471955,-0.04694932832808394,-0.030691134621927123,0.0,0.0010917209938285308
2004-08-31,2004-07-30,rr_erc_pathA_stress_sw12_lam25_cat,stress_corr_overlay,0.0008310759427061923,0.0008310759427061923,-0.000811192918627926,0.011126010619336822,0.0,0.0024826192304032574
2004-09-30,2004-08-31,rr_erc_pathA_stress_sw12_lam25_cat,stress_corr_overlay,0.02860729640912732,0.02860729640912732,0.030597729486258943,0.014344395310152452,0.0,0.21147304119188626
2004-10-29,2004-09-30,rr_erc_pathA_stress_sw12_lam25_cat,stress_corr_overlay,0.01951939073799926,0.01951939073799926,0.019887090418697708,0.019579651969518243,0.0,0.0008185826833242912
2004-11-30,2004-10-29,rr_erc_pathA_stress_sw12_lam25_cat,stress_corr_overlay,0.06454151918406183,0.06454151918406183,0.06588344984472241,0.05253418283679831,0.0,0.0004694125809974192
2004-12-31,2004-11-30,rr_erc_pathA_stress_sw12_lam25_cat,stress_corr_overlay,0.033418132513141435,0.033418132513141435,0.03306751755863522,0.03731571006975962,0.0,0.001878176131375267
2005-01-31,2004-12-31,rr_erc_pathA_stress_sw12_lam25_cat,stress_corr_overlay,-0.02560080915722508,-0.02560080915722508,-0.025853630991336862,-0.02215959374983942,0.0,0.00116745154092298
2005-02-28,2005-01-31,rr_erc_pathA_stress_sw12_lam25_cat,stress_corr_overlay,0.02732702097828916,0.02732702097828916,0.02704683029553886,0.030097675266303612,0.0,0.0011401206923982929
2005-03-31,2005-02-28,rr_erc_pathA_stress_sw12_lam25_cat,stress_corr_overlay,-0.019417578537591934,-0.019417578537591934,-0.019998107151286384,-0.017235752625721357,0.0,0.0005039333420534045
2005-04-29,2005-03-31,rr_erc_pathA_stress_sw12_lam25_cat,stress_corr_overlay,-0.03472353737081132,-0.03472353737081132,-0.03669585907377671,-0.02028913043767162,0.0,0.0005090743823151014
2005-05-31,2005-04-29,rr_erc_pathA_stress_sw12_lam25_cat,stress_corr_overlay,0.04454955907317707,0.04454955907317707,0.04724819015196745,0.020831800204903543,0.0,0.001791262937899378
2005-06-30,2005-05-31,rr_erc_pathA_stress_sw12_lam25_cat,stress_corr_overlay,0.022603498032382575,0.022603498032382575,0.023737153407844384,0.01168137381253368,0.0,0.0017280705664632426
2005-07-29,2005-06-30,rr_erc_pathA_stress_sw12_lam25_cat,stress_corr_overlay,0.04756545708758923,0.04756545708758923,0.049479414834644755,0.029745446917003773,0.0,0.00046886891757554755
2005-08-31,2005-07-29,rr_erc_pathA_stress_sw12_lam25_cat,stress_corr_overlay,0.0060476683896887795,0.006047668389688779,-0.0036081720768856027,0.011374381991333886,8.673617379884035e-19,0.45331305981573333
2005-09-30,2005-08-31,rr_erc_pathA_stress_sw12_lam25_cat,stress_corr_overlay,-0.002345399682249528,-0.002345399682249528,0.00797819670265789,-0.0106908782164406,0.0,0.002037195746192301
2005-10-31,2005-09-30,rr_erc_pathA_stress_sw12_lam25_cat,stress_corr_overlay,-0.02162491025494615,-0.02162491025494615,-0.028313273923346448,-0.015931763415154995,0.0,0.006706246517624151
2005-11-30,2005-10-31,rr_erc_pathA_stress_sw12_lam25_cat,stress_corr_overlay,0.02831024475154881,0.02831024475154881,0.04282494849954321,0.019690773980323324,0.0,0.004816609603239014
2005-12-30,2005-11-30,rr_erc_pathA_stress_sw12_lam25_cat,stress_corr_overlay,0.010075953859963347,0.010075953859963347,0.005708781824457073,0.011850795946152695,0.0,0.001972384813660761
2006-01-31,2005-12-30,rr_erc_pathA_stress_sw12_lam25_cat,stress_corr_overlay,0.027908919416515025,0.027908919416515025,0.050713860355906255,0.0076617440654677335,0.0,0.0003903490021071286
2006-02-28,2006-01-31,rr_erc_pathA_stress_sw12_lam25_cat,stress_corr_overlay,0.001707356929856452,0.001707356929856452,0.0005694159346649768,0.0017860234502854087,0.0,0.006051186992792005
2006-03-31,2006-02-28,rr_erc_pathA_stress_sw12_lam25_cat,stress_corr_overlay,0.009068742148824504,0.009068742148824504,0.028118018283418932,-0.00684133533984275,0.0,0.0006002199338719719
2006-04-28,2006-03-31,rr_erc_pathA_stress_sw12_lam25_cat,stress_corr_overlay,0.0018937813529202215,0.0018937813529202215,0.009067010242431782,-0.0050722833899721955,0.0,0.0006631943519318402
2006-05-31,2006-04-28,rr_erc_pathA_stress_sw12_lam25_cat,stress_corr_overlay,-0.022381422785792544,-0.022381422785792544,-0.0368816949492967,-0.011844953921915171,0.0,0.002542455593184202
2006-06-30,2006-05-31,rr_erc_pathA_stress_sw12_lam25_cat,stress_corr_overlay,0.0024330328345118207,0.0024330328345118207,0.00040823098702776403,0.00395975791274638,0.0,0.004390209299351484
2006-07-31,2006-06-30,rr_erc_pathA_stress_sw12_lam25_cat,stress_corr_overlay,-0.0011569364245196964,-0.0011569364245196964,-0.013129957251387379,0.007228663145280752,0.0,0.000550317654668727
2006-08-31,2006-07-31,rr_erc_pathA_stress_sw12_lam25_cat,stress_corr_overlay,0.01953936310332352,0.01953936310332352,0.02025572412451341,0.019017631398639507,0.0,0.0034774919233393348
2006-09-29,2006-08-31,rr_erc_pathA_stress_sw12_lam25_cat,stress_corr_overlay,0.012559370359981892,0.012559370359981892,0.012501215443038526,0.015035116710933145,0.0,0.0031046430788568835
2006-10-31,2006-09-29,rr_erc_pathA_stress_sw12_lam25_cat,stress_corr_overlay,0.025439384726298746,0.025439384726298746,0.03878913676877088,0.014588763175219212,0.0,0.0008667236739347654
2006-11-30,2006-10-31,rr_erc_pathA_stress_sw12_lam25_cat,stress_corr_overlay,0.021088931049410137,0.021088931049410137,0.026022701174036374,0.017698857583562197,0.0,0.0008768782405330668
2006-12-29,2006-11-30,rr_erc_pathA_stress_sw12_lam25_cat,stress_corr_overlay,-0.001845454974438396,-0.001845454974438396,0.004465569276127871,-0.007666238512726748,0.0,0.0019446044957155233
2007-01-31,2006-12-29,rr_erc_pathA_stress_sw12_lam25_cat,stress_corr_overlay,0.010509589800744104,0.010509589800744104,0.019881656863875677,0.0038461254210709144,0.0,0.0036742443498860924
2007-02-28,2007-01-31,rr_erc_pathA_stress_sw12_lam25_cat,stress_corr_overlay,0.0067573583753372584,0.0067573583753372584,-0.0015472457203371277,0.010894142118622673,0.0,0.00034842533151900265
2007-03-30,2007-02-28,rr_erc_pathA_stress_sw12_lam25_cat,stress_corr_overlay,0.005183705042701525,0.005183705042701525,0.011354964726977144,0.0002996666097273107,0.0,0.0010057185804608453
2007-04-30,2007-03-30,rr_erc_pathA_stress_sw12_lam25_cat,stress_corr_overlay,0.019342626885279712,0.019342626885279712,0.026814660057762958,0.01659310724039737,0.0,0.0008489214644052216
2007-05-31,2007-04-30,rr_erc_pathA_stress_sw12_lam25_cat,stress_corr_overlay,0.01643185240103668,0.01643185240103668,0.03505115367439374,0.0030811977911824303,0.0,0.0009058217183033727
2007-06-29,2007-05-31,rr_erc_pathA_stress_sw12_lam25_cat,stress_corr_overlay,-0.01125256891233253,-0.01125256891233253,-0.016250067373654562,-0.007523650538626845,0.0,0.0024925856436597664
2007-07-31,2007-06-29,rr_erc_pathA_stress_sw12_lam25_cat,stress_corr_overlay,-0.01498228903847837,-0.01498228903847837,-0.03922434522908801,0.005200568306958772,0.0,0.0010406003113938855
2007-08-31,2007-07-31,rr_erc_pathA_stress_sw12_lam25_cat,stress_corr_overlay,0.013957449270576398,0.013957449270576398,0.012503863511323264,0.015407052960683211,0.0,0.011348337409164338
2007-09-28,2007-08-31,rr_erc_pathA_stress_sw12_lam25_cat,stress_corr_overlay,0.01682258130540434,0.01682258130540434,0.025023447763859813,0.01369305512173774,0.0,0.001444432160123174
2007-10-31,2007-09-28,rr_erc_pathA_stress_sw12_lam25_cat,stress_corr_overlay,0.01575851778275419,0.01575851778275419,0.019047499254360774,0.014022648993329471,0.0,0.0008405251713700483
2007-11-30,2007-10-31,rr_erc_pathA_stress_sw12_lam25_cat,stress_corr_overlay,-0.011302467504753009,-0.011302467504753009,-0.044620815419701254,0.013376900908381513,0.0,0.0010653107490578226
2007-12-31,2007-11-30,rr_erc_pathA_stress_sw12_lam25_cat,stress_corr_overlay,-0.0061547616841238885,-0.0061547616841238885,-0.00937122136054672,-0.0032305839741514795,0.0,0.0139720668635449
2008-01-31,2007-12-31,rr_erc_pathA_stress_sw12_lam25_cat,stress_corr_overlay,-0.019999836892572485,-0.019999836892572485,-0.05064699859573155,-0.0026918646208124028,0.0,0.0010507038144219223
2008-02-29,2008-01-31,rr_erc_pathA_stress_sw12_lam25_cat,stress_corr_overlay,-0.004927137455404296,-0.004927137455404296,-0.015250072733667292,-0.003700715490869771,0.0,0.08301716967742215
2008-03-31,2008-02-29,rr_erc_pathA_stress_sw12_lam25_cat,stress_corr_overlay,-0.002100229287046332,-0.002100229287046332,-0.009134128890776264,0.002820418650548884,0.0,0.005836744670936863
2008-04-30,2008-03-31,rr_erc_pathA_stress_sw12_lam25_cat,stress_corr_overlay,0.012195322519766747,0.012195322519766747,0.038065515117956805,-0.0009620882109609236,0.0,0.004503123146962877
2008-05-30,2008-04-30,rr_erc_pathA_stress_sw12_lam25_cat,stress_corr_overlay,0.007330698245319677,0.007330698245319677,0.026797450954795646,-0.006694003827348431,0.0,0.005349546518639201
2008-06-30,2008-05-30,rr_erc_pathA_stress_sw12_lam25_cat,stress_corr_overlay,-0.026930876066066776,-0.026930876066066776,-0.059540076707212015,-0.01768314241774254,0.0,0.0006532372617013942
2008-07-31,2008-06-30,rr_erc_pathA_stress_sw12_lam25_cat,stress_corr_overlay,-0.0015947869503027477,-0.0015947869503027477,-0.0029648511223480042,-0.0009153823627686465,0.0,0.019843452489861243
2008-08-29,2008-07-31,rr_erc_pathA_stress_sw12_lam25_cat,stress_corr_overlay,0.0068005645622517255,0.0068005645622517255,0.009055211986097322,0.008234213063501082,0.0,0.002730436322041979
2008-09-30,2008-08-29,rr_erc_pathA_stress_sw12_lam25_cat,stress_corr_overlay,-0.03312792934902511,-0.03312792934902511,-0.07007148523062715,-0.01543980953984012,0.0,0.004101210407156362
2008-10-31,2008-09-30,rr_erc_pathA_stress_sw12_lam25_cat,stress_corr_overlay,-0.10723623110807737,-0.10723623110807737,-0.18115960602678488,-0.06507795119460622,0.0,0.019291595681968247
2008-11-28,2008-10-31,rr_erc_pathA_stress_sw12_lam25_cat,stress_corr_overlay,-0.012454306850118287,-0.012454306850118287,-0.05988600180116905,0.03739046513356799,0.0,0.11458213873672002
2008-12-31,2008-11-28,rr_erc_pathA_stress_sw12_lam25_cat,stress_corr_overlay,0.05423885755471774,0.05423885755471774,0.04865073005921573,0.053641828062838806,0.0,0.02024522613201865
2009-01-30,2008-12-31,rr_erc_pathA_stress_sw12_lam25_cat,stress_corr_overlay,-0.06848645506075887,-0.06848645506075887,-0.07977048619017893,-0.064160198795049,0.0,0.022905455909516245
2009-02-27,2009-01-30,rr_erc_pathA_stress_sw12_lam25_cat,stress_corr_overlay,-0.06274688111900724,-0.06274688111900724,-0.08957350243057567,-0.03576690132548064,0.0,0.02934691172978959
2009-03-31,2009-02-27,rr_erc_pathA_stress_sw12_lam25_cat,stress_corr_overlay,0.05016097969524614,0.05016097969524614,0.06673075809025408,0.035521617957344195,0.0,0.013504584908894113
2009-04-30,2009-03-31,rr_erc_pathA_stress_sw12_lam25_cat,stress_corr_overlay,0.06144729893885306,0.06144729893885306,0.11099092716539304,4.9162162566058543e-05,0.0,0.008293859616246364
2009-05-29,2009-04-30,rr_erc_pathA_stress_sw12_lam25_cat,stress_corr_overlay,0.0384704158793559,0.0384704158793559,0.05411725760135923,0.020206886577594525,0.0,0.045282918770237664
2009-06-30,2009-05-29,rr_erc_pathA_stress_sw12_lam25_cat,stress_corr_overlay,-0.002317887441994722,-0.002317887441994722,-0.00012039806370187697,-0.00419038252503745,0.0,0.011647871296022995
2009-07-31,2009-06-30,rr_erc_pathA_stress_sw12_lam25_cat,stress_corr_overlay,0.04850461531458878,0.04850461531458878,0.07349359048510164,0.02189468383124642,0.0,0.0015312550239141784
2009-08-31,2009-07-31,rr_erc_pathA_stress_sw12_lam25_cat,stress_corr_overlay,0.025455984563973178,0.025455984563973178,0.03369819332784998,0.01635262726154876,0.0,0.010036947410811996
2009-09-30,2009-08-31,rr_erc_pathA_stress_sw12_lam25_cat,stress_corr_overlay,0.03344598041438433,0.03344598041438433,0.04416797521901056,0.02153233689503389,0.0,0.001146948524779267
2009-10-30,2009-09-30,rr_erc_pathA_stress_sw12_lam25_cat,stress_corr_overlay,-0.02208379908943073,-0.02208379908943073,-0.03360470441319147,-0.007957671521011461,0.0,0.0008138847185230579
2009-11-30,2009-10-30,rr_erc_pathA_stress_sw12_lam25_cat,stress_corr_overlay,0.03426610613967965,0.03426610613967965,0.04215550532799054,0.027778313480891794,0.0,0.001899700051404659
2009-12-31,2009-11-30,rr_erc_pathA_stress_sw12_lam25_cat,stress_corr_overlay,0.0071234409811211504,0.0071234409811211504,0.035692276081146626,-0.024904430707604133,0.0,0.002158746458839119
2010-01-29,2009-12-31,rr_erc_pathA_stress_sw12_lam25_cat,stress_corr_overlay,-0.013863324943837744,-0.013863324943837744,-0.029505422778376283,0.001990381795850637,0.0,0.0010175585203730901
2010-02-26,2010-01-29,rr_erc_pathA_stress_sw12_lam25_cat,stress_corr_overlay,0.022739175929963818,0.022739175929963818,0.03567946611353921,0.010207171492829034,0.0,0.03960967793171077
2010-03-31,2010-02-26,rr_erc_pathA_stress_sw12_lam25_cat,stress_corr_overlay,0.03199207419697098,0.03199207419697098,0.058972770044759676,0.006952126673438721,0.0,0.0015300429476517129
2010-04-30,2010-03-31,rr_erc_pathA_stress_sw12_lam25_cat,stress_corr_overlay,0.026054164873653474,0.026054164873653474,0.03457695351562005,0.0179991839233635,0.0,0.006225669964271447
2010-05-28,2010-04-30,rr_erc_pathA_stress_sw12_lam25_cat,stress_corr_overlay,-0.024338783039898764,-0.024338783039898764,-0.0600459511207715,0.003787217327077866,0.0,0.22493526089446977
2010-06-30,2010-05-28,rr_erc_pathA_stress_sw12_lam25_cat,stress_corr_overlay,-0.011458597675870192,-0.011458597675870192,-0.04232336590336426,0.010376437618453053,0.0,0.019240097433006694
2010-07-30,2010-06-30,rr_erc_pathA_stress_sw12_lam25_cat,stress_corr_overlay,0.02762961664674667,0.02762961664674667,0.053579081019391114,0.010232450945494628,0.0,0.005850780968075394
2010-08-31,2010-07-30,rr_erc_pathA_stress_sw12_lam25_cat,stress_corr_overlay,-0.00762579786112057,-0.00762579786112057,-0.037333970579310254,0.011467346629933123,0.0,0.003361727183022141
2010-09-30,2010-08-31,rr_erc_pathA_stress_sw12_lam25_cat,stress_corr_overlay,0.04061864733699222,0.04061864733699222,0.08480999282589685,0.011097880535068948,0.0,0.00459235757520586
2010-10-29,2010-09-30,rr_erc_pathA_stress_sw12_lam25_cat,stress_corr_overlay,0.014346955688726203,0.014346955688726203,0.031837914996346736,0.003453515473455628,0.0,0.00929357862585645
2010-11-30,2010-10-29,rr_erc_pathA_stress_sw12_lam25_cat,stress_corr_overlay,-0.001255462296648271,-0.001255462296648271,0.011213383740147135,-0.009348148893822072,0.0,0.16557638747764292
2010-12-31,2010-11-30,rr_erc_pathA_stress_sw12_lam25_cat,stress_corr_overlay,0.01301955224092897,0.01301955224092897,0.05182236030725275,-0.010945277233226365,0.0,0.002141924037425781
2011-01-31,2010-12-31,rr_erc_pathA_stress_sw12_lam25_cat,stress_corr_overlay,0.0008728289357095354,0.0008728289357095354,0.0063608340380023245,-0.0025193892513729523,0.0,0.004566166449952296
2011-02-28,2011-01-31,rr_erc_pathA_stress_sw12_lam25_cat,stress_corr_overlay,0.022234608700960945,0.022234608700960945,0.03794206505360366,0.014482952613645255,0.0,0.001054579651217795
2011-03-31,2011-02-28,rr_erc_pathA_stress_sw12_lam25_cat,stress_corr_overlay,0.003595932869808126,0.003595932869808126,0.01222795252305264,-0.0012399152196890186,0.0,0.00535835752087086
2011-04-29,2011-03-31,rr_erc_pathA_stress_sw12_lam25_cat,stress_corr_overlay,0.023338613541448703,0.023338613541448703,0.03228960383906746,0.01832551637102782,0.0,0.0008141021839063716
2011-05-31,2011-04-29,rr_erc_pathA_stress_sw12_lam25_cat,stress_corr_overlay,0.00155851856796374,0.00155851856796374,-0.011818254013091922,0.010287271039125497,0.0,0.0029217080064178474
2011-06-30,2011-05-31,rr_erc_pathA_stress_sw12_lam25_cat,stress_corr_overlay,-0.009798431206059135,-0.009798431206059135,-0.018032890713049376,-0.004537307194014522,0.0,0.0007158428040811102
2011-07-29,2011-06-30,rr_erc_pathA_stress_sw12_lam25_cat,stress_corr_overlay,0.0038838725491776023,0.0038838725491776023,-0.013644989008103205,0.014085010187335295,0.0,0.08447069354583803
2011-08-31,2011-07-29,rr_erc_pathA_stress_sw12_lam25_cat,stress_corr_overlay,-0.007810587265165754,-0.007810587265165754,-0.04576615133751072,0.014453268149067222,0.0,0.00040674772347292984
2011-09-30,2011-08-31,rr_erc_pathA_stress_sw12_lam25_cat,stress_corr_overlay,-0.02775276175772775,-0.02775276175772775,-0.07778171127090967,0.003938310913555995,0.0,0.007120955542350933
2011-10-31,2011-09-30,rr_erc_pathA_stress_sw12_lam25_cat,stress_corr_overlay,0.04181960874566738,0.04181960874566738,0.09981475028055868,0.008727037037664314,0.0,0.016926188629229955
2011-11-30,2011-10-31,rr_erc_pathA_stress_sw12_lam25_cat,stress_corr_overlay,0.0008665768414501491,0.0008665768414501491,-0.0016474440598425704,0.0015106249387919519,0.0,0.012050651308389901
2011-12-30,2011-11-30,rr_erc_pathA_stress_sw12_lam25_cat,stress_corr_overlay,0.004606825320032674,0.004606825320032674,-0.0013809286082563186,0.009526631130066663,0.0,0.0004688918704777844
2012-01-31,2011-12-30,rr_erc_pathA_stress_sw12_lam25_cat,stress_corr_overlay,0.025935974617750227,0.025935974617750227,0.052222802014819686,0.0117953217474628,0.0,0.0006511014205784378
2012-02-29,2012-01-31,rr_erc_pathA_stress_sw12_lam25_cat,stress_corr_overlay,0.009391248228032835,0.009391248228032835,0.027769373667166863,-0.0005856531593054433,0.0,0.003054658096826937
2012-03-30,2012-02-29,rr_erc_pathA_stress_sw12_lam25_cat,stress_corr_overlay,1.9354377853529e-05,1.9354377853529032e-05,0.012906458073582695,-0.005829232613463834,-3.049318610115481e-20,0.005224543594655847
2012-04-30,2012-03-30,rr_erc_pathA_stress_sw12_lam25_cat,stress_corr_overlay,0.004984697459500613,0.004984697459500613,-0.0057008355754902176,0.010502508982928637,0.0,0.0013980118093098824
2012-05-31,2012-04-30,rr_erc_pathA_stress_sw12_lam25_cat,stress_corr_overlay,-0.014592847602647641,-0.014592847602647641,-0.05426522783837291,0.007392070424900781,0.0,0.00017094960642964271
2012-06-29,2012-05-31,rr_erc_pathA_stress_sw12_lam25_cat,stress_corr_overlay,0.01071503379110839,0.01071503379110839,0.02926217272016596,0.001998923864321437,0.0,0.008014188850189726
2012-07-31,2012-06-29,rr_erc_pathA_stress_sw12_lam25_cat,stress_corr_overlay,0.008646891397145706,0.008646891397145706,0.0032314501997509695,0.011197084552495113,0.0,0.00072213596801988
2012-08-31,2012-07-31,rr_erc_pathA_stress_sw12_lam25_cat,stress_corr_overlay,0.012120922677534653,0.012120922677534653,0.028703914121845787,0.0030308739339117087,0.0,0.0006377506292028785
2012-09-28,2012-08-31,rr_erc_pathA_stress_sw12_lam25_cat,stress_corr_overlay,0.007299715280885753,0.007299715280885753,0.019660719473636235,0.0014339983836460842,0.0,0.0006454028425315044
2012-10-31,2012-09-28,rr_erc_pathA_stress_sw12_lam25_cat,stress_corr_overlay,-0.006344192960840471,-0.006344192960840471,-0.012405657931023077,-0.003061577934417433,0.0,6.593410857428685e-05
2012-11-30,2012-10-31,rr_erc_pathA_stress_sw12_lam25_cat,stress_corr_overlay,0.007367936890860488,0.007367936890860488,0.011607005088398247,0.004946915753778743,0.0,0.0009245348505584703
2012-12-31,2012-11-30,rr_erc_pathA_stress_sw12_lam25_cat,stress_corr_overlay,0.0007996474174165034,0.0007996474174165034,0.014435178538939525,-0.0021494578216265923,0.0,0.13116660320542955
2013-01-31,2012-12-31,rr_erc_pathA_stress_sw12_lam25_cat,stress_corr_overlay,0.005561556207332999,0.005561556207332999,0.037014892722554975,-0.00010826484613311208,0.0,0.19564075817656496
2013-02-28,2013-01-31,rr_erc_pathA_stress_sw12_lam25_cat,stress_corr_overlay,0.005792915349576837,0.005792915349576837,0.0037070160823169163,0.006669390657274668,0.0,0.0022421067786322652
2013-03-28,2013-02-28,rr_erc_pathA_stress_sw12_lam25_cat,stress_corr_overlay,0.008187245646792693,0.008187245646792693,0.025228211801615923,0.005126393631375533,0.0,0.0006164427520234592
2013-04-30,2013-03-28,rr_erc_pathA_stress_sw12_lam25_cat,stress_corr_overlay,0.012631903352089769,0.012631903352089769,0.007244775294994621,0.012216566267967232,0.0,0.0008167075637644308
2013-05-31,2013-04-30,rr_erc_pathA_stress_sw12_lam25_cat,stress_corr_overlay,-0.013384730087931503,-0.013384730087931503,0.004697472845939733,-0.014413321807910568,0.0,0.004108100343106677
2013-06-28,2013-05-31,rr_erc_pathA_stress_sw12_lam25_cat,stress_corr_overlay,-0.019703777638967215,-0.019703777638967215,-0.019792138264219352,-0.017504056577634246,0.0,0.016016940953483768
2013-07-31,2013-06-28,rr_erc_pathA_stress_sw12_lam25_cat,stress_corr_overlay,0.015955914185143253,0.015955914185143253,0.04126275203975421,0.010510673289912316,0.0,0.020206851917287338
2013-08-30,2013-07-31,rr_erc_pathA_stress_sw12_lam25_cat,stress_corr_overlay,-0.012640585069260234,-0.012640585069260234,-0.018142157894570923,-0.0102368208178523,0.0,0.005555237384631555
2013-09-30,2013-08-30,rr_erc_pathA_stress_sw12_lam25_cat,stress_corr_overlay,0.018324689832315798,0.018324689832315798,0.031765072551040587,0.014812720211612842,0.0,0.07884191597249339
2013-10-31,2013-09-30,rr_erc_pathA_stress_sw12_lam25_cat,stress_corr_overlay,0.013595282700162801,0.013595282700162801,0.022892513364778246,0.01063445449709192,0.0,0.004942330957313614
2013-11-29,2013-10-31,rr_erc_pathA_stress_sw12_lam25_cat,stress_corr_overlay,0.0008643640076041188,0.0008643640076041188,0.010540064941605826,0.0015976823408277005,0.0,0.0020344214385922352
2013-12-31,2013-11-29,rr_erc_pathA_stress_sw12_lam25_cat,stress_corr_overlay,-0.0007988818347998665,-0.0007988818347998664,0.010288097816752306,-0.0039195453159332,-1.0842021724855044e-19,0.0018762092462504976
2014-01-31,2013-12-31,rr_erc_pathA_stress_sw12_lam25_cat,stress_corr_overlay,0.006718814115306969,0.006718814115306969,-0.011528544368222022,0.01051773023201165,0.0,0.010648064355028871
2014-02-28,2014-01-31,rr_erc_pathA_stress_sw12_lam25_cat,stress_corr_overlay,0.01649408354027163,0.01649408354027163,0.03482665787864815,0.009056985909093849,0.0,0.0011951592105968484
2014-03-31,2014-02-28,rr_erc_pathA_stress_sw12_lam25_cat,stress_corr_overlay,0.0002572207694152338,0.0002572207694152338,0.001147897263890049,-0.0008096116257129728,0.0,0.004107712890598679
2014-04-30,2014-03-31,rr_erc_pathA_stress_sw12_lam25_cat,stress_corr_overlay,0.004112689133407318,0.004112689133407318,-0.0033862975477336587,0.0034599214226892607,0.0,0.0015717569360571056
2014-05-30,2014-04-30,rr_erc_pathA_stress_sw12_lam25_cat,stress_corr_overlay,0.011851334931267466,0.011851334931267466,0.011864074954736787,0.010357634008045303,0.0,0.000342791118832975
2014-06-30,2014-05-30,rr_erc_pathA_stress_sw12_lam25_cat,stress_corr_overlay,0.008837203520552126,0.008837203520552126,0.02320869617786505,0.005447740671201952,0.0,0.0016140917949347428
2014-07-31,2014-06-30,rr_erc_pathA_stress_sw12_lam25_cat,stress_corr_overlay,-0.009473956574660143,-0.009473956574660143,-0.024697621649021992,-0.006551051304369668,0.0,0.0006545338679684164
2014-08-29,2014-07-31,rr_erc_pathA_stress_sw12_lam25_cat,stress_corr_overlay,0.017295763738275616,0.017295763738275616,0.026405122846292175,0.01479488708903219,0.0,0.0033936524165918466
2014-09-30,2014-08-29,rr_erc_pathA_stress_sw12_lam25_cat,stress_corr_overlay,-0.016472456491481074,-0.016472456491481074,-0.03053893291403807,-0.010471595813616836,0.0,0.005156200011242763
2014-10-31,2014-09-30,rr_erc_pathA_stress_sw12_lam25_cat,stress_corr_overlay,0.0145074722655362,0.0145074722655362,0.02468580734004039,0.012350401494884884,0.0,0.006663394763944558
2014-11-28,2014-10-31,rr_erc_pathA_stress_sw12_lam25_cat,stress_corr_overlay,0.006442585177108323,0.006442585177108323,0.006164748894459063,0.00841693472725173,0.0,0.03475238076910815
2014-12-31,2014-11-28,rr_erc_pathA_stress_sw12_lam25_cat,stress_corr_overlay,0.0009773215202072295,0.0009773215202072295,-0.00033215669114984407,0.0016417252250779425,0.0,0.0007113387644537544
2015-01-30,2014-12-31,rr_erc_pathA_stress_sw12_lam25_cat,stress_corr_overlay,0.012731987715449524,0.012731987715449524,-0.00533286916259754,0.016380078598595797,0.0,0.010380299058652879
2015-02-27,2015-01-30,rr_erc_pathA_stress_sw12_lam25_cat,stress_corr_overlay,0.0031764277597592957,0.0031764277597592957,0.02563870567923871,-0.003502479122422331,0.0,0.005040412222981764
2015-03-31,2015-02-27,rr_erc_pathA_stress_sw12_lam25_cat,stress_corr_overlay,0.0013058984161941937,0.0013058984161941937,-0.0011538947729726992,0.0018286108017584624,0.0,0.001992950216976935
2015-04-30,2015-03-31,rr_erc_pathA_stress_sw12_lam25_cat,stress_corr_overlay,-0.002666363527851202,-0.002666363527851202,-0.0010513647420655782,-0.0015423905015340073,0.0,0.0009785660786566421
2015-05-29,2015-04-30,rr_erc_pathA_stress_sw12_lam25_cat,stress_corr_overlay,-0.0020170378608126197,-0.0020170378608126197,0.0030154942566781124,-0.002206135858311687,0.0,0.03916588385206817
2015-06-30,2015-05-29,rr_erc_pathA_stress_sw12_lam25_cat,stress_corr_overlay,-0.009973437559472937,-0.009973437559472937,-0.00803327036899054,-0.010573021056577883,0.0,0.0015647847697197181
2015-07-31,2015-06-30,rr_erc_pathA_stress_sw12_lam25_cat,stress_corr_overlay,0.0032070075483130074,0.0032070075483130074,-0.004539779937416969,0.007023162950243204,0.0,0.005437780104836832
2015-08-31,2015-07-31,rr_erc_pathA_stress_sw12_lam25_cat,stress_corr_overlay,-0.017923865559232362,-0.017923865559232362,-0.035237317805842994,-0.010193419256525896,0.0,0.000510562647069725
2015-09-30,2015-08-31,rr_erc_pathA_stress_sw12_lam25_cat,stress_corr_overlay,-0.005106663099196544,-0.005106663099196544,-0.020571180393607877,0.003331471900293998,0.0,0.007292345250118265
2015-10-30,2015-09-30,rr_erc_pathA_stress_sw12_lam25_cat,stress_corr_overlay,0.017292816981568142,0.017292816981568142,0.03885005685268022,0.00805518000487886,0.0,0.0045601392168828185
2015-11-30,2015-10-30,rr_erc_pathA_stress_sw12_lam25_cat,stress_corr_overlay,-0.0022865748421829766,-0.0022865748421829766,-6.619843652964355e-05,-0.0017430351322426905,0.0,0.007204608007914923
2015-12-31,2015-11-30,rr_erc_pathA_stress_sw12_lam25_cat,stress_corr_overlay,-0.010544612645613311,-0.010544612645613311,-0.0210796371665206,-0.005174384331706764,0.0,0.0016437509120824124
2016-01-29,2015-12-31,rr_erc_pathA_stress_sw12_lam25_cat,stress_corr_overlay,-0.0049921723907479084,-0.0049921723907479084,-0.030908658808310185,0.00529435348969485,0.0,0.002743300965783761
2016-02-29,2016-01-29,rr_erc_pathA_stress_sw12_lam25_cat,stress_corr_overlay,0.007744079518396679,0.00774407951839668,0.006258752202582678,0.007349123311389811,-8.673617379884035e-19,0.0061854613715622685
2016-03-31,2016-02-29,rr_erc_pathA_stress_sw12_lam25_cat,stress_corr_overlay,0.027379861510004898,0.027379861510004898,0.053022600490763634,0.0149404711242197,0.0,0.0009785421880814625
2016-04-29,2016-03-31,rr_erc_pathA_stress_sw12_lam25_cat,stress_corr_overlay,0.00783091213839356,0.00783091213839356,0.0149838795648425,0.003529195966373104,0.0,0.008224943673496347
2016-05-31,2016-04-29,rr_erc_pathA_stress_sw12_lam25_cat,stress_corr_overlay,0.0018340055865697653,0.0018340055865697653,0.0052201220695034505,0.0014883199588978213,0.0,0.0009012251653033772
2016-06-30,2016-05-31,rr_erc_pathA_stress_sw12_lam25_cat,stress_corr_overlay,0.01870190006859369,0.01870190006859369,0.013986707008276823,0.017891292416035383,0.0,0.0003973446555535238
2016-07-29,2016-06-30,rr_erc_pathA_stress_sw12_lam25_cat,stress_corr_overlay,0.013037859367736526,0.013037859367736526,0.024517862545094596,0.008275460317222169,0.0,0.007064576233814389
2016-08-31,2016-07-29,rr_erc_pathA_stress_sw12_lam25_cat,stress_corr_overlay,-0.001105172608067279,-0.001105172608067279,0.0013135941957468555,-0.0022797489922648084,0.0,0.07433415299199754
2016-09-30,2016-08-31,rr_erc_pathA_stress_sw12_lam25_cat,stress_corr_overlay,0.00268961417638342,0.00268961417638342,0.0045199339750764955,0.00046421610024190716,0.0,0.0017815506986417814
2016-10-31,2016-09-30,rr_erc_pathA_stress_sw12_lam25_cat,stress_corr_overlay,-0.014728588491442204,-0.014728588491442204,-0.021119750578439907,-0.009724608852433892,0.0,0.0005530865792221073
2016-11-30,2016-10-31,rr_erc_pathA_stress_sw12_lam25_cat,stress_corr_overlay,-0.0031441249668533637,-0.0031441249668533637,0.02144653416983983,-0.014226034692669715,0.0,0.007843715119535818
2016-12-30,2016-11-30,rr_erc_pathA_stress_sw12_lam25_cat,stress_corr_overlay,0.009744015957188464,0.009744015957188464,0.01625789116222303,0.004522495598103822,0.0,0.008665144453067535
2017-01-31,2016-12-30,rr_erc_pathA_stress_sw12_lam25_cat,stress_corr_overlay,0.008809185095369161,0.008809185095369161,0.012737962242158717,0.0034923576016896254,0.0,0.0010870235961338414
2017-02-28,2017-01-31,rr_erc_pathA_stress_sw12_lam25_cat,stress_corr_overlay,0.012819620648738636,0.012819620648738636,0.01893507527178501,0.008754426064255746,0.0,0.0011563261790402748
2017-03-31,2017-02-28,rr_erc_pathA_stress_sw12_lam25_cat,stress_corr_overlay,-0.0008586137675898644,-0.0008586137675898644,-0.0009174073695996923,-0.0010174655480257838,0.0,0.006142974087362271
2017-04-28,2017-03-31,rr_erc_pathA_stress_sw12_lam25_cat,stress_corr_overlay,0.0065332530062038275,0.0065332530062038275,0.006856402258184223,0.006252204000232651,0.0,0.0009664983900035239
2017-05-31,2017-04-28,rr_erc_pathA_stress_sw12_lam25_cat,stress_corr_overlay,0.004594241507892725,0.004594241507892725,0.0028297426863498525,0.004371315351227989,0.0,0.0006451974241030861
2017-06-30,2017-05-31,rr_erc_pathA_stress_sw12_lam25_cat,stress_corr_overlay,0.0038829660880910456,0.0038829660880910456,0.008861509872358897,0.0017346928626169916,0.0,0.00015523478821267457
2017-07-31,2017-06-30,rr_erc_pathA_stress_sw12_lam25_cat,stress_corr_overlay,0.008174402112694063,0.008174402112694063,0.012018330922215636,0.0048337040849826965,0.0,0.00018297881471436746
2017-08-31,2017-07-31,rr_erc_pathA_stress_sw12_lam25_cat,stress_corr_overlay,0.0032922707407405456,0.0032922707407405456,-0.002185855078592867,0.006200103222843526,0.0,0.0007001609505232487
2017-09-29,2017-08-31,rr_erc_pathA_stress_sw12_lam25_cat,stress_corr_overlay,0.006898026809465529,0.006898026809465529,0.01964812739051492,3.562432203284366e-05,0.0,0.00040713634912802575
2017-10-31,2017-09-29,rr_erc_pathA_stress_sw12_lam25_cat,stress_corr_overlay,0.004373554856769172,0.004373554856769172,0.007915866639862565,0.0018846087963571192,0.0,0.000932522086194201
2017-11-30,2017-10-31,rr_erc_pathA_stress_sw12_lam25_cat,stress_corr_overlay,0.008432961137168104,0.008432961137168104,0.017475647408744372,0.0031772087583203006,0.0,0.00010906315269220389
2017-12-29,2017-11-30,rr_erc_pathA_stress_sw12_lam25_cat,stress_corr_overlay,0.005763295472226988,0.005763295472226988,0.0063144301485810175,0.004675934195536877,0.0,0.0008454090821288542
2018-01-31,2017-12-29,rr_erc_pathA_stress_sw12_lam25_cat,stress_corr_overlay,0.006087818095840741,0.006087818095840741,0.02063421080630569,-0.0037581594544256703,0.0,0.00031094341745028023
2018-02-28,2018-01-31,rr_erc_pathA_stress_sw12_lam25_cat,stress_corr_overlay,-0.01833101718543086,-0.01833101718543086,-0.02719142999237656,-0.013002397021711826,0.0,0.0009184736201737955
2018-03-29,2018-02-28,rr_erc_pathA_stress_sw12_lam25_cat,stress_corr_overlay,0.0040001731158863865,0.004000173115886387,0.0023693300447072546,0.004766328831297257,-8.673617379884035e-19,0.005509804254548287
2018-04-30,2018-03-29,rr_erc_pathA_stress_sw12_lam25_cat,stress_corr_overlay,-0.0037803099344392607,-0.0037803099344392607,-0.001298853243907936,-0.005148310935628481,0.0,5.859180007096454e-05
2018-05-31,2018-04-30,rr_erc_pathA_stress_sw12_lam25_cat,stress_corr_overlay,0.010752620475700823,0.010752620475700823,0.01643038894839631,0.008041462202445926,0.0,0.0027217942912971006
2018-06-29,2018-05-31,rr_erc_pathA_stress_sw12_lam25_cat,stress_corr_overlay,-8.979660765424298e-05,-8.979660765424296e-05,-0.0007995662376588677,0.0018636750822678357,-2.710505431213761e-20,0.0023188435300102936
2018-07-31,2018-06-29,rr_erc_pathA_stress_sw12_lam25_cat,stress_corr_overlay,0.008157502845356315,0.008157502845356315,0.016312563116837004,0.003585960362884743,0.0,0.0008468582628170743
2018-08-31,2018-07-31,rr_erc_pathA_stress_sw12_lam25_cat,stress_corr_overlay,0.008595924327835612,0.008595924327835612,0.012888944110561375,0.008467136695087888,0.0,0.001124565034032304
2018-09-28,2018-08-31,rr_erc_pathA_stress_sw12_lam25_cat,stress_corr_overlay,-0.004607333854465086,-0.004607333854465086,-0.004496744279043535,-0.00543064322523497,0.0,0.0016213821313447035
2018-10-31,2018-09-28,rr_erc_pathA_stress_sw12_lam25_cat,stress_corr_overlay,-0.02786122544291612,-0.02786122544291612,-0.049396420639118595,-0.012255921906095072,0.0,0.0025427388302267442
2018-11-30,2018-10-31,rr_erc_pathA_stress_sw12_lam25_cat,stress_corr_overlay,0.007898242037938505,0.007898242037938505,0.012007112319046758,0.006234611359817419,0.0,0.01026948762633794
2018-12-31,2018-11-30,rr_erc_pathA_stress_sw12_lam25_cat,stress_corr_overlay,-0.015261276397184385,-0.015261276397184385,-0.04823212262101123,0.003253964205718819,0.0,0.0013552456644875099
2019-01-31,2018-12-31,rr_erc_pathA_stress_sw12_lam25_cat,stress_corr_overlay,0.03585917604228623,0.03585917604228623,0.0625788837855307,0.018617882529410632,0.0,0.013229588330994699
2019-02-28,2019-01-31,rr_erc_pathA_stress_sw12_lam25_cat,stress_corr_overlay,0.008752358659693593,0.008752358659693593,0.020615796513226082,0.0014654348463696545,0.0,0.0072432197159174455
2019-03-29,2019-02-28,rr_erc_pathA_stress_sw12_lam25_cat,stress_corr_overlay,0.011377394686638082,0.011377394686638082,0.0036804775654015777,0.016339042796973367,0.0,0.000954271187914411
2019-04-30,2019-03-29,rr_erc_pathA_stress_sw12_lam25_cat,stress_corr_overlay,0.009270283645686555,0.009270283645686555,0.02017846930668535,0.0035230212529966318,0.0,0.0030852767847795344
2019-05-31,2019-04-30,rr_erc_pathA_stress_sw12_lam25_cat,stress_corr_overlay,-0.006953631875876067,-0.006953631875876067,-0.03379921881175521,0.007662231584200663,0.0,0.0011521308497991177
2019-06-28,2019-05-31,rr_erc_pathA_stress_sw12_lam25_cat,stress_corr_overlay,0.02801991058668812,0.02801991058668812,0.04733093975254184,0.017332639857314876,0.0,0.007213324377465278
2019-07-31,2019-06-28,rr_erc_pathA_stress_sw12_lam25_cat,stress_corr_overlay,0.003320625622516033,0.003320625622516033,0.005681174540891909,0.0024247742716215917,0.0,0.004045664481353817
2019-08-30,2019-07-31,rr_erc_pathA_stress_sw12_lam25_cat,stress_corr_overlay,0.007734428471051243,0.007734428471051243,-0.012087238852690915,0.018793156231391484,0.0,9.731117306258086e-05
2019-09-30,2019-08-30,rr_erc_pathA_stress_sw12_lam25_cat,stress_corr_overlay,0.003133706305562612,0.003133706305562612,0.013162436026757205,-0.0008578347693177985,0.0,0.0025388674513280238
2019-10-31,2019-09-30,rr_erc_pathA_stress_sw12_lam25_cat,stress_corr_overlay,0.007758341848449931,0.007758341848449931,0.013944618916810925,0.0043614796971094905,0.0,0.0036166031437102116
2019-11-29,2019-10-31,rr_erc_pathA_stress_sw12_lam25_cat,stress_corr_overlay,0.006796515452485252,0.006796515452485252,0.015945878989623727,0.003027051713588142,0.0,0.0004950324565055446
2019-12-31,2019-11-29,rr_erc_pathA_stress_sw12_lam25_cat,stress_corr_overlay,0.010084752723881636,0.010084752723881636,0.02028310185470805,0.0028424859485394393,0.0,0.00139048990601468
2020-01-31,2019-12-31,rr_erc_pathA_stress_sw12_lam25_cat,stress_corr_overlay,0.006618098420546939,0.006618098420546939,-0.006819790931235276,0.0128006684930811,0.0,0.0016793676709534189
2020-02-28,2020-01-31,rr_erc_pathA_stress_sw12_lam25_cat,stress_corr_overlay,-0.015562500392642996,-0.015562500392642996,-0.04869870005087637,0.0024052369145452094,0.0,0.0011007777557118584
2020-03-31,2020-02-28,rr_erc_pathA_stress_sw12_lam25_cat,stress_corr_overlay,-0.06285919492593757,-0.06285919492593757,-0.124013384285806,-0.02519675745254227,0.0,0.011439298706067181
2020-04-30,2020-03-31,rr_erc_pathA_stress_sw12_lam25_cat,stress_corr_overlay,0.04139088218456453,0.04139088218456453,0.07612844371766136,0.02552962121560665,0.0,0.039538229461389726
2020-05-29,2020-04-30,rr_erc_pathA_stress_sw12_lam25_cat,stress_corr_overlay,0.023096129764821914,0.023096129764821914,0.04267510369247782,0.00826238326177474,0.0,0.014541456526722148
2020-06-30,2020-05-29,rr_erc_pathA_stress_sw12_lam25_cat,stress_corr_overlay,0.009494348679175292,0.009494348679175292,0.014472540237259551,0.004664247899774265,0.0,0.004785562744918995
2020-07-31,2020-06-30,rr_erc_pathA_stress_sw12_lam25_cat,stress_corr_overlay,0.02408437747112049,0.02408437747112049,0.03520074311278138,0.01457473738641003,0.0,0.0012413412651022058
2020-08-31,2020-07-31,rr_erc_pathA_stress_sw12_lam25_cat,stress_corr_overlay,0.008401445246620334,0.008401445246620334,0.026018246616522762,-0.0005055006676481089,0.0,0.004045020738876054
2020-09-30,2020-08-31,rr_erc_pathA_stress_sw12_lam25_cat,stress_corr_overlay,-0.008614197477857312,-0.008614197477857312,-0.019005843734137367,-0.002527463892185725,0.0,0.0015396412578612337
2020-10-30,2020-09-30,rr_erc_pathA_stress_sw12_lam25_cat,stress_corr_overlay,-0.004890255908973388,-0.004890255908973388,-0.0019043591516024222,-0.005980792413128318,0.0,0.0016585822826996974
2020-11-30,2020-10-30,rr_erc_pathA_stress_sw12_lam25_cat,stress_corr_overlay,0.04460633094926462,0.04460633094926462,0.0909841609303342,0.017802253052727018,0.0,0.0016671922849945068
2020-12-31,2020-11-30,rr_erc_pathA_stress_sw12_lam25_cat,stress_corr_overlay,0.01786630514616455,0.01786630514616455,0.03873499243820524,0.004665152956540681,0.0,0.007756542915825053
2021-01-29,2020-12-31,rr_erc_pathA_stress_sw12_lam25_cat,stress_corr_overlay,-0.0012286211680617902,-0.0012286211680617902,0.006205837140977999,-0.004224819751848538,0.0,0.0028116969557305752
2021-02-26,2021-01-29,rr_erc_pathA_stress_sw12_lam25_cat,stress_corr_overlay,0.0014632481370385143,0.0014632481370385143,0.023514352161155598,-0.007442649743070986,0.0,0.0013289080826890034
2021-03-31,2021-02-26,rr_erc_pathA_stress_sw12_lam25_cat,stress_corr_overlay,0.001852616885607152,0.001852616885607152,0.01641654488284649,-0.002818752730941757,0.0,0.0007317882900820718
2021-04-30,2021-03-31,rr_erc_pathA_stress_sw12_lam25_cat,stress_corr_overlay,0.016858915448241894,0.016858915448241894,0.027366394493700694,0.009398842022440203,0.0,0.0008416484342601335
2021-05-28,2021-04-30,rr_erc_pathA_stress_sw12_lam25_cat,stress_corr_overlay,0.006427395341999996,0.006427395341999996,0.009884755178834838,0.004854004802892865,0.0,0.0012469630974500032
2021-06-30,2021-05-28,rr_erc_pathA_stress_sw12_lam25_cat,stress_corr_overlay,0.007234791965269132,0.007234791965269132,0.007047768539580907,0.005130729597388675,0.0,0.0002693850097888941
2021-07-30,2021-06-30,rr_erc_pathA_stress_sw12_lam25_cat,stress_corr_overlay,0.008468183444438714,0.008468183444438714,0.003530802924442306,0.011313911453411325,0.0,0.000416267905650948
2021-08-31,2021-07-30,rr_erc_pathA_stress_sw12_lam25_cat,stress_corr_overlay,0.004430568336177659,0.004430568336177659,0.012197548530650483,-5.202620925454455e-05,0.0,0.000771429465252901
2021-09-30,2021-08-31,rr_erc_pathA_stress_sw12_lam25_cat,stress_corr_overlay,-0.01594956033541242,-0.01594956033541242,-0.025713335522688764,-0.008926868593121409,0.0,0.0006951015449457726
2021-10-29,2021-09-30,rr_erc_pathA_stress_sw12_lam25_cat,stress_corr_overlay,0.013338861391163083,0.013338861391163083,0.029372740006370208,0.004037652190841366,0.0,0.002539269678729571
2021-11-30,2021-10-29,rr_erc_pathA_stress_sw12_lam25_cat,stress_corr_overlay,-0.0064025193826573274,-0.0064025193826573274,-0.018869358684445614,0.0009245220326195724,0.0,0.002502604742617081
2021-12-31,2021-11-30,rr_erc_pathA_stress_sw12_lam25_cat,stress_corr_overlay,0.011424752195047789,0.011424752195047789,0.027193572106565308,0.004302580004284703,0.0,0.0018377802665344375
2022-01-31,2021-12-31,rr_erc_pathA_stress_sw12_lam25_cat,stress_corr_overlay,-0.026293686029340218,-0.026293686029340218,-0.04148475587474843,-0.016162127010784018,0.0,0.0012062965007335422
2022-02-28,2022-01-31,rr_erc_pathA_stress_sw12_lam25_cat,stress_corr_overlay,-0.006511224241034312,-0.006511224241034312,-0.00629025143798214,-0.004718414497774684,0.0,0.0061366241965476655
2022-03-31,2022-02-28,rr_erc_pathA_stress_sw12_lam25_cat,stress_corr_overlay,-0.010274812274304513,-0.010274812274304513,0.0044024861232714345,-0.017610482131236584,0.0,0.0024804561475707237
2022-04-29,2022-03-31,rr_erc_pathA_stress_sw12_lam25_cat,stress_corr_overlay,-0.04007841554562863,-0.04007841554562863,-0.05612974773301625,-0.026509832342827562,0.0,0.005412114028639579
2022-05-31,2022-04-29,rr_erc_pathA_stress_sw12_lam25_cat,stress_corr_overlay,0.004893598375583767,0.004893598375583767,0.006391621333580792,0.0030766373473032197,0.0,0.014276590050491502
2022-06-30,2022-05-31,rr_erc_pathA_stress_sw12_lam25_cat,stress_corr_overlay,-0.03600196856475513,-0.03600196856475513,-0.06044925130990924,-0.02045929272803319,0.0,0.0001585814520501036
2022-07-29,2022-06-30,rr_erc_pathA_stress_sw12_lam25_cat,stress_corr_overlay,0.04761206781107241,0.04761206781107241,0.0806665017008876,0.026863920825516436,0.0,0.15683981707182942
2022-08-31,2022-07-29,rr_erc_pathA_stress_sw12_lam25_cat,stress_corr_overlay,-0.02827755227979556,-0.02827755227979556,-0.033949886664992754,-0.025085669211006047,0.0,0.004371324922713445
2022-09-30,2022-08-31,rr_erc_pathA_stress_sw12_lam25_cat,stress_corr_overlay,-0.05774820732208127,-0.05774820732208127,-0.07298546818666732,-0.04353219078424835,0.0,0.002298806908267576
2022-10-31,2022-09-30,rr_erc_pathA_stress_sw12_lam25_cat,stress_corr_overlay,0.031101063132607187,0.031101063132607187,0.05574704399953371,0.00524374131920653,0.0,0.0051870151307014944
2022-11-30,2022-10-31,rr_erc_pathA_stress_sw12_lam25_cat,stress_corr_overlay,0.04174644105875828,0.04174644105875828,0.03275282101341381,0.03851451836807394,0.0,0.003926278378037171
2022-12-30,2022-11-30,rr_erc_pathA_stress_sw12_lam25_cat,stress_corr_overlay,-0.02217810269164795,-0.02217810269164795,-0.03935698314196161,-0.008064887434799764,0.0,0.00473789671071291
2023-01-31,2022-12-30,rr_erc_pathA_stress_sw12_lam25_cat,stress_corr_overlay,0.04932473976600461,0.04932473976600461,0.07969121037730911,0.03001282314066535,0.0,0.001736186625484349
2023-02-28,2023-01-31,rr_erc_pathA_stress_sw12_lam25_cat,stress_corr_overlay,-0.022920375239092558,-0.022920375239092558,-0.02333517126275162,-0.02242362785932036,0.0,0.003026120134554071
2023-03-31,2023-02-28,rr_erc_pathA_stress_sw12_lam25_cat,stress_corr_overlay,0.018041188167514495,0.018041188167514495,0.020755130916408362,0.024684433198702702,0.0,0.0016760506448749261
2023-04-28,2023-03-31,rr_erc_pathA_stress_sw12_lam25_cat,stress_corr_overlay,0.003352158450404624,0.003352158450404624,0.0027457661489349834,0.0047722959892361515,0.0,0.001294754491232862
2023-05-31,2023-04-28,rr_erc_pathA_stress_sw12_lam25_cat,stress_corr_overlay,-0.014763492754498533,-0.014763492754498533,-0.020693020647993374,-0.01216206775808563,0.0,0.00010688007011992306
2023-06-30,2023-05-31,rr_erc_pathA_stress_sw12_lam25_cat,stress_corr_overlay,0.02858782203799976,0.02858782203799976,0.054872082210745576,0.006339355224717691,0.0,0.0008926001473505661
2023-07-31,2023-06-30,rr_erc_pathA_stress_sw12_lam25_cat,stress_corr_overlay,0.01760317863367557,0.01760317863367557,0.02738490018894269,0.006978764789132841,0.0,0.0032256768013423425
2023-08-31,2023-07-31,rr_erc_pathA_stress_sw12_lam25_cat,stress_corr_overlay,-0.014643846982812838,-0.014643846982812838,-0.019734019213029367,-0.007394253417056193,0.0,0.0005703472840244651
2023-09-29,2023-08-31,rr_erc_pathA_stress_sw12_lam25_cat,stress_corr_overlay,-0.029877458278825136,-0.029877458278825136,-0.03468188734814612,-0.021776852882413843,0.0,0.0006530809776716809
2023-10-31,2023-09-29,rr_erc_pathA_stress_sw12_lam25_cat,stress_corr_overlay,-0.016120299532344905,-0.016120299532344905,-0.009627630636382712,-0.00999909537253187,0.0,0.0014454668675960153
2023-11-30,2023-10-31,rr_erc_pathA_stress_sw12_lam25_cat,stress_corr_overlay,0.05582297479280836,0.05582297479280836,0.07112073997859833,0.04034588931253303,0.0,0.0013691122264259514
2023-12-29,2023-11-30,rr_erc_pathA_stress_sw12_lam25_cat,stress_corr_overlay,0.04408855103936562,0.04408855103936562,0.06102789141770134,0.027571981875425464,0.0,0.0038699602244909054
2024-01-31,2023-12-29,rr_erc_pathA_stress_sw12_lam25_cat,stress_corr_overlay,-0.003628077140614985,-0.003628077140614985,-0.004885665927815022,-0.0006649471617698855,0.0,0.003272150264588495
2024-02-29,2024-01-31,rr_erc_pathA_stress_sw12_lam25_cat,stress_corr_overlay,0.014483994513745074,0.014483994513745074,0.044785433478811684,-0.00529119891969758,0.0,0.00031501718690791526
2024-03-28,2024-02-29,rr_erc_pathA_stress_sw12_lam25_cat,stress_corr_overlay,0.01935651169556768,0.01935651169556768,0.02615749900361182,0.011383615197849912,0.0,0.001997354132186645
2024-04-30,2024-03-28,rr_erc_pathA_stress_sw12_lam25_cat,stress_corr_overlay,-0.028470377938692393,-0.028470377938692393,-0.04270317646133395,-0.016501100429728768,0.0,0.0005010903379830877
2024-05-31,2024-04-30,rr_erc_pathA_stress_sw12_lam25_cat,stress_corr_overlay,0.028284104240859486,0.028284104240859486,0.0503726595793251,0.016521680487937247,0.0,0.0015091485273747958
2024-06-28,2024-05-31,rr_erc_pathA_stress_sw12_lam25_cat,stress_corr_overlay,0.0008473023830714076,0.0008473023830714076,-0.006430503010750734,0.004536383722087322,0.0,0.001022091476802091
2024-07-31,2024-06-28,rr_erc_pathA_stress_sw12_lam25_cat,stress_corr_overlay,0.02902114054055801,0.02902114054055801,0.038518869652731845,0.018274783068205003,0.0,0.00022862250785887165
2024-08-30,2024-07-31,rr_erc_pathA_stress_sw12_lam25_cat,stress_corr_overlay,0.011009458247842559,0.011009458247842559,0.002652239860156976,0.012774940416128021,0.0,0.0017222873194800686
2024-09-30,2024-08-30,rr_erc_pathA_stress_sw12_lam25_cat,stress_corr_overlay,0.01585933902569039,0.01585933902569039,0.017514728195026617,0.01568828124158908,0.0,0.0002937769826484608
2024-10-31,2024-09-30,rr_erc_pathA_stress_sw12_lam25_cat,stress_corr_overlay,-0.016536079735372595,-0.016536079735372595,-0.013851851938578394,-0.01659498892280909,0.0,0.0005302532792599351
2024-11-29,2024-10-31,rr_erc_pathA_stress_sw12_lam25_cat,stress_corr_overlay,0.032085475764750376,0.032085475764750376,0.06326525000453895,0.008586427733357863,0.0,0.001409003653342492
2024-12-31,2024-11-29,rr_erc_pathA_stress_sw12_lam25_cat,stress_corr_overlay,-0.028274661408746137,-0.028274661408746137,-0.04079625502195397,-0.013568622082672049,0.0,0.0025242246917160137
2025-01-31,2024-12-31,rr_erc_pathA_stress_sw12_lam25_cat,stress_corr_overlay,0.018187196481685593,0.018187196481685593,0.024991699337290302,0.010189009490009046,0.0,0.0016789159164177737
2025-02-28,2025-01-31,rr_erc_pathA_stress_sw12_lam25_cat,stress_corr_overlay,0.0013756911406253161,0.0013756911406253161,-0.01908645066600768,0.015336049355292071,0.0,0.0004779081929925334
2025-03-31,2025-02-28,rr_erc_pathA_stress_sw12_lam25_cat,stress_corr_overlay,-0.013818145910221825,-0.013818145910221825,-0.028338085213524853,0.0007398540681901737,0.0,0.0017806474978005228
2025-04-30,2025-03-31,rr_erc_pathA_stress_sw12_lam25_cat,stress_corr_overlay,-0.0023265884420255747,-0.0023265884420255747,-0.004393842471871901,0.0013908641471456708,0.0,0.0014440339042287595
2025-05-30,2025-04-30,rr_erc_pathA_stress_sw12_lam25_cat,stress_corr_overlay,0.018608919747569744,0.018608919747569744,0.041085703895165776,0.001061001025483927,0.0,0.0003464605652282928
2025-06-30,2025-05-30,rr_erc_pathA_stress_sw12_lam25_cat,stress_corr_overlay,0.022506726489851577,0.022506726489851577,0.028001511319226558,0.01459691281840492,0.0,0.0012179827716486255
2025-07-31,2025-06-30,rr_erc_pathA_stress_sw12_lam25_cat,stress_corr_overlay,0.004890395359035517,0.004890395359035517,0.01879824639702232,-0.0005263103216694525,0.0,0.0005129054650439323
2025-08-29,2025-07-31,rr_erc_pathA_stress_sw12_lam25_cat,stress_corr_overlay,0.021891936968808492,0.021891936968808492,0.029832626498137227,0.013383354603515604,0.0,0.00032692505309159497
2025-09-30,2025-08-29,rr_erc_pathA_stress_sw12_lam25_cat,stress_corr_overlay,0.014778276724243967,0.014778276724243967,0.016100959928837758,0.012494294779667283,0.0,0.0005477940464073145
2025-10-31,2025-09-30,rr_erc_pathA_stress_sw12_lam25_cat,stress_corr_overlay,0.004617675062475019,0.004617675062475019,0.0017792144053604656,0.004876864051121651,0.0,0.0004549220338151104
2025-11-28,2025-10-31,rr_erc_pathA_stress_sw12_lam25_cat,stress_corr_overlay,0.007703265209535509,0.007703265209535509,0.0013911762951887372,0.0074807524708174,0.0,4.833454194834181e-05
2025-12-31,2025-11-28,rr_erc_pathA_stress_sw12_lam25_cat,stress_corr_overlay,0.0013134192576221807,0.0013134192576221807,0.0005941194780209201,0.0007556916024853394,0.0,0.000136170227295139
2026-01-30,2025-12-31,rr_erc_pathA_stress_sw12_lam25_cat,stress_corr_overlay,0.016867851693179205,0.016867851693179205,0.020583084279549666,0.009426489311547903,0.0,0.00016165449512114266
2026-02-27,2026-01-30,rr_erc_pathA_stress_sw12_lam25_cat,stress_corr_overlay,0.015917872710953403,0.015917872710953403,0.007352732541441011,0.015468051111875656,0.0,0.0005555403771323507
2026-03-31,2026-02-27,rr_erc_pathA_stress_sw12_lam25_cat,stress_corr_overlay,-0.026804651345154674,-0.026804651345154674,-0.03156198750903378,-0.015384715874516936,0.0,0.0004928941524579419
2026-04-30,2026-03-31,rr_erc_pathA_stress_sw12_lam25_cat,stress_corr_overlay,0.03281590262515737,0.03281590262515737,0.053573417909202024,0.009554152881549219,0.0,0.0014255660751878894
2026-05-29,2026-04-30,rr_erc_pathA_stress_sw12_lam25_cat,stress_corr_overlay,0.011122605533460658,0.011122605533460658,0.014190693695925877,0.002645863551445432,0.0,0.0018718339207645252
2026-06-30,2026-05-29,rr_erc_pathA_stress_sw12_lam25_cat,stress_corr_overlay,0.0035018719958251074,0.0035018719958251074,0.001870668349327885,-0.002584443040345586,0.0,0.000200346333213329
2026-07-31,2026-06-30,rr_erc_pathA_stress_sw12_lam25_cat,stress_corr_overlay,-0.005278712843394665,-0.005278712843394665,-0.0013796989632662779,-0.005097222229386963,0.0,0.0005432516151803604
2026-08-31,2026-07-31,rr_erc_pathA_stress_sw12_lam25_cat,stress_corr_overlay,0.014434432377737434,0.014434432377737434,0.027386639552245136,0.009092864812407777,0.0,0.0006227921381752417
2026-09-16,2026-08-31,rr_erc_pathA_stress_sw12_lam25_cat,stress_corr_overlay,-0.01565193183284977,-0.01565193183284977,-0.020195380940865697,-0.010887185137023718,0.0,0.0006490163963689928
2003-06-30,2003-05-30,rr_erc_pathB_loim_vols_histfreq_cat,loim_regime_parity,0.01844794564941482,0.01835798031240272,0.017741876870549286,0.027050254340137726,8.996533701209966e-05,0.0
2003-07-31,2003-06-30,rr_erc_pathB_loim_vols_histfreq_cat,loim_regime_parity,0.032541377748758815,0.03252954885826728,0.03344681178889708,0.028699608730658657,1.1828890491533128e-05,0.002321642037577981
2003-08-29,2003-07-31,rr_erc_pathB_loim_vols_histfreq_cat,loim_regime_parity,0.03581600170812204,0.035760425900180026,0.03711803213378906,0.029441728671089365,5.5575807942014055e-05,0.25318218280642596
2003-09-30,2003-08-29,rr_erc_pathB_loim_vols_histfreq_cat,loim_regime_parity,-0.010643967453585493,-0.010684067589647909,-0.012439680908941734,0.008903078229447815,4.010013606241605e-05,0.0023843461219203305
2003-10-31,2003-09-30,rr_erc_pathB_loim_vols_histfreq_cat,loim_regime_parity,0.07266856495805997,0.072596078037439,0.074057090810089,0.06279364537558679,7.248692062096496e-05,0.0
2003-11-28,2003-10-31,rr_erc_pathB_loim_vols_histfreq_cat,loim_regime_parity,0.024367155154626906,0.024306083229633377,0.026041040813198617,0.009597315041338721,6.107192499352904e-05,0.006455658702131863
2003-12-31,2003-11-28,rr_erc_pathB_loim_vols_histfreq_cat,loim_regime_parity,0.038944988079530875,0.039027184044049174,0.035478059297238296,0.06605372609814648,-8.219596451829875e-05,0.0
2004-01-30,2003-12-31,rr_erc_pathB_loim_vols_histfreq_cat,loim_regime_parity,0.024321100898429225,0.024374773567035705,0.025521209032147146,0.016679304749451954,-5.3672668606480345e-05,0.0
2004-02-27,2004-01-30,rr_erc_pathB_loim_vols_histfreq_cat,loim_regime_parity,0.017809584272351776,0.01779739379019034,0.01748460675213387,0.018937879511278097,1.2190482161437977e-05,0.0
2004-03-31,2004-02-27,rr_erc_pathB_loim_vols_histfreq_cat,loim_regime_parity,0.005419021139675869,0.005307603234964522,0.005647829100346382,0.005545045510469977,0.00011141790471134744,0.0
2004-04-30,2004-03-31,rr_erc_pathB_loim_vols_histfreq_cat,loim_regime_parity,-0.03460077785649016,-0.034578110238371436,-0.035534755665310565,-0.028664839501071813,-2.2667618118726862e-05,0.0
2004-05-28,2004-04-30,rr_erc_pathB_loim_vols_histfreq_cat,loim_regime_parity,0.015390436721403073,0.015440866614617441,0.016219558252500463,0.007428015480127308,-5.042989321436819e-05,0.0
2004-06-30,2004-05-28,rr_erc_pathB_loim_vols_histfreq_cat,loim_regime_parity,0.03390614077861396,0.03383348001578084,0.03480329810596539,0.028821144716047787,7.266076283311829e-05,0.0
2004-07-30,2004-06-30,rr_erc_pathB_loim_vols_histfreq_cat,loim_regime_parity,-0.044860236032893935,-0.04480779815471955,-0.04694932832808394,-0.030691134621927123,-5.2437878174382835e-05,0.00032830550023586064
2004-08-31,2004-07-30,rr_erc_pathB_loim_vols_histfreq_cat,loim_regime_parity,0.0008636666405491542,0.0008310759427061923,-0.000811192918627926,0.011126010619336822,3.2590697842961895e-05,0.0
2004-09-30,2004-08-31,rr_erc_pathB_loim_vols_histfreq_cat,loim_regime_parity,0.028647933773302218,0.02860729640912732,0.030597729486258943,0.014344395310152452,4.063736417489819e-05,0.2096634546258737
2004-10-29,2004-09-30,rr_erc_pathB_loim_vols_histfreq_cat,loim_regime_parity,0.01955315483382383,0.01951939073799926,0.019887090418697708,0.019579651969518243,3.376409582456913e-05,0.0
2004-11-30,2004-10-29,rr_erc_pathB_loim_vols_histfreq_cat,loim_regime_parity,0.06472238178519098,0.06454151918406183,0.06588344984472241,0.05253418283679831,0.0001808626011291503,0.0
2004-12-31,2004-11-30,rr_erc_pathB_loim_vols_histfreq_cat,loim_regime_parity,0.03339406227676685,0.033418132513141435,0.03306751755863522,0.03731571006975962,-2.4070236374587606e-05,0.002706400700026902
2005-01-31,2004-12-31,rr_erc_pathB_loim_vols_histfreq_cat,loim_regime_parity,-0.02564803836763308,-0.02560080915722508,-0.025853630991336862,-0.02215959374983942,-4.722921040800285e-05,0.0018479093108794975
2005-02-28,2005-01-31,rr_erc_pathB_loim_vols_histfreq_cat,loim_regime_parity,0.027333529207671934,0.02732702097828916,0.02704683029553886,0.030097675266303612,6.508229382775482e-06,0.00045655803582426296
2005-03-31,2005-02-28,rr_erc_pathB_loim_vols_histfreq_cat,loim_regime_parity,-0.019475390210357192,-0.019417578537591934,-0.019998107151286384,-0.017235752625721357,-5.781167276525806e-05,0.0
2005-04-29,2005-03-31,rr_erc_pathB_loim_vols_histfreq_cat,loim_regime_parity,-0.03482811199744301,-0.03472353737081132,-0.03669585907377671,-0.02028913043767162,-0.00010457462663169409,0.0
2005-05-31,2005-04-29,rr_erc_pathB_loim_vols_histfreq_cat,loim_regime_parity,0.04450069416496999,0.04454955907317707,0.04724819015196745,0.020831800204903543,-4.8864908207081614e-05,0.0023149468220594396
2005-06-30,2005-05-31,rr_erc_pathB_loim_vols_histfreq_cat,loim_regime_parity,0.022761687707831334,0.022603498032382575,0.023737153407844384,0.01168137381253368,0.00015818967544875898,0.0
2005-07-29,2005-06-30,rr_erc_pathB_loim_vols_histfreq_cat,loim_regime_parity,0.047667651927903704,0.04756545708758923,0.049479414834644755,0.029745446917003773,0.00010219484031447068,0.0
2005-08-31,2005-07-29,rr_erc_pathB_loim_vols_histfreq_cat,loim_regime_parity,0.0037099816850209083,0.006047668389688779,-0.0036081720768856027,0.011374381991333886,-0.0023376867046678703,0.3544408998468378
2005-09-30,2005-08-31,rr_erc_pathB_loim_vols_histfreq_cat,loim_regime_parity,0.0007208475937114273,-0.002345399682249528,0.00797819670265789,-0.0106908782164406,0.0030662472759609553,0.008571810056739515
2005-10-31,2005-09-30,rr_erc_pathB_loim_vols_histfreq_cat,loim_regime_parity,-0.022912595752744257,-0.02162491025494615,-0.028313273923346448,-0.015931763415154995,-0.001287685497798105,0.008239095005317158
2005-11-30,2005-10-31,rr_erc_pathB_loim_vols_histfreq_cat,loim_regime_parity,0.03155489454426494,0.02831024475154881,0.04282494849954321,0.019690773980323324,0.0032446497927161276,0.0027817973381267444
2005-12-30,2005-11-30,rr_erc_pathB_loim_vols_histfreq_cat,loim_regime_parity,0.009453002479908004,0.010075953859963347,0.005708781824457073,0.011850795946152695,-0.0006229513800553432,0.0038765152851560104
2006-01-31,2005-12-30,rr_erc_pathB_loim_vols_histfreq_cat,loim_regime_parity,0.03229220081726504,0.027908919416515025,0.050713860355906255,0.0076617440654677335,0.004383281400750016,0.0009793448025184892
2006-02-28,2006-01-31,rr_erc_pathB_loim_vols_histfreq_cat,loim_regime_parity,0.001649046120888631,0.001707356929856452,0.0005694159346649768,0.0017860234502854087,-5.83108089678209e-05,0.010022172041495952
2006-03-31,2006-02-28,rr_erc_pathB_loim_vols_histfreq_cat,loim_regime_parity,0.0127626931057234,0.009068742148824504,0.028118018283418932,-0.00684133533984275,0.0036939509568988966,0.0023296317437902156
2006-04-28,2006-03-31,rr_erc_pathB_loim_vols_histfreq_cat,loim_regime_parity,0.004312782833803851,0.0018937813529202215,0.009067010242431782,-0.0050722833899721955,0.0024190014808836294,0.0007788882900077142
2006-05-31,2006-04-28,rr_erc_pathB_loim_vols_histfreq_cat,loim_regime_parity,-0.025099410354017807,-0.022381422785792544,-0.0368816949492967,-0.011844953921915171,-0.0027179875682252636,0.003056233823745095
2006-06-30,2006-05-31,rr_erc_pathB_loim_vols_histfreq_cat,loim_regime_parity,0.002148678136921611,0.0024330328345118207,0.00040823098702776403,0.00395975791274638,-0.00028435469759020967,0.010892312900754628
2006-07-31,2006-06-30,rr_erc_pathB_loim_vols_histfreq_cat,loim_regime_parity,-0.0021595446705459176,-0.0011569364245196964,-0.013129957251387379,0.007228663145280752,-0.0010026082460262212,0.0019209027376772929
2006-08-31,2006-07-31,rr_erc_pathB_loim_vols_histfreq_cat,loim_regime_parity,0.019639527285613394,0.01953936310332352,0.02025572412451341,0.019017631398639507,0.00010016418228987398,0.007513855730948642
2006-09-29,2006-08-31,rr_erc_pathB_loim_vols_histfreq_cat,loim_regime_parity,0.013030706214812495,0.012559370359981892,0.012501215443038526,0.015035116710933145,0.0004713358548306037,0.005021932475017435
2006-10-31,2006-09-29,rr_erc_pathB_loim_vols_histfreq_cat,loim_regime_parity,0.027578805868338857,0.025439384726298746,0.03878913676877088,0.014588763175219212,0.0021394211420401113,0.001407757714022899
2006-11-30,2006-10-31,rr_erc_pathB_loim_vols_histfreq_cat,loim_regime_parity,0.02189780655362117,0.021088931049410137,0.026022701174036374,0.017698857583562197,0.0008088755042110311,0.00110381633028888
2006-12-29,2006-11-30,rr_erc_pathB_loim_vols_histfreq_cat,loim_regime_parity,0.0003040331326909167,-0.001845454974438396,0.004465569276127871,-0.007666238512726748,0.0021494881071293125,0.003370246914689474
2007-01-31,2006-12-29,rr_erc_pathB_loim_vols_histfreq_cat,loim_regime_parity,0.012243440240584226,0.010509589800744104,0.019881656863875677,0.0038461254210709144,0.0017338504398401212,0.0045216844374323
2007-02-28,2007-01-31,rr_erc_pathB_loim_vols_histfreq_cat,loim_regime_parity,0.004440765610931606,0.0067573583753372584,-0.0015472457203371277,0.010894142118622673,-0.0023165927644056526,0.000767837262671104
2007-03-30,2007-02-28,rr_erc_pathB_loim_vols_histfreq_cat,loim_regime_parity,0.006515144208514375,0.005183705042701525,0.011354964726977144,0.0002996666097273107,0.0013314391658128498,0.003829107169100794
2007-04-30,2007-03-30,rr_erc_pathB_loim_vols_histfreq_cat,loim_regime_parity,0.021581173829631803,0.019342626885279712,0.026814660057762958,0.01659310724039737,0.0022385469443520906,0.0008383994394414972
2007-05-31,2007-04-30,rr_erc_pathB_loim_vols_histfreq_cat,loim_regime_parity,0.02001614546133923,0.01643185240103668,0.03505115367439374,0.0030811977911824303,0.00358429306030255,0.0024107026037317493
2007-06-29,2007-05-31,rr_erc_pathB_loim_vols_histfreq_cat,loim_regime_parity,-0.012362732832201722,-0.01125256891233253,-0.016250067373654562,-0.007523650538626845,-0.001110163919869192,0.004857133099246871
2007-07-31,2007-06-29,rr_erc_pathB_loim_vols_histfreq_cat,loim_regime_parity,-0.019256537236072818,-0.01498228903847837,-0.03922434522908801,0.005200568306958772,-0.004274248197594447,0.0035954403462386993
2007-08-31,2007-07-31,rr_erc_pathB_loim_vols_histfreq_cat,loim_regime_parity,0.013483152201175599,0.013957449270576398,0.012503863511323264,0.015407052960683211,-0.0004742970694007996,0.021085882910728878
2007-09-28,2007-08-31,rr_erc_pathB_loim_vols_histfreq_cat,loim_regime_parity,0.018724685175795064,0.01682258130540434,0.025023447763859813,0.01369305512173774,0.0019021038703907235,0.001944608233206007
2007-10-31,2007-09-28,rr_erc_pathB_loim_vols_histfreq_cat,loim_regime_parity,0.015937397272910655,0.01575851778275419,0.019047499254360774,0.014022648993329471,0.00017887949015646387,0.0019236960927345587
2007-11-30,2007-10-31,rr_erc_pathB_loim_vols_histfreq_cat,loim_regime_parity,-0.016311871061807048,-0.011302467504753009,-0.044620815419701254,0.013376900908381513,-0.005009403557054039,0.0017334305055223438
2007-12-31,2007-11-30,rr_erc_pathB_loim_vols_histfreq_cat,loim_regime_parity,-0.00683873771246077,-0.0061547616841238885,-0.00937122136054672,-0.0032305839741514795,-0.0006839760283368817,0.02501172380829781
2008-01-31,2007-12-31,rr_erc_pathB_loim_vols_histfreq_cat,loim_regime_parity,-0.023830033412987686,-0.019999836892572485,-0.05064699859573155,-0.0026918646208124028,-0.0038301965204152015,0.0020260175197975606
2008-02-29,2008-01-31,rr_erc_pathB_loim_vols_histfreq_cat,loim_regime_parity,-0.0049408758701351444,-0.004927137455404296,-0.015250072733667292,-0.003700715490869771,-1.373841473084874e-05,0.11049399913912042
2008-03-31,2008-02-29,rr_erc_pathB_loim_vols_histfreq_cat,loim_regime_parity,-0.002100229287046332,-0.002100229287046332,-0.009134128890776264,0.002820418650548884,0.0,0.005836744670936863
2008-04-30,2008-03-31,rr_erc_pathB_loim_vols_histfreq_cat,loim_regime_parity,0.012195322519766747,0.012195322519766747,0.038065515117956805,-0.0009620882109609236,0.0,0.004503123146962877
2008-05-30,2008-04-30,rr_erc_pathB_loim_vols_histfreq_cat,loim_regime_parity,0.007330698245319677,0.007330698245319677,0.026797450954795646,-0.006694003827348431,0.0,0.005349546518639201
2008-06-30,2008-05-30,rr_erc_pathB_loim_vols_histfreq_cat,loim_regime_parity,-0.026930876066066776,-0.026930876066066776,-0.059540076707212015,-0.01768314241774254,0.0,0.0006532372617013942
2008-07-31,2008-06-30,rr_erc_pathB_loim_vols_histfreq_cat,loim_regime_parity,-0.0015996806219637308,-0.0015947869503027477,-0.0029648511223480042,-0.0009153823627686465,-4.8936716609830795e-06,0.0
2008-08-29,2008-07-31,rr_erc_pathB_loim_vols_histfreq_cat,loim_regime_parity,0.007519208864689798,0.0068005645622517255,0.009055211986097322,0.008234213063501082,0.0007186443024380729,0.0
2008-09-30,2008-08-29,rr_erc_pathB_loim_vols_histfreq_cat,loim_regime_parity,-0.03468356215330118,-0.03312792934902511,-0.07007148523062715,-0.01543980953984012,-0.0015556328042760706,0.0008429538228345128
2008-10-31,2008-09-30,rr_erc_pathB_loim_vols_histfreq_cat,loim_regime_parity,-0.10720732813800214,-0.10723623110807737,-0.18115960602678488,-0.06507795119460622,2.8902970075225798e-05,0.0005794840817725348
2008-11-28,2008-10-31,rr_erc_pathB_loim_vols_histfreq_cat,loim_regime_parity,0.0037402820733749304,-0.012454306850118287,-0.05988600180116905,0.03739046513356799,0.016194588923493215,0.0
2008-12-31,2008-11-28,rr_erc_pathB_loim_vols_histfreq_cat,loim_regime_parity,0.05553372116504058,0.05423885755471774,0.04865073005921573,0.053641828062838806,0.0012948636103228411,0.0005019914669974028
2009-01-30,2008-12-31,rr_erc_pathB_loim_vols_histfreq_cat,loim_regime_parity,-0.06698960697525226,-0.06848645506075887,-0.07977048619017893,-0.064160198795049,0.0014968480855066107,0.0
2009-02-27,2009-01-30,rr_erc_pathB_loim_vols_histfreq_cat,loim_regime_parity,-0.053027665131226205,-0.06274688111900724,-0.08957350243057567,-0.03576690132548064,0.009719215987781034,0.0
2009-03-31,2009-02-27,rr_erc_pathB_loim_vols_histfreq_cat,loim_regime_parity,0.04726969508371677,0.05016097969524614,0.06673075809025408,0.035521617957344195,-0.0028912846115293697,0.0
2009-04-30,2009-03-31,rr_erc_pathB_loim_vols_histfreq_cat,loim_regime_parity,0.045556354456444494,0.06144729893885306,0.11099092716539304,4.9162162566058543e-05,-0.01589094448240857,0.0
2009-05-29,2009-04-30,rr_erc_pathB_loim_vols_histfreq_cat,loim_regime_parity,0.027786887685423495,0.0384704158793559,0.05411725760135923,0.020206886577594525,-0.010683528193932406,0.020325319382715937
2009-06-30,2009-05-29,rr_erc_pathB_loim_vols_histfreq_cat,loim_regime_parity,-0.001321936173859087,-0.002317887441994722,-0.00012039806370187697,-0.00419038252503745,0.000995951268135635,0.0
2009-07-31,2009-06-30,rr_erc_pathB_loim_vols_histfreq_cat,loim_regime_parity,0.04419811505487978,0.04850461531458878,0.07349359048510164,0.02189468383124642,-0.004306500259709002,0.005329724406544403
2009-08-31,2009-07-31,rr_erc_pathB_loim_vols_histfreq_cat,loim_regime_parity,0.02473131194218589,0.025455984563973178,0.03369819332784998,0.01635262726154876,-0.0007246726217872874,0.003545852373109646
2009-09-30,2009-08-31,rr_erc_pathB_loim_vols_histfreq_cat,loim_regime_parity,0.030386604353167715,0.03344598041438433,0.04416797521901056,0.02153233689503389,-0.0030593760612166176,0.0
2009-10-30,2009-09-30,rr_erc_pathB_loim_vols_histfreq_cat,loim_regime_parity,-0.02102320777505923,-0.02208379908943073,-0.03360470441319147,-0.007957671521011461,0.0010605913143715007,0.0
2009-11-30,2009-10-30,rr_erc_pathB_loim_vols_histfreq_cat,loim_regime_parity,0.03156600142053384,0.03426610613967965,0.04215550532799054,0.027778313480891794,-0.002700104719145807,0.0
2009-12-31,2009-11-30,rr_erc_pathB_loim_vols_histfreq_cat,loim_regime_parity,0.0013907787069802426,0.0071234409811211504,0.035692276081146626,-0.024904430707604133,-0.005732662274140907,0.0
2010-01-29,2009-12-31,rr_erc_pathB_loim_vols_histfreq_cat,loim_regime_parity,-0.009562200209941531,-0.013863324943837744,-0.029505422778376283,0.001990381795850637,0.004301124733896213,0.0
2010-02-26,2010-01-29,rr_erc_pathB_loim_vols_histfreq_cat,loim_regime_parity,0.020482485537920557,0.022739175929963818,0.03567946611353921,0.010207171492829034,-0.002256690392043261,0.0074921759663703034
2010-03-31,2010-02-26,rr_erc_pathB_loim_vols_histfreq_cat,loim_regime_parity,0.029453395814100062,0.03199207419697098,0.058972770044759676,0.006952126673438721,-0.0025386783828709146,0.0
2010-04-30,2010-03-31,rr_erc_pathB_loim_vols_histfreq_cat,loim_regime_parity,0.025522132920744466,0.026054164873653474,0.03457695351562005,0.0179991839233635,-0.0005320319529090074,0.04167041462568056
2010-05-28,2010-04-30,rr_erc_pathB_loim_vols_histfreq_cat,loim_regime_parity,-0.023954161035010888,-0.024338783039898764,-0.0600459511207715,0.003787217327077866,0.00038462200488787596,0.2518500318312668
2010-06-30,2010-05-28,rr_erc_pathB_loim_vols_histfreq_cat,loim_regime_parity,-0.011553047559979195,-0.011458597675870192,-0.04232336590336426,0.010376437618453053,-9.444988410900294e-05,0.005748494936772427
2010-07-30,2010-06-30,rr_erc_pathB_loim_vols_histfreq_cat,loim_regime_parity,0.029187574921832677,0.02762961664674667,0.053579081019391114,0.010232450945494628,0.0015579582750860077,0.0
2010-08-31,2010-07-30,rr_erc_pathB_loim_vols_histfreq_cat,loim_regime_parity,-0.00803033508757561,-0.00762579786112057,-0.037333970579310254,0.011467346629933123,-0.00040453722645503957,0.04363365423619271
2010-09-30,2010-08-31,rr_erc_pathB_loim_vols_histfreq_cat,loim_regime_parity,0.04131356215894189,0.04061864733699222,0.08480999282589685,0.011097880535068948,0.0006949148219496729,0.0024150354598033615
2010-10-29,2010-09-30,rr_erc_pathB_loim_vols_histfreq_cat,loim_regime_parity,0.014672219350045404,0.014346955688726203,0.031837914996346736,0.003453515473455628,0.00032526366131920177,0.009496828863078961
2010-11-30,2010-10-29,rr_erc_pathB_loim_vols_histfreq_cat,loim_regime_parity,-0.0012047745181107833,-0.001255462296648271,0.011213383740147135,-0.009348148893822072,5.068777853748773e-05,0.1714250929304706
2010-12-31,2010-11-30,rr_erc_pathB_loim_vols_histfreq_cat,loim_regime_parity,0.013336133163756578,0.01301955224092897,0.05182236030725275,-0.010945277233226365,0.00031658092282760807,0.002872825679158914
2011-01-31,2010-12-31,rr_erc_pathB_loim_vols_histfreq_cat,loim_regime_parity,0.0009156736588562656,0.0008728289357095354,0.0063608340380023245,-0.0025193892513729523,4.284472314673021e-05,0.005356320300850802
2011-02-28,2011-01-31,rr_erc_pathB_loim_vols_histfreq_cat,loim_regime_parity,0.022662766512478696,0.022234608700960945,0.03794206505360366,0.014482952613645255,0.00042815781151775076,0.0015112411523966907
2011-03-31,2011-02-28,rr_erc_pathB_loim_vols_histfreq_cat,loim_regime_parity,0.003638199921755527,0.003595932869808126,0.01222795252305264,-0.0012399152196890186,4.226705194740072e-05,0.0
2011-04-29,2011-03-31,rr_erc_pathB_loim_vols_histfreq_cat,loim_regime_parity,0.023599405386800165,0.023338613541448703,0.03228960383906746,0.01832551637102782,0.00026079184535146224,0.0
2011-05-31,2011-04-29,rr_erc_pathB_loim_vols_histfreq_cat,loim_regime_parity,0.001343559310903356,0.00155851856796374,-0.011818254013091922,0.010287271039125497,-0.00021495925706038386,0.0002606342669823694
2011-06-30,2011-05-31,rr_erc_pathB_loim_vols_histfreq_cat,loim_regime_parity,-0.009874756163877374,-0.009798431206059135,-0.018032890713049376,-0.004537307194014522,-7.63249578182388e-05,0.0
2011-07-29,2011-06-30,rr_erc_pathB_loim_vols_histfreq_cat,loim_regime_parity,0.0041320575436061945,0.0038838725491776023,-0.013644989008103205,0.014085010187335295,0.00024818499442859224,0.09658942601893672
2011-08-31,2011-07-29,rr_erc_pathB_loim_vols_histfreq_cat,loim_regime_parity,-0.007736257802043368,-0.007810587265165754,-0.04576615133751072,0.014453268149067222,7.432946312238564e-05,0.0
2011-09-30,2011-08-31,rr_erc_pathB_loim_vols_histfreq_cat,loim_regime_parity,-0.02932248471870462,-0.02775276175772775,-0.07778171127090967,0.003938310913555995,-0.00156972296097687,0.0
2011-10-31,2011-09-30,rr_erc_pathB_loim_vols_histfreq_cat,loim_regime_parity,0.0426669008353368,0.04181960874566738,0.09981475028055868,0.008727037037664314,0.0008472920896694172,0.021354403053112692
2011-11-30,2011-10-31,rr_erc_pathB_loim_vols_histfreq_cat,loim_regime_parity,0.0009013106703415065,0.0008665768414501491,-0.0016474440598425704,0.0015106249387919519,3.473382889135736e-05,0.014179183644311878
2011-12-30,2011-11-30,rr_erc_pathB_loim_vols_histfreq_cat,loim_regime_parity,0.004312358715928963,0.004606825320032674,-0.0013809286082563186,0.009526631130066663,-0.0002944666041037108,0.0009988393418374295
2012-01-31,2011-12-30,rr_erc_pathB_loim_vols_histfreq_cat,loim_regime_parity,0.026340404506550345,0.025935974617750227,0.052222802014819686,0.0117953217474628,0.0004044298888001181,0.0012039481274889983
2012-02-29,2012-01-31,rr_erc_pathB_loim_vols_histfreq_cat,loim_regime_parity,0.009600655647509664,0.009391248228032835,0.027769373667166863,-0.0005856531593054433,0.00020940741947682827,0.0029029525413473735
2012-03-30,2012-02-29,rr_erc_pathB_loim_vols_histfreq_cat,loim_regime_parity,8.3158695796155e-05,1.9354377853529032e-05,0.012906458073582695,-0.005829232613463834,6.380431794262598e-05,0.005219730426316566
2012-04-30,2012-03-30,rr_erc_pathB_loim_vols_histfreq_cat,loim_regime_parity,0.004829591642065335,0.004984697459500613,-0.0057008355754902176,0.010502508982928637,-0.00015510581743527745,0.0019801568888476225
2012-05-31,2012-04-30,rr_erc_pathB_loim_vols_histfreq_cat,loim_regime_parity,-0.015267762592096827,-0.014592847602647641,-0.05426522783837291,0.007392070424900781,-0.0006749149894491862,0.0
2012-06-29,2012-05-31,rr_erc_pathB_loim_vols_histfreq_cat,loim_regime_parity,0.01081444813832732,0.01071503379110839,0.02926217272016596,0.001998923864321437,9.941434721892975e-05,0.010306864738475465
2012-07-31,2012-06-29,rr_erc_pathB_loim_vols_histfreq_cat,loim_regime_parity,0.008645830253618307,0.008646891397145706,0.0032314501997509695,0.011197084552495113,-1.0611435273984171e-06,0.0004977917292584132
2012-08-31,2012-07-31,rr_erc_pathB_loim_vols_histfreq_cat,loim_regime_parity,0.012380235270423819,0.012120922677534653,0.028703914121845787,0.0030308739339117087,0.00025931259288916597,0.0
2012-09-28,2012-08-31,rr_erc_pathB_loim_vols_histfreq_cat,loim_regime_parity,0.007425761636526312,0.007299715280885753,0.019660719473636235,0.0014339983836460842,0.000126046355640559,0.0
2012-10-31,2012-09-28,rr_erc_pathB_loim_vols_histfreq_cat,loim_regime_parity,-0.006500274070591699,-0.006344192960840471,-0.012405657931023077,-0.003061577934417433,-0.00015608110975122783,0.0
2012-11-30,2012-10-31,rr_erc_pathB_loim_vols_histfreq_cat,loim_regime_parity,0.007400561375229694,0.007367936890860488,0.011607005088398247,0.004946915753778743,3.262448436920553e-05,0.0
2012-12-31,2012-11-30,rr_erc_pathB_loim_vols_histfreq_cat,loim_regime_parity,0.0007992225332536378,0.0007996474174165034,0.014435178538939525,-0.0021494578216265923,-4.2488416286559725e-07,0.1320163715311607
2013-01-31,2012-12-31,rr_erc_pathB_loim_vols_histfreq_cat,loim_regime_parity,0.005561556207332999,0.005561556207332999,0.037014892722554975,-0.00010826484613311208,0.0,0.19564075817656496
2013-02-28,2013-01-31,rr_erc_pathB_loim_vols_histfreq_cat,loim_regime_parity,0.005792915349576837,0.005792915349576837,0.0037070160823169163,0.006669390657274668,0.0,0.0022421067786322652
2013-03-28,2013-02-28,rr_erc_pathB_loim_vols_histfreq_cat,loim_regime_parity,0.008187245646792693,0.008187245646792693,0.025228211801615923,0.005126393631375533,0.0,0.0006164427520234592
2013-04-30,2013-03-28,rr_erc_pathB_loim_vols_histfreq_cat,loim_regime_parity,0.012631903352089769,0.012631903352089769,0.007244775294994621,0.012216566267967232,0.0,0.0008167075637644308
2013-05-31,2013-04-30,rr_erc_pathB_loim_vols_histfreq_cat,loim_regime_parity,-0.01148374213816587,-0.013384730087931503,0.004697472845939733,-0.014413321807910568,0.001900987949765634,0.08651366855765574
2013-06-28,2013-05-31,rr_erc_pathB_loim_vols_histfreq_cat,loim_regime_parity,-0.019907332885057326,-0.019703777638967215,-0.019792138264219352,-0.017504056577634246,-0.0002035552460901112,0.027653877571877813
2013-07-31,2013-06-28,rr_erc_pathB_loim_vols_histfreq_cat,loim_regime_parity,0.02015914497137281,0.015955914185143253,0.04126275203975421,0.010510673289912316,0.004203230786229556,0.03692512252402227
2013-08-30,2013-07-31,rr_erc_pathB_loim_vols_histfreq_cat,loim_regime_parity,-0.013908945082388964,-0.012640585069260234,-0.018142157894570923,-0.0102368208178523,-0.0012683600131287304,0.01313259252430263
2013-09-30,2013-08-30,rr_erc_pathB_loim_vols_histfreq_cat,loim_regime_parity,0.02089171936829834,0.018324689832315798,0.031765072551040587,0.014812720211612842,0.0025670295359825415,0.08477122273763978
2013-10-31,2013-09-30,rr_erc_pathB_loim_vols_histfreq_cat,loim_regime_parity,0.015167175303785394,0.013595282700162801,0.022892513364778246,0.01063445449709192,0.001571892603622593,0.010565037689329227
2013-11-29,2013-10-31,rr_erc_pathB_loim_vols_histfreq_cat,loim_regime_parity,0.0025729702209693673,0.0008643640076041188,0.010540064941605826,0.0015976823408277005,0.0017086062133652485,0.003711642274773261
2013-12-31,2013-11-29,rr_erc_pathB_loim_vols_histfreq_cat,loim_regime_parity,0.0010328597136021387,-0.0007988818347998664,0.010288097816752306,-0.0039195453159332,0.001831741548402005,0.002074911879510165
2014-01-31,2013-12-31,rr_erc_pathB_loim_vols_histfreq_cat,loim_regime_parity,0.0036441737390116094,0.006718814115306969,-0.011528544368222022,0.01051773023201165,-0.0030746403762953595,0.011232868662558551
2014-02-28,2014-01-31,rr_erc_pathB_loim_vols_histfreq_cat,loim_regime_parity,0.019286527587385346,0.01649408354027163,0.03482665787864815,0.009056985909093849,0.0027924440471137173,0.004223693893234182
2014-03-31,2014-02-28,rr_erc_pathB_loim_vols_histfreq_cat,loim_regime_parity,0.00029289302369987997,0.0002572207694152338,0.001147897263890049,-0.0008096116257129728,3.5672254284646176e-05,0.007208799679840635
2014-04-30,2014-03-31,rr_erc_pathB_loim_vols_histfreq_cat,loim_regime_parity,0.0030315521228408224,0.004112689133407318,-0.0033862975477336587,0.0034599214226892607,-0.0010811370105664958,0.002293333731705899
2014-05-30,2014-04-30,rr_erc_pathB_loim_vols_histfreq_cat,loim_regime_parity,0.01183505146374826,0.011851334931267466,0.011864074954736787,0.010357634008045303,-1.6283467519206257e-05,0.001337565084649113
2014-06-30,2014-05-30,rr_erc_pathB_loim_vols_histfreq_cat,loim_regime_parity,0.010967364931564156,0.008837203520552126,0.02320869617786505,0.005447740671201952,0.00213016141101203,0.0026350931166878085
2014-07-31,2014-06-30,rr_erc_pathB_loim_vols_histfreq_cat,loim_regime_parity,-0.011685311331455684,-0.009473956574660143,-0.024697621649021992,-0.006551051304369668,-0.0022113547567955416,0.001955604634934882
2014-08-29,2014-07-31,rr_erc_pathB_loim_vols_histfreq_cat,loim_regime_parity,0.01830883826116037,0.017295763738275616,0.026405122846292175,0.01479488708903219,0.001013074522884752,0.006721536069183418
2014-09-30,2014-08-29,rr_erc_pathB_loim_vols_histfreq_cat,loim_regime_parity,-0.018451438170339438,-0.016472456491481074,-0.03053893291403807,-0.010471595813616836,-0.001978981678858363,0.008433581197787159
2014-10-31,2014-09-30,rr_erc_pathB_loim_vols_histfreq_cat,loim_regime_parity,0.015614560450814425,0.0145074722655362,0.02468580734004039,0.012350401494884884,0.001107088185278226,0.010605423638025354
2014-11-28,2014-10-31,rr_erc_pathB_loim_vols_histfreq_cat,loim_regime_parity,0.006277874083658253,0.006442585177108323,0.006164748894459063,0.00841693472725173,-0.0001647110934500694,0.037404948638910945
2014-12-31,2014-11-28,rr_erc_pathB_loim_vols_histfreq_cat,loim_regime_parity,0.0002936557445040421,0.0009773215202072295,-0.00033215669114984407,0.0016417252250779425,-0.0006836657757031874,0.0011554527918044878
2015-01-30,2014-12-31,rr_erc_pathB_loim_vols_histfreq_cat,loim_regime_parity,0.00973997265245808,0.012731987715449524,-0.00533286916259754,0.016380078598595797,-0.0029920150629914443,0.015561097521130864
2015-02-27,2015-01-30,rr_erc_pathB_loim_vols_histfreq_cat,loim_regime_parity,0.006666083983563208,0.0031764277597592957,0.02563870567923871,-0.003502479122422331,0.0034896562238039123,0.005071515042261495
2015-03-31,2015-02-27,rr_erc_pathB_loim_vols_histfreq_cat,loim_regime_parity,0.0006586215233994044,0.0013058984161941937,-0.0011538947729726992,0.0018286108017584624,-0.0006472768927947893,0.002906222224829518
2015-04-30,2015-03-31,rr_erc_pathB_loim_vols_histfreq_cat,loim_regime_parity,-0.0019864318260216047,-0.002666363527851202,-0.0010513647420655782,-0.0015423905015340073,0.0006799317018295974,0.0016579562118219458
2015-05-29,2015-04-30,rr_erc_pathB_loim_vols_histfreq_cat,loim_regime_parity,-0.0012485803813669077,-0.0020170378608126197,0.0030154942566781124,-0.002206135858311687,0.000768457479445712,0.056757808808846566
2015-06-30,2015-05-29,rr_erc_pathB_loim_vols_histfreq_cat,loim_regime_parity,-0.009598171230463656,-0.009973437559472937,-0.00803327036899054,-0.010573021056577883,0.0003752663290092807,0.0019873903979143823
2015-07-31,2015-06-30,rr_erc_pathB_loim_vols_histfreq_cat,loim_regime_parity,0.0012179990606287117,0.0032070075483130074,-0.004539779937416969,0.007023162950243204,-0.0019890084876842957,0.007462793394884051
2015-08-31,2015-07-31,rr_erc_pathB_loim_vols_histfreq_cat,loim_regime_parity,-0.020557234514419563,-0.017923865559232362,-0.035237317805842994,-0.010193419256525896,-0.0026333689551872007,0.0016965086785023526
2015-09-30,2015-08-31,rr_erc_pathB_loim_vols_histfreq_cat,loim_regime_parity,-0.0076025663330027545,-0.005106663099196544,-0.020571180393607877,0.003331471900293998,-0.0024959032338062103,0.009862062349806437
2015-10-30,2015-09-30,rr_erc_pathB_loim_vols_histfreq_cat,loim_regime_parity,0.020274296854579613,0.017292816981568142,0.03885005685268022,0.00805518000487886,0.002981479873011471,0.007977346009020227
2015-11-30,2015-10-30,rr_erc_pathB_loim_vols_histfreq_cat,loim_regime_parity,-0.002364595161285297,-0.0022865748421829766,-6.619843652964355e-05,-0.0017430351322426905,-7.802031910232035e-05,0.01406039835836752
2015-12-31,2015-11-30,rr_erc_pathB_loim_vols_histfreq_cat,loim_regime_parity,-0.011879766559375171,-0.010544612645613311,-0.0210796371665206,-0.005174384331706764,-0.00133515391376186,0.002219769845136107
2016-01-29,2015-12-31,rr_erc_pathB_loim_vols_histfreq_cat,loim_regime_parity,-0.008466718175569378,-0.0049921723907479084,-0.030908658808310185,0.00529435348969485,-0.00347454578482147,0.0038905600147126646
2016-02-29,2016-01-29,rr_erc_pathB_loim_vols_histfreq_cat,loim_regime_parity,0.007635273507454614,0.00774407951839668,0.006258752202582678,0.007349123311389811,-0.00010880601094206618,0.0
2016-03-31,2016-02-29,rr_erc_pathB_loim_vols_histfreq_cat,loim_regime_parity,0.03127012053552756,0.027379861510004898,0.053022600490763634,0.0149404711242197,0.0038902590255226605,0.0014740378501340596
2016-04-29,2016-03-31,rr_erc_pathB_loim_vols_histfreq_cat,loim_regime_parity,0.009407433513790165,0.00783091213839356,0.0149838795648425,0.003529195966373104,0.0015765213753966053,0.0
2016-05-31,2016-04-29,rr_erc_pathB_loim_vols_histfreq_cat,loim_regime_parity,0.0020378139306567004,0.0018340055865697653,0.0052201220695034505,0.0014883199588978213,0.00020380834408693514,0.0003052458675908004
2016-06-30,2016-05-31,rr_erc_pathB_loim_vols_histfreq_cat,loim_regime_parity,0.018213829273354503,0.01870190006859369,0.013986707008276823,0.017891292416035383,-0.00048807079523918717,0.0
2016-07-29,2016-06-30,rr_erc_pathB_loim_vols_histfreq_cat,loim_regime_parity,0.014602819104130941,0.013037859367736526,0.024517862545094596,0.008275460317222169,0.0015649597363944154,0.009552778537095212
2016-08-31,2016-07-29,rr_erc_pathB_loim_vols_histfreq_cat,loim_regime_parity,-0.000923079339611477,-0.001105172608067279,0.0013135941957468555,-0.0022797489922648084,0.000182093268455802,0.03731643346777642
2016-09-30,2016-08-31,rr_erc_pathB_loim_vols_histfreq_cat,loim_regime_parity,0.00291420985852628,0.00268961417638342,0.0045199339750764955,0.00046421610024190716,0.00022459568214286017,0.0015963183611684435
2016-10-31,2016-09-30,rr_erc_pathB_loim_vols_histfreq_cat,loim_regime_parity,-0.014944475945558843,-0.014728588491442204,-0.021119750578439907,-0.009724608852433892,-0.0002158874541166398,0.00035694469532672295
2016-11-30,2016-10-31,rr_erc_pathB_loim_vols_histfreq_cat,loim_regime_parity,-0.00220466674582185,-0.0031441249668533637,0.02144653416983983,-0.014226034692669715,0.0009394582210315136,0.008082722914732067
2016-12-30,2016-11-30,rr_erc_pathB_loim_vols_histfreq_cat,loim_regime_parity,0.010178834871989494,0.009744015957188464,0.01625789116222303,0.004522495598103822,0.0004348189148010301,0.007969958885414082
2017-01-31,2016-12-30,rr_erc_pathB_loim_vols_histfreq_cat,loim_regime_parity,0.009159709893589697,0.008809185095369161,0.012737962242158717,0.0034923576016896254,0.00035052479822053617,0.0015893411558250692
2017-02-28,2017-01-31,rr_erc_pathB_loim_vols_histfreq_cat,loim_regime_parity,0.013125776865819172,0.012819620648738636,0.01893507527178501,0.008754426064255746,0.000306156217080536,0.0016862029132549208
2017-03-31,2017-02-28,rr_erc_pathB_loim_vols_histfreq_cat,loim_regime_parity,-0.0009243536354657361,-0.0008586137675898644,-0.0009174073695996923,-0.0010174655480257838,-6.573986787587163e-05,0.006369471948246953
2017-04-28,2017-03-31,rr_erc_pathB_loim_vols_histfreq_cat,loim_regime_parity,0.006491977459557214,0.0065332530062038275,0.006856402258184223,0.006252204000232651,-4.127554664661373e-05,0.0010433849235466502
2017-05-31,2017-04-28,rr_erc_pathB_loim_vols_histfreq_cat,loim_regime_parity,0.004501457357986159,0.004594241507892725,0.0028297426863498525,0.004371315351227989,-9.278414990656573e-05,0.0008777906281623379
2017-06-30,2017-05-31,rr_erc_pathB_loim_vols_histfreq_cat,loim_regime_parity,0.004094986620125438,0.0038829660880910456,0.008861509872358897,0.0017346928626169916,0.0002120205320343925,0.00032033909911722246
2017-07-31,2017-06-30,rr_erc_pathB_loim_vols_histfreq_cat,loim_regime_parity,0.008503583527196453,0.008174402112694063,0.012018330922215636,0.0048337040849826965,0.0003291814145023903,0.00015611453956417172
2017-08-31,2017-07-31,rr_erc_pathB_loim_vols_histfreq_cat,loim_regime_parity,0.0029241849606067116,0.0032922707407405456,-0.002185855078592867,0.006200103222843526,-0.00036808578013383404,0.001117433406902001
2017-09-29,2017-08-31,rr_erc_pathB_loim_vols_histfreq_cat,loim_regime_parity,0.007526554108412921,0.006898026809465529,0.01964812739051492,3.562432203284366e-05,0.0006285272989473923,0.0003752247750466939
2017-10-31,2017-09-29,rr_erc_pathB_loim_vols_histfreq_cat,loim_regime_parity,0.004486433962266711,0.004373554856769172,0.007915866639862565,0.0018846087963571192,0.00011287910549753928,0.0015150733829410283
2017-11-30,2017-10-31,rr_erc_pathB_loim_vols_histfreq_cat,loim_regime_parity,0.00878021541069845,0.008432961137168104,0.017475647408744372,0.0031772087583203006,0.0003472542735303459,0.00013879443549652537
2017-12-29,2017-11-30,rr_erc_pathB_loim_vols_histfreq_cat,loim_regime_parity,0.005822905065029329,0.005763295472226988,0.0063144301485810175,0.004675934195536877,5.96095928023406e-05,0.001274868669728797
2018-01-31,2017-12-29,rr_erc_pathB_loim_vols_histfreq_cat,loim_regime_parity,0.006824946457586783,0.006087818095840741,0.02063421080630569,-0.0037581594544256703,0.0007371283617460421,0.0005039167886251843
2018-02-28,2018-01-31,rr_erc_pathB_loim_vols_histfreq_cat,loim_regime_parity,-0.018721308123558784,-0.01833101718543086,-0.02719142999237656,-0.013002397021711826,-0.00039029093812792404,0.001876649828778311
2018-03-29,2018-02-28,rr_erc_pathB_loim_vols_histfreq_cat,loim_regime_parity,0.003861893479501775,0.004000173115886387,0.0023693300447072546,0.004766328831297257,-0.00013827963638461237,0.007150457638083349
2018-04-30,2018-03-29,rr_erc_pathB_loim_vols_histfreq_cat,loim_regime_parity,-0.003666936040961946,-0.0037803099344392607,-0.001298853243907936,-0.005148310935628481,0.00011337389347731465,0.00018162182683939022
2018-05-31,2018-04-30,rr_erc_pathB_loim_vols_histfreq_cat,loim_regime_parity,0.010800318009118357,0.010752620475700823,0.01643038894839631,0.008041462202445926,4.7697533417533425e-05,0.002856709542638239
2018-06-29,2018-05-31,rr_erc_pathB_loim_vols_histfreq_cat,loim_regime_parity,-0.0003041654556633972,-8.979660765424296e-05,-0.0007995662376588677,0.0018636750822678357,-0.00021436884800915426,0.0026740595974084104
2018-07-31,2018-06-29,rr_erc_pathB_loim_vols_histfreq_cat,loim_regime_parity,0.008570369728652875,0.008157502845356315,0.016312563116837004,0.003585960362884743,0.0004128668832965605,0.0009687137860695787
2018-08-31,2018-07-31,rr_erc_pathB_loim_vols_histfreq_cat,loim_regime_parity,0.008444556591878434,0.008595924327835612,0.012888944110561375,0.008467136695087888,-0.00015136773595717835,0.0015911026886085682
2018-09-28,2018-08-31,rr_erc_pathB_loim_vols_histfreq_cat,loim_regime_parity,-0.004484216255024796,-0.004607333854465086,-0.004496744279043535,-0.00543064322523497,0.00012311759944029065,0.001976140335193055
2018-10-31,2018-09-28,rr_erc_pathB_loim_vols_histfreq_cat,loim_regime_parity,-0.028541511520441848,-0.02786122544291612,-0.049396420639118595,-0.012255921906095072,-0.0006802860775257276,0.002513460804974603
2018-11-30,2018-10-31,rr_erc_pathB_loim_vols_histfreq_cat,loim_regime_parity,0.00778429608658773,0.007898242037938505,0.012007112319046758,0.006234611359817419,-0.00011394595135077491,0.012863192340214387
2018-12-31,2018-11-30,rr_erc_pathB_loim_vols_histfreq_cat,loim_regime_parity,-0.016224982793752674,-0.015261276397184385,-0.04823212262101123,0.003253964205718819,-0.0009637063965682886,0.0015912826624047988
2019-01-31,2018-12-31,rr_erc_pathB_loim_vols_histfreq_cat,loim_regime_parity,0.03790796045989022,0.03585917604228623,0.0625788837855307,0.018617882529410632,0.002048784417603991,0.0
2019-02-28,2019-01-31,rr_erc_pathB_loim_vols_histfreq_cat,loim_regime_parity,0.009598360602269958,0.008752358659693593,0.020615796513226082,0.0014654348463696545,0.0008460019425763649,0.0
2019-03-29,2019-02-28,rr_erc_pathB_loim_vols_histfreq_cat,loim_regime_parity,0.010594929317369458,0.011377394686638082,0.0036804775654015777,0.016339042796973367,-0.0007824653692686239,0.0
2019-04-30,2019-03-29,rr_erc_pathB_loim_vols_histfreq_cat,loim_regime_parity,0.010103720180104338,0.009270283645686555,0.02017846930668535,0.0035230212529966318,0.0008334365344177825,0.001490217195287042
2019-05-31,2019-04-30,rr_erc_pathB_loim_vols_histfreq_cat,loim_regime_parity,-0.009156957037666986,-0.006953631875876067,-0.03379921881175521,0.007662231584200663,-0.002203325161790919,0.0
2019-06-28,2019-05-31,rr_erc_pathB_loim_vols_histfreq_cat,loim_regime_parity,0.029936007178070337,0.02801991058668812,0.04733093975254184,0.017332639857314876,0.0019160965913822166,0.0
2019-07-31,2019-06-28,rr_erc_pathB_loim_vols_histfreq_cat,loim_regime_parity,0.003531873056936899,0.003320625622516033,0.005681174540891909,0.0024247742716215917,0.00021124743442086594,0.0
2019-08-30,2019-07-31,rr_erc_pathB_loim_vols_histfreq_cat,loim_regime_parity,0.00553860710312608,0.007734428471051243,-0.012087238852690915,0.018793156231391484,-0.002195821367925163,0.0
2019-09-30,2019-08-30,rr_erc_pathB_loim_vols_histfreq_cat,loim_regime_parity,0.004204998169457041,0.003133706305562612,0.013162436026757205,-0.0008578347693177985,0.001071291863894429,1.9924215258695574e-05
2019-10-31,2019-09-30,rr_erc_pathB_loim_vols_histfreq_cat,loim_regime_parity,0.008375526328858865,0.007758341848449931,0.013944618916810925,0.0043614796971094905,0.0006171844804089338,0.0033322758753623963
2019-11-29,2019-10-31,rr_erc_pathB_loim_vols_histfreq_cat,loim_regime_parity,0.007533359561939207,0.006796515452485252,0.015945878989623727,0.003027051713588142,0.000736844109453955,0.0
2019-12-31,2019-11-29,rr_erc_pathB_loim_vols_histfreq_cat,loim_regime_parity,0.011356076292937448,0.010084752723881636,0.02028310185470805,0.0028424859485394393,0.0012713235690558124,0.0015292678358005424
2020-01-31,2019-12-31,rr_erc_pathB_loim_vols_histfreq_cat,loim_regime_parity,0.005166228160223035,0.006618098420546939,-0.006819790931235276,0.0128006684930811,-0.001451870260323904,0.0028967620101532556
2020-02-28,2020-01-31,rr_erc_pathB_loim_vols_histfreq_cat,loim_regime_parity,-0.01881254233657303,-0.015562500392642996,-0.04869870005087637,0.0024052369145452094,-0.0032500419439300352,0.0011818297070888828
2020-03-31,2020-02-28,rr_erc_pathB_loim_vols_histfreq_cat,loim_regime_parity,-0.07149357628027171,-0.06285919492593757,-0.124013384285806,-0.02519675745254227,-0.008634381354334142,0.0
2020-04-30,2020-03-31,rr_erc_pathB_loim_vols_histfreq_cat,loim_regime_parity,0.04680971559179666,0.04139088218456453,0.07612844371766136,0.02552962121560665,0.005418833407232135,0.0
2020-05-29,2020-04-30,rr_erc_pathB_loim_vols_histfreq_cat,loim_regime_parity,0.026664434364617854,0.023096129764821914,0.04267510369247782,0.00826238326177474,0.00356830459979594,0.0
2020-06-30,2020-05-29,rr_erc_pathB_loim_vols_histfreq_cat,loim_regime_parity,0.00988303171143345,0.009494348679175292,0.014472540237259551,0.004664247899774265,0.00038868303225815873,0.06715292020648442
2020-07-31,2020-06-30,rr_erc_pathB_loim_vols_histfreq_cat,loim_regime_parity,0.024873912794188418,0.02408437747112049,0.03520074311278138,0.01457473738641003,0.0007895353230679275,0.0061656972578015955
2020-08-31,2020-07-31,rr_erc_pathB_loim_vols_histfreq_cat,loim_regime_parity,0.009175183327848694,0.008401445246620334,0.026018246616522762,-0.0005055006676481089,0.0007737380812283604,0.0025439771589009317
2020-09-30,2020-08-31,rr_erc_pathB_loim_vols_histfreq_cat,loim_regime_parity,-0.009153511946802542,-0.008614197477857312,-0.019005843734137367,-0.002527463892185725,-0.0005393144689452307,0.0008109080364559432
2020-10-30,2020-09-30,rr_erc_pathB_loim_vols_histfreq_cat,loim_regime_parity,-0.004672627113309326,-0.004890255908973388,-0.0019043591516024222,-0.005980792413128318,0.0002176287956640625,0.0030178164087813018
2020-11-30,2020-10-30,rr_erc_pathB_loim_vols_histfreq_cat,loim_regime_parity,0.046594700683525676,0.04460633094926462,0.0909841609303342,0.017802253052727018,0.0019883697342610585,0.001412544140788818
2020-12-31,2020-11-30,rr_erc_pathB_loim_vols_histfreq_cat,loim_regime_parity,0.018943974404769325,0.01786630514616455,0.03873499243820524,0.004665152956540681,0.0010776692586047729,0.007256283969149142
2021-01-29,2020-12-31,rr_erc_pathB_loim_vols_histfreq_cat,loim_regime_parity,-0.0008775690130619352,-0.0012286211680617902,0.006205837140977999,-0.004224819751848538,0.000351052154999855,0.0011179391004627719
2021-02-26,2021-01-29,rr_erc_pathB_loim_vols_histfreq_cat,loim_regime_parity,0.0024060465039460696,0.0014632481370385143,0.023514352161155598,-0.007442649743070986,0.0009427983669075552,0.002249438067291035
2021-03-31,2021-02-26,rr_erc_pathB_loim_vols_histfreq_cat,loim_regime_parity,0.002607867281406467,0.001852616885607152,0.01641654488284649,-0.002818752730941757,0.000755250395799315,0.0024520791128369596
2021-04-30,2021-03-31,rr_erc_pathB_loim_vols_histfreq_cat,loim_regime_parity,0.01759631053510936,0.016858915448241894,0.027366394493700694,0.009398842022440203,0.0007373950868674664,0.0019957638221667004
2021-05-28,2021-04-30,rr_erc_pathB_loim_vols_histfreq_cat,loim_regime_parity,0.006754710736176428,0.006427395341999996,0.009884755178834838,0.004854004802892865,0.00032731539417643184,0.0008336074512851621
2021-06-30,2021-05-28,rr_erc_pathB_loim_vols_histfreq_cat,loim_regime_parity,0.007212245304499725,0.007234791965269132,0.007047768539580907,0.005130729597388675,-2.2546660769407097e-05,0.0005760316273355284
2021-07-30,2021-06-30,rr_erc_pathB_loim_vols_histfreq_cat,loim_regime_parity,0.008254370818249031,0.008468183444438714,0.003530802924442306,0.011313911453411325,-0.00021381262618968243,0.00071242083099206
2021-08-31,2021-07-30,rr_erc_pathB_loim_vols_histfreq_cat,loim_regime_parity,0.004783804282839124,0.004430568336177659,0.012197548530650483,-5.202620925454455e-05,0.00035323594666146485,0.0011427042929250415
2021-09-30,2021-08-31,rr_erc_pathB_loim_vols_histfreq_cat,loim_regime_parity,-0.016406933271152068,-0.01594956033541242,-0.025713335522688764,-0.008926868593121409,-0.0004573729357396465,0.0006058562564948359
2021-10-29,2021-09-30,rr_erc_pathB_loim_vols_histfreq_cat,loim_regime_parity,0.014052637033323497,0.013338861391163083,0.029372740006370208,0.004037652190841366,0.0007137756421604132,0.0026270917088710762
2021-11-30,2021-10-29,rr_erc_pathB_loim_vols_histfreq_cat,loim_regime_parity,-0.007197316725413424,-0.0064025193826573274,-0.018869358684445614,0.0009245220326195724,-0.0007947973427560968,0.0032840473851053886
2021-12-31,2021-11-30,rr_erc_pathB_loim_vols_histfreq_cat,loim_regime_parity,0.01237342724343157,0.011424752195047789,0.027193572106565308,0.004302580004284703,0.0009486750483837809,0.002044272083584651
2022-01-31,2021-12-31,rr_erc_pathB_loim_vols_histfreq_cat,loim_regime_parity,-0.026992733862260487,-0.026293686029340218,-0.04148475587474843,-0.016162127010784018,-0.0006990478329202687,0.002067256036358543
2022-02-28,2022-01-31,rr_erc_pathB_loim_vols_histfreq_cat,loim_regime_parity,-0.0064920569904471,-0.006511224241034312,-0.00629025143798214,-0.004718414497774684,1.916725058721206e-05,0.005792352679851549
2022-03-31,2022-02-28,rr_erc_pathB_loim_vols_histfreq_cat,loim_regime_parity,-0.009702408400688544,-0.010274812274304513,0.0044024861232714345,-0.017610482131236584,0.0005724038736159686,0.0023194694554199875
2022-04-29,2022-03-31,rr_erc_pathB_loim_vols_histfreq_cat,loim_regime_parity,-0.040951504483388405,-0.04007841554562863,-0.05612974773301625,-0.026509832342827562,-0.0008730889377597736,0.004895259236843428
2022-05-31,2022-04-29,rr_erc_pathB_loim_vols_histfreq_cat,loim_regime_parity,0.005196908327844747,0.004893598375583767,0.006391621333580792,0.0030766373473032197,0.00030330995226098,0.007906349561674821
2022-06-30,2022-05-31,rr_erc_pathB_loim_vols_histfreq_cat,loim_regime_parity,-0.037254163809418324,-0.03600196856475513,-0.06044925130990924,-0.02045929272803319,-0.001252195244663197,0.00012800969704688907
2022-07-29,2022-06-30,rr_erc_pathB_loim_vols_histfreq_cat,loim_regime_parity,0.047279742681105616,0.04761206781107241,0.0806665017008876,0.026863920825516436,-0.00033232512996679564,0.11914941455815042
2022-08-31,2022-07-29,rr_erc_pathB_loim_vols_histfreq_cat,loim_regime_parity,-0.028184897928306422,-0.02827755227979556,-0.033949886664992754,-0.025085669211006047,9.265435148913745e-05,0.0025657079572503957
2022-09-30,2022-08-31,rr_erc_pathB_loim_vols_histfreq_cat,loim_regime_parity,-0.056950198388087445,-0.05774820732208127,-0.07298546818666732,-0.04353219078424835,0.0007980089339938226,0.0012646313426514857
2022-10-31,2022-09-30,rr_erc_pathB_loim_vols_histfreq_cat,loim_regime_parity,0.02977720661199434,0.031101063132607187,0.05574704399953371,0.00524374131920653,-0.0013238565206128462,0.002662602969856282
2022-11-30,2022-10-31,rr_erc_pathB_loim_vols_histfreq_cat,loim_regime_parity,0.0403573104575345,0.04174644105875828,0.03275282101341381,0.03851451836807394,-0.0013891306012237814,0.0021216431135872875
2022-12-30,2022-11-30,rr_erc_pathB_loim_vols_histfreq_cat,loim_regime_parity,-0.02173956472875979,-0.02217810269164795,-0.03935698314196161,-0.008064887434799764,0.00043853796288815736,0.0025134801427027986
2023-01-31,2022-12-30,rr_erc_pathB_loim_vols_histfreq_cat,loim_regime_parity,0.04894109544197457,0.04932473976600461,0.07969121037730911,0.03001282314066535,-0.00038364432403004134,0.0009954122713206146
2023-02-28,2023-01-31,rr_erc_pathB_loim_vols_histfreq_cat,loim_regime_parity,-0.022698301402839918,-0.022920375239092558,-0.02333517126275162,-0.02242362785932036,0.00022207383625263977,0.0016867144524054644
2023-03-31,2023-02-28,rr_erc_pathB_loim_vols_histfreq_cat,loim_regime_parity,0.018185256334390654,0.018041188167514495,0.020755130916408362,0.024684433198702702,0.0001440681668761594,0.0009963431892594209
2023-04-28,2023-03-31,rr_erc_pathB_loim_vols_histfreq_cat,loim_regime_parity,0.003244384360725784,0.003352158450404624,0.0027457661489349834,0.0047722959892361515,-0.00010777408967883959,0.0006919849279022981
2023-05-31,2023-04-28,rr_erc_pathB_loim_vols_histfreq_cat,loim_regime_parity,-0.014763506282736268,-0.014763492754498533,-0.020693020647993374,-0.01216206775808563,-1.3528237734899973e-08,0.0002174969157493628
2023-06-30,2023-05-31,rr_erc_pathB_loim_vols_histfreq_cat,loim_regime_parity,0.027587627252721358,0.02858782203799976,0.054872082210745576,0.006339355224717691,-0.0010001947852784007,0.0005602441840083516
2023-07-31,2023-06-30,rr_erc_pathB_loim_vols_histfreq_cat,loim_regime_parity,0.01707784091259825,0.01760317863367557,0.02738490018894269,0.006978764789132841,-0.0005253377210773201,0.0018117921840652036
2023-08-31,2023-07-31,rr_erc_pathB_loim_vols_histfreq_cat,loim_regime_parity,-0.014237741698163567,-0.014643846982812838,-0.019734019213029367,-0.007394253417056193,0.0004061052846492715,0.0002564495321444012
2023-09-29,2023-08-31,rr_erc_pathB_loim_vols_histfreq_cat,loim_regime_parity,-0.02925657797967262,-0.029877458278825136,-0.03468188734814612,-0.021776852882413843,0.000620880299152516,0.0028643320921831047
2023-10-31,2023-09-29,rr_erc_pathB_loim_vols_histfreq_cat,loim_regime_parity,-0.015505692131767666,-0.016120299532344905,-0.009627630636382712,-0.00999909537253187,0.0006146074005772394,0.000603735113127439
2023-11-30,2023-10-31,rr_erc_pathB_loim_vols_histfreq_cat,loim_regime_parity,0.05505182339158968,0.05582297479280836,0.07112073997859833,0.04034588931253303,-0.000771151401218681,0.0007613861406091183
2023-12-29,2023-11-30,rr_erc_pathB_loim_vols_histfreq_cat,loim_regime_parity,0.043755249147914246,0.04408855103936562,0.06102789141770134,0.027571981875425464,-0.0003333018914513722,0.0020418803953344477
2024-01-31,2023-12-29,rr_erc_pathB_loim_vols_histfreq_cat,loim_regime_parity,-0.0036041332030080893,-0.003628077140614985,-0.004885665927815022,-0.0006649471617698855,2.3943937606895564e-05,0.0018435311588495306
2024-02-29,2024-01-31,rr_erc_pathB_loim_vols_histfreq_cat,loim_regime_parity,0.013867218711756106,0.014483994513745074,0.044785433478811684,-0.00529119891969758,-0.0006167758019889683,0.0002437023286199205
2024-03-28,2024-02-29,rr_erc_pathB_loim_vols_histfreq_cat,loim_regime_parity,0.018918999137992897,0.01935651169556768,0.02615749900361182,0.011383615197849912,-0.0004375125575747825,0.0010916474739337025
2024-04-30,2024-03-28,rr_erc_pathB_loim_vols_histfreq_cat,loim_regime_parity,-0.028159038141139674,-0.028470377938692393,-0.04270317646133395,-0.016501100429728768,0.00031133979755271907,0.0003276898859853432
2024-05-31,2024-04-30,rr_erc_pathB_loim_vols_histfreq_cat,loim_regime_parity,0.02814272311276896,0.028284104240859486,0.0503726595793251,0.016521680487937247,-0.00014138112809052722,0.0008628675025673747
2024-06-28,2024-05-31,rr_erc_pathB_loim_vols_histfreq_cat,loim_regime_parity,0.000863548383992324,0.0008473023830714076,-0.006430503010750734,0.004536383722087322,1.6246000920916372e-05,0.000535148170139374
2024-07-31,2024-06-28,rr_erc_pathB_loim_vols_histfreq_cat,loim_regime_parity,0.028966132498167856,0.02902114054055801,0.038518869652731845,0.018274783068205003,-5.500804239015264e-05,0.00013295121494752253
2024-08-30,2024-07-31,rr_erc_pathB_loim_vols_histfreq_cat,loim_regime_parity,0.010595492890938718,0.011009458247842559,0.002652239860156976,0.012774940416128021,-0.00041396535690384033,0.0010834246514827778
2024-09-30,2024-08-30,rr_erc_pathB_loim_vols_histfreq_cat,loim_regime_parity,0.015733043897058274,0.01585933902569039,0.017514728195026617,0.01568828124158908,-0.00012629512863211734,0.00018090902911635075
2024-10-31,2024-09-30,rr_erc_pathB_loim_vols_histfreq_cat,loim_regime_parity,-0.016439157036719578,-0.016536079735372595,-0.013851851938578394,-0.01659498892280909,9.692269865301667e-05,0.00037074827924065204
2024-11-29,2024-10-31,rr_erc_pathB_loim_vols_histfreq_cat,loim_regime_parity,0.0320862408691403,0.032085475764750376,0.06326525000453895,0.008586427733357863,7.651043899270515e-07,0.006745940422483935
2024-12-31,2024-11-29,rr_erc_pathB_loim_vols_histfreq_cat,loim_regime_parity,-0.0275568870379645,-0.028274661408746137,-0.04079625502195397,-0.013568622082672049,0.0007177743707816354,0.008218527480902169
2025-01-31,2024-12-31,rr_erc_pathB_loim_vols_histfreq_cat,loim_regime_parity,0.017749988056079243,0.018187196481685593,0.024991699337290302,0.010189009490009046,-0.0004372084256063502,0.0009786097023005832
2025-02-28,2025-01-31,rr_erc_pathB_loim_vols_histfreq_cat,loim_regime_parity,0.001768544593549156,0.0013756911406253161,-0.01908645066600768,0.015336049355292071,0.0003928534529238398,0.00024078137887246272
2025-03-31,2025-02-28,rr_erc_pathB_loim_vols_histfreq_cat,loim_regime_parity,-0.013150900155171308,-0.013818145910221825,-0.028338085213524853,0.0007398540681901737,0.0006672457550505172,0.001230476614590379
2025-04-30,2025-03-31,rr_erc_pathB_loim_vols_histfreq_cat,loim_regime_parity,-0.002222157041488198,-0.0023265884420255747,-0.004393842471871901,0.0013908641471456708,0.00010443140053737658,0.0008552389110284128
2025-05-30,2025-04-30,rr_erc_pathB_loim_vols_histfreq_cat,loim_regime_parity,0.01793251288295486,0.018608919747569744,0.041085703895165776,0.001061001025483927,-0.0006764068646148841,0.00020567047960564407
2025-06-30,2025-05-30,rr_erc_pathB_loim_vols_histfreq_cat,loim_regime_parity,0.02209829908334226,0.022506726489851577,0.028001511319226558,0.01459691281840492,-0.00040842740650931866,0.000621571300459053
2025-07-31,2025-06-30,rr_erc_pathB_loim_vols_histfreq_cat,loim_regime_parity,0.004977856200103075,0.004890395359035517,0.01879824639702232,-0.0005263103216694525,8.746084106755776e-05,0.0029913257950293726
2025-08-29,2025-07-31,rr_erc_pathB_loim_vols_histfreq_cat,loim_regime_parity,0.021634489762473483,0.021891936968808492,0.029832626498137227,0.013383354603515604,-0.00025744720633500903,0.0014250307311495089
2025-09-30,2025-08-29,rr_erc_pathB_loim_vols_histfreq_cat,loim_regime_parity,0.014564706680414175,0.014778276724243967,0.016100959928837758,0.012494294779667283,-0.00021357004382979196,0.0028999971368929827
2025-10-31,2025-09-30,rr_erc_pathB_loim_vols_histfreq_cat,loim_regime_parity,0.004446596879321321,0.004617675062475019,0.0017792144053604656,0.004876864051121651,-0.0001710781831536978,0.00230265516084905
2025-11-28,2025-10-31,rr_erc_pathB_loim_vols_histfreq_cat,loim_regime_parity,0.0074607785312894945,0.007703265209535509,0.0013911762951887372,0.0074807524708174,-0.00024248667824601413,0.00016795655125963378
2025-12-31,2025-11-28,rr_erc_pathB_loim_vols_histfreq_cat,loim_regime_parity,0.0011796889362949094,0.0013134192576221807,0.0005941194780209201,0.0007556916024853394,-0.0001337303213272713,0.00043426153435625024
2026-01-30,2025-12-31,rr_erc_pathB_loim_vols_histfreq_cat,loim_regime_parity,0.016445427866004232,0.016867851693179205,0.020583084279549666,0.009426489311547903,-0.0004224238271749725,0.00052364550342695
2026-02-27,2026-01-30,rr_erc_pathB_loim_vols_histfreq_cat,loim_regime_parity,0.015429148374843969,0.015917872710953403,0.007352732541441011,0.015468051111875656,-0.0004887243361094348,0.0019847179138632416
2026-03-31,2026-02-27,rr_erc_pathB_loim_vols_histfreq_cat,loim_regime_parity,-0.026154142661915025,-0.026804651345154674,-0.03156198750903378,-0.015384715874516936,0.0006505086832396499,0.002272563782236495
2026-04-30,2026-03-31,rr_erc_pathB_loim_vols_histfreq_cat,loim_regime_parity,0.032134220172099236,0.03281590262515737,0.053573417909202024,0.009554152881549219,-0.0006816824530581356,0.004336907706886869
2026-05-29,2026-04-30,rr_erc_pathB_loim_vols_histfreq_cat,loim_regime_parity,0.010512811299989593,0.011122605533460658,0.014190693695925877,0.002645863551445432,-0.0006097942334710657,0.005802521890742157
2026-06-30,2026-05-29,rr_erc_pathB_loim_vols_histfreq_cat,loim_regime_parity,0.0030030079699517606,0.0035018719958251074,0.001870668349327885,-0.002584443040345586,-0.0004988640258733468,0.0006163152517547361
2026-07-31,2026-06-30,rr_erc_pathB_loim_vols_histfreq_cat,loim_regime_parity,-0.005073811063277786,-0.005278712843394665,-0.0013796989632662779,-0.005097222229386963,0.00020490178011687947,0.0010882170903567176
2026-08-31,2026-07-31,rr_erc_pathB_loim_vols_histfreq_cat,loim_regime_parity,0.0145721271716046,0.014434432377737434,0.027386639552245136,0.009092864812407777,0.00013769479386716542,0.0019863758675530844
2026-09-16,2026-08-31,rr_erc_pathB_loim_vols_histfreq_cat,loim_regime_parity,-0.015498443982348875,-0.01565193183284977,-0.020195380940865697,-0.010887185137023718,0.00015348785050089443,0.002288613347275467
