date,eval_date,trial_id,construction_tag,mix_lambda,turnover,cash_pct,n_assets,thin_flag,fallback_flag,w_US Large / Broad Blend,w_US Mid Blend,w_International Developed Equity,w_US Small Blend,w_US Large Value,w_US Small Growth,w_US Small Value,w_US Mid Growth,w_US Mid Value,w_US Treasuries / Govt / Cash-like,w_Commodities / Metals,w_Core / Aggregate Bonds,w_Municipal Bonds,w_Investment Grade Credit,w_Other Fixed Income,w_TIPS / Inflation-Linked,w_EM Debt,w_High Yield Credit,w_Sector / Factor / Thematic,w_Crypto / Digital Assets
2003-05-30,2003-06-30,rr_erc_pathA_stress_sw12_lam25_cat,stress_corr_overlay,0.0,0.0,0.0,5,0,1,0.1993311669269658,0.1815402548129312,0.23198487376551774,0.1706635202972441,0.21648018419734114,,,,,,,,,,,,,,,
2003-06-30,2003-07-31,rr_erc_pathA_stress_sw12_lam25_cat,stress_corr_overlay,0.0,0.0018763715695390148,1.1102230246251565e-16,5,0,1,0.19952163877852688,0.18218906502992568,0.23010850219597875,0.17102650077352724,0.21715429322204138,,,,,,,,,,,,,,,
2003-07-31,2003-08-29,rr_erc_pathA_stress_sw12_lam25_cat,stress_corr_overlay,0.0,0.25210215562162497,0.0,7,0,1,0.15368723145263902,0.13496451542065496,0.17197201268122625,0.12526908918169613,0.16200499564215873,0.10879802601203012,0.14330412960959488,,,,,,,,,,,,,
2003-08-29,2003-09-30,rr_erc_pathA_stress_sw12_lam25_cat,stress_corr_overlay,0.0,0.003617984890847935,0.0,7,0,1,0.1538282728567699,0.13432345061243423,0.17061492133847733,0.12469128607869306,0.16548193912887582,0.10834165811730241,0.1427184718674474,,,,,,,,,,,,,
2003-09-30,2003-10-31,rr_erc_pathA_stress_sw12_lam25_cat,stress_corr_overlay,0.0,0.0008444481491354655,0.0,7,0,1,0.1539051775708861,0.1342059811751996,0.17138246477349658,0.12450923255319384,0.1653844402903173,0.10823562098722334,0.14237708264968338,,,,,,,,,,,,,
2003-10-31,2003-11-28,rr_erc_pathA_stress_sw12_lam25_cat,stress_corr_overlay,0.0,0.0065336364249406545,0.0,7,0,1,0.15304514397817873,0.13336123247388523,0.16886819058154093,0.1238016845942762,0.17191807671525786,0.10800415415867845,0.14100151749818254,,,,,,,,,,,,,
2003-11-28,2003-12-31,rr_erc_pathA_stress_sw12_lam25_cat,stress_corr_overlay,0.0,0.0006025177085533448,1.1102230246251565e-16,7,0,1,0.15312977050174864,0.13321552979323842,0.1690235326693612,0.12367029827690265,0.17228062581242093,0.10790482597653862,0.14077541696978943,,,,,,,,,,,,,
2003-12-31,2004-01-30,rr_erc_pathA_stress_sw12_lam25_cat,stress_corr_overlay,0.0,0.004911953044333679,1.1102230246251565e-16,7,0,1,0.15229945107760645,0.13456668437263605,0.16680634509051886,0.12493636004090285,0.17041617977107182,0.10922556772781593,0.141749411919448,,,,,,,,,,,,,
2004-01-30,2004-02-27,rr_erc_pathA_stress_sw12_lam25_cat,stress_corr_overlay,0.0,0.00040064583879995813,0.0,7,0,1,0.1521647153722011,0.13473148534347476,0.16685980902417857,0.12483167761347487,0.17044634355101948,0.10906434002184937,0.14190162907380185,,,,,,,,,,,,,
2004-02-27,2004-03-31,rr_erc_pathA_stress_sw12_lam25_cat,stress_corr_overlay,0.0,0.00035058197683919545,0.0,7,0,1,0.1521269593278367,0.13469173145374133,0.16667137749330896,0.12497711838091334,0.17036170303914774,0.10919406889661479,0.14197704140843717,,,,,,,,,,,,,
2004-03-31,2004-04-30,rr_erc_pathA_stress_sw12_lam25_cat,stress_corr_overlay,0.0,5.3178764957584335e-05,0.0,7,0,1,0.1521440760455152,0.13469863815592525,0.16661819872835135,0.12497889196088822,0.17038358324949593,0.10919888590209892,0.14197772595772512,,,,,,,,,,,,,
2004-04-30,2004-05-28,rr_erc_pathA_stress_sw12_lam25_cat,stress_corr_overlay,0.0,0.0015863729464808685,0.0,7,0,1,0.15319826510293982,0.134598630038025,0.16652900912894159,0.12457533221991843,0.17076827392162167,0.10934637911902946,0.1409841104695241,,,,,,,,,,,,,
2004-05-28,2004-06-30,rr_erc_pathA_stress_sw12_lam25_cat,stress_corr_overlay,0.0,0.00023343758041582258,1.1102230246251565e-16,7,0,1,0.1530641249148996,0.1345323014832453,0.1665468055774583,0.12456855199830456,0.17087018162924025,0.10932019050304746,0.14109784389380456,,,,,,,,,,,,,
2004-06-30,2004-07-30,rr_erc_pathA_stress_sw12_lam25_cat,stress_corr_overlay,0.0,0.0010917209938285308,0.0,7,0,1,0.15294565771095964,0.13516364185744803,0.1661353054655121,0.12438664087589428,0.17133056224886603,0.10927340743105995,0.14076478441026005,,,,,,,,,,,,,
2004-07-30,2004-08-31,rr_erc_pathA_stress_sw12_lam25_cat,stress_corr_overlay,0.0,0.0024826192304032574,0.0,7,0,1,0.1538153015648905,0.1350155947394958,0.16560339663925078,0.12375293702164153,0.17294353762533843,0.1087744734181615,0.1400947589912216,,,,,,,,,,,,,
2004-08-31,2004-09-30,rr_erc_pathA_stress_sw12_lam25_cat,stress_corr_overlay,0.0,0.21147304119188626,0.0,9,0,1,0.12195964369371963,0.10574160951470557,0.12993141740376588,0.0976834579320491,0.13694817367295106,0.08567894605832092,0.11058371053260162,0.08985727373253789,0.1216157674593483,,,,,,,,,,,
2004-09-30,2004-10-29,rr_erc_pathA_stress_sw12_lam25_cat,stress_corr_overlay,0.0,0.0008185826833242912,0.0,9,0,1,0.12213008439519653,0.10578722408038349,0.13018040541821216,0.09737778556468064,0.13719746492775908,0.08537646876811081,0.11044473106808307,0.08978582017131068,0.12172001560626342,,,,,,,,,,,
2004-10-29,2004-11-30,rr_erc_pathA_stress_sw12_lam25_cat,stress_corr_overlay,0.0,0.0004694125809974192,0.0,9,0,1,0.12207801129733885,0.10582392600143029,0.1298521091979777,0.0974181413769313,0.1372308242201243,0.08533894455855903,0.11064934155573622,0.08973430111795723,0.12187440067394507,,,,,,,,,,,
2004-11-30,2004-12-31,rr_erc_pathA_stress_sw12_lam25_cat,stress_corr_overlay,0.0,0.001878176131375267,0.0,9,0,1,0.12252482795937206,0.10624754736301291,0.1297090218254639,0.09686743633333024,0.13744822412334398,0.08523535048498128,0.1096936008526777,0.09052463932249698,0.12174935173532095,,,,,,,,,,,
2004-12-31,2005-01-31,rr_erc_pathA_stress_sw12_lam25_cat,stress_corr_overlay,0.0,0.00116745154092298,0.0,9,0,1,0.1223411566461758,0.10619298189114848,0.129027852112285,0.09723435777904925,0.1373026492342102,0.08543037426637166,0.11027708612614062,0.09042216916894742,0.12177137277567168,,,,,,,,,,,
2005-01-31,2005-02-28,rr_erc_pathA_stress_sw12_lam25_cat,stress_corr_overlay,0.0,0.0011401206923982929,0.0,9,0,1,0.12265827664998256,0.10568585001269985,0.12926079875838128,0.09718147157155105,0.13739847683807535,0.08565465022329048,0.10986084253391971,0.09069211965065872,0.12160751376144113,,,,,,,,,,,
2005-02-28,2005-03-31,rr_erc_pathA_stress_sw12_lam25_cat,stress_corr_overlay,0.0,0.0005039333420534045,0.0,9,0,1,0.1226274716828511,0.10569634534422191,0.1289704303036765,0.09734594871152855,0.1372419003721036,0.0857932006340171,0.1100512529937469,0.09067936259915202,0.1215940873587024,,,,,,,,,,,
2005-03-31,2005-04-29,rr_erc_pathA_stress_sw12_lam25_cat,stress_corr_overlay,0.0,0.0005090743823151014,0.0,9,0,1,0.12278971957126039,0.10579433560350034,0.12887878931336727,0.09723866706784302,0.13724774603255369,0.08569346848793714,0.10984083339150652,0.09087145216705408,0.12164498836497764,,,,,,,,,,,
2005-04-29,2005-05-31,rr_erc_pathA_stress_sw12_lam25_cat,stress_corr_overlay,0.0,0.001791262937899378,1.1102230246251565e-16,9,0,1,0.12347751014600004,0.10576687878313155,0.12949779036489356,0.09675068398576121,0.1376307902979829,0.08545845629153145,0.10905523672811095,0.09097287921325817,0.12138977418933009,,,,,,,,,,,
2005-05-31,2005-06-30,rr_erc_pathA_stress_sw12_lam25_cat,stress_corr_overlay,0.0,0.0017280705664632426,0.0,9,0,1,0.12340746657877111,0.1054728120835632,0.13079785540256897,0.09641297127779298,0.13805879582677077,0.08510796045799197,0.10873275596258522,0.09070770952623015,0.12130167288372574,,,,,,,,,,,
2005-06-30,2005-07-29,rr_erc_pathA_stress_sw12_lam25_cat,stress_corr_overlay,0.0,0.00046886891757554755,0.0,9,0,1,0.12358678463731576,0.10542964976386666,0.13090902349564779,0.09629922218734412,0.13819436068090876,0.08506649148582758,0.10856462518800893,0.09075052743804414,0.12119931512303618,,,,,,,,,,,
2005-07-29,2005-08-31,rr_erc_pathA_stress_sw12_lam25_cat,stress_corr_overlay,0.0,0.45331305981573333,0.0,10,0,1,0.06842954428813185,0.06075365149453336,0.06553520769905152,0.05404894382275438,0.06594680760800674,0.054092312163703686,0.054081524845964804,0.06518699903211995,0.05861194923000027,0.45331305981573344,,,,,,,,,,
2005-08-31,2005-09-30,rr_erc_pathA_stress_sw12_lam25_cat,stress_corr_overlay,0.0,0.002037195746192301,0.0,10,0,1,0.06816918876961103,0.060488476406640034,0.06574827537221929,0.053779726672012716,0.06569231834001053,0.05386734705729941,0.05377952915259103,0.06497110560222495,0.058366844738633065,0.455137187888758,,,,,,,,,,
2005-09-30,2005-10-31,rr_erc_pathA_stress_sw12_lam25_cat,stress_corr_overlay,0.0,0.006706246517624151,0.0,10,0,1,0.0689592644966076,0.0611154875064504,0.06760856602616006,0.054207124080035064,0.0666533403571721,0.054399392823869484,0.05408796874637707,0.06551743241755455,0.05902048217463986,0.4484309413711338,,,,,,,,,,
2005-10-31,2005-11-30,rr_erc_pathA_stress_sw12_lam25_cat,stress_corr_overlay,0.0,0.004816609603239014,0.0,10,0,1,0.06998686402841628,0.0616196688023469,0.06851418940371179,0.05442521484163939,0.06765377327715143,0.054327104534644226,0.05454968193430491,0.06601503363859546,0.05922184948206956,0.44368662005712006,,,,,,,,,,
2005-11-30,2005-12-30,rr_erc_pathA_stress_sw12_lam25_cat,stress_corr_overlay,0.0,0.001972384813660761,0.0,10,0,1,0.06961989424973913,0.06137269983270506,0.06906051525583502,0.054246725004162666,0.06776336404318935,0.05403658089547821,0.05450822330929839,0.0651670596749029,0.05929639015689881,0.4449285475777904,,,,,,,,,,
2005-12-30,2006-01-31,rr_erc_pathA_stress_sw12_lam25_cat,stress_corr_overlay,0.0,0.0003903490021071286,0.0,10,0,1,0.06966985874690594,0.06141721352375498,0.0690762951682507,0.05429384084596515,0.0678132837458928,0.05408015608245441,0.054558096954768265,0.06520852941766586,0.05934452693865859,0.4445381985756833,,,,,,,,,,
2006-01-31,2006-02-28,rr_erc_pathA_stress_sw12_lam25_cat,stress_corr_overlay,0.0,0.006051186992792005,0.0,10,0,1,0.06986490239944824,0.06075768115008761,0.06840085035011108,0.05313082657780136,0.0677107777909476,0.053060969411259276,0.053361383580105344,0.06442997588588258,0.05888829093842395,0.450394341915933,,,,,,,,,,
2006-02-28,2006-03-31,rr_erc_pathA_stress_sw12_lam25_cat,stress_corr_overlay,0.0,0.0006002199338719719,0.0,10,0,1,0.06999410404122314,0.06065859315277943,0.06824823705464703,0.053098707664141744,0.0678754389336954,0.05301193553593128,0.05338517251425453,0.06416261003377045,0.05895196471683287,0.4506132363527242,,,,,,,,,,
2006-03-31,2006-04-28,rr_erc_pathA_stress_sw12_lam25_cat,stress_corr_overlay,0.0,0.0006631943519318402,0.0,10,0,1,0.07005625660667443,0.06072760443173003,0.06835056749809096,0.05317747551190713,0.06793881834955165,0.05308743383623131,0.053468143083327514,0.06422816801851487,0.05901549066317975,0.4499500420007923,,,,,,,,,,
2006-04-28,2006-05-31,rr_erc_pathA_stress_sw12_lam25_cat,stress_corr_overlay,0.0,0.002542455593184202,1.1102230246251565e-16,10,0,1,0.07040473242889392,0.06094498108013536,0.0691247605893339,0.05326216455458355,0.06850712996340615,0.05313384597965929,0.053567619437278474,0.06430507679185282,0.059342102767248314,0.44740758640760814,,,,,,,,,,
2006-05-31,2006-06-30,rr_erc_pathA_stress_sw12_lam25_cat,stress_corr_overlay,0.0,0.004390209299351484,0.0,10,0,1,0.07045362701425675,0.06028943942765369,0.06820938342601136,0.05267949758459375,0.06886552905958052,0.05218524557459303,0.05334719673065887,0.06323747638998134,0.05951026876866185,0.4512223360240089,,,,,,,,,,
2006-06-30,2006-07-31,rr_erc_pathA_stress_sw12_lam25_cat,stress_corr_overlay,0.0,0.000550317654668727,0.0,10,0,1,0.07046324140100663,0.06021939691939139,0.06804265784680343,0.052626473960760825,0.06891273123783001,0.052106671757473,0.053343330115710914,0.06313924735312137,0.05943041229422421,0.45171583711367824,,,,,,,,,,
2006-07-31,2006-08-31,rr_erc_pathA_stress_sw12_lam25_cat,stress_corr_overlay,0.0,0.0034774919233393348,0.0,10,0,1,0.07044413247104159,0.05958146102366025,0.06797070287870988,0.052103319661502064,0.06925142318637595,0.051502702643526924,0.05294992047233841,0.06232305747877295,0.05901864309560036,0.4548546370884716,,,,,,,,,,
2006-08-31,2006-09-29,rr_erc_pathA_stress_sw12_lam25_cat,stress_corr_overlay,0.0,0.0031046430788568835,0.0,10,0,1,0.07063921043495594,0.06001835679651488,0.06832821134366257,0.05237186853450522,0.06970370350694106,0.05187340915999351,0.0531742654223978,0.06275876393508252,0.059382216856331806,0.4517499940096148,,,,,,,,,,
2006-09-29,2006-10-31,rr_erc_pathA_stress_sw12_lam25_cat,stress_corr_overlay,0.0,0.0008667236739347654,0.0,10,0,1,0.07060586656342988,0.060132418920636116,0.06852469152807543,0.05248810397455145,0.06971308595710861,0.05199246231545805,0.05328806491065804,0.06280949613817405,0.05952919548470232,0.450916614207206,,,,,,,,,,
2006-10-31,2006-11-30,rr_erc_pathA_stress_sw12_lam25_cat,stress_corr_overlay,0.0,0.0008768782405330668,1.1102230246251565e-16,10,0,1,0.07057210789165974,0.06002391397711388,0.06862813028305062,0.05223963649706555,0.06982369923927277,0.051767792486391705,0.05306079698522477,0.06281432411102572,0.059494986091447176,0.451574612437748,,,,,,,,,,
2006-11-30,2006-12-29,rr_erc_pathA_stress_sw12_lam25_cat,stress_corr_overlay,0.0,0.0019446044957155233,0.0,10,0,1,0.07085396962426566,0.06011952981792172,0.06898807965718591,0.05251096989794196,0.0701157270922312,0.051968524425355156,0.053354358479229806,0.06276118621552128,0.059644508952810295,0.449683145837537,,,,,,,,,,
2006-12-29,2007-01-31,rr_erc_pathA_stress_sw12_lam25_cat,stress_corr_overlay,0.0,0.0036742443498860924,0.0,10,0,1,0.07150525716511377,0.06028968824664867,0.06997531143851901,0.052752122469794535,0.07095175274258946,0.05211870921095729,0.053678916924222865,0.06274022202321648,0.059958154098982176,0.4460298656799557,,,,,,,,,,
2007-01-31,2007-02-28,rr_erc_pathA_stress_sw12_lam25_cat,stress_corr_overlay,0.0,0.00034842533151900265,0.0,10,0,1,0.07153559815646662,0.06021633088494833,0.06995862210634034,0.052783679247895114,0.07117937942504186,0.05214598080191676,0.0537105462128766,0.06271000574828231,0.059940096314245114,0.44581976110198696,,,,,,,,,,
2007-02-28,2007-03-30,rr_erc_pathA_stress_sw12_lam25_cat,stress_corr_overlay,0.0,0.0010057185804608453,0.0,10,0,1,0.07133020674761598,0.0601480396358324,0.06984181144738252,0.05269092630363791,0.07096639063260629,0.052075897565246346,0.053592731419461206,0.06264056476289741,0.05988795180287213,0.4468254796824478,,,,,,,,,,
2007-03-30,2007-04-30,rr_erc_pathA_stress_sw12_lam25_cat,stress_corr_overlay,0.0,0.0008489214644052216,0.0,10,0,1,0.07144185152040969,0.06022095632063063,0.0699700316509822,0.05276548447656786,0.07110812432178701,0.0521731628173429,0.05365513840529425,0.06272053728571754,0.05996815498322532,0.44597655821804255,,,,,,,,,,
2007-04-30,2007-05-31,rr_erc_pathA_stress_sw12_lam25_cat,stress_corr_overlay,0.0,0.0009058217183033727,0.0,10,0,1,0.07103863092545275,0.06026876946473119,0.06999567215321956,0.05298471600632158,0.07084065666190219,0.05232254204178508,0.053989033949382245,0.06261644996591802,0.06009801675690686,0.44584551207438045,,,,,,,,,,
2007-05-31,2007-06-29,rr_erc_pathA_stress_sw12_lam25_cat,stress_corr_overlay,0.0,0.0024925856436597664,0.0,10,0,1,0.07069705385449238,0.05993435916553337,0.06982982591699345,0.052766221641323136,0.07051747718302312,0.05209156524856736,0.05376095361512831,0.0622234700481187,0.0598409756087799,0.44833809771804023,,,,,,,,,,
2007-06-29,2007-07-31,rr_erc_pathA_stress_sw12_lam25_cat,stress_corr_overlay,0.0,0.0010406003113938855,0.0,10,0,1,0.07071675909486587,0.059857821925263295,0.07015580736643184,0.052976043105225974,0.07020261564519802,0.05250101787976669,0.05372136607527136,0.062299109574598596,0.05946063341588115,0.4481088259174973,,,,,,,,,,
2007-07-31,2007-08-31,rr_erc_pathA_stress_sw12_lam25_cat,stress_corr_overlay,0.0,0.011348337409164338,0.0,10,0,1,0.06967636637998087,0.05854817970508975,0.06940327398031915,0.05168384936661531,0.06833648689494345,0.05169235540790024,0.05190669864569218,0.06155033655347023,0.057745289739327285,0.45945716332666164,,,,,,,,,,
2007-08-31,2007-09-28,rr_erc_pathA_stress_sw12_lam25_cat,stress_corr_overlay,0.0,0.001444432160123174,0.0,10,0,1,0.06978515346601598,0.05872631946470268,0.06981641921729924,0.051758954584605325,0.06846356662137199,0.05171528488597969,0.052012487168961466,0.06172710429686514,0.05798197912766012,0.45801273116653846,,,,,,,,,,
2007-09-28,2007-10-31,rr_erc_pathA_stress_sw12_lam25_cat,stress_corr_overlay,0.0,0.0008405251713700483,0.0,10,0,1,0.06948719939261094,0.05872642655158796,0.06955125143037559,0.05189356426128471,0.06832507534059873,0.05176707575606977,0.052291037297737986,0.06158819226659694,0.058077888219922665,0.4582922894832146,,,,,,,,,,
2007-10-31,2007-11-30,rr_erc_pathA_stress_sw12_lam25_cat,stress_corr_overlay,0.0,0.0010653107490578226,0.0,10,0,1,0.06961444846414237,0.058817220568755095,0.0695559450388879,0.051970157722761395,0.06867273301742181,0.051712990829939104,0.05247680907511154,0.06155107861481184,0.05831043935609639,0.45731817731207264,,,,,,,,,,
2007-11-30,2007-12-31,rr_erc_pathA_stress_sw12_lam25_cat,stress_corr_overlay,0.0,0.0139720668635449,0.0,10,0,1,0.06805203983144377,0.057301168414893,0.06801694293346158,0.05047966253949724,0.06679685572937306,0.05025802610327491,0.05086829509005384,0.060243637022451474,0.056693128159933624,0.4712902441756175,,,,,,,,,,
2007-12-31,2008-01-31,rr_erc_pathA_stress_sw12_lam25_cat,stress_corr_overlay,0.0,0.0010507038144219223,0.0,10,0,1,0.0681482725721556,0.057437353777603534,0.0674295917169137,0.05061879093645694,0.06666132871846896,0.050496026107370966,0.0509868513167687,0.060521783854800656,0.056737582410813406,0.47096241858864757,,,,,,,,,,
2008-01-31,2008-02-29,rr_erc_pathA_stress_sw12_lam25_cat,stress_corr_overlay,0.0,0.08301716967742215,0.0,11,0,1,0.06352004099696612,0.04766914020923117,0.06299812709590581,0.04215234823684679,0.06774741473960318,0.039709845210487864,0.04531872099279168,0.046130979359091384,0.05220778269898512,0.45061451680380293,0.08193108365628787,,,,,,,,,
2008-02-29,2008-03-31,rr_erc_pathA_stress_sw12_lam25_cat,stress_corr_overlay,0.0,0.005836744670936863,0.0,11,0,1,0.06250670023682374,0.047560060389295215,0.06244284288821619,0.04193922071386696,0.0653969937249167,0.039511462217356456,0.044844703737751526,0.04631415664862979,0.05128469160165413,0.4536754477904174,0.0845237200510719,,,,,,,,,
2008-03-31,2008-04-30,rr_erc_pathA_stress_sw12_lam25_cat,stress_corr_overlay,0.0,0.004503123146962877,1.1102230246251565e-16,11,0,1,0.062401319078087755,0.04742075659923997,0.06154922844399416,0.04218801916061962,0.06543830881358695,0.03972790617469078,0.04532403520699462,0.04613990956573403,0.05145292316235162,0.45702445041468237,0.08133314338001807,,,,,,,,,
2008-04-30,2008-05-30,rr_erc_pathA_stress_sw12_lam25_cat,stress_corr_overlay,0.0,0.005349546518639201,0.0,11,0,1,0.061611921317037015,0.04669477700543583,0.06068483598226585,0.04193745595023876,0.0647393890275393,0.03942152005878937,0.04519972894807579,0.045338329772683386,0.05066490162459507,0.4608524999252294,0.08285464038811018,,,,,,,,,
2008-05-30,2008-06-30,rr_erc_pathA_stress_sw12_lam25_cat,stress_corr_overlay,0.0,0.0006532372617013942,0.0,11,0,1,0.061554515094982803,0.04660215172421779,0.06065038978900167,0.04186694624856253,0.06474207352681227,0.03935064990988571,0.045132979542300715,0.04524025657707832,0.05057654782889592,0.46150305268765784,0.08278043707060441,,,,,,,,,
2008-06-30,2008-07-31,rr_erc_pathA_stress_sw12_lam25_cat,stress_corr_overlay,0.0,0.019843452489861243,0.0,11,0,1,0.057592054658376794,0.046156347020690096,0.0557234384709877,0.04229167633184008,0.057568769948796616,0.04117338607193692,0.044083444282627886,0.04605909273147638,0.04829115063487085,0.46813936548330437,0.09292127436509232,,,,,,,,,
2008-07-31,2008-08-29,rr_erc_pathA_stress_sw12_lam25_cat,stress_corr_overlay,0.0,0.002730436322041979,1.1102230246251565e-16,11,0,1,0.057653969995592184,0.045964100777724524,0.05521694916718786,0.04304218486924946,0.058027642364970315,0.04158599691191935,0.045084148762093976,0.04554585164857351,0.048336975346665756,0.4672827134002412,0.09225946675578182,,,,,,,,,
2008-08-29,2008-09-30,rr_erc_pathA_stress_sw12_lam25_cat,stress_corr_overlay,0.0,0.004101210407156362,2.220446049250313e-16,11,0,1,0.05809178182432408,0.04634272824432352,0.05485931300870207,0.043330175492103426,0.05842110056273745,0.041887443498517175,0.04534823801050546,0.045954673737416116,0.04869494273573085,0.46353913915157063,0.09353046373406909,,,,,,,,,
2008-09-30,2008-10-31,rr_erc_pathA_stress_sw12_lam25_cat,stress_corr_overlay,0.0,0.019291595681968247,0.0,11,0,1,0.055620504607676154,0.04392494573937287,0.050417810773119964,0.04498379360989659,0.05808519521312419,0.04215203927396753,0.04976299856802149,0.04182031658596293,0.048586927938811565,0.45815638272476894,0.1064890849652777,,,,,,,,,
2008-10-31,2008-11-28,rr_erc_pathA_stress_sw12_lam25_cat,stress_corr_overlay,0.0,0.11458213873672002,0.0,11,0,1,0.07079841895912799,0.056563414821361395,0.06246618031002775,0.05843188844228347,0.07247700854567106,0.05523300002127386,0.06108720983896647,0.05513681932762368,0.05774273078033769,0.34981241120008566,0.10025091775324102,,,,,,,,,
2008-11-28,2008-12-31,rr_erc_pathA_stress_sw12_lam25_cat,stress_corr_overlay,0.0,0.02024522613201865,0.0,11,0,1,0.06883943443397794,0.05438932976201072,0.06027144291678045,0.05604017387926018,0.06991127105267447,0.05304812215317182,0.05859386797830627,0.053024723887064605,0.05557307885140824,0.3695680860325948,0.10074046905275054,,,,,,,,,
2008-12-31,2009-01-30,rr_erc_pathA_stress_sw12_lam25_cat,stress_corr_overlay,0.0,0.022905455909516245,0.0,11,0,1,0.07293762232784227,0.056563665401571,0.06130737630681349,0.057935511104254926,0.07418326208305909,0.05523958628166519,0.059970720668261576,0.0554712964623479,0.05761179014441527,0.34666263012307846,0.1021165390966907,,,,,,,,,
2009-01-30,2009-02-27,rr_erc_pathA_stress_sw12_lam25_cat,stress_corr_overlay,0.0,0.02934691172978959,2.220446049250313e-16,11,0,1,0.07454660961704769,0.059357869164600174,0.06011031605554173,0.058683330449850524,0.07264231492198413,0.05726124001909484,0.05874882394445195,0.05943113282246523,0.05907403865563503,0.32127562252944536,0.11886870181988328,,,,,,,,,
2009-02-27,2009-03-31,rr_erc_pathA_stress_sw12_lam25_cat,stress_corr_overlay,0.0,0.013504584908894113,0.0,11,0,1,0.07220420657538672,0.05888234867428391,0.05883323235545182,0.0573121689340493,0.06873727919310652,0.05656236887849479,0.05667035918911476,0.05994211828503107,0.05771799411942428,0.32956379112875545,0.12357413266690138,,,,,,,,,
2009-03-31,2009-04-30,rr_erc_pathA_stress_sw12_lam25_cat,stress_corr_overlay,0.0,0.008293859616246364,1.1102230246251565e-16,11,0,1,0.0709094086069526,0.05845106104341553,0.058432824901267263,0.05736733230496296,0.06758058128448678,0.05652686765240492,0.05642895477265629,0.05919760962586192,0.05746776403996379,0.32582476685579387,0.131812828912234,,,,,,,,,
2009-04-30,2009-05-29,rr_erc_pathA_stress_sw12_lam25_cat,stress_corr_overlay,0.0,0.045282918770237664,0.0,11,0,1,0.06852769179428604,0.05563260239706036,0.05657159605038637,0.054437839419150584,0.06574860147986142,0.05388106661606815,0.05372821500145179,0.05631719980036321,0.05462758496553586,0.3711076856260315,0.10941991684980472,,,,,,,,,
2009-05-29,2009-06-30,rr_erc_pathA_stress_sw12_lam25_cat,stress_corr_overlay,0.0,0.011647871296022995,0.0,11,0,1,0.06784827329538111,0.05583372550321846,0.055023646438295326,0.05483343528531778,0.06483554819747982,0.05419887411077878,0.05427529281973432,0.05647214699216873,0.05508629571782382,0.38068029469264264,0.10091246694715936,,,,,,,,,
2009-06-30,2009-07-31,rr_erc_pathA_stress_sw12_lam25_cat,stress_corr_overlay,0.0,0.0015312550239141784,0.0,11,0,1,0.0678455888096035,0.055809604836259075,0.05649337795315094,0.054849899621735816,0.06478512799279401,0.05424393328341926,0.05425029677404965,0.056464310010245614,0.05506502537829695,0.3797731608455751,0.10041967449487012,,,,,,,,,
2009-07-31,2009-08-31,rr_erc_pathA_stress_sw12_lam25_cat,stress_corr_overlay,0.0,0.010036947410811996,0.0,11,0,1,0.06707453871114294,0.055401396947290835,0.05610034943070847,0.05426908937139513,0.06401399145546673,0.05397285016428204,0.05325787378149843,0.05629024429833667,0.05447410162843375,0.3898101082563871,0.09533545595505795,,,,,,,,,
2009-08-31,2009-09-30,rr_erc_pathA_stress_sw12_lam25_cat,stress_corr_overlay,0.0,0.001146948524779267,0.0,11,0,1,0.06698316520924971,0.05534495765107603,0.056043868865096665,0.05443163678325735,0.06369758754072272,0.054316358119768225,0.053226713433545056,0.05637141289263724,0.0542272201620746,0.3894618988243842,0.09589518051818821,,,,,,,,,
2009-09-30,2009-10-30,rr_erc_pathA_stress_sw12_lam25_cat,stress_corr_overlay,0.0,0.0008138847185230579,0.0,11,0,1,0.06705003082518383,0.05520212126619511,0.05645672128202713,0.05438232713500668,0.06386855869587602,0.05418043864869981,0.05333150240555283,0.056233830709290354,0.05416651135990112,0.3895203053828817,0.09560765228938561,,,,,,,,,
2009-10-30,2009-11-30,rr_erc_pathA_stress_sw12_lam25_cat,stress_corr_overlay,0.0,0.001899700051404659,1.1102230246251565e-16,11,0,1,0.06724544240441266,0.05499215574894006,0.056429634242997385,0.05404597639567772,0.06390623813074772,0.053886131433854435,0.05301242534833337,0.056154632990836666,0.05389893252647687,0.3891541694510335,0.09727426132668957,,,,,,,,,
2009-11-30,2009-12-31,rr_erc_pathA_stress_sw12_lam25_cat,stress_corr_overlay,0.0,0.002158746458839119,0.0,11,0,1,0.06687854361143594,0.055175878445370335,0.05680040410178919,0.054452409729981284,0.06360591815580088,0.05434719523140287,0.05342221278100538,0.05637499949319319,0.05400553536321339,0.38912480239662034,0.09581210069018727,,,,,,,,,
2009-12-31,2010-01-29,rr_erc_pathA_stress_sw12_lam25_cat,stress_corr_overlay,0.0,0.0010175585203730901,0.0,11,0,1,0.06679051981957863,0.05505273812829917,0.05674273940016654,0.05430493417060251,0.06353629844513144,0.05419400488399839,0.05328009309782949,0.05625476392680689,0.05388944652040634,0.39003655114874947,0.09591791045843125,,,,,,,,,
2010-01-29,2010-02-26,rr_erc_pathA_stress_sw12_lam25_cat,stress_corr_overlay,0.0,0.03960967793171077,1.1102230246251565e-16,11,0,1,0.062347587993057674,0.051446316498084135,0.05340267784382299,0.05078989246145395,0.05961077108943378,0.050590192458533856,0.05002361243612041,0.052445710486508895,0.05052808307596087,0.42964622908046013,0.0891689265765633,,,,,,,,,
2010-02-26,2010-03-31,rr_erc_pathA_stress_sw12_lam25_cat,stress_corr_overlay,0.0,0.0015300429476517129,0.0,11,0,1,0.062247632683407654,0.05125838990302938,0.05365848115661317,0.050674875602634575,0.059580926749079624,0.050518034318612355,0.04987227905899231,0.052243711282918714,0.05036922791975,0.43092046871532164,0.08865597260964063,,,,,,,,,
2010-03-31,2010-04-30,rr_erc_pathA_stress_sw12_lam25_cat,stress_corr_overlay,0.0,0.006225669964271447,0.0,11,0,1,0.061484434307331116,0.05073779674071278,0.052503773390931846,0.050034839382669796,0.058840903596726404,0.04990170929505896,0.04924504006785279,0.051686638894621696,0.04990887587947263,0.43714613867959307,0.08850984976502893,,,,,,,,,
2010-04-30,2010-05-28,rr_erc_pathA_stress_sw12_lam25_cat,stress_corr_overlay,0.0,0.22493526089446977,0.0,12,0,1,0.04940502045347382,0.04066463717641118,0.04198715864076304,0.040140481867239175,0.047019367566238916,0.040191978919009955,0.039267367517901004,0.04155315089653319,0.03979501038844435,0.3252124795861942,0.06982808609332138,0.22493526089446977,,,,,,,,
2010-05-28,2010-06-30,rr_erc_pathA_stress_sw12_lam25_cat,stress_corr_overlay,0.0,0.019240097433006694,0.0,12,0,1,0.04708166400161692,0.0390312667713608,0.03990542160773612,0.03857096439284161,0.04493651567250406,0.03876208277921802,0.037644595068240895,0.03989880332461701,0.0381822111132066,0.34236017075784564,0.06659863735498724,0.22702766715582498,,,,,,,,
2010-06-30,2010-07-30,rr_erc_pathA_stress_sw12_lam25_cat,stress_corr_overlay,0.0,0.005850780968075394,1.1102230246251565e-16,12,0,1,0.046357696333044825,0.03841316404087034,0.039533908305300125,0.03793054661288132,0.04424357480425603,0.038197404255850755,0.036941782275407835,0.03927728096166217,0.03757752654189598,0.3468284031856769,0.06628849698708458,0.22841021569606906,,,,,,,,
2010-07-30,2010-08-31,rr_erc_pathA_stress_sw12_lam25_cat,stress_corr_overlay,0.0,0.003361727183022141,0.0,12,0,1,0.04580267003125621,0.038137905851997604,0.038657399021606094,0.03771753966632809,0.043764581723181296,0.03801655007230752,0.03671579025142063,0.03899918589033097,0.03729953443971889,0.34916827251096555,0.06723897174156675,0.22848159879932037,,,,,,,,
2010-08-31,2010-09-30,rr_erc_pathA_stress_sw12_lam25_cat,stress_corr_overlay,0.0,0.00459235757520586,0.0,12,0,1,0.0452712548146374,0.03771749738015068,0.03825602249650936,0.03718426389340274,0.043283476332292875,0.03749211112381837,0.03618954366024614,0.03860181340849986,0.036886641467117516,0.3533486613532468,0.06687514653783326,0.22889356753224502,,,,,,,,
2010-09-30,2010-10-29,rr_erc_pathA_stress_sw12_lam25_cat,stress_corr_overlay,0.0,0.00929357862585645,0.0,12,0,1,0.04419470595169528,0.03690914793874764,0.03767551687842821,0.03626621316951693,0.0426836570913262,0.036403335309910176,0.03546928084391609,0.03755255816955295,0.03632141008369824,0.35883643270580623,0.06498836705186004,0.232699374805542,,,,,,,,
2010-10-29,2010-11-30,rr_erc_pathA_stress_sw12_lam25_cat,stress_corr_overlay,0.0,0.16557638747764292,0.0,13,0,1,0.03544056935414205,0.030044132550180135,0.029745438395649235,0.030101280849867323,0.033901921793295806,0.030416599628703505,0.029014021591625958,0.030752467111668794,0.029158943983044545,0.3132820022227914,0.05612003017172437,0.18644620486966387,0.16557638747764286,,,,,,,
2010-11-30,2010-12-31,rr_erc_pathA_stress_sw12_lam25_cat,stress_corr_overlay,0.0,0.002141924037425781,0.0,13,0,1,0.03561859009321238,0.030239349698295268,0.02983431005221666,0.030318039990766852,0.03406809527929917,0.030649316407307826,0.029204181769825685,0.030978997898302864,0.02931872738577127,0.31227089606499153,0.056607720892329676,0.18633742821071803,0.16455434625696294,,,,,,,
2010-12-31,2011-01-31,rr_erc_pathA_stress_sw12_lam25_cat,stress_corr_overlay,0.0,0.004566166449952296,0.0,13,0,1,0.035153814087002,0.02991995405266025,0.02912336718375513,0.029966473079275958,0.03354864141719631,0.030328035529369912,0.028830377816693734,0.03070120323161773,0.028975749546926423,0.31415012840871837,0.05572354707287789,0.1866727309325087,0.16690597764139772,,,,,,,
2011-01-31,2011-02-28,rr_erc_pathA_stress_sw12_lam25_cat,stress_corr_overlay,0.0,0.001054579651217795,1.1102230246251565e-16,13,0,1,0.03527931482608379,0.030009909526276628,0.02922969415501021,0.030025842070419386,0.03368118943435304,0.03038538220705578,0.02888984680626932,0.030787720475963322,0.029072141419829486,0.3131593837760928,0.055659712054285604,0.18670126030097256,0.16711860294738798,,,,,,,
2011-02-28,2011-03-31,rr_erc_pathA_stress_sw12_lam25_cat,stress_corr_overlay,0.0,0.00535835752087086,0.0,13,0,1,0.03538802862454421,0.030119097631087662,0.029365171111962112,0.030057263418451052,0.033740303440772126,0.030401424982834834,0.02895446681622382,0.030885275174300533,0.029217631812064018,0.3153718897379284,0.054726391843187124,0.18907948976902844,0.16269356563761572,,,,,,,
2011-03-31,2011-04-29,rr_erc_pathA_stress_sw12_lam25_cat,stress_corr_overlay,0.0,0.0008141021839063716,0.0,13,0,1,0.03546209034764713,0.03018517192880673,0.029427748054841222,0.03012344738856307,0.033815106742918634,0.03046975365303332,0.029019083684265447,0.030952210257662306,0.029283548614335082,0.314557787554022,0.054860007730002956,0.1891075108783175,0.16273653316558456,,,,,,,
2011-04-29,2011-05-31,rr_erc_pathA_stress_sw12_lam25_cat,stress_corr_overlay,0.0,0.0029217080064178474,0.0,13,0,1,0.03576436908577573,0.03054849090407948,0.02933284769717394,0.030475150697171542,0.03415483477005046,0.03072296497515534,0.029472121266258724,0.03126632008082493,0.02968780536929573,0.3136455285311564,0.053379096484145475,0.18924757435335524,0.16230289578555715,,,,,,,
2011-05-31,2011-06-30,rr_erc_pathA_stress_sw12_lam25_cat,stress_corr_overlay,0.0,0.0007158428040811102,0.0,13,0,1,0.03572242515970502,0.030514508592052,0.02928491366630571,0.03043471844538076,0.03411212439008855,0.03068858062846508,0.02942673188422732,0.03123588286682216,0.02965141623059417,0.3140236699956684,0.053016856662209295,0.18930931411090163,0.1625788573675797,,,,,,,
2011-06-30,2011-07-29,rr_erc_pathA_stress_sw12_lam25_cat,stress_corr_overlay,0.0,0.08447069354583803,0.0,13,0,1,0.038313760124020914,0.03272742629470167,0.031538825162686634,0.032458925056558355,0.03660383292457504,0.03275156709826288,0.031427724667902064,0.033560820682865845,0.031837888850910705,0.35402794889108785,0.054822675379932996,0.21182044104475328,0.07810816382174181,,,,,,,
2011-07-29,2011-08-31,rr_erc_pathA_stress_sw12_lam25_cat,stress_corr_overlay,0.0,0.00040674772347292984,1.1102230246251565e-16,13,0,1,0.038278259389265906,0.0326961461754074,0.03150687465992672,0.03242854059563305,0.03656721848519016,0.032720918097468424,0.03139758287614313,0.033529196758840196,0.03180644328036311,0.3544346966145607,0.05478413663837602,0.21181290026288596,0.07803708616593918,,,,,,,
2011-08-31,2011-09-30,rr_erc_pathA_stress_sw12_lam25_cat,stress_corr_overlay,0.0,0.007120955542350933,0.0,13,0,1,0.03761946039058359,0.03209217948622171,0.030869665747471176,0.031792824204790696,0.03591454982634904,0.03208073720350929,0.030773605129462412,0.03292167780891802,0.031223755720084845,0.36155565215691154,0.05459187072547487,0.21173934032342892,0.07682468127679382,,,,,,,
2011-09-30,2011-10-31,rr_erc_pathA_stress_sw12_lam25_cat,stress_corr_overlay,0.0,0.016926188629229955,0.0,13,0,1,0.03681877810739315,0.031060791162756063,0.030001893951229052,0.030731219398456605,0.03507369607285585,0.03102845446364536,0.029749239068331403,0.03187195331440769,0.030240803035244287,0.37848184078614155,0.04969489891243597,0.210762577912737,0.07448385381436605,,,,,,,
2011-10-31,2011-11-30,rr_erc_pathA_stress_sw12_lam25_cat,stress_corr_overlay,0.0,0.012050651308389901,1.1102230246251565e-16,13,0,1,0.0357911136581118,0.03008003706381527,0.029650161187996522,0.02956469423684979,0.0339036703562385,0.02981876257778394,0.028657395766157813,0.03085703269717257,0.029307488526789636,0.38753582693853483,0.04744950845164672,0.21375924306873353,0.07362506547016903,,,,,,,
2011-11-30,2011-12-30,rr_erc_pathA_stress_sw12_lam25_cat,stress_corr_overlay,0.0,0.0004688918704777844,0.0,13,0,1,0.03583296642776426,0.03011174107655476,0.02967419559545309,0.0296028032822634,0.03394428779542141,0.029853709845974616,0.028697877284173317,0.030881390237194526,0.029345933592679185,0.38728324402062486,0.04753513313589424,0.21354293411616584,0.07369378358983658,,,,,,,
2011-12-30,2012-01-31,rr_erc_pathA_stress_sw12_lam25_cat,stress_corr_overlay,0.0,0.0006511014205784378,0.0,13,0,1,0.03587927269316503,0.03015484771041988,0.02972324502011363,0.02964180741331327,0.033986972068050396,0.029894355011985844,0.028735547793321083,0.030928266149660936,0.029386108185958666,0.3866321426000464,0.04765376157188047,0.21358979895315283,0.07379387482893163,,,,,,,
2012-01-31,2012-02-29,rr_erc_pathA_stress_sw12_lam25_cat,stress_corr_overlay,0.0,0.003054658096826937,0.0,13,0,1,0.03575916688785786,0.02999796926774878,0.029619668602160348,0.029480682524272085,0.033939707099827764,0.029780135045560402,0.028545143350476986,0.030735817703276193,0.029321815424522384,0.38886993366399064,0.04668295558797982,0.21440666598603553,0.07286033885629126,,,,,,,
2012-02-29,2012-03-30,rr_erc_pathA_stress_sw12_lam25_cat,stress_corr_overlay,0.0,0.005224543594655847,1.1102230246251565e-16,13,0,1,0.03564087869876194,0.029908596937517105,0.029480462000415836,0.02944969949832507,0.03382857786313889,0.029730624338286795,0.028537506060115472,0.03063804248761056,0.02924145353653902,0.38607647454623234,0.04655247314096247,0.2128303284411475,0.07808488245094704,,,,,,,
2012-03-30,2012-04-30,rr_erc_pathA_stress_sw12_lam25_cat,stress_corr_overlay,0.0,0.0013980118093098824,1.1102230246251565e-16,13,0,1,0.03581548857032055,0.03001562789408977,0.0295857337749574,0.029563984723693967,0.03399716609289597,0.02984148950760528,0.028656507510481568,0.030742984013324523,0.0293522123431595,0.38469600313094077,0.04653493274694409,0.21285214329954774,0.07834572639203877,,,,,,,
2012-04-30,2012-05-31,rr_erc_pathA_stress_sw12_lam25_cat,stress_corr_overlay,0.0,0.00017094960642964271,1.1102230246251565e-16,13,0,1,0.03582815621491639,0.030025875948760404,0.029599819147618438,0.02957612556472304,0.03401040467592692,0.02985333237264754,0.028668945520498715,0.030752493953329033,0.02936254935209259,0.38452505352451116,0.04655759370147065,0.21287190397323988,0.07836774605026521,,,,,,,
2012-05-31,2012-06-29,rr_erc_pathA_stress_sw12_lam25_cat,stress_corr_overlay,0.0,0.008014188850189726,0.0,13,0,1,0.03520678632384285,0.029538065063321763,0.02885892584511233,0.029126751226348162,0.03343718327507912,0.029418182688673727,0.02821307292682352,0.030245247808700082,0.028906022269056017,0.39253924237470095,0.04469911099076495,0.21253284189653687,0.07727856731103985,,,,,,,
2012-06-29,2012-07-31,rr_erc_pathA_stress_sw12_lam25_cat,stress_corr_overlay,0.0,0.00072213596801988,0.0,13,0,1,0.03511387310212223,0.029524098954428566,0.028712971823724814,0.02905892342325163,0.0333207165702699,0.02934525123767265,0.028145133228569364,0.030266046813809254,0.02886577215205206,0.3929807312645816,0.044754978893539174,0.21273682206679267,0.07717468046918623,,,,,,,
2012-07-31,2012-08-31,rr_erc_pathA_stress_sw12_lam25_cat,stress_corr_overlay,0.0,0.0006377506292028785,0.0,13,0,1,0.03515284603534151,0.029588404757870165,0.028780854580817243,0.029138300635401383,0.03336196987735446,0.02943530241370375,0.028218958562896985,0.030330509199107156,0.02892446898138043,0.39245197973840257,0.044787994472525086,0.21262782296376873,0.07720058778143048,,,,,,,
2012-08-31,2012-09-28,rr_erc_pathA_stress_sw12_lam25_cat,stress_corr_overlay,0.0,0.0006454028425315044,1.1102230246251565e-16,13,0,1,0.03512659413844499,0.0295584325043888,0.02874834380080161,0.02909941507491451,0.03334813228111975,0.029400728020448397,0.028178374044199504,0.03028708729851231,0.028907736107969918,0.39270357239056425,0.04441936340306689,0.21297799282766303,0.0772442281079059,,,,,,,
2012-09-28,2012-10-31,rr_erc_pathA_stress_sw12_lam25_cat,stress_corr_overlay,0.0,6.593410857428685e-05,0.0,13,0,1,0.03512246657226822,0.029568326390910615,0.028743727676565627,0.029100688085379835,0.03333500537743373,0.029408270512496486,0.028175276764558985,0.03030070037435433,0.028916641806688296,0.392665601023257,0.04442556802984815,0.21299649414586044,0.07724123324037831,,,,,,,
2012-10-31,2012-11-30,rr_erc_pathA_stress_sw12_lam25_cat,stress_corr_overlay,0.0,0.0009245348505584703,0.0,13,0,1,0.03515115934264103,0.029635738594351896,0.028912146404907232,0.029116165537327755,0.03345122797065335,0.029399217217990766,0.028214897530075538,0.030336641348164755,0.02902273800567614,0.39202826082345454,0.04414742667359791,0.2130252503502787,0.07755913020088054,,,,,,,
2012-11-30,2012-12-31,rr_erc_pathA_stress_sw12_lam25_cat,stress_corr_overlay,0.0,0.13116660320542955,0.0,14,0,1,0.025537103998381785,0.022052760267057096,0.022036778473305724,0.020579337836293607,0.025568283614064616,0.02118482783336844,0.020640915522725,0.022024294924423038,0.022744480456790665,0.36376643652065843,0.02080344935227258,0.22104660808913268,0.06886947764495087,0.1231452454665755,,,,,,
2012-12-31,2013-01-31,rr_erc_pathA_stress_sw12_lam25_cat,stress_corr_overlay,0.0,0.19564075817656496,0.0,15,0,1,0.023841956206141796,0.020873439766870887,0.021090292603151033,0.01960031100870622,0.02406439748613506,0.020193599413869685,0.019736928896167107,0.02071899169007619,0.02155537731302788,0.26682138979665637,0.018647336096295423,0.169509447774545,0.058127854095383735,0.09957791967640876,0.195640758176565,,,,,
2013-01-31,2013-02-28,rr_erc_pathA_stress_sw12_lam25_cat,stress_corr_overlay,0.0,0.0022421067786322652,0.0,15,0,1,0.023736929026965628,0.0208122928991183,0.020968277206532018,0.01954909803571683,0.023963119809384835,0.020159954135061622,0.019673376939191144,0.020662829776960684,0.02148597247850356,0.268935784742243,0.018341847369707374,0.16963715960759054,0.05772722981481765,0.09900977584934556,0.19533635230886123,,,,,
2013-02-28,2013-03-28,rr_erc_pathA_stress_sw12_lam25_cat,stress_corr_overlay,0.0,0.0006164427520234592,1.1102230246251565e-16,15,0,1,0.023771490088702482,0.020836767976170553,0.02099173118619701,0.019571471917223596,0.02399538018909534,0.02018136603608755,0.019695881455977882,0.02068665504084515,0.021513563238808455,0.2683420528903427,0.018362062174919588,0.16961444870746745,0.05782552077795532,0.09914544374042403,0.1954661645797829,,,,,
2013-03-28,2013-04-30,rr_erc_pathA_stress_sw12_lam25_cat,stress_corr_overlay,0.0,0.0008167075637644308,0.0,15,0,1,0.02371384249876176,0.020782223903175395,0.020995023171945362,0.01953807093133238,0.023928401000997083,0.020140301348951582,0.019671311986679693,0.02064510907290065,0.02145060772969258,0.26790805279699825,0.01838430047803418,0.1696798133318295,0.05813080120048559,0.09928661325766447,0.1957455272905516,,,,,
2013-04-30,2013-05-31,rr_erc_pathA_stress_sw12_lam25_cat,stress_corr_overlay,0.0,0.004108100343106677,0.0,15,0,1,0.02379983596398046,0.020960527315299324,0.02070326611061645,0.019818571156208588,0.02402009848687002,0.02046209433650521,0.019912517274559276,0.020788430795473257,0.02167812773824402,0.26799872909896966,0.019245512792006387,0.17056042806560784,0.05810391528378875,0.09999187565640015,0.19195606992547068,,,,,
2013-05-31,2013-06-28,rr_erc_pathA_stress_sw12_lam25_cat,stress_corr_overlay,0.0,0.016016940953483768,1.1102230246251565e-16,15,0,1,0.02559086799078358,0.022142565968956154,0.020995689207643626,0.021346274687940134,0.02587167037468671,0.022204279296280244,0.021310715281395224,0.022058703267284933,0.022791848606573826,0.26993365005680076,0.019600817459751882,0.16749643562669764,0.059661485107907954,0.09963706038865285,0.1793579366786444,,,,,
2013-06-28,2013-07-31,rr_erc_pathA_stress_sw12_lam25_cat,stress_corr_overlay,0.0,0.020206851917287338,0.0,15,0,1,0.026922843605945306,0.02324119416903908,0.02233304632570095,0.02265846856232064,0.027260670656896753,0.023432545149462435,0.022749097350013084,0.02310211623576686,0.02394512692569246,0.2785390943475886,0.01986973078695823,0.1670960660761209,0.0561715363674635,0.09944752572154995,0.16323093771948124,,,,,
2013-07-31,2013-08-30,rr_erc_pathA_stress_sw12_lam25_cat,stress_corr_overlay,0.0,0.005555237384631555,0.0,15,0,1,0.026658012441663336,0.023003114844538458,0.022201469889640127,0.022385397844520642,0.026934989121164515,0.023062349663209712,0.022540831089453216,0.02287923124808553,0.023739007410706097,0.28332656105830195,0.019701924401455555,0.16712695214058484,0.05690842097691781,0.09902701382676303,0.16050472404299526,,,,,
2013-08-30,2013-09-30,rr_erc_pathA_stress_sw12_lam25_cat,stress_corr_overlay,0.0,0.07884191597249339,0.0,16,0,1,0.02572782840996405,0.022159078471250444,0.021846131243098626,0.021720919779043234,0.025729330239063333,0.022618663874637665,0.021632202784943575,0.02208275694232048,0.022739543454594908,0.26097239222431423,0.020146820107913268,0.15105637304897984,0.05186091599012175,0.0915757245745077,0.13973429858921127,0.07839702026603565,,,,
2013-09-30,2013-10-31,rr_erc_pathA_stress_sw12_lam25_cat,stress_corr_overlay,0.0,0.004942330957313614,0.0,16,0,1,0.02592890706964385,0.02216716429529195,0.021394409800228956,0.021554260126420418,0.026160452076517404,0.022904734794593578,0.021507035382535317,0.02205299921616121,0.02286616656802848,0.25996683676593796,0.021658897071341287,0.1496365390405356,0.05059074279952214,0.09248404096193204,0.1412032558411077,0.07792355819020223,,,,
2013-10-31,2013-11-29,rr_erc_pathA_stress_sw12_lam25_cat,stress_corr_overlay,0.0,0.0020344214385922352,0.0,16,0,1,0.025766881921256844,0.02222653272221657,0.021428760823293414,0.021667584687638502,0.025983855382336052,0.023008444458392775,0.02157029496876109,0.02216070864894813,0.02280093191761911,0.2601480342532135,0.022022897281001427,0.1491830663182317,0.050507850413845784,0.0926240341584635,0.14010905600347337,0.07879106604130821,,,,
2013-11-29,2013-12-31,rr_erc_pathA_stress_sw12_lam25_cat,stress_corr_overlay,0.0,0.0018762092462504976,1.1102230246251565e-16,16,0,1,0.025947230254560808,0.02228213137528983,0.021509516377306755,0.02182620992178043,0.026172885072299038,0.023204784785073665,0.021735326307488614,0.022225795484904963,0.022806089696012666,0.25897254062338676,0.02185470251001495,0.14931755745836933,0.050787364115894275,0.09299026481827355,0.13972331084202633,0.07864429035731803,,,,
2013-12-31,2014-01-31,rr_erc_pathA_stress_sw12_lam25_cat,stress_corr_overlay,0.0,0.010648064355028871,0.0,16,0,1,0.025747689676298872,0.022107311932152828,0.021358623307984968,0.021540767760107552,0.02589770423663579,0.022839867183441106,0.021455909337963167,0.02207437428899753,0.02261135067877162,0.2546417416955716,0.021537470891261012,0.14718538277708387,0.050357113647998025,0.09172498885046196,0.1396273490229233,0.0892923547123469,,,,
2014-01-31,2014-02-28,rr_erc_pathA_stress_sw12_lam25_cat,stress_corr_overlay,0.0,0.0011951592105968484,0.0,16,0,1,0.025787635417655816,0.022050907970485638,0.02140010289581937,0.021555706834052855,0.02594762007794347,0.02286944453339495,0.02148358959598667,0.022084341186262804,0.02260816687365586,0.2556233961564814,0.021488928703098077,0.1470850076318662,0.05024028162636577,0.09156372678760023,0.13918144603407281,0.08902969767525801,,,,
2014-02-28,2014-03-31,rr_erc_pathA_stress_sw12_lam25_cat,stress_corr_overlay,0.0,0.004107712890598679,0.0,16,0,1,0.025641291163427466,0.021931445811466718,0.021205616435568425,0.02156814293524645,0.02591939906714278,0.02292025891927521,0.02150270939013908,0.021913898629267462,0.02254500002785346,0.25726829952121205,0.02110903145235412,0.14804456515031905,0.049732209741531315,0.09204945050984754,0.1366838255661493,0.08996485567919969,,,,
2014-03-31,2014-04-30,rr_erc_pathA_stress_sw12_lam25_cat,stress_corr_overlay,0.0,0.0015717569360571056,1.1102230246251565e-16,16,0,1,0.025699708771625113,0.02191947549285168,0.0212350447265393,0.02154172541730671,0.026159344653765033,0.022845787238951067,0.021580100723730018,0.02182907208745817,0.022638735737113457,0.25661313225833543,0.02113191749340612,0.1476941989504123,0.04992259460989529,0.09191778639097926,0.1375433930641486,0.08972798238348242,,,,
2014-04-30,2014-05-30,rr_erc_pathA_stress_sw12_lam25_cat,stress_corr_overlay,0.0,0.000342791118832975,0.0,16,0,1,0.025691864881562828,0.021880972081540054,0.02124171099785774,0.021477331686511458,0.02616715062435312,0.022753406836184004,0.021530889943506108,0.021778120094843832,0.022624740269587197,0.2567338419161446,0.021119432212785044,0.14779859104762363,0.049945417769748125,0.0919047602280682,0.13756187959855667,0.08978988981112741,,,,
2014-05-30,2014-06-30,rr_erc_pathA_stress_sw12_lam25_cat,stress_corr_overlay,0.0,0.0016140917949347428,2.220446049250313e-16,16,0,1,0.02570974615445986,0.021961164243214874,0.021285859803349034,0.02163751775786919,0.02629338784322602,0.022933314764844632,0.021691260567134954,0.021821382555446175,0.02272610856994434,0.25594402023648083,0.021431140701585385,0.14744050372711434,0.049990704457710165,0.09224830200269762,0.13744218291525737,0.08944340369966508,,,,
2014-06-30,2014-07-31,rr_erc_pathA_stress_sw12_lam25_cat,stress_corr_overlay,0.0,0.0006545338679684164,0.0,16,0,1,0.025719645289602352,0.02192247301088624,0.02129348177575931,0.021563238605264615,0.026302905322232707,0.022820359615164532,0.02164844114127753,0.021797391110139584,0.022681103618755378,0.2560763792212215,0.02134540591334612,0.14764238585552686,0.05006143885927685,0.09247082176938666,0.13728852641381808,0.08936600247834167,,,,
2014-07-31,2014-08-29,rr_erc_pathA_stress_sw12_lam25_cat,stress_corr_overlay,0.0,0.0033936524165918466,1.1102230246251565e-16,16,0,1,0.025916398413288813,0.021746144843193843,0.021505445577056935,0.021095364743496367,0.02650382148691289,0.02220919697444097,0.021203580763551475,0.02165756923295306,0.022472512187233444,0.2567629658869892,0.021097475001599284,0.1470123244590615,0.05084885016224069,0.09294567159289047,0.1368215046620572,0.09020117401303385,,,,
2014-08-29,2014-09-30,rr_erc_pathA_stress_sw12_lam25_cat,stress_corr_overlay,0.0,0.005156200011242763,0.0,16,0,1,0.02592391706014972,0.021724186074641424,0.021959094240891555,0.021100558966201093,0.02657734623690799,0.02223383246787337,0.021241555636227403,0.02160269917177085,0.022455981178663383,0.2526142185241467,0.02175335228761594,0.1468363160538946,0.05120234431389105,0.09427999073648209,0.1360834202571286,0.09241118679351426,,,,
2014-09-30,2014-10-31,rr_erc_pathA_stress_sw12_lam25_cat,stress_corr_overlay,0.0,0.006663394763944558,0.0,16,0,1,0.02654080671040154,0.021763102862476697,0.022316656626895057,0.020837933393753366,0.027083213640514883,0.02210710445274798,0.020798578169940293,0.02185339464543828,0.02230898882413538,0.25306181084964974,0.022233928050517562,0.14833873042173115,0.05282145789130877,0.09512375776540283,0.13307577442698953,0.089734761268097,,,,
2014-10-31,2014-11-28,rr_erc_pathA_stress_sw12_lam25_cat,stress_corr_overlay,0.0,0.03475238076910815,1.1102230246251565e-16,17,0,1,0.028202466378417952,0.022251917021809568,0.0233526562344013,0.02097393133705083,0.028926014160384136,0.02182703226792287,0.02121037948375661,0.022333415896361748,0.022995245113552887,0.23560069686329624,0.022084904208923863,0.14057433854843898,0.053823281477527136,0.09373485234182323,0.1291357645285877,0.08596589770703476,0.027007206430710133,,,
2014-11-28,2014-12-31,rr_erc_pathA_stress_sw12_lam25_cat,stress_corr_overlay,0.0,0.0007113387644537544,0.0,17,0,1,0.028193795991003644,0.022261205654062376,0.023380897311059745,0.02100460575757884,0.028921917433689336,0.021861687854794518,0.021242620887677796,0.022330668960229977,0.02301257223218935,0.23500821290480317,0.02215127447658487,0.14047099779271932,0.053878967125923896,0.09380481748065285,0.12928874231279971,0.0861177823798948,0.027069233444335913,,,
2014-12-31,2015-01-30,rr_erc_pathA_stress_sw12_lam25_cat,stress_corr_overlay,0.0,0.010380299058652879,1.1102230246251565e-16,17,0,1,0.028159761126375214,0.022295933235071716,0.023311768234627026,0.02109524899312962,0.028916239009701028,0.021953583245828027,0.02133222875897503,0.02234453115083881,0.02306367515991388,0.2247625215636868,0.022164624340541367,0.14311819051331875,0.054506090903573945,0.09488924922554698,0.1341566005939269,0.08688628585309602,0.027043468091848818,,,
2015-01-30,2015-02-27,rr_erc_pathA_stress_sw12_lam25_cat,stress_corr_overlay,0.0,0.005040412222981764,2.220446049250313e-16,17,0,1,0.028796239219403937,0.022598953788366717,0.023442925481399896,0.021469766095042853,0.02972964364160327,0.022256744214987335,0.02183455690189608,0.022576618789795205,0.023451394165295368,0.2225236104523775,0.022489402155894244,0.14233394156423962,0.05514914832332113,0.09480576461334159,0.1324806900982381,0.08662842879839687,0.027432171696400085,,,
2015-02-27,2015-03-31,rr_erc_pathA_stress_sw12_lam25_cat,stress_corr_overlay,0.0,0.001992950216976935,0.0,17,0,1,0.028902150553945752,0.02265493020734167,0.023530891676509187,0.021525395303356763,0.029829001547774354,0.022323048076836282,0.021878744590384972,0.022628986908164155,0.023499981327151448,0.22386301477807122,0.022447950005560623,0.14178776033176377,0.05518640632093048,0.09455887598520551,0.13164399372715044,0.08637080797480232,0.02736806068505117,,,
2015-03-31,2015-04-30,rr_erc_pathA_stress_sw12_lam25_cat,stress_corr_overlay,0.0,0.0009785660786566421,0.0,17,0,1,0.028784343339013658,0.022721332706056273,0.023515636292129275,0.021597390878289824,0.02970639275682551,0.02242010790772221,0.02193870321768356,0.022690548784036375,0.023491803721913705,0.22414602002571377,0.02229458613162398,0.14201453125534685,0.05514205960658362,0.09467068748493206,0.13154088814485396,0.08607700859608154,0.027247959151193817,,,
2015-04-30,2015-05-29,rr_erc_pathA_stress_sw12_lam25_cat,stress_corr_overlay,0.0,0.03916588385206817,1.1102230246251565e-16,18,0,1,0.027218569094207196,0.021346983655577287,0.022461873462431635,0.02025629453715901,0.028034744215510658,0.02098024633518586,0.020595472461375695,0.02137024294782991,0.02209242273501442,0.22073143651764418,0.021376324262441227,0.1369336338502754,0.05273579547010003,0.08996980614194741,0.1253484892346676,0.08322961270398936,0.026152168522575004,0.039165883852068144,,
2015-05-29,2015-06-30,rr_erc_pathA_stress_sw12_lam25_cat,stress_corr_overlay,0.0,0.0015647847697197181,0.0,18,0,1,0.027343855157797366,0.02147096093997523,0.022548123303988574,0.02039176511099225,0.02813209721134092,0.021161850209160858,0.02065398281503406,0.02151490271793069,0.022206942326309653,0.22072796003363732,0.021397382850587964,0.1367289916898944,0.052886121597863475,0.09007506516140873,0.1240914477163034,0.08319252576930891,0.02608963085028787,0.0393863945381784,,
2015-06-30,2015-07-31,rr_erc_pathA_stress_sw12_lam25_cat,stress_corr_overlay,0.0,0.005437780104836832,0.0,18,0,1,0.02726172606968193,0.021606409418393955,0.022553200597604035,0.020811293089084585,0.027979045599188596,0.021707911420891894,0.02105061908309157,0.021683222993586354,0.022224604247759096,0.21932183934977043,0.022685719463983324,0.13544771102277994,0.05296975117065458,0.09045470354461292,0.12157624966271562,0.08452498099858646,0.026587230289586983,0.03955378197802766,,
2015-07-31,2015-08-31,rr_erc_pathA_stress_sw12_lam25_cat,stress_corr_overlay,0.0,0.000510562647069725,0.0,18,0,1,0.02729930212524206,0.021607622857379365,0.022573657396605922,0.020794810596425142,0.02798140230265701,0.02171325731230169,0.02100884393917685,0.02170679339467059,0.022199163104384908,0.21926120949061106,0.022529682978502687,0.13552222961495075,0.05302265770597468,0.0903888668659289,0.12186886789278456,0.0844881707311614,0.026538204773164126,0.03949525691807824,,
2015-08-31,2015-09-30,rr_erc_pathA_stress_sw12_lam25_cat,stress_corr_overlay,0.0,0.007292345250118265,0.0,18,0,1,0.026377779060291977,0.02137294705633073,0.022061940108336488,0.02053648180590605,0.027073955479593223,0.02128810969599278,0.021021462502332403,0.021290277949121618,0.02213443888461463,0.22217886766163306,0.02356783625307325,0.13712806658092794,0.05268289175505676,0.09119174484476865,0.11865636764306346,0.085034610193064,0.026594250941782124,0.0398079715841109,,
2015-09-30,2015-10-30,rr_erc_pathA_stress_sw12_lam25_cat,stress_corr_overlay,0.0,0.0045601392168828185,1.1102230246251565e-16,18,0,1,0.026096595926204946,0.021129481315330677,0.021777683786016466,0.020280660485680252,0.02678697041462683,0.02101521712580179,0.020838380140094273,0.021078533235777873,0.021889045432763127,0.22413878259089773,0.023629543894426987,0.13837077872472595,0.05262165530898802,0.09248754934723487,0.11831792241767841,0.08417659816271623,0.026297666037696794,0.039066935653338575,,
2015-10-30,2015-11-30,rr_erc_pathA_stress_sw12_lam25_cat,stress_corr_overlay,0.0,0.007204608007914923,1.1102230246251565e-16,18,0,1,0.025359323877794996,0.021063925317362765,0.021492321493107078,0.02028481236917542,0.026153636737639308,0.02101868498992955,0.02077009662560899,0.0210205134240863,0.021739609928647118,0.22722656567314195,0.02379923970609091,0.1398009081754603,0.05196147612696347,0.09399532092354428,0.11731183229863783,0.0851782065020564,0.026053860063118148,0.03576966576763514,,
2015-11-30,2015-12-31,rr_erc_pathA_stress_sw12_lam25_cat,stress_corr_overlay,0.0,0.0016437509120824124,0.0,18,0,1,0.025400712978542135,0.021144478345041323,0.021516766018787162,0.020464177956400847,0.026214805653044494,0.021205863832162424,0.020955408211856638,0.02108732116208846,0.02182274086096085,0.22642390721974523,0.023491622718447958,0.1394685725091099,0.052212283390173767,0.09408231016436873,0.11729080149632076,0.08555752502232813,0.026071145695361262,0.03558955676525996,,
2015-12-31,2016-01-29,rr_erc_pathA_stress_sw12_lam25_cat,stress_corr_overlay,0.0,0.002743300965783761,2.220446049250313e-16,18,0,1,0.025419612240047337,0.021023058278319965,0.021576563419078675,0.020213005348617603,0.026230150986794976,0.020963256586695515,0.020639951775951054,0.021044212268204687,0.021595556814065355,0.22681273619843975,0.023726027262258472,0.14019877851648113,0.05310472932842315,0.09413385681388432,0.11581247962343388,0.08549349522608765,0.02638836370139243,0.035624165611823924,,
2016-01-29,2016-02-29,rr_erc_pathA_stress_sw12_lam25_cat,stress_corr_overlay,0.0,0.0061854613715622685,0.0,18,0,1,0.024912015920658368,0.020590961055898593,0.021247857627856616,0.01979052843597973,0.025770458286218257,0.020479776996708516,0.020322776647476507,0.020613155335707945,0.021244138605093357,0.23191313214096984,0.02366132788914812,0.1410080096131417,0.05231640113441411,0.09344732176032251,0.1153684502768939,0.08576932955845924,0.026311863088124752,0.035232495626928005,,
2016-02-29,2016-03-31,rr_erc_pathA_stress_sw12_lam25_cat,stress_corr_overlay,0.0,0.0009785421880814625,1.1102230246251565e-16,18,0,1,0.024995673118146464,0.020622559328267752,0.02141430549416639,0.01983949721892415,0.02583363698029297,0.020550712771619996,0.0203363884147214,0.020649877498682256,0.021262992125159964,0.2314761382514316,0.02363445976408419,0.14082096975763048,0.052610508208634464,0.09357110184991478,0.11510608729651053,0.08577835203400846,0.026329521598460803,0.03516721828934329,,
2016-03-31,2016-04-29,rr_erc_pathA_stress_sw12_lam25_cat,stress_corr_overlay,0.0,0.008224943673496347,0.0,18,0,1,0.024834167819708056,0.02038945466752661,0.021270376001110633,0.0196968420958169,0.025498257682745003,0.02053865317086678,0.02002309295257017,0.020687263903949447,0.020702369885506923,0.2391211105342779,0.02382252604313813,0.1410479793939732,0.05273801727862062,0.09235598082984121,0.11223799065609617,0.08532049839833285,0.024957113628001036,0.03475830505791835,,
2016-04-29,2016-05-31,rr_erc_pathA_stress_sw12_lam25_cat,stress_corr_overlay,0.0,0.0009012251653033772,0.0,18,0,1,0.02487833577652213,0.020399239484176268,0.02125769494283616,0.019692091732471214,0.025614378273643622,0.020564531850808483,0.02000471634389958,0.020723336425402063,0.020693321436866773,0.23965386949923712,0.02353193666321716,0.14096916904431098,0.052671487292841525,0.09222371291775341,0.11209011014274568,0.08545694003292031,0.0249224161384636,0.034652712001883856,,
2016-05-31,2016-06-30,rr_erc_pathA_stress_sw12_lam25_cat,stress_corr_overlay,0.0,0.0003973446555535238,0.0,18,0,1,0.024914711397899955,0.02043235218661376,0.021273188220956005,0.019721344737779423,0.025634103112160894,0.020607563754225074,0.020018828723092304,0.020766886410011932,0.02071753763332211,0.23950608608416388,0.023517264552784516,0.14093371274512062,0.05274684508098981,0.09221970723997654,0.11211337481642064,0.08536248123773751,0.024821447780565997,0.03469256428617897,,
2016-06-30,2016-07-29,rr_erc_pathA_stress_sw12_lam25_cat,stress_corr_overlay,0.0,0.007064576233814389,0.0,18,0,1,0.025511266798773077,0.020923163595704026,0.022084172643883227,0.020140253056322787,0.02614319810228194,0.021068167876254984,0.02039955740552056,0.02128558023508942,0.021165802669429752,0.23614285984404687,0.023515539459214644,0.14000216703888224,0.053912871419747335,0.09242821927683084,0.1095986009014402,0.08607976628987031,0.024568142501657425,0.03503067088505055,,
2016-07-29,2016-08-31,rr_erc_pathA_stress_sw12_lam25_cat,stress_corr_overlay,0.0,0.07433415299199754,0.0,19,0,1,0.02699327353160862,0.022948278021483727,0.02346155875125193,0.02246683194011848,0.02805638907372019,0.024109053716011998,0.02234396639292007,0.023650697108590635,0.022888245151506233,0.1944280430041629,0.03348920356535406,0.1317536345941093,0.05343972266120965,0.09537456758643947,0.08570094595263723,0.09261659617585988,0.025557471852988695,0.038920961607376736,0.03180055931265031,
2016-08-31,2016-09-30,rr_erc_pathA_stress_sw12_lam25_cat,stress_corr_overlay,0.0,0.0017815506986417814,0.0,19,0,1,0.027010726288787947,0.0229847381414696,0.023588792777826047,0.022580335611116307,0.028131606104436543,0.02422902500513831,0.022479334903823662,0.02368597379341351,0.022915855821916697,0.1930485076634937,0.03339555128169306,0.13158643696955727,0.05365281917234482,0.09541200111012808,0.08608294105989926,0.09275436435541218,0.02566656095844708,0.0391350351182052,0.03165939386289065,
2016-09-30,2016-10-31,rr_erc_pathA_stress_sw12_lam25_cat,stress_corr_overlay,0.0,0.0005530865792221073,0.0,19,0,1,0.02700186103691126,0.02297950994391797,0.02361898255270042,0.02259036082460775,0.028111555014519105,0.02423887877366588,0.022487448584752077,0.02366548064082512,0.022911256885083518,0.19279418916350236,0.033548035712013716,0.13155103160896003,0.05362218885259804,0.09537818123549702,0.08597332081010522,0.09301393369400576,0.02572596202042019,0.039158484428718145,0.03162933821719633,
2016-10-31,2016-11-30,rr_erc_pathA_stress_sw12_lam25_cat,stress_corr_overlay,0.0,0.007843715119535818,0.0,19,0,1,0.027228410784200612,0.023046525373796603,0.02405310465716191,0.022379504152064363,0.028458570019166882,0.023639828757839817,0.022494125340928876,0.023584583964539826,0.023151348046316304,0.18815919653045687,0.03454690956306248,0.13059812894920117,0.05375192492623744,0.0968134503433992,0.08466734155529486,0.09581721823868075,0.02639233544518269,0.03964719234253934,0.03157030100993001,
2016-11-30,2016-12-30,rr_erc_pathA_stress_sw12_lam25_cat,stress_corr_overlay,0.0,0.008665144453067535,1.1102230246251565e-16,19,0,1,0.027761284850992468,0.02369008996722204,0.02420129853424194,0.023254411977104185,0.029259977586010767,0.02456132545338503,0.02355695792457806,0.02413867364635132,0.02392803145819236,0.18322428109880273,0.034635480874033016,0.12831548169823165,0.05317482956447522,0.09641161377140979,0.08430183072338222,0.09672655946873221,0.026289196440403045,0.040451554046336394,0.032117120916115384,
2016-12-30,2017-01-31,rr_erc_pathA_stress_sw12_lam25_cat,stress_corr_overlay,0.0,0.0010870235961338414,1.1102230246251565e-16,19,0,1,0.027782009530780263,0.02374314254384164,0.02415927480869531,0.02322582980322007,0.029225517122580893,0.02453168583662634,0.02347301065665057,0.024199970990289987,0.023970812985916322,0.18389323499500512,0.03459686528543024,0.12832613455339614,0.052723552156089336,0.09646000014151493,0.0842018352725795,0.09690773381532405,0.02618370524468624,0.04031572580244209,0.03207995845493088,
2017-01-31,2017-02-28,rr_erc_pathA_stress_sw12_lam25_cat,stress_corr_overlay,0.0,0.0011563261790402748,0.0,19,0,1,0.02778616069605717,0.02373778108323008,0.024077684276054185,0.02332070130015945,0.02932529211271334,0.02461049778240219,0.023648583024126823,0.02415853421069279,0.02400791124623951,0.18377065539185827,0.0341926036471477,0.12862408042337656,0.05263485759740546,0.09669082201781173,0.08427741660834134,0.09658591429137824,0.026093123162555024,0.04031792905392037,0.03213945207452976,
2017-02-28,2017-03-31,rr_erc_pathA_stress_sw12_lam25_cat,stress_corr_overlay,0.0,0.006142974087362271,0.0,19,0,1,0.027461410664498115,0.02362718076611413,0.024174805880023742,0.023317507731108137,0.02895449416453282,0.024586108995611172,0.02370395728260666,0.023996380020853202,0.0239568359274492,0.1826875875244655,0.03388259742777219,0.12755847199342674,0.052237755231287014,0.09607085310247877,0.0834965106398101,0.0964888843839725,0.025948184722069396,0.046308407278833376,0.03154206626308747,
2017-03-31,2017-04-28,rr_erc_pathA_stress_sw12_lam25_cat,stress_corr_overlay,0.0,0.0009664983900035239,0.0,19,0,1,0.027459761173638367,0.023618737167343456,0.024363657333407084,0.02331950006695841,0.028837829551110784,0.02462466424757361,0.023661576023708164,0.024012962015857252,0.023910561558044916,0.18250653794296814,0.033572887294020956,0.12747029461689457,0.05246572495830069,0.09610606244642941,0.08342005879620427,0.09673100593875246,0.026163401450128514,0.04623846610200547,0.031516311316653646,
2017-04-28,2017-05-31,rr_erc_pathA_stress_sw12_lam25_cat,stress_corr_overlay,0.0,0.0006451974241030861,1.1102230246251565e-16,19,0,1,0.027489809880128314,0.02364743101873642,0.024344173555816622,0.023340742905371446,0.02891024256539974,0.02463431754803779,0.02369900545377631,0.024022731341094127,0.023966757816885603,0.18222812285681536,0.03366261617816964,0.12722775594142285,0.05249934385007076,0.0960523605626172,0.08336900079512832,0.09683490495707558,0.02616508391518918,0.04634546898206211,0.0315601298762026,
2017-05-31,2017-06-30,rr_erc_pathA_stress_sw12_lam25_cat,stress_corr_overlay,0.0,0.00015523478821267457,1.1102230246251565e-16,19,0,1,0.02749235495060402,0.023655909362045122,0.02433689926687492,0.02335675653245036,0.028922353908584414,0.024649995385374986,0.023718694616887626,0.02402424193030723,0.02398005603362982,0.1821387283068118,0.033673602690251256,0.12719270440172134,0.052486561148483504,0.09604162885463854,0.08337947150286,0.09686995921987573,0.02616620120199531,0.04635229930981591,0.03156158137678806,
2017-06-30,2017-07-31,rr_erc_pathA_stress_sw12_lam25_cat,stress_corr_overlay,0.0,0.00018297881471436746,0.0,19,0,1,0.02749822642572223,0.023665268743106312,0.02431424253018658,0.023373484264461532,0.02893526787978495,0.024667001931345293,0.023737092496859645,0.0240297796325462,0.023992235089566605,0.18204181606638017,0.03368969752904979,0.12716752706608997,0.05248482314189069,0.09603390154345288,0.08342581287265861,0.09684119203569125,0.026177221311753124,0.04635903603408925,0.03156637340536489,
2017-07-31,2017-08-31,rr_erc_pathA_stress_sw12_lam25_cat,stress_corr_overlay,0.0,0.0007001609505232487,0.0,19,0,1,0.027491530032129657,0.023696609257868637,0.02427264779557107,0.02341690907052786,0.02895854613694445,0.02470029565290174,0.02379218933503226,0.024062225743345836,0.0240350890131981,0.18226962681668085,0.0334880142953647,0.1270300474530581,0.05244242684232021,0.09592102072296609,0.08353290334132028,0.0967681585077532,0.026092824984150265,0.04644347592940405,0.03158545906946266,
2017-08-31,2017-09-29,rr_erc_pathA_stress_sw12_lam25_cat,stress_corr_overlay,0.0,0.00040713634912802575,1.1102230246251565e-16,19,0,1,0.027475199154937735,0.023672059672507254,0.02425996081239963,0.0233904420403583,0.028925416379730517,0.024668204422853866,0.023752531848134948,0.02404416070135005,0.02399653370822643,0.1825355256987602,0.03344768645206297,0.12713699145723809,0.052428081832423035,0.0958852209450306,0.08353823691048946,0.09679711840145261,0.02609175060206447,0.04639124137234232,0.03156363758763744,
2017-09-29,2017-10-31,rr_erc_pathA_stress_sw12_lam25_cat,stress_corr_overlay,0.0,0.000932522086194201,0.0,19,0,1,0.027454505374699067,0.023621054669839294,0.02420480744138322,0.02326028606005077,0.028857354347415248,0.024526677138769694,0.023575533280612397,0.023992749511459934,0.023937647021620177,0.18316567925825158,0.0334334673008689,0.12734240757539753,0.05237411777014365,0.09594001600518037,0.08355169356532445,0.09682581909501121,0.026085397293726942,0.04631685774488749,0.03153392954535809,
2017-10-31,2017-11-30,rr_erc_pathA_stress_sw12_lam25_cat,stress_corr_overlay,0.0,0.00010906315269220389,0.0,19,0,1,0.027457867276307342,0.023625103272756104,0.024208322237280498,0.023265010624152517,0.02886161928571557,0.024530914206897115,0.0235808179799316,0.023995236998950117,0.023942952285410466,0.18306908269882619,0.033437999968050636,0.12732994098213066,0.05238560603763853,0.09594629637290518,0.08357262563937032,0.0968274585790912,0.026097400729422206,0.046327475831039355,0.03153826899412429,
2017-11-30,2017-12-29,rr_erc_pathA_stress_sw12_lam25_cat,stress_corr_overlay,0.0,0.0008454090821288542,0.0,19,0,1,0.027387220581096477,0.023555202848256237,0.02424759913510931,0.023226642088780874,0.028750998183527145,0.02448721011676531,0.02353166668479387,0.023917238780991282,0.023867575879677975,0.18309395487388924,0.03335933132445737,0.12761695000288256,0.05245461350244945,0.09636740226422527,0.0835717025078857,0.09681184146894055,0.026030991986665045,0.0463316134633935,0.03139024430621286,
2017-12-29,2018-01-31,rr_erc_pathA_stress_sw12_lam25_cat,stress_corr_overlay,0.0,0.00031094341745028023,2.220446049250313e-16,19,0,1,0.027393379033367485,0.02357046175223955,0.0242404310659114,0.02325393093610324,0.02874250822833218,0.024518474423227722,0.02356522746168563,0.023940324210150934,0.023877484863429683,0.18306532980229884,0.03333486680287776,0.1275715434403856,0.05243955670846952,0.09645329908133,0.08349426745138912,0.09672493512876115,0.026013600939930517,0.04638507357527972,0.03141530509482974,
2018-01-31,2018-02-28,rr_erc_pathA_stress_sw12_lam25_cat,stress_corr_overlay,0.0,0.0009184736201737955,0.0,19,0,1,0.027287095526610516,0.023535472920480117,0.024116774990147895,0.02324268882861622,0.02867365456534867,0.024482549881308966,0.023581943653574616,0.02386728955847611,0.02387652812186248,0.18341015564551993,0.03318659698537371,0.12791299671913298,0.052353362901562214,0.09658831719836158,0.08356176920954897,0.09673717545508878,0.02589528295705553,0.04638579168007707,0.031304553201853796,
2018-02-28,2018-03-29,rr_erc_pathA_stress_sw12_lam25_cat,stress_corr_overlay,0.0,0.005509804254548287,1.1102230246251565e-16,19,0,1,0.02711532387907145,0.023490922935178606,0.023885452759646285,0.023291137050306644,0.027979294508010632,0.02460533748479941,0.02344649444764993,0.023975156421416812,0.02358300467014528,0.1833651578461633,0.034881415196010485,0.12649764051560625,0.052677197565681844,0.09641971985419553,0.08160986563616696,0.0988527317000645,0.02693090943113255,0.046446657652694526,0.030946580446059038,
2018-03-29,2018-04-30,rr_erc_pathA_stress_sw12_lam25_cat,stress_corr_overlay,0.0,5.859180007096454e-05,0.0,19,0,1,0.027116950947867088,0.023493356176779247,0.023887758325978607,0.023293417794375406,0.02798075519271801,0.02460785719289202,0.023448730429918574,0.023977687937817994,0.02358545115997628,0.18331277800002235,0.0348852831210989,0.12649142856167628,0.052682907378078084,0.09642097355587187,0.08162118192994759,0.09885751871433571,0.02693520070455831,0.04645117868744403,0.03094958418864367,
2018-04-30,2018-05-31,rr_erc_pathA_stress_sw12_lam25_cat,stress_corr_overlay,0.0,0.0027217942912971006,1.1102230246251565e-16,19,0,1,0.027200241741906165,0.02352981961863211,0.024110013516853535,0.023409101802172472,0.02806858467431616,0.024661191290672995,0.023639613218760513,0.023934510580441694,0.0236854668775844,0.18236328134082108,0.035222069258581915,0.12553525652428557,0.05296400817557424,0.0962436642403711,0.08120841811021887,0.0997254858446618,0.02676501598441949,0.046797363393042614,0.030936893806683144,
2018-05-31,2018-06-29,rr_erc_pathA_stress_sw12_lam25_cat,stress_corr_overlay,0.0,0.0023188435300102936,0.0,19,0,1,0.027231321568053964,0.023516053846550332,0.02441765208445395,0.02322138327921853,0.02829108847230164,0.02440043861217645,0.02346088419065429,0.02387698038434664,0.023725142955048246,0.1810886914365008,0.03519182640564258,0.12521974194926863,0.05302833039469862,0.09648629388640385,0.08130191942711999,0.09996040653139994,0.027469028006157525,0.04708121033741202,0.031031606232592143,
2018-06-29,2018-07-31,rr_erc_pathA_stress_sw12_lam25_cat,stress_corr_overlay,0.0,0.0008468582628170743,0.0,19,0,1,0.02723471106059242,0.023524528645232697,0.024357102859559363,0.023226634232190995,0.028277458599749124,0.024420878360823232,0.02346256326463894,0.023868999682062273,0.023730538656559236,0.18129830613585352,0.0349545115256098,0.12527738993022755,0.05299507883607545,0.09633828728089067,0.08110164882937657,0.10038716996389767,0.0273231731849844,0.04717487770165357,0.03104614125002251,
2018-07-31,2018-08-31,rr_erc_pathA_stress_sw12_lam25_cat,stress_corr_overlay,0.0,0.001124565034032304,0.0,19,0,1,0.027138478170822936,0.023521981565657095,0.024298645331452113,0.023230984417357044,0.02814233806932069,0.024378967583281397,0.02345761489334576,0.023876492145186404,0.023709312859167872,0.1819033364170707,0.035011094527970306,0.1254003514297107,0.05293530021031437,0.09610672071426334,0.08099926138552785,0.10071531756657892,0.02718088218559066,0.04709149537661294,0.030901425150768845,
2018-08-31,2018-09-28,rr_erc_pathA_stress_sw12_lam25_cat,stress_corr_overlay,0.0,0.0016213821313447035,1.1102230246251565e-16,19,0,1,0.027093217499902195,0.02349844423286379,0.024485437451825288,0.023167174135911343,0.02819341138746832,0.024209332445729044,0.023476413362323412,0.023783482216304348,0.023758745657224935,0.18115769738720933,0.035300583686178826,0.12518109159027946,0.05310664600594387,0.09612472328349143,0.08114767454514618,0.10053081598297926,0.027696716296592476,0.04726369600871583,0.030824696823910668,
2018-09-28,2018-10-31,rr_erc_pathA_stress_sw12_lam25_cat,stress_corr_overlay,0.0,0.0025427388302267442,1.1102230246251565e-16,19,0,1,0.027297019125241125,0.023520832038304212,0.024708339571139413,0.023050456878861886,0.028328540649630134,0.024024627114023,0.023334919293705098,0.02381240352004632,0.023788654843521606,0.17969142414167188,0.035720996706818095,0.12474818986923153,0.05313694118107088,0.09631080916170953,0.08129480230720541,0.10033016877671169,0.028210782180909364,0.047583589463061106,0.031106503177137687,
2018-10-31,2018-11-30,rr_erc_pathA_stress_sw12_lam25_cat,stress_corr_overlay,0.0,0.01026948762633794,0.0,19,0,1,0.02658795405060308,0.022729367386866123,0.02406077379777756,0.021977240910350013,0.028239494717870132,0.022520022724266574,0.02257299419512002,0.022703261013501418,0.023247671312424525,0.17957762152073872,0.03918907875705145,0.12471533675537191,0.052570547532809424,0.09938846786596285,0.07985339938119601,0.10020241682559008,0.03025902603427106,0.049259092481550616,0.030346232736678393,
2018-11-30,2018-12-31,rr_erc_pathA_stress_sw12_lam25_cat,stress_corr_overlay,0.0,0.0013552456644875099,0.0,19,0,1,0.026608423389924973,0.022723689444258333,0.02408161500537399,0.02200797461106791,0.028227169484358477,0.02253187127621775,0.02262452096159725,0.022681614218611895,0.023232019217124547,0.17865927699345704,0.03951750984839389,0.12443884772925012,0.05259164899987805,0.09993004161324638,0.07998883447621587,0.10027755550387103,0.030153915989495947,0.04936664792753858,0.030356823310117898,
2018-12-31,2019-01-31,rr_erc_pathA_stress_sw12_lam25_cat,stress_corr_overlay,0.0,0.013229588330994699,2.220446049250313e-16,19,0,1,0.025417384327075087,0.02172381895204272,0.023624342882075947,0.021020854823189605,0.0267819530606274,0.021497349462947197,0.021539279239075084,0.021731819557252566,0.02212511597195502,0.1811622082416395,0.039872727723841574,0.1284090936517221,0.05433016370001861,0.10136080285527589,0.08215630763617354,0.09946168929554605,0.031218360172260616,0.04773946293428134,0.028827265512999967,
2019-01-31,2019-02-28,rr_erc_pathA_stress_sw12_lam25_cat,stress_corr_overlay,0.0,0.0072432197159174455,0.0,19,0,1,0.02528426074502697,0.02125952832997552,0.02377204584992273,0.020546382041631478,0.026422654902920697,0.021307012207662127,0.020947749259957564,0.021360977090682354,0.02156031473289766,0.18466322670347093,0.03894473152679501,0.12955548203922435,0.055635427382100144,0.099218238159474,0.08230500496180865,0.10045583818656638,0.031000615849202058,0.047021246246477945,0.02873926378420345,
2019-02-28,2019-03-29,rr_erc_pathA_stress_sw12_lam25_cat,stress_corr_overlay,0.0,0.000954271187914411,0.0,19,0,1,0.025221379363899534,0.021178797156755677,0.023730841450855928,0.02046394275788469,0.026406440068591722,0.021212922765036796,0.020893414542989614,0.021247086782353607,0.02150884568918602,0.18509376043219725,0.038958083242914686,0.1297465649298609,0.05548717428456656,0.09922091577527892,0.08246863635213846,0.1004935976260593,0.031115850256006283,0.046970474986295384,0.028581271537128694,
2019-03-29,2019-04-30,rr_erc_pathA_stress_sw12_lam25_cat,stress_corr_overlay,0.0,0.0030852767847795344,2.220446049250313e-16,19,0,1,0.025284266765064022,0.021347373030694044,0.023825108654309327,0.020724779964019006,0.02656374909352033,0.021472984110101106,0.02122855330920533,0.021351723770795524,0.021733360023469133,0.18403503010288702,0.03831569440760895,0.12884574187629833,0.055784777626114966,0.09913870827903107,0.08206798723024315,0.10049311967760154,0.03183414181405155,0.04734858985695131,0.028604310408034257,
2019-04-30,2019-05-31,rr_erc_pathA_stress_sw12_lam25_cat,stress_corr_overlay,0.0,0.0011521308497991177,1.1102230246251565e-16,19,0,1,0.025184997912851566,0.021290553677879593,0.02376387748651033,0.02068552516402504,0.026460890012911874,0.021446854475428965,0.021168443289889868,0.021291556959756017,0.02166297986911855,0.184655847605944,0.03828453411109569,0.12912759532568158,0.0556145139293765,0.09907077208345551,0.08227915750974696,0.10026463783643522,0.03185259407240153,0.047368427216456344,0.028526241461034805,
2019-05-31,2019-06-28,rr_erc_pathA_stress_sw12_lam25_cat,stress_corr_overlay,0.0,0.007213324377465278,0.0,19,0,1,0.024601449652945744,0.020842744186859698,0.02334711392077611,0.02025844244797552,0.025737209618562205,0.02101997128480906,0.020648090705270787,0.020899588934283973,0.021126045592830604,0.18879502930796638,0.038178547477518664,0.13086400160704595,0.05481651033732234,0.09920739234149574,0.08298003873576397,0.10076487274645646,0.03162217287136759,0.0463496375805062,0.027941140650242956,
2019-06-28,2019-07-31,rr_erc_pathA_stress_sw12_lam25_cat,stress_corr_overlay,0.0,0.004045664481353817,1.1102230246251565e-16,19,0,1,0.024415260846563976,0.020796210827268687,0.023411667104354984,0.020276416406943252,0.025205571827932035,0.020993162567602978,0.02066858783993592,0.020879214852427143,0.02104978568404831,0.1895782226339913,0.0374790482909707,0.1303277890690159,0.05568267165819729,0.09860320984671551,0.08253618799838312,0.10271934477257653,0.030909502944794436,0.046688451111628254,0.027779693716649567,
2019-07-31,2019-08-30,rr_erc_pathA_stress_sw12_lam25_cat,stress_corr_overlay,0.0,9.731117306258086e-05,3.3306690738754696e-16,19,0,1,0.024420774564140747,0.020799801174547015,0.02340428119429309,0.02027880720967239,0.02521114961779406,0.020996143331055633,0.020670526651611017,0.020884564456687252,0.021053011387974038,0.18949991581791442,0.037479009396571825,0.1303189453688641,0.05569193918167467,0.09860202214875773,0.08255832340312791,0.10274056148237456,0.0309165962466167,0.04668690295721295,0.027786724409109655,
2019-08-30,2019-09-30,rr_erc_pathA_stress_sw12_lam25_cat,stress_corr_overlay,0.0,0.0025388674513280238,2.220446049250313e-16,19,0,1,0.024547089092136546,0.02094270105978921,0.023518867648829572,0.020426690255187476,0.02537241786150525,0.021137609457377082,0.020833446354890015,0.021005312890430082,0.021218451244615844,0.18814342047722177,0.037552418674608526,0.12964307677150005,0.05597100815653035,0.09861979100533978,0.0820518198898567,0.1028101857064687,0.03131467842518989,0.04698263053662943,0.02790838449189361,
2019-09-30,2019-10-31,rr_erc_pathA_stress_sw12_lam25_cat,stress_corr_overlay,0.0,0.0036166031437102116,0.0,19,0,1,0.024403788171904774,0.02081355693215543,0.023415958743922088,0.020289319573460876,0.025218858062613085,0.020992140820728922,0.020689791536393783,0.02087680061455796,0.021084352969277652,0.19176002362093197,0.037396770944895706,0.1294046583741657,0.055758577399933534,0.09824868116349747,0.08179451203771382,0.10225457643943064,0.03114934356909045,0.04670447694711773,0.027743812078208495,
2019-10-31,2019-11-29,rr_erc_pathA_stress_sw12_lam25_cat,stress_corr_overlay,0.0,0.0004950324565055446,0.0,19,0,1,0.024394981488426656,0.020831514934141974,0.023362745603854016,0.020277660847632762,0.025197643465836854,0.020980328137104855,0.020680827023172615,0.020890106381919314,0.021110160401545404,0.1918113435327636,0.03724577126858117,0.1294115268086307,0.055757103111455784,0.09816152819490132,0.08190084420291288,0.10235913073867196,0.031009608388969087,0.04683934766499587,0.027777827804483225,
2019-11-29,2019-12-31,rr_erc_pathA_stress_sw12_lam25_cat,stress_corr_overlay,0.0,0.00139048990601468,1.1102230246251565e-16,19,0,1,0.02434039518225464,0.020801110532385897,0.023377751870739427,0.02024573635828768,0.025149860496606755,0.020930730005547366,0.02068070733394679,0.020840802772409413,0.021103204534289027,0.19221680711023903,0.036186931232215024,0.12967056729827434,0.055773804251532416,0.09841941039169705,0.08198112209662861,0.10241444174087172,0.031248683235635795,0.046901080157551345,0.027716853398887506,
2019-12-31,2020-01-31,rr_erc_pathA_stress_sw12_lam25_cat,stress_corr_overlay,0.0,0.0016793676709534189,0.0,19,0,1,0.024309123360632165,0.020800104844209508,0.023313007966440626,0.02022847593325274,0.025110002487950516,0.020916394161227255,0.020653016089607498,0.020858071094879457,0.02107372018493438,0.19333347954909852,0.03571720664765409,0.12990812104118243,0.05570246223291632,0.09831484255993647,0.08228899526334434,0.10203600330843046,0.03098547195984177,0.04676606532421862,0.027685435990242643,
2020-01-31,2020-02-28,rr_erc_pathA_stress_sw12_lam25_cat,stress_corr_overlay,0.0,0.0011007777557118584,1.1102230246251565e-16,19,0,1,0.024339597190491558,0.020846258066037064,0.023393534924372232,0.020295913719931148,0.025201286766935158,0.020957182794221516,0.020760247871279364,0.020888697832885685,0.021147594546079507,0.19288902484062212,0.03583225742131876,0.12963608558508202,0.05579154939892474,0.09826921806634271,0.08204949198671764,0.10193684348751601,0.031076916005158547,0.046968358239919926,0.02771994125616428,
2020-02-28,2020-03-31,rr_erc_pathA_stress_sw12_lam25_cat,stress_corr_overlay,0.0,0.011439298706067181,1.1102230246251565e-16,19,0,1,0.02350218705001521,0.02022589670510804,0.022696021986756465,0.019811186747236025,0.024150233945626126,0.020464177435713254,0.020147773722039138,0.02037511268844811,0.020366506067206743,0.19899312885637074,0.03474117457734641,0.13242081215600993,0.0546428933004871,0.09897133112630475,0.08350881049429547,0.10232588003936675,0.030705326555768214,0.04568485209464682,0.026266694451254596,
2020-03-31,2020-04-30,rr_erc_pathA_stress_sw12_lam25_cat,stress_corr_overlay,0.0,0.039538229461389726,0.0,19,0,1,0.024637401467295216,0.019646742958634816,0.023450347235009716,0.018931579426633233,0.02385076353099014,0.01995311169225305,0.018382052124046245,0.020998318389392097,0.018887514317450147,0.2250189631797615,0.03302753155251072,0.12988943375561604,0.04648487421566368,0.08152195011643024,0.08978677797996949,0.10590070689843753,0.030821259306037803,0.041513054726106446,0.027297617127761964,
2020-04-30,2020-05-29,rr_erc_pathA_stress_sw12_lam25_cat,stress_corr_overlay,0.0,0.014541456526722148,1.1102230246251565e-16,19,0,1,0.023759538542470388,0.01912721895417501,0.02397221968930107,0.018609712937934775,0.023502838014859914,0.01961565490262263,0.018183386779507357,0.020239049071551492,0.018522840489172087,0.23335911892460479,0.03579046599828943,0.12601262505136193,0.0475194592128866,0.07788741272629124,0.09043315188256833,0.10340531571564646,0.03205679428802471,0.04145358215458734,0.02654961466414437,
2020-05-29,2020-06-30,rr_erc_pathA_stress_sw12_lam25_cat,stress_corr_overlay,0.0,0.004785562744918995,2.220446049250313e-16,19,0,1,0.02374136179290428,0.018979154934426434,0.023878904533736398,0.018574068462553446,0.023687132795860454,0.01949631659978907,0.018389187068236768,0.019904132638893526,0.018575189212857307,0.23665040537988563,0.03441979653573605,0.12621637508190814,0.04651642911393005,0.07699901979989938,0.09074481609526738,0.10371020633507048,0.031384855960576996,0.04168510978814087,0.02644753787032704,
2020-06-30,2020-07-31,rr_erc_pathA_stress_sw12_lam25_cat,stress_corr_overlay,0.0,0.0012413412651022058,0.0,19,0,1,0.023752761697906556,0.01899126326957678,0.023845015639280404,0.01855610028516187,0.02379114016599135,0.019467274429347033,0.018375834067676736,0.019919573944547263,0.01860778093331268,0.2370128212814195,0.03482507640542652,0.12598996677696173,0.04643791441631794,0.07674367197484752,0.0905037225318373,0.10336448170385863,0.031436809467573164,0.04181594223591342,0.02656284877304357,
2020-07-31,2020-08-31,rr_erc_pathA_stress_sw12_lam25_cat,stress_corr_overlay,0.0,0.004045020738876054,0.0,19,0,1,0.023634840071144296,0.01901420944285391,0.02412929117950114,0.019440392722324066,0.02393246657040794,0.019513964467036113,0.018597261582387295,0.01979036631010417,0.018754001866375953,0.23861813374144555,0.03385596459369467,0.12591059299739948,0.046512706591983935,0.07736140903749203,0.08862983310200317,0.10260176627471446,0.03141490577890135,0.04175536810343247,0.02653252556679808,
2020-08-31,2020-09-30,rr_erc_pathA_stress_sw12_lam25_cat,stress_corr_overlay,0.0,0.0015396412578612337,0.0,19,0,1,0.02350049550699352,0.018975193623125875,0.024025308127105027,0.019390119339906392,0.023882305444557293,0.019480398432539542,0.0185456319716327,0.019767062904957104,0.018718936182032877,0.23932075031671762,0.0336164485723313,0.1262841706851625,0.04641893568821523,0.07735141952733146,0.08909328009682929,0.10205434513775476,0.03140689234231221,0.041747969553478814,0.02642033654701652,
2020-09-30,2020-10-30,rr_erc_pathA_stress_sw12_lam25_cat,stress_corr_overlay,0.0,0.0016585822826996974,0.0,19,0,1,0.02333394664685678,0.018949168844981063,0.024055065351597384,0.01932926067183399,0.023839254233827434,0.019412572621388544,0.01844998311170202,0.019755980239049977,0.01868038738933518,0.24070146182359983,0.032721520037129664,0.12628183573521518,0.046390393367860244,0.07740519455061186,0.08900092709225124,0.10210675567450941,0.03149593544374983,0.04180085444333121,0.02628950272116909,
2020-10-30,2020-11-30,rr_erc_pathA_stress_sw12_lam25_cat,stress_corr_overlay,0.0,0.0016671922849945068,1.1102230246251565e-16,19,0,1,0.023275780184691175,0.01904699076246223,0.023977133896401912,0.019465661904017773,0.02382180531969616,0.019512112009207935,0.018621567917596286,0.019844139498835223,0.01881296891387789,0.23949040327064341,0.03281166535442099,0.12619636431581147,0.04643211358883625,0.07772407711878401,0.08888944453094261,0.10224774778991734,0.03166439182045682,0.04198176200206469,0.02618386980133574,
2020-11-30,2020-12-31,rr_erc_pathA_stress_sw12_lam25_cat,stress_corr_overlay,0.0,0.007756542915825053,0.0,19,0,1,0.023054650389831663,0.018642130555605867,0.02302523894444068,0.018628660445511994,0.023043808498589165,0.018747723902841094,0.017755719874099234,0.01964114086269287,0.01835826070024006,0.2410332304412162,0.0322033159469839,0.12671290951872172,0.04625977395643986,0.08033212799638152,0.08764682816876895,0.10482721100379576,0.03188706755072456,0.04226874272266315,0.025931458520451988,
2020-12-31,2021-01-29,rr_erc_pathA_stress_sw12_lam25_cat,stress_corr_overlay,0.0,0.0028116969557305752,0.0,19,0,1,0.023039608001077218,0.01857149079609971,0.022903115638707863,0.018454345709302437,0.023062603096661704,0.018541467469572238,0.017624051162496247,0.01956713787641943,0.01829854587048591,0.24278284253411833,0.03147005333560126,0.12721145113238053,0.046107488369397556,0.08056811089001216,0.08794483247528563,0.10401333679607902,0.03163923335906904,0.04225806551583213,0.0259422199714017,
2021-01-29,2021-02-26,rr_erc_pathA_stress_sw12_lam25_cat,stress_corr_overlay,0.0,0.0013289080826890034,0.0,19,0,1,0.023033152284207162,0.018608130634340258,0.022922520796863577,0.01856442034197777,0.023062650190035,0.01865879820709631,0.01773228121381112,0.01960259206740297,0.018326909735056494,0.24207712079838473,0.03162750331504076,0.12693512598073972,0.046260031670462824,0.08056658018036765,0.08767666200278161,0.10447623369803961,0.03165102760418259,0.04234674360410427,0.025871515675105705,
2021-02-26,2021-03-31,rr_erc_pathA_stress_sw12_lam25_cat,stress_corr_overlay,0.0,0.0007317882900820718,2.220446049250313e-16,19,0,1,0.023068764017320595,0.018663790549017727,0.02296348019444323,0.018619138095133426,0.02314263258547461,0.01869129435253268,0.017813164972668133,0.019634202899574862,0.018404790037872525,0.24180199171958666,0.03175214619166361,0.1267169445437728,0.046286437783649784,0.08055180639992836,0.08749526731846856,0.10445023714989936,0.03163471484275805,0.042406726625209765,0.025902469721025074,
2021-03-31,2021-04-30,rr_erc_pathA_stress_sw12_lam25_cat,stress_corr_overlay,0.0,0.0008416484342601335,0.0,19,0,1,0.02312118935542723,0.018690965047203138,0.023010023245587284,0.018636613848931307,0.02322135886722729,0.018693102639330855,0.017854236909509585,0.019643262794570054,0.01845652645244515,0.24121788698366733,0.031773592450961376,0.1265511347849571,0.04638874611118044,0.08053785081937737,0.0874336267702903,0.10462555487863305,0.031618577031962476,0.042535182163966956,0.025990568844771862,
2021-04-30,2021-05-28,rr_erc_pathA_stress_sw12_lam25_cat,stress_corr_overlay,0.0,0.0012469630974500032,0.0,19,0,1,0.023051200548234382,0.018698214389951204,0.023072512726476837,0.018748336706373527,0.023253900142013693,0.01881502230776674,0.017971208373804406,0.019640543917687974,0.018456848111993086,0.24102302094001876,0.031215747899803328,0.12662283642537975,0.04646659095433138,0.0809030651103413,0.08744284666491839,0.10425534323584218,0.03166275499337028,0.0427607708826986,0.025939235668994205,
2021-05-28,2021-06-30,rr_erc_pathA_stress_sw12_lam25_cat,stress_corr_overlay,0.0,0.0002693850097888941,0.0,19,0,1,0.02306891656577646,0.018713568689219844,0.023055932427966667,0.018759251394702324,0.02324848581126033,0.018838182232325112,0.01796326445761826,0.01967088132130799,0.01845948424652568,0.24093638868401504,0.03119262255186129,0.12667342774523405,0.046477181983897074,0.08092425210299549,0.08749238766277452,0.10414579698143948,0.03164261238737954,0.04278320249008528,0.025954160263615626,
2021-06-30,2021-07-30,rr_erc_pathA_stress_sw12_lam25_cat,stress_corr_overlay,0.0,0.000416267905650948,0.0,19,0,1,0.023100287075987682,0.018727973753209646,0.023088256217337566,0.018766118543226053,0.02329312342325558,0.018835024551834365,0.01798811142122437,0.019654079104590053,0.018498603290610226,0.24075240611631407,0.031197125892873465,0.1266107740196252,0.046507535638071244,0.08097499629307216,0.08735228482178731,0.1041853817356916,0.03169983121238135,0.04282349549943774,0.025944591389470403,
2021-07-30,2021-08-31,rr_erc_pathA_stress_sw12_lam25_cat,stress_corr_overlay,0.0,0.000771429465252901,0.0,19,0,1,0.023107787355874678,0.01876284013761459,0.023119294232069498,0.018841101484465633,0.023326347320269968,0.01889098410237751,0.01806759342555543,0.019684261152872234,0.018530965819292495,0.24059136921783109,0.03123428298973225,0.12653264662477148,0.04659608268731679,0.081057039108594,0.08732600507856662,0.10370056644211516,0.03177832156438664,0.0429290900019427,0.02592342125435135,
2021-08-31,2021-09-30,rr_erc_pathA_stress_sw12_lam25_cat,stress_corr_overlay,0.0,0.0006951015449457726,0.0,19,0,1,0.023103496935274036,0.01876520710497215,0.023117833929862906,0.018849232568644163,0.023329884807520275,0.0188971002163932,0.018077854758279385,0.0196829796772189,0.01853557101982763,0.24043743023820993,0.03189436634861677,0.12637515303379296,0.04658589111248016,0.08098664120819024,0.08720387710840392,0.10357594696766875,0.031738669242326704,0.04292132913725748,0.025921534585060406,
2021-09-30,2021-10-29,rr_erc_pathA_stress_sw12_lam25_cat,stress_corr_overlay,0.0,0.002539269678729571,0.0,19,0,1,0.02295546546818431,0.0187802567815469,0.02319136155395523,0.018939925189399163,0.02331282986530079,0.018932986036742587,0.018248153821001964,0.019643182594516587,0.018574982636557658,0.2394650446364206,0.032265066256857634,0.12592744525709387,0.046613773695847086,0.08153927269224338,0.08664186940550256,0.1043883354826584,0.03173603789260007,0.04327212990411245,0.025571880829458823,
2021-10-29,2021-11-30,rr_erc_pathA_stress_sw12_lam25_cat,stress_corr_overlay,0.0,0.002502604742617081,1.1102230246251565e-16,19,0,1,0.022836310310062325,0.01874610965361478,0.02321297470025982,0.018958184907524427,0.023296635445652553,0.018948484740962862,0.018299099201334067,0.019550583820961514,0.018575226651416917,0.2401089070616063,0.032132722294224876,0.1264107318750365,0.04669841832355171,0.08219156141199614,0.08666747564425226,0.10244266021686833,0.031993228749147846,0.0435212941970047,0.02540939079452196,
2021-11-30,2021-12-31,rr_erc_pathA_stress_sw12_lam25_cat,stress_corr_overlay,0.0,0.0018377802665344375,1.1102230246251565e-16,19,0,1,0.0228045453065916,0.01865236871518361,0.023042580759501614,0.018871277901184196,0.023181644504592324,0.018870870370308653,0.018240468902448848,0.019422928003929578,0.018516974171745245,0.2414438245337157,0.031898243215205735,0.1264134251753828,0.04666826829218063,0.0819258615377823,0.086664475798812,0.10294282971094713,0.03178003260949838,0.04333074511672844,0.025328635374261207,
2021-12-31,2022-01-31,rr_erc_pathA_stress_sw12_lam25_cat,stress_corr_overlay,0.0,0.0012062965007335422,2.220446049250313e-16,19,0,1,0.022747555596840295,0.01862950802143401,0.02295974246692373,0.018869978717021948,0.023025298651591638,0.01886159033839891,0.018219014568762147,0.019434891938078142,0.018443245440310327,0.24200161278376148,0.03171087145783008,0.12678325058437895,0.04661884287294826,0.08197119058536077,0.08688586565877643,0.10278100824370305,0.0317604269564468,0.04309251436419516,0.025203590753237696,
2022-01-31,2022-02-28,rr_erc_pathA_stress_sw12_lam25_cat,stress_corr_overlay,0.0,0.0061366241965476655,0.0,19,0,1,0.02280010696570615,0.01861737499328194,0.023390345630962237,0.018758767493282192,0.023613304577116415,0.018517866438604834,0.018449505059183066,0.01902612632892934,0.018762847323650196,0.23994973781099235,0.033244427748898096,0.12486766233453046,0.046648240095706915,0.08228501724634811,0.08575013954469854,0.10277199800211853,0.0332855347310487,0.044205997779136974,0.025054999895804963,
2022-02-28,2022-03-31,rr_erc_pathA_stress_sw12_lam25_cat,stress_corr_overlay,0.0,0.0024804561475707237,0.0,19,0,1,0.022729923950970364,0.018685189962734636,0.02333504245007795,0.018851772952781412,0.02360754520346574,0.018589025358295104,0.018561470770351005,0.019087642519532936,0.01883671838222441,0.23953915162572545,0.03386559681446549,0.12410782884054242,0.04660825090914066,0.08204282107747823,0.08522526071653747,0.10409166464256435,0.033035320859066776,0.04426628591170657,0.024933487052339085,
2022-03-31,2022-04-29,rr_erc_pathA_stress_sw12_lam25_cat,stress_corr_overlay,0.0,0.005412114028639579,0.0,19,0,1,0.02315819439283409,0.01893968618123516,0.023632713172872858,0.019047855847259994,0.023966326370188116,0.018772327754123352,0.018759324641453738,0.019335901748647997,0.01912425555654269,0.2363272189932501,0.03475511479583401,0.12249646770542379,0.04686843548660591,0.08165754983786268,0.0850217116951074,0.1042746523056192,0.033395042394488886,0.04490256160087997,0.02556465951977007,
2022-04-29,2022-05-31,rr_erc_pathA_stress_sw12_lam25_cat,stress_corr_overlay,0.0,0.014276590050491502,0.0,19,0,1,0.02322248137505952,0.019363046028934135,0.024240153910021985,0.019316381509288296,0.02459869067952067,0.01891484155687877,0.019196190985372275,0.01964223227046223,0.01968818695051915,0.22899734917957645,0.03695329271724264,0.11799342072037702,0.04756431129944612,0.08208918760916438,0.0825780384433363,0.10862981809456453,0.0343545168283081,0.04666590855528094,0.025991951286646497,
2022-05-31,2022-06-30,rr_erc_pathA_stress_sw12_lam25_cat,stress_corr_overlay,0.0,0.0001585814520501036,2.220446049250313e-16,19,0,1,0.023233073395474615,0.019371244694555603,0.02423865862148225,0.01932130081072638,0.024595849505298542,0.018920597937588365,0.019195159323926302,0.019659151457255712,0.019687852226436802,0.22897942112622735,0.03695468820283811,0.11792789709522343,0.04755672208804196,0.08204687297663882,0.08257275634043525,0.10872770978519655,0.0343513277723175,0.046654856632845104,0.02600486000749118,
2022-06-30,2022-07-29,rr_erc_pathA_stress_sw12_lam25_cat,stress_corr_overlay,0.0,0.15683981707182942,0.0,20,0,1,0.03255519346505863,0.02794695056496535,0.03513815549130875,0.027837029756562003,0.0333142888995712,0.0273824826877752,0.027274035693260073,0.028764851837568897,0.027983319931355194,0.11336673823284364,0.05060085675169465,0.09459249461778305,0.06063247697212008,0.08136251421727594,0.0849262676751415,0.09152033684355429,0.0515867096353893,0.057684640235945356,0.03631006882937755,0.009220587661449342
2022-07-29,2022-08-31,rr_erc_pathA_stress_sw12_lam25_cat,stress_corr_overlay,0.0,0.004371324922713445,0.0,20,0,1,0.03211865088897959,0.027565993617528865,0.03518380424662454,0.027458484655515702,0.033347557143027506,0.026887881861246167,0.02707177001334011,0.02808239685864877,0.027756878557934333,0.11498107114199171,0.05175634973169465,0.0947380144227502,0.06058303379065415,0.08140170879181127,0.0850294199538179,0.09073509992996678,0.052821425012003716,0.0574372303011812,0.036054369061416576,0.008988860019866304
2022-08-31,2022-09-30,rr_erc_pathA_stress_sw12_lam25_cat,stress_corr_overlay,0.0,0.002298806908267576,1.1102230246251565e-16,20,0,1,0.03216031226547954,0.027780563472008964,0.035063442624869885,0.027669790667766456,0.03350770489313187,0.027059556799856842,0.027210368683718927,0.02825139505486738,0.02795557255580575,0.11508796942576392,0.05183306559329199,0.09404552376371601,0.06044590907993462,0.08107469469114388,0.0844277770329425,0.0903620643300147,0.05361134183048194,0.057456855449186155,0.03601157099172399,0.008984520794294508
2022-09-30,2022-10-31,rr_erc_pathA_stress_sw12_lam25_cat,stress_corr_overlay,0.0,0.0051870151307014944,0.0,20,0,1,0.03211036624140975,0.027960346914601607,0.034993919914853414,0.02782825301782272,0.03351014517590192,0.027336305801851556,0.0272855518617955,0.028545802645314238,0.028123950992209743,0.11603769958144344,0.053037566698319556,0.0931550492678923,0.060190595330248904,0.08149780302859538,0.08321616115948553,0.08774708153126305,0.05423868147236517,0.05814322190147335,0.03591641151282698,0.009125085950325948
2022-10-31,2022-11-30,rr_erc_pathA_stress_sw12_lam25_cat,stress_corr_overlay,0.0,0.003926278378037171,0.0,20,0,1,0.03184472167140192,0.027722165871367447,0.03481653168922473,0.02747078422120844,0.03289370851197799,0.027093912629086343,0.02682531537073801,0.028324504099362834,0.027816991768075304,0.11672015487869361,0.05299301839237652,0.09403089921473018,0.06046237970277964,0.08202468639188147,0.08432673149710868,0.08754165009626279,0.05464783009562116,0.05773391423915392,0.03553542727136998,0.009174672387579137
2022-11-30,2022-12-30,rr_erc_pathA_stress_sw12_lam25_cat,stress_corr_overlay,0.0,0.00473789671071291,1.1102230246251565e-16,20,0,1,0.03210864071800431,0.027977723400561635,0.0341603896188377,0.027946826159600643,0.03306746394184982,0.0275580665275159,0.027285218378926418,0.02857709736031655,0.028009102138958457,0.11717221845670872,0.0528437448515335,0.09334241435136979,0.05974254660510624,0.08176794023744383,0.08303098831075195,0.08846371971430031,0.05367615629796636,0.05801422507474495,0.03557139390600675,0.00968412394949598
2022-12-30,2023-01-31,rr_erc_pathA_stress_sw12_lam25_cat,stress_corr_overlay,0.0,0.001736186625484349,0.0,20,0,1,0.0318598176061787,0.027836840260418286,0.03422015727535042,0.027767137557079245,0.032946233695797314,0.02736748295041022,0.027108087534424175,0.02839910112809094,0.027904227052518618,0.11744099611918278,0.053269962432379046,0.09341872341070472,0.05968598467326891,0.08206218182782815,0.08304033121413514,0.08846732273374369,0.054268873306100994,0.05801943521971657,0.03534155367537041,0.009575550327301683
2023-01-31,2023-02-28,rr_erc_pathA_stress_sw12_lam25_cat,stress_corr_overlay,0.0,0.003026120134554071,0.0,20,0,1,0.03191294600136139,0.0276458870274691,0.033844509435890464,0.027534252781480747,0.032984865290718694,0.02730599879685183,0.026789407189914523,0.028329853841940308,0.027656830226233917,0.1182753826960937,0.05363710233812825,0.09303951617517729,0.05957845901003636,0.08213314496317976,0.08228752322264232,0.089470601726974,0.05419637658588356,0.0583691135590547,0.035650466869240185,0.009357762261728778
2023-02-28,2023-03-31,rr_erc_pathA_stress_sw12_lam25_cat,stress_corr_overlay,0.0,0.0016760506448749261,0.0,20,0,1,0.03201386158854437,0.027787305951928368,0.03396414203956731,0.02771572498131876,0.0330154178312852,0.02751979827273143,0.02693765184586545,0.028558081033692118,0.02774646284455105,0.11826512979527064,0.053267496541965526,0.09253595512580177,0.05950781677895169,0.08191972976487708,0.08177894975351614,0.08970635786159223,0.05422384434556109,0.058476877886532656,0.03566940824508272,0.009389987511364476
2023-03-31,2023-04-28,rr_erc_pathA_stress_sw12_lam25_cat,stress_corr_overlay,0.0,0.001294754491232862,0.0,20,0,1,0.03198102253039981,0.02794201110320489,0.03394263467947101,0.02793661625225872,0.03309212344156382,0.02770016824507614,0.027207705604330286,0.028641550127065128,0.027954838442243713,0.11827249521909118,0.053081361600026744,0.09234925195854084,0.059461540107949525,0.08181924110891017,0.0815278888104203,0.08951667086237651,0.054049426550456116,0.058569696499574726,0.03559241640875884,0.009361340448281753
2023-04-28,2023-05-31,rr_erc_pathA_stress_sw12_lam25_cat,stress_corr_overlay,0.0,0.00010688007011992306,0.0,20,0,1,0.031992345866766185,0.02794682225355124,0.03396103608841018,0.02793838828481167,0.03310332472664482,0.02770129225049917,0.02720867462665292,0.02864627160481728,0.02796074285912642,0.11821731890104682,0.053095418957682584,0.09233394730054335,0.05946590462987899,0.08181347653602611,0.08152228292124204,0.08949164223036064,0.05405967142023149,0.058572615973387664,0.03560531586032731,0.009363506707993123
2023-05-31,2023-06-30,rr_erc_pathA_stress_sw12_lam25_cat,stress_corr_overlay,0.0,0.0008926001473505661,1.1102230246251565e-16,20,0,1,0.03212150468749171,0.02795928798446425,0.03389894975330313,0.02800075380947189,0.03306246592733222,0.027826488371845703,0.027208484738813852,0.02869979117567587,0.027899256995652225,0.11827662404530055,0.05280579201992307,0.09226064253904989,0.05956390620555931,0.08185678885228975,0.08135287279392091,0.08943257417022135,0.05433150692009009,0.05847579936366047,0.03564275570311756,0.009323753942816038
2023-06-30,2023-07-31,rr_erc_pathA_stress_sw12_lam25_cat,stress_corr_overlay,0.0,0.0032256768013423425,1.1102230246251565e-16,20,0,1,0.03188050149774972,0.027662128076425988,0.03371747899731854,0.027732575756841203,0.032778001369714274,0.027578268277056846,0.026963635997860447,0.028414948179871044,0.027578812963624345,0.12016658253779935,0.05277799617348576,0.09267463516271572,0.059440095912415364,0.08218257417304475,0.08151869849010586,0.08986268883845912,0.0541223862996846,0.058287294830297466,0.035413667316172744,0.00924702914935671
2023-07-31,2023-08-31,rr_erc_pathA_stress_sw12_lam25_cat,stress_corr_overlay,0.0,0.0005703472840244651,0.0,20,0,1,0.031881417600484685,0.027642741855737132,0.03370960664068753,0.02766820791487638,0.03276515948608494,0.027541547182400736,0.02688305527983875,0.028418663269486468,0.027556798824572123,0.1202275565452077,0.05249875268339646,0.09278591577237343,0.059478615419169524,0.0822155076327624,0.08168523940202456,0.08996720780048584,0.054081069073835066,0.058281292516856056,0.03543176634172757,0.00927987875799273
2023-08-31,2023-09-29,rr_erc_pathA_stress_sw12_lam25_cat,stress_corr_overlay,0.0,0.0006530809776716809,0.0,20,0,1,0.03190407770427378,0.027616823418853208,0.0336505477269743,0.027597783391506876,0.03273202493303199,0.02748920840265802,0.026804590902714455,0.028414368162964963,0.02751867930916125,0.12037226236989096,0.052534478100757995,0.09280829380370582,0.059445092138367475,0.0823633242284379,0.08160216488351146,0.09000419614460174,0.05390634010129751,0.05843325332655599,0.03551873236009856,0.009283758590635799
2023-09-29,2023-10-31,rr_erc_pathA_stress_sw12_lam25_cat,stress_corr_overlay,0.0,0.0014454668675960153,0.0,20,0,1,0.03189480676394587,0.02766704185273428,0.03383847397490554,0.02760380657215981,0.03279203414260521,0.027467896015768302,0.02681900574475858,0.028465959968951987,0.027549770504282367,0.12051476258677866,0.0526626326821577,0.09232689153901516,0.059326906302114,0.08256589334628993,0.08103728737682045,0.09017009498318518,0.05365592216855434,0.05873416775913831,0.03554442543830057,0.009362220277533936
2023-10-31,2023-11-30,rr_erc_pathA_stress_sw12_lam25_cat,stress_corr_overlay,0.0,0.0013691122264259514,0.0,20,0,1,0.031876041030721586,0.027544849338605664,0.03379051722303174,0.02744616946791429,0.03277037668917333,0.027329518263345974,0.02668367751848597,0.028345190398185983,0.02742715058473402,0.12083725826994988,0.05295756393140249,0.0922132230388205,0.05922558643202299,0.08267489319601103,0.08076846854659346,0.09043404847819678,0.053805534466087344,0.05881127585858719,0.0355784701467977,0.009480187121332069
2023-11-30,2023-12-29,rr_erc_pathA_stress_sw12_lam25_cat,stress_corr_overlay,0.0,0.0038699602244909054,0.0,20,0,1,0.03191568296924346,0.027659914865197054,0.033884253004892534,0.027624138183597605,0.032827287047495254,0.027616167067864225,0.02685760757962102,0.028402870338447267,0.02754174267538433,0.121044984011475,0.05386133994022875,0.0910594778550507,0.058504610842587644,0.08224908171543922,0.07919904057587959,0.09126371895503473,0.05384243407539098,0.0591526570590551,0.03576818028115715,0.009724810956958556
2023-12-29,2024-01-31,rr_erc_pathA_stress_sw12_lam25_cat,stress_corr_overlay,0.0,0.003272150264588495,0.0,20,0,1,0.03220486680477857,0.02763485645438796,0.03408184668479239,0.02731658672427447,0.03296430724008514,0.0273126048133411,0.026524554701168154,0.02845219846188815,0.027481392472826622,0.12078840047776385,0.05503167693770853,0.09017012476373094,0.058736087402739515,0.08208617814659734,0.07826530571082979,0.09147340653035989,0.054016183382045266,0.059468197431450785,0.036154622982097234,0.00983660187713443
2024-01-31,2024-02-29,rr_erc_pathA_stress_sw12_lam25_cat,stress_corr_overlay,0.0,0.00031501718690791526,0.0,20,0,1,0.03225284646176944,0.027622063605701012,0.03410316084993537,0.027272642558446938,0.03298294296239049,0.02728386126642505,0.02646309129399157,0.02845938575233005,0.027456766959590824,0.12077131619602942,0.0550483707063607,0.09014213209764411,0.05876631823960336,0.08211422299722536,0.0782258998938403,0.09152094531552898,0.053957893354702476,0.059491928315146596,0.03622828420911507,0.009835926964222934
2024-02-29,2024-03-28,rr_erc_pathA_stress_sw12_lam25_cat,stress_corr_overlay,0.0,0.001997354132186645,0.0,20,0,1,0.03205967005711689,0.027452808093977252,0.033944477952526655,0.02712686843145855,0.03284469598926469,0.02712117357448914,0.026356408725079734,0.0282218250629452,0.027332834549082294,0.1215247806423826,0.055057579808254105,0.0905358997042,0.058642660200009654,0.08236797112300626,0.0784484191033582,0.0918855909576144,0.053873054927639503,0.05944722154355946,0.03603174679461739,0.009724312759418171
2024-03-28,2024-04-30,rr_erc_pathA_stress_sw12_lam25_cat,stress_corr_overlay,0.0,0.0005010903379830877,0.0,20,0,1,0.03208011431499179,0.027434346189997565,0.033926065204755336,0.027143250428062735,0.03278558134478823,0.027152532197578634,0.02636783136327189,0.028220048082968237,0.027295288412396052,0.12148210989056014,0.05475737915707611,0.0905212309333969,0.05872766484787678,0.08237695179096513,0.0784624816185348,0.09193229084869316,0.05407402998617424,0.05943898379227052,0.036051127736220386,0.009770691859421341
2024-04-30,2024-05-31,rr_erc_pathA_stress_sw12_lam25_cat,stress_corr_overlay,0.0,0.0015091485273747958,0.0,20,0,1,0.03205402721352855,0.027369930776321008,0.03402971917954115,0.027050099337283456,0.032715974040509965,0.027103931639938496,0.026291201395901728,0.028130248203227886,0.02724352786194106,0.12154562480584868,0.05514796437029372,0.09014627488902686,0.058855109091574126,0.08251261021486372,0.0780193179169221,0.0920903424182193,0.05424016246922885,0.05980309149617671,0.03596451736313591,0.009686325316516772
2024-05-31,2024-06-28,rr_erc_pathA_stress_sw12_lam25_cat,stress_corr_overlay,0.0,0.001022091476802091,1.1102230246251565e-16,20,0,1,0.031957620437647265,0.027357095347911885,0.0338907878354636,0.026980475966443197,0.03271493856400463,0.027009665615745818,0.02623858966434446,0.02816832590417928,0.027201793495734112,0.12207463126830728,0.05497920765475566,0.09019206301732605,0.059016054724795076,0.0826058812133859,0.07794790863656392,0.09220329550500021,0.05418231845595663,0.059845140962745416,0.035870188228540045,0.0095640175011494
2024-06-28,2024-07-31,rr_erc_pathA_stress_sw12_lam25_cat,stress_corr_overlay,0.0,0.00022862250785887165,0.0,20,0,1,0.031986073453951186,0.027344603341531624,0.03387100448835842,0.0269667957133082,0.032701935030230146,0.026994581556035412,0.02621947116868756,0.02816484528818098,0.027183931170246138,0.12211354791016443,0.05492045724580355,0.09023433367399004,0.0590439812542236,0.0826243322275942,0.07797067712773352,0.09223073065768517,0.0541474061762483,0.05984056620124652,0.03589258923408254,0.009548137080698548
2024-07-31,2024-08-30,rr_erc_pathA_stress_sw12_lam25_cat,stress_corr_overlay,0.0,0.0017222873194800686,0.0,20,0,1,0.03224966504278393,0.0273797330215205,0.03399752105621931,0.026772089497413665,0.03272680420692809,0.026835664313069017,0.025965359524455417,0.028336002566303586,0.027140084122749823,0.12183009859592107,0.05555034582305604,0.08989197603988103,0.059215871369199716,0.08248000600988989,0.07773989381367517,0.09220889539169183,0.05414171749264672,0.059798301462065766,0.036099366656781574,0.009640603993747889
2024-08-30,2024-09-30,rr_erc_pathA_stress_sw12_lam25_cat,stress_corr_overlay,0.0,0.0002937769826484608,1.1102230246251565e-16,20,0,1,0.032249459818183855,0.027396636472678752,0.033980794192534004,0.02681380969363912,0.03272040877264622,0.02688009642343147,0.026007052144122276,0.028353232755672905,0.02715237452717865,0.12183271129747124,0.05557999996482014,0.08984287771716513,0.059244416855458545,0.08244826420852798,0.07768796619644565,0.09223269366561744,0.05407549269493248,0.059766675645881756,0.03605953555190594,0.009675501401686368
2024-09-30,2024-10-31,rr_erc_pathA_stress_sw12_lam25_cat,stress_corr_overlay,0.0,0.0005302532792599351,2.220446049250313e-16,20,0,1,0.032285008437210265,0.027431464919018014,0.03403867160912099,0.026866829024813882,0.03277233356431199,0.026928456292561607,0.026064600833844542,0.02838021662964619,0.027191307449236563,0.12178586219605295,0.05542400268213985,0.08977534382519681,0.05925757491171312,0.08242463930124211,0.0776267327548554,0.09216129641100157,0.053971875295231383,0.059773104270795366,0.03613909234739028,0.009701587244616823
2024-10-31,2024-11-29,rr_erc_pathA_stress_sw12_lam25_cat,stress_corr_overlay,0.0,0.001409003653342492,0.0,20,0,1,0.03238903636013535,0.02756289888472425,0.033952832658552576,0.026945030081288315,0.03285864762186879,0.02695902558050244,0.026142103887705135,0.02853844311729772,0.02731103174290927,0.12168895457867027,0.05570961368510598,0.08936593188109741,0.05930616030434789,0.08232700487043108,0.07727902854333424,0.09206002800917315,0.05370163719810035,0.05996974371575404,0.036198115629523686,0.009734731649478265
2024-11-29,2024-12-31,rr_erc_pathA_stress_sw12_lam25_cat,stress_corr_overlay,0.0,0.0025242246917160137,0.0,20,0,1,0.032222780006393184,0.027294158666997602,0.03415908106516189,0.026611616763294016,0.03268191661377879,0.02659803223948258,0.025868524467681495,0.028147305133493523,0.027104995330388473,0.1221815542966868,0.05634133208460428,0.08946641590220232,0.05922834185644507,0.08251614068206815,0.07729976602689308,0.09250712590029937,0.054074318723378846,0.06003326515064026,0.036057471252381554,0.009605857837728698
2024-12-31,2025-01-31,rr_erc_pathA_stress_sw12_lam25_cat,stress_corr_overlay,0.0,0.0016789159164177737,2.220446049250313e-16,20,0,1,0.03233743586481772,0.027170587113039057,0.034316366291407156,0.02644556269060918,0.03243738888050729,0.026380130931480714,0.02575133443114991,0.028006111744744534,0.02699404057517305,0.12249207311766916,0.05656955562397651,0.08931530454280144,0.059362938981553204,0.08284365109434219,0.07702067637990237,0.09257853879000062,0.05425431840734134,0.060182752561353865,0.035930149190768125,0.009611082787362354
2025-01-31,2025-02-28,rr_erc_pathA_stress_sw12_lam25_cat,stress_corr_overlay,0.0,0.0004779081929925334,0.0,20,0,1,0.03235806911539648,0.02715881660764821,0.0342669562587489,0.026469775848461354,0.03242948995172707,0.026382512278450315,0.025796671418166807,0.027971871137999933,0.026998340582394257,0.12255572038035958,0.0563044533673981,0.08934321628029485,0.059437209807856224,0.08290210782250126,0.0770894253597827,0.09250110025748384,0.054228073048315444,0.060237485045747746,0.035924347219470784,0.009644358211796072
2025-02-28,2025-03-31,rr_erc_pathA_stress_sw12_lam25_cat,stress_corr_overlay,0.0,0.0017806474978005228,0.0,20,0,1,0.032360159234876645,0.02714607078726976,0.034328757126352,0.02644763522277589,0.03245924332403867,0.026353238454797017,0.02578147387506307,0.027938078089525895,0.026997717067921884,0.12296389585268493,0.056432013410921945,0.08959634963733457,0.059536446877361426,0.08310683690999339,0.07729560612180288,0.09274666585010691,0.05258019148047219,0.060349896265648205,0.0359543577534465,0.009625366657606146
2025-03-31,2025-04-30,rr_erc_pathA_stress_sw12_lam25_cat,stress_corr_overlay,0.0,0.0014440339042287595,0.0,20,0,1,0.032147161195480126,0.02702849502455249,0.03442707050821123,0.026310795089955503,0.03239271387876021,0.026223100144159624,0.025666308317815443,0.027760472916711593,0.026934514795195125,0.12311651716276019,0.05683563399984905,0.08969021034349638,0.05927599184528303,0.08326422220963405,0.07732681532658527,0.0930674384306487,0.052766442312712776,0.0603486139427501,0.03583476697947173,0.00958271557596744
2025-04-30,2025-05-30,rr_erc_pathA_stress_sw12_lam25_cat,stress_corr_overlay,0.0,0.0003464605652282928,0.0,20,0,1,0.032127029443047246,0.02701682498867249,0.034506493060729865,0.02628676631601566,0.03233355960202472,0.026208095945068115,0.025620252419270375,0.02779014709598592,0.02689897926223575,0.12313849480825002,0.05680099701844243,0.08972857232636655,0.05926145156365829,0.08330892734640982,0.07731423198974449,0.09308166162057653,0.05288423234899706,0.060295861768568285,0.035814399657881524,0.009583021418054847
2025-05-30,2025-06-30,rr_erc_pathA_stress_sw12_lam25_cat,stress_corr_overlay,0.0,0.0012179827716486255,0.0,20,0,1,0.03197232001027478,0.026916354690739233,0.03437221412810676,0.026196901093846897,0.032280272888015236,0.02610672755212859,0.02556895114956724,0.027630444411195505,0.026833115419968898,0.12352003512104784,0.05669679914898312,0.08998320401992053,0.05923606351468709,0.08338571258990629,0.07752842966798773,0.09337248946413368,0.05282248153852919,0.06027198981186122,0.0357689344171162,0.00953655936198402
2025-06-30,2025-07-31,rr_erc_pathA_stress_sw12_lam25_cat,stress_corr_overlay,0.0,0.0005129054650439323,0.0,20,0,1,0.031929255969488514,0.026934356183198675,0.03442136243735824,0.02618574855889346,0.03227494688925198,0.026106044519116255,0.025569354216780076,0.027651911123115047,0.026862522319559167,0.12347165281811529,0.05656689195970966,0.08988969896917047,0.05927542875235265,0.08337588116857125,0.07745692736911547,0.09345777864670152,0.05272292994416387,0.06038468083405506,0.03586346629307159,0.009599161028211704
2025-07-31,2025-08-29,rr_erc_pathA_stress_sw12_lam25_cat,stress_corr_overlay,0.0,0.00032692505309159497,0.0,20,0,1,0.03190373921116113,0.026911027151274306,0.03439323039174834,0.026163162844219504,0.032249541318349464,0.02608310164966253,0.025547509421149243,0.027627984759295305,0.02683932456254852,0.12365501998289728,0.05654930343169448,0.08993395463039539,0.05925749952079222,0.08340570489779782,0.07746467435778089,0.09351951015589428,0.05269748586236811,0.060373015899276725,0.03583533009875972,0.009589879852934819
2025-08-29,2025-09-30,rr_erc_pathA_stress_sw12_lam25_cat,stress_corr_overlay,0.0,0.0005477940464073145,0.0,20,0,1,0.03198869548116799,0.026956739619160563,0.034358179135662206,0.026088777049759454,0.03225242072550838,0.026053241443418633,0.025438388779653383,0.027717126531154972,0.026859554269395108,0.12362726365558858,0.05646745419888156,0.0898972799189374,0.05932237575510053,0.08341009090413692,0.07753677132467922,0.09339483797296629,0.05266906216875434,0.06041773940499517,0.035909361642665415,0.009634640018413958
2025-09-30,2025-10-31,rr_erc_pathA_stress_sw12_lam25_cat,stress_corr_overlay,0.0,0.0004549220338151104,1.1102230246251565e-16,20,0,1,0.031982925279279595,0.026995941575518035,0.03437158260692731,0.026106513377832298,0.03226955792089981,0.02607715710263329,0.025463575327620554,0.027771252453441767,0.02690700530038616,0.12358140660209495,0.05628814036901409,0.08984785336767404,0.05922027443980948,0.08342732654543161,0.07746431824266801,0.09347579936469277,0.052684952761681406,0.06047502225315747,0.0359265204447058,0.009662874664531487
2025-10-31,2025-11-28,rr_erc_pathA_stress_sw12_lam25_cat,stress_corr_overlay,0.0,4.833454194834181e-05,0.0,20,0,1,0.03198847746330027,0.026997815396499803,0.03437675795019672,0.026109442451540243,0.03227367591602012,0.026079631333634695,0.02546572156493868,0.027773440713766785,0.02690780310410312,0.1235577048146693,0.05629357007829528,0.08984420150120098,0.05922647997106193,0.08342216548025212,0.07746614705711864,0.09346560949336791,0.05269207963210721,0.06046978372107335,0.03592700911178234,0.009662483245070323
2025-11-28,2025-12-31,rr_erc_pathA_stress_sw12_lam25_cat,stress_corr_overlay,0.0,0.000136170227295139,0.0,20,0,1,0.03198976093512104,0.026991568292460234,0.03436814744000892,0.026101985125415027,0.032262371210548584,0.0260731091286948,0.025453662194993332,0.027774967120507716,0.026894739767311986,0.12362233646907218,0.05625612366856522,0.08985578706310815,0.05923070708633132,0.08342686928292598,0.07746930554585277,0.09350069918961058,0.05267776663875098,0.060460335723740315,0.035917310842407194,0.009672447274573814
2025-12-31,2026-01-30,rr_erc_pathA_stress_sw12_lam25_cat,stress_corr_overlay,0.0,0.00016165449512114266,1.1102230246251565e-16,20,0,1,0.03198909361728157,0.02699307166704839,0.034399042664122616,0.026102996937597236,0.032270901472466924,0.026068478353723855,0.025458997751548567,0.02777148213795875,0.02689881488845294,0.1235770337754213,0.056317782718188325,0.08983330227594177,0.059243966926178504,0.08342363689866196,0.07743825297218614,0.09345796727152325,0.05270917684014515,0.06046430977749819,0.03591439389526708,0.00966729715878731
2026-01-30,2026-02-27,rr_erc_pathA_stress_sw12_lam25_cat,stress_corr_overlay,0.0,0.0005555403771323507,2.220446049250313e-16,20,0,1,0.03204802217026238,0.026995454054486574,0.034332983038225094,0.026072893356604867,0.03225237727215479,0.02605079090588306,0.025404171459026178,0.027814248339754787,0.026888644730134328,0.12362253785072919,0.05595961364693988,0.08990159345304002,0.05927135266742317,0.08350617668811382,0.07752978878856519,0.09348248828928235,0.05271492626013555,0.060469213842741155,0.03596849574520004,0.00971422744129747
2026-02-27,2026-03-31,rr_erc_pathA_stress_sw12_lam25_cat,stress_corr_overlay,0.0,0.0004928941524579419,3.3306690738754696e-16,20,0,1,0.032144100380118376,0.02698367765533877,0.03425618204006995,0.026105386793058148,0.03225652317457696,0.026068811387137823,0.025427120327906533,0.02780092723903274,0.02687515315723774,0.12366121137727881,0.05571182726527179,0.0898462770178148,0.05928822538152462,0.08356971942748037,0.07745692284370258,0.09353757154922458,0.05271339094035507,0.060526567168737846,0.03598291347486744,0.009787491399264736
2026-03-31,2026-04-30,rr_erc_pathA_stress_sw12_lam25_cat,stress_corr_overlay,0.0,0.0014255660751878894,1.1102230246251565e-16,20,0,1,0.0320700082759583,0.02697844128976157,0.033970456740666344,0.026146495459831352,0.032213510606197704,0.026082146888752867,0.025536054204468965,0.027747256338226185,0.026889689911332906,0.12380203868769152,0.056179400937235335,0.08976250989649066,0.05904679587670931,0.0836780388458645,0.07732927832532203,0.09377974596182706,0.05238675008522078,0.06072911740389776,0.035798566637660824,0.009873697626884087
2026-04-30,2026-05-29,rr_erc_pathA_stress_sw12_lam25_cat,stress_corr_overlay,0.0,0.0018718339207645252,0.0,20,0,1,0.031715303463138875,0.02686015512670504,0.03389426257582335,0.02590158770755229,0.03202669741018253,0.02578822598814962,0.02540519209606163,0.02767066298265016,0.026815173066860987,0.12417422292639055,0.0562143843292357,0.0901594232455534,0.058788964431199686,0.08402590397352087,0.07773268273862978,0.09384300509769251,0.052370820992691566,0.06093483358303362,0.035757292553006886,0.009921205711920972
2026-05-29,2026-06-30,rr_erc_pathA_stress_sw12_lam25_cat,stress_corr_overlay,0.0,0.000200346333213329,0.0,20,0,1,0.03167863256598173,0.02685479931258881,0.033880986816775656,0.02589194428287967,0.03199564847814328,0.025788779117310874,0.025411595787859627,0.027645425030659865,0.02682969405832823,0.12414886777481297,0.056303922108775314,0.09016408353014087,0.05876411447947126,0.08403430471271188,0.077723091273962,0.0938577444862475,0.05236644862370562,0.06097513214398087,0.035742347935776436,0.00994243747988742
2026-06-30,2026-07-31,rr_erc_pathA_stress_sw12_lam25_cat,stress_corr_overlay,0.0,0.0005432516151803604,2.220446049250313e-16,20,0,1,0.031678658871596384,0.026871176285588445,0.03389067360076412,0.025909519799247042,0.03200760868686808,0.025811091159180722,0.02542857963739779,0.027657230635688656,0.026848500535840713,0.12425773846984921,0.05576526094618217,0.09021197979636204,0.058788469132637786,0.08408766254160283,0.0777567326186124,0.09391299160643642,0.05239946977230525,0.061023000332472356,0.03575580854406714,0.009937847027300306
2026-07-31,2026-08-31,rr_erc_pathA_stress_sw12_lam25_cat,stress_corr_overlay,0.0,0.0006227921381752417,0.0,20,0,1,0.031698121459616556,0.026847915412832154,0.033961416751823556,0.025871953737187075,0.03206164746194154,0.025762556488721628,0.025447831529194394,0.02756953648472734,0.02688752791141617,0.12422865689018156,0.05598069510676831,0.09009620892117215,0.05871696305897688,0.08405640610166137,0.07759291251504644,0.09389869029652395,0.05243306813862405,0.06112660348621834,0.03580152785927614,0.00995976038809052
2026-08-31,2026-09-16,rr_erc_pathA_stress_sw12_lam25_cat,stress_corr_overlay,0.0,0.0006490163963689928,0.0,20,0,1,0.03166504912219866,0.026839490930125953,0.03393205936320292,0.025871728370609432,0.03202721197294518,0.025781411077476692,0.025453237623743005,0.027552402139824173,0.026894529978967012,0.12446294157406926,0.05555209252513802,0.09016923871240426,0.05873280428922666,0.08414898354790203,0.07762701554672721,0.094050724324497,0.052416195669743,0.061142486920468794,0.035759230298096,0.009921166012634952
2003-05-30,2003-06-30,rr_erc_pathB_loim_vols_histfreq_cat,loim_regime_parity,,0.0,0.0,5,0,1,0.19737117879675387,0.1811233834532255,0.23528791324788678,0.1698481720056381,0.21636935249649575,,,,,,,,,,,,,,,
2003-06-30,2003-07-31,rr_erc_pathB_loim_vols_histfreq_cat,loim_regime_parity,,0.002321642037577981,0.0,5,0,1,0.1976916470042138,0.18187072107942465,0.23296627121030886,0.17028292799626438,0.21718843270978844,,,,,,,,,,,,,,,
2003-07-31,2003-08-29,rr_erc_pathB_loim_vols_histfreq_cat,loim_regime_parity,,0.25318218280642596,0.0,7,0,1,0.15200097006565064,0.13506600339151434,0.1728064172340447,0.12557547184384243,0.16136895465852205,0.10909285290601699,0.1440893299004089,,,,,,,,,,,,,
2003-08-29,2003-09-30,rr_erc_pathB_loim_vols_histfreq_cat,loim_regime_parity,,0.0023843461219203305,0.0,7,0,1,0.15176737323144632,0.13459511944138583,0.17246888179990177,0.12515282932974958,0.16375330078044245,0.10880630478179572,0.1434561906352785,,,,,,,,,,,,,
2003-09-30,2003-10-31,rr_erc_pathB_loim_vols_histfreq_cat,loim_regime_parity,,0.0,0.0,7,0,1,0.15176737323144632,0.13459511944138583,0.17246888179990177,0.12515282932974958,0.16375330078044245,0.10880630478179572,0.1434561906352785,,,,,,,,,,,,,
2003-10-31,2003-11-28,rr_erc_pathB_loim_vols_histfreq_cat,loim_regime_parity,,0.006455658702131863,0.0,7,0,1,0.1504385795764376,0.13351865698554283,0.17089758037372557,0.12437854501325114,0.17020895948257422,0.10817005524178742,0.1423876233266812,,,,,,,,,,,,,
2003-11-28,2003-12-31,rr_erc_pathB_loim_vols_histfreq_cat,loim_regime_parity,,0.0,0.0,7,0,1,0.1504385795764376,0.13351865698554283,0.17089758037372557,0.12437854501325114,0.17020895948257422,0.10817005524178742,0.1423876233266812,,,,,,,,,,,,,
2003-12-31,2004-01-30,rr_erc_pathB_loim_vols_histfreq_cat,loim_regime_parity,,0.0,0.0,7,0,1,0.1504385795764376,0.13351865698554283,0.17089758037372557,0.12437854501325114,0.17020895948257422,0.10817005524178742,0.1423876233266812,,,,,,,,,,,,,
2004-01-30,2004-02-27,rr_erc_pathB_loim_vols_histfreq_cat,loim_regime_parity,,0.0,0.0,7,0,1,0.1504385795764376,0.13351865698554283,0.17089758037372557,0.12437854501325114,0.17020895948257422,0.10817005524178742,0.1423876233266812,,,,,,,,,,,,,
2004-02-27,2004-03-31,rr_erc_pathB_loim_vols_histfreq_cat,loim_regime_parity,,0.0,0.0,7,0,1,0.1504385795764376,0.13351865698554283,0.17089758037372557,0.12437854501325114,0.17020895948257422,0.10817005524178742,0.1423876233266812,,,,,,,,,,,,,
2004-03-31,2004-04-30,rr_erc_pathB_loim_vols_histfreq_cat,loim_regime_parity,,0.0,0.0,7,0,1,0.1504385795764376,0.13351865698554283,0.17089758037372557,0.12437854501325114,0.17020895948257422,0.10817005524178742,0.1423876233266812,,,,,,,,,,,,,
2004-04-30,2004-05-28,rr_erc_pathB_loim_vols_histfreq_cat,loim_regime_parity,,0.0,0.0,7,0,1,0.1504385795764376,0.13351865698554283,0.17089758037372557,0.12437854501325114,0.17020895948257422,0.10817005524178742,0.1423876233266812,,,,,,,,,,,,,
2004-05-28,2004-06-30,rr_erc_pathB_loim_vols_histfreq_cat,loim_regime_parity,,0.0,0.0,7,0,1,0.1504385795764376,0.13351865698554283,0.17089758037372557,0.12437854501325114,0.17020895948257422,0.10817005524178742,0.1423876233266812,,,,,,,,,,,,,
2004-06-30,2004-07-30,rr_erc_pathB_loim_vols_histfreq_cat,loim_regime_parity,,0.00032830550023586064,0.0,7,0,1,0.15011205142869788,0.13357836525449104,0.17099586504010336,0.12439460006711898,0.17033671614734044,0.1081965560880632,0.14238584597418505,,,,,,,,,,,,,
2004-07-30,2004-08-31,rr_erc_pathB_loim_vols_histfreq_cat,loim_regime_parity,,0.0,0.0,7,0,1,0.15011205142869788,0.13357836525449104,0.17099586504010336,0.12439460006711898,0.17033671614734044,0.1081965560880632,0.14238584597418505,,,,,,,,,,,,,
2004-08-31,2004-09-30,rr_erc_pathB_loim_vols_histfreq_cat,loim_regime_parity,,0.2096634546258737,0.0,9,0,1,0.11911968723044776,0.10471527168875688,0.13423665215419006,0.09877720424149694,0.13477282949124453,0.08564156129923733,0.11307333926875275,0.08748063152438522,0.12218282310148851,,,,,,,,,,,
2004-09-30,2004-10-29,rr_erc_pathB_loim_vols_histfreq_cat,loim_regime_parity,,0.0,0.0,9,0,1,0.11911968723044776,0.10471527168875688,0.13423665215419006,0.09877720424149694,0.13477282949124453,0.08564156129923733,0.11307333926875275,0.08748063152438522,0.12218282310148851,,,,,,,,,,,
2004-10-29,2004-11-30,rr_erc_pathB_loim_vols_histfreq_cat,loim_regime_parity,,0.0,0.0,9,0,1,0.11911968723044776,0.10471527168875688,0.13423665215419006,0.09877720424149694,0.13477282949124453,0.08564156129923733,0.11307333926875275,0.08748063152438522,0.12218282310148851,,,,,,,,,,,
2004-11-30,2004-12-31,rr_erc_pathB_loim_vols_histfreq_cat,loim_regime_parity,,0.002706400700026902,1.1102230246251565e-16,9,0,1,0.11971924556940444,0.10538126695153469,0.1334017743393477,0.0981352113121186,0.13510205194826572,0.08558138824239209,0.1119039823697918,0.08859222448388479,0.12218285478326003,,,,,,,,,,,
2004-12-31,2005-01-31,rr_erc_pathB_loim_vols_histfreq_cat,loim_regime_parity,,0.0018479093108794975,0.0,9,0,1,0.11946401253998004,0.10534924401707688,0.13214341451983452,0.09869515047912021,0.1348938000001719,0.08588321888980065,0.11279653003970654,0.08849818290449467,0.12227644660981468,,,,,,,,,,,
2005-01-31,2005-02-28,rr_erc_pathB_loim_vols_histfreq_cat,loim_regime_parity,,0.00045655803582426296,1.1102230246251565e-16,9,0,1,0.11954072501359088,0.10489268598125258,0.13221948055001137,0.09871803970616652,0.13498870284670025,0.08590052983080101,0.1128299391184012,0.08854337021690774,0.12236652673616835,,,,,,,,,,,
2005-02-28,2005-03-31,rr_erc_pathB_loim_vols_histfreq_cat,loim_regime_parity,,0.0,1.1102230246251565e-16,9,0,1,0.11954072501359088,0.10489268598125258,0.13221948055001137,0.09871803970616652,0.13498870284670025,0.08590052983080101,0.1128299391184012,0.08854337021690774,0.12236652673616835,,,,,,,,,,,
2005-03-31,2005-04-29,rr_erc_pathB_loim_vols_histfreq_cat,loim_regime_parity,,0.0,1.1102230246251565e-16,9,0,1,0.11954072501359088,0.10489268598125258,0.13221948055001137,0.09871803970616652,0.13498870284670025,0.08590052983080101,0.1128299391184012,0.08854337021690774,0.12236652673616835,,,,,,,,,,,
2005-04-29,2005-05-31,rr_erc_pathB_loim_vols_histfreq_cat,loim_regime_parity,,0.0023149468220594396,0.0,9,0,1,0.12033311803464247,0.10484289437224883,0.1331478830693932,0.09810510517911121,0.1354613843743052,0.08561344610167608,0.1118152850051569,0.08866483997092879,0.12201604389253728,,,,,,,,,,,
2005-05-31,2005-06-30,rr_erc_pathB_loim_vols_histfreq_cat,loim_regime_parity,,0.0,0.0,9,0,1,0.12033311803464247,0.10484289437224883,0.1331478830693932,0.09810510517911121,0.1354613843743052,0.08561344610167608,0.1118152850051569,0.08866483997092879,0.12201604389253728,,,,,,,,,,,
2005-06-30,2005-07-29,rr_erc_pathB_loim_vols_histfreq_cat,loim_regime_parity,,0.0,0.0,9,0,1,0.12033311803464247,0.10484289437224883,0.1331478830693932,0.09810510517911121,0.1354613843743052,0.08561344610167608,0.1118152850051569,0.08866483997092879,0.12201604389253728,,,,,,,,,,,
2005-07-29,2005-08-31,rr_erc_pathB_loim_vols_histfreq_cat,loim_regime_parity,,0.3544408998468378,0.0,10,0,1,0.09182514653898276,0.06883797030802809,0.07747039200630562,0.05636674120621106,0.09496213410221721,0.05592806776317267,0.05838995919065191,0.07302970503135425,0.06874898400623862,0.3544408998468378,,,,,,,,,,
2005-08-31,2005-09-30,rr_erc_pathB_loim_vols_histfreq_cat,loim_regime_parity,,0.008571810056739515,0.0,10,0,1,0.09043501014572289,0.06779459508574003,0.07855927753258272,0.05547537593546794,0.09335526270405836,0.0552563914742986,0.057268076806110506,0.07225133420736275,0.06768085173135602,0.36192382437730025,,,,,,,,,,
2005-09-30,2005-10-31,rr_erc_pathB_loim_vols_histfreq_cat,loim_regime_parity,,0.008239095005317158,0.0,10,0,1,0.09155512391960353,0.0683292976158334,0.08178726486066787,0.055733852194128373,0.09503055812267916,0.0557148956904825,0.05724316041832596,0.07268964611310988,0.06820655530540178,0.35370964575976765,,,,,,,,,,
2005-10-31,2005-11-30,rr_erc_pathB_loim_vols_histfreq_cat,loim_regime_parity,,0.0027817973381267444,0.0,10,0,1,0.09231263335443671,0.06865150296288886,0.08217880780745654,0.05604376336535535,0.0949892328223555,0.05554940219786466,0.05778140774565156,0.07315202722400674,0.06742213392579821,0.35191908859418597,,,,,,,,,,
2005-11-30,2005-12-30,rr_erc_pathB_loim_vols_histfreq_cat,loim_regime_parity,,0.0038765152851560104,0.0,10,0,1,0.0907335769904233,0.0684103850366697,0.08391152515326705,0.0560988168168062,0.09471129173879284,0.05536974345806036,0.05811720010425435,0.07155328605245018,0.06794434585389941,0.35314982879537654,,,,,,,,,,
2005-12-30,2006-01-31,rr_erc_pathB_loim_vols_histfreq_cat,loim_regime_parity,,0.0009793448025184892,0.0,10,0,1,0.09056737040754541,0.06833375514801114,0.08419149191934042,0.055969327268310685,0.09454368858196575,0.05526195817943505,0.05796449146438683,0.07148967765218361,0.06782903254699939,0.3538492068318217,,,,,,,,,,
2006-01-31,2006-02-28,rr_erc_pathB_loim_vols_histfreq_cat,loim_regime_parity,,0.010022172041495952,0.0,10,0,1,0.09122838676576937,0.06732990823262307,0.0827907362891052,0.05416813700272841,0.09401566258173268,0.05377353752308769,0.05597960477772575,0.07023401953540478,0.06726964477672936,0.3632103625150937,,,,,,,,,,
2006-02-28,2006-03-31,rr_erc_pathB_loim_vols_histfreq_cat,loim_regime_parity,,0.0023296317437902156,0.0,10,0,1,0.09140689573714551,0.06693899960961591,0.08199279479045557,0.054029680676558105,0.09428412386686935,0.05362545345387332,0.05591577041600176,0.06948721768857832,0.06722603975853111,0.36509302400237115,,,,,,,,,,
2006-03-31,2006-04-28,rr_erc_pathB_loim_vols_histfreq_cat,loim_regime_parity,,0.0007788882900077142,1.1102230246251565e-16,10,0,1,0.0913415222569104,0.06687965503785423,0.08181400995337362,0.05392620461714173,0.09421581580630622,0.05352694259280605,0.05580117638321389,0.06943025934031276,0.06719250171970229,0.3658719122923787,,,,,,,,,,
2006-04-28,2006-05-31,rr_erc_pathB_loim_vols_histfreq_cat,loim_regime_parity,,0.003056233823745095,0.0,10,0,1,0.09178973331270635,0.06699142255321776,0.0829624571733152,0.053876280821696425,0.09527568479403653,0.053433922981516516,0.05574100011623213,0.06933092396097473,0.067480440764616,0.3631181335216883,,,,,,,,,,
2006-05-31,2006-06-30,rr_erc_pathB_loim_vols_histfreq_cat,loim_regime_parity,,0.010892312900754628,0.0,10,0,1,0.09054105954086004,0.0656155019340594,0.07965376903908086,0.05327528415320345,0.09425343491742355,0.0522677199856527,0.0555830242967017,0.06731931894595927,0.0675716361571519,0.37391925102990703,,,,,,,,,,
2006-06-30,2006-07-31,rr_erc_pathB_loim_vols_histfreq_cat,loim_regime_parity,,0.0019209027376772929,1.1102230246251565e-16,10,0,1,0.09044313115700209,0.0653842982222513,0.07903667911826041,0.053136234202413084,0.09423381043559952,0.052098811035792045,0.05551235360002866,0.06705198812192649,0.06726254033914207,0.3758401537675843,,,,,,,,,,
2006-07-31,2006-08-31,rr_erc_pathB_loim_vols_histfreq_cat,loim_regime_parity,,0.007513855730948642,0.0,10,0,1,0.0902936962804733,0.06398950289900618,0.07860195566605682,0.05217779628392215,0.09523133350377541,0.05103836213946197,0.05471855826751553,0.06536500496578235,0.06622730356364925,0.38235648643035697,,,,,,,,,,
2006-08-31,2006-09-29,rr_erc_pathB_loim_vols_histfreq_cat,loim_regime_parity,,0.005021932475017435,0.0,10,0,1,0.09047779881670075,0.06468282839967775,0.07931937654944243,0.052566975648294434,0.09612085059788907,0.051559098081864055,0.055060849561947234,0.06603968341828562,0.06683798497055908,0.37733455395533955,,,,,,,,,,
2006-09-29,2006-10-31,rr_erc_pathB_loim_vols_histfreq_cat,loim_regime_parity,,0.001407757714022899,0.0,10,0,1,0.09033994346920737,0.06486181464338228,0.07971216192226686,0.0527338890795972,0.09606926708966505,0.05172181489779024,0.05523775730722234,0.06611041988971125,0.06709669660412335,0.37611623509703407,,,,,,,,,,
2006-10-31,2006-11-30,rr_erc_pathB_loim_vols_histfreq_cat,loim_regime_parity,,0.00110381633028888,1.1102230246251565e-16,10,0,1,0.09000876764786346,0.06478962152348482,0.08010346067344293,0.052501769591795984,0.09601168308830357,0.05152271304165377,0.055026115263474035,0.06627216632258529,0.06715508759216884,0.37660861525522726,,,,,,,,,,
2006-11-30,2006-12-29,rr_erc_pathB_loim_vols_histfreq_cat,loim_regime_parity,,0.003370246914689474,0.0,10,0,1,0.09046596345077844,0.06493604103504137,0.0808599480458668,0.05294814837744936,0.09649377774794923,0.0518411706430646,0.05553650941025846,0.06617259543737855,0.06740790662646859,0.3733379392257446,,,,,,,,,,
2006-12-29,2007-01-31,rr_erc_pathB_loim_vols_histfreq_cat,loim_regime_parity,,0.0045216844374323,0.0,10,0,1,0.09144109067871992,0.06493315517528041,0.08225490305887428,0.053108360807301365,0.09799897475295309,0.05189115987148187,0.055788081531789824,0.06592006382685771,0.06759253803814742,0.3690716722585941,,,,,,,,,,
2007-01-31,2007-02-28,rr_erc_pathB_loim_vols_histfreq_cat,loim_regime_parity,,0.000767837262671104,2.220446049250313e-16,10,0,1,0.09153956109750387,0.06475842362291671,0.08219521211153032,0.053142731882192075,0.09857248486251438,0.051912094458782206,0.05582863260392445,0.06579227635534736,0.06749627695947691,0.36876230604581156,,,,,,,,,,
2007-02-28,2007-03-30,rr_erc_pathB_loim_vols_histfreq_cat,loim_regime_parity,,0.003829107169100794,0.0,10,0,1,0.09052982736411747,0.0646034223377755,0.08172159795464812,0.05291832183397885,0.09734094604300621,0.051778434528941285,0.055488680483963354,0.0656361599911435,0.06739119624751348,0.3725914132149124,,,,,,,,,,
2007-03-30,2007-04-30,rr_erc_pathB_loim_vols_histfreq_cat,loim_regime_parity,,0.0008383994394414972,0.0,10,0,1,0.09066993174224162,0.06465202186388917,0.08184573684525481,0.052978269159966465,0.09755853108409963,0.051874203825640786,0.05552269414549388,0.065704467517903,0.06744113004003985,0.3717530137754709,,,,,,,,,,
2007-04-30,2007-05-31,rr_erc_pathB_loim_vols_histfreq_cat,loim_regime_parity,,0.0024107026037317493,2.220446049250313e-16,10,0,1,0.08948691497272107,0.06485004732064024,0.0820526914890786,0.05347960477244437,0.09656048525098454,0.052234218207833076,0.056276703051983526,0.0656034394491505,0.06783149364203668,0.3716244018431273,,,,,,,,,,
2007-05-31,2007-06-29,rr_erc_pathB_loim_vols_histfreq_cat,loim_regime_parity,,0.004857133099246871,0.0,10,0,1,0.08853966011409571,0.0642547342608201,0.08183307100206061,0.053197623969135945,0.09551546994496207,0.051925991196367524,0.05596831589898329,0.06488750813900045,0.06739609053220018,0.3764815349423741,,,,,,,,,,
2007-06-29,2007-07-31,rr_erc_pathB_loim_vols_histfreq_cat,loim_regime_parity,,0.0035954403462386993,0.0,10,0,1,0.08807683054173224,0.06405415091910746,0.08211614574977172,0.053653452559123904,0.09367538780833402,0.05274984202935199,0.05590158265304379,0.06506194557425876,0.06637087848260512,0.3783397836826709,,,,,,,,,,
2007-07-31,2007-08-31,rr_erc_pathB_loim_vols_histfreq_cat,loim_regime_parity,,0.021085882910728878,0.0,10,0,1,0.08546838777944153,0.062057215531095784,0.08047497179558766,0.05200431528442535,0.08796583773625576,0.05202879916077665,0.05311077853733665,0.06426914716394086,0.06319488041773995,0.39942566659339984,,,,,,,,,,
2007-08-31,2007-09-28,rr_erc_pathB_loim_vols_histfreq_cat,loim_regime_parity,,0.001944608233206007,1.1102230246251565e-16,10,0,1,0.0856086339669686,0.062279237608150975,0.0811341237851074,0.05208199369438359,0.08814240116579479,0.052038870602534294,0.05323049339165107,0.064488815366124,0.0635143720590914,0.3974810583601939,,,,,,,,,,
2007-09-28,2007-10-31,rr_erc_pathB_loim_vols_histfreq_cat,loim_regime_parity,,0.0019236960927345587,0.0,10,0,1,0.08482269550454985,0.06235085367559539,0.08062114554648431,0.0523920202135478,0.08771283217620734,0.052196158926166,0.05381964473041605,0.06429360496401874,0.06378839136520559,0.39800265289780884,,,,,,,,,,
2007-10-31,2007-11-30,rr_erc_pathB_loim_vols_histfreq_cat,loim_regime_parity,,0.0017334305055223438,0.0,10,0,1,0.0850086100618608,0.062475891407308894,0.0806257932024362,0.05249130961087146,0.08840161454748333,0.05210797162929265,0.05408224603445021,0.06422727663322528,0.06415554885311782,0.39642373801995334,,,,,,,,,,
2007-11-30,2007-12-31,rr_erc_pathB_loim_vols_histfreq_cat,loim_regime_parity,,0.02501172380829781,1.1102230246251565e-16,10,0,1,0.08138020212058948,0.060160339669654415,0.0773980352876332,0.050480265867337004,0.08343870040744264,0.05017091719090878,0.05176249743128228,0.0623523538283643,0.06142122636853677,0.4214354618282511,,,,,,,,,,
2007-12-31,2008-01-31,rr_erc_pathB_loim_vols_histfreq_cat,loim_regime_parity,,0.0020260175197975606,0.0,10,0,1,0.08137079116358634,0.06034395839353423,0.07601299463592615,0.05070783171267158,0.08282352585688352,0.050558545085247784,0.051940292899557344,0.06278562392361403,0.06140483500800866,0.42205160132097047,,,,,,,,,,
2008-01-31,2008-02-29,rr_erc_pathB_loim_vols_histfreq_cat,loim_regime_parity,,0.11049399913912042,0.0,11,0,1,0.06352004099696612,0.04766914020923117,0.06299812709590581,0.04215234823684679,0.06774741473960318,0.039709845210487864,0.04531872099279168,0.046130979359091384,0.05220778269898512,0.45061451680380293,0.08193108365628787,,,,,,,,,
2008-02-29,2008-03-31,rr_erc_pathB_loim_vols_histfreq_cat,loim_regime_parity,,0.005836744670936863,0.0,11,0,1,0.06250670023682374,0.047560060389295215,0.06244284288821619,0.04193922071386696,0.0653969937249167,0.039511462217356456,0.044844703737751526,0.04631415664862979,0.05128469160165413,0.4536754477904174,0.0845237200510719,,,,,,,,,
2008-03-31,2008-04-30,rr_erc_pathB_loim_vols_histfreq_cat,loim_regime_parity,,0.004503123146962877,1.1102230246251565e-16,11,0,1,0.062401319078087755,0.04742075659923997,0.06154922844399416,0.04218801916061962,0.06543830881358695,0.03972790617469078,0.04532403520699462,0.04613990956573403,0.05145292316235162,0.45702445041468237,0.08133314338001807,,,,,,,,,
2008-04-30,2008-05-30,rr_erc_pathB_loim_vols_histfreq_cat,loim_regime_parity,,0.005349546518639201,0.0,11,0,1,0.061611921317037015,0.04669477700543583,0.06068483598226585,0.04193745595023876,0.0647393890275393,0.03942152005878937,0.04519972894807579,0.045338329772683386,0.05066490162459507,0.4608524999252294,0.08285464038811018,,,,,,,,,
2008-05-30,2008-06-30,rr_erc_pathB_loim_vols_histfreq_cat,loim_regime_parity,,0.0006532372617013942,0.0,11,0,1,0.061554515094982803,0.04660215172421779,0.06065038978900167,0.04186694624856253,0.06474207352681227,0.03935064990988571,0.045132979542300715,0.04524025657707832,0.05057654782889592,0.46150305268765784,0.08278043707060441,,,,,,,,,
2008-06-30,2008-07-31,rr_erc_pathB_loim_vols_histfreq_cat,loim_regime_parity,,0.0,0.0,11,0,1,0.061554515094982803,0.04660215172421779,0.06065038978900167,0.04186694624856253,0.06474207352681227,0.03935064990988571,0.045132979542300715,0.04524025657707832,0.05057654782889592,0.46150305268765784,0.08278043707060441,,,,,,,,,
2008-07-31,2008-08-29,rr_erc_pathB_loim_vols_histfreq_cat,loim_regime_parity,,0.0,0.0,11,0,1,0.061554515094982803,0.04660215172421779,0.06065038978900167,0.04186694624856253,0.06474207352681227,0.03935064990988571,0.045132979542300715,0.04524025657707832,0.05057654782889592,0.46150305268765784,0.08278043707060441,,,,,,,,,
2008-08-29,2008-09-30,rr_erc_pathB_loim_vols_histfreq_cat,loim_regime_parity,,0.0008429538228345128,0.0,11,0,1,0.06164967461279611,0.04670508844646946,0.05984247380833506,0.04193417139624311,0.06479280972977251,0.03942123980047879,0.0451908656980754,0.04535722488141982,0.05066018611935836,0.46146801484549,0.08297825066156148,,,,,,,,,
2008-09-30,2008-10-31,rr_erc_pathB_loim_vols_histfreq_cat,loim_regime_parity,,0.0005794840817725348,0.0,11,0,1,0.061709454413898454,0.04678292157637725,0.05926298972656248,0.04200223659549043,0.06486214573118429,0.03947559296131852,0.04527571406250163,0.04542539456605198,0.050738607127553695,0.46147676296524803,0.08298818027381323,,,,,,,,,
2008-10-31,2008-11-28,rr_erc_pathB_loim_vols_histfreq_cat,loim_regime_parity,,0.0,0.0,11,0,1,0.061709454413898454,0.04678292157637725,0.05926298972656248,0.04200223659549043,0.06486214573118429,0.03947559296131852,0.04527571406250163,0.04542539456605198,0.050738607127553695,0.46147676296524803,0.08298818027381323,,,,,,,,,
2008-11-28,2008-12-31,rr_erc_pathB_loim_vols_histfreq_cat,loim_regime_parity,,0.0005019914669974028,0.0,11,0,1,0.061913387221954774,0.04679705189178245,0.059269408909758285,0.042034829196455646,0.06488899473432615,0.03950293383827348,0.04532150330312237,0.045430639774096296,0.050756741954212925,0.46097477149825067,0.08310973767776703,,,,,,,,,
2008-12-31,2009-01-30,rr_erc_pathB_loim_vols_histfreq_cat,loim_regime_parity,,0.0,0.0,11,0,1,0.061913387221954774,0.04679705189178245,0.059269408909758285,0.042034829196455646,0.06488899473432615,0.03950293383827348,0.04532150330312237,0.045430639774096296,0.050756741954212925,0.46097477149825067,0.08310973767776703,,,,,,,,,
2009-01-30,2009-02-27,rr_erc_pathB_loim_vols_histfreq_cat,loim_regime_parity,,0.0,0.0,11,0,1,0.061913387221954774,0.04679705189178245,0.059269408909758285,0.042034829196455646,0.06488899473432615,0.03950293383827348,0.04532150330312237,0.045430639774096296,0.050756741954212925,0.46097477149825067,0.08310973767776703,,,,,,,,,
2009-02-27,2009-03-31,rr_erc_pathB_loim_vols_histfreq_cat,loim_regime_parity,,0.0,0.0,11,0,1,0.061913387221954774,0.04679705189178245,0.059269408909758285,0.042034829196455646,0.06488899473432615,0.03950293383827348,0.04532150330312237,0.045430639774096296,0.050756741954212925,0.46097477149825067,0.08310973767776703,,,,,,,,,
2009-03-31,2009-04-30,rr_erc_pathB_loim_vols_histfreq_cat,loim_regime_parity,,0.0,0.0,11,0,1,0.061913387221954774,0.04679705189178245,0.059269408909758285,0.042034829196455646,0.06488899473432615,0.03950293383827348,0.04532150330312237,0.045430639774096296,0.050756741954212925,0.46097477149825067,0.08310973767776703,,,,,,,,,
2009-04-30,2009-05-29,rr_erc_pathB_loim_vols_histfreq_cat,loim_regime_parity,,0.020325319382715937,1.1102230246251565e-16,11,0,1,0.066280078135486,0.0478517593307517,0.0641799633315394,0.04282109698473045,0.07005158223803426,0.040630724510408646,0.0458374701039547,0.04639690081371272,0.05219123475808027,0.4596245384573351,0.06413465133596662,,,,,,,,,
2009-05-29,2009-06-30,rr_erc_pathB_loim_vols_histfreq_cat,loim_regime_parity,,0.0,1.1102230246251565e-16,11,0,1,0.066280078135486,0.0478517593307517,0.0641799633315394,0.04282109698473045,0.07005158223803426,0.040630724510408646,0.0458374701039547,0.04639690081371272,0.05219123475808027,0.4596245384573351,0.06413465133596662,,,,,,,,,
2009-06-30,2009-07-31,rr_erc_pathB_loim_vols_histfreq_cat,loim_regime_parity,,0.005329724406544403,0.0,11,0,1,0.06530412451480443,0.047594977447138344,0.06509797057141975,0.04253473110741643,0.06795419146108052,0.04032494758654551,0.04538017842076129,0.04637954049077456,0.051258431440093434,0.46036969907136804,0.06780120788859777,,,,,,,,,
2009-07-31,2009-08-31,rr_erc_pathB_loim_vols_histfreq_cat,loim_regime_parity,,0.003545852373109646,2.220446049250313e-16,11,0,1,0.06498731111294555,0.04713376031489722,0.06443303963637623,0.042208086268298695,0.06774573734559927,0.03994466263443995,0.04513168240885152,0.045859766660847234,0.05083919428466894,0.46165151646902053,0.0700652428640547,,,,,,,,,
2009-08-31,2009-09-30,rr_erc_pathB_loim_vols_histfreq_cat,loim_regime_parity,,0.0,2.220446049250313e-16,11,0,1,0.06498731111294555,0.04713376031489722,0.06443303963637623,0.042208086268298695,0.06774573734559927,0.03994466263443995,0.04513168240885152,0.045859766660847234,0.05083919428466894,0.46165151646902053,0.0700652428640547,,,,,,,,,
2009-09-30,2009-10-30,rr_erc_pathB_loim_vols_histfreq_cat,loim_regime_parity,,0.0,2.220446049250313e-16,11,0,1,0.06498731111294555,0.04713376031489722,0.06443303963637623,0.042208086268298695,0.06774573734559927,0.03994466263443995,0.04513168240885152,0.045859766660847234,0.05083919428466894,0.46165151646902053,0.0700652428640547,,,,,,,,,
2009-10-30,2009-11-30,rr_erc_pathB_loim_vols_histfreq_cat,loim_regime_parity,,0.0,2.220446049250313e-16,11,0,1,0.06498731111294555,0.04713376031489722,0.06443303963637623,0.042208086268298695,0.06774573734559927,0.03994466263443995,0.04513168240885152,0.045859766660847234,0.05083919428466894,0.46165151646902053,0.0700652428640547,,,,,,,,,
2009-11-30,2009-12-31,rr_erc_pathB_loim_vols_histfreq_cat,loim_regime_parity,,0.0,2.220446049250313e-16,11,0,1,0.06498731111294555,0.04713376031489722,0.06443303963637623,0.042208086268298695,0.06774573734559927,0.03994466263443995,0.04513168240885152,0.045859766660847234,0.05083919428466894,0.46165151646902053,0.0700652428640547,,,,,,,,,
2009-12-31,2010-01-29,rr_erc_pathB_loim_vols_histfreq_cat,loim_regime_parity,,0.0,2.220446049250313e-16,11,0,1,0.06498731111294555,0.04713376031489722,0.06443303963637623,0.042208086268298695,0.06774573734559927,0.03994466263443995,0.04513168240885152,0.045859766660847234,0.05083919428466894,0.46165151646902053,0.0700652428640547,,,,,,,,,
2010-01-29,2010-02-26,rr_erc_pathB_loim_vols_histfreq_cat,loim_regime_parity,,0.0074921759663703034,0.0,11,0,1,0.0639082643175053,0.046316421854710854,0.06375469811165584,0.041553093284488016,0.06651561701377806,0.039389898089681685,0.0443590612692719,0.0451239929470556,0.049979368671889846,0.4691436924353908,0.06995589200457207,,,,,,,,,
2010-02-26,2010-03-31,rr_erc_pathB_loim_vols_histfreq_cat,loim_regime_parity,,0.0,0.0,11,0,1,0.0639082643175053,0.046316421854710854,0.06375469811165584,0.041553093284488016,0.06651561701377806,0.039389898089681685,0.0443590612692719,0.0451239929470556,0.049979368671889846,0.4691436924353908,0.06995589200457207,,,,,,,,,
2010-03-31,2010-04-30,rr_erc_pathB_loim_vols_histfreq_cat,loim_regime_parity,,0.04167041462568056,0.0,11,0,0,0.0628148955943038,0.04974231220988773,0.0566291403710002,0.047887309425348155,0.06214756595251873,0.04742786544757656,0.04791910184188367,0.05015186503781691,0.05030139963209271,0.44006025533482673,0.08491828915274482,,,,,,,,,
2010-04-30,2010-05-28,rr_erc_pathB_loim_vols_histfreq_cat,loim_regime_parity,,0.2518500318312668,0.0,12,0,1,0.05119563108655251,0.03795502792834083,0.05222232004839844,0.034385813705690584,0.05398463299303238,0.0324855478293573,0.03695793203881985,0.036811828456089365,0.04105063449025411,0.3123003183208971,0.058800281271300714,0.2518500318312668,,,,,,,,
2010-05-28,2010-06-30,rr_erc_pathB_loim_vols_histfreq_cat,loim_regime_parity,,0.005748494936772427,0.0,12,0,1,0.05061676538252043,0.03741628399220227,0.05149147745326053,0.03396087897821086,0.05344981173299496,0.03206213585926138,0.0365266284830741,0.03631669640805253,0.04044925491021999,0.3113112587608631,0.05905537137094593,0.2573434366683941,,,,,,,,
2010-06-30,2010-07-30,rr_erc_pathB_loim_vols_histfreq_cat,loim_regime_parity,,0.0,0.0,12,0,1,0.05061676538252043,0.03741628399220227,0.05149147745326053,0.03396087897821086,0.05344981173299496,0.03206213585926138,0.0365266284830741,0.03631669640805253,0.04044925491021999,0.3113112587608631,0.05905537137094593,0.2573434366683941,,,,,,,,
2010-07-30,2010-08-31,rr_erc_pathB_loim_vols_histfreq_cat,loim_regime_parity,,0.04363365423619271,2.220446049250313e-16,12,0,0,0.047325149100864786,0.038023344773401045,0.04293592646499203,0.036707369494435774,0.04690526838852408,0.03646540971362075,0.036681976908225396,0.03836135202063814,0.038327422211173245,0.3371235396099612,0.06691991556852031,0.23422332574564314,,,,,,,,
2010-08-31,2010-09-30,rr_erc_pathB_loim_vols_histfreq_cat,loim_regime_parity,,0.0024150354598033615,1.1102230246251565e-16,12,0,0,0.047043919336486065,0.037799562686959415,0.04271070773307979,0.0364210771890006,0.046644019190003785,0.036181899141526946,0.036399900376075954,0.038151729357158715,0.03810418543884839,0.33953857506976454,0.06683060167601804,0.2341738228050777,,,,,,,,
2010-09-30,2010-10-29,rr_erc_pathB_loim_vols_histfreq_cat,loim_regime_parity,,0.009496828863078961,0.0,12,0,0,0.046079168844502846,0.03699878147533468,0.04214651903982277,0.035506738069696904,0.04605288515786407,0.03508676096624627,0.03569273393668918,0.03713375886343827,0.03753139844990279,0.3451889095576405,0.06456202845858103,0.2380203171802807,,,,,,,,
2010-10-29,2010-11-30,rr_erc_pathB_loim_vols_histfreq_cat,loim_regime_parity,,0.1714250929304706,0.0,13,0,1,0.03577375137102046,0.03052329442699357,0.02951718925686352,0.030619932068961308,0.034057961780135315,0.031068003787625507,0.029376672080055618,0.03133234883754414,0.02952940866805765,0.30726837588009787,0.05713839922214569,0.18236956969002874,0.1714250929304706,,,,,,,
2010-11-30,2010-12-31,rr_erc_pathB_loim_vols_histfreq_cat,loim_regime_parity,,0.002872825679158914,0.0,13,0,1,0.036022766767081466,0.030786262297421714,0.029677233795935964,0.03089936045825698,0.0342909450514281,0.031363750568209454,0.029629757520292916,0.0316254577050093,0.029757697760890836,0.30541406111564745,0.05775655525403501,0.18228137792335003,0.17049477378244085,,,,,,,
2010-12-31,2011-01-31,rr_erc_pathB_loim_vols_histfreq_cat,loim_regime_parity,,0.005356320300850802,0.0,13,0,1,0.03550536559092901,0.030403363289479988,0.028921339761691516,0.03048277807853242,0.03372561754778692,0.030978176828215614,0.029194471099467257,0.03128602082916672,0.02935665382174359,0.30728919103843605,0.056599680030697916,0.18281299875332352,0.17344434333052958,,,,,,,
2011-01-31,2011-02-28,rr_erc_pathB_loim_vols_histfreq_cat,loim_regime_parity,,0.0015112411523966907,0.0,13,0,1,0.03567093837761399,0.03053767442287581,0.029061714431857663,0.030591430506224915,0.033893249475573844,0.031086506517635424,0.02930174208593312,0.03141928059150422,0.029494398571719704,0.30577794988603935,0.056654818322671184,0.18284216174837015,0.1736681350619807,,,,,,,
2011-02-28,2011-03-31,rr_erc_pathB_loim_vols_histfreq_cat,loim_regime_parity,,0.0,0.0,13,0,1,0.03567093837761399,0.03053767442287581,0.029061714431857663,0.030591430506224915,0.033893249475573844,0.031086506517635424,0.02930174208593312,0.03141928059150422,0.029494398571719704,0.30577794988603935,0.056654818322671184,0.18284216174837015,0.1736681350619807,,,,,,,
2011-03-31,2011-04-29,rr_erc_pathB_loim_vols_histfreq_cat,loim_regime_parity,,0.0,0.0,13,0,1,0.03567093837761399,0.03053767442287581,0.029061714431857663,0.030591430506224915,0.033893249475573844,0.031086506517635424,0.02930174208593312,0.03141928059150422,0.029494398571719704,0.30577794988603935,0.056654818322671184,0.18284216174837015,0.1736681350619807,,,,,,,
2011-04-29,2011-05-31,rr_erc_pathB_loim_vols_histfreq_cat,loim_regime_parity,,0.0002606342669823694,1.1102230246251565e-16,13,0,1,0.035694551492750616,0.03055679992658785,0.02884349059060759,0.030612649114277767,0.03391834223002953,0.03110609875848188,0.029324181978740222,0.031436741656410465,0.029515134033165528,0.305735539460307,0.05666192598317736,0.18290594603370405,0.17368859874176001,,,,,,,
2011-05-31,2011-06-30,rr_erc_pathB_loim_vols_histfreq_cat,loim_regime_parity,,0.0,1.1102230246251565e-16,13,0,1,0.035694551492750616,0.03055679992658785,0.02884349059060759,0.030612649114277767,0.03391834223002953,0.03110609875848188,0.029324181978740222,0.031436741656410465,0.029515134033165528,0.305735539460307,0.05666192598317736,0.18290594603370405,0.17368859874176001,,,,,,,
2011-06-30,2011-07-29,rr_erc_pathB_loim_vols_histfreq_cat,loim_regime_parity,,0.09658942601893672,1.1102230246251565e-16,13,0,1,0.0382444050919625,0.03280068625789275,0.031186076703020617,0.03265510211125076,0.03643155816157977,0.033199485899642486,0.031323066568798935,0.03373499655689282,0.031739728488491936,0.35278688326978014,0.05945650844850441,0.20934232971935945,0.07709917272282331,,,,,,,
2011-07-29,2011-08-31,rr_erc_pathB_loim_vols_histfreq_cat,loim_regime_parity,,0.0,1.1102230246251565e-16,13,0,1,0.0382444050919625,0.03280068625789275,0.031186076703020617,0.03265510211125076,0.03643155816157977,0.033199485899642486,0.031323066568798935,0.03373499655689282,0.031739728488491936,0.35278688326978014,0.05945650844850441,0.20934232971935945,0.07709917272282331,,,,,,,
2011-08-31,2011-09-30,rr_erc_pathB_loim_vols_histfreq_cat,loim_regime_parity,,0.0,1.1102230246251565e-16,13,0,1,0.0382444050919625,0.03280068625789275,0.031186076703020617,0.03265510211125076,0.03643155816157977,0.033199485899642486,0.031323066568798935,0.03373499655689282,0.031739728488491936,0.35278688326978014,0.05945650844850441,0.20934232971935945,0.07709917272282331,,,,,,,
2011-09-30,2011-10-31,rr_erc_pathB_loim_vols_histfreq_cat,loim_regime_parity,,0.021354403053112692,1.1102230246251565e-16,13,0,1,0.03708091048693629,0.03141732727530456,0.030002749894922128,0.031222726400080905,0.03522847611868744,0.03175378869972923,0.029960822916793695,0.03233143023255207,0.030424230159098536,0.37414128632289284,0.053553732998205775,0.2085344633275443,0.07434805516725214,,,,,,,
2011-10-31,2011-11-30,rr_erc_pathB_loim_vols_histfreq_cat,loim_regime_parity,,0.014179183644311878,0.0,13,0,1,0.035973949588024,0.030283757601106534,0.029653635804245782,0.029863190397477462,0.03400763052367048,0.030300913189408023,0.028732796790468206,0.031133168732303172,0.02937940223144925,0.3843593451771261,0.05032884941476646,0.21249558811762287,0.0734877724323316,,,,,,,
2011-11-30,2011-12-30,rr_erc_pathB_loim_vols_histfreq_cat,loim_regime_parity,,0.0009988393418374295,0.0,13,0,1,0.036058127259928074,0.030354872075450335,0.02971738986268008,0.02993906303409555,0.03408792866454683,0.030375216303206356,0.02880946182805348,0.031199295840819766,0.029455300791120534,0.383503027667575,0.05049577220687847,0.2123530662853366,0.07365147818030895,,,,,,,
2011-12-30,2012-01-31,rr_erc_pathB_loim_vols_histfreq_cat,loim_regime_parity,,0.0012039481274889983,0.0,13,0,1,0.036149643540711034,0.030438540986891444,0.02980905009499471,0.030016929546520632,0.03417347563597968,0.030456199690349087,0.028884531259336807,0.0312884820127066,0.029534374220428348,0.382299079540086,0.050687520866631926,0.21242867276226968,0.0738334998430941,,,,,,,
2012-01-31,2012-02-29,rr_erc_pathB_loim_vols_histfreq_cat,loim_regime_parity,,0.0029029525413473735,1.1102230246251565e-16,13,0,1,0.03611376698615038,0.03032214865958076,0.0297793206132279,0.02989263621089927,0.03422995703779864,0.030373232089091626,0.02873960364050604,0.03112299965916693,0.029529462842380862,0.3839758428493896,0.04934334601668081,0.21359838059249442,0.07297930280263278,,,,,,,
2012-02-29,2012-03-30,rr_erc_pathB_loim_vols_histfreq_cat,loim_regime_parity,,0.005219730426316566,0.0,13,0,1,0.03606622161544477,0.03029303527873608,0.02969441436730334,0.029928217629039293,0.034192884102172194,0.03038827996738371,0.028801480175238578,0.031083089353534463,0.029514152540575735,0.3806076741679506,0.04917971873811274,0.21216430466672392,0.07808652739778467,,,,,,,
2012-03-30,2012-04-30,rr_erc_pathB_loim_vols_histfreq_cat,loim_regime_parity,,0.0019801568888476225,0.0,13,0,1,0.03628844323462417,0.03044742138921984,0.02984300997185231,0.030089541522372434,0.0344049113977954,0.030549376279163116,0.028964178944634243,0.031237825236703032,0.029670001354863196,0.37862751727910293,0.04923355772233517,0.21218675531736508,0.07845746034996907,,,,,,,
2012-04-30,2012-05-31,rr_erc_pathB_loim_vols_histfreq_cat,loim_regime_parity,,0.0,0.0,13,0,1,0.03628844323462417,0.03044742138921984,0.02984300997185231,0.030089541522372434,0.0344049113977954,0.030549376279163116,0.028964178944634243,0.031237825236703032,0.029670001354863196,0.37862751727910293,0.04923355772233517,0.21218675531736508,0.07845746034996907,,,,,,,
2012-05-31,2012-06-29,rr_erc_pathB_loim_vols_histfreq_cat,loim_regime_parity,,0.010306864738475465,0.0,13,0,1,0.03544289318672621,0.029774876132337612,0.028904823014120392,0.029452132842860922,0.03361283108417715,0.02991999631926538,0.028329743115426253,0.030546810703566765,0.02903407619210668,0.3889343820175784,0.04711589245347579,0.21182907574920892,0.07710246718914954,,,,,,,
2012-06-29,2012-07-31,rr_erc_pathB_loim_vols_histfreq_cat,loim_regime_parity,,0.0004977917292584132,0.0,13,0,1,0.035390603026322964,0.029796164033070345,0.02878685288664383,0.02941186053186406,0.033537620590522225,0.029870774765579616,0.028292401760412353,0.03060483525049731,0.029028593370205098,0.38883798165691746,0.04718796545973237,0.2121754820245475,0.07707886464368492,,,,,,,
2012-07-31,2012-08-31,rr_erc_pathB_loim_vols_histfreq_cat,loim_regime_parity,,0.0,0.0,13,0,1,0.035390603026322964,0.029796164033070345,0.02878685288664383,0.02941186053186406,0.033537620590522225,0.029870774765579616,0.028292401760412353,0.03060483525049731,0.029028593370205098,0.38883798165691746,0.04718796545973237,0.2121754820245475,0.07707886464368492,,,,,,,
2012-08-31,2012-09-28,rr_erc_pathB_loim_vols_histfreq_cat,loim_regime_parity,,0.0,0.0,13,0,1,0.035390603026322964,0.029796164033070345,0.02878685288664383,0.02941186053186406,0.033537620590522225,0.029870774765579616,0.028292401760412353,0.03060483525049731,0.029028593370205098,0.38883798165691746,0.04718796545973237,0.2121754820245475,0.07707886464368492,,,,,,,
2012-09-28,2012-10-31,rr_erc_pathB_loim_vols_histfreq_cat,loim_regime_parity,,0.0,0.0,13,0,1,0.035390603026322964,0.029796164033070345,0.02878685288664383,0.02941186053186406,0.033537620590522225,0.029870774765579616,0.028292401760412353,0.03060483525049731,0.029028593370205098,0.38883798165691746,0.04718796545973237,0.2121754820245475,0.07707886464368492,,,,,,,
2012-10-31,2012-11-30,rr_erc_pathB_loim_vols_histfreq_cat,loim_regime_parity,,0.0,0.0,13,0,1,0.035390603026322964,0.029796164033070345,0.02878685288664383,0.02941186053186406,0.033537620590522225,0.029870774765579616,0.028292401760412353,0.03060483525049731,0.029028593370205098,0.38883798165691746,0.04718796545973237,0.2121754820245475,0.07707886464368492,,,,,,,
2012-11-30,2012-12-31,rr_erc_pathB_loim_vols_histfreq_cat,loim_regime_parity,,0.1320163715311607,0.0,14,0,1,0.025537103998381785,0.022052760267057096,0.022036778473305724,0.020579337836293607,0.025568283614064616,0.02118482783336844,0.020640915522725,0.022024294924423038,0.022744480456790665,0.36376643652065843,0.02080344935227258,0.22104660808913268,0.06886947764495087,0.1231452454665755,,,,,,
2012-12-31,2013-01-31,rr_erc_pathB_loim_vols_histfreq_cat,loim_regime_parity,,0.19564075817656496,0.0,15,0,1,0.023841956206141796,0.020873439766870887,0.021090292603151033,0.01960031100870622,0.02406439748613506,0.020193599413869685,0.019736928896167107,0.02071899169007619,0.02155537731302788,0.26682138979665637,0.018647336096295423,0.169509447774545,0.058127854095383735,0.09957791967640876,0.195640758176565,,,,,
2013-01-31,2013-02-28,rr_erc_pathB_loim_vols_histfreq_cat,loim_regime_parity,,0.0022421067786322652,0.0,15,0,1,0.023736929026965628,0.0208122928991183,0.020968277206532018,0.01954909803571683,0.023963119809384835,0.020159954135061622,0.019673376939191144,0.020662829776960684,0.02148597247850356,0.268935784742243,0.018341847369707374,0.16963715960759054,0.05772722981481765,0.09900977584934556,0.19533635230886123,,,,,
2013-02-28,2013-03-28,rr_erc_pathB_loim_vols_histfreq_cat,loim_regime_parity,,0.0006164427520234592,1.1102230246251565e-16,15,0,1,0.023771490088702482,0.020836767976170553,0.02099173118619701,0.019571471917223596,0.02399538018909534,0.02018136603608755,0.019695881455977882,0.02068665504084515,0.021513563238808455,0.2683420528903427,0.018362062174919588,0.16961444870746745,0.05782552077795532,0.09914544374042403,0.1954661645797829,,,,,
2013-03-28,2013-04-30,rr_erc_pathB_loim_vols_histfreq_cat,loim_regime_parity,,0.0008167075637644308,0.0,15,0,1,0.02371384249876176,0.020782223903175395,0.020995023171945362,0.01953807093133238,0.023928401000997083,0.020140301348951582,0.019671311986679693,0.02064510907290065,0.02145060772969258,0.26790805279699825,0.01838430047803418,0.1696798133318295,0.05813080120048559,0.09928661325766447,0.1957455272905516,,,,,
2013-04-30,2013-05-31,rr_erc_pathB_loim_vols_histfreq_cat,loim_regime_parity,,0.08651366855765574,2.220446049250313e-16,15,0,1,0.027562069935501327,0.025135707603230424,0.025823594968126,0.024315363113223465,0.027846831444312197,0.024464931805565217,0.02505472646187039,0.02467987554727467,0.02663160914524504,0.2123083706023529,0.01919024928411438,0.15678281723823276,0.07245974923555817,0.13001556659425498,0.17772853702113794,,,,,
2013-05-31,2013-06-28,rr_erc_pathB_loim_vols_histfreq_cat,loim_regime_parity,,0.027653877571877813,0.0,15,0,1,0.03176756894814538,0.02736604386270129,0.025967773556471084,0.027566310338679696,0.03204297301465159,0.028206206761199396,0.02796380449692375,0.027172440217770013,0.028606582603973134,0.21362186231076752,0.020240798919453566,0.15368429890739027,0.07260459168751558,0.12425414294106236,0.15893460143329544,,,,,
2013-06-28,2013-07-31,rr_erc_pathB_loim_vols_histfreq_cat,loim_regime_parity,,0.03692512252402227,0.0,15,0,1,0.034728564008870685,0.029329907513005037,0.029047065053983162,0.030113944267325464,0.03513489565327144,0.030529734606104256,0.03086243315657091,0.028944890233969657,0.030711492865387137,0.22439639499156708,0.02234157340135978,0.15499089071073435,0.06213148132805168,0.11928729222588155,0.1374494399839179,,,,,
2013-07-31,2013-08-30,rr_erc_pathB_loim_vols_histfreq_cat,loim_regime_parity,,0.01313259252430263,0.0,15,0,1,0.0336776430896987,0.028630568634040985,0.028478088916590316,0.029146349111862445,0.033905129527551654,0.02924292874917938,0.030120828005467136,0.02830504923389593,0.030100863448494317,0.23394495636100776,0.02192328198858204,0.1557388737162138,0.06496752947743416,0.1182262831116109,0.13359162662837054,,,,,
2013-08-30,2013-09-30,rr_erc_pathB_loim_vols_histfreq_cat,loim_regime_parity,,0.08477122273763978,0.0,16,0,1,0.032498985369504824,0.02816565751607325,0.02791393236951014,0.028458556143250782,0.03171246095460211,0.02929580245763845,0.028545434672073045,0.028312556664143396,0.028884438820639777,0.21210978866075733,0.02450503317471464,0.13926569363422925,0.057601656992686226,0.10742951168789164,0.11317140046948454,0.08212909041280059,,,,
2013-09-30,2013-10-31,rr_erc_pathB_loim_vols_histfreq_cat,loim_regime_parity,,0.010565037689329227,0.0,16,0,1,0.032947152348063224,0.028136845337120377,0.026532961989746282,0.02795728710807563,0.03318991711074587,0.02939656664133544,0.028132601234535967,0.028126199826249514,0.029225156355576556,0.20975700923856347,0.028450013277686047,0.13710869901606332,0.05499381338009656,0.10897397287388358,0.11587989201651458,0.08119191224574375,,,,
2013-10-31,2013-11-29,rr_erc_pathB_loim_vols_histfreq_cat,loim_regime_parity,,0.003711642274773261,1.1102230246251565e-16,16,0,1,0.03238539317845177,0.028262602303303894,0.026577814036007983,0.028268088575128685,0.03260125711176921,0.02966838654451179,0.028307755506951998,0.028374458765039166,0.029001921454753728,0.20973590343824314,0.029384885206613053,0.13637648181291895,0.05486708226491583,0.10888585542838863,0.11451007537529256,0.08279203899770951,,,,
2013-11-29,2013-12-31,rr_erc_pathB_loim_vols_histfreq_cat,loim_regime_parity,,0.002074911879510165,0.0,16,0,1,0.032658591076430536,0.028327735755828132,0.026679888939453472,0.028489448959943393,0.03287878813595216,0.029945807471251203,0.028539354045346944,0.02846008001455729,0.028983468868999523,0.20830782848622237,0.029140715376764114,0.13637087707350476,0.05514491212684784,0.1091489990683682,0.1142489740699611,0.08267453053056907,,,,
2013-12-31,2014-01-31,rr_erc_pathB_loim_vols_histfreq_cat,loim_regime_parity,,0.011232868662558551,0.0,16,0,1,0.03236182107371027,0.028049129998563967,0.02649925492756897,0.027934382657199015,0.03242538348366865,0.029273874479480228,0.02796474660299347,0.028239580579974048,0.028659505736422418,0.20477193359462526,0.028649614524461103,0.13455108037174665,0.05470288802792703,0.1077604306785703,0.1143173009735161,0.09383907228957261,,,,
2014-01-31,2014-02-28,rr_erc_pathB_loim_vols_histfreq_cat,loim_regime_parity,,0.004223693893234182,0.0,16,0,1,0.031979830766862664,0.027736841738158224,0.026136400130163575,0.02770225961064744,0.03203237204198716,0.029011008881576813,0.027684305552870745,0.027974500443332193,0.028427541431856617,0.20847675535558072,0.028362068306084887,0.13506995250402537,0.05425903055889376,0.10768346431447898,0.1141004550529941,0.09336321331048685,,,,
2014-02-28,2014-03-31,rr_erc_pathB_loim_vols_histfreq_cat,loim_regime_parity,,0.007208799679840635,0.0,16,0,1,0.0315036566050672,0.027363403267253048,0.025596962594907572,0.027720928261629814,0.03189688695774302,0.029148326781203385,0.027730164292303267,0.027426498581226973,0.02822380756959301,0.2108511619664294,0.027118617459683,0.13692338224889616,0.05341224136861357,0.10862594302485992,0.11125816638640507,0.09519985263418553,,,,
2014-03-31,2014-04-30,rr_erc_pathB_loim_vols_histfreq_cat,loim_regime_parity,,0.002293333731705899,1.1102230246251565e-16,16,0,1,0.03162026031383549,0.027304715849470012,0.025638944812328125,0.02761120692423193,0.03242507964226151,0.028934086696304165,0.027869010810797266,0.027202378139512408,0.028404983878050103,0.21037602723101276,0.027129885065726046,0.13654434242908084,0.05367463461122066,0.10821443921931898,0.11227103783180237,0.0947789665450473,,,,
2014-04-30,2014-05-30,rr_erc_pathB_loim_vols_histfreq_cat,loim_regime_parity,,0.001337565084649113,2.220446049250313e-16,16,0,1,0.03160444853905446,0.02715719609799123,0.025675534451139015,0.027343688768436493,0.032476360142959376,0.02856237195777546,0.027658339894746566,0.0270049849013631,0.028355245800561587,0.21098438508594428,0.02705469749058515,0.13688011464799457,0.05373451759858209,0.10828148185583208,0.11226902697456666,0.0949576057924678,,,,
2014-05-30,2014-06-30,rr_erc_pathB_loim_vols_histfreq_cat,loim_regime_parity,,0.0026350931166878085,0.0,16,0,1,0.031568133017193564,0.02728036298625859,0.025716435729713626,0.02766303652181715,0.03267996262382934,0.02890496533951711,0.02799624430913178,0.027038072639035907,0.028534773917877704,0.20972958149796625,0.027703572210786512,0.13633525469115898,0.05378507415618128,0.10863701164251093,0.11215160429009373,0.09427591442692762,,,,
2014-06-30,2014-07-31,rr_erc_pathB_loim_vols_histfreq_cat,loim_regime_parity,,0.001955604634934882,1.1102230246251565e-16,16,0,1,0.031597641516724354,0.02714778256231252,0.02575099159579683,0.027393184332728693,0.03271287321376666,0.028497512313163505,0.027848141504923565,0.02695214816008922,0.02838101803882723,0.2101432538984803,0.027355762355449363,0.13680956899890767,0.05404995287568952,0.10934277589412333,0.11199735874997546,0.09402003398904159,,,,
2014-07-31,2014-08-29,rr_erc_pathB_loim_vols_histfreq_cat,loim_regime_parity,,0.006721536069183418,0.0,16,0,1,0.03207041808854006,0.026679149008438128,0.02623759484071337,0.026136100950958897,0.03319543170240384,0.02699642645051581,0.026566865577523576,0.026587563150652065,0.027778950448074907,0.21164906794825014,0.02652515741423405,0.13639336919682105,0.05556918733254276,0.11006718154814583,0.1120696132781419,0.09547792306404357,,,,
2014-08-29,2014-09-30,rr_erc_pathB_loim_vols_histfreq_cat,loim_regime_parity,,0.008433581197787159,0.0,16,0,1,0.031959925235919125,0.026564537820189364,0.02718245188231895,0.026092755523678582,0.03323398363836806,0.027001344288014536,0.02660658925027083,0.026381878919715693,0.027680531531400692,0.2052423810241248,0.02790576690367395,0.13586904366540173,0.05617472102377128,0.1120505712753928,0.11113959715166005,0.09891392086609961,,,,
2014-09-30,2014-10-31,rr_erc_pathB_loim_vols_histfreq_cat,loim_regime_parity,,0.010605423638025354,1.1102230246251565e-16,16,0,1,0.03324178356887499,0.02650955911901289,0.027793221050451077,0.02537278074733654,0.03425239907515041,0.02667976311733909,0.02541585128833736,0.026791587703750893,0.027188417562927798,0.2055712152971888,0.02685714777232184,0.13904338727379473,0.05890150852364474,0.11310527781018202,0.10907871510437546,0.09419738498531129,,,,
2014-10-31,2014-11-28,rr_erc_pathB_loim_vols_histfreq_cat,loim_regime_parity,,0.037404948638910945,0.0,17,0,1,0.0335229547484634,0.02694906168609981,0.02629688263862594,0.025525259838420983,0.03479820240920048,0.0265750291222047,0.02558977674245201,0.02744814456696773,0.027493043707825498,0.19385187214312358,0.028249196140521526,0.1310669980269562,0.05682038213632474,0.10655615920695602,0.10378450772071734,0.09201369352846778,0.033458835636672166,,,
2014-11-28,2014-12-31,rr_erc_pathB_loim_vols_histfreq_cat,loim_regime_parity,,0.0011554527918044878,0.0,17,0,1,0.03347950577219441,0.026955601621466443,0.026349523779122686,0.025588489349123465,0.03476409577750821,0.02664775901706596,0.02565610785719537,0.027421740827384276,0.027520351926549023,0.19299965950566725,0.028407977504524683,0.13086771722015283,0.05690763957737252,0.10662504037839836,0.10396389878414769,0.09223619541487593,0.033608695687250945,,,
2014-12-31,2015-01-30,rr_erc_pathB_loim_vols_histfreq_cat,loim_regime_parity,,0.015561097521130864,2.220446049250313e-16,17,0,1,0.033555873378974976,0.02711986974842526,0.026310979346012845,0.025862138747224223,0.03489481112234908,0.026925624317480624,0.025932578005185527,0.02753686159213791,0.027725510684834125,0.17753205235168956,0.028516750231488544,0.13480845716070183,0.058043415635363145,0.10865798044221238,0.10935327076192637,0.09367007672078581,0.033553749753207594,,,
2015-01-30,2015-02-27,rr_erc_pathB_loim_vols_histfreq_cat,loim_regime_parity,,0.005071515042261495,1.1102230246251565e-16,17,0,1,0.03422987879001938,0.02741152977325504,0.026376358033444656,0.02625936559101339,0.03579863374335586,0.027225135203425323,0.026491282182878155,0.027738847823700192,0.028118362539438647,0.1755229123168119,0.028909121329631464,0.13402697740862232,0.05850448787143718,0.10829065414676835,0.10797425136339978,0.09313552715945218,0.03398667472334603,,,
2015-02-27,2015-03-31,rr_erc_pathB_loim_vols_histfreq_cat,loim_regime_parity,,0.002906222224829518,0.0,17,0,1,0.03395342813880967,0.027231926103524377,0.026138653464413648,0.02610516798814864,0.03556763691276223,0.02703743189174966,0.026364845575221986,0.02754068966469396,0.027968386892309828,0.17832745900661595,0.028809849514302738,0.1339388479682701,0.05819298059829812,0.10804790313285309,0.10807592689842524,0.09277783469042226,0.03392103155917844,,,
2015-03-31,2015-04-30,rr_erc_pathB_loim_vols_histfreq_cat,loim_regime_parity,,0.0016579562118219458,1.1102230246251565e-16,17,0,1,0.03374057026308879,0.027366724732682965,0.026115075073869957,0.026250452568096883,0.03533916385190475,0.02723788073544074,0.026482337799788647,0.0276714555130382,0.027949041209615944,0.17879361868743196,0.028614192096749605,0.134242851160873,0.058088439165621605,0.10820690634554729,0.10795782801986227,0.09231863246084554,0.03362483031554185,,,
2015-04-30,2015-05-29,rr_erc_pathB_loim_vols_histfreq_cat,loim_regime_parity,,0.056757808808846566,0.0,18,0,1,0.03162437615627108,0.025446080915144755,0.024594271186325484,0.02431186847605716,0.033181310641732305,0.02514702889149566,0.02456555765523241,0.025786051642754833,0.026058960264277387,0.17090384310541729,0.027313864011714106,0.12732809948292295,0.05481302362858665,0.10173705415768643,0.10013961912798117,0.08833416268023662,0.03195701916731719,0.056757808808846504,,
2015-05-29,2015-06-30,rr_erc_pathB_loim_vols_histfreq_cat,loim_regime_parity,,0.0019873903979143823,0.0,18,0,1,0.03180117917206605,0.02562251903019576,0.024690107807916497,0.024511139276419312,0.03330854354186937,0.025420887008206612,0.024642639995047337,0.02600278294754687,0.026214416635357857,0.1706640849144983,0.02735871310292062,0.12696114081689544,0.05491732767953738,0.10164045277009869,0.09911553626659235,0.08823406579450832,0.03179712676105419,0.057097336479269074,,
2015-06-30,2015-07-31,rr_erc_pathB_loim_vols_histfreq_cat,loim_regime_parity,,0.007462793394884051,2.220446049250313e-16,18,0,1,0.03162651070958209,0.025806380497540853,0.024665934647420427,0.025225128402668915,0.03297293756357276,0.026373203320664444,0.025314655182031097,0.02625178285429741,0.026180480701124432,0.16868069807732877,0.02984010862115372,0.12505654924575813,0.054831589121504966,0.10142935324449281,0.09675572151762055,0.08978917745207185,0.03245223098035459,0.05674755786081205,,
2015-07-31,2015-08-31,rr_erc_pathB_loim_vols_histfreq_cat,loim_regime_parity,,0.0016965086785023526,2.220446049250313e-16,18,0,1,0.03176339943021009,0.025810299241578443,0.024730751311362095,0.025167790278876185,0.03299146205783627,0.02639672493162335,0.02516811419160629,0.026337527697225468,0.026091902427292743,0.16903152529761373,0.029217558652574208,0.12530920985265123,0.054976842236895994,0.10120848757746508,0.09737007417679606,0.08972834001646392,0.03226613451542663,0.056433856106502055,,
2015-08-31,2015-09-30,rr_erc_pathB_loim_vols_histfreq_cat,loim_regime_parity,,0.009862062349806437,1.1102230246251565e-16,18,0,1,0.030125057319592346,0.025362217071486212,0.02398061122452263,0.02465101800611422,0.03133483466002373,0.025521735782567646,0.025249503551951276,0.02546617122549829,0.026019615741457943,0.17268183746145202,0.03129583898549789,0.1277068181571972,0.05467411113611501,0.10206225066503671,0.09502446416688609,0.09052904911704578,0.03205550054658662,0.05625936518096831,,
2015-09-30,2015-10-30,rr_erc_pathB_loim_vols_histfreq_cat,loim_regime_parity,,0.007977346009020227,0.0,18,0,1,0.029681421528166732,0.024917392378172306,0.023544176101270433,0.024170590820177806,0.030879572303234154,0.025006538911732306,0.024936299611773977,0.02508020487810926,0.02558355703968726,0.17545016705286126,0.03144383669291794,0.12982234326832964,0.05475895198502905,0.10492290341518119,0.09499435637339403,0.08927558519738817,0.03141425126833634,0.05411785117423822,,
2015-10-30,2015-11-30,rr_erc_pathB_loim_vols_histfreq_cat,loim_regime_parity,,0.01406039835836752,1.1102230246251565e-16,18,0,1,0.028210511910137917,0.024791624190980174,0.023215745639236757,0.024184778807979382,0.02958679313996654,0.025017691653774113,0.024763496599813972,0.024946782943497142,0.025294063724392697,0.18043526047236652,0.03158069741924009,0.13283621184647865,0.05407869571145174,0.1084779322276612,0.09513161353017374,0.09148253413267607,0.030922727305792926,0.045042838744380365,,
2015-11-30,2015-12-31,rr_erc_pathB_loim_vols_histfreq_cat,loim_regime_parity,,0.002219769845136107,0.0,18,0,1,0.02827092684900995,0.024909403362324237,0.023242433819620982,0.02447082340105756,0.02967388748069832,0.025314363106495437,0.025062619372973553,0.025043699743594734,0.025414467577145317,0.17968273101219379,0.031009764781994475,0.13238772423148545,0.05435795547042133,0.10843299155719174,0.09516080366940602,0.09199866279311932,0.030926782489142476,0.04463995928212532,,
2015-12-31,2016-01-29,rr_erc_pathB_loim_vols_histfreq_cat,loim_regime_parity,,0.0038905600147126646,0.0,18,0,1,0.028361847270879894,0.02469577520109428,0.023365327119533864,0.024009548174878173,0.029757575543243854,0.024874350846993822,0.024482948220337645,0.02496739415604525,0.025018696602913216,0.18017462428164985,0.03139490527885478,0.1333071636421563,0.05568269166673993,0.10812807826554417,0.0940088566965,0.09183647194457052,0.031398631346221006,0.04453511374184353,,
2016-01-29,2016-02-29,rr_erc_pathB_loim_vols_histfreq_cat,loim_regime_parity,,0.0,0.0,18,0,1,0.028361847270879894,0.02469577520109428,0.023365327119533864,0.024009548174878173,0.029757575543243854,0.024874350846993822,0.024482948220337645,0.02496739415604525,0.025018696602913216,0.18017462428164985,0.03139490527885478,0.1333071636421563,0.05568269166673993,0.10812807826554417,0.0940088566965,0.09183647194457052,0.031398631346221006,0.04453511374184353,,
2016-02-29,2016-03-31,rr_erc_pathB_loim_vols_histfreq_cat,loim_regime_parity,,0.0014740378501340596,0.0,18,0,1,0.028498858149177218,0.02473941382695879,0.02365108779945447,0.02409154054777213,0.02985523031075539,0.025003982968550217,0.024486543161240788,0.02502021483995717,0.025036063143370087,0.17969027874946447,0.03129156804066203,0.1330105242744684,0.05614523480220806,0.1082733983089987,0.09371966478259525,0.09174245581676661,0.03141533440611621,0.04432860607148422,,
2016-03-31,2016-04-29,rr_erc_pathB_loim_vols_histfreq_cat,loim_regime_parity,,0.0,0.0,18,0,1,0.028498858149177218,0.02473941382695879,0.02365108779945447,0.02409154054777213,0.02985523031075539,0.025003982968550217,0.024486543161240788,0.02502021483995717,0.025036063143370087,0.17969027874946447,0.03129156804066203,0.1330105242744684,0.05614523480220806,0.1082733983089987,0.09371966478259525,0.09174245581676661,0.03141533440611621,0.04432860607148422,,
2016-04-29,2016-05-31,rr_erc_pathB_loim_vols_histfreq_cat,loim_regime_parity,,0.0003052458675908004,0.0,18,0,1,0.02846795501030203,0.024713551332560688,0.02363974270306393,0.02406553125876053,0.030068672838267852,0.02497444122749969,0.024461804409748104,0.02499264908370389,0.02501265073892221,0.1797412001509319,0.03126270039575624,0.13301881205195054,0.05610591703835653,0.10825495394699773,0.09373684845023159,0.09175740429330967,0.031415796423065544,0.044309368646571444,,
2016-05-31,2016-06-30,rr_erc_pathB_loim_vols_histfreq_cat,loim_regime_parity,,0.0,0.0,18,0,1,0.02846795501030203,0.024713551332560688,0.02363974270306393,0.02406553125876053,0.030068672838267852,0.02497444122749969,0.024461804409748104,0.02499264908370389,0.02501265073892221,0.1797412001509319,0.03126270039575624,0.13301881205195054,0.05610591703835653,0.10825495394699773,0.09373684845023159,0.09175740429330967,0.031415796423065544,0.044309368646571444,,
2016-06-30,2016-07-29,rr_erc_pathB_loim_vols_histfreq_cat,loim_regime_parity,,0.009552778537095212,1.1102230246251565e-16,18,0,1,0.02937883431894611,0.02550255211975366,0.024929536568817044,0.024722599278842402,0.030813342409418153,0.025716738733107487,0.02502446896531141,0.025838224329576966,0.025698100221337172,0.17602131493158915,0.031014725376889457,0.13144971055662338,0.05766248840137228,0.1076793631920663,0.09110614927586402,0.0922899553629318,0.03060626954880597,0.04454562640874714,,
2016-07-29,2016-08-31,rr_erc_pathB_loim_vols_histfreq_cat,loim_regime_parity,,0.03731643346777642,2.220446049250313e-16,19,0,1,0.027797737839976945,0.02450781268942232,0.024254137295202358,0.023851218805011846,0.029452256501000144,0.025109158501388267,0.023701326060086073,0.024834591122723796,0.024452089550487284,0.16519484652038555,0.03672639636193677,0.12762753945115693,0.05617113044836982,0.10678868538970336,0.08545832918176588,0.0930997935615703,0.028464754105003598,0.04171327233071808,0.030794924284090523,
2016-08-31,2016-09-30,rr_erc_pathB_loim_vols_histfreq_cat,loim_regime_parity,,0.0015963183611684435,1.1102230246251565e-16,19,0,1,0.02780647969463745,0.02453573806665519,0.02437650530846984,0.02396389443593065,0.029523187765130025,0.025222543912006727,0.02384170062354377,0.024858898101219537,0.02447343826288328,0.16409067934408741,0.036633711341236996,0.1274101154528508,0.05638354513639489,0.10674766695540643,0.08576117140389629,0.09320780221920098,0.028579440485794406,0.04192958093813214,0.03065390055252317,
2016-09-30,2016-10-31,rr_erc_pathB_loim_vols_histfreq_cat,loim_regime_parity,,0.00035694469532672295,2.220446049250313e-16,19,0,1,0.027805431271012995,0.02453640913498627,0.024396759128842215,0.023972873624204034,0.029515090057597327,0.025230775635833497,0.023850140940716358,0.02485077285501032,0.024474959400690825,0.16390700005167463,0.03673773086486319,0.12736155670489563,0.056375440426376065,0.10670761090974228,0.08571198810140775,0.09334845598023002,0.028623743836013026,0.041949451742801125,0.030643809333102255,
2016-10-31,2016-11-30,rr_erc_pathB_loim_vols_histfreq_cat,loim_regime_parity,,0.008082722914732067,1.1102230246251565e-16,19,0,1,0.02802683137037799,0.02453669878151114,0.024861213650762153,0.023632273811747803,0.029878661165601266,0.024438968366860842,0.02379888753650557,0.024674436800590078,0.024708485038766964,0.16018568566185504,0.03801386975989347,0.12622321622054503,0.056370579046282815,0.10802997838492115,0.083928130914589,0.09636310730728576,0.029372157035341302,0.04238736274705014,0.030569456399512404,
2016-11-30,2016-12-30,rr_erc_pathB_loim_vols_histfreq_cat,loim_regime_parity,,0.007969958885414082,0.0,19,0,1,0.028522399373272035,0.025161578165506827,0.025003210612159297,0.0244582378474334,0.03063098697234435,0.02527847982425909,0.02480448991715708,0.025201783256818242,0.025464607731767598,0.15637931717192666,0.038112180263011546,0.12398059629643526,0.0558195027666778,0.10713058086664219,0.0835866162435694,0.09703821664652466,0.029243175032869044,0.043136319474851643,0.031047721536773886,
2016-12-30,2017-01-31,rr_erc_pathB_loim_vols_histfreq_cat,loim_regime_parity,,0.0015893411558250692,1.1102230246251565e-16,19,0,1,0.028562501620298247,0.025248707467835838,0.024953763742004743,0.024420990403082366,0.03058353346870404,0.025248352758108356,0.02467699321401462,0.02530442874011541,0.025530918668566934,0.15729721251319315,0.0380046357600946,0.12405355017527891,0.05512614518397055,0.10715969936741788,0.08350883523687104,0.09731140211201209,0.0290560338132944,0.042925709310531315,0.031026586444605462,
2017-01-31,2017-02-28,rr_erc_pathB_loim_vols_histfreq_cat,loim_regime_parity,,0.0016862029132549208,2.220446049250313e-16,19,0,1,0.028571426770494374,0.02523614447527734,0.024837439336266882,0.024566547659587996,0.03073544004692129,0.025369597233809382,0.024943812647300563,0.025241256957438733,0.02558207519858261,0.15729020222570514,0.03730125471046878,0.12445102066178783,0.05497656673036467,0.10748030221030312,0.08363421394224627,0.09684247246543501,0.028891705604236394,0.042924793224604206,0.03112372789916923,
2017-02-28,2017-03-31,rr_erc_pathB_loim_vols_histfreq_cat,loim_regime_parity,,0.006369471948246953,0.0,19,0,1,0.02818498738984326,0.02511147436923685,0.024872952949877274,0.02459714721490956,0.03026454535872096,0.02538082729952161,0.02504663075858857,0.025064338731570636,0.025526432839548887,0.15658874272995943,0.036804867258443445,0.12339032806140639,0.054528685003009836,0.1067315464054152,0.08282580678293405,0.0968092640719888,0.02868772452183061,0.04911410382691894,0.030469594426275677,
2017-03-31,2017-04-28,rr_erc_pathB_loim_vols_histfreq_cat,loim_regime_parity,,0.0010433849235466502,0.0,19,0,1,0.028182741314065205,0.025098813247140934,0.025074590526179864,0.0245973157396495,0.03013213268356955,0.02542052837255104,0.02499939473519467,0.025078993278781814,0.025472920693126205,0.1564545412153545,0.036454097613334686,0.12329794059239223,0.05478206634680124,0.10674553092092708,0.08272310560685044,0.09706266058130611,0.02895418535547352,0.049024082647594114,0.030444358529707286,
2017-04-28,2017-05-31,rr_erc_pathB_loim_vols_histfreq_cat,loim_regime_parity,,0.0008777906281623379,0.0,19,0,1,0.02822444925338913,0.02514019965599081,0.025044589243171364,0.024626592081149624,0.03023851231733876,0.025433666426617946,0.025051011089875248,0.025092262406183764,0.025555731663513416,0.15618262457877236,0.03657697037379155,0.12295674441031886,0.05481896408023562,0.10659595776624435,0.08264633675569286,0.09718482621757649,0.028945850834815563,0.04918050114708567,0.030504209698236737,
2017-05-31,2017-06-30,rr_erc_pathB_loim_vols_histfreq_cat,loim_regime_parity,,0.00032033909911722246,1.1102230246251565e-16,19,0,1,0.02822632387432255,0.02515894726241361,0.02502159829177106,0.024666461612118346,0.03026621299687766,0.025471535176138524,0.025100317398191192,0.025091803250869005,0.02558738287557071,0.15607608393798283,0.03659627171596612,0.1228768232987429,0.05477104076927958,0.10653971547561547,0.08265722191120253,0.09726104537476668,0.028940519380834095,0.04918741588357071,0.030503279513766465,
2017-06-30,2017-07-31,rr_erc_pathB_loim_vols_histfreq_cat,loim_regime_parity,,0.00015611453956417172,0.0,19,0,1,0.028237043389911818,0.0251655355778687,0.025009467757958186,0.024664467085428517,0.03026976636711819,0.025469466491886982,0.025099684492349686,0.025100770386228016,0.025592674629832838,0.15599044372375,0.03659693315532294,0.12284372806435283,0.05478362595870542,0.10654001816187593,0.08263913551353091,0.09732733286456262,0.028938053338160213,0.04920981454371002,0.030522038497446145,
2017-07-31,2017-08-31,rr_erc_pathB_loim_vols_histfreq_cat,loim_regime_parity,,0.001117433406902001,2.220446049250313e-16,19,0,1,0.028230530889183456,0.025214125963881007,0.02495474350746354,0.02473165879838523,0.030304513536754764,0.025523198331653056,0.025180893099218563,0.02515359424221882,0.025655891382912466,0.15635328862034234,0.036246296825856957,0.12268940289224416,0.054715452110280734,0.10630802940648804,0.08281810868691519,0.09722370448083427,0.028790609171596843,0.04934404372325122,0.030561914330519177,
2017-08-31,2017-09-29,rr_erc_pathB_loim_vols_histfreq_cat,loim_regime_parity,,0.0003752247750466939,2.220446049250313e-16,19,0,1,0.028215165136715483,0.025189116687320896,0.024941900724458455,0.024705466839330448,0.030272248993517704,0.025491704895568103,0.025141807598637215,0.025135295831634964,0.02561666128737103,0.15656299957724384,0.03620804181727518,0.12280323126302896,0.0547043375071918,0.1062921699438475,0.08282670841746063,0.09726566634155394,0.028791733027692112,0.04929354738980191,0.030542196720349628,
2017-09-29,2017-10-31,rr_erc_pathB_loim_vols_histfreq_cat,loim_regime_parity,,0.0015150733829410283,1.1102230246251565e-16,19,0,1,0.02818999774127136,0.025105472764461793,0.024856482024553674,0.0244820853881187,0.030162383832069907,0.025260231649878916,0.024831484011343743,0.02505435632760246,0.025517057560042595,0.15742888375183117,0.03617532961629318,0.12316555733410893,0.05461557216994171,0.1064412264572231,0.0828898198552711,0.09734036152764165,0.02878917104478677,0.04918407284167112,0.030510454101888133,
2017-10-31,2017-11-30,rr_erc_pathB_loim_vols_histfreq_cat,loim_regime_parity,,0.00013879443549652537,0.0,19,0,1,0.028180892118763682,0.02510433971672698,0.024850867772426954,0.024492302628465894,0.03016415006401869,0.02526614011575979,0.02484656679722268,0.02503881882060524,0.025526320313324836,0.15740096596733377,0.0361557983948409,0.12316169383818228,0.05461900903639207,0.10644487843521025,0.08291137361849522,0.09729755364250284,0.02883864385946392,0.04920251437749079,0.03049717048277327,
2017-11-30,2017-12-29,rr_erc_pathB_loim_vols_histfreq_cat,loim_regime_parity,,0.001274868669728797,0.0,19,0,1,0.028081040679322038,0.024996511723521672,0.024913694692738513,0.02443862316808303,0.02999974945855721,0.025210413467362292,0.024774210747076704,0.024925197424038297,0.02540640983418145,0.1574696558013395,0.03600974965320471,0.12352634223324668,0.05471005883069302,0.10711580349855797,0.08291560513020699,0.09725597049462312,0.028721576857254287,0.04921501152847738,0.03031437477751504,
2017-12-29,2018-01-31,rr_erc_pathB_loim_vols_histfreq_cat,loim_regime_parity,,0.0005039167886251843,0.0,19,0,1,0.028090260690372904,0.025021242083791348,0.024902216049538295,0.024483877252267656,0.02998223072926917,0.02526193368158428,0.024828398739340833,0.02496421814134581,0.025419644803184024,0.1574624586822952,0.03595345463560157,0.12345448441624014,0.05467800501820894,0.10725438293497924,0.08279562025804173,0.09710603970618042,0.028683976867863514,0.049304181744353734,0.030353373565541353,
2018-01-31,2018-02-28,rr_erc_pathB_loim_vols_histfreq_cat,loim_regime_parity,,0.001876649828778311,0.0,19,0,1,0.027875439855037938,0.02494310584852991,0.02468494919402991,0.02445838221866072,0.02983797634990675,0.025187127110066147,0.024863616282817032,0.02480975328817375,0.025415956622763542,0.15808383893125486,0.03562511041153526,0.12411691582371036,0.05450143523616108,0.10758858708437742,0.08295915086779698,0.09714823647815013,0.02841827632453265,0.049321870842102815,0.030160271230392884,
2018-02-28,2018-03-29,rr_erc_pathB_loim_vols_histfreq_cat,loim_regime_parity,,0.007150457638083349,0.0,19,0,1,0.02764926701814598,0.024819192322964194,0.024375540108145476,0.02447106098954241,0.02894548898298179,0.025307356038725963,0.024661259971182792,0.0248924969057985,0.02498064761205548,0.15887853434620036,0.037784081257567964,0.12273709424687247,0.054794680878721136,0.10673011732329687,0.08066401831862434,0.09958347139860249,0.029670935821459042,0.049227672360575646,0.02982708409853708,
2018-03-29,2018-04-30,rr_erc_pathB_loim_vols_histfreq_cat,loim_regime_parity,,0.00018162182683939022,2.220446049250313e-16,19,0,1,0.02767421859462837,0.02482589045842646,0.024385756523727875,0.024472813817913865,0.028968724922699376,0.025305181024531376,0.024662702236989346,0.0248997070877342,0.02498679001946692,0.158764688398086,0.0377881545502896,0.12270136326762933,0.054819949899554535,0.10675178394141815,0.08067317532466366,0.09955360151331523,0.029672023109580906,0.049246842990784606,0.029846632318560034,
2018-04-30,2018-05-31,rr_erc_pathB_loim_vols_histfreq_cat,loim_regime_parity,,0.002856709542638239,0.0,19,0,1,0.02775341440534128,0.02485080618051627,0.024617387538608336,0.024588672508340244,0.029053261337435243,0.025345869296569578,0.024869644834419277,0.024833246032334964,0.025089764016946778,0.1580145524292149,0.038196578471931565,0.12173103021493076,0.05512070578434232,0.10642662813072122,0.08020016424880758,0.10044900750448958,0.02942169760017362,0.04961222421602529,0.029825345248851193,
2018-05-31,2018-06-29,rr_erc_pathB_loim_vols_histfreq_cat,loim_regime_parity,,0.0026740595974084104,0.0,19,0,1,0.02778518299115792,0.024822192833924443,0.0250064625714253,0.024331173914840694,0.029337795696051706,0.025012463577360047,0.02461939354362019,0.024752742827420626,0.025130175426675675,0.15684251276257216,0.03809022749556311,0.12128563341554793,0.055138581787608866,0.10660488911359578,0.08026194842056851,0.10064350135420835,0.030434419345506714,0.04996341315450928,0.029937289767842813,
2018-06-29,2018-07-31,rr_erc_pathB_loim_vols_histfreq_cat,loim_regime_parity,,0.0009687137860695787,0.0,19,0,1,0.02779035697881795,0.024831165422267616,0.024938220151969552,0.024335385657146852,0.029324166695267304,0.025032437787809194,0.024622012974245037,0.024741097486896676,0.025138267193237744,0.15706376055948024,0.03781571132530882,0.1213698961722086,0.05510896015068209,0.10642854946459114,0.08005459640332742,0.10112538059371282,0.030247051793627938,0.050079202559955585,0.029953780629447372,
2018-07-31,2018-08-31,rr_erc_pathB_loim_vols_histfreq_cat,loim_regime_parity,,0.0015911026886085682,0.0,19,0,1,0.027658671487175292,0.024831887778021696,0.024864009281210575,0.02434785340602478,0.029127661302491083,0.024979818588448954,0.024618026704618285,0.02476023385441415,0.025106743333165076,0.15784461981475084,0.03789613899508693,0.12157616591508429,0.05502903512180026,0.10603312450104607,0.07995814785240087,0.10161660014224755,0.03001051602441793,0.04995967027180466,0.02978107562579075,
2018-08-31,2018-09-28,rr_erc_pathB_loim_vols_histfreq_cat,loim_regime_parity,,0.001976140335193055,1.1102230246251565e-16,19,0,1,0.02759178867927653,0.024791038690281486,0.02509306060851301,0.024258351727693164,0.029182736392445806,0.024763132561384685,0.024636683125417825,0.024632950220584145,0.025161991515570033,0.15718523104002627,0.038256800801382315,0.1212762670471201,0.0552090532205724,0.1059437867276778,0.0800998226762969,0.10132189880859084,0.030743800468008856,0.05016214041398146,0.029689465275176272,
2018-09-28,2018-10-31,rr_erc_pathB_loim_vols_histfreq_cat,loim_regime_parity,,0.002513460804974603,0.0,19,0,1,0.027761734507211488,0.02480256510545238,0.025323556819565392,0.024111257689487704,0.029325787732378625,0.024548551267238213,0.024464072755716527,0.024651516517223523,0.0251861055569905,0.1559699157817464,0.03875049028593495,0.12079824518487814,0.055200766530446116,0.10605752694867561,0.08017997468184368,0.10104434751631769,0.031365068545617256,0.05049692095788079,0.02996159561539502,
2018-10-31,2018-11-30,rr_erc_pathB_loim_vols_histfreq_cat,loim_regime_parity,,0.012863192340214387,0.0,19,0,1,0.02691091511756937,0.023727977554499336,0.02450315737335205,0.02275088076554197,0.02917903441045547,0.022778933531440167,0.02350385959154748,0.023256086340466792,0.024430676053843834,0.15717606305962692,0.04313424713058196,0.12078922016134441,0.054296394486835264,0.10895062278289121,0.07848962982296662,0.10062638530962673,0.03385867222732708,0.05238350965964219,0.029253734620441084,
2018-11-30,2018-12-31,rr_erc_pathB_loim_vols_histfreq_cat,loim_regime_parity,,0.0015912826624047988,0.0,19,0,1,0.026930725534861307,0.02371173827377903,0.024520633822636716,0.022784966140785037,0.02915287499451446,0.022790138753103144,0.02356333646955906,0.023222771700753164,0.024396860370941457,0.15625585136602171,0.043576492346588676,0.120413380758909,0.05429757937763842,0.10964912249559576,0.07862614919990524,0.10066412685046754,0.03367296968024024,0.052506479507571986,0.029263802356128035,
2018-12-31,2019-01-31,rr_erc_pathB_loim_vols_histfreq_cat,loim_regime_parity,,0.0,0.0,19,0,1,0.026930725534861307,0.02371173827377903,0.024520633822636716,0.022784966140785037,0.02915287499451446,0.022790138753103144,0.02356333646955906,0.023222771700753164,0.024396860370941457,0.15625585136602171,0.043576492346588676,0.120413380758909,0.05429757937763842,0.10964912249559576,0.07862614919990524,0.10066412685046754,0.03367296968024024,0.052506479507571986,0.029263802356128035,
2019-01-31,2019-02-28,rr_erc_pathB_loim_vols_histfreq_cat,loim_regime_parity,,0.0,0.0,19,0,1,0.026930725534861307,0.02371173827377903,0.024520633822636716,0.022784966140785037,0.02915287499451446,0.022790138753103144,0.02356333646955906,0.023222771700753164,0.024396860370941457,0.15625585136602171,0.043576492346588676,0.120413380758909,0.05429757937763842,0.10964912249559576,0.07862614919990524,0.10066412685046754,0.03367296968024024,0.052506479507571986,0.029263802356128035,
2019-02-28,2019-03-29,rr_erc_pathB_loim_vols_histfreq_cat,loim_regime_parity,,0.0,0.0,19,0,1,0.026930725534861307,0.02371173827377903,0.024520633822636716,0.022784966140785037,0.02915287499451446,0.022790138753103144,0.02356333646955906,0.023222771700753164,0.024396860370941457,0.15625585136602171,0.043576492346588676,0.120413380758909,0.05429757937763842,0.10964912249559576,0.07862614919990524,0.10066412685046754,0.03367296968024024,0.052506479507571986,0.029263802356128035,
2019-03-29,2019-04-30,rr_erc_pathB_loim_vols_histfreq_cat,loim_regime_parity,,0.001490217195287042,0.0,19,0,1,0.02690595951162992,0.02369450524681476,0.02445409984589114,0.022763391098250933,0.029152788140285504,0.022751255888795105,0.023556536479277402,0.023187007736718425,0.02440020293070033,0.15670884631026807,0.04234449048134067,0.12061014733576589,0.054266018826662404,0.10995139256690473,0.0786925267277512,0.10090711967903743,0.03380501157089478,0.05259991030361757,0.02924878931939376,
2019-04-30,2019-05-31,rr_erc_pathB_loim_vols_histfreq_cat,loim_regime_parity,,0.0,0.0,19,0,1,0.02690595951162992,0.02369450524681476,0.02445409984589114,0.022763391098250933,0.029152788140285504,0.022751255888795105,0.023556536479277402,0.023187007736718425,0.02440020293070033,0.15670884631026807,0.04234449048134067,0.12061014733576589,0.054266018826662404,0.10995139256690473,0.0786925267277512,0.10090711967903743,0.03380501157089478,0.05259991030361757,0.02924878931939376,
2019-05-31,2019-06-28,rr_erc_pathB_loim_vols_histfreq_cat,loim_regime_parity,,0.0,0.0,19,0,1,0.02690595951162992,0.02369450524681476,0.02445409984589114,0.022763391098250933,0.029152788140285504,0.022751255888795105,0.023556536479277402,0.023187007736718425,0.02440020293070033,0.15670884631026807,0.04234449048134067,0.12061014733576589,0.054266018826662404,0.10995139256690473,0.0786925267277512,0.10090711967903743,0.03380501157089478,0.05259991030361757,0.02924878931939376,
2019-06-28,2019-07-31,rr_erc_pathB_loim_vols_histfreq_cat,loim_regime_parity,,0.0,0.0,19,0,1,0.02690595951162992,0.02369450524681476,0.02445409984589114,0.022763391098250933,0.029152788140285504,0.022751255888795105,0.023556536479277402,0.023187007736718425,0.02440020293070033,0.15670884631026807,0.04234449048134067,0.12061014733576589,0.054266018826662404,0.10995139256690473,0.0786925267277512,0.10090711967903743,0.03380501157089478,0.05259991030361757,0.02924878931939376,
2019-07-31,2019-08-30,rr_erc_pathB_loim_vols_histfreq_cat,loim_regime_parity,,0.0,0.0,19,0,1,0.02690595951162992,0.02369450524681476,0.02445409984589114,0.022763391098250933,0.029152788140285504,0.022751255888795105,0.023556536479277402,0.023187007736718425,0.02440020293070033,0.15670884631026807,0.04234449048134067,0.12061014733576589,0.054266018826662404,0.10995139256690473,0.0786925267277512,0.10090711967903743,0.03380501157089478,0.05259991030361757,0.02924878931939376,
2019-08-30,2019-09-30,rr_erc_pathB_loim_vols_histfreq_cat,loim_regime_parity,,1.9924215258695574e-05,0.0,19,0,1,0.026907053136881114,0.02369600699086141,0.02444395503802082,0.022765337163565588,0.029154568517364355,0.022753085077984517,0.023558960348744058,0.023188201458676606,0.024402126736689542,0.1567031474458039,0.042344920828152714,0.12060839984806043,0.05426581627018947,0.10995073028947903,0.07869278637730451,0.10090956724037864,0.03380354334957465,0.052602130394598795,0.029249663487669855,
2019-09-30,2019-10-31,rr_erc_pathB_loim_vols_histfreq_cat,loim_regime_parity,,0.0033322758753623963,1.1102230246251565e-16,19,0,1,0.02680237815265958,0.02359887251588104,0.024362565556723434,0.02266586447350135,0.02902688666827605,0.022659434256299817,0.023440195563970288,0.023099961521723222,0.024290985210531964,0.16003542332116616,0.04217371488846526,0.12024826570436117,0.0541078133082803,0.10953022286718636,0.07837005333948961,0.10042099276756178,0.0336711283249048,0.052364431731771174,0.02913080982724647,
2019-10-31,2019-11-29,rr_erc_pathB_loim_vols_histfreq_cat,loim_regime_parity,,0.0,1.1102230246251565e-16,19,0,1,0.02680237815265958,0.02359887251588104,0.024362565556723434,0.02266586447350135,0.02902688666827605,0.022659434256299817,0.023440195563970288,0.023099961521723222,0.024290985210531964,0.16003542332116616,0.04217371488846526,0.12024826570436117,0.0541078133082803,0.10953022286718636,0.07837005333948961,0.10042099276756178,0.0336711283249048,0.052364431731771174,0.02913080982724647,
2019-11-29,2019-12-31,rr_erc_pathB_loim_vols_histfreq_cat,loim_regime_parity,,0.0015292678358005424,0.0,19,0,1,0.02669489066431729,0.02353512717946446,0.02437639503601686,0.022606865821619263,0.02891361529332727,0.02257999728860045,0.02345197017397641,0.023002914154535398,0.024278419039515477,0.16051723650950842,0.04140681908822654,0.1204509529484924,0.05405658284474268,0.10983851173440146,0.07836793084567512,0.10033271783855378,0.03406993119821833,0.05247650330527014,0.02904261903553837,
2019-12-31,2020-01-31,rr_erc_pathB_loim_vols_histfreq_cat,loim_regime_parity,,0.0028967620101532556,0.0,19,0,1,0.026656576822150963,0.02354921827448237,0.02428654912464109,0.022587555902251116,0.028839168500326622,0.022578346502802903,0.023401781887149756,0.02306132988894265,0.024221150118484542,0.16225453014963448,0.04039597426001443,0.12094187286403656,0.053998040230995435,0.10961708447746833,0.078963972470733,0.09981999138162531,0.03355949234732145,0.05224357980299481,0.029023784993944323,
2020-01-31,2020-02-28,rr_erc_pathB_loim_vols_histfreq_cat,loim_regime_parity,,0.0011818297070888828,0.0,19,0,1,0.026686208226721613,0.02360234969002411,0.024366415002940057,0.022665875391222758,0.028950400991211978,0.022622295920257683,0.0235322311189764,0.023093086529060586,0.024311851892194047,0.16188331809734757,0.04050582436091596,0.12063794025527806,0.054061781531326084,0.1095080638497372,0.07868997265217577,0.0996963267818702,0.03365056920947901,0.05247973946545763,0.029055749033803435,
2020-02-28,2020-03-31,rr_erc_pathB_loim_vols_histfreq_cat,loim_regime_parity,,0.0,0.0,19,0,1,0.026686208226721613,0.02360234969002411,0.024366415002940057,0.022665875391222758,0.028950400991211978,0.022622295920257683,0.0235322311189764,0.023093086529060586,0.024311851892194047,0.16188331809734757,0.04050582436091596,0.12063794025527806,0.054061781531326084,0.1095080638497372,0.07868997265217577,0.0996963267818702,0.03365056920947901,0.05247973946545763,0.029055749033803435,
2020-03-31,2020-04-30,rr_erc_pathB_loim_vols_histfreq_cat,loim_regime_parity,,0.0,0.0,19,0,1,0.026686208226721613,0.02360234969002411,0.024366415002940057,0.022665875391222758,0.028950400991211978,0.022622295920257683,0.0235322311189764,0.023093086529060586,0.024311851892194047,0.16188331809734757,0.04050582436091596,0.12063794025527806,0.054061781531326084,0.1095080638497372,0.07868997265217577,0.0996963267818702,0.03365056920947901,0.05247973946545763,0.029055749033803435,
2020-04-30,2020-05-29,rr_erc_pathB_loim_vols_histfreq_cat,loim_regime_parity,,0.0,0.0,19,0,1,0.026686208226721613,0.02360234969002411,0.024366415002940057,0.022665875391222758,0.028950400991211978,0.022622295920257683,0.0235322311189764,0.023093086529060586,0.024311851892194047,0.16188331809734757,0.04050582436091596,0.12063794025527806,0.054061781531326084,0.1095080638497372,0.07868997265217577,0.0996963267818702,0.03365056920947901,0.05247973946545763,0.029055749033803435,
2020-05-29,2020-06-30,rr_erc_pathB_loim_vols_histfreq_cat,loim_regime_parity,,0.06715292020648442,0.0,19,0,0,0.024265912842863314,0.020214088334959426,0.023681031215974556,0.01945168195796903,0.024852529717342284,0.01995376747615321,0.019647191465369144,0.020668735916902697,0.02023575377023949,0.2032914260106734,0.03616766195827949,0.12577827884161663,0.04920002941719408,0.08935033739985863,0.09468478046440099,0.10430599267646493,0.03248286365273422,0.044707183396742116,0.02706075348426236,
2020-06-30,2020-07-31,rr_erc_pathB_loim_vols_histfreq_cat,loim_regime_parity,,0.0061656972578015955,0.0,19,0,0,0.024404478166132906,0.020170292026259157,0.02407038038786073,0.019491017391912897,0.024667319160724295,0.02005513435778073,0.019549147521023512,0.02082022259847007,0.02000886379271017,0.19780252358534325,0.036972208557905506,0.12674569919557038,0.04961354313586097,0.09087040875251487,0.09521379682994077,0.1046843758050194,0.03310595672831137,0.044584329351463864,0.02717030265519511,
2020-07-31,2020-08-31,rr_erc_pathB_loim_vols_histfreq_cat,loim_regime_parity,,0.0025439771589009317,0.0,19,0,0,0.024346335069400878,0.020195849077940378,0.024277087108298567,0.020096430967491898,0.024757313182127656,0.020084912012812404,0.019668080395833634,0.02075844623451111,0.020094388019964216,0.19846428220855739,0.036426719799639504,0.1269624597993903,0.04969410500296427,0.0912933986910812,0.0937824575718284,0.1043139740419502,0.033098542359323045,0.044542361816362654,0.027142856640522288,
2020-08-31,2020-09-30,rr_erc_pathB_loim_vols_histfreq_cat,loim_regime_parity,,0.0008109080364559432,0.0,19,0,0,0.024398638289469643,0.020226561879409972,0.0243387310614004,0.02012927343662496,0.024796310830339334,0.020118190648141077,0.019694454787194164,0.020794908463168508,0.020121408448551464,0.19773207729110837,0.0364977144790065,0.12688375668038337,0.04977306260144057,0.09131720055578815,0.09383891664931503,0.10436595212964135,0.03316643964820243,0.04459737510640152,0.027209027014413165,
2020-09-30,2020-10-30,rr_erc_pathB_loim_vols_histfreq_cat,loim_regime_parity,,0.0030178164087813018,1.1102230246251565e-16,19,0,0,0.024141969479071226,0.020152432151231418,0.024273873901866153,0.020032616225085245,0.024699828247913155,0.02001848339587269,0.019584028312136056,0.020717445762986897,0.020048338066586437,0.20044266309424313,0.03543191623147579,0.12692159684147458,0.04959662293457447,0.0911481321637821,0.09353159084467869,0.1043073329957335,0.03311719300515707,0.04486676555095677,0.02696717079517455,
2020-10-30,2020-11-30,rr_erc_pathB_loim_vols_histfreq_cat,loim_regime_parity,,0.001412544140788818,1.1102230246251565e-16,19,0,0,0.024055256947421444,0.02023573989229581,0.024189672578073737,0.020148311916255483,0.024642550159226864,0.020089857709393366,0.01975960926990785,0.020784097318242663,0.020179701902027496,0.1997003210797164,0.03550704650537456,0.12676408053631755,0.049586372516009,0.09150517432096242,0.09338076366674725,0.10436759558991028,0.03325156543651134,0.045008528140911525,0.02684375451469491,
2020-11-30,2020-12-31,rr_erc_pathB_loim_vols_histfreq_cat,loim_regime_parity,,0.007256283969149142,1.1102230246251565e-16,19,0,0,0.023728899569430646,0.019892743038968538,0.02320703340897866,0.019534798143964718,0.024035239548870588,0.019495286059640515,0.019209897270555325,0.02051256882520427,0.01983477816226846,0.20264715187221477,0.03512524032416307,0.1276078178604917,0.0492635789156553,0.09302400522087939,0.0920307424461873,0.10631448054246992,0.03320486182420536,0.04495166352951459,0.02637921343633682,
2020-12-31,2021-01-29,rr_erc_pathB_loim_vols_histfreq_cat,loim_regime_parity,,0.0011179391004627719,0.0,19,0,0,0.023726634928059008,0.01986112974917074,0.023152552382656174,0.019460042303897147,0.024033873362943395,0.01940649293635185,0.019151608574846504,0.020482804780511052,0.019804258935644737,0.2029425221945378,0.034827542455132324,0.12792308640597796,0.049223228519158974,0.09312226791266556,0.09242602638593911,0.1060345932668584,0.03310167678584856,0.04492669108234838,0.026392967037452277,
2021-01-29,2021-02-26,rr_erc_pathB_loim_vols_histfreq_cat,loim_regime_parity,,0.002249438067291035,1.1102230246251565e-16,19,0,0,0.02375775110954148,0.019945158034704747,0.02322165802652932,0.019640603856265745,0.024087320657087782,0.019600871357133405,0.01931656741533672,0.020568933729655865,0.0198779040148245,0.2019845159050515,0.03504507284060848,0.12740989721299303,0.04948480324214302,0.0931417052415742,0.09171376600719672,0.1066045841029157,0.033140645258844914,0.04513125715621785,0.026326984831374835,
2021-02-26,2021-03-31,rr_erc_pathB_loim_vols_histfreq_cat,loim_regime_parity,,0.0024520791128369596,1.1102230246251565e-16,19,0,0,0.023908132627202296,0.02011073021433633,0.023392642623076422,0.01980641532139474,0.024322688069305883,0.019726420344581306,0.019517043424990187,0.02069601210990981,0.020079789489421372,0.20090797123757959,0.03536347623235418,0.12684642279207908,0.049622253469778825,0.09317693294040133,0.09110386814159421,0.10640242194406722,0.03316000180396074,0.045370733364780716,0.026486043849185785,
2021-03-31,2021-04-30,rr_erc_pathB_loim_vols_histfreq_cat,loim_regime_parity,,0.0019957638221667004,1.1102230246251565e-16,19,0,0,0.02405701797328306,0.020186114872657063,0.023539920771084653,0.01986441164146696,0.02451514681381022,0.01975722227770005,0.019612135151191,0.02073967925622707,0.020199048085279822,0.19970242866549237,0.03538725334346282,0.1264014045282521,0.049873404165898076,0.09314105475097406,0.09081217954397472,0.10665480095794723,0.033142365604754954,0.04567402650889098,0.026740385087652738,
2021-04-30,2021-05-28,rr_erc_pathB_loim_vols_histfreq_cat,loim_regime_parity,,0.0008336074512851621,0.0,19,0,0,0.0240442870481851,0.02020380599599749,0.023601108385184068,0.019929837665440805,0.024548148266748185,0.019824928331569642,0.019673942473673225,0.020756250321769434,0.02021126292596049,0.19926303217296448,0.03515436534477968,0.12644231776292425,0.0499523995194837,0.09330389039990439,0.09086339973414459,0.10651332878389917,0.033192249276880775,0.04578818036376581,0.026733265226724694,
2021-05-28,2021-06-30,rr_erc_pathB_loim_vols_histfreq_cat,loim_regime_parity,,0.0005760316273355284,0.0,19,0,0,0.024085248102345504,0.02024914657605378,0.023556665235437757,0.01995951523797537,0.024527243066635014,0.019893260643768902,0.019639325233804617,0.020839668215199038,0.020215225177639476,0.19922672636745886,0.03505357994860614,0.12653145688010045,0.04996456814352242,0.09335806623454648,0.09090953036572466,0.10622818427920638,0.033138418945645357,0.045862749667438044,0.026761421678891867,
2021-06-30,2021-07-30,rr_erc_pathB_loim_vols_histfreq_cat,loim_regime_parity,,0.00071242083099206,0.0,19,0,0,0.02408541155538963,0.020281427700611913,0.02360421098949666,0.019973245602247676,0.024623094924307323,0.01988540668994116,0.019701962750908374,0.020800249279462023,0.020314233735444873,0.19900370462265832,0.03503170304930742,0.12637461063845545,0.05001728441379835,0.0934636084404322,0.09066686102071578,0.10624334665797627,0.033233453785025145,0.0459554961756038,0.026740687968217665,
2021-07-30,2021-08-31,rr_erc_pathB_loim_vols_histfreq_cat,loim_regime_parity,,0.0011427042929250415,1.1102230246251565e-16,19,0,0,0.024079639538619302,0.020332523967786006,0.023633096111062377,0.020095256791783936,0.02466316309279992,0.019971092753387595,0.019850640253669883,0.020836687306987844,0.02036402442403437,0.1987820754023981,0.035056017753891014,0.12621505015986806,0.05015053938010143,0.09359613205120529,0.09061079197945071,0.10558596733470145,0.0333404281662244,0.046138479776577784,0.026698393755450474,
2021-08-31,2021-09-30,rr_erc_pathB_loim_vols_histfreq_cat,loim_regime_parity,,0.0006058562564948359,0.0,19,0,0,0.024051942516894596,0.020325119674114517,0.023615416643820428,0.020095984345957572,0.02466072072266947,0.0199738393457528,0.019852834322860037,0.0208258359297512,0.020356325137667452,0.1987219365008803,0.03561207511024141,0.1261432339591777,0.050131608678414354,0.09364026273562073,0.09044785038238433,0.10546380517074969,0.03327763849694115,0.04613129100165063,0.026672279324451684,
2021-09-30,2021-10-29,rr_erc_pathB_loim_vols_histfreq_cat,loim_regime_parity,,0.0026270917088710762,1.1102230246251565e-16,19,0,0,0.023847193273691954,0.020281534606068814,0.023716442902139104,0.020183162583170235,0.024584369720127,0.019973018826102463,0.020070475739567533,0.02073082629603822,0.0203373552228668,0.198148406979763,0.03614394409194531,0.12555537890541416,0.05007528686420336,0.09403701349664331,0.08992389139987761,0.10639178128932089,0.03323331469378463,0.04649594093698504,0.02627066217229045,
2021-10-29,2021-11-30,rr_erc_pathB_loim_vols_histfreq_cat,loim_regime_parity,,0.0032840473851053886,1.1102230246251565e-16,19,0,0,0.02362565647281088,0.020166980844326998,0.02373369361891017,0.02018813780255423,0.024515570669762385,0.019986124882305622,0.020135084505175156,0.020534409945754548,0.020281169094495708,0.1985192135678822,0.035729857118879105,0.1260650316170491,0.050126755554886104,0.09545918272440132,0.08983053308492711,0.104526647594234,0.033612191948874603,0.046947073090839744,0.026016685861930986,
2021-11-30,2021-12-31,rr_erc_pathB_loim_vols_histfreq_cat,loim_regime_parity,,0.002044272083584651,0.0,19,0,0,0.02363717524435023,0.020051728995255036,0.02358143566985144,0.02008951101754313,0.02439387861304035,0.019903661718124945,0.020067162438473386,0.02039104033094962,0.02021689964186699,0.1994752637206571,0.03547893520064778,0.12626107470878356,0.050166846009506834,0.0950282418534501,0.08993139139035233,0.10526635890172392,0.03339479735690467,0.046695244275189174,0.025969352913329344,
2021-12-31,2022-01-31,rr_erc_pathB_loim_vols_histfreq_cat,loim_regime_parity,,0.002067256036358543,1.1102230246251565e-16,19,0,0,0.02356807957772263,0.020026398955637136,0.023480135573579933,0.02011888065226102,0.024098493176861135,0.019919233283447975,0.020035799001545843,0.020448921199126842,0.020055261854410703,0.20018793540970117,0.035068734445320805,0.12696787678855642,0.05009929526805307,0.09518495220040324,0.09030160379893859,0.10502839935965708,0.033412834800688726,0.046194474653895465,0.025802690000192238,
2022-01-31,2022-02-28,rr_erc_pathB_loim_vols_histfreq_cat,loim_regime_parity,,0.005792352679851549,0.0,19,0,0,0.02349087034735558,0.019966936056320352,0.023725600412474006,0.02000385365832496,0.024502631008531336,0.019649177410539617,0.020177437680661697,0.020045769939407508,0.020250821639421945,0.2018014617153927,0.03609637626114073,0.12543858722171958,0.0498435757692213,0.09533918655772909,0.08813877793950324,0.10443619371559845,0.03463102413252732,0.04698643438837973,0.02547528414575096,
2022-02-28,2022-03-31,rr_erc_pathB_loim_vols_histfreq_cat,loim_regime_parity,,0.0023194694554199875,0.0,19,0,0,0.02342358276719236,0.020031945363563848,0.02365397419693621,0.0200932657501986,0.024502724162725725,0.019726382664322268,0.020274101569513446,0.020110864325290558,0.02031840166169282,0.20172990720868825,0.036682658649577725,0.12474347667254593,0.049780088978522284,0.09513591161258783,0.08743239782084228,0.10563328584576645,0.034315897049312954,0.04706147122109486,0.02534966247962568,
2022-03-31,2022-04-29,rr_erc_pathB_loim_vols_histfreq_cat,loim_regime_parity,,0.004895259236843428,0.0,19,0,0,0.02384429559853512,0.02026561034884114,0.02396767064860424,0.02028706856781112,0.02485239035591499,0.01991901124745735,0.020456815723843266,0.020352849878250978,0.020571903426330418,0.19938260183122497,0.03745005939174886,0.1233160044221748,0.04997779074703263,0.09488865216170518,0.08684781768179142,0.10534464382669088,0.03464561113970785,0.04763199284187197,0.02599721016046278,
2022-04-29,2022-05-31,rr_erc_pathB_loim_vols_histfreq_cat,loim_regime_parity,,0.007906349561674821,1.1102230246251565e-16,19,0,0,0.023778082927016986,0.02052112344110442,0.024269552908190474,0.020466715933158037,0.025245256260115145,0.020040576212717424,0.020742637297862722,0.02052224549617815,0.020916557708831204,0.1975841564997417,0.03865272240688074,0.12037372355343501,0.050214879249056044,0.09532256622370663,0.08374840699185783,0.10761073072838301,0.03508999861898121,0.04878072880750938,0.02611933873527382,
2022-05-31,2022-06-30,rr_erc_pathB_loim_vols_histfreq_cat,loim_regime_parity,,0.00012800969704688907,0.0,19,0,0,0.02378036952474118,0.020518661601693803,0.02428292265977782,0.020464527731855565,0.025251223679578216,0.020038329693419482,0.020739918183897265,0.02051872838802985,0.020916610716828404,0.19752371496115412,0.03866003053501351,0.12038863137705133,0.05022382033481273,0.09528872574454728,0.0837891490236325,0.10759013583120797,0.035108439536922574,0.04878868838081732,0.026127372095019148,
2022-06-30,2022-07-29,rr_erc_pathB_loim_vols_histfreq_cat,loim_regime_parity,,0.11914941455815042,1.1102230246251565e-16,20,0,0,0.02918291933575177,0.02682449119198976,0.031978937535128676,0.027531941898044154,0.030248461334739817,0.02662895859089908,0.028477373049759044,0.02687354327976474,0.027283575494825893,0.11850327176448924,0.0500652863866478,0.09882802186588452,0.060325722953644564,0.09088891588198648,0.08109455082969769,0.09611618203738483,0.047397133863995335,0.059657498130768614,0.03193195723205172,0.010161257342546186
2022-07-29,2022-08-31,rr_erc_pathB_loim_vols_histfreq_cat,loim_regime_parity,,0.0025657079572503957,0.0,20,0,0,0.028883318088296545,0.026579852093599955,0.031992361878777284,0.02729021303816393,0.0302519110402361,0.0263080595573673,0.02834773649730686,0.026437991446910888,0.027141402774088497,0.11935750961677738,0.05076334049817134,0.09894921616347005,0.06032215746003447,0.0909247339285427,0.0811965074447289,0.09579280537963025,0.04813470684911618,0.05954016656241827,0.031743623999185025,0.01004238568317804
2022-08-31,2022-09-30,rr_erc_pathB_loim_vols_histfreq_cat,loim_regime_parity,,0.0012646313426514857,2.220446049250313e-16,20,0,0,0.028915486472618226,0.026709534315201917,0.031916057390319504,0.02741788058896574,0.030345634173598045,0.026421126485915797,0.028423388618027755,0.026547534631453155,0.027252193504675625,0.11937451937125931,0.050767400511514016,0.09858642800900536,0.06024202308402159,0.0907409990581145,0.08088788507118846,0.09558535444725616,0.048582362747202,0.059543777984673016,0.03171736367940836,0.010023049855581383
2022-09-30,2022-10-31,rr_erc_pathB_loim_vols_histfreq_cat,loim_regime_parity,,0.002662602969856282,0.0,20,0,0,0.028849196158900334,0.026792196406651432,0.031827804389049544,0.027496046704823217,0.03028876251580232,0.026581549659644578,0.028450038361948655,0.026704894640566954,0.0273151287897619,0.11988838516092085,0.05136677271130752,0.09820776968553259,0.06011009373604015,0.09100745239155367,0.08031296728211519,0.09433332944464208,0.04887390710384108,0.059914165105359324,0.03160370614547743,0.010075833606061322
2022-10-31,2022-11-30,rr_erc_pathB_loim_vols_histfreq_cat,loim_regime_parity,,0.0021216431135872875,0.0,20,0,0,0.028699270220435134,0.026666410454913622,0.03174280649580339,0.02729724410952049,0.02993125947115086,0.02644437912657204,0.028197038522354195,0.026584434032512715,0.027154258499441437,0.1201930925257477,0.051398727725302615,0.09863341329572853,0.06028525759052563,0.09126128941968083,0.08090460568103586,0.0942204250953119,0.04916622567949759,0.05971224084395996,0.03138540833706469,0.010122212873440855
2022-11-30,2022-12-30,rr_erc_pathB_loim_vols_histfreq_cat,loim_regime_parity,,0.0025134801427027986,0.0,20,0,0,0.028841926654912912,0.026812869173206726,0.031347299086696846,0.02756790543963209,0.030036480943432666,0.026701265058127144,0.028459562163911836,0.02672268049651572,0.02727339135361051,0.12038604924602264,0.051354632243723414,0.09827977538507635,0.059910237210354135,0.09111427793710417,0.08025028307022963,0.09464828834676747,0.04862234081168706,0.05986345531461898,0.03139270329221152,0.010414576772158127
2022-12-30,2023-01-31,rr_erc_pathB_loim_vols_histfreq_cat,loim_regime_parity,,0.0009954122713206146,0.0,20,0,0,0.028701633871613823,0.02673267058253448,0.031396601368817244,0.027463606853081877,0.02996526115060126,0.026596810377185885,0.028350775996018634,0.02662471986619741,0.02720802333425769,0.12050999522982908,0.05158957479453358,0.09832144005835823,0.05988867944888865,0.09125710024215067,0.08028207791357649,0.09464842573880185,0.04899099640896776,0.059865601958212375,0.03126322225273572,0.01034278255363744
2023-01-31,2023-02-28,rr_erc_pathB_loim_vols_histfreq_cat,loim_regime_parity,,0.0016867144524054644,1.1102230246251565e-16,20,0,0,0.028700507216123265,0.026601370206765382,0.031157473425267333,0.02730960623765754,0.029973571899400905,0.026530639158479127,0.028157884375758134,0.026554967254417486,0.027054576880296183,0.12101816472217954,0.05184348303429291,0.09817439258971156,0.05983850079747182,0.09130372820695445,0.07993365896789653,0.09517064271183935,0.04897626365041277,0.06005695764908489,0.0314193475955178,0.010224263420472977
2023-02-28,2023-03-31,rr_erc_pathB_loim_vols_histfreq_cat,loim_regime_parity,,0.0009963431892594209,0.0,20,0,0,0.028777141544011765,0.026691298644178657,0.031233694779534027,0.0274226500164612,0.02999528142038585,0.026670992844988906,0.028242020618690338,0.026704682324715054,0.027105947082803762,0.12097942218388308,0.05159795765513839,0.09790082959444041,0.059795990292108414,0.09117065000050453,0.07967073540317268,0.09527596053498924,0.04897835392811399,0.06011020527726198,0.0314436875375895,0.010232498317028306
2023-03-31,2023-04-28,rr_erc_pathB_loim_vols_histfreq_cat,loim_regime_parity,,0.0006919849279022981,1.1102230246251565e-16,20,0,0,0.02876616144353173,0.02677631467851225,0.031230157718200195,0.027539686764017433,0.030049342871366534,0.026766318093348562,0.028379267285956106,0.02675265498029127,0.02722050501178341,0.12096371624962735,0.05151871245302478,0.09778746679698214,0.05976778047890202,0.09108699021888811,0.07954721486542939,0.0951630420974719,0.04890539418182764,0.06015097347211238,0.031411975475389695,0.010216324863337112
2023-04-28,2023-05-31,rr_erc_pathB_loim_vols_histfreq_cat,loim_regime_parity,,0.0002174969157493628,0.0,20,0,0,0.028793077895715405,0.02678798324819129,0.03126251299952329,0.0275454988525676,0.030075101928316483,0.026773487485394633,0.02837889740663337,0.026767026156752728,0.02723163959593384,0.12088583608818365,0.051538101738985834,0.09774672816862999,0.0597700523310861,0.09104680774553964,0.07954121412282339,0.09511369050838189,0.048933896668270804,0.06014835072668362,0.03144412216520685,0.010215974167179644
2023-05-31,2023-06-30,rr_erc_pathB_loim_vols_histfreq_cat,loim_regime_parity,,0.0005602441840083516,0.0,20,0,0,0.02889270119210085,0.026803762975831286,0.031233216259268524,0.0275903220730421,0.03005929629361906,0.026862496502637317,0.02837880357010244,0.026813197921212995,0.027196987540533984,0.12088139062238495,0.05135248780140406,0.0976876935618583,0.05982500064926063,0.09104115813324604,0.07945518672132379,0.09506233849122947,0.04910129233682739,0.060090209580018344,0.03148661533628116,0.01018584243781728
2023-06-30,2023-07-31,rr_erc_pathB_loim_vols_histfreq_cat,loim_regime_parity,,0.0018117921840652036,0.0,20,0,0,0.028754177073368845,0.026630942538973943,0.03113573399459483,0.027429322879998455,0.029898205792154305,0.02671129236928,0.02822881669756721,0.026646776662497103,0.027013225177585816,0.12210658743685993,0.051369647845696406,0.09785957195496361,0.059756971077332424,0.09115510284268039,0.079542741256516,0.09525839617879558,0.049018192042047416,0.0599776683438506,0.031361498572716806,0.010145129262520501
2023-07-31,2023-08-31,rr_erc_pathB_loim_vols_histfreq_cat,loim_regime_parity,,0.0002564495321444012,0.0,20,0,0,0.028770854697282015,0.026630837758736006,0.031149258839866113,0.027400967865678236,0.029909335798954675,0.026697771862236538,0.028188739275277652,0.026660766143625978,0.027012346206798023,0.12208629021862721,0.05123868703766053,0.09787910333738545,0.05978205386830227,0.09113539838937931,0.07962203159933767,0.09527567126620928,0.04902519286675386,0.05997511798595476,0.03139224420031601,0.01016733078161844
2023-08-31,2023-09-29,rr_erc_pathB_loim_vols_histfreq_cat,loim_regime_parity,,0.0028643320921831047,0.0,20,0,0,0.028906279780297063,0.02657148785662959,0.031085426426893194,0.02712553849669628,0.029947006806997717,0.026491661762687677,0.027758809361389712,0.026680904882209103,0.026925531930828594,0.122833577368407,0.051641759459574964,0.097492094966303,0.05953434777641965,0.09152040483801835,0.07905629113159557,0.09499765512471482,0.04876079782023985,0.0607380185287897,0.03170301671211254,0.010229388969195542
2023-09-29,2023-10-31,rr_erc_pathB_loim_vols_histfreq_cat,loim_regime_parity,,0.000603735113127439,0.0,20,0,0,0.02890220271051249,0.02659869325417493,0.031191002572544264,0.02712592460351893,0.029973825808383703,0.026482705231304263,0.027757813498391095,0.02671551109488081,0.026933049217169994,0.12283622027162419,0.05167669952032279,0.09755428456433073,0.059448314109202635,0.09156962103353408,0.078743350697343,0.09506041218784972,0.048570066272748666,0.06087818264734047,0.0317195844915372,0.010262536213286093
2023-10-31,2023-11-30,rr_erc_pathB_loim_vols_histfreq_cat,loim_regime_parity,,0.0007613861406091183,1.1102230246251565e-16,20,0,0,0.028901543954858753,0.026524338260517536,0.03116559289740916,0.02702798846846381,0.0299641513035208,0.026401383423091687,0.02766882788372374,0.026645862302531194,0.026854028848107996,0.12300219705716586,0.05184338973131246,0.09749522047106327,0.05939530891061488,0.09161379533140329,0.07862104449724491,0.0952008279795695,0.04867460018510299,0.06091679499249841,0.03175570109847718,0.010327402403322536
2023-11-30,2023-12-29,rr_erc_pathB_loim_vols_histfreq_cat,loim_regime_parity,,0.0020418803953344477,0.0,20,0,0,0.028897597045855435,0.026581456452699673,0.031207559715875403,0.027122797619590237,0.029987142403324757,0.026549436278404406,0.02776858951405947,0.02665976177048357,0.026920644811100222,0.12309668630423659,0.05239588056211343,0.09690154403302721,0.05900614602081404,0.09138844211866712,0.077791303551487,0.09560288245188878,0.04870584909860781,0.061102167520796564,0.031838115044403204,0.010475997682565227
2023-12-29,2024-01-31,rr_erc_pathB_loim_vols_histfreq_cat,loim_regime_parity,,0.0018435311588495306,0.0,20,0,0,0.02905864622546831,0.026562784942351408,0.031324656358002495,0.026941192923160474,0.030068683012982347,0.026362727833155873,0.027579133066187977,0.02667917219429151,0.02688778681075908,0.12294062552075564,0.053086506848941076,0.09642990666132151,0.059126182378859776,0.09127689526852029,0.0772963164982101,0.09567777198047847,0.04883348035295656,0.06126358803935316,0.032057370317547365,0.010546572766696636
2024-01-31,2024-02-29,rr_erc_pathB_loim_vols_histfreq_cat,loim_regime_parity,,0.0002437023286199205,0.0,20,0,0,0.029109528378216166,0.02656205171113827,0.031352801217017987,0.026916905818451957,0.030095141390294986,0.026352124887114574,0.0275380305315239,0.026695817604395163,0.026875933356269296,0.1228946690061751,0.053098683469675376,0.09638721257832318,0.05914576857290504,0.09126136639252302,0.07727326423158237,0.09568453203610564,0.0488087137686679,0.0612739633258093,0.032130043690124795,0.010543448033686065
2024-02-29,2024-03-28,rr_erc_pathB_loim_vols_histfreq_cat,loim_regime_parity,,0.0010916474739337025,2.220446049250313e-16,20,0,0,0.029002458759516708,0.026463090272299223,0.03126842384113672,0.02682877435369955,0.03002161741898632,0.026254700104508533,0.027468231570234387,0.02655918923982465,0.026802239053740236,0.1233181688022855,0.05312656805659889,0.09658512130574977,0.05908702847743677,0.09137432775455048,0.07740746065878462,0.09587972861034891,0.048795992215102266,0.06125066973029782,0.03202658748679933,0.010479622288099167
2024-03-28,2024-04-30,rr_erc_pathB_loim_vols_histfreq_cat,loim_regime_parity,,0.0003276898859853432,1.1102230246251565e-16,20,0,0,0.029027522023026074,0.02646145918869304,0.03127405599190787,0.026843838025542327,0.030003980080430474,0.026277534418400576,0.027477542527594358,0.026567565476254256,0.026790598734662517,0.12325185960040151,0.05298531728555758,0.09654337741374847,0.059132959152216016,0.09134232116835622,0.07740816155106846,0.0958707138243532,0.04893406442717667,0.0612442138226689,0.03205425393443346,0.010508661353507972
2024-04-30,2024-05-31,rr_erc_pathB_loim_vols_histfreq_cat,loim_regime_parity,,0.0008628675025673747,0.0,20,0,0,0.029015851466970582,0.026419920098116296,0.03133667658605207,0.026785220823724344,0.02995451407700652,0.02625259976737401,0.027424657884106744,0.02651369182667338,0.026751500131993546,0.12329822753912956,0.053197090403913926,0.09635169790251559,0.05920658354015952,0.09141090054809836,0.07718232856680794,0.09597005638200722,0.04902864777284041,0.06145019000300429,0.03200362147712381,0.010446023202381968
2024-05-31,2024-06-28,rr_erc_pathB_loim_vols_histfreq_cat,loim_regime_parity,,0.000535148170139374,0.0,20,0,0,0.02895897124031373,0.026408947043969944,0.03126025078011724,0.026739850842820052,0.029959273014898723,0.026191361668026537,0.02738750358475524,0.02653192599719268,0.026725697504349714,0.12359469067401604,0.05313074087401958,0.09636734656485774,0.05929367257838919,0.09144036386650642,0.07715228244842426,0.09603058053718658,0.049024275366292086,0.06147315675568647,0.03195163056660798,0.010377478091569938
2024-06-28,2024-07-31,rr_erc_pathB_loim_vols_histfreq_cat,loim_regime_parity,,0.00013295121494752253,0.0,20,0,0,0.028998157242397828,0.02640592961787494,0.03125683409102548,0.026733617667192556,0.02996170824214226,0.026186539957732992,0.02737218517163203,0.026539172933205787,0.02671611619090266,0.12359388347916586,0.05308940900210414,0.09637263245790853,0.05931594692755425,0.09142314558444059,0.07717035403022621,0.09603124299990928,0.04901461347479563,0.06146641747273106,0.03198941932947414,0.010362674127583696
2024-07-31,2024-08-30,rr_erc_pathB_loim_vols_histfreq_cat,loim_regime_parity,,0.0010834246514827778,0.0,20,0,0,0.02915955359820662,0.026430340216418206,0.03134175525594088,0.026625179710934803,0.029986822149597567,0.02609499726720285,0.02723186164609065,0.026641460044445748,0.026697610994286164,0.12340678470253744,0.05347916673686762,0.0961593150972998,0.059404145060915486,0.0913077419705338,0.0770332801266807,0.09598821916209088,0.04903427219307778,0.06143771968270198,0.032119098598243606,0.01042067578592751
2024-08-30,2024-09-30,rr_erc_pathB_loim_vols_histfreq_cat,loim_regime_parity,,0.00018090902911635075,0.0,20,0,0,0.029171485209457042,0.02644335088914712,0.03134548144858411,0.026647065120190855,0.029996090036060158,0.02611923108828583,0.027249515655180703,0.026656567246091924,0.026707663448954574,0.12338479860871968,0.05350590651251355,0.09611241741044634,0.059416151901837855,0.09126281437715583,0.07700865981994864,0.0959773007600372,0.04902466054499606,0.061419869393089466,0.0321150015896564,0.010435968939646694
2024-09-30,2024-10-31,rr_erc_pathB_loim_vols_histfreq_cat,loim_regime_parity,,0.00037074827924065204,1.1102230246251565e-16,20,0,0,0.02920395516112548,0.02646892115952085,0.031390643649916214,0.02667955998985473,0.030038929098649872,0.02614974045859348,0.027280539392883395,0.0266794090024809,0.02673522391756659,0.12332231237244773,0.05344083323696425,0.09604761698261795,0.05942231949931171,0.09121575761847577,0.07697215741937816,0.09591572294516384,0.048991624081152,0.061419654491466455,0.03217472570658842,0.010450353815842188
2024-10-31,2024-11-29,rr_erc_pathB_loim_vols_histfreq_cat,loim_regime_parity,,0.006745940422483935,0.0,20,0,0,0.029611986853182573,0.02701308654068288,0.03133865962766451,0.026971097176483844,0.03043037396430587,0.02622644072163525,0.027554307979646413,0.02727958255837085,0.027273796964806127,0.12308549841402065,0.05487990776690571,0.09323250594389332,0.05985989582345756,0.09015138447266073,0.07550377630872547,0.09515059636673645,0.048647473512966694,0.06249548450610445,0.032507040046708124,0.010787104451042596
2024-11-29,2024-12-31,rr_erc_pathB_loim_vols_histfreq_cat,loim_regime_parity,,0.008218527480902169,0.0,20,0,0,0.029554682218099593,0.02618530710003983,0.03234945522228701,0.025750174871811964,0.030226818150772546,0.02516731059430371,0.02615260132500139,0.02622339504654434,0.02653822419314565,0.12372628049457977,0.05749943114068842,0.09298313539233181,0.05932247884690184,0.09034233706429022,0.07581749017791858,0.09709832252472753,0.04989097165833968,0.06265271681050591,0.03260134341005782,0.009917523757652426
2024-12-31,2025-01-31,rr_erc_pathB_loim_vols_histfreq_cat,loim_regime_parity,,0.0009786097023005832,1.1102230246251565e-16,20,0,0,0.02963909755937604,0.026111226824347057,0.03244923967150662,0.025648635896811278,0.030065488745356528,0.02503640895535878,0.0260793917405606,0.026141483513716104,0.026466883046417016,0.1238961915649755,0.05761233221512027,0.09291324431253412,0.059410689632088946,0.09052258669602073,0.0756806236374898,0.09714951160305224,0.0499953525721402,0.06274028416843991,0.03252520524381152,0.009916122400876706
2025-01-31,2025-02-28,rr_erc_pathB_loim_vols_histfreq_cat,loim_regime_parity,,0.00024078137887246272,0.0,20,0,0,0.02966294706070595,0.026111539957280154,0.03243406424120713,0.025668483581772664,0.030073982232153663,0.02504381069803808,0.026108564920169823,0.02612957756153264,0.02647659661351339,0.12388852302578368,0.057479775503330624,0.09290526502016799,0.059452513015747555,0.09052221734494831,0.07571447731910098,0.09708438550108286,0.05000470658178467,0.06276438430035042,0.032536026127087066,0.009938159394242444
2025-02-28,2025-03-31,rr_erc_pathB_loim_vols_histfreq_cat,loim_regime_parity,,0.001230476614590379,1.1102230246251565e-16,20,0,0,0.029668039528980242,0.02609527694142673,0.03249404540165105,0.02564372426595621,0.030100075696620744,0.025017073360840584,0.026085245618620953,0.026097276210590905,0.026468456790313795,0.12413182459483948,0.05755699076109806,0.093088196336547,0.05951917915293614,0.09064437663803039,0.07588674015976718,0.09726128521314309,0.0489321290690146,0.06282921379221887,0.03256907003042424,0.009911780436979701
2025-03-31,2025-04-30,rr_erc_pathB_loim_vols_histfreq_cat,loim_regime_parity,,0.0008552389110284128,1.1102230246251565e-16,20,0,0,0.029537699073172656,0.026025910112151246,0.032568379265228306,0.02556100523941489,0.03006478293640407,0.024941882226553455,0.026013580018888253,0.025990757388468736,0.026431488215431564,0.12420292714781296,0.057800485240665486,0.09313843402618842,0.059368551438209766,0.09072013864600276,0.07591855252196159,0.09743593682839521,0.04906597340886448,0.06282655309601935,0.03250399791313939,0.009882965257027266
2025-04-30,2025-05-30,rr_erc_pathB_loim_vols_histfreq_cat,loim_regime_parity,,0.00020567047960564407,0.0,20,0,0,0.02953766883296042,0.02602518398316145,0.0326353886064356,0.025550596773140775,0.030032637554381507,0.024940546202203387,0.025983751859831903,0.026023642284936546,0.02641103800036114,0.12418752337376601,0.057769960718422914,0.09314599173763131,0.059361076432094165,0.09072146504804157,0.07591421841389054,0.09742409685206953,0.04916150384060579,0.06278561082405469,0.032505359609846914,0.009882739052163803
2025-05-30,2025-06-30,rr_erc_pathB_loim_vols_histfreq_cat,loim_regime_parity,,0.000621571300459053,0.0,20,0,0,0.029450744054534888,0.02596781387794448,0.03256677990993542,0.02549822943871474,0.03000983997390638,0.024880934514961754,0.02595249560195869,0.025930395216601263,0.02637488943598035,0.12438449440228046,0.05772711653676661,0.09327508526132869,0.05935374534948935,0.09074696854856279,0.0760412523427044,0.09756706617098171,0.04915352819906198,0.06277149840362511,0.03248966541631661,0.009857457344344341
2025-06-30,2025-07-31,rr_erc_pathB_loim_vols_histfreq_cat,loim_regime_parity,,0.0029913257950293726,0.0,20,0,0,0.029468705330237682,0.026112659633907707,0.03280115629418553,0.025518886256882534,0.03009446131875291,0.02499846665826857,0.02594240709926325,0.02613391397780368,0.026515031217470474,0.12408456124030176,0.05679940651807443,0.0925297586390034,0.05958059908110179,0.09028578189480921,0.07575966912070053,0.09807611174272982,0.04888803058548165,0.06331943104893711,0.032946692689015844,0.01014426965307211
2025-07-31,2025-08-29,rr_erc_pathB_loim_vols_histfreq_cat,loim_regime_parity,,0.0014250307311495089,0.0,20,0,0,0.029357372773928983,0.026014525205956762,0.03271383414441882,0.025436137407934472,0.030004545496285513,0.024923053604037813,0.02585678145234156,0.026036578707733293,0.026422400810528993,0.12479335052772417,0.05670359354195461,0.0927323106239774,0.05949823380587005,0.09050478259348596,0.07569582145214991,0.09837080050280625,0.0487554523872295,0.0632629476720193,0.03286095926458427,0.010056518025032518
2025-08-29,2025-09-30,rr_erc_pathB_loim_vols_histfreq_cat,loim_regime_parity,,0.0028999971368929827,0.0,20,0,0,0.029768709549037084,0.02627804873965271,0.03262733483070889,0.025227180429978756,0.030118866742637924,0.024936496045601303,0.025364843488663514,0.026476500035142937,0.02653800893503091,0.12469123536916676,0.0561479223826138,0.09247827269260613,0.05985160996999743,0.09027150085633415,0.07619808921802682,0.097423248968319,0.04873550702658863,0.06340098694077578,0.03322685780909515,0.010238779970022219
2025-09-30,2025-10-31,rr_erc_pathB_loim_vols_histfreq_cat,loim_regime_parity,,0.00230265516084905,0.0,20,0,0,0.029790083610225823,0.026452088126994917,0.03267292621443047,0.025317147124107965,0.030189497300511136,0.025061175330713406,0.02548033888816524,0.02671062343313182,0.026734356966918168,0.12445513304014108,0.055256155032597565,0.09217720966037794,0.05930002322068263,0.0903215466594698,0.07587595351776269,0.09802635885246269,0.048823285393264845,0.06366946897136683,0.0333170703753023,0.01036955828137262
2025-10-31,2025-11-28,rr_erc_pathB_loim_vols_histfreq_cat,loim_regime_parity,,0.00016795655125963378,1.1102230246251565e-16,20,0,0,0.029791193589058004,0.02646592862789493,0.03267719474914274,0.02532642826834325,0.030191453419688034,0.025071275910580067,0.025494085891906163,0.026722109950702493,0.026751367062960784,0.12433611093470673,0.05525641347061811,0.09215957397190924,0.05931110896479905,0.09031712845116004,0.07588241680402899,0.09800362716833161,0.04881913652834916,0.06371066027638196,0.03332732566437434,0.010385460295064243
2025-11-28,2025-12-31,rr_erc_pathB_loim_vols_histfreq_cat,loim_regime_parity,,0.00043426153435625024,1.1102230246251565e-16,20,0,0,0.02982877755030346,0.026474492906060805,0.03267015533514006,0.02533291481916181,0.03017423115110733,0.025083612396670948,0.025475180286938452,0.026767213358565252,0.026718150824110075,0.12436868788200564,0.05507517171692054,0.0921375944834675,0.059375875690608745,0.09028464149859569,0.0758619038805388,0.09815060100719131,0.04876766774956148,0.06367078488060285,0.03331701294918052,0.010465329633268652
2025-12-31,2026-01-30,rr_erc_pathB_loim_vols_histfreq_cat,loim_regime_parity,,0.00052364550342695,0.0,20,0,0,0.029821444914689545,0.026478666762261856,0.03275344011023902,0.025331020668270553,0.030190989925166705,0.02506504672215291,0.025488775030340007,0.026756085078215155,0.02673467324298661,0.12422219754626129,0.05527722107487934,0.09207022566951018,0.05944170242179568,0.0902911652603174,0.07578525918394843,0.09796499882419382,0.04884545636106062,0.06370790735402573,0.03330975566846553,0.010463968181219628
2026-01-30,2026-02-27,rr_erc_pathB_loim_vols_histfreq_cat,loim_regime_parity,,0.0019847179138632416,0.0,20,0,0,0.03003384974372661,0.02649380703826104,0.03254800617104947,0.02525786761498125,0.030168265156016536,0.025043371521984492,0.02528744382503814,0.026918716693744175,0.026683710470774735,0.12439157605479877,0.053959560038057595,0.09234534712500045,0.05952565878625623,0.0906305182585109,0.07611814592915397,0.09797417121201374,0.048886735160658626,0.06361613141629541,0.03348887863650087,0.010628239147176987
2026-02-27,2026-03-31,rr_erc_pathB_loim_vols_histfreq_cat,loim_regime_parity,,0.002272563782236495,0.0,20,0,0,0.03040689889432619,0.026515375186715838,0.03240815802923425,0.025457314035100622,0.030258036366057988,0.025193680890525726,0.025464301010680736,0.02693710828628787,0.02668299371701476,0.12389385548580352,0.05323243726097516,0.09182799683613271,0.059680407384058796,0.09080527666715751,0.07572834067743808,0.09800607725555732,0.048962470712975374,0.06392122456869595,0.03361286618125349,0.011005180554008077
2026-03-31,2026-04-30,rr_erc_pathB_loim_vols_histfreq_cat,loim_regime_parity,,0.004336907706886869,0.0,20,0,0,0.03032637806710961,0.026492893778528794,0.03192085976308093,0.025572811270886887,0.030316384094980775,0.0252303889018628,0.02577256262033039,0.02680339497863653,0.026730746398175312,0.12432910430796865,0.05491279807145562,0.09092116949801582,0.05861259428654716,0.09040105767801224,0.07516247904067844,0.09856042423747842,0.04853834903696784,0.06456427294797082,0.03336881502111595,0.011462516000197112
2026-04-30,2026-05-29,rr_erc_pathB_loim_vols_histfreq_cat,loim_regime_parity,,0.005802521890742157,0.0,20,0,0,0.02953468614347806,0.026131612547053595,0.03174281918218274,0.024905617792713514,0.029938983209538302,0.024500715726347114,0.025312411674556508,0.026624577744057937,0.026439689345167265,0.12578754934928235,0.054858549416505906,0.09236489506887194,0.05743918025638391,0.09145200653193858,0.07651642871604786,0.09818981553113357,0.048438861920505165,0.06505972569724736,0.03334695171876252,0.011414922428225834
2026-05-29,2026-06-30,rr_erc_pathB_loim_vols_histfreq_cat,loim_regime_parity,,0.0006163152517547361,1.1102230246251565e-16,20,0,0,0.029453637402646744,0.02611321161634209,0.03170113595978362,0.024882864336958105,0.029864630846533517,0.02450778966800657,0.025332416538264034,0.026557273202402285,0.026472582453764822,0.12569588541751534,0.055093920468739524,0.09238366830243824,0.05735133019933589,0.09145632366553616,0.07647414776984386,0.0982506642972772,0.04839007689963132,0.06522090537709363,0.033306759677258505,0.011490775900628556
2026-06-30,2026-07-31,rr_erc_pathB_loim_vols_histfreq_cat,loim_regime_parity,,0.0010882170903567176,1.1102230246251565e-16,20,0,0,0.02943417624015105,0.02615474385573971,0.031714052832477885,0.024927014936669968,0.029876994571484846,0.024561823769284577,0.02538288840116648,0.026581778881460842,0.02652762201155483,0.12587967655798224,0.05405840248038109,0.09248861984636866,0.05739516255133552,0.09157804913254121,0.07655330513425287,0.09827705170423874,0.048479167371659616,0.06535023749870254,0.03332169426142135,0.01145753796112596
2026-07-31,2026-08-31,rr_erc_pathB_loim_vols_histfreq_cat,loim_regime_parity,,0.0019863758675530844,0.0,20,0,0,0.029473472726762033,0.026088072201064377,0.03189071445706949,0.02482423745328645,0.02999667563587973,0.024439601789813418,0.025427309718432257,0.02636156079256293,0.026644752663045668,0.12588239394986941,0.054675739440598295,0.09200549888199348,0.057186041245308517,0.09141372302261103,0.07599575397756927,0.09821668458012961,0.048571491675502655,0.0658653046182717,0.03343605514650492,0.011604916023724774
2026-08-31,2026-09-16,rr_erc_pathB_loim_vols_histfreq_cat,loim_regime_parity,,0.002288613347275467,1.1102230246251565e-16,20,0,0,0.02940099024173802,0.026070191405951133,0.03179151443551616,0.024835035719668344,0.029907744543328584,0.02450654756069432,0.025470011295447244,0.02631291685587176,0.026681851246311047,0.12659861345946932,0.05316576903980509,0.09218712130996956,0.05720537691913888,0.0918824700914497,0.07603069784863534,0.09892688517855072,0.04851472245653592,0.06585811975933178,0.03331298821160709,0.011340432420979896
