decision_date,date,strategy_id,split,first,last,depth,n,n_left,n_right,fallback,gamma_max,gamma_initial,gamma,n_halvings,reason,hrp_fallback
2016-10-31,2016-11-30,schur_g050,0,XBI,VOOV,0,69,34,35,False,0.999999,0.4999995,0.4999995,0,,False
2016-10-31,2016-11-30,schur_g050,1,XBI,IJK,1,34,17,17,True,0.999999,0.4999995,0.24999975,1,gamma=0.499999: b_A <= 0.05,False
2016-10-31,2016-11-30,schur_g050,2,XBI,SDY,2,17,8,9,False,0.999999,0.4999995,0.4999995,0,,False
2016-10-31,2016-11-30,schur_g050,3,XBI,XRT,3,8,4,4,True,0.999999,0.4999995,0.24999975,1,"gamma=0.499999: b_A <= 0.05, b_D <= 0.05",False
2016-10-31,2016-11-30,schur_g050,4,EWC,SDY,3,9,4,5,True,0.999999,0.4999995,0.24999975,1,gamma=0.499999: b_A <= 0.05,False
2016-10-31,2016-11-30,schur_g050,5,SCZ,IJK,2,17,8,9,False,0.999999,0.4999995,0.4999995,0,,False
2016-10-31,2016-11-30,schur_g050,6,SCZ,EFA,3,8,4,4,False,0.999999,0.4999995,0.4999995,0,,False
2016-10-31,2016-11-30,schur_g050,7,VEA,IJK,3,9,4,5,False,0.999999,0.4999995,0.4999995,0,,False
2016-10-31,2016-11-30,schur_g050,8,IWC,VOOV,1,35,17,18,False,0.999999,0.4999995,0.4999995,0,,False
2016-10-31,2016-11-30,schur_g050,9,IWC,IWR,2,17,8,9,False,0.999999,0.4999995,0.4999995,0,,False
2016-10-31,2016-11-30,schur_g050,10,IWC,IJS,3,8,4,4,False,0.999999,0.4999995,0.4999995,0,,False
2016-10-31,2016-11-30,schur_g050,11,IWN,IWR,3,9,4,5,False,0.999999,0.4999995,0.4999995,0,,False
2016-10-31,2016-11-30,schur_g050,12,VO,VOOV,2,18,9,9,False,0.999999,0.4999995,0.4999995,0,,False
2016-10-31,2016-11-30,schur_g050,13,VO,SCHX,3,9,4,5,False,0.999999,0.4999995,0.4999995,0,,False
2016-10-31,2016-11-30,schur_g050,14,IWB,VOOV,3,9,4,5,False,0.999999,0.4999995,0.4999995,0,,False
2016-11-30,2016-12-30,schur_g050,0,XBI,IWD,0,69,34,35,False,0.999999,0.4999995,0.4999995,0,,False
2016-11-30,2016-12-30,schur_g050,1,XBI,IJK,1,34,17,17,False,0.999999,0.4999995,0.4999995,0,,False
2016-11-30,2016-12-30,schur_g050,2,XBI,DVY,2,17,8,9,True,0.999999,0.4999995,0.124999875,2,gamma=0.499999: b_A <= 0.05; gamma=0.25: b_A <= 0.05,False
2016-11-30,2016-12-30,schur_g050,3,XBI,KRE,3,8,4,4,True,0.999999,0.4999995,0.0624999375,3,gamma=0.499999: b_A <= 0.05; gamma=0.25: b_A <= 0.05; gamma=0.125: b_A <= 0.05,False
2016-11-30,2016-12-30,schur_g050,4,EFAV,DVY,3,9,4,5,True,0.999999,0.4999995,0.24999975,1,gamma=0.499999: b_A <= 0.05,False
2016-11-30,2016-12-30,schur_g050,5,SDY,IJK,2,17,8,9,False,0.999999,0.4999995,0.4999995,0,,False
2016-11-30,2016-12-30,schur_g050,6,SDY,EFA,3,8,4,4,False,0.999999,0.4999995,0.4999995,0,,False
2016-11-30,2016-12-30,schur_g050,7,VEA,IJK,3,9,4,5,True,0.999999,0.4999995,0.24999975,1,gamma=0.499999: b_D <= 0.05,False
2016-11-30,2016-12-30,schur_g050,8,IJJ,IWD,1,35,17,18,False,0.999999,0.4999995,0.4999995,0,,False
2016-11-30,2016-12-30,schur_g050,9,IJJ,IJH,2,17,8,9,False,0.999999,0.4999995,0.4999995,0,,False
2016-11-30,2016-12-30,schur_g050,10,IJJ,VIOG,3,8,4,4,False,0.999999,0.4999995,0.4999995,0,,False
2016-11-30,2016-12-30,schur_g050,11,IWO,IJH,3,9,4,5,True,0.999999,0.4999995,0.24999975,1,gamma=0.499999: b_A <= 0.05,False
2016-11-30,2016-12-30,schur_g050,12,MDY,IWD,2,18,9,9,False,0.999999,0.4999995,0.4999995,0,,False
2016-11-30,2016-12-30,schur_g050,13,MDY,VOO,3,9,4,5,False,0.999999,0.4999995,0.4999995,0,,False
2016-11-30,2016-12-30,schur_g050,14,IVV,IWD,3,9,4,5,False,0.999999,0.4999995,0.4999995,0,,False
2016-12-30,2017-01-31,schur_g050,0,XBI,FEZ,0,69,34,35,False,0.999999,0.4999995,0.4999995,0,,False
2016-12-30,2017-01-31,schur_g050,1,XBI,IJR,1,34,17,17,False,0.999999,0.4999995,0.4999995,0,,False
2016-12-30,2017-01-31,schur_g050,2,XBI,DVY,2,17,8,9,True,0.999999,0.4999995,0.124999875,2,gamma=0.499999: b_A <= 0.05; gamma=0.25: b_A <= 0.05,False
2016-12-30,2017-01-31,schur_g050,3,XBI,KRE,3,8,4,4,True,0.999999,0.4999995,0.03124996875,4,gamma=0.499999: b_A <= 0.05; gamma=0.25: b_A <= 0.05; gamma=0.125: b_A <= 0.05; gamma=0.0624999: b_A <= 0.05,False
2016-12-30,2017-01-31,schur_g050,4,EFAV,DVY,3,9,4,5,True,0.999999,0.4999995,0.24999975,1,gamma=0.499999: b_A <= 0.05,False
2016-12-30,2017-01-31,schur_g050,5,SDY,IJR,2,17,8,9,False,0.999999,0.4999995,0.4999995,0,,False
2016-12-30,2017-01-31,schur_g050,6,SDY,IJJ,3,8,4,4,False,0.999999,0.4999995,0.4999995,0,,False
2016-12-30,2017-01-31,schur_g050,7,IWC,IJR,3,9,4,5,False,0.999999,0.4999995,0.4999995,0,,False
2016-12-30,2017-01-31,schur_g050,8,IJT,FEZ,1,35,17,18,False,0.999999,0.4999995,0.4999995,0,,False
2016-12-30,2017-01-31,schur_g050,9,IJT,SPYV,2,17,8,9,False,0.999999,0.4999995,0.4999995,0,,False
2016-12-30,2017-01-31,schur_g050,10,IJT,IYY,3,8,4,4,False,0.999999,0.4999995,0.4999995,0,,False
2016-12-30,2017-01-31,schur_g050,11,VOO,SPYV,3,9,4,5,False,0.999999,0.4999995,0.4999995,0,,False
2016-12-30,2017-01-31,schur_g050,12,VTV,FEZ,2,18,9,9,False,0.999999,0.4999995,0.4999995,0,,False
2016-12-30,2017-01-31,schur_g050,13,VTV,EFV,3,9,4,5,False,0.999999,0.4999995,0.4999995,0,,False
2016-12-30,2017-01-31,schur_g050,14,ACWX,FEZ,3,9,4,5,True,0.999999,0.4999995,0.124999875,2,gamma=0.499999: b_D <= 0.05; gamma=0.25: b_D <= 0.05,False
2017-01-31,2017-02-28,schur_g050,0,XBI,FEZ,0,69,34,35,False,0.999999,0.4999995,0.4999995,0,,False
2017-01-31,2017-02-28,schur_g050,1,XBI,IJR,1,34,17,17,True,0.999999,0.4999995,0.24999975,1,gamma=0.499999: b_A <= 0.05,False
2017-01-31,2017-02-28,schur_g050,2,XBI,SDY,2,17,8,9,False,0.999999,0.4999995,0.4999995,0,,False
2017-01-31,2017-02-28,schur_g050,3,XBI,KRE,3,8,4,4,True,0.999999,0.4999995,0.0624999375,3,gamma=0.499999: b_A <= 0.05; gamma=0.25: b_A <= 0.05; gamma=0.125: b_A <= 0.05,False
2017-01-31,2017-02-28,schur_g050,4,EFAV,SDY,3,9,4,5,True,0.999999,0.4999995,0.24999975,1,gamma=0.499999: b_A <= 0.05,False
2017-01-31,2017-02-28,schur_g050,5,SCZ,IJR,2,17,8,9,False,0.999999,0.4999995,0.4999995,0,,False
2017-01-31,2017-02-28,schur_g050,6,SCZ,IJJ,3,8,4,4,False,0.999999,0.4999995,0.4999995,0,,False
2017-01-31,2017-02-28,schur_g050,7,IWC,IJR,3,9,4,5,False,0.999999,0.4999995,0.4999995,0,,False
2017-01-31,2017-02-28,schur_g050,8,IJT,FEZ,1,35,17,18,False,0.999999,0.4999995,0.4999995,0,,False
2017-01-31,2017-02-28,schur_g050,9,IJT,SPYV,2,17,8,9,False,0.999999,0.4999995,0.4999995,0,,False
2017-01-31,2017-02-28,schur_g050,10,IJT,IYY,3,8,4,4,False,0.999999,0.4999995,0.4999995,0,,False
2017-01-31,2017-02-28,schur_g050,11,VOO,SPYV,3,9,4,5,False,0.999999,0.4999995,0.4999995,0,,False
2017-01-31,2017-02-28,schur_g050,12,VTV,FEZ,2,18,9,9,False,0.999999,0.4999995,0.4999995,0,,False
2017-01-31,2017-02-28,schur_g050,13,VTV,EFV,3,9,4,5,False,0.999999,0.4999995,0.4999995,0,,False
2017-01-31,2017-02-28,schur_g050,14,ACWX,FEZ,3,9,4,5,True,0.999999,0.4999995,0.24999975,1,gamma=0.499999: b_D <= 0.05,False
2017-02-28,2017-03-31,schur_g050,0,INDA,FEZ,0,70,35,35,False,0.999999,0.4999995,0.4999995,0,,False
2017-02-28,2017-03-31,schur_g050,1,INDA,IJR,1,35,17,18,False,0.999999,0.4999995,0.4999995,0,,False
2017-02-28,2017-03-31,schur_g050,2,INDA,DVY,2,17,8,9,True,0.999999,0.4999995,0.124999875,2,"gamma=0.499999: b_A <= 0.05, b_D <= 0.05; gamma=0.25: b_A <= 0.05",False
2017-02-28,2017-03-31,schur_g050,3,INDA,KBE,3,8,4,4,True,0.999999,0.4999995,0.00390624609375,7,gamma=0.499999: b_A <= 0.05; gamma=0.25: b_A <= 0.05; gamma=0.125: b_A <= 0.05; gamma=0.0624999: b_A <= 0.05; gamma=0.03125: b_A <= 0.05; gamma=0.015625: b_A <= 0.05; gamma=0.00781249: b_A <= 0.05,False
2017-02-28,2017-03-31,schur_g050,4,KRE,DVY,3,9,4,5,True,0.999999,0.4999995,0.124999875,2,gamma=0.499999: b_D <= 0.05; gamma=0.25: b_D <= 0.05,False
2017-02-28,2017-03-31,schur_g050,5,SDY,IJR,2,18,9,9,False,0.999999,0.4999995,0.4999995,0,,False
2017-02-28,2017-03-31,schur_g050,6,SDY,IJJ,3,9,4,5,False,0.999999,0.4999995,0.4999995,0,,False
2017-02-28,2017-03-31,schur_g050,7,IWC,IJR,3,9,4,5,False,0.999999,0.4999995,0.4999995,0,,False
2017-02-28,2017-03-31,schur_g050,8,IJT,FEZ,1,35,17,18,False,0.999999,0.4999995,0.4999995,0,,False
2017-02-28,2017-03-31,schur_g050,9,IJT,SPYV,2,17,8,9,False,0.999999,0.4999995,0.4999995,0,,False
2017-02-28,2017-03-31,schur_g050,10,IJT,IYY,3,8,4,4,True,0.999999,0.4999995,0.24999975,1,gamma=0.499999: b_A <= 0.05,False
2017-02-28,2017-03-31,schur_g050,11,VOO,SPYV,3,9,4,5,False,0.999999,0.4999995,0.4999995,0,,False
2017-02-28,2017-03-31,schur_g050,12,VTV,FEZ,2,18,9,9,False,0.999999,0.4999995,0.4999995,0,,False
2017-02-28,2017-03-31,schur_g050,13,VTV,EFV,3,9,4,5,False,0.999999,0.4999995,0.4999995,0,,False
2017-02-28,2017-03-31,schur_g050,14,ACWX,FEZ,3,9,4,5,True,0.999999,0.4999995,0.24999975,1,gamma=0.499999: b_D <= 0.05,False
2017-03-31,2017-04-28,schur_g050,0,INDA,FEZ,0,70,35,35,False,0.999999,0.4999995,0.4999995,0,,False
2017-03-31,2017-04-28,schur_g050,1,INDA,IJR,1,35,17,18,False,0.999999,0.4999995,0.4999995,0,,False
2017-03-31,2017-04-28,schur_g050,2,INDA,SCZ,2,17,8,9,True,0.999999,0.4999995,0.24999975,1,"gamma=0.499999: b_A <= 0.05, b_D <= 0.05",False
2017-03-31,2017-04-28,schur_g050,3,INDA,KBE,3,8,4,4,True,0.999999,0.4999995,0.0624999375,3,gamma=0.499999: b_A <= 0.05; gamma=0.25: b_A <= 0.05; gamma=0.125: b_A <= 0.05,False
2017-03-31,2017-04-28,schur_g050,4,KRE,SCZ,3,9,4,5,True,0.999999,0.4999995,0.124999875,2,gamma=0.499999: b_D <= 0.05; gamma=0.25: b_D <= 0.05,False
2017-03-31,2017-04-28,schur_g050,5,DVY,IJR,2,18,9,9,False,0.999999,0.4999995,0.4999995,0,,False
2017-03-31,2017-04-28,schur_g050,6,DVY,IJJ,3,9,4,5,False,0.999999,0.4999995,0.4999995,0,,False
2017-03-31,2017-04-28,schur_g050,7,IWC,IJR,3,9,4,5,False,0.999999,0.4999995,0.4999995,0,,False
2017-03-31,2017-04-28,schur_g050,8,IJT,FEZ,1,35,17,18,False,0.999999,0.4999995,0.4999995,0,,False
2017-03-31,2017-04-28,schur_g050,9,IJT,SPYV,2,17,8,9,False,0.999999,0.4999995,0.4999995,0,,False
2017-03-31,2017-04-28,schur_g050,10,IJT,IYY,3,8,4,4,True,0.999999,0.4999995,0.24999975,1,gamma=0.499999: b_A <= 0.05,False
2017-03-31,2017-04-28,schur_g050,11,VOO,SPYV,3,9,4,5,False,0.999999,0.4999995,0.4999995,0,,False
2017-03-31,2017-04-28,schur_g050,12,VTV,FEZ,2,18,9,9,False,0.999999,0.4999995,0.4999995,0,,False
2017-03-31,2017-04-28,schur_g050,13,VTV,EFV,3,9,4,5,False,0.999999,0.4999995,0.4999995,0,,False
2017-03-31,2017-04-28,schur_g050,14,ACWX,FEZ,3,9,4,5,True,0.999999,0.4999995,0.24999975,1,gamma=0.499999: b_D <= 0.05,False
2017-04-28,2017-05-31,schur_g050,0,INDA,IWD,0,70,35,35,False,0.999999,0.4999995,0.4999995,0,,False
2017-04-28,2017-05-31,schur_g050,1,INDA,IWS,1,35,17,18,True,0.999999,0.4999995,0.24999975,1,gamma=0.499999: b_A <= 0.05,False
2017-04-28,2017-05-31,schur_g050,2,INDA,DVY,2,17,8,9,True,0.999999,0.4999995,0.24999975,1,gamma=0.499999: b_A <= 0.05,False
2017-04-28,2017-05-31,schur_g050,3,INDA,KBE,3,8,4,4,True,0.999999,0.4999995,0.24999975,1,gamma=0.499999: b_A <= 0.05,False
2017-04-28,2017-05-31,schur_g050,4,KRE,DVY,3,9,4,5,True,0.999999,0.4999995,0.24999975,1,gamma=0.499999: b_D <= 0.05,False
2017-04-28,2017-05-31,schur_g050,5,SCZ,IWS,2,18,9,9,False,0.999999,0.4999995,0.4999995,0,,False
2017-04-28,2017-05-31,schur_g050,6,SCZ,SCHF,3,9,4,5,False,0.999999,0.4999995,0.4999995,0,,False
2017-04-28,2017-05-31,schur_g050,7,VEA,IWS,3,9,4,5,False,0.999999,0.4999995,0.4999995,0,,False
2017-04-28,2017-05-31,schur_g050,8,IJK,IWD,1,35,17,18,False,0.999999,0.4999995,0.4999995,0,,False
2017-04-28,2017-05-31,schur_g050,9,IJK,SCHM,2,17,8,9,False,0.999999,0.4999995,0.4999995,0,,False
2017-04-28,2017-05-31,schur_g050,10,IJK,IWM,3,8,4,4,True,0.999999,0.4999995,0.24999975,1,gamma=0.499999: b_D <= 0.05,False
2017-04-28,2017-05-31,schur_g050,11,VTWO,SCHM,3,9,4,5,False,0.999999,0.4999995,0.4999995,0,,False
2017-04-28,2017-05-31,schur_g050,12,IJH,IWD,2,18,9,9,False,0.999999,0.4999995,0.4999995,0,,False
2017-04-28,2017-05-31,schur_g050,13,IJH,VV,3,9,4,5,False,0.999999,0.4999995,0.4999995,0,,False
2017-04-28,2017-05-31,schur_g050,14,IVV,IWD,3,9,4,5,False,0.999999,0.4999995,0.4999995,0,,False
2017-05-31,2017-06-30,schur_g050,0,XBI,IWD,0,70,35,35,False,0.999999,0.4999995,0.4999995,0,,False
2017-05-31,2017-06-30,schur_g050,1,XBI,IWS,1,35,17,18,True,0.999999,0.4999995,0.24999975,1,gamma=0.499999: b_A <= 0.05,False
2017-05-31,2017-06-30,schur_g050,2,XBI,DVY,2,17,8,9,False,0.999999,0.4999995,0.4999995,0,,False
2017-05-31,2017-06-30,schur_g050,3,XBI,KBE,3,8,4,4,True,0.999999,0.4999995,0.0624999375,3,gamma=0.499999: b_A <= 0.05; gamma=0.25: b_A <= 0.05; gamma=0.125: b_A <= 0.05,False
2017-05-31,2017-06-30,schur_g050,4,KRE,DVY,3,9,4,5,True,0.999999,0.4999995,0.124999875,2,gamma=0.499999: b_D <= 0.05; gamma=0.25: b_D <= 0.05,False
2017-05-31,2017-06-30,schur_g050,5,SDY,IWS,2,18,9,9,False,0.999999,0.4999995,0.4999995,0,,False
2017-05-31,2017-06-30,schur_g050,6,SDY,SCHF,3,9,4,5,False,0.999999,0.4999995,0.4999995,0,,False
2017-05-31,2017-06-30,schur_g050,7,VEA,IWS,3,9,4,5,False,0.999999,0.4999995,0.4999995,0,,False
2017-05-31,2017-06-30,schur_g050,8,IJK,IWD,1,35,17,18,False,0.999999,0.4999995,0.4999995,0,,False
2017-05-31,2017-06-30,schur_g050,9,IJK,SCHM,2,17,8,9,False,0.999999,0.4999995,0.4999995,0,,False
2017-05-31,2017-06-30,schur_g050,10,IJK,IJR,3,8,4,4,True,0.999999,0.4999995,0.24999975,1,gamma=0.499999: b_D <= 0.05,False
2017-05-31,2017-06-30,schur_g050,11,IJT,SCHM,3,9,4,5,False,0.999999,0.4999995,0.4999995,0,,False
2017-05-31,2017-06-30,schur_g050,12,IJH,IWD,2,18,9,9,False,0.999999,0.4999995,0.4999995,0,,False
2017-05-31,2017-06-30,schur_g050,13,IJH,VV,3,9,4,5,False,0.999999,0.4999995,0.4999995,0,,False
2017-05-31,2017-06-30,schur_g050,14,IVV,IWD,3,9,4,5,False,0.999999,0.4999995,0.4999995,0,,False
2017-06-30,2017-07-31,schur_g050,0,XBI,SDY,0,70,35,35,False,0.999999,0.4999995,0.4999995,0,,False
2017-06-30,2017-07-31,schur_g050,1,XBI,IJK,1,35,17,18,False,0.999999,0.4999995,0.4999995,0,,False
2017-06-30,2017-07-31,schur_g050,2,XBI,SCZ,2,17,8,9,True,0.999999,0.4999995,0.24999975,1,"gamma=0.499999: b_A <= 0.05, b_D <= 0.05",False
2017-06-30,2017-07-31,schur_g050,3,XBI,KBE,3,8,4,4,True,0.999999,0.4999995,0.0624999375,3,gamma=0.499999: b_A <= 0.05; gamma=0.25: b_A <= 0.05; gamma=0.125: b_A <= 0.05,False
2017-06-30,2017-07-31,schur_g050,4,KRE,SCZ,3,9,4,5,True,0.999999,0.4999995,0.0624999375,3,gamma=0.499999: b_D <= 0.05; gamma=0.25: b_D <= 0.05; gamma=0.125: b_D <= 0.05,False
2017-06-30,2017-07-31,schur_g050,5,ACWI,IJK,2,18,9,9,False,0.999999,0.4999995,0.4999995,0,,False
2017-06-30,2017-07-31,schur_g050,6,ACWI,EZU,3,9,4,5,False,0.999999,0.4999995,0.4999995,0,,False
2017-06-30,2017-07-31,schur_g050,7,FEZ,IJK,3,9,4,5,True,0.999999,0.4999995,0.24999975,1,gamma=0.499999: b_A <= 0.05,False
2017-06-30,2017-07-31,schur_g050,8,IWO,SDY,1,35,17,18,False,0.999999,0.4999995,0.4999995,0,,False
2017-06-30,2017-07-31,schur_g050,9,IWO,MDY,2,17,8,9,False,0.999999,0.4999995,0.4999995,0,,False
2017-06-30,2017-07-31,schur_g050,10,IWO,VXF,3,8,4,4,False,0.999999,0.4999995,0.4999995,0,,False
2017-06-30,2017-07-31,schur_g050,11,SCHA,MDY,3,9,4,5,False,0.999999,0.4999995,0.4999995,0,,False
2017-06-30,2017-07-31,schur_g050,12,IYY,SDY,2,18,9,9,False,0.999999,0.4999995,0.4999995,0,,False
2017-06-30,2017-07-31,schur_g050,13,IYY,SPY,3,9,4,5,False,0.999999,0.4999995,0.4999995,0,,False
2017-06-30,2017-07-31,schur_g050,14,VTV,SDY,3,9,4,5,False,0.999999,0.4999995,0.4999995,0,,False
2017-07-31,2017-08-31,schur_g050,0,XBI,SDY,0,70,35,35,False,0.999999,0.4999995,0.4999995,0,,False
2017-07-31,2017-08-31,schur_g050,1,XBI,IVE,1,35,17,18,False,0.999999,0.4999995,0.4999995,0,,False
2017-07-31,2017-08-31,schur_g050,2,XBI,SCZ,2,17,8,9,True,0.999999,0.4999995,0.124999875,2,"gamma=0.499999: b_A <= 0.05, b_D <= 0.05; gamma=0.25: b_A <= 0.05",False
2017-07-31,2017-08-31,schur_g050,3,XBI,KBE,3,8,4,4,True,0.999999,0.4999995,0.0624999375,3,gamma=0.499999: b_A <= 0.05; gamma=0.25: b_A <= 0.05; gamma=0.125: b_A <= 0.05,False
2017-07-31,2017-08-31,schur_g050,4,KRE,SCZ,3,9,4,5,True,0.999999,0.4999995,0.124999875,2,gamma=0.499999: b_D <= 0.05; gamma=0.25: b_D <= 0.05,False
2017-07-31,2017-08-31,schur_g050,5,ACWI,IVE,2,18,9,9,False,0.999999,0.4999995,0.4999995,0,,False
2017-07-31,2017-08-31,schur_g050,6,ACWI,EZU,3,9,4,5,False,0.999999,0.4999995,0.4999995,0,,False
2017-07-31,2017-08-31,schur_g050,7,FEZ,IVE,3,9,4,5,True,0.999999,0.4999995,0.24999975,1,gamma=0.499999: b_A <= 0.05,False
2017-07-31,2017-08-31,schur_g050,8,VOOV,SDY,1,35,17,18,False,0.999999,0.4999995,0.4999995,0,,False
2017-07-31,2017-08-31,schur_g050,9,VOOV,IWC,2,17,8,9,False,0.999999,0.4999995,0.4999995,0,,False
2017-07-31,2017-08-31,schur_g050,10,VOOV,IYY,3,8,4,4,False,0.999999,0.4999995,0.4999995,0,,False
2017-07-31,2017-08-31,schur_g050,11,SCHX,IWC,3,9,4,5,False,0.999999,0.4999995,0.4999995,0,,False
2017-07-31,2017-08-31,schur_g050,12,IWO,SDY,2,18,9,9,False,0.999999,0.4999995,0.4999995,0,,False
2017-07-31,2017-08-31,schur_g050,13,IWO,IWM,3,9,4,5,False,0.999999,0.4999995,0.4999995,0,,False
2017-07-31,2017-08-31,schur_g050,14,VTWO,SDY,3,9,4,5,False,0.999999,0.4999995,0.4999995,0,,False
2017-08-31,2017-09-29,schur_g050,0,XBI,SDY,0,70,35,35,False,0.999999,0.4999995,0.4999995,0,,False
2017-08-31,2017-09-29,schur_g050,1,XBI,IJK,1,35,17,18,False,0.999999,0.4999995,0.4999995,0,,False
2017-08-31,2017-09-29,schur_g050,2,XBI,SCZ,2,17,8,9,True,0.999999,0.4999995,0.24999975,1,"gamma=0.499999: b_A <= 0.05, b_D <= 0.05",False
2017-08-31,2017-09-29,schur_g050,3,XBI,KBE,3,8,4,4,True,0.999999,0.4999995,0.0624999375,3,gamma=0.499999: b_A <= 0.05; gamma=0.25: b_A <= 0.05; gamma=0.125: b_A <= 0.05,False
2017-08-31,2017-09-29,schur_g050,4,KRE,SCZ,3,9,4,5,True,0.999999,0.4999995,0.03124996875,4,gamma=0.499999: b_D <= 0.05; gamma=0.25: b_D <= 0.05; gamma=0.125: b_D <= 0.05; gamma=0.0624999: b_D <= 0.05,False
2017-08-31,2017-09-29,schur_g050,5,ACWI,IJK,2,18,9,9,False,0.999999,0.4999995,0.4999995,0,,False
2017-08-31,2017-09-29,schur_g050,6,ACWI,EZU,3,9,4,5,False,0.999999,0.4999995,0.4999995,0,,False
2017-08-31,2017-09-29,schur_g050,7,FEZ,IJK,3,9,4,5,True,0.999999,0.4999995,0.24999975,1,gamma=0.499999: b_A <= 0.05,False
2017-08-31,2017-09-29,schur_g050,8,IWO,SDY,1,35,17,18,False,0.999999,0.4999995,0.4999995,0,,False
2017-08-31,2017-09-29,schur_g050,9,IWO,MDY,2,17,8,9,False,0.999999,0.4999995,0.4999995,0,,False
2017-08-31,2017-09-29,schur_g050,10,IWO,VXF,3,8,4,4,False,0.999999,0.4999995,0.4999995,0,,False
2017-08-31,2017-09-29,schur_g050,11,SCHA,MDY,3,9,4,5,False,0.999999,0.4999995,0.4999995,0,,False
2017-08-31,2017-09-29,schur_g050,12,VOO,SDY,2,18,9,9,False,0.999999,0.4999995,0.4999995,0,,False
2017-08-31,2017-09-29,schur_g050,13,VOO,VV,3,9,4,5,False,0.999999,0.4999995,0.4999995,0,,False
2017-08-31,2017-09-29,schur_g050,14,VTV,SDY,3,9,4,5,False,0.999999,0.4999995,0.4999995,0,,False
2017-09-29,2017-10-31,schur_g050,0,INDA,SDY,0,70,35,35,False,0.999999,0.4999995,0.4999995,0,,False
2017-09-29,2017-10-31,schur_g050,1,INDA,IVV,1,35,17,18,False,0.999999,0.4999995,0.4999995,0,,False
2017-09-29,2017-10-31,schur_g050,2,INDA,SCZ,2,17,8,9,True,0.999999,0.4999995,0.24999975,1,"gamma=0.499999: b_A <= 0.05, b_D <= 0.05",False
2017-09-29,2017-10-31,schur_g050,3,INDA,KBE,3,8,4,4,True,0.999999,0.4999995,0.03124996875,4,gamma=0.499999: b_A <= 0.05; gamma=0.25: b_A <= 0.05; gamma=0.125: b_A <= 0.05; gamma=0.0624999: b_A <= 0.05,False
2017-09-29,2017-10-31,schur_g050,4,KRE,SCZ,3,9,4,5,True,0.999999,0.4999995,0.0624999375,3,gamma=0.499999: b_D <= 0.05; gamma=0.25: b_D <= 0.05; gamma=0.125: b_D <= 0.05,False
2017-09-29,2017-10-31,schur_g050,5,SPYM,IVV,2,18,9,9,False,0.999999,0.4999995,0.4999995,0,,False
2017-09-29,2017-10-31,schur_g050,6,SPYM,IUSV,3,9,4,5,False,0.999999,0.4999995,0.4999995,0,,False
2017-09-29,2017-10-31,schur_g050,7,IWD,IVV,3,9,4,5,False,0.999999,0.4999995,0.4999995,0,,False
2017-09-29,2017-10-31,schur_g050,8,SPY,SDY,1,35,17,18,False,0.999999,0.4999995,0.4999995,0,,False
2017-09-29,2017-10-31,schur_g050,9,SPY,IWR,2,17,8,9,False,0.999999,0.4999995,0.4999995,0,,False
2017-09-29,2017-10-31,schur_g050,10,SPY,VIOG,3,8,4,4,True,0.999999,0.4999995,0.24999975,1,gamma=0.499999: b_D <= 0.05,False
2017-09-29,2017-10-31,schur_g050,11,IWN,IWR,3,9,4,5,False,0.999999,0.4999995,0.4999995,0,,False
2017-09-29,2017-10-31,schur_g050,12,VO,SDY,2,18,9,9,False,0.999999,0.4999995,0.4999995,0,,False
2017-09-29,2017-10-31,schur_g050,13,VO,VEU,3,9,4,5,False,0.999999,0.4999995,0.4999995,0,,False
2017-09-29,2017-10-31,schur_g050,14,EFA,SDY,3,9,4,5,False,0.999999,0.4999995,0.4999995,0,,False
2017-10-31,2017-11-30,schur_g050,0,XBI,VO,0,72,36,36,False,0.999999,0.4999995,0.4999995,0,,False
2017-10-31,2017-11-30,schur_g050,1,XBI,VYM,1,36,18,18,False,0.999999,0.4999995,0.4999995,0,,False
2017-10-31,2017-11-30,schur_g050,2,XBI,DVY,2,18,9,9,True,0.999999,0.4999995,0.24999975,1,gamma=0.499999: b_D <= 0.05,False
2017-10-31,2017-11-30,schur_g050,3,XBI,KRE,3,9,4,5,False,0.999999,0.4999995,0.4999995,0,,False
2017-10-31,2017-11-30,schur_g050,4,EFAV,DVY,3,9,4,5,True,0.999999,0.4999995,0.015624984375,5,gamma=0.499999: b_D <= 0.05; gamma=0.25: b_D <= 0.05; gamma=0.125: b_D <= 0.05; gamma=0.0624999: b_D <= 0.05; gamma=0.03125: b_D <= 0.05,False
2017-10-31,2017-11-30,schur_g050,5,SDY,VYM,2,18,9,9,False,0.999999,0.4999995,0.4999995,0,,False
2017-10-31,2017-11-30,schur_g050,6,SDY,IEFA,3,9,4,5,True,0.999999,0.4999995,0.24999975,1,gamma=0.499999: b_D <= 0.05,False
2017-10-31,2017-11-30,schur_g050,7,SCHF,VYM,3,9,4,5,False,0.999999,0.4999995,0.4999995,0,,False
2017-10-31,2017-11-30,schur_g050,8,VTV,VO,1,36,18,18,False,0.999999,0.4999995,0.4999995,0,,False
2017-10-31,2017-11-30,schur_g050,9,VTV,IWP,2,18,9,9,False,0.999999,0.4999995,0.4999995,0,,False
2017-10-31,2017-11-30,schur_g050,10,VTV,IYY,3,9,4,5,False,0.999999,0.4999995,0.4999995,0,,False
2017-10-31,2017-11-30,schur_g050,11,IWB,IWP,3,9,4,5,False,0.999999,0.4999995,0.4999995,0,,False
2017-10-31,2017-11-30,schur_g050,12,IJK,VO,2,18,9,9,False,0.999999,0.4999995,0.4999995,0,,False
2017-10-31,2017-11-30,schur_g050,13,IJK,VXF,3,9,4,5,False,0.999999,0.4999995,0.4999995,0,,False
2017-10-31,2017-11-30,schur_g050,14,SCHA,VO,3,9,4,5,True,0.999999,0.4999995,0.24999975,1,gamma=0.499999: b_A <= 0.05,False
2017-11-30,2017-12-29,schur_g050,0,XBI,SDY,0,72,36,36,False,0.999999,0.4999995,0.4999995,0,,False
2017-11-30,2017-12-29,schur_g050,1,XBI,IWP,1,36,18,18,False,0.999999,0.4999995,0.4999995,0,,False
2017-11-30,2017-12-29,schur_g050,2,XBI,SCZ,2,18,9,9,True,0.999999,0.4999995,0.124999875,2,gamma=0.499999: b_D <= 0.05; gamma=0.25: b_D <= 0.05,False
2017-11-30,2017-12-29,schur_g050,3,XBI,KRE,3,9,4,5,False,0.999999,0.4999995,0.4999995,0,,False
2017-11-30,2017-12-29,schur_g050,4,EFAV,SCZ,3,9,4,5,True,0.999999,0.4999995,0.03124996875,4,gamma=0.499999: b_D <= 0.05; gamma=0.25: b_D <= 0.05; gamma=0.125: b_D <= 0.05; gamma=0.0624999: b_D <= 0.05,False
2017-11-30,2017-12-29,schur_g050,5,ACWI,IWP,2,18,9,9,False,0.999999,0.4999995,0.4999995,0,,False
2017-11-30,2017-12-29,schur_g050,6,ACWI,VEA,3,9,4,5,False,0.999999,0.4999995,0.4999995,0,,False
2017-11-30,2017-12-29,schur_g050,7,EZU,IWP,3,9,4,5,True,0.999999,0.4999995,0.24999975,1,gamma=0.499999: b_A <= 0.05,False
2017-11-30,2017-12-29,schur_g050,8,IJK,SDY,1,36,18,18,False,0.999999,0.4999995,0.4999995,0,,False
2017-11-30,2017-12-29,schur_g050,9,IJK,VO,2,18,9,9,False,0.999999,0.4999995,0.4999995,0,,False
2017-11-30,2017-12-29,schur_g050,10,IJK,VXF,3,9,4,5,False,0.999999,0.4999995,0.4999995,0,,False
2017-11-30,2017-12-29,schur_g050,11,SCHA,VO,3,9,4,5,True,0.999999,0.4999995,0.24999975,1,gamma=0.499999: b_A <= 0.05,False
2017-11-30,2017-12-29,schur_g050,12,VOO,SDY,2,18,9,9,False,0.999999,0.4999995,0.4999995,0,,False
2017-11-30,2017-12-29,schur_g050,13,VOO,SPY,3,9,4,5,False,0.999999,0.4999995,0.4999995,0,,False
2017-11-30,2017-12-29,schur_g050,14,VTV,SDY,3,9,4,5,False,0.999999,0.4999995,0.4999995,0,,False
2017-12-29,2018-01-31,schur_g050,0,XBI,SDY,0,72,36,36,False,0.999999,0.4999995,0.4999995,0,,False
2017-12-29,2018-01-31,schur_g050,1,XBI,VOO,1,36,18,18,False,0.999999,0.4999995,0.4999995,0,,False
2017-12-29,2018-01-31,schur_g050,2,XBI,SUSA,2,18,9,9,True,0.999999,0.4999995,0.24999975,1,gamma=0.499999: b_D <= 0.05,False
2017-12-29,2018-01-31,schur_g050,3,XBI,KRE,3,9,4,5,True,0.999999,0.4999995,0.24999975,1,gamma=0.499999: b_A <= 0.05,False
2017-12-29,2018-01-31,schur_g050,4,EFAV,SUSA,3,9,4,5,True,0.999999,0.4999995,0.0624999375,3,gamma=0.499999: b_D <= 0.05; gamma=0.25: b_D <= 0.05; gamma=0.125: b_D <= 0.05,False
2017-12-29,2018-01-31,schur_g050,5,SPYM,VOO,2,18,9,9,False,0.999999,0.4999995,0.4999995,0,,False
2017-12-29,2018-01-31,schur_g050,6,SPYM,IWD,3,9,4,5,False,0.999999,0.4999995,0.4999995,0,,False
2017-12-29,2018-01-31,schur_g050,7,SPY,VOO,3,9,4,5,False,0.999999,0.4999995,0.4999995,0,,False
2017-12-29,2018-01-31,schur_g050,8,IWS,SDY,1,36,18,18,False,0.999999,0.4999995,0.4999995,0,,False
2017-12-29,2018-01-31,schur_g050,9,IWS,SCHM,2,18,9,9,False,0.999999,0.4999995,0.4999995,0,,False
2017-12-29,2018-01-31,schur_g050,10,IWS,IJR,3,9,4,5,False,0.999999,0.4999995,0.4999995,0,,False
2017-12-29,2018-01-31,schur_g050,11,IJS,SCHM,3,9,4,5,False,0.999999,0.4999995,0.4999995,0,,False
2017-12-29,2018-01-31,schur_g050,12,IWR,SDY,2,18,9,9,False,0.999999,0.4999995,0.4999995,0,,False
2017-12-29,2018-01-31,schur_g050,13,IWR,VGK,3,9,4,5,False,0.999999,0.4999995,0.4999995,0,,False
2017-12-29,2018-01-31,schur_g050,14,EFV,SDY,3,9,4,5,False,0.999999,0.4999995,0.4999995,0,,False
2018-01-31,2018-02-28,schur_g050,0,XBI,VEA,0,72,36,36,False,0.999999,0.4999995,0.4999995,0,,False
2018-01-31,2018-02-28,schur_g050,1,XBI,VTI,1,36,18,18,False,0.999999,0.4999995,0.4999995,0,,False
2018-01-31,2018-02-28,schur_g050,2,XBI,PID,2,18,9,9,False,0.999999,0.4999995,0.4999995,0,,False
2018-01-31,2018-02-28,schur_g050,3,XBI,KRE,3,9,4,5,True,0.999999,0.4999995,0.0624999375,3,gamma=0.499999: b_A <= 0.05; gamma=0.25: b_A <= 0.05; gamma=0.125: b_A <= 0.05,False
2018-01-31,2018-02-28,schur_g050,4,USMV,PID,3,9,4,5,False,0.999999,0.4999995,0.4999995,0,,False
2018-01-31,2018-02-28,schur_g050,5,EEM,VTI,2,18,9,9,True,0.999999,0.4999995,0.24999975,1,gamma=0.499999: b_A <= 0.05,False
2018-01-31,2018-02-28,schur_g050,6,EEM,VOOV,3,9,4,5,True,0.999999,0.4999995,0.124999875,2,gamma=0.499999: b_A <= 0.05; gamma=0.25: b_A <= 0.05,False
2018-01-31,2018-02-28,schur_g050,7,IUSV,VTI,3,9,4,5,False,0.999999,0.4999995,0.4999995,0,,False
2018-01-31,2018-02-28,schur_g050,8,SCHX,VEA,1,36,18,18,False,0.999999,0.4999995,0.4999995,0,,False
2018-01-31,2018-02-28,schur_g050,9,SCHX,IWR,2,18,9,9,False,0.999999,0.4999995,0.4999995,0,,False
2018-01-31,2018-02-28,schur_g050,10,SCHX,IJT,3,9,4,5,True,0.999999,0.4999995,0.24999975,1,gamma=0.499999: b_D <= 0.05,False
2018-01-31,2018-02-28,schur_g050,11,VIOG,IWR,3,9,4,5,False,0.999999,0.4999995,0.4999995,0,,False
2018-01-31,2018-02-28,schur_g050,12,VO,VEA,2,18,9,9,False,0.999999,0.4999995,0.4999995,0,,False
2018-01-31,2018-02-28,schur_g050,13,VO,FEZ,3,9,4,5,False,0.999999,0.4999995,0.4999995,0,,False
2018-01-31,2018-02-28,schur_g050,14,IEV,VEA,3,9,4,5,False,0.999999,0.4999995,0.4999995,0,,False
2018-02-28,2018-03-29,schur_g050,0,INDA,JPXN,0,72,36,36,False,0.999999,0.4999995,0.4999995,0,,False
2018-02-28,2018-03-29,schur_g050,1,INDA,SCHX,1,36,18,18,True,0.999999,0.4999995,0.24999975,1,gamma=0.499999: b_A <= 0.05,False
2018-02-28,2018-03-29,schur_g050,2,INDA,EZU,2,18,9,9,True,0.999999,0.4999995,0.24999975,1,"gamma=0.499999: b_A <= 0.05, b_D <= 0.05",False
2018-02-28,2018-03-29,schur_g050,3,INDA,EFAV,3,9,4,5,True,0.999999,0.4999995,0.124999875,2,gamma=0.499999: b_A <= 0.05; gamma=0.25: b_A <= 0.05,False
2018-02-28,2018-03-29,schur_g050,4,EWC,EZU,3,9,4,5,True,0.999999,0.4999995,0.124999875,2,gamma=0.499999: b_D <= 0.05; gamma=0.25: b_D <= 0.05,False
2018-02-28,2018-03-29,schur_g050,5,FEZ,SCHX,2,18,9,9,False,0.999999,0.4999995,0.4999995,0,,False
2018-02-28,2018-03-29,schur_g050,6,FEZ,SCHF,3,9,4,5,False,0.999999,0.4999995,0.4999995,0,,False
2018-02-28,2018-03-29,schur_g050,7,VEA,SCHX,3,9,4,5,False,0.999999,0.4999995,0.4999995,0,,False
2018-02-28,2018-03-29,schur_g050,8,IWB,JPXN,1,36,18,18,False,0.999999,0.4999995,0.4999995,0,,False
2018-02-28,2018-03-29,schur_g050,9,IWB,IJJ,2,18,9,9,False,0.999999,0.4999995,0.4999995,0,,False
2018-02-28,2018-03-29,schur_g050,10,IWB,IWN,3,9,4,5,False,0.999999,0.4999995,0.4999995,0,,False
2018-02-28,2018-03-29,schur_g050,11,IJT,IJJ,3,9,4,5,False,0.999999,0.4999995,0.4999995,0,,False
2018-02-28,2018-03-29,schur_g050,12,IJH,JPXN,2,18,9,9,False,0.999999,0.4999995,0.4999995,0,,False
2018-02-28,2018-03-29,schur_g050,13,IJH,SPYV,3,9,4,5,False,0.999999,0.4999995,0.4999995,0,,False
2018-02-28,2018-03-29,schur_g050,14,IUSV,JPXN,3,9,4,5,True,0.999999,0.4999995,0.24999975,1,gamma=0.499999: b_D <= 0.05,False
2018-03-29,2018-04-30,schur_g050,0,INDA,JPXN,0,72,36,36,False,0.999999,0.4999995,0.4999995,0,,False
2018-03-29,2018-04-30,schur_g050,1,INDA,IWP,1,36,18,18,True,0.999999,0.4999995,0.24999975,1,gamma=0.499999: b_A <= 0.05,False
2018-03-29,2018-04-30,schur_g050,2,INDA,VYM,2,18,9,9,True,0.999999,0.4999995,0.24999975,1,"gamma=0.499999: b_A <= 0.05, b_D <= 0.05",False
2018-03-29,2018-04-30,schur_g050,3,INDA,USMV,3,9,4,5,True,0.999999,0.4999995,0.124999875,2,gamma=0.499999: b_A <= 0.05; gamma=0.25: b_A <= 0.05,False
2018-03-29,2018-04-30,schur_g050,4,EWC,VYM,3,9,4,5,True,0.999999,0.4999995,0.24999975,1,gamma=0.499999: b_D <= 0.05,False
2018-03-29,2018-04-30,schur_g050,5,VTV,IWP,2,18,9,9,False,0.999999,0.4999995,0.4999995,0,,False
2018-03-29,2018-04-30,schur_g050,6,VTV,IWB,3,9,4,5,False,0.999999,0.4999995,0.4999995,0,,False
2018-03-29,2018-04-30,schur_g050,7,IWV,IWP,3,9,4,5,False,0.999999,0.4999995,0.4999995,0,,False
2018-03-29,2018-04-30,schur_g050,8,IJK,JPXN,1,36,18,18,False,0.999999,0.4999995,0.4999995,0,,False
2018-03-29,2018-04-30,schur_g050,9,IJK,VO,2,18,9,9,False,0.999999,0.4999995,0.4999995,0,,False
2018-03-29,2018-04-30,schur_g050,10,IJK,VXF,3,9,4,5,False,0.999999,0.4999995,0.4999995,0,,False
2018-03-29,2018-04-30,schur_g050,11,SCHA,VO,3,9,4,5,False,0.999999,0.4999995,0.4999995,0,,False
2018-03-29,2018-04-30,schur_g050,12,ACWI,JPXN,2,18,9,9,False,0.999999,0.4999995,0.4999995,0,,False
2018-03-29,2018-04-30,schur_g050,13,ACWI,IEFA,3,9,4,5,False,0.999999,0.4999995,0.4999995,0,,False
2018-03-29,2018-04-30,schur_g050,14,EZU,JPXN,3,9,4,5,True,0.999999,0.4999995,0.24999975,1,gamma=0.499999: b_A <= 0.05,False
2018-04-30,2018-05-31,schur_g050,0,XBI,SDY,0,73,36,37,False,0.999999,0.4999995,0.4999995,0,,False
2018-04-30,2018-05-31,schur_g050,1,XBI,SPY,1,36,18,18,False,0.999999,0.4999995,0.4999995,0,,False
2018-04-30,2018-05-31,schur_g050,2,XBI,SCZ,2,18,9,9,True,0.999999,0.4999995,0.124999875,2,"gamma=0.499999: b_A <= 0.05, b_D <= 0.05; gamma=0.25: b_A <= 0.05",False
2018-04-30,2018-05-31,schur_g050,3,XBI,KRE,3,9,4,5,True,0.999999,0.4999995,0.015624984375,5,gamma=0.499999: b_A <= 0.05; gamma=0.25: b_A <= 0.05; gamma=0.125: b_A <= 0.05; gamma=0.0624999: b_A <= 0.05; gamma=0.03125: b_A <= 0.05,False
2018-04-30,2018-05-31,schur_g050,4,SDIV,SCZ,3,9,4,5,True,0.999999,0.4999995,0.124999875,2,gamma=0.499999: b_D <= 0.05; gamma=0.25: b_D <= 0.05,False
2018-04-30,2018-05-31,schur_g050,5,VLUE,SPY,2,18,9,9,False,0.999999,0.4999995,0.4999995,0,,False
2018-04-30,2018-05-31,schur_g050,6,VLUE,VOOV,3,9,4,5,False,0.999999,0.4999995,0.4999995,0,,False
2018-04-30,2018-05-31,schur_g050,7,IUSV,SPY,3,9,4,5,False,0.999999,0.4999995,0.4999995,0,,False
2018-04-30,2018-05-31,schur_g050,8,IVV,SDY,1,37,18,19,False,0.999999,0.4999995,0.4999995,0,,False
2018-04-30,2018-05-31,schur_g050,9,IVV,IWR,2,18,9,9,False,0.999999,0.4999995,0.4999995,0,,False
2018-04-30,2018-05-31,schur_g050,10,IVV,IJT,3,9,4,5,False,0.999999,0.4999995,0.4999995,0,,False
2018-04-30,2018-05-31,schur_g050,11,VIOG,IWR,3,9,4,5,False,0.999999,0.4999995,0.4999995,0,,False
2018-04-30,2018-05-31,schur_g050,12,VO,SDY,2,19,9,10,False,0.999999,0.4999995,0.4999995,0,,False
2018-04-30,2018-05-31,schur_g050,13,VO,VEU,3,9,4,5,False,0.999999,0.4999995,0.4999995,0,,False
2018-04-30,2018-05-31,schur_g050,14,SCHF,SDY,3,10,5,5,True,0.999999,0.4999995,0.24999975,1,gamma=0.499999: b_D <= 0.05,False
2018-05-31,2018-06-29,schur_g050,0,XRT,JPXN,0,73,36,37,False,0.999999,0.4999995,0.4999995,0,,False
2018-05-31,2018-06-29,schur_g050,1,XRT,IWS,1,36,18,18,True,0.999999,0.4999995,0.24999975,1,gamma=0.499999: b_A <= 0.05,False
2018-05-31,2018-06-29,schur_g050,2,XRT,VYM,2,18,9,9,True,0.999999,0.4999995,0.24999975,1,"gamma=0.499999: b_A <= 0.05, b_D <= 0.05",False
2018-05-31,2018-06-29,schur_g050,3,XRT,USMV,3,9,4,5,True,0.999999,0.4999995,0.124999875,2,gamma=0.499999: b_A <= 0.05; gamma=0.25: b_A <= 0.05,False
2018-05-31,2018-06-29,schur_g050,4,EWC,VYM,3,9,4,5,True,0.999999,0.4999995,0.24999975,1,gamma=0.499999: b_D <= 0.05,False
2018-05-31,2018-06-29,schur_g050,5,PRF,IWS,2,18,9,9,False,0.999999,0.4999995,0.4999995,0,,False
2018-05-31,2018-06-29,schur_g050,6,PRF,IYY,3,9,4,5,False,0.999999,0.4999995,0.4999995,0,,False
2018-05-31,2018-06-29,schur_g050,7,SCHX,IWS,3,9,4,5,False,0.999999,0.4999995,0.4999995,0,,False
2018-05-31,2018-06-29,schur_g050,8,IWP,JPXN,1,37,18,19,False,0.999999,0.4999995,0.4999995,0,,False
2018-05-31,2018-06-29,schur_g050,9,IWP,IJH,2,18,9,9,False,0.999999,0.4999995,0.4999995,0,,False
2018-05-31,2018-06-29,schur_g050,10,IWP,IJS,3,9,4,5,False,0.999999,0.4999995,0.4999995,0,,False
2018-05-31,2018-06-29,schur_g050,11,VXF,IJH,3,9,4,5,False,0.999999,0.4999995,0.4999995,0,,False
2018-05-31,2018-06-29,schur_g050,12,MDY,JPXN,2,19,9,10,True,0.999999,0.4999995,0.24999975,1,gamma=0.499999: b_D <= 0.05,False
2018-05-31,2018-06-29,schur_g050,13,MDY,EFA,3,9,4,5,False,0.999999,0.4999995,0.4999995,0,,False
2018-05-31,2018-06-29,schur_g050,14,IEFA,JPXN,3,10,5,5,True,0.999999,0.4999995,0.24999975,1,gamma=0.499999: b_D <= 0.05,False
2018-06-29,2018-07-31,schur_g050,0,XRT,JPXN,0,73,36,37,False,0.999999,0.4999995,0.4999995,0,,False
2018-06-29,2018-07-31,schur_g050,1,XRT,IWS,1,36,18,18,True,0.999999,0.4999995,0.24999975,1,gamma=0.499999: b_A <= 0.05,False
2018-06-29,2018-07-31,schur_g050,2,XRT,VYM,2,18,9,9,True,0.999999,0.4999995,0.24999975,1,"gamma=0.499999: b_A <= 0.05, b_D <= 0.05",False
2018-06-29,2018-07-31,schur_g050,3,XRT,USMV,3,9,4,5,True,0.999999,0.4999995,0.124999875,2,gamma=0.499999: b_A <= 0.05; gamma=0.25: b_A <= 0.05,False
2018-06-29,2018-07-31,schur_g050,4,EWC,VYM,3,9,4,5,True,0.999999,0.4999995,0.24999975,1,gamma=0.499999: b_D <= 0.05,False
2018-06-29,2018-07-31,schur_g050,5,PRF,IWS,2,18,9,9,False,0.999999,0.4999995,0.4999995,0,,False
2018-06-29,2018-07-31,schur_g050,6,PRF,IYY,3,9,4,5,False,0.999999,0.4999995,0.4999995,0,,False
2018-06-29,2018-07-31,schur_g050,7,IWB,IWS,3,9,4,5,False,0.999999,0.4999995,0.4999995,0,,False
2018-06-29,2018-07-31,schur_g050,8,IWP,JPXN,1,37,18,19,False,0.999999,0.4999995,0.4999995,0,,False
2018-06-29,2018-07-31,schur_g050,9,IWP,IWR,2,18,9,9,False,0.999999,0.4999995,0.4999995,0,,False
2018-06-29,2018-07-31,schur_g050,10,IWP,IJS,3,9,4,5,False,0.999999,0.4999995,0.4999995,0,,False
2018-06-29,2018-07-31,schur_g050,11,VXF,IWR,3,9,4,5,False,0.999999,0.4999995,0.4999995,0,,False
2018-06-29,2018-07-31,schur_g050,12,VO,JPXN,2,19,9,10,True,0.999999,0.4999995,0.24999975,1,gamma=0.499999: b_D <= 0.05,False
2018-06-29,2018-07-31,schur_g050,13,VO,EFA,3,9,4,5,False,0.999999,0.4999995,0.4999995,0,,False
2018-06-29,2018-07-31,schur_g050,14,IEFA,JPXN,3,10,5,5,True,0.999999,0.4999995,0.24999975,1,gamma=0.499999: b_D <= 0.05,False
2018-07-31,2018-08-31,schur_g050,0,XRT,SDY,0,74,37,37,False,0.999999,0.4999995,0.4999995,0,,False
2018-07-31,2018-08-31,schur_g050,1,XRT,VV,1,37,18,19,False,0.999999,0.4999995,0.4999995,0,,False
2018-07-31,2018-08-31,schur_g050,2,XRT,VLUE,2,18,9,9,True,0.999999,0.4999995,0.0624999375,3,"gamma=0.499999: b_A <= 0.05, b_D <= 0.05; gamma=0.25: b_A <= 0.05; gamma=0.125: b_A <= 0.05",False
2018-07-31,2018-08-31,schur_g050,3,XRT,KRE,3,9,4,5,True,0.999999,0.4999995,0.0624999375,3,gamma=0.499999: b_A <= 0.05; gamma=0.25: b_A <= 0.05; gamma=0.125: b_A <= 0.05,False
2018-07-31,2018-08-31,schur_g050,4,SDIV,VLUE,3,9,4,5,True,0.999999,0.4999995,0.124999875,2,gamma=0.499999: b_D <= 0.05; gamma=0.25: b_D <= 0.05,False
2018-07-31,2018-08-31,schur_g050,5,SUSA,VV,2,19,9,10,False,0.999999,0.4999995,0.4999995,0,,False
2018-07-31,2018-08-31,schur_g050,6,SUSA,IWD,3,9,4,5,False,0.999999,0.4999995,0.4999995,0,,False
2018-07-31,2018-08-31,schur_g050,7,QUAL,VV,3,10,5,5,False,0.999999,0.4999995,0.4999995,0,,False
2018-07-31,2018-08-31,schur_g050,8,IWB,SDY,1,37,18,19,False,0.999999,0.4999995,0.4999995,0,,False
2018-07-31,2018-08-31,schur_g050,9,IWB,VO,2,18,9,9,False,0.999999,0.4999995,0.4999995,0,,False
2018-07-31,2018-08-31,schur_g050,10,IWB,VIOG,3,9,4,5,False,0.999999,0.4999995,0.4999995,0,,False
2018-07-31,2018-08-31,schur_g050,11,IJR,VO,3,9,4,5,False,0.999999,0.4999995,0.4999995,0,,False
2018-07-31,2018-08-31,schur_g050,12,IJJ,SDY,2,19,9,10,False,0.999999,0.4999995,0.4999995,0,,False
2018-07-31,2018-08-31,schur_g050,13,IJJ,VEU,3,9,4,5,False,0.999999,0.4999995,0.4999995,0,,False
2018-07-31,2018-08-31,schur_g050,14,EFA,SDY,3,10,5,5,True,0.999999,0.4999995,0.24999975,1,gamma=0.499999: b_D <= 0.05,False
2018-08-31,2018-09-28,schur_g050,0,XRT,JPXN,0,74,37,37,False,0.999999,0.4999995,0.4999995,0,,False
2018-08-31,2018-09-28,schur_g050,1,XRT,IWP,1,37,18,19,True,0.999999,0.4999995,0.24999975,1,gamma=0.499999: b_A <= 0.05,False
2018-08-31,2018-09-28,schur_g050,2,XRT,VTV,2,18,9,9,True,0.999999,0.4999995,0.24999975,1,"gamma=0.499999: b_A <= 0.05, b_D <= 0.05",False
2018-08-31,2018-09-28,schur_g050,3,XRT,USMV,3,9,4,5,True,0.999999,0.4999995,0.124999875,2,gamma=0.499999: b_A <= 0.05; gamma=0.25: b_A <= 0.05,False
2018-08-31,2018-09-28,schur_g050,4,EWC,VTV,3,9,4,5,True,0.999999,0.4999995,0.24999975,1,gamma=0.499999: b_D <= 0.05,False
2018-08-31,2018-09-28,schur_g050,5,SPYV,IWP,2,19,9,10,False,0.999999,0.4999995,0.4999995,0,,False
2018-08-31,2018-09-28,schur_g050,6,SPYV,SPYM,3,9,4,5,False,0.999999,0.4999995,0.4999995,0,,False
2018-08-31,2018-09-28,schur_g050,7,VV,IWP,3,10,5,5,False,0.999999,0.4999995,0.4999995,0,,False
2018-08-31,2018-09-28,schur_g050,8,IJK,JPXN,1,37,18,19,False,0.999999,0.4999995,0.4999995,0,,False
2018-08-31,2018-09-28,schur_g050,9,IJK,MDY,2,18,9,9,False,0.999999,0.4999995,0.4999995,0,,False
2018-08-31,2018-09-28,schur_g050,10,IJK,VXF,3,9,4,5,False,0.999999,0.4999995,0.4999995,0,,False
2018-08-31,2018-09-28,schur_g050,11,SCHA,MDY,3,9,4,5,False,0.999999,0.4999995,0.4999995,0,,False
2018-08-31,2018-09-28,schur_g050,12,SCZ,JPXN,2,19,9,10,False,0.999999,0.4999995,0.4999995,0,,False
2018-08-31,2018-09-28,schur_g050,13,SCZ,ACWX,3,9,4,5,True,0.999999,0.4999995,0.24999975,1,gamma=0.499999: b_D <= 0.05,False
2018-08-31,2018-09-28,schur_g050,14,VEU,JPXN,3,10,5,5,True,0.999999,0.4999995,0.24999975,1,gamma=0.499999: b_D <= 0.05,False
2018-09-28,2018-10-31,schur_g050,0,XBI,SDY,0,74,37,37,False,0.999999,0.4999995,0.4999995,0,,False
2018-09-28,2018-10-31,schur_g050,1,XBI,IJJ,1,37,18,19,False,0.999999,0.4999995,0.4999995,0,,False
2018-09-28,2018-10-31,schur_g050,2,XBI,SUSA,2,18,9,9,True,0.999999,0.4999995,0.24999975,1,"gamma=0.499999: b_A <= 0.05, b_D <= 0.05",False
2018-09-28,2018-10-31,schur_g050,3,XBI,KRE,3,9,4,5,True,0.999999,0.4999995,0.0624999375,3,gamma=0.499999: b_A <= 0.05; gamma=0.25: b_A <= 0.05; gamma=0.125: b_A <= 0.05,False
2018-09-28,2018-10-31,schur_g050,4,SDIV,SUSA,3,9,4,5,True,0.999999,0.4999995,0.0624999375,3,gamma=0.499999: b_D <= 0.05; gamma=0.25: b_D <= 0.05; gamma=0.125: b_D <= 0.05,False
2018-09-28,2018-10-31,schur_g050,5,QUAL,IJJ,2,19,9,10,False,0.999999,0.4999995,0.4999995,0,,False
2018-09-28,2018-10-31,schur_g050,6,QUAL,IWM,3,9,4,5,False,0.999999,0.4999995,0.4999995,0,,False
2018-09-28,2018-10-31,schur_g050,7,VTWO,IJJ,3,10,5,5,False,0.999999,0.4999995,0.4999995,0,,False
2018-09-28,2018-10-31,schur_g050,8,IJH,SDY,1,37,18,19,False,0.999999,0.4999995,0.4999995,0,,False
2018-09-28,2018-10-31,schur_g050,9,IJH,IWD,2,18,9,9,False,0.999999,0.4999995,0.4999995,0,,False
2018-09-28,2018-10-31,schur_g050,10,IJH,VTI,3,9,4,5,False,0.999999,0.4999995,0.4999995,0,,False
2018-09-28,2018-10-31,schur_g050,11,IVV,IWD,3,9,4,5,False,0.999999,0.4999995,0.4999995,0,,False
2018-09-28,2018-10-31,schur_g050,12,SPYV,SDY,2,19,9,10,False,0.999999,0.4999995,0.4999995,0,,False
2018-09-28,2018-10-31,schur_g050,13,SPYV,IEV,3,9,4,5,True,0.999999,0.4999995,0.0624999375,3,gamma=0.499999: b_D <= 0.05; gamma=0.25: b_D <= 0.05; gamma=0.125: b_D <= 0.05,False
2018-09-28,2018-10-31,schur_g050,14,VGK,SDY,3,10,5,5,False,0.999999,0.4999995,0.4999995,0,,False
2018-10-31,2018-11-30,schur_g050,0,INDA,SDY,0,74,37,37,False,0.999999,0.4999995,0.4999995,0,,False
2018-10-31,2018-11-30,schur_g050,1,INDA,VTWO,1,37,18,19,False,0.999999,0.4999995,0.4999995,0,,False
2018-10-31,2018-11-30,schur_g050,2,INDA,VLUE,2,18,9,9,True,0.999999,0.4999995,0.124999875,2,"gamma=0.499999: b_A <= 0.05, b_D <= 0.05; gamma=0.25: b_A <= 0.05",False
2018-10-31,2018-11-30,schur_g050,3,INDA,KBE,3,9,4,5,True,0.999999,0.4999995,0.124999875,2,gamma=0.499999: b_A <= 0.05; gamma=0.25: b_A <= 0.05,False
2018-10-31,2018-11-30,schur_g050,4,KRE,VLUE,3,9,4,5,True,0.999999,0.4999995,0.124999875,2,gamma=0.499999: b_D <= 0.05; gamma=0.25: b_D <= 0.05,False
2018-10-31,2018-11-30,schur_g050,5,VYM,VTWO,2,19,9,10,False,0.999999,0.4999995,0.4999995,0,,False
2018-10-31,2018-11-30,schur_g050,6,VYM,SUSA,3,9,4,5,False,0.999999,0.4999995,0.4999995,0,,False
2018-10-31,2018-11-30,schur_g050,7,QUAL,VTWO,3,10,5,5,False,0.999999,0.4999995,0.4999995,0,,False
2018-10-31,2018-11-30,schur_g050,8,IWN,SDY,1,37,18,19,False,0.999999,0.4999995,0.4999995,0,,False
2018-10-31,2018-11-30,schur_g050,9,IWN,IYY,2,18,9,9,False,0.999999,0.4999995,0.4999995,0,,False
2018-10-31,2018-11-30,schur_g050,10,IWN,SCHM,3,9,4,5,True,0.999999,0.4999995,0.24999975,1,gamma=0.499999: b_A <= 0.05,False
2018-10-31,2018-11-30,schur_g050,11,IWR,IYY,3,9,4,5,False,0.999999,0.4999995,0.4999995,0,,False
2018-10-31,2018-11-30,schur_g050,12,IWB,SDY,2,19,9,10,False,0.999999,0.4999995,0.4999995,0,,False
2018-10-31,2018-11-30,schur_g050,13,IWB,VEU,3,9,4,5,False,0.999999,0.4999995,0.4999995,0,,False
2018-10-31,2018-11-30,schur_g050,14,EFA,SDY,3,10,5,5,True,0.999999,0.4999995,0.24999975,1,gamma=0.499999: b_D <= 0.05,False
2018-11-30,2018-12-31,schur_g050,0,INDA,SDY,0,74,37,37,False,0.999999,0.4999995,0.4999995,0,,False
2018-11-30,2018-12-31,schur_g050,1,INDA,IVE,1,37,18,19,False,0.999999,0.4999995,0.4999995,0,,False
2018-11-30,2018-12-31,schur_g050,2,INDA,SCZ,2,18,9,9,True,0.999999,0.4999995,0.124999875,2,"gamma=0.499999: b_A <= 0.05, b_D <= 0.05; gamma=0.25: b_A <= 0.05",False
2018-11-30,2018-12-31,schur_g050,3,INDA,KBE,3,9,4,5,True,0.999999,0.4999995,0.0624999375,3,gamma=0.499999: b_A <= 0.05; gamma=0.25: b_A <= 0.05; gamma=0.125: b_A <= 0.05,False
2018-11-30,2018-12-31,schur_g050,4,KRE,SCZ,3,9,4,5,True,0.999999,0.4999995,0.24999975,1,gamma=0.499999: b_D <= 0.05,False
2018-11-30,2018-12-31,schur_g050,5,EFV,IVE,2,19,9,10,False,0.999999,0.4999995,0.4999995,0,,False
2018-11-30,2018-12-31,schur_g050,6,EFV,FEZ,3,9,4,5,True,0.999999,0.4999995,0.24999975,1,gamma=0.499999: b_D <= 0.05,False
2018-11-30,2018-12-31,schur_g050,7,IEV,IVE,3,10,5,5,False,0.999999,0.4999995,0.4999995,0,,False
2018-11-30,2018-12-31,schur_g050,8,VOOV,SDY,1,37,18,19,False,0.999999,0.4999995,0.4999995,0,,False
2018-11-30,2018-12-31,schur_g050,9,VOOV,IJK,2,18,9,9,False,0.999999,0.4999995,0.4999995,0,,False
2018-11-30,2018-12-31,schur_g050,10,VOOV,SPY,3,9,4,5,False,0.999999,0.4999995,0.4999995,0,,False
2018-11-30,2018-12-31,schur_g050,11,VOO,IJK,3,9,4,5,False,0.999999,0.4999995,0.4999995,0,,False
2018-11-30,2018-12-31,schur_g050,12,IJJ,SDY,2,19,9,10,False,0.999999,0.4999995,0.4999995,0,,False
2018-11-30,2018-12-31,schur_g050,13,IJJ,VTWO,3,9,4,5,False,0.999999,0.4999995,0.4999995,0,,False
2018-11-30,2018-12-31,schur_g050,14,IJR,SDY,3,10,5,5,False,0.999999,0.4999995,0.4999995,0,,False
2018-12-31,2019-01-31,schur_g050,0,INDA,SDY,0,74,37,37,False,0.999999,0.4999995,0.4999995,0,,False
2018-12-31,2019-01-31,schur_g050,1,INDA,IVE,1,37,18,19,False,0.999999,0.4999995,0.4999995,0,,False
2018-12-31,2019-01-31,schur_g050,2,INDA,SCZ,2,18,9,9,True,0.999999,0.4999995,0.124999875,2,gamma=0.499999: b_A <= 0.05; gamma=0.25: b_A <= 0.05,False
2018-12-31,2019-01-31,schur_g050,3,INDA,KBE,3,9,4,5,True,0.999999,0.4999995,0.0078124921875,6,gamma=0.499999: b_A <= 0.05; gamma=0.25: b_A <= 0.05; gamma=0.125: b_A <= 0.05; gamma=0.0624999: b_A <= 0.05; gamma=0.03125: b_A <= 0.05; gamma=0.015625: b_A <= 0.05,False
2018-12-31,2019-01-31,schur_g050,4,KRE,SCZ,3,9,4,5,True,0.999999,0.4999995,0.24999975,1,gamma=0.499999: b_D <= 0.05,False
2018-12-31,2019-01-31,schur_g050,5,EFV,IVE,2,19,9,10,False,0.999999,0.4999995,0.4999995,0,,False
2018-12-31,2019-01-31,schur_g050,6,EFV,FEZ,3,9,4,5,True,0.999999,0.4999995,0.24999975,1,gamma=0.499999: b_D <= 0.05,False
2018-12-31,2019-01-31,schur_g050,7,IEV,IVE,3,10,5,5,False,0.999999,0.4999995,0.4999995,0,,False
2018-12-31,2019-01-31,schur_g050,8,VOOV,SDY,1,37,18,19,False,0.999999,0.4999995,0.4999995,0,,False
2018-12-31,2019-01-31,schur_g050,9,VOOV,IJK,2,18,9,9,False,0.999999,0.4999995,0.4999995,0,,False
2018-12-31,2019-01-31,schur_g050,10,VOOV,SPY,3,9,4,5,False,0.999999,0.4999995,0.4999995,0,,False
2018-12-31,2019-01-31,schur_g050,11,VOO,IJK,3,9,4,5,False,0.999999,0.4999995,0.4999995,0,,False
2018-12-31,2019-01-31,schur_g050,12,IJJ,SDY,2,19,9,10,False,0.999999,0.4999995,0.4999995,0,,False
2018-12-31,2019-01-31,schur_g050,13,IJJ,VXF,3,9,4,5,False,0.999999,0.4999995,0.4999995,0,,False
2018-12-31,2019-01-31,schur_g050,14,SCHA,SDY,3,10,5,5,False,0.999999,0.4999995,0.4999995,0,,False
2019-01-31,2019-02-28,schur_g050,0,INDA,SDY,0,74,37,37,False,0.999999,0.4999995,0.4999995,0,,False
2019-01-31,2019-02-28,schur_g050,1,INDA,VV,1,37,18,19,True,0.999999,0.4999995,0.24999975,1,gamma=0.499999: b_A <= 0.05,False
2019-01-31,2019-02-28,schur_g050,2,INDA,SCZ,2,18,9,9,True,0.999999,0.4999995,0.24999975,1,gamma=0.499999: b_A <= 0.05,False
2019-01-31,2019-02-28,schur_g050,3,INDA,JPXN,3,9,4,5,True,0.999999,0.4999995,0.124999875,2,gamma=0.499999: b_A <= 0.05; gamma=0.25: b_A <= 0.05,False
2019-01-31,2019-02-28,schur_g050,4,KBE,SCZ,3,9,4,5,False,0.999999,0.4999995,0.4999995,0,,False
2019-01-31,2019-02-28,schur_g050,5,EFV,VV,2,19,9,10,False,0.999999,0.4999995,0.4999995,0,,False
2019-01-31,2019-02-28,schur_g050,6,EFV,FEZ,3,9,4,5,False,0.999999,0.4999995,0.4999995,0,,False
2019-01-31,2019-02-28,schur_g050,7,IEV,VV,3,10,5,5,False,0.999999,0.4999995,0.4999995,0,,False
2019-01-31,2019-02-28,schur_g050,8,SPY,SDY,1,37,18,19,False,0.999999,0.4999995,0.4999995,0,,False
2019-01-31,2019-02-28,schur_g050,9,SPY,IWN,2,18,9,9,False,0.999999,0.4999995,0.4999995,0,,False
2019-01-31,2019-02-28,schur_g050,10,SPY,IJK,3,9,4,5,False,0.999999,0.4999995,0.4999995,0,,False
2019-01-31,2019-02-28,schur_g050,11,IJJ,IWN,3,9,4,5,False,0.999999,0.4999995,0.4999995,0,,False
2019-01-31,2019-02-28,schur_g050,12,IJS,SDY,2,19,9,10,False,0.999999,0.4999995,0.4999995,0,,False
2019-01-31,2019-02-28,schur_g050,13,IJS,VLUE,3,9,4,5,False,0.999999,0.4999995,0.4999995,0,,False
2019-01-31,2019-02-28,schur_g050,14,VYM,SDY,3,10,5,5,False,0.999999,0.4999995,0.4999995,0,,False
2019-02-28,2019-03-29,schur_g050,0,INDA,VIOG,0,75,37,38,False,0.999999,0.4999995,0.4999995,0,,False
2019-02-28,2019-03-29,schur_g050,1,INDA,PRF,1,37,18,19,False,0.999999,0.4999995,0.4999995,0,,False
2019-02-28,2019-03-29,schur_g050,2,INDA,SPHD,2,18,9,9,True,0.999999,0.4999995,0.124999875,2,"gamma=0.499999: b_A <= 0.05, b_D <= 0.05; gamma=0.25: b_A <= 0.05",False
2019-02-28,2019-03-29,schur_g050,3,INDA,EFAV,3,9,4,5,True,0.999999,0.4999995,0.03124996875,4,gamma=0.499999: b_A <= 0.05; gamma=0.25: b_A <= 0.05; gamma=0.125: b_A <= 0.05; gamma=0.0624999: b_A <= 0.05,False
2019-02-28,2019-03-29,schur_g050,4,KBE,SPHD,3,9,4,5,True,0.999999,0.4999995,0.24999975,1,gamma=0.499999: b_A <= 0.05,False
2019-02-28,2019-03-29,schur_g050,5,SCZ,PRF,2,19,9,10,False,0.999999,0.4999995,0.4999995,0,,False
2019-02-28,2019-03-29,schur_g050,6,SCZ,EZU,3,9,4,5,False,0.999999,0.4999995,0.4999995,0,,False
2019-02-28,2019-03-29,schur_g050,7,FEZ,PRF,3,10,5,5,True,0.999999,0.4999995,0.24999975,1,gamma=0.499999: b_A <= 0.05,False
2019-02-28,2019-03-29,schur_g050,8,VTV,VIOG,1,38,19,19,False,0.999999,0.4999995,0.4999995,0,,False
2019-02-28,2019-03-29,schur_g050,9,VTV,IWS,2,19,9,10,False,0.999999,0.4999995,0.4999995,0,,False
2019-02-28,2019-03-29,schur_g050,10,VTV,SPYM,3,9,4,5,False,0.999999,0.4999995,0.4999995,0,,False
2019-02-28,2019-03-29,schur_g050,11,IYY,IWS,3,10,5,5,False,0.999999,0.4999995,0.4999995,0,,False
2019-02-28,2019-03-29,schur_g050,12,IWP,VIOG,2,19,9,10,False,0.999999,0.4999995,0.4999995,0,,False
2019-02-28,2019-03-29,schur_g050,13,IWP,IWC,3,9,4,5,False,0.999999,0.4999995,0.4999995,0,,False
2019-02-28,2019-03-29,schur_g050,14,IWO,VIOG,3,10,5,5,True,0.999999,0.4999995,0.24999975,1,gamma=0.499999: b_A <= 0.05,False
2019-03-29,2019-04-30,schur_g050,0,INDA,VO,0,75,37,38,False,0.999999,0.4999995,0.4999995,0,,False
2019-03-29,2019-04-30,schur_g050,1,INDA,PRF,1,37,18,19,False,0.999999,0.4999995,0.4999995,0,,False
2019-03-29,2019-04-30,schur_g050,2,INDA,SPHD,2,18,9,9,True,0.999999,0.4999995,0.0624999375,3,"gamma=0.499999: b_A <= 0.05, b_D <= 0.05; gamma=0.25: b_A <= 0.05; gamma=0.125: b_A <= 0.05",False
2019-03-29,2019-04-30,schur_g050,3,INDA,EFAV,3,9,4,5,True,0.999999,0.4999995,0.03124996875,4,gamma=0.499999: b_A <= 0.05; gamma=0.25: b_A <= 0.05; gamma=0.125: b_A <= 0.05; gamma=0.0624999: b_A <= 0.05,False
2019-03-29,2019-04-30,schur_g050,4,KBE,SPHD,3,9,4,5,True,0.999999,0.4999995,0.24999975,1,gamma=0.499999: b_A <= 0.05,False
2019-03-29,2019-04-30,schur_g050,5,SCZ,PRF,2,19,9,10,False,0.999999,0.4999995,0.4999995,0,,False
2019-03-29,2019-04-30,schur_g050,6,SCZ,EZU,3,9,4,5,False,0.999999,0.4999995,0.4999995,0,,False
2019-03-29,2019-04-30,schur_g050,7,FEZ,PRF,3,10,5,5,True,0.999999,0.4999995,0.24999975,1,gamma=0.499999: b_A <= 0.05,False
2019-03-29,2019-04-30,schur_g050,8,VTV,VO,1,38,19,19,False,0.999999,0.4999995,0.4999995,0,,False
2019-03-29,2019-04-30,schur_g050,9,VTV,IWS,2,19,9,10,False,0.999999,0.4999995,0.4999995,0,,False
2019-03-29,2019-04-30,schur_g050,10,VTV,SPYM,3,9,4,5,False,0.999999,0.4999995,0.4999995,0,,False
2019-03-29,2019-04-30,schur_g050,11,IYY,IWS,3,10,5,5,False,0.999999,0.4999995,0.4999995,0,,False
2019-03-29,2019-04-30,schur_g050,12,IWP,VO,2,19,9,10,False,0.999999,0.4999995,0.4999995,0,,False
2019-03-29,2019-04-30,schur_g050,13,IWP,IWM,3,9,4,5,True,0.999999,0.4999995,0.24999975,1,gamma=0.499999: b_D <= 0.05,False
2019-03-29,2019-04-30,schur_g050,14,VTWO,VO,3,10,5,5,False,0.999999,0.4999995,0.4999995,0,,False
2019-04-30,2019-05-31,schur_g050,0,INDA,SCHX,0,75,37,38,False,0.999999,0.4999995,0.4999995,0,,False
2019-04-30,2019-05-31,schur_g050,1,INDA,PRF,1,37,18,19,False,0.999999,0.4999995,0.4999995,0,,False
2019-04-30,2019-05-31,schur_g050,2,INDA,SPHD,2,18,9,9,True,0.999999,0.4999995,0.0624999375,3,"gamma=0.499999: b_A <= 0.05, b_D <= 0.05; gamma=0.25: b_A <= 0.05; gamma=0.125: b_A <= 0.05",False
2019-04-30,2019-05-31,schur_g050,3,INDA,KBE,3,9,4,5,True,0.999999,0.4999995,0.015624984375,5,gamma=0.499999: b_D <= 0.05; gamma=0.25: b_D <= 0.05; gamma=0.125: b_D <= 0.05; gamma=0.0624999: b_D <= 0.05; gamma=0.03125: b_D <= 0.05,False
2019-04-30,2019-05-31,schur_g050,4,KRE,SPHD,3,9,4,5,True,0.999999,0.4999995,0.24999975,1,gamma=0.499999: b_A <= 0.05,False
2019-04-30,2019-05-31,schur_g050,5,SCZ,PRF,2,19,9,10,False,0.999999,0.4999995,0.4999995,0,,False
2019-04-30,2019-05-31,schur_g050,6,SCZ,EZU,3,9,4,5,False,0.999999,0.4999995,0.4999995,0,,False
2019-04-30,2019-05-31,schur_g050,7,FEZ,PRF,3,10,5,5,True,0.999999,0.4999995,0.24999975,1,gamma=0.499999: b_A <= 0.05,False
2019-04-30,2019-05-31,schur_g050,8,VTV,SCHX,1,38,19,19,False,0.999999,0.4999995,0.4999995,0,,False
2019-04-30,2019-05-31,schur_g050,9,VTV,IJR,2,19,9,10,False,0.999999,0.4999995,0.4999995,0,,False
2019-04-30,2019-05-31,schur_g050,10,VTV,IJK,3,9,4,5,False,0.999999,0.4999995,0.4999995,0,,False
2019-04-30,2019-05-31,schur_g050,11,IJJ,IJR,3,10,5,5,False,0.999999,0.4999995,0.4999995,0,,False
2019-04-30,2019-05-31,schur_g050,12,IJT,SCHX,2,19,9,10,False,0.999999,0.4999995,0.4999995,0,,False
2019-04-30,2019-05-31,schur_g050,13,IJT,QUAL,3,9,4,5,False,0.999999,0.4999995,0.4999995,0,,False
2019-04-30,2019-05-31,schur_g050,14,SPYM,SCHX,3,10,5,5,False,0.999999,0.4999995,0.4999995,0,,False
2019-05-31,2019-06-28,schur_g050,0,ASHS,SCHX,0,76,38,38,False,0.999999,0.4999995,0.4999995,0,,False
2019-05-31,2019-06-28,schur_g050,1,ASHS,IWP,1,38,19,19,False,0.999999,0.4999995,0.4999995,0,,False
2019-05-31,2019-06-28,schur_g050,2,ASHS,SPHD,2,19,9,10,True,0.999999,0.4999995,0.124999875,2,"gamma=0.499999: b_A <= 0.05, b_D <= 0.05; gamma=0.25: b_A <= 0.05",False
2019-05-31,2019-06-28,schur_g050,3,ASHS,DXJ,3,9,4,5,True,0.999999,0.4999995,0.0624999375,3,gamma=0.499999: b_D <= 0.05; gamma=0.25: b_D <= 0.05; gamma=0.125: b_D <= 0.05,False
2019-05-31,2019-06-28,schur_g050,4,PID,SPHD,3,10,5,5,False,0.999999,0.4999995,0.4999995,0,,False
2019-05-31,2019-06-28,schur_g050,5,SCZ,IWP,2,19,9,10,False,0.999999,0.4999995,0.4999995,0,,False
2019-05-31,2019-06-28,schur_g050,6,SCZ,EFA,3,9,4,5,True,0.999999,0.4999995,0.24999975,1,gamma=0.499999: b_A <= 0.05,False
2019-05-31,2019-06-28,schur_g050,7,IEFA,IWP,3,10,5,5,False,0.999999,0.4999995,0.4999995,0,,False
2019-05-31,2019-06-28,schur_g050,8,IJK,SCHX,1,38,19,19,False,0.999999,0.4999995,0.4999995,0,,False
2019-05-31,2019-06-28,schur_g050,9,IJK,VYM,2,19,9,10,False,0.999999,0.4999995,0.4999995,0,,False
2019-05-31,2019-06-28,schur_g050,10,IJK,IJS,3,9,4,5,False,0.999999,0.4999995,0.4999995,0,,False
2019-05-31,2019-06-28,schur_g050,11,IJR,VYM,3,10,5,5,False,0.999999,0.4999995,0.4999995,0,,False
2019-05-31,2019-06-28,schur_g050,12,PRF,SCHX,2,19,9,10,False,0.999999,0.4999995,0.4999995,0,,False
2019-05-31,2019-06-28,schur_g050,13,PRF,QUAL,3,9,4,5,False,0.999999,0.4999995,0.4999995,0,,False
2019-05-31,2019-06-28,schur_g050,14,SPYM,SCHX,3,10,5,5,False,0.999999,0.4999995,0.4999995,0,,False
2019-06-28,2019-07-31,schur_g050,0,ASHS,VOO,0,78,39,39,False,0.999999,0.4999995,0.4999995,0,,False
2019-06-28,2019-07-31,schur_g050,1,ASHS,IWP,1,39,19,20,False,0.999999,0.4999995,0.4999995,0,,False
2019-06-28,2019-07-31,schur_g050,2,ASHS,SPHD,2,19,9,10,True,0.999999,0.4999995,0.124999875,2,gamma=0.499999: b_A <= 0.05; gamma=0.25: b_A <= 0.05,False
2019-06-28,2019-07-31,schur_g050,3,ASHS,PID,3,9,4,5,True,0.999999,0.4999995,0.24999975,1,gamma=0.499999: b_D <= 0.05,False
2019-06-28,2019-07-31,schur_g050,4,DXJ,SPHD,3,10,5,5,False,0.999999,0.4999995,0.4999995,0,,False
2019-06-28,2019-07-31,schur_g050,5,SCZ,IWP,2,20,10,10,False,0.999999,0.4999995,0.4999995,0,,False
2019-06-28,2019-07-31,schur_g050,6,SCZ,FEZ,3,10,5,5,True,0.999999,0.4999995,0.24999975,1,gamma=0.499999: b_D <= 0.05,False
2019-06-28,2019-07-31,schur_g050,7,IEV,IWP,3,10,5,5,True,0.999999,0.4999995,0.24999975,1,gamma=0.499999: b_D <= 0.05,False
2019-06-28,2019-07-31,schur_g050,8,IWC,VOO,1,39,19,20,False,0.999999,0.4999995,0.4999995,0,,False
2019-06-28,2019-07-31,schur_g050,9,IWC,DGRO,2,19,9,10,False,0.999999,0.4999995,0.4999995,0,,False
2019-06-28,2019-07-31,schur_g050,10,IWC,IJS,3,9,4,5,False,0.999999,0.4999995,0.4999995,0,,False
2019-06-28,2019-07-31,schur_g050,11,IJR,DGRO,3,10,5,5,False,0.999999,0.4999995,0.4999995,0,,False
2019-06-28,2019-07-31,schur_g050,12,VYM,VOO,2,20,10,10,False,0.999999,0.4999995,0.4999995,0,,False
2019-06-28,2019-07-31,schur_g050,13,VYM,QUAL,3,10,5,5,False,0.999999,0.4999995,0.4999995,0,,False
2019-06-28,2019-07-31,schur_g050,14,SPYM,VOO,3,10,5,5,False,0.999999,0.4999995,0.4999995,0,,False
2019-07-31,2019-08-30,schur_g050,0,ASHS,SCHX,0,78,39,39,False,0.999999,0.4999995,0.4999995,0,,False
2019-07-31,2019-08-30,schur_g050,1,ASHS,IWP,1,39,19,20,False,0.999999,0.4999995,0.4999995,0,,False
2019-07-31,2019-08-30,schur_g050,2,ASHS,SPHD,2,19,9,10,True,0.999999,0.4999995,0.124999875,2,gamma=0.499999: b_A <= 0.05; gamma=0.25: b_A <= 0.05,False
2019-07-31,2019-08-30,schur_g050,3,ASHS,PID,3,9,4,5,True,0.999999,0.4999995,0.24999975,1,gamma=0.499999: b_D <= 0.05,False
2019-07-31,2019-08-30,schur_g050,4,DXJ,SPHD,3,10,5,5,False,0.999999,0.4999995,0.4999995,0,,False
2019-07-31,2019-08-30,schur_g050,5,SCZ,IWP,2,20,10,10,False,0.999999,0.4999995,0.4999995,0,,False
2019-07-31,2019-08-30,schur_g050,6,SCZ,EFA,3,10,5,5,True,0.999999,0.4999995,0.124999875,2,gamma=0.499999: b_A <= 0.05; gamma=0.25: b_A <= 0.05,False
2019-07-31,2019-08-30,schur_g050,7,IEFA,IWP,3,10,5,5,True,0.999999,0.4999995,0.24999975,1,gamma=0.499999: b_D <= 0.05,False
2019-07-31,2019-08-30,schur_g050,8,IWC,SCHX,1,39,19,20,False,0.999999,0.4999995,0.4999995,0,,False
2019-07-31,2019-08-30,schur_g050,9,IWC,DGRO,2,19,9,10,False,0.999999,0.4999995,0.4999995,0,,False
2019-07-31,2019-08-30,schur_g050,10,IWC,IJS,3,9,4,5,False,0.999999,0.4999995,0.4999995,0,,False
2019-07-31,2019-08-30,schur_g050,11,IJR,DGRO,3,10,5,5,False,0.999999,0.4999995,0.4999995,0,,False
2019-07-31,2019-08-30,schur_g050,12,VYM,SCHX,2,20,10,10,False,0.999999,0.4999995,0.4999995,0,,False
2019-07-31,2019-08-30,schur_g050,13,VYM,QUAL,3,10,5,5,False,0.999999,0.4999995,0.4999995,0,,False
2019-07-31,2019-08-30,schur_g050,14,SPYM,SCHX,3,10,5,5,False,0.999999,0.4999995,0.4999995,0,,False
2019-08-30,2019-09-30,schur_g050,0,ASHS,SCHX,0,78,39,39,False,0.999999,0.4999995,0.4999995,0,,False
2019-08-30,2019-09-30,schur_g050,1,ASHS,IWP,1,39,19,20,False,0.999999,0.4999995,0.4999995,0,,False
2019-08-30,2019-09-30,schur_g050,2,ASHS,SPHD,2,19,9,10,True,0.999999,0.4999995,0.24999975,1,gamma=0.499999: b_A <= 0.05,False
2019-08-30,2019-09-30,schur_g050,3,ASHS,PID,3,9,4,5,True,0.999999,0.4999995,0.0624999375,3,gamma=0.499999: b_D <= 0.05; gamma=0.25: b_D <= 0.05; gamma=0.125: b_D <= 0.05,False
2019-08-30,2019-09-30,schur_g050,4,EEM,SPHD,3,10,5,5,False,0.999999,0.4999995,0.4999995,0,,False
2019-08-30,2019-09-30,schur_g050,5,SCZ,IWP,2,20,10,10,False,0.999999,0.4999995,0.4999995,0,,False
2019-08-30,2019-09-30,schur_g050,6,SCZ,EFA,3,10,5,5,True,0.999999,0.4999995,0.24999975,1,gamma=0.499999: b_A <= 0.05,False
2019-08-30,2019-09-30,schur_g050,7,IEFA,IWP,3,10,5,5,True,0.999999,0.4999995,0.24999975,1,gamma=0.499999: b_D <= 0.05,False
2019-08-30,2019-09-30,schur_g050,8,IWC,SCHX,1,39,19,20,False,0.999999,0.4999995,0.4999995,0,,False
2019-08-30,2019-09-30,schur_g050,9,IWC,DGRO,2,19,9,10,False,0.999999,0.4999995,0.4999995,0,,False
2019-08-30,2019-09-30,schur_g050,10,IWC,IJS,3,9,4,5,False,0.999999,0.4999995,0.4999995,0,,False
2019-08-30,2019-09-30,schur_g050,11,IJR,DGRO,3,10,5,5,False,0.999999,0.4999995,0.4999995,0,,False
2019-08-30,2019-09-30,schur_g050,12,VYM,SCHX,2,20,10,10,False,0.999999,0.4999995,0.4999995,0,,False
2019-08-30,2019-09-30,schur_g050,13,VYM,QUAL,3,10,5,5,False,0.999999,0.4999995,0.4999995,0,,False
2019-08-30,2019-09-30,schur_g050,14,SPYM,SCHX,3,10,5,5,False,0.999999,0.4999995,0.4999995,0,,False
2019-09-30,2019-10-31,schur_g050,0,ASHS,VOO,0,78,39,39,False,0.999999,0.4999995,0.4999995,0,,False
2019-09-30,2019-10-31,schur_g050,1,ASHS,IWS,1,39,19,20,False,0.999999,0.4999995,0.4999995,0,,False
2019-09-30,2019-10-31,schur_g050,2,ASHS,SPHD,2,19,9,10,True,0.999999,0.4999995,0.24999975,1,gamma=0.499999: b_A <= 0.05,False
2019-09-30,2019-10-31,schur_g050,3,ASHS,PID,3,9,4,5,True,0.999999,0.4999995,0.124999875,2,gamma=0.499999: b_D <= 0.05; gamma=0.25: b_D <= 0.05,False
2019-09-30,2019-10-31,schur_g050,4,DXJ,SPHD,3,10,5,5,False,0.999999,0.4999995,0.4999995,0,,False
2019-09-30,2019-10-31,schur_g050,5,SCZ,IWS,2,20,10,10,False,0.999999,0.4999995,0.4999995,0,,False
2019-09-30,2019-10-31,schur_g050,6,SCZ,EFA,3,10,5,5,True,0.999999,0.4999995,0.24999975,1,gamma=0.499999: b_A <= 0.05,False
2019-09-30,2019-10-31,schur_g050,7,IEFA,IWS,3,10,5,5,True,0.999999,0.4999995,0.24999975,1,gamma=0.499999: b_D <= 0.05,False
2019-09-30,2019-10-31,schur_g050,8,DGRO,VOO,1,39,19,20,False,0.999999,0.4999995,0.4999995,0,,False
2019-09-30,2019-10-31,schur_g050,9,DGRO,VIOG,2,19,9,10,False,0.999999,0.4999995,0.4999995,0,,False
2019-09-30,2019-10-31,schur_g050,10,DGRO,SPYV,3,9,4,5,False,0.999999,0.4999995,0.4999995,0,,False
2019-09-30,2019-10-31,schur_g050,11,IJK,VIOG,3,10,5,5,False,0.999999,0.4999995,0.4999995,0,,False
2019-09-30,2019-10-31,schur_g050,12,IJR,VOO,2,20,10,10,False,0.999999,0.4999995,0.4999995,0,,False
2019-09-30,2019-10-31,schur_g050,13,IJR,QUAL,3,10,5,5,False,0.999999,0.4999995,0.4999995,0,,False
2019-09-30,2019-10-31,schur_g050,14,SPYM,VOO,3,10,5,5,False,0.999999,0.4999995,0.4999995,0,,False
2019-10-31,2019-11-29,schur_g050,0,ASHS,VOO,0,78,39,39,False,0.999999,0.4999995,0.4999995,0,,False
2019-10-31,2019-11-29,schur_g050,1,ASHS,IWS,1,39,19,20,False,0.999999,0.4999995,0.4999995,0,,False
2019-10-31,2019-11-29,schur_g050,2,ASHS,SPHD,2,19,9,10,True,0.999999,0.4999995,0.24999975,1,"gamma=0.499999: b_A <= 0.05, b_D <= 0.05",False
2019-10-31,2019-11-29,schur_g050,3,ASHS,PID,3,9,4,5,True,0.999999,0.4999995,0.24999975,1,gamma=0.499999: b_D <= 0.05,False
2019-10-31,2019-11-29,schur_g050,4,EEM,SPHD,3,10,5,5,True,0.999999,0.4999995,0.24999975,1,"gamma=0.499999: b_A <= 0.05, b_D <= 0.05",False
2019-10-31,2019-11-29,schur_g050,5,SCZ,IWS,2,20,10,10,False,0.999999,0.4999995,0.4999995,0,,False
2019-10-31,2019-11-29,schur_g050,6,SCZ,FEZ,3,10,5,5,True,0.999999,0.4999995,0.24999975,1,gamma=0.499999: b_D <= 0.05,False
2019-10-31,2019-11-29,schur_g050,7,IEV,IWS,3,10,5,5,True,0.999999,0.4999995,0.24999975,1,gamma=0.499999: b_D <= 0.05,False
2019-10-31,2019-11-29,schur_g050,8,DGRO,VOO,1,39,19,20,False,0.999999,0.4999995,0.4999995,0,,False
2019-10-31,2019-11-29,schur_g050,9,DGRO,VTWO,2,19,9,10,False,0.999999,0.4999995,0.4999995,0,,False
2019-10-31,2019-11-29,schur_g050,10,DGRO,SPYV,3,9,4,5,False,0.999999,0.4999995,0.4999995,0,,False
2019-10-31,2019-11-29,schur_g050,11,IJK,VTWO,3,10,5,5,False,0.999999,0.4999995,0.4999995,0,,False
2019-10-31,2019-11-29,schur_g050,12,IJR,VOO,2,20,10,10,False,0.999999,0.4999995,0.4999995,0,,False
2019-10-31,2019-11-29,schur_g050,13,IJR,QUAL,3,10,5,5,False,0.999999,0.4999995,0.4999995,0,,False
2019-10-31,2019-11-29,schur_g050,14,SPYM,VOO,3,10,5,5,False,0.999999,0.4999995,0.4999995,0,,False
2019-11-29,2019-12-31,schur_g050,0,ASHS,PID,0,78,39,39,False,0.999999,0.4999995,0.4999995,0,,False
2019-11-29,2019-12-31,schur_g050,1,ASHS,VYM,1,39,19,20,False,0.999999,0.4999995,0.4999995,0,,False
2019-11-29,2019-12-31,schur_g050,2,ASHS,EFV,2,19,9,10,True,0.999999,0.4999995,0.24999975,1,"gamma=0.499999: b_A <= 0.05, b_D <= 0.05",False
2019-11-29,2019-12-31,schur_g050,3,ASHS,KRE,3,9,4,5,True,0.999999,0.4999995,0.24999975,1,gamma=0.499999: b_D <= 0.05,False
2019-11-29,2019-12-31,schur_g050,4,EEM,EFV,3,10,5,5,True,0.999999,0.4999995,0.24999975,1,"gamma=0.499999: b_A <= 0.05, b_D <= 0.05",False
2019-11-29,2019-12-31,schur_g050,5,ACWX,VYM,2,20,10,10,False,0.999999,0.4999995,0.4999995,0,,False
2019-11-29,2019-12-31,schur_g050,6,ACWX,IEUR,3,10,5,5,True,0.999999,0.4999995,0.24999975,1,gamma=0.499999: b_D <= 0.05,False
2019-11-29,2019-12-31,schur_g050,7,VGK,VYM,3,10,5,5,False,0.999999,0.4999995,0.4999995,0,,False
2019-11-29,2019-12-31,schur_g050,8,PRF,PID,1,39,19,20,False,0.999999,0.4999995,0.4999995,0,,False
2019-11-29,2019-12-31,schur_g050,9,PRF,VOO,2,19,9,10,False,0.999999,0.4999995,0.4999995,0,,False
2019-11-29,2019-12-31,schur_g050,10,PRF,QUAL,3,9,4,5,False,0.999999,0.4999995,0.4999995,0,,False
2019-11-29,2019-12-31,schur_g050,11,SPYM,VOO,3,10,5,5,False,0.999999,0.4999995,0.4999995,0,,False
2019-11-29,2019-12-31,schur_g050,12,IWC,PID,2,20,10,10,False,0.999999,0.4999995,0.4999995,0,,False
2019-11-29,2019-12-31,schur_g050,13,IWC,VTWO,3,10,5,5,False,0.999999,0.4999995,0.4999995,0,,False
2019-11-29,2019-12-31,schur_g050,14,IJR,PID,3,10,5,5,False,0.999999,0.4999995,0.4999995,0,,False
2019-12-31,2020-01-31,schur_g050,0,ASHS,IJS,0,79,39,40,False,0.999999,0.4999995,0.4999995,0,,False
2019-12-31,2020-01-31,schur_g050,1,ASHS,IWP,1,39,19,20,False,0.999999,0.4999995,0.4999995,0,,False
2019-12-31,2020-01-31,schur_g050,2,ASHS,SPHD,2,19,9,10,True,0.999999,0.4999995,0.124999875,2,"gamma=0.499999: b_A <= 0.05, b_D <= 0.05; gamma=0.25: b_A <= 0.05",False
2019-12-31,2020-01-31,schur_g050,3,ASHS,EWC,3,9,4,5,True,0.999999,0.4999995,0.124999875,2,gamma=0.499999: b_D <= 0.05; gamma=0.25: b_D <= 0.05,False
2019-12-31,2020-01-31,schur_g050,4,KBE,SPHD,3,10,5,5,True,0.999999,0.4999995,0.124999875,2,gamma=0.499999: b_A <= 0.05; gamma=0.25: b_A <= 0.05,False
2019-12-31,2020-01-31,schur_g050,5,QQQ,IWP,2,20,10,10,False,0.999999,0.4999995,0.4999995,0,,False
2019-12-31,2020-01-31,schur_g050,6,QQQ,EZU,3,10,5,5,False,0.999999,0.4999995,0.4999995,0,,False
2019-12-31,2020-01-31,schur_g050,7,FEZ,IWP,3,10,5,5,True,0.999999,0.4999995,0.24999975,1,gamma=0.499999: b_D <= 0.05,False
2019-12-31,2020-01-31,schur_g050,8,IWS,IJS,1,40,20,20,False,0.999999,0.4999995,0.4999995,0,,False
2019-12-31,2020-01-31,schur_g050,9,IWS,SPY,2,20,10,10,False,0.999999,0.4999995,0.4999995,0,,False
2019-12-31,2020-01-31,schur_g050,10,IWS,SPYV,3,10,5,5,False,0.999999,0.4999995,0.4999995,0,,False
2019-12-31,2020-01-31,schur_g050,11,SUSA,SPY,3,10,5,5,False,0.999999,0.4999995,0.4999995,0,,False
2019-12-31,2020-01-31,schur_g050,12,IVV,IJS,2,20,10,10,False,0.999999,0.4999995,0.4999995,0,,False
2019-12-31,2020-01-31,schur_g050,13,IVV,VO,3,10,5,5,False,0.999999,0.4999995,0.4999995,0,,False
2019-12-31,2020-01-31,schur_g050,14,IWO,IJS,3,10,5,5,False,0.999999,0.4999995,0.4999995,0,,False
2020-01-31,2020-02-28,schur_g050,0,INDA,VTWO,0,80,40,40,False,0.999999,0.4999995,0.4999995,0,,False
2020-01-31,2020-02-28,schur_g050,1,INDA,IWP,1,40,20,20,False,0.999999,0.4999995,0.4999995,0,,False
2020-01-31,2020-02-28,schur_g050,2,INDA,QQQ,2,20,10,10,True,0.999999,0.4999995,0.24999975,1,gamma=0.499999: b_A <= 0.05,False
2020-01-31,2020-02-28,schur_g050,3,INDA,KRE,3,10,5,5,True,0.999999,0.4999995,0.03124996875,4,gamma=0.499999: b_D <= 0.05; gamma=0.25: b_D <= 0.05; gamma=0.125: b_D <= 0.05; gamma=0.0624999: b_D <= 0.05,False
2020-01-31,2020-02-28,schur_g050,4,EWC,QQQ,3,10,5,5,True,0.999999,0.4999995,0.24999975,1,gamma=0.499999: b_A <= 0.05,False
2020-01-31,2020-02-28,schur_g050,5,IQLT,IWP,2,20,10,10,False,0.999999,0.4999995,0.4999995,0,,False
2020-01-31,2020-02-28,schur_g050,6,IQLT,EZU,3,10,5,5,False,0.999999,0.4999995,0.4999995,0,,False
2020-01-31,2020-02-28,schur_g050,7,FEZ,IWP,3,10,5,5,True,0.999999,0.4999995,0.24999975,1,gamma=0.499999: b_D <= 0.05,False
2020-01-31,2020-02-28,schur_g050,8,IWS,VTWO,1,40,20,20,False,0.999999,0.4999995,0.4999995,0,,False
2020-01-31,2020-02-28,schur_g050,9,IWS,VOO,2,20,10,10,False,0.999999,0.4999995,0.4999995,0,,False
2020-01-31,2020-02-28,schur_g050,10,IWS,VTV,3,10,5,5,False,0.999999,0.4999995,0.4999995,0,,False
2020-01-31,2020-02-28,schur_g050,11,SUSA,VOO,3,10,5,5,False,0.999999,0.4999995,0.4999995,0,,False
2020-01-31,2020-02-28,schur_g050,12,IWB,VTWO,2,20,10,10,False,0.999999,0.4999995,0.4999995,0,,False
2020-01-31,2020-02-28,schur_g050,13,IWB,MDY,3,10,5,5,False,0.999999,0.4999995,0.4999995,0,,False
2020-01-31,2020-02-28,schur_g050,14,IWO,VTWO,3,10,5,5,False,0.999999,0.4999995,0.4999995,0,,False
2020-02-28,2020-03-31,schur_g050,0,ASHS,PID,0,80,40,40,False,0.999999,0.4999995,0.4999995,0,,False
2020-02-28,2020-03-31,schur_g050,1,ASHS,VTV,1,40,20,20,False,0.999999,0.4999995,0.4999995,0,,False
2020-02-28,2020-03-31,schur_g050,2,ASHS,EFA,2,20,10,10,True,0.999999,0.4999995,0.24999975,1,gamma=0.499999: b_A <= 0.05,False
2020-02-28,2020-03-31,schur_g050,3,ASHS,JPXN,3,10,5,5,True,0.999999,0.4999995,0.0624999375,3,gamma=0.499999: b_A <= 0.05; gamma=0.25: b_A <= 0.05; gamma=0.125: b_A <= 0.05,False
2020-02-28,2020-03-31,schur_g050,4,EEM,EFA,3,10,5,5,False,0.999999,0.4999995,0.4999995,0,,False
2020-02-28,2020-03-31,schur_g050,5,IEFA,VTV,2,20,10,10,False,0.999999,0.4999995,0.4999995,0,,False
2020-02-28,2020-03-31,schur_g050,6,IEFA,QQQ,3,10,5,5,False,0.999999,0.4999995,0.4999995,0,,False
2020-02-28,2020-03-31,schur_g050,7,DVY,VTV,3,10,5,5,True,0.999999,0.4999995,0.24999975,1,gamma=0.499999: b_D <= 0.05,False
2020-02-28,2020-03-31,schur_g050,8,IWD,PID,1,40,20,20,False,0.999999,0.4999995,0.4999995,0,,False
2020-02-28,2020-03-31,schur_g050,9,IWD,IJH,2,20,10,10,False,0.999999,0.4999995,0.4999995,0,,False
2020-02-28,2020-03-31,schur_g050,10,IWD,VXF,3,10,5,5,False,0.999999,0.4999995,0.4999995,0,,False
2020-02-28,2020-03-31,schur_g050,11,IWN,IJH,3,10,5,5,False,0.999999,0.4999995,0.4999995,0,,False
2020-02-28,2020-03-31,schur_g050,12,MDY,PID,2,20,10,10,False,0.999999,0.4999995,0.4999995,0,,False
2020-02-28,2020-03-31,schur_g050,13,MDY,VV,3,10,5,5,False,0.999999,0.4999995,0.4999995,0,,False
2020-02-28,2020-03-31,schur_g050,14,IVV,PID,3,10,5,5,False,0.999999,0.4999995,0.4999995,0,,False
2020-03-31,2020-04-30,schur_g050,0,ASHS,VT,0,80,40,40,False,0.999999,0.4999995,0.4999995,0,,False
2020-03-31,2020-04-30,schur_g050,1,ASHS,VOO,1,40,20,20,False,0.999999,0.4999995,0.4999995,0,,False
2020-03-31,2020-04-30,schur_g050,2,ASHS,SCHF,2,20,10,10,True,0.999999,0.4999995,0.24999975,1,"gamma=0.499999: b_A <= 0.05, b_D <= 0.05",False
2020-03-31,2020-04-30,schur_g050,3,ASHS,EEM,3,10,5,5,True,0.999999,0.4999995,0.24999975,1,gamma=0.499999: b_A <= 0.05,False
2020-03-31,2020-04-30,schur_g050,4,EFAV,SCHF,3,10,5,5,False,0.999999,0.4999995,0.4999995,0,,False
2020-03-31,2020-04-30,schur_g050,5,VEA,VOO,2,20,10,10,False,0.999999,0.4999995,0.4999995,0,,False
2020-03-31,2020-04-30,schur_g050,6,VEA,VGK,3,10,5,5,True,0.999999,0.4999995,0.24999975,1,gamma=0.499999: b_D <= 0.05,False
2020-03-31,2020-04-30,schur_g050,7,SDIV,VOO,3,10,5,5,True,0.999999,0.4999995,0.24999975,1,gamma=0.499999: b_A <= 0.05,False
2020-03-31,2020-04-30,schur_g050,8,SPY,VT,1,40,20,20,False,0.999999,0.4999995,0.4999995,0,,False
2020-03-31,2020-04-30,schur_g050,9,SPY,IJJ,2,20,10,10,False,0.999999,0.4999995,0.4999995,0,,False
2020-03-31,2020-04-30,schur_g050,10,SPY,DVY,3,10,5,5,False,0.999999,0.4999995,0.4999995,0,,False
2020-03-31,2020-04-30,schur_g050,11,VLUE,IJJ,3,10,5,5,True,0.999999,0.4999995,0.24999975,1,gamma=0.499999: b_D <= 0.05,False
2020-03-31,2020-04-30,schur_g050,12,IJH,VT,2,20,10,10,False,0.999999,0.4999995,0.4999995,0,,False
2020-03-31,2020-04-30,schur_g050,13,IJH,IJR,3,10,5,5,False,0.999999,0.4999995,0.4999995,0,,False
2020-03-31,2020-04-30,schur_g050,14,IJT,VT,3,10,5,5,False,0.999999,0.4999995,0.4999995,0,,False
2020-04-30,2020-05-29,schur_g050,0,ASHS,VGK,0,80,40,40,False,0.999999,0.4999995,0.4999995,0,,False
2020-04-30,2020-05-29,schur_g050,1,ASHS,VXF,1,40,20,20,False,0.999999,0.4999995,0.4999995,0,,False
2020-04-30,2020-05-29,schur_g050,2,ASHS,KRE,2,20,10,10,True,0.999999,0.4999995,0.24999975,1,gamma=0.499999: b_A <= 0.05,False
2020-04-30,2020-05-29,schur_g050,3,ASHS,HEFA,3,10,5,5,True,0.999999,0.4999995,0.24999975,1,gamma=0.499999: b_A <= 0.05,False
2020-04-30,2020-05-29,schur_g050,4,EFAV,KRE,3,10,5,5,True,0.999999,0.4999995,0.24999975,1,gamma=0.499999: b_D <= 0.05,False
2020-04-30,2020-05-29,schur_g050,5,SUSA,VXF,2,20,10,10,False,0.999999,0.4999995,0.4999995,0,,False
2020-04-30,2020-05-29,schur_g050,6,SUSA,IWC,3,10,5,5,False,0.999999,0.4999995,0.4999995,0,,False
2020-04-30,2020-05-29,schur_g050,7,VO,VXF,3,10,5,5,True,0.999999,0.4999995,0.24999975,1,gamma=0.499999: b_D <= 0.05,False
2020-04-30,2020-05-29,schur_g050,8,SCHA,VGK,1,40,20,20,False,0.999999,0.4999995,0.4999995,0,,False
2020-04-30,2020-05-29,schur_g050,9,SCHA,SCHX,2,20,10,10,False,0.999999,0.4999995,0.4999995,0,,False
2020-04-30,2020-05-29,schur_g050,10,SCHA,SPYV,3,10,5,5,False,0.999999,0.4999995,0.4999995,0,,False
2020-04-30,2020-05-29,schur_g050,11,IWD,SCHX,3,10,5,5,False,0.999999,0.4999995,0.4999995,0,,False
2020-04-30,2020-05-29,schur_g050,12,IYY,VGK,2,20,10,10,False,0.999999,0.4999995,0.4999995,0,,False
2020-04-30,2020-05-29,schur_g050,13,IYY,SCHF,3,10,5,5,False,0.999999,0.4999995,0.4999995,0,,False
2020-04-30,2020-05-29,schur_g050,14,EFA,VGK,3,10,5,5,True,0.999999,0.4999995,0.124999875,2,gamma=0.499999: b_D <= 0.05; gamma=0.25: b_D <= 0.05,False
2020-05-29,2020-06-30,schur_g050,0,ASHS,JPXN,0,80,40,40,False,0.999999,0.4999995,0.4999995,0,,False
2020-05-29,2020-06-30,schur_g050,1,ASHS,IJS,1,40,20,20,False,0.999999,0.4999995,0.4999995,0,,False
2020-05-29,2020-06-30,schur_g050,2,ASHS,VYM,2,20,10,10,False,0.999999,0.4999995,0.4999995,0,,False
2020-05-29,2020-06-30,schur_g050,3,ASHS,XRT,3,10,5,5,True,0.999999,0.4999995,0.0624999375,3,gamma=0.499999: b_A <= 0.05; gamma=0.25: b_A <= 0.05; gamma=0.125: b_A <= 0.05,False
2020-05-29,2020-06-30,schur_g050,4,EWC,VYM,3,10,5,5,True,0.999999,0.4999995,0.124999875,2,"gamma=0.499999: b_A <= 0.05, b_D <= 0.05; gamma=0.25: b_A <= 0.05, b_D <= 0.05",False
2020-05-29,2020-06-30,schur_g050,5,DGRO,IJS,2,20,10,10,False,0.999999,0.4999995,0.4999995,0,,False
2020-05-29,2020-06-30,schur_g050,6,DGRO,IJK,3,10,5,5,False,0.999999,0.4999995,0.4999995,0,,False
2020-05-29,2020-06-30,schur_g050,7,IWS,IJS,3,10,5,5,False,0.999999,0.4999995,0.4999995,0,,False
2020-05-29,2020-06-30,schur_g050,8,IWN,JPXN,1,40,20,20,False,0.999999,0.4999995,0.4999995,0,,False
2020-05-29,2020-06-30,schur_g050,9,IWN,IWV,2,20,10,10,False,0.999999,0.4999995,0.4999995,0,,False
2020-05-29,2020-06-30,schur_g050,10,IWN,IUSV,3,10,5,5,True,0.999999,0.4999995,0.24999975,1,gamma=0.499999: b_A <= 0.05,False
2020-05-29,2020-06-30,schur_g050,11,IVE,IWV,3,10,5,5,False,0.999999,0.4999995,0.4999995,0,,False
2020-05-29,2020-06-30,schur_g050,12,VTI,JPXN,2,20,10,10,False,0.999999,0.4999995,0.4999995,0,,False
2020-05-29,2020-06-30,schur_g050,13,VTI,SCZ,3,10,5,5,False,0.999999,0.4999995,0.4999995,0,,False
2020-05-29,2020-06-30,schur_g050,14,EZU,JPXN,3,10,5,5,True,0.999999,0.4999995,0.124999875,2,gamma=0.499999: b_A <= 0.05; gamma=0.25: b_A <= 0.05,False
2020-06-30,2020-07-31,schur_g050,0,ASHS,VEU,0,80,40,40,False,0.999999,0.4999995,0.4999995,0,,False
2020-06-30,2020-07-31,schur_g050,1,ASHS,VOOV,1,40,20,20,False,0.999999,0.4999995,0.4999995,0,,False
2020-06-30,2020-07-31,schur_g050,2,ASHS,SDY,2,20,10,10,True,0.999999,0.4999995,0.24999975,1,"gamma=0.499999: b_A <= 0.05, b_D <= 0.05",False
2020-06-30,2020-07-31,schur_g050,3,ASHS,HEFA,3,10,5,5,True,0.999999,0.4999995,0.124999875,2,"gamma=0.499999: b_A <= 0.05, b_D <= 0.05; gamma=0.25: b_A <= 0.05",False
2020-06-30,2020-07-31,schur_g050,4,EFAV,SDY,3,10,5,5,True,0.999999,0.4999995,0.24999975,1,gamma=0.499999: b_D <= 0.05,False
2020-06-30,2020-07-31,schur_g050,5,KBE,VOOV,2,20,10,10,False,0.999999,0.4999995,0.4999995,0,,False
2020-06-30,2020-07-31,schur_g050,6,KBE,IYY,3,10,5,5,True,0.999999,0.4999995,0.124999875,2,gamma=0.499999: b_A <= 0.05; gamma=0.25: b_A <= 0.05,False
2020-06-30,2020-07-31,schur_g050,7,IWB,VOOV,3,10,5,5,True,0.999999,0.4999995,0.24999975,1,gamma=0.499999: b_D <= 0.05,False
2020-06-30,2020-07-31,schur_g050,8,SPYV,VEU,1,40,20,20,False,0.999999,0.4999995,0.4999995,0,,False
2020-06-30,2020-07-31,schur_g050,9,SPYV,IJS,2,20,10,10,False,0.999999,0.4999995,0.4999995,0,,False
2020-06-30,2020-07-31,schur_g050,10,SPYV,IWR,3,10,5,5,False,0.999999,0.4999995,0.4999995,0,,False
2020-06-30,2020-07-31,schur_g050,11,IWS,IJS,3,10,5,5,False,0.999999,0.4999995,0.4999995,0,,False
2020-06-30,2020-07-31,schur_g050,12,VXF,VEU,2,20,10,10,False,0.999999,0.4999995,0.4999995,0,,False
2020-06-30,2020-07-31,schur_g050,13,VXF,VEA,3,10,5,5,False,0.999999,0.4999995,0.4999995,0,,False
2020-06-30,2020-07-31,schur_g050,14,SCZ,VEU,3,10,5,5,True,0.999999,0.4999995,0.124999875,2,gamma=0.499999: b_A <= 0.05; gamma=0.25: b_A <= 0.05,False
2020-07-31,2020-08-31,schur_g050,0,ASHS,VT,0,80,40,40,False,0.999999,0.4999995,0.4999995,0,,False
2020-07-31,2020-08-31,schur_g050,1,ASHS,SPYM,1,40,20,20,False,0.999999,0.4999995,0.4999995,0,,False
2020-07-31,2020-08-31,schur_g050,2,ASHS,SCZ,2,20,10,10,True,0.999999,0.4999995,0.24999975,1,gamma=0.499999: b_A <= 0.05,False
2020-07-31,2020-08-31,schur_g050,3,ASHS,HEFA,3,10,5,5,True,0.999999,0.4999995,0.124999875,2,"gamma=0.499999: b_A <= 0.05, b_D <= 0.05; gamma=0.25: b_A <= 0.05",False
2020-07-31,2020-08-31,schur_g050,4,EFAV,SCZ,3,10,5,5,False,0.999999,0.4999995,0.4999995,0,,False
2020-07-31,2020-08-31,schur_g050,5,VEA,SPYM,2,20,10,10,False,0.999999,0.4999995,0.4999995,0,,False
2020-07-31,2020-08-31,schur_g050,6,VEA,VEU,3,10,5,5,True,0.999999,0.4999995,0.24999975,1,gamma=0.499999: b_A <= 0.05,False
2020-07-31,2020-08-31,schur_g050,7,SDIV,SPYM,3,10,5,5,True,0.999999,0.4999995,0.0624999375,3,gamma=0.499999: b_A <= 0.05; gamma=0.25: b_A <= 0.05; gamma=0.125: b_A <= 0.05,False
2020-07-31,2020-08-31,schur_g050,8,IVV,VT,1,40,20,20,False,0.999999,0.4999995,0.4999995,0,,False
2020-07-31,2020-08-31,schur_g050,9,IVV,IJH,2,20,10,10,False,0.999999,0.4999995,0.4999995,0,,False
2020-07-31,2020-08-31,schur_g050,10,IVV,VTV,3,10,5,5,False,0.999999,0.4999995,0.4999995,0,,False
2020-07-31,2020-08-31,schur_g050,11,SPHD,IJH,3,10,5,5,True,0.999999,0.4999995,0.24999975,1,gamma=0.499999: b_D <= 0.05,False
2020-07-31,2020-08-31,schur_g050,12,MDY,VT,2,20,10,10,False,0.999999,0.4999995,0.4999995,0,,False
2020-07-31,2020-08-31,schur_g050,13,MDY,IWM,3,10,5,5,True,0.999999,0.4999995,0.24999975,1,gamma=0.499999: b_A <= 0.05,False
2020-07-31,2020-08-31,schur_g050,14,VTWO,VT,3,10,5,5,False,0.999999,0.4999995,0.4999995,0,,False
2020-08-31,2020-09-30,schur_g050,0,ASHS,JPXN,0,80,40,40,False,0.999999,0.4999995,0.4999995,0,,False
2020-08-31,2020-09-30,schur_g050,1,ASHS,SCHX,1,40,20,20,False,0.999999,0.4999995,0.4999995,0,,False
2020-08-31,2020-09-30,schur_g050,2,ASHS,EFV,2,20,10,10,True,0.999999,0.4999995,0.24999975,1,gamma=0.499999: b_A <= 0.05,False
2020-08-31,2020-09-30,schur_g050,3,ASHS,XRT,3,10,5,5,True,0.999999,0.4999995,0.124999875,2,gamma=0.499999: b_A <= 0.05; gamma=0.25: b_A <= 0.05,False
2020-08-31,2020-09-30,schur_g050,4,USMV,EFV,3,10,5,5,False,0.999999,0.4999995,0.4999995,0,,False
2020-08-31,2020-09-30,schur_g050,5,EZU,SCHX,2,20,10,10,False,0.999999,0.4999995,0.4999995,0,,False
2020-08-31,2020-09-30,schur_g050,6,EZU,KBE,3,10,5,5,True,0.999999,0.4999995,0.24999975,1,gamma=0.499999: b_A <= 0.05,False
2020-08-31,2020-09-30,schur_g050,7,KRE,SCHX,3,10,5,5,False,0.999999,0.4999995,0.4999995,0,,False
2020-08-31,2020-09-30,schur_g050,8,IWB,JPXN,1,40,20,20,False,0.999999,0.4999995,0.4999995,0,,False
2020-08-31,2020-09-30,schur_g050,9,IWB,VTWO,2,20,10,10,False,0.999999,0.4999995,0.4999995,0,,False
2020-08-31,2020-09-30,schur_g050,10,IWB,IWO,3,10,5,5,False,0.999999,0.4999995,0.4999995,0,,False
2020-08-31,2020-09-30,schur_g050,11,IWC,VTWO,3,10,5,5,False,0.999999,0.4999995,0.4999995,0,,False
2020-08-31,2020-09-30,schur_g050,12,IJH,JPXN,2,20,10,10,False,0.999999,0.4999995,0.4999995,0,,False
2020-08-31,2020-09-30,schur_g050,13,IJH,IWD,3,10,5,5,True,0.999999,0.4999995,0.24999975,1,gamma=0.499999: b_A <= 0.05,False
2020-08-31,2020-09-30,schur_g050,14,PRF,JPXN,3,10,5,5,False,0.999999,0.4999995,0.4999995,0,,False
2020-09-30,2020-10-30,schur_g050,0,ASHS,VT,0,81,40,41,False,0.999999,0.4999995,0.4999995,0,,False
2020-09-30,2020-10-30,schur_g050,1,ASHS,VOO,1,40,20,20,False,0.999999,0.4999995,0.4999995,0,,False
2020-09-30,2020-10-30,schur_g050,2,ASHS,SCHF,2,20,10,10,True,0.999999,0.4999995,0.24999975,1,gamma=0.499999: b_A <= 0.05,False
2020-09-30,2020-10-30,schur_g050,3,ASHS,HEFA,3,10,5,5,True,0.999999,0.4999995,0.124999875,2,"gamma=0.499999: b_A <= 0.05, b_D <= 0.05; gamma=0.25: b_A <= 0.05",False
2020-09-30,2020-10-30,schur_g050,4,EFAV,SCHF,3,10,5,5,False,0.999999,0.4999995,0.4999995,0,,False
2020-09-30,2020-10-30,schur_g050,5,VEA,VOO,2,20,10,10,False,0.999999,0.4999995,0.4999995,0,,False
2020-09-30,2020-10-30,schur_g050,6,VEA,VEU,3,10,5,5,True,0.999999,0.4999995,0.24999975,1,gamma=0.499999: b_A <= 0.05,False
2020-09-30,2020-10-30,schur_g050,7,SDIV,VOO,3,10,5,5,True,0.999999,0.4999995,0.0624999375,3,gamma=0.499999: b_A <= 0.05; gamma=0.25: b_A <= 0.05; gamma=0.125: b_A <= 0.05,False
2020-09-30,2020-10-30,schur_g050,8,SPYM,VT,1,41,20,21,False,0.999999,0.4999995,0.4999995,0,,False
2020-09-30,2020-10-30,schur_g050,9,SPYM,DVY,2,20,10,10,False,0.999999,0.4999995,0.4999995,0,,False
2020-09-30,2020-10-30,schur_g050,10,SPYM,DGRO,3,10,5,5,False,0.999999,0.4999995,0.4999995,0,,False
2020-09-30,2020-10-30,schur_g050,11,VTV,DVY,3,10,5,5,True,0.999999,0.4999995,0.24999975,1,gamma=0.499999: b_A <= 0.05,False
2020-09-30,2020-10-30,schur_g050,12,IWO,VT,2,21,10,11,False,0.999999,0.4999995,0.4999995,0,,False
2020-09-30,2020-10-30,schur_g050,13,IWO,VTWO,3,10,5,5,False,0.999999,0.4999995,0.4999995,0,,False
2020-09-30,2020-10-30,schur_g050,14,SCHM,VT,3,11,5,6,False,0.999999,0.4999995,0.4999995,0,,False
2020-09-30,2020-10-30,schur_g050,15,IJJ,VT,4,6,3,3,True,0.999999,0.4999995,0.124999875,2,gamma=0.499999: b_A <= 0.05; gamma=0.25: b_A <= 0.05,False
2020-10-30,2020-11-30,schur_g050,0,ASHS,VTI,0,81,40,41,False,0.999999,0.4999995,0.4999995,0,,False
2020-10-30,2020-11-30,schur_g050,1,ASHS,DGRO,1,40,20,20,False,0.999999,0.4999995,0.4999995,0,,False
2020-10-30,2020-11-30,schur_g050,2,ASHS,SCHF,2,20,10,10,True,0.999999,0.4999995,0.24999975,1,gamma=0.499999: b_A <= 0.05,False
2020-10-30,2020-11-30,schur_g050,3,ASHS,HEFA,3,10,5,5,True,0.999999,0.4999995,0.124999875,2,"gamma=0.499999: b_A <= 0.05, b_D <= 0.05; gamma=0.25: b_A <= 0.05",False
2020-10-30,2020-11-30,schur_g050,4,EFAV,SCHF,3,10,5,5,False,0.999999,0.4999995,0.4999995,0,,False
2020-10-30,2020-11-30,schur_g050,5,VEA,DGRO,2,20,10,10,False,0.999999,0.4999995,0.4999995,0,,False
2020-10-30,2020-11-30,schur_g050,6,VEA,VEU,3,10,5,5,True,0.999999,0.4999995,0.24999975,1,gamma=0.499999: b_A <= 0.05,False
2020-10-30,2020-11-30,schur_g050,7,SDIV,DGRO,3,10,5,5,True,0.999999,0.4999995,0.0624999375,3,gamma=0.499999: b_A <= 0.05; gamma=0.25: b_A <= 0.05; gamma=0.125: b_A <= 0.05,False
2020-10-30,2020-11-30,schur_g050,8,VTV,VTI,1,41,20,21,False,0.999999,0.4999995,0.4999995,0,,False
2020-10-30,2020-11-30,schur_g050,9,VTV,IJR,2,20,10,10,False,0.999999,0.4999995,0.4999995,0,,False
2020-10-30,2020-11-30,schur_g050,10,VTV,VXF,3,10,5,5,False,0.999999,0.4999995,0.4999995,0,,False
2020-10-30,2020-11-30,schur_g050,11,SCHM,IJR,3,10,5,5,False,0.999999,0.4999995,0.4999995,0,,False
2020-10-30,2020-11-30,schur_g050,12,IJS,VTI,2,21,10,11,False,0.999999,0.4999995,0.4999995,0,,False
2020-10-30,2020-11-30,schur_g050,13,IJS,QUAL,3,10,5,5,True,0.999999,0.4999995,0.24999975,1,gamma=0.499999: b_A <= 0.05,False
2020-10-30,2020-11-30,schur_g050,14,GSLC,VTI,3,11,5,6,False,0.999999,0.4999995,0.4999995,0,,False
2020-10-30,2020-11-30,schur_g050,15,VV,VTI,4,6,3,3,False,0.999999,0.4999995,0.4999995,0,,False
2020-11-30,2020-12-31,schur_g050,0,ASHS,PID,0,82,41,41,False,0.999999,0.4999995,0.4999995,0,,False
2020-11-30,2020-12-31,schur_g050,1,ASHS,IWO,1,41,20,21,False,0.999999,0.4999995,0.4999995,0,,False
2020-11-30,2020-12-31,schur_g050,2,ASHS,VEA,2,20,10,10,False,0.999999,0.4999995,0.4999995,0,,False
2020-11-30,2020-12-31,schur_g050,3,ASHS,HEFA,3,10,5,5,True,0.999999,0.4999995,0.0624999375,3,"gamma=0.499999: b_A <= 0.05, b_D <= 0.05; gamma=0.25: b_A <= 0.05, b_D <= 0.05; gamma=0.125: b_A <= 0.05",False
2020-11-30,2020-12-31,schur_g050,4,EFAV,VEA,3,10,5,5,True,0.999999,0.4999995,0.24999975,1,"gamma=0.499999: b_A <= 0.05, b_D <= 0.05",False
2020-11-30,2020-12-31,schur_g050,5,IEFA,IWO,2,21,10,11,False,0.999999,0.4999995,0.4999995,0,,False
2020-11-30,2020-12-31,schur_g050,6,IEFA,SDIV,3,10,5,5,True,0.999999,0.4999995,0.124999875,2,gamma=0.499999: b_A <= 0.05; gamma=0.25: b_A <= 0.05,False
2020-11-30,2020-12-31,schur_g050,7,IWP,IWO,3,11,5,6,True,0.999999,0.4999995,0.24999975,1,gamma=0.499999: b_A <= 0.05,False
2020-11-30,2020-12-31,schur_g050,8,SDY,IWO,4,6,3,3,True,0.999999,0.4999995,0.24999975,1,gamma=0.499999: b_D <= 0.05,False
2020-11-30,2020-12-31,schur_g050,9,IJK,PID,1,41,20,21,False,0.999999,0.4999995,0.4999995,0,,False
2020-11-30,2020-12-31,schur_g050,10,IJK,VLUE,2,20,10,10,False,0.999999,0.4999995,0.4999995,0,,False
2020-11-30,2020-12-31,schur_g050,11,IJK,IJT,3,10,5,5,False,0.999999,0.4999995,0.4999995,0,,False
2020-11-30,2020-12-31,schur_g050,12,VIOG,VLUE,3,10,5,5,False,0.999999,0.4999995,0.4999995,0,,False
2020-11-30,2020-12-31,schur_g050,13,IWD,PID,2,21,10,11,False,0.999999,0.4999995,0.4999995,0,,False
2020-11-30,2020-12-31,schur_g050,14,IWD,SPY,3,10,5,5,False,0.999999,0.4999995,0.4999995,0,,False
2020-11-30,2020-12-31,schur_g050,15,VOO,PID,3,11,5,6,False,0.999999,0.4999995,0.4999995,0,,False
2020-11-30,2020-12-31,schur_g050,16,IWB,PID,4,6,3,3,False,0.999999,0.4999995,0.4999995,0,,False
2020-12-31,2021-01-29,schur_g050,0,ASHS,PID,0,82,41,41,False,0.999999,0.4999995,0.4999995,0,,False
2020-12-31,2021-01-29,schur_g050,1,ASHS,IWO,1,41,20,21,False,0.999999,0.4999995,0.4999995,0,,False
2020-12-31,2021-01-29,schur_g050,2,ASHS,VEA,2,20,10,10,False,0.999999,0.4999995,0.4999995,0,,False
2020-12-31,2021-01-29,schur_g050,3,ASHS,HEFA,3,10,5,5,True,0.999999,0.4999995,0.03124996875,4,"gamma=0.499999: b_A <= 0.05, b_D <= 0.05; gamma=0.25: b_A <= 0.05, b_D <= 0.05; gamma=0.125: b_A <= 0.05; gamma=0.0624999: b_A <= 0.05",False
2020-12-31,2021-01-29,schur_g050,4,EFAV,VEA,3,10,5,5,True,0.999999,0.4999995,0.24999975,1,"gamma=0.499999: b_A <= 0.05, b_D <= 0.05",False
2020-12-31,2021-01-29,schur_g050,5,IEFA,IWO,2,21,10,11,False,0.999999,0.4999995,0.4999995,0,,False
2020-12-31,2021-01-29,schur_g050,6,IEFA,SDIV,3,10,5,5,True,0.999999,0.4999995,0.124999875,2,gamma=0.499999: b_A <= 0.05; gamma=0.25: b_A <= 0.05,False
2020-12-31,2021-01-29,schur_g050,7,IWP,IWO,3,11,5,6,True,0.999999,0.4999995,0.24999975,1,gamma=0.499999: b_A <= 0.05,False
2020-12-31,2021-01-29,schur_g050,8,SDY,IWO,4,6,3,3,True,0.999999,0.4999995,0.24999975,1,gamma=0.499999: b_D <= 0.05,False
2020-12-31,2021-01-29,schur_g050,9,IJK,PID,1,41,20,21,False,0.999999,0.4999995,0.4999995,0,,False
2020-12-31,2021-01-29,schur_g050,10,IJK,VLUE,2,20,10,10,False,0.999999,0.4999995,0.4999995,0,,False
2020-12-31,2021-01-29,schur_g050,11,IJK,IJT,3,10,5,5,False,0.999999,0.4999995,0.4999995,0,,False
2020-12-31,2021-01-29,schur_g050,12,VIOG,VLUE,3,10,5,5,False,0.999999,0.4999995,0.4999995,0,,False
2020-12-31,2021-01-29,schur_g050,13,IWD,PID,2,21,10,11,False,0.999999,0.4999995,0.4999995,0,,False
2020-12-31,2021-01-29,schur_g050,14,IWD,SPY,3,10,5,5,False,0.999999,0.4999995,0.4999995,0,,False
2020-12-31,2021-01-29,schur_g050,15,VOO,PID,3,11,5,6,False,0.999999,0.4999995,0.4999995,0,,False
2020-12-31,2021-01-29,schur_g050,16,IWB,PID,4,6,3,3,False,0.999999,0.4999995,0.4999995,0,,False
2021-01-29,2021-02-26,schur_g050,0,ASHS,VTI,0,82,41,41,False,0.999999,0.4999995,0.4999995,0,,False
2021-01-29,2021-02-26,schur_g050,1,ASHS,VLUE,1,41,20,21,False,0.999999,0.4999995,0.4999995,0,,False
2021-01-29,2021-02-26,schur_g050,2,ASHS,EFA,2,20,10,10,True,0.999999,0.4999995,0.24999975,1,gamma=0.499999: b_A <= 0.05,False
2021-01-29,2021-02-26,schur_g050,3,ASHS,EEM,3,10,5,5,True,0.999999,0.4999995,0.24999975,1,"gamma=0.499999: b_A <= 0.05, b_D <= 0.05",False
2021-01-29,2021-02-26,schur_g050,4,HEFA,EFA,3,10,5,5,False,0.999999,0.4999995,0.4999995,0,,False
2021-01-29,2021-02-26,schur_g050,5,SCHF,VLUE,2,21,10,11,True,0.999999,0.4999995,0.24999975,1,gamma=0.499999: b_D <= 0.05,False
2021-01-29,2021-02-26,schur_g050,6,SCHF,ACWX,3,10,5,5,True,0.999999,0.4999995,0.24999975,1,gamma=0.499999: b_D <= 0.05,False
2021-01-29,2021-02-26,schur_g050,7,VEU,VLUE,3,11,5,6,True,0.999999,0.4999995,0.24999975,1,gamma=0.499999: b_D <= 0.05,False
2021-01-29,2021-02-26,schur_g050,8,SDY,VLUE,4,6,3,3,True,0.999999,0.4999995,0.124999875,2,gamma=0.499999: b_A <= 0.05; gamma=0.25: b_A <= 0.05,False
2021-01-29,2021-02-26,schur_g050,9,SPHD,VTI,1,41,20,21,False,0.999999,0.4999995,0.4999995,0,,False
2021-01-29,2021-02-26,schur_g050,10,SPHD,IJT,2,20,10,10,False,0.999999,0.4999995,0.4999995,0,,False
2021-01-29,2021-02-26,schur_g050,11,SPHD,IWO,3,10,5,5,False,0.999999,0.4999995,0.4999995,0,,False
2021-01-29,2021-02-26,schur_g050,12,IWC,IJT,3,10,5,5,False,0.999999,0.4999995,0.4999995,0,,False
2021-01-29,2021-02-26,schur_g050,13,VIOG,VTI,2,21,10,11,False,0.999999,0.4999995,0.4999995,0,,False
2021-01-29,2021-02-26,schur_g050,14,VIOG,SUSA,3,10,5,5,True,0.999999,0.4999995,0.24999975,1,gamma=0.499999: b_A <= 0.05,False
2021-01-29,2021-02-26,schur_g050,15,GSLC,VTI,3,11,5,6,False,0.999999,0.4999995,0.4999995,0,,False
2021-01-29,2021-02-26,schur_g050,16,VV,VTI,4,6,3,3,False,0.999999,0.4999995,0.4999995,0,,False
2021-02-26,2021-03-31,schur_g050,0,ASHS,PID,0,82,41,41,False,0.999999,0.4999995,0.4999995,0,,False
2021-02-26,2021-03-31,schur_g050,1,ASHS,SPHD,1,41,20,21,False,0.999999,0.4999995,0.4999995,0,,False
2021-02-26,2021-03-31,schur_g050,2,ASHS,EZU,2,20,10,10,True,0.999999,0.4999995,0.24999975,1,gamma=0.499999: b_A <= 0.05,False
2021-02-26,2021-03-31,schur_g050,3,ASHS,EEM,3,10,5,5,True,0.999999,0.4999995,0.124999875,2,"gamma=0.499999: b_A <= 0.05, b_D <= 0.05; gamma=0.25: b_A <= 0.05",False
2021-02-26,2021-03-31,schur_g050,4,HEFA,EZU,3,10,5,5,True,0.999999,0.4999995,0.24999975,1,gamma=0.499999: b_D <= 0.05,False
2021-02-26,2021-03-31,schur_g050,5,FEZ,SPHD,2,21,10,11,False,0.999999,0.4999995,0.4999995,0,,False
2021-02-26,2021-03-31,schur_g050,6,FEZ,SDIV,3,10,5,5,True,0.999999,0.4999995,0.24999975,1,gamma=0.499999: b_A <= 0.05,False
2021-02-26,2021-03-31,schur_g050,7,IWP,SPHD,3,11,5,6,True,0.999999,0.4999995,0.0624999375,3,gamma=0.499999: b_A <= 0.05; gamma=0.25: b_A <= 0.05; gamma=0.125: b_A <= 0.05,False
2021-02-26,2021-03-31,schur_g050,8,SDY,SPHD,4,6,3,3,True,0.999999,0.4999995,0.24999975,1,gamma=0.499999: b_D <= 0.05,False
2021-02-26,2021-03-31,schur_g050,9,VTV,PID,1,41,20,21,False,0.999999,0.4999995,0.4999995,0,,False
2021-02-26,2021-03-31,schur_g050,10,VTV,VIOG,2,20,10,10,False,0.999999,0.4999995,0.4999995,0,,False
2021-02-26,2021-03-31,schur_g050,11,VTV,IWC,3,10,5,5,False,0.999999,0.4999995,0.4999995,0,,False
2021-02-26,2021-03-31,schur_g050,12,IJK,VIOG,3,10,5,5,False,0.999999,0.4999995,0.4999995,0,,False
2021-02-26,2021-03-31,schur_g050,13,IJJ,PID,2,21,10,11,False,0.999999,0.4999995,0.4999995,0,,False
2021-02-26,2021-03-31,schur_g050,14,IJJ,SPY,3,10,5,5,True,0.999999,0.4999995,0.24999975,1,gamma=0.499999: b_A <= 0.05,False
2021-02-26,2021-03-31,schur_g050,15,VOO,PID,3,11,5,6,False,0.999999,0.4999995,0.4999995,0,,False
2021-02-26,2021-03-31,schur_g050,16,IWB,PID,4,6,3,3,False,0.999999,0.4999995,0.4999995,0,,False
2021-03-31,2021-04-30,schur_g050,0,ASHS,JPXN,0,82,41,41,False,0.999999,0.4999995,0.4999995,0,,False
2021-03-31,2021-04-30,schur_g050,1,ASHS,VV,1,41,20,21,False,0.999999,0.4999995,0.4999995,0,,False
2021-03-31,2021-04-30,schur_g050,2,ASHS,EZU,2,20,10,10,True,0.999999,0.4999995,0.24999975,1,"gamma=0.499999: b_A <= 0.05, b_D <= 0.05",False
2021-03-31,2021-04-30,schur_g050,3,ASHS,QQQ,3,10,5,5,True,0.999999,0.4999995,0.124999875,2,"gamma=0.499999: b_A <= 0.05, b_D <= 0.05; gamma=0.25: b_A <= 0.05",False
2021-03-31,2021-04-30,schur_g050,4,USMV,EZU,3,10,5,5,True,0.999999,0.4999995,0.24999975,1,gamma=0.499999: b_D <= 0.05,False
2021-03-31,2021-04-30,schur_g050,5,FEZ,VV,2,21,10,11,False,0.999999,0.4999995,0.4999995,0,,False
2021-03-31,2021-04-30,schur_g050,6,FEZ,IWP,3,10,5,5,True,0.999999,0.4999995,0.124999875,2,gamma=0.499999: b_A <= 0.05; gamma=0.25: b_A <= 0.05,False
2021-03-31,2021-04-30,schur_g050,7,SDY,VV,3,11,5,6,True,0.999999,0.4999995,0.24999975,1,gamma=0.499999: b_A <= 0.05,False
2021-03-31,2021-04-30,schur_g050,8,GSLC,VV,4,6,3,3,False,0.999999,0.4999995,0.4999995,0,,False
2021-03-31,2021-04-30,schur_g050,9,SCHX,JPXN,1,41,20,21,False,0.999999,0.4999995,0.4999995,0,,False
2021-03-31,2021-04-30,schur_g050,10,SCHX,IJJ,2,20,10,10,False,0.999999,0.4999995,0.4999995,0,,False
2021-03-31,2021-04-30,schur_g050,11,SCHX,PRF,3,10,5,5,False,0.999999,0.4999995,0.4999995,0,,False
2021-03-31,2021-04-30,schur_g050,12,SPHD,IJJ,3,10,5,5,True,0.999999,0.4999995,0.24999975,1,gamma=0.499999: b_D <= 0.05,False
2021-03-31,2021-04-30,schur_g050,13,IJR,JPXN,2,21,10,11,False,0.999999,0.4999995,0.4999995,0,,False
2021-03-31,2021-04-30,schur_g050,14,IJR,IJH,3,10,5,5,False,0.999999,0.4999995,0.4999995,0,,False
2021-03-31,2021-04-30,schur_g050,15,MDY,JPXN,3,11,5,6,False,0.999999,0.4999995,0.4999995,0,,False
2021-03-31,2021-04-30,schur_g050,16,VOOV,JPXN,4,6,3,3,False,0.999999,0.4999995,0.4999995,0,,False
2021-04-30,2021-05-28,schur_g050,0,ASHS,JPXN,0,82,41,41,False,0.999999,0.4999995,0.4999995,0,,False
2021-04-30,2021-05-28,schur_g050,1,ASHS,VV,1,41,20,21,False,0.999999,0.4999995,0.4999995,0,,False
2021-04-30,2021-05-28,schur_g050,2,ASHS,EZU,2,20,10,10,True,0.999999,0.4999995,0.24999975,1,gamma=0.499999: b_D <= 0.05,False
2021-04-30,2021-05-28,schur_g050,3,ASHS,QQQ,3,10,5,5,True,0.999999,0.4999995,0.24999975,1,"gamma=0.499999: b_A <= 0.05, b_D <= 0.05",False
2021-04-30,2021-05-28,schur_g050,4,USMV,EZU,3,10,5,5,True,0.999999,0.4999995,0.24999975,1,gamma=0.499999: b_D <= 0.05,False
2021-04-30,2021-05-28,schur_g050,5,FEZ,VV,2,21,10,11,False,0.999999,0.4999995,0.4999995,0,,False
2021-04-30,2021-05-28,schur_g050,6,FEZ,IWP,3,10,5,5,True,0.999999,0.4999995,0.124999875,2,gamma=0.499999: b_A <= 0.05; gamma=0.25: b_A <= 0.05,False
2021-04-30,2021-05-28,schur_g050,7,SDY,VV,3,11,5,6,True,0.999999,0.4999995,0.24999975,1,gamma=0.499999: b_A <= 0.05,False
2021-04-30,2021-05-28,schur_g050,8,GSLC,VV,4,6,3,3,False,0.999999,0.4999995,0.4999995,0,,False
2021-04-30,2021-05-28,schur_g050,9,SCHX,JPXN,1,41,20,21,False,0.999999,0.4999995,0.4999995,0,,False
2021-04-30,2021-05-28,schur_g050,10,SCHX,IJJ,2,20,10,10,False,0.999999,0.4999995,0.4999995,0,,False
2021-04-30,2021-05-28,schur_g050,11,SCHX,PRF,3,10,5,5,False,0.999999,0.4999995,0.4999995,0,,False
2021-04-30,2021-05-28,schur_g050,12,SPHD,IJJ,3,10,5,5,True,0.999999,0.4999995,0.24999975,1,gamma=0.499999: b_D <= 0.05,False
2021-04-30,2021-05-28,schur_g050,13,IJR,JPXN,2,21,10,11,False,0.999999,0.4999995,0.4999995,0,,False
2021-04-30,2021-05-28,schur_g050,14,IJR,IJH,3,10,5,5,False,0.999999,0.4999995,0.4999995,0,,False
2021-04-30,2021-05-28,schur_g050,15,MDY,JPXN,3,11,5,6,False,0.999999,0.4999995,0.4999995,0,,False
2021-04-30,2021-05-28,schur_g050,16,VOOV,JPXN,4,6,3,3,False,0.999999,0.4999995,0.4999995,0,,False
2021-05-28,2021-06-30,schur_g050,0,ASHS,JPXN,0,82,41,41,False,0.999999,0.4999995,0.4999995,0,,False
2021-05-28,2021-06-30,schur_g050,1,ASHS,VV,1,41,20,21,False,0.999999,0.4999995,0.4999995,0,,False
2021-05-28,2021-06-30,schur_g050,2,ASHS,EZU,2,20,10,10,True,0.999999,0.4999995,0.24999975,1,gamma=0.499999: b_D <= 0.05,False
2021-05-28,2021-06-30,schur_g050,3,ASHS,QQQ,3,10,5,5,True,0.999999,0.4999995,0.24999975,1,"gamma=0.499999: b_A <= 0.05, b_D <= 0.05",False
2021-05-28,2021-06-30,schur_g050,4,USMV,EZU,3,10,5,5,True,0.999999,0.4999995,0.24999975,1,gamma=0.499999: b_D <= 0.05,False
2021-05-28,2021-06-30,schur_g050,5,FEZ,VV,2,21,10,11,False,0.999999,0.4999995,0.4999995,0,,False
2021-05-28,2021-06-30,schur_g050,6,FEZ,IWP,3,10,5,5,True,0.999999,0.4999995,0.124999875,2,gamma=0.499999: b_A <= 0.05; gamma=0.25: b_A <= 0.05,False
2021-05-28,2021-06-30,schur_g050,7,SDY,VV,3,11,5,6,True,0.999999,0.4999995,0.24999975,1,gamma=0.499999: b_A <= 0.05,False
2021-05-28,2021-06-30,schur_g050,8,GSLC,VV,4,6,3,3,False,0.999999,0.4999995,0.4999995,0,,False
2021-05-28,2021-06-30,schur_g050,9,SCHX,JPXN,1,41,20,21,False,0.999999,0.4999995,0.4999995,0,,False
2021-05-28,2021-06-30,schur_g050,10,SCHX,IJS,2,20,10,10,False,0.999999,0.4999995,0.4999995,0,,False
2021-05-28,2021-06-30,schur_g050,11,SCHX,PRF,3,10,5,5,False,0.999999,0.4999995,0.4999995,0,,False
2021-05-28,2021-06-30,schur_g050,12,IWO,IJS,3,10,5,5,True,0.999999,0.4999995,0.24999975,1,gamma=0.499999: b_D <= 0.05,False
2021-05-28,2021-06-30,schur_g050,13,IWN,JPXN,2,21,10,11,False,0.999999,0.4999995,0.4999995,0,,False
2021-05-28,2021-06-30,schur_g050,14,IWN,IWD,3,10,5,5,False,0.999999,0.4999995,0.4999995,0,,False
2021-05-28,2021-06-30,schur_g050,15,SPYV,JPXN,3,11,5,6,False,0.999999,0.4999995,0.4999995,0,,False
2021-05-28,2021-06-30,schur_g050,16,SPHD,JPXN,4,6,3,3,False,0.999999,0.4999995,0.4999995,0,,False
2021-06-30,2021-07-30,schur_g050,0,ASHS,JPXN,0,82,41,41,False,0.999999,0.4999995,0.4999995,0,,False
2021-06-30,2021-07-30,schur_g050,1,ASHS,VV,1,41,20,21,False,0.999999,0.4999995,0.4999995,0,,False
2021-06-30,2021-07-30,schur_g050,2,ASHS,EZU,2,20,10,10,True,0.999999,0.4999995,0.24999975,1,gamma=0.499999: b_D <= 0.05,False
2021-06-30,2021-07-30,schur_g050,3,ASHS,QQQ,3,10,5,5,True,0.999999,0.4999995,0.24999975,1,"gamma=0.499999: b_A <= 0.05, b_D <= 0.05",False
2021-06-30,2021-07-30,schur_g050,4,USMV,EZU,3,10,5,5,True,0.999999,0.4999995,0.24999975,1,gamma=0.499999: b_D <= 0.05,False
2021-06-30,2021-07-30,schur_g050,5,FEZ,VV,2,21,10,11,False,0.999999,0.4999995,0.4999995,0,,False
2021-06-30,2021-07-30,schur_g050,6,FEZ,IWP,3,10,5,5,True,0.999999,0.4999995,0.124999875,2,gamma=0.499999: b_A <= 0.05; gamma=0.25: b_A <= 0.05,False
2021-06-30,2021-07-30,schur_g050,7,KBE,VV,3,11,5,6,False,0.999999,0.4999995,0.4999995,0,,False
2021-06-30,2021-07-30,schur_g050,8,GSLC,VV,4,6,3,3,False,0.999999,0.4999995,0.4999995,0,,False
2021-06-30,2021-07-30,schur_g050,9,SCHX,JPXN,1,41,20,21,False,0.999999,0.4999995,0.4999995,0,,False
2021-06-30,2021-07-30,schur_g050,10,SCHX,IJS,2,20,10,10,False,0.999999,0.4999995,0.4999995,0,,False
2021-06-30,2021-07-30,schur_g050,11,SCHX,PRF,3,10,5,5,False,0.999999,0.4999995,0.4999995,0,,False
2021-06-30,2021-07-30,schur_g050,12,IWO,IJS,3,10,5,5,True,0.999999,0.4999995,0.24999975,1,gamma=0.499999: b_D <= 0.05,False
2021-06-30,2021-07-30,schur_g050,13,IWN,JPXN,2,21,10,11,False,0.999999,0.4999995,0.4999995,0,,False
2021-06-30,2021-07-30,schur_g050,14,IWN,IWD,3,10,5,5,False,0.999999,0.4999995,0.4999995,0,,False
2021-06-30,2021-07-30,schur_g050,15,SPYV,JPXN,3,11,5,6,False,0.999999,0.4999995,0.4999995,0,,False
2021-06-30,2021-07-30,schur_g050,16,SPHD,JPXN,4,6,3,3,False,0.999999,0.4999995,0.4999995,0,,False
2021-07-30,2021-08-31,schur_g050,0,ASHS,VT,0,82,41,41,False,0.999999,0.4999995,0.4999995,0,,False
2021-07-30,2021-08-31,schur_g050,1,ASHS,VOO,1,41,20,21,False,0.999999,0.4999995,0.4999995,0,,False
2021-07-30,2021-08-31,schur_g050,2,ASHS,EFA,2,20,10,10,True,0.999999,0.4999995,0.24999975,1,gamma=0.499999: b_A <= 0.05,False
2021-07-30,2021-08-31,schur_g050,3,ASHS,EEM,3,10,5,5,True,0.999999,0.4999995,0.24999975,1,"gamma=0.499999: b_A <= 0.05, b_D <= 0.05",False
2021-07-30,2021-08-31,schur_g050,4,HEFA,EFA,3,10,5,5,False,0.999999,0.4999995,0.4999995,0,,False
2021-07-30,2021-08-31,schur_g050,5,EFV,VOO,2,21,10,11,True,0.999999,0.4999995,0.24999975,1,gamma=0.499999: b_A <= 0.05,False
2021-07-30,2021-08-31,schur_g050,6,EFV,ACWX,3,10,5,5,True,0.999999,0.4999995,0.24999975,1,gamma=0.499999: b_A <= 0.05,False
2021-07-30,2021-08-31,schur_g050,7,VEU,VOO,3,11,5,6,False,0.999999,0.4999995,0.4999995,0,,False
2021-07-30,2021-08-31,schur_g050,8,KRE,VOO,4,6,3,3,True,0.999999,0.4999995,0.24999975,1,gamma=0.499999: b_A <= 0.05,False
2021-07-30,2021-08-31,schur_g050,9,IVV,VT,1,41,20,21,False,0.999999,0.4999995,0.4999995,0,,False
2021-07-30,2021-08-31,schur_g050,10,IVV,VXF,2,20,10,10,False,0.999999,0.4999995,0.4999995,0,,False
2021-07-30,2021-08-31,schur_g050,11,IVV,VYM,3,10,5,5,False,0.999999,0.4999995,0.4999995,0,,False
2021-07-30,2021-08-31,schur_g050,12,VLUE,VXF,3,10,5,5,False,0.999999,0.4999995,0.4999995,0,,False
2021-07-30,2021-08-31,schur_g050,13,IWR,VT,2,21,10,11,False,0.999999,0.4999995,0.4999995,0,,False
2021-07-30,2021-08-31,schur_g050,14,IWR,IWM,3,10,5,5,False,0.999999,0.4999995,0.4999995,0,,False
2021-07-30,2021-08-31,schur_g050,15,VTWO,VT,3,11,5,6,False,0.999999,0.4999995,0.4999995,0,,False
2021-07-30,2021-08-31,schur_g050,16,SPYV,VT,4,6,3,3,False,0.999999,0.4999995,0.4999995,0,,False
2021-08-31,2021-09-30,schur_g050,0,ASHS,PID,0,83,41,42,False,0.999999,0.4999995,0.4999995,0,,False
2021-08-31,2021-09-30,schur_g050,1,ASHS,IVV,1,41,20,21,False,0.999999,0.4999995,0.4999995,0,,False
2021-08-31,2021-09-30,schur_g050,2,ASHS,IEFA,2,20,10,10,True,0.999999,0.4999995,0.24999975,1,gamma=0.499999: b_A <= 0.05,False
2021-08-31,2021-09-30,schur_g050,3,ASHS,EEM,3,10,5,5,True,0.999999,0.4999995,0.24999975,1,"gamma=0.499999: b_A <= 0.05, b_D <= 0.05",False
2021-08-31,2021-09-30,schur_g050,4,HEFA,IEFA,3,10,5,5,False,0.999999,0.4999995,0.4999995,0,,False
2021-08-31,2021-09-30,schur_g050,5,EFV,IVV,2,21,10,11,False,0.999999,0.4999995,0.4999995,0,,False
2021-08-31,2021-09-30,schur_g050,6,EFV,VEU,3,10,5,5,True,0.999999,0.4999995,0.124999875,2,gamma=0.499999: b_A <= 0.05; gamma=0.25: b_A <= 0.05,False
2021-08-31,2021-09-30,schur_g050,7,SDIV,IVV,3,11,5,6,True,0.999999,0.4999995,0.0624999375,3,gamma=0.499999: b_A <= 0.05; gamma=0.25: b_A <= 0.05; gamma=0.125: b_A <= 0.05,False
2021-08-31,2021-09-30,schur_g050,8,QUAL,IVV,4,6,3,3,False,0.999999,0.4999995,0.4999995,0,,False
2021-08-31,2021-09-30,schur_g050,9,SPYM,PID,1,42,21,21,False,0.999999,0.4999995,0.4999995,0,,False
2021-08-31,2021-09-30,schur_g050,10,SPYM,IWS,2,21,10,11,False,0.999999,0.4999995,0.4999995,0,,False
2021-08-31,2021-09-30,schur_g050,11,SPYM,VLUE,3,10,5,5,True,0.999999,0.4999995,0.24999975,1,gamma=0.499999: b_D <= 0.05,False
2021-08-31,2021-09-30,schur_g050,12,DVY,IWS,3,11,5,6,True,0.999999,0.4999995,0.24999975,1,gamma=0.499999: b_D <= 0.05,False
2021-08-31,2021-09-30,schur_g050,13,IWC,IWS,4,6,3,3,True,0.999999,0.4999995,0.24999975,1,gamma=0.499999: b_D <= 0.05,False
2021-08-31,2021-09-30,schur_g050,14,IJJ,PID,2,21,10,11,False,0.999999,0.4999995,0.4999995,0,,False
2021-08-31,2021-09-30,schur_g050,15,IJJ,SCHM,3,10,5,5,False,0.999999,0.4999995,0.4999995,0,,False
2021-08-31,2021-09-30,schur_g050,16,IJH,PID,3,11,5,6,False,0.999999,0.4999995,0.4999995,0,,False
2021-08-31,2021-09-30,schur_g050,17,IUSV,PID,4,6,3,3,False,0.999999,0.4999995,0.4999995,0,,False
2021-09-30,2021-10-29,schur_g050,0,ASHS,PID,0,83,41,42,False,0.999999,0.4999995,0.4999995,0,,False
2021-09-30,2021-10-29,schur_g050,1,ASHS,IVV,1,41,20,21,False,0.999999,0.4999995,0.4999995,0,,False
2021-09-30,2021-10-29,schur_g050,2,ASHS,EFV,2,20,10,10,True,0.999999,0.4999995,0.24999975,1,gamma=0.499999: b_A <= 0.05,False
2021-09-30,2021-10-29,schur_g050,3,ASHS,EEM,3,10,5,5,True,0.999999,0.4999995,0.24999975,1,"gamma=0.499999: b_A <= 0.05, b_D <= 0.05",False
2021-09-30,2021-10-29,schur_g050,4,HEFA,EFV,3,10,5,5,False,0.999999,0.4999995,0.4999995,0,,False
2021-09-30,2021-10-29,schur_g050,5,EZU,IVV,2,21,10,11,True,0.999999,0.4999995,0.24999975,1,gamma=0.499999: b_D <= 0.05,False
2021-09-30,2021-10-29,schur_g050,6,EZU,VEU,3,10,5,5,True,0.999999,0.4999995,0.24999975,1,gamma=0.499999: b_A <= 0.05,False
2021-09-30,2021-10-29,schur_g050,7,SDIV,IVV,3,11,5,6,True,0.999999,0.4999995,0.24999975,1,gamma=0.499999: b_A <= 0.05,False
2021-09-30,2021-10-29,schur_g050,8,KRE,IVV,4,6,3,3,True,0.999999,0.4999995,0.24999975,1,gamma=0.499999: b_A <= 0.05,False
2021-09-30,2021-10-29,schur_g050,9,SPYM,PID,1,42,21,21,False,0.999999,0.4999995,0.4999995,0,,False
2021-09-30,2021-10-29,schur_g050,10,SPYM,IWS,2,21,10,11,False,0.999999,0.4999995,0.4999995,0,,False
2021-09-30,2021-10-29,schur_g050,11,SPYM,VLUE,3,10,5,5,False,0.999999,0.4999995,0.4999995,0,,False
2021-09-30,2021-10-29,schur_g050,12,DVY,IWS,3,11,5,6,True,0.999999,0.4999995,0.24999975,1,gamma=0.499999: b_D <= 0.05,False
2021-09-30,2021-10-29,schur_g050,13,IWC,IWS,4,6,3,3,True,0.999999,0.4999995,0.24999975,1,gamma=0.499999: b_D <= 0.05,False
2021-09-30,2021-10-29,schur_g050,14,IJT,PID,2,21,10,11,False,0.999999,0.4999995,0.4999995,0,,False
2021-09-30,2021-10-29,schur_g050,15,IJT,SCHM,3,10,5,5,False,0.999999,0.4999995,0.4999995,0,,False
2021-09-30,2021-10-29,schur_g050,16,IJH,PID,3,11,5,6,False,0.999999,0.4999995,0.4999995,0,,False
2021-09-30,2021-10-29,schur_g050,17,IUSV,PID,4,6,3,3,False,0.999999,0.4999995,0.4999995,0,,False
2021-10-29,2021-11-30,schur_g050,0,ASHS,VT,0,83,41,42,False,0.999999,0.4999995,0.4999995,0,,False
2021-10-29,2021-11-30,schur_g050,1,ASHS,VLUE,1,41,20,21,False,0.999999,0.4999995,0.4999995,0,,False
2021-10-29,2021-11-30,schur_g050,2,ASHS,ESGD,2,20,10,10,False,0.999999,0.4999995,0.4999995,0,,False
2021-10-29,2021-11-30,schur_g050,3,ASHS,EEM,3,10,5,5,True,0.999999,0.4999995,0.124999875,2,"gamma=0.499999: b_A <= 0.05, b_D <= 0.05; gamma=0.25: b_A <= 0.05",False
2021-10-29,2021-11-30,schur_g050,4,HEFA,ESGD,3,10,5,5,True,0.999999,0.4999995,0.24999975,1,gamma=0.499999: b_D <= 0.05,False
2021-10-29,2021-11-30,schur_g050,5,EFA,VLUE,2,21,10,11,True,0.999999,0.4999995,0.24999975,1,gamma=0.499999: b_A <= 0.05,False
2021-10-29,2021-11-30,schur_g050,6,EFA,VGK,3,10,5,5,True,0.999999,0.4999995,0.24999975,1,gamma=0.499999: b_D <= 0.05,False
2021-10-29,2021-11-30,schur_g050,7,ACWX,VLUE,3,11,5,6,False,0.999999,0.4999995,0.4999995,0,,False
2021-10-29,2021-11-30,schur_g050,8,SDY,VLUE,4,6,3,3,True,0.999999,0.4999995,0.124999875,2,gamma=0.499999: b_D <= 0.05; gamma=0.25: b_D <= 0.05,False
2021-10-29,2021-11-30,schur_g050,9,VTV,VT,1,42,21,21,False,0.999999,0.4999995,0.4999995,0,,False
2021-10-29,2021-11-30,schur_g050,10,VTV,IJH,2,21,10,11,False,0.999999,0.4999995,0.4999995,0,,False
2021-10-29,2021-11-30,schur_g050,11,VTV,IWS,3,10,5,5,False,0.999999,0.4999995,0.4999995,0,,False
2021-10-29,2021-11-30,schur_g050,12,IJJ,IJH,3,11,5,6,False,0.999999,0.4999995,0.4999995,0,,False
2021-10-29,2021-11-30,schur_g050,13,VIOG,IJH,4,6,3,3,False,0.999999,0.4999995,0.4999995,0,,False
2021-10-29,2021-11-30,schur_g050,14,MDY,VT,2,21,10,11,False,0.999999,0.4999995,0.4999995,0,,False
2021-10-29,2021-11-30,schur_g050,15,MDY,SPY,3,10,5,5,True,0.999999,0.4999995,0.24999975,1,gamma=0.499999: b_A <= 0.05,False
2021-10-29,2021-11-30,schur_g050,16,VOO,VT,3,11,5,6,False,0.999999,0.4999995,0.4999995,0,,False
2021-10-29,2021-11-30,schur_g050,17,IWB,VT,4,6,3,3,False,0.999999,0.4999995,0.4999995,0,,False
2021-11-30,2021-12-31,schur_g050,0,ASHS,VT,0,83,41,42,False,0.999999,0.4999995,0.4999995,0,,False
2021-11-30,2021-12-31,schur_g050,1,ASHS,VOO,1,41,20,21,False,0.999999,0.4999995,0.4999995,0,,False
2021-11-30,2021-12-31,schur_g050,2,ASHS,ESGD,2,20,10,10,True,0.999999,0.4999995,0.24999975,1,gamma=0.499999: b_A <= 0.05,False
2021-11-30,2021-12-31,schur_g050,3,ASHS,EEM,3,10,5,5,True,0.999999,0.4999995,0.24999975,1,"gamma=0.499999: b_A <= 0.05, b_D <= 0.05",False
2021-11-30,2021-12-31,schur_g050,4,HEFA,ESGD,3,10,5,5,True,0.999999,0.4999995,0.24999975,1,gamma=0.499999: b_D <= 0.05,False
2021-11-30,2021-12-31,schur_g050,5,EFA,VOO,2,21,10,11,True,0.999999,0.4999995,0.24999975,1,gamma=0.499999: b_A <= 0.05,False
2021-11-30,2021-12-31,schur_g050,6,EFA,VGK,3,10,5,5,True,0.999999,0.4999995,0.24999975,1,gamma=0.499999: b_D <= 0.05,False
2021-11-30,2021-12-31,schur_g050,7,ACWX,VOO,3,11,5,6,True,0.999999,0.4999995,0.24999975,1,gamma=0.499999: b_A <= 0.05,False
2021-11-30,2021-12-31,schur_g050,8,SUSA,VOO,4,6,3,3,False,0.999999,0.4999995,0.4999995,0,,False
2021-11-30,2021-12-31,schur_g050,9,IVV,VT,1,42,21,21,False,0.999999,0.4999995,0.4999995,0,,False
2021-11-30,2021-12-31,schur_g050,10,IVV,VO,2,21,10,11,False,0.999999,0.4999995,0.4999995,0,,False
2021-11-30,2021-12-31,schur_g050,11,IVV,KBE,3,10,5,5,False,0.999999,0.4999995,0.4999995,0,,False
2021-11-30,2021-12-31,schur_g050,12,KRE,VO,3,11,5,6,False,0.999999,0.4999995,0.4999995,0,,False
2021-11-30,2021-12-31,schur_g050,13,SPHD,VO,4,6,3,3,True,0.999999,0.4999995,0.24999975,1,gamma=0.499999: b_A <= 0.05,False
2021-11-30,2021-12-31,schur_g050,14,VXF,VT,2,21,10,11,False,0.999999,0.4999995,0.4999995,0,,False
2021-11-30,2021-12-31,schur_g050,15,VXF,SCHA,3,10,5,5,True,0.999999,0.4999995,0.24999975,1,gamma=0.499999: b_A <= 0.05,False
2021-11-30,2021-12-31,schur_g050,16,IWM,VT,3,11,5,6,True,0.999999,0.4999995,0.24999975,1,gamma=0.499999: b_A <= 0.05,False
2021-11-30,2021-12-31,schur_g050,17,SPYV,VT,4,6,3,3,False,0.999999,0.4999995,0.4999995,0,,False
2021-12-31,2022-01-31,schur_g050,0,ASHS,PID,0,84,42,42,False,0.999999,0.4999995,0.4999995,0,,False
2021-12-31,2022-01-31,schur_g050,1,ASHS,VLUE,1,42,21,21,False,0.999999,0.4999995,0.4999995,0,,False
2021-12-31,2022-01-31,schur_g050,2,ASHS,VEA,2,21,10,11,False,0.999999,0.4999995,0.4999995,0,,False
2021-12-31,2022-01-31,schur_g050,3,ASHS,EEM,3,10,5,5,True,0.999999,0.4999995,0.124999875,2,"gamma=0.499999: b_A <= 0.05, b_D <= 0.05; gamma=0.25: b_D <= 0.05",False
2021-12-31,2022-01-31,schur_g050,4,HEFA,VEA,3,11,5,6,True,0.999999,0.4999995,0.24999975,1,gamma=0.499999: b_D <= 0.05,False
2021-12-31,2022-01-31,schur_g050,5,SCZ,VEA,4,6,3,3,True,0.999999,0.4999995,0.24999975,1,gamma=0.499999: b_A <= 0.05,False
2021-12-31,2022-01-31,schur_g050,6,IEFA,VLUE,2,21,10,11,False,0.999999,0.4999995,0.4999995,0,,False
2021-12-31,2022-01-31,schur_g050,7,IEFA,SDIV,3,10,5,5,True,0.999999,0.4999995,0.0624999375,3,"gamma=0.499999: b_A <= 0.05, b_D <= 0.05; gamma=0.25: b_A <= 0.05; gamma=0.125: b_A <= 0.05",False
2021-12-31,2022-01-31,schur_g050,8,IWP,VLUE,3,11,5,6,True,0.999999,0.4999995,0.24999975,1,gamma=0.499999: b_D <= 0.05,False
2021-12-31,2022-01-31,schur_g050,9,DGRO,VLUE,4,6,3,3,True,0.999999,0.4999995,0.24999975,1,gamma=0.499999: b_D <= 0.05,False
2021-12-31,2022-01-31,schur_g050,10,VTV,PID,1,42,21,21,False,0.999999,0.4999995,0.4999995,0,,False
2021-12-31,2022-01-31,schur_g050,11,VTV,IWM,2,21,10,11,False,0.999999,0.4999995,0.4999995,0,,False
2021-12-31,2022-01-31,schur_g050,12,VTV,IWS,3,10,5,5,True,0.999999,0.4999995,0.24999975,1,gamma=0.499999: b_D <= 0.05,False
2021-12-31,2022-01-31,schur_g050,13,SCHM,IWM,3,11,5,6,True,0.999999,0.4999995,0.24999975,1,gamma=0.499999: b_A <= 0.05,False
2021-12-31,2022-01-31,schur_g050,14,IJS,IWM,4,6,3,3,False,0.999999,0.4999995,0.4999995,0,,False
2021-12-31,2022-01-31,schur_g050,15,VTWO,PID,2,21,10,11,False,0.999999,0.4999995,0.4999995,0,,False
2021-12-31,2022-01-31,schur_g050,16,VTWO,SPY,3,10,5,5,True,0.999999,0.4999995,0.24999975,1,gamma=0.499999: b_A <= 0.05,False
2021-12-31,2022-01-31,schur_g050,17,VOO,PID,3,11,5,6,False,0.999999,0.4999995,0.4999995,0,,False
2021-12-31,2022-01-31,schur_g050,18,IWB,PID,4,6,3,3,False,0.999999,0.4999995,0.4999995,0,,False
2022-01-31,2022-02-28,schur_g050,0,ASHS,JPXN,0,84,42,42,False,0.999999,0.4999995,0.4999995,0,,False
2022-01-31,2022-02-28,schur_g050,1,ASHS,SPYM,1,42,21,21,False,0.999999,0.4999995,0.4999995,0,,False
2022-01-31,2022-02-28,schur_g050,2,ASHS,ESGD,2,21,10,11,True,0.999999,0.4999995,0.24999975,1,gamma=0.499999: b_A <= 0.05,False
2022-01-31,2022-02-28,schur_g050,3,ASHS,EFAV,3,10,5,5,True,0.999999,0.4999995,0.124999875,2,"gamma=0.499999: b_A <= 0.05, b_D <= 0.05; gamma=0.25: b_D <= 0.05",False
2022-01-31,2022-02-28,schur_g050,4,USMV,ESGD,3,11,5,6,False,0.999999,0.4999995,0.4999995,0,,False
2022-01-31,2022-02-28,schur_g050,5,GSIE,ESGD,4,6,3,3,False,0.999999,0.4999995,0.4999995,0,,False
2022-01-31,2022-02-28,schur_g050,6,IEFA,SPYM,2,21,10,11,True,0.999999,0.4999995,0.24999975,1,gamma=0.499999: b_A <= 0.05,False
2022-01-31,2022-02-28,schur_g050,7,IEFA,IWP,3,10,5,5,True,0.999999,0.4999995,0.124999875,2,gamma=0.499999: b_A <= 0.05; gamma=0.25: b_A <= 0.05,False
2022-01-31,2022-02-28,schur_g050,8,ACWI,SPYM,3,11,5,6,False,0.999999,0.4999995,0.4999995,0,,False
2022-01-31,2022-02-28,schur_g050,9,SDY,SPYM,4,6,3,3,False,0.999999,0.4999995,0.4999995,0,,False
2022-01-31,2022-02-28,schur_g050,10,IVV,JPXN,1,42,21,21,False,0.999999,0.4999995,0.4999995,0,,False
2022-01-31,2022-02-28,schur_g050,11,IVV,VXF,2,21,10,11,False,0.999999,0.4999995,0.4999995,0,,False
2022-01-31,2022-02-28,schur_g050,12,IVV,KRE,3,10,5,5,False,0.999999,0.4999995,0.4999995,0,,False
2022-01-31,2022-02-28,schur_g050,13,VLUE,VXF,3,11,5,6,False,0.999999,0.4999995,0.4999995,0,,False
2022-01-31,2022-02-28,schur_g050,14,IWD,VXF,4,6,3,3,True,0.999999,0.4999995,0.24999975,1,gamma=0.499999: b_D <= 0.05,False
2022-01-31,2022-02-28,schur_g050,15,IWR,JPXN,2,21,10,11,False,0.999999,0.4999995,0.4999995,0,,False
2022-01-31,2022-02-28,schur_g050,16,IWR,IWM,3,10,5,5,True,0.999999,0.4999995,0.24999975,1,gamma=0.499999: b_A <= 0.05,False
2022-01-31,2022-02-28,schur_g050,17,VTWO,JPXN,3,11,5,6,True,0.999999,0.4999995,0.24999975,1,gamma=0.499999: b_A <= 0.05,False
2022-01-31,2022-02-28,schur_g050,18,IVE,JPXN,4,6,3,3,False,0.999999,0.4999995,0.4999995,0,,False
2022-02-28,2022-03-31,schur_g050,0,ASHS,JPXN,0,84,42,42,False,0.999999,0.4999995,0.4999995,0,,False
2022-02-28,2022-03-31,schur_g050,1,ASHS,SPYM,1,42,21,21,False,0.999999,0.4999995,0.4999995,0,,False
2022-02-28,2022-03-31,schur_g050,2,ASHS,ESGD,2,21,10,11,True,0.999999,0.4999995,0.24999975,1,"gamma=0.499999: b_A <= 0.05, b_D <= 0.05",False
2022-02-28,2022-03-31,schur_g050,3,ASHS,QQQ,3,10,5,5,True,0.999999,0.4999995,0.124999875,2,"gamma=0.499999: b_A <= 0.05, b_D <= 0.05; gamma=0.25: b_D <= 0.05",False
2022-02-28,2022-03-31,schur_g050,4,USMV,ESGD,3,11,5,6,True,0.999999,0.4999995,0.24999975,1,gamma=0.499999: b_A <= 0.05,False
2022-02-28,2022-03-31,schur_g050,5,SCZ,ESGD,4,6,3,3,False,0.999999,0.4999995,0.4999995,0,,False
2022-02-28,2022-03-31,schur_g050,6,VEA,SPYM,2,21,10,11,True,0.999999,0.4999995,0.24999975,1,gamma=0.499999: b_A <= 0.05,False
2022-02-28,2022-03-31,schur_g050,7,VEA,IWP,3,10,5,5,True,0.999999,0.4999995,0.124999875,2,gamma=0.499999: b_A <= 0.05; gamma=0.25: b_A <= 0.05,False
2022-02-28,2022-03-31,schur_g050,8,ACWI,SPYM,3,11,5,6,False,0.999999,0.4999995,0.4999995,0,,False
2022-02-28,2022-03-31,schur_g050,9,SDY,SPYM,4,6,3,3,False,0.999999,0.4999995,0.4999995,0,,False
2022-02-28,2022-03-31,schur_g050,10,IVV,JPXN,1,42,21,21,False,0.999999,0.4999995,0.4999995,0,,False
2022-02-28,2022-03-31,schur_g050,11,IVV,VXF,2,21,10,11,False,0.999999,0.4999995,0.4999995,0,,False
2022-02-28,2022-03-31,schur_g050,12,IVV,KRE,3,10,5,5,True,0.999999,0.4999995,0.24999975,1,gamma=0.499999: b_D <= 0.05,False
2022-02-28,2022-03-31,schur_g050,13,VLUE,VXF,3,11,5,6,False,0.999999,0.4999995,0.4999995,0,,False
2022-02-28,2022-03-31,schur_g050,14,IWD,VXF,4,6,3,3,True,0.999999,0.4999995,0.24999975,1,gamma=0.499999: b_D <= 0.05,False
2022-02-28,2022-03-31,schur_g050,15,IWS,JPXN,2,21,10,11,False,0.999999,0.4999995,0.4999995,0,,False
2022-02-28,2022-03-31,schur_g050,16,IWS,IWM,3,10,5,5,True,0.999999,0.4999995,0.24999975,1,gamma=0.499999: b_A <= 0.05,False
2022-02-28,2022-03-31,schur_g050,17,VTWO,JPXN,3,11,5,6,True,0.999999,0.4999995,0.24999975,1,gamma=0.499999: b_A <= 0.05,False
2022-02-28,2022-03-31,schur_g050,18,IVE,JPXN,4,6,3,3,False,0.999999,0.4999995,0.4999995,0,,False
2022-03-31,2022-04-29,schur_g050,0,ASHS,VTI,0,84,42,42,False,0.999999,0.4999995,0.4999995,0,,False
2022-03-31,2022-04-29,schur_g050,1,ASHS,SUSA,1,42,21,21,False,0.999999,0.4999995,0.4999995,0,,False
2022-03-31,2022-04-29,schur_g050,2,ASHS,EFV,2,21,10,11,True,0.999999,0.4999995,0.24999975,1,gamma=0.499999: b_A <= 0.05,False
2022-03-31,2022-04-29,schur_g050,3,ASHS,EEM,3,10,5,5,True,0.999999,0.4999995,0.24999975,1,gamma=0.499999: b_D <= 0.05,False
2022-03-31,2022-04-29,schur_g050,4,QQQ,EFV,3,11,5,6,True,0.999999,0.4999995,0.24999975,1,gamma=0.499999: b_A <= 0.05,False
2022-03-31,2022-04-29,schur_g050,5,EWC,EFV,4,6,3,3,False,0.999999,0.4999995,0.4999995,0,,False
2022-03-31,2022-04-29,schur_g050,6,SCZ,SUSA,2,21,10,11,False,0.999999,0.4999995,0.4999995,0,,False
2022-03-31,2022-04-29,schur_g050,7,SCZ,IEV,3,10,5,5,True,0.999999,0.4999995,0.124999875,2,gamma=0.499999: b_D <= 0.05; gamma=0.25: b_D <= 0.05,False
2022-03-31,2022-04-29,schur_g050,8,IEUR,SUSA,3,11,5,6,False,0.999999,0.4999995,0.4999995,0,,False
2022-03-31,2022-04-29,schur_g050,9,QUAL,SUSA,4,6,3,3,True,0.999999,0.4999995,0.24999975,1,gamma=0.499999: b_D <= 0.05,False
2022-03-31,2022-04-29,schur_g050,10,VYM,VTI,1,42,21,21,False,0.999999,0.4999995,0.4999995,0,,False
2022-03-31,2022-04-29,schur_g050,11,VYM,IJS,2,21,10,11,False,0.999999,0.4999995,0.4999995,0,,False
2022-03-31,2022-04-29,schur_g050,12,VYM,IWC,3,10,5,5,False,0.999999,0.4999995,0.4999995,0,,False
2022-03-31,2022-04-29,schur_g050,13,VXF,IJS,3,11,5,6,False,0.999999,0.4999995,0.4999995,0,,False
2022-03-31,2022-04-29,schur_g050,14,SCHA,IJS,4,6,3,3,True,0.999999,0.4999995,0.0624999375,3,gamma=0.499999: b_D <= 0.05; gamma=0.25: b_D <= 0.05; gamma=0.125: b_D <= 0.05,False
2022-03-31,2022-04-29,schur_g050,15,IWN,VTI,2,21,10,11,False,0.999999,0.4999995,0.4999995,0,,False
2022-03-31,2022-04-29,schur_g050,16,IWN,GSLC,3,10,5,5,True,0.999999,0.4999995,0.24999975,1,gamma=0.499999: b_A <= 0.05,False
2022-03-31,2022-04-29,schur_g050,17,SPY,VTI,3,11,5,6,False,0.999999,0.4999995,0.4999995,0,,False
2022-03-31,2022-04-29,schur_g050,18,VV,VTI,4,6,3,3,False,0.999999,0.4999995,0.4999995,0,,False
2022-04-29,2022-05-31,schur_g050,0,ASHS,VTI,0,84,42,42,False,0.999999,0.4999995,0.4999995,0,,False
2022-04-29,2022-05-31,schur_g050,1,ASHS,VYM,1,42,21,21,False,0.999999,0.4999995,0.4999995,0,,False
2022-04-29,2022-05-31,schur_g050,2,ASHS,VEU,2,21,10,11,True,0.999999,0.4999995,0.24999975,1,gamma=0.499999: b_A <= 0.05,False
2022-04-29,2022-05-31,schur_g050,3,ASHS,EEM,3,10,5,5,True,0.999999,0.4999995,0.24999975,1,gamma=0.499999: b_D <= 0.05,False
2022-04-29,2022-05-31,schur_g050,4,HEFA,VEU,3,11,5,6,True,0.999999,0.4999995,0.24999975,1,gamma=0.499999: b_A <= 0.05,False
2022-04-29,2022-05-31,schur_g050,5,EWC,VEU,4,6,3,3,False,0.999999,0.4999995,0.4999995,0,,False
2022-04-29,2022-05-31,schur_g050,6,SCZ,VYM,2,21,10,11,True,0.999999,0.4999995,0.24999975,1,gamma=0.499999: b_A <= 0.05,False
2022-04-29,2022-05-31,schur_g050,7,SCZ,IEFA,3,10,5,5,True,0.999999,0.4999995,0.24999975,1,gamma=0.499999: b_A <= 0.05,False
2022-04-29,2022-05-31,schur_g050,8,SCHF,VYM,3,11,5,6,False,0.999999,0.4999995,0.4999995,0,,False
2022-04-29,2022-05-31,schur_g050,9,KBE,VYM,4,6,3,3,True,0.999999,0.4999995,0.24999975,1,gamma=0.499999: b_A <= 0.05,False
2022-04-29,2022-05-31,schur_g050,10,VLUE,VTI,1,42,21,21,False,0.999999,0.4999995,0.4999995,0,,False
2022-04-29,2022-05-31,schur_g050,11,VLUE,IWN,2,21,10,11,False,0.999999,0.4999995,0.4999995,0,,False
2022-04-29,2022-05-31,schur_g050,12,VLUE,VXF,3,10,5,5,False,0.999999,0.4999995,0.4999995,0,,False
2022-04-29,2022-05-31,schur_g050,13,IWS,IWN,3,11,5,6,False,0.999999,0.4999995,0.4999995,0,,False
2022-04-29,2022-05-31,schur_g050,14,IWM,IWN,4,6,3,3,True,0.999999,0.4999995,0.124999875,2,gamma=0.499999: b_A <= 0.05; gamma=0.25: b_A <= 0.05,False
2022-04-29,2022-05-31,schur_g050,15,IWR,VTI,2,21,10,11,False,0.999999,0.4999995,0.4999995,0,,False
2022-04-29,2022-05-31,schur_g050,16,IWR,GSLC,3,10,5,5,True,0.999999,0.4999995,0.24999975,1,gamma=0.499999: b_A <= 0.05,False
2022-04-29,2022-05-31,schur_g050,17,SPY,VTI,3,11,5,6,False,0.999999,0.4999995,0.4999995,0,,False
2022-04-29,2022-05-31,schur_g050,18,VV,VTI,4,6,3,3,False,0.999999,0.4999995,0.4999995,0,,False
2022-05-31,2022-06-30,schur_g050,0,ASHS,JPXN,0,84,42,42,False,0.999999,0.4999995,0.4999995,0,,False
2022-05-31,2022-06-30,schur_g050,1,ASHS,VOO,1,42,21,21,False,0.999999,0.4999995,0.4999995,0,,False
2022-05-31,2022-06-30,schur_g050,2,ASHS,ESGD,2,21,10,11,True,0.999999,0.4999995,0.24999975,1,"gamma=0.499999: b_A <= 0.05, b_D <= 0.05",False
2022-05-31,2022-06-30,schur_g050,3,ASHS,QQQ,3,10,5,5,True,0.999999,0.4999995,0.24999975,1,"gamma=0.499999: b_A <= 0.05, b_D <= 0.05",False
2022-05-31,2022-06-30,schur_g050,4,USMV,ESGD,3,11,5,6,True,0.999999,0.4999995,0.24999975,1,gamma=0.499999: b_A <= 0.05,False
2022-05-31,2022-06-30,schur_g050,5,EFV,ESGD,4,6,3,3,False,0.999999,0.4999995,0.4999995,0,,False
2022-05-31,2022-06-30,schur_g050,6,EFA,VOO,2,21,10,11,True,0.999999,0.4999995,0.24999975,1,gamma=0.499999: b_A <= 0.05,False
2022-05-31,2022-06-30,schur_g050,7,EFA,IWP,3,10,5,5,True,0.999999,0.4999995,0.24999975,1,gamma=0.499999: b_A <= 0.05,False
2022-05-31,2022-06-30,schur_g050,8,ACWI,VOO,3,11,5,6,False,0.999999,0.4999995,0.4999995,0,,False
2022-05-31,2022-06-30,schur_g050,9,DGRO,VOO,4,6,3,3,False,0.999999,0.4999995,0.4999995,0,,False
2022-05-31,2022-06-30,schur_g050,10,SPYM,JPXN,1,42,21,21,False,0.999999,0.4999995,0.4999995,0,,False
2022-05-31,2022-06-30,schur_g050,11,SPYM,IWC,2,21,10,11,False,0.999999,0.4999995,0.4999995,0,,False
2022-05-31,2022-06-30,schur_g050,12,SPYM,VYM,3,10,5,5,False,0.999999,0.4999995,0.4999995,0,,False
2022-05-31,2022-06-30,schur_g050,13,VLUE,IWC,3,11,5,6,True,0.999999,0.4999995,0.24999975,1,gamma=0.499999: b_A <= 0.05,False
2022-05-31,2022-06-30,schur_g050,14,SPYV,IWC,4,6,3,3,False,0.999999,0.4999995,0.4999995,0,,False
2022-05-31,2022-06-30,schur_g050,15,VXF,JPXN,2,21,10,11,False,0.999999,0.4999995,0.4999995,0,,False
2022-05-31,2022-06-30,schur_g050,16,VXF,IJS,3,10,5,5,False,0.999999,0.4999995,0.4999995,0,,False
2022-05-31,2022-06-30,schur_g050,17,IWN,JPXN,3,11,5,6,False,0.999999,0.4999995,0.4999995,0,,False
2022-05-31,2022-06-30,schur_g050,18,MDY,JPXN,4,6,3,3,False,0.999999,0.4999995,0.4999995,0,,False
2022-06-30,2022-07-29,schur_g050,0,ASHS,JPXN,0,84,42,42,False,0.999999,0.4999995,0.4999995,0,,False
2022-06-30,2022-07-29,schur_g050,1,ASHS,SPY,1,42,21,21,False,0.999999,0.4999995,0.4999995,0,,False
2022-06-30,2022-07-29,schur_g050,2,ASHS,ESGD,2,21,10,11,True,0.999999,0.4999995,0.24999975,1,"gamma=0.499999: b_A <= 0.05, b_D <= 0.05",False
2022-06-30,2022-07-29,schur_g050,3,ASHS,QQQ,3,10,5,5,True,0.999999,0.4999995,0.24999975,1,gamma=0.499999: b_D <= 0.05,False
2022-06-30,2022-07-29,schur_g050,4,SDIV,ESGD,3,11,5,6,True,0.999999,0.4999995,0.24999975,1,gamma=0.499999: b_A <= 0.05,False
2022-06-30,2022-07-29,schur_g050,5,IQLT,ESGD,4,6,3,3,False,0.999999,0.4999995,0.4999995,0,,False
2022-06-30,2022-07-29,schur_g050,6,SCHF,SPY,2,21,10,11,True,0.999999,0.4999995,0.24999975,1,gamma=0.499999: b_A <= 0.05,False
2022-06-30,2022-07-29,schur_g050,7,SCHF,IWP,3,10,5,5,True,0.999999,0.4999995,0.24999975,1,gamma=0.499999: b_A <= 0.05,False
2022-06-30,2022-07-29,schur_g050,8,KBE,SPY,3,11,5,6,False,0.999999,0.4999995,0.4999995,0,,False
2022-06-30,2022-07-29,schur_g050,9,DGRO,SPY,4,6,3,3,False,0.999999,0.4999995,0.4999995,0,,False
2022-06-30,2022-07-29,schur_g050,10,SPYM,JPXN,1,42,21,21,False,0.999999,0.4999995,0.4999995,0,,False
2022-06-30,2022-07-29,schur_g050,11,SPYM,IJK,2,21,10,11,False,0.999999,0.4999995,0.4999995,0,,False
2022-06-30,2022-07-29,schur_g050,12,SPYM,VYM,3,10,5,5,False,0.999999,0.4999995,0.4999995,0,,False
2022-06-30,2022-07-29,schur_g050,13,VLUE,IJK,3,11,5,6,True,0.999999,0.4999995,0.24999975,1,gamma=0.499999: b_A <= 0.05,False
2022-06-30,2022-07-29,schur_g050,14,VOOV,IJK,4,6,3,3,True,0.999999,0.4999995,0.24999975,1,gamma=0.499999: b_D <= 0.05,False
2022-06-30,2022-07-29,schur_g050,15,IWS,JPXN,2,21,10,11,False,0.999999,0.4999995,0.4999995,0,,False
2022-06-30,2022-07-29,schur_g050,16,IWS,IJS,3,10,5,5,False,0.999999,0.4999995,0.4999995,0,,False
2022-06-30,2022-07-29,schur_g050,17,IWN,JPXN,3,11,5,6,False,0.999999,0.4999995,0.4999995,0,,False
2022-06-30,2022-07-29,schur_g050,18,MDY,JPXN,4,6,3,3,False,0.999999,0.4999995,0.4999995,0,,False
2022-07-29,2022-08-31,schur_g050,0,ASHS,JPXN,0,85,42,43,False,0.999999,0.4999995,0.4999995,0,,False
2022-07-29,2022-08-31,schur_g050,1,ASHS,SPYM,1,42,21,21,False,0.999999,0.4999995,0.4999995,0,,False
2022-07-29,2022-08-31,schur_g050,2,ASHS,FEZ,2,21,10,11,True,0.999999,0.4999995,0.24999975,1,"gamma=0.499999: b_A <= 0.05, b_D <= 0.05",False
2022-07-29,2022-08-31,schur_g050,3,ASHS,QQQ,3,10,5,5,True,0.999999,0.4999995,0.24999975,1,gamma=0.499999: b_D <= 0.05,False
2022-07-29,2022-08-31,schur_g050,4,SDIV,FEZ,3,11,5,6,True,0.999999,0.4999995,0.124999875,2,"gamma=0.499999: b_A <= 0.05, b_D <= 0.05; gamma=0.25: b_D <= 0.05",False
2022-07-29,2022-08-31,schur_g050,5,VEU,FEZ,4,6,3,3,True,0.999999,0.4999995,0.124999875,2,gamma=0.499999: b_D <= 0.05; gamma=0.25: b_D <= 0.05,False
2022-07-29,2022-08-31,schur_g050,6,IEV,SPYM,2,21,10,11,False,0.999999,0.4999995,0.4999995,0,,False
2022-07-29,2022-08-31,schur_g050,7,IEV,KRE,3,10,5,5,False,0.999999,0.4999995,0.4999995,0,,False
2022-07-29,2022-08-31,schur_g050,8,ACWI,SPYM,3,11,5,6,False,0.999999,0.4999995,0.4999995,0,,False
2022-07-29,2022-08-31,schur_g050,9,VYM,SPYM,4,6,3,3,False,0.999999,0.4999995,0.4999995,0,,False
2022-07-29,2022-08-31,schur_g050,10,IVV,JPXN,1,43,21,22,False,0.999999,0.4999995,0.4999995,0,,False
2022-07-29,2022-08-31,schur_g050,11,IVV,IJK,2,21,10,11,False,0.999999,0.4999995,0.4999995,0,,False
2022-07-29,2022-08-31,schur_g050,12,IVV,SPHD,3,10,5,5,False,0.999999,0.4999995,0.4999995,0,,False
2022-07-29,2022-08-31,schur_g050,13,VLUE,IJK,3,11,5,6,True,0.999999,0.4999995,0.24999975,1,gamma=0.499999: b_D <= 0.05,False
2022-07-29,2022-08-31,schur_g050,14,VOOV,IJK,4,6,3,3,True,0.999999,0.4999995,0.24999975,1,gamma=0.499999: b_D <= 0.05,False
2022-07-29,2022-08-31,schur_g050,15,VXF,JPXN,2,22,11,11,False,0.999999,0.4999995,0.4999995,0,,False
2022-07-29,2022-08-31,schur_g050,16,VXF,IJS,3,11,5,6,False,0.999999,0.4999995,0.4999995,0,,False
2022-07-29,2022-08-31,schur_g050,17,SCHA,IJS,4,6,3,3,False,0.999999,0.4999995,0.4999995,0,,False
2022-07-29,2022-08-31,schur_g050,18,IWN,JPXN,3,11,5,6,False,0.999999,0.4999995,0.4999995,0,,False
2022-07-29,2022-08-31,schur_g050,19,MDY,JPXN,4,6,3,3,False,0.999999,0.4999995,0.4999995,0,,False
2022-08-31,2022-09-30,schur_g050,0,ASHS,JPXN,0,85,42,43,False,0.999999,0.4999995,0.4999995,0,,False
2022-08-31,2022-09-30,schur_g050,1,ASHS,SPY,1,42,21,21,False,0.999999,0.4999995,0.4999995,0,,False
2022-08-31,2022-09-30,schur_g050,2,ASHS,VEA,2,21,10,11,True,0.999999,0.4999995,0.24999975,1,"gamma=0.499999: b_A <= 0.05, b_D <= 0.05",False
2022-08-31,2022-09-30,schur_g050,3,ASHS,QQQ,3,10,5,5,True,0.999999,0.4999995,0.24999975,1,gamma=0.499999: b_D <= 0.05,False
2022-08-31,2022-09-30,schur_g050,4,SDIV,VEA,3,11,5,6,True,0.999999,0.4999995,0.24999975,1,gamma=0.499999: b_A <= 0.05,False
2022-08-31,2022-09-30,schur_g050,5,VEU,VEA,4,6,3,3,False,0.999999,0.4999995,0.4999995,0,,False
2022-08-31,2022-09-30,schur_g050,6,EZU,SPY,2,21,10,11,True,0.999999,0.4999995,0.24999975,1,gamma=0.499999: b_A <= 0.05,False
2022-08-31,2022-09-30,schur_g050,7,EZU,KRE,3,10,5,5,True,0.999999,0.4999995,0.124999875,2,gamma=0.499999: b_A <= 0.05; gamma=0.25: b_A <= 0.05,False
2022-08-31,2022-09-30,schur_g050,8,ACWI,SPY,3,11,5,6,False,0.999999,0.4999995,0.4999995,0,,False
2022-08-31,2022-09-30,schur_g050,9,DVY,SPY,4,6,3,3,False,0.999999,0.4999995,0.4999995,0,,False
2022-08-31,2022-09-30,schur_g050,10,VOO,JPXN,1,43,21,22,False,0.999999,0.4999995,0.4999995,0,,False
2022-08-31,2022-09-30,schur_g050,11,VOO,VXF,2,21,10,11,False,0.999999,0.4999995,0.4999995,0,,False
2022-08-31,2022-09-30,schur_g050,12,VOO,VTI,3,10,5,5,False,0.999999,0.4999995,0.4999995,0,,False
2022-08-31,2022-09-30,schur_g050,13,VLUE,VXF,3,11,5,6,True,0.999999,0.4999995,0.24999975,1,gamma=0.499999: b_D <= 0.05,False
2022-08-31,2022-09-30,schur_g050,14,IWD,VXF,4,6,3,3,True,0.999999,0.4999995,0.124999875,2,gamma=0.499999: b_D <= 0.05; gamma=0.25: b_D <= 0.05,False
2022-08-31,2022-09-30,schur_g050,15,GSSC,JPXN,2,22,11,11,False,0.999999,0.4999995,0.4999995,0,,False
2022-08-31,2022-09-30,schur_g050,16,GSSC,VO,3,11,5,6,False,0.999999,0.4999995,0.4999995,0,,False
2022-08-31,2022-09-30,schur_g050,17,VTWO,VO,4,6,3,3,True,0.999999,0.4999995,0.24999975,1,gamma=0.499999: b_A <= 0.05,False
2022-08-31,2022-09-30,schur_g050,18,IWR,JPXN,3,11,5,6,False,0.999999,0.4999995,0.4999995,0,,False
2022-08-31,2022-09-30,schur_g050,19,VOOV,JPXN,4,6,3,3,False,0.999999,0.4999995,0.4999995,0,,False
2022-09-30,2022-10-31,schur_g050,0,ASHS,JPXN,0,85,42,43,False,0.999999,0.4999995,0.4999995,0,,False
2022-09-30,2022-10-31,schur_g050,1,ASHS,SUSA,1,42,21,21,False,0.999999,0.4999995,0.4999995,0,,False
2022-09-30,2022-10-31,schur_g050,2,ASHS,EZU,2,21,10,11,True,0.999999,0.4999995,0.24999975,1,gamma=0.499999: b_A <= 0.05,False
2022-09-30,2022-10-31,schur_g050,3,ASHS,QQQ,3,10,5,5,True,0.999999,0.4999995,0.24999975,1,gamma=0.499999: b_D <= 0.05,False
2022-09-30,2022-10-31,schur_g050,4,EFAV,EZU,3,11,5,6,True,0.999999,0.4999995,0.24999975,1,gamma=0.499999: b_D <= 0.05,False
2022-09-30,2022-10-31,schur_g050,5,IQLT,EZU,4,6,3,3,True,0.999999,0.4999995,0.24999975,1,gamma=0.499999: b_D <= 0.05,False
2022-09-30,2022-10-31,schur_g050,6,FEZ,SUSA,2,21,10,11,False,0.999999,0.4999995,0.4999995,0,,False
2022-09-30,2022-10-31,schur_g050,7,FEZ,KBE,3,10,5,5,True,0.999999,0.4999995,0.124999875,2,gamma=0.499999: b_A <= 0.05; gamma=0.25: b_A <= 0.05,False
2022-09-30,2022-10-31,schur_g050,8,KRE,SUSA,3,11,5,6,False,0.999999,0.4999995,0.4999995,0,,False
2022-09-30,2022-10-31,schur_g050,9,DGRO,SUSA,4,6,3,3,False,0.999999,0.4999995,0.4999995,0,,False
2022-09-30,2022-10-31,schur_g050,10,GSLC,JPXN,1,43,21,22,False,0.999999,0.4999995,0.4999995,0,,False
2022-09-30,2022-10-31,schur_g050,11,GSLC,IJK,2,21,10,11,False,0.999999,0.4999995,0.4999995,0,,False
2022-09-30,2022-10-31,schur_g050,12,GSLC,IYY,3,10,5,5,False,0.999999,0.4999995,0.4999995,0,,False
2022-09-30,2022-10-31,schur_g050,13,IWV,IJK,3,11,5,6,True,0.999999,0.4999995,0.24999975,1,"gamma=0.499999: b_A <= 0.05, b_D <= 0.05",False
2022-09-30,2022-10-31,schur_g050,14,SPYV,IJK,4,6,3,3,True,0.999999,0.4999995,0.24999975,1,gamma=0.499999: b_D <= 0.05,False
2022-09-30,2022-10-31,schur_g050,15,IWS,JPXN,2,22,11,11,False,0.999999,0.4999995,0.4999995,0,,False
2022-09-30,2022-10-31,schur_g050,16,IWS,SCHA,3,11,5,6,False,0.999999,0.4999995,0.4999995,0,,False
2022-09-30,2022-10-31,schur_g050,17,IWR,SCHA,4,6,3,3,False,0.999999,0.4999995,0.4999995,0,,False
2022-09-30,2022-10-31,schur_g050,18,IWM,JPXN,3,11,5,6,True,0.999999,0.4999995,0.24999975,1,gamma=0.499999: b_A <= 0.05,False
2022-09-30,2022-10-31,schur_g050,19,IWN,JPXN,4,6,3,3,False,0.999999,0.4999995,0.4999995,0,,False
2022-10-31,2022-11-30,schur_g050,0,ASHS,JPXN,0,85,42,43,False,0.999999,0.4999995,0.4999995,0,,False
2022-10-31,2022-11-30,schur_g050,1,ASHS,VTV,1,42,21,21,False,0.999999,0.4999995,0.4999995,0,,False
2022-10-31,2022-11-30,schur_g050,2,ASHS,EZU,2,21,10,11,True,0.999999,0.4999995,0.24999975,1,gamma=0.499999: b_A <= 0.05,False
2022-10-31,2022-11-30,schur_g050,3,ASHS,QQQ,3,10,5,5,True,0.999999,0.4999995,0.24999975,1,gamma=0.499999: b_D <= 0.05,False
2022-10-31,2022-11-30,schur_g050,4,EFAV,EZU,3,11,5,6,True,0.999999,0.4999995,0.24999975,1,gamma=0.499999: b_D <= 0.05,False
2022-10-31,2022-11-30,schur_g050,5,ACWX,EZU,4,6,3,3,True,0.999999,0.4999995,0.24999975,1,gamma=0.499999: b_D <= 0.05,False
2022-10-31,2022-11-30,schur_g050,6,FEZ,VTV,2,21,10,11,False,0.999999,0.4999995,0.4999995,0,,False
2022-10-31,2022-11-30,schur_g050,7,FEZ,KBE,3,10,5,5,True,0.999999,0.4999995,0.0624999375,3,gamma=0.499999: b_A <= 0.05; gamma=0.25: b_A <= 0.05; gamma=0.125: b_A <= 0.05,False
2022-10-31,2022-11-30,schur_g050,8,KRE,VTV,3,11,5,6,False,0.999999,0.4999995,0.4999995,0,,False
2022-10-31,2022-11-30,schur_g050,9,DGRO,VTV,4,6,3,3,True,0.999999,0.4999995,0.0624999375,3,gamma=0.499999: b_D <= 0.05; gamma=0.25: b_D <= 0.05; gamma=0.125: b_D <= 0.05,False
2022-10-31,2022-11-30,schur_g050,10,PRF,JPXN,1,43,21,22,False,0.999999,0.4999995,0.4999995,0,,False
2022-10-31,2022-11-30,schur_g050,11,PRF,IJS,2,21,10,11,False,0.999999,0.4999995,0.4999995,0,,False
2022-10-31,2022-11-30,schur_g050,12,PRF,MDY,3,10,5,5,True,0.999999,0.4999995,0.24999975,1,gamma=0.499999: b_D <= 0.05,False
2022-10-31,2022-11-30,schur_g050,13,IWR,IJS,3,11,5,6,False,0.999999,0.4999995,0.4999995,0,,False
2022-10-31,2022-11-30,schur_g050,14,SCHA,IJS,4,6,3,3,False,0.999999,0.4999995,0.4999995,0,,False
2022-10-31,2022-11-30,schur_g050,15,IWN,JPXN,2,22,11,11,False,0.999999,0.4999995,0.4999995,0,,False
2022-10-31,2022-11-30,schur_g050,16,IWN,SPYM,3,11,5,6,True,0.999999,0.4999995,0.24999975,1,gamma=0.499999: b_A <= 0.05,False
2022-10-31,2022-11-30,schur_g050,17,QUAL,SPYM,4,6,3,3,False,0.999999,0.4999995,0.4999995,0,,False
2022-10-31,2022-11-30,schur_g050,18,IVV,JPXN,3,11,5,6,False,0.999999,0.4999995,0.4999995,0,,False
2022-10-31,2022-11-30,schur_g050,19,IYY,JPXN,4,6,3,3,False,0.999999,0.4999995,0.4999995,0,,False
2022-11-30,2022-12-30,schur_g050,0,ASHS,VOOV,0,85,42,43,False,0.999999,0.4999995,0.4999995,0,,False
2022-11-30,2022-12-30,schur_g050,1,ASHS,DGRO,1,42,21,21,False,0.999999,0.4999995,0.4999995,0,,False
2022-11-30,2022-12-30,schur_g050,2,ASHS,IQLT,2,21,10,11,True,0.999999,0.4999995,0.24999975,1,"gamma=0.499999: b_A <= 0.05, b_D <= 0.05",False
2022-11-30,2022-12-30,schur_g050,3,ASHS,EEM,3,10,5,5,True,0.999999,0.4999995,0.24999975,1,gamma=0.499999: b_D <= 0.05,False
2022-11-30,2022-12-30,schur_g050,4,SDIV,IQLT,3,11,5,6,True,0.999999,0.4999995,0.24999975,1,gamma=0.499999: b_A <= 0.05,False
2022-11-30,2022-12-30,schur_g050,5,PID,IQLT,4,6,3,3,False,0.999999,0.4999995,0.4999995,0,,False
2022-11-30,2022-12-30,schur_g050,6,SCZ,DGRO,2,21,10,11,True,0.999999,0.4999995,0.24999975,1,gamma=0.499999: b_A <= 0.05,False
2022-11-30,2022-12-30,schur_g050,7,SCZ,IEFA,3,10,5,5,True,0.999999,0.4999995,0.24999975,1,gamma=0.499999: b_A <= 0.05,False
2022-11-30,2022-12-30,schur_g050,8,SCHF,DGRO,3,11,5,6,False,0.999999,0.4999995,0.4999995,0,,False
2022-11-30,2022-12-30,schur_g050,9,SDY,DGRO,4,6,3,3,False,0.999999,0.4999995,0.4999995,0,,False
2022-11-30,2022-12-30,schur_g050,10,QUAL,VOOV,1,43,21,22,False,0.999999,0.4999995,0.4999995,0,,False
2022-11-30,2022-12-30,schur_g050,11,QUAL,IWO,2,21,10,11,False,0.999999,0.4999995,0.4999995,0,,False
2022-11-30,2022-12-30,schur_g050,12,QUAL,SCHX,3,10,5,5,False,0.999999,0.4999995,0.4999995,0,,False
2022-11-30,2022-12-30,schur_g050,13,IWB,IWO,3,11,5,6,True,0.999999,0.4999995,0.24999975,1,gamma=0.499999: b_D <= 0.05,False
2022-11-30,2022-12-30,schur_g050,14,VLUE,IWO,4,6,3,3,False,0.999999,0.4999995,0.4999995,0,,False
2022-11-30,2022-12-30,schur_g050,15,IJK,VOOV,2,22,11,11,False,0.999999,0.4999995,0.4999995,0,,False
2022-11-30,2022-12-30,schur_g050,16,IJK,VIOG,3,11,5,6,False,0.999999,0.4999995,0.4999995,0,,False
2022-11-30,2022-12-30,schur_g050,17,MDY,VIOG,4,6,3,3,False,0.999999,0.4999995,0.4999995,0,,False
2022-11-30,2022-12-30,schur_g050,18,SCHA,VOOV,3,11,5,6,True,0.999999,0.4999995,0.24999975,1,gamma=0.499999: b_A <= 0.05,False
2022-11-30,2022-12-30,schur_g050,19,IJS,VOOV,4,6,3,3,False,0.999999,0.4999995,0.4999995,0,,False
2022-12-30,2023-01-31,schur_g050,0,ASHS,VOOV,0,85,42,43,False,0.999999,0.4999995,0.4999995,0,,False
2022-12-30,2023-01-31,schur_g050,1,ASHS,DGRO,1,42,21,21,False,0.999999,0.4999995,0.4999995,0,,False
2022-12-30,2023-01-31,schur_g050,2,ASHS,VEU,2,21,10,11,True,0.999999,0.4999995,0.24999975,1,"gamma=0.499999: b_A <= 0.05, b_D <= 0.05",False
2022-12-30,2023-01-31,schur_g050,3,ASHS,EEM,3,10,5,5,True,0.999999,0.4999995,0.24999975,1,gamma=0.499999: b_D <= 0.05,False
2022-12-30,2023-01-31,schur_g050,4,SDIV,VEU,3,11,5,6,True,0.999999,0.4999995,0.24999975,1,gamma=0.499999: b_A <= 0.05,False
2022-12-30,2023-01-31,schur_g050,5,PID,VEU,4,6,3,3,False,0.999999,0.4999995,0.4999995,0,,False
2022-12-30,2023-01-31,schur_g050,6,SCZ,DGRO,2,21,10,11,True,0.999999,0.4999995,0.24999975,1,gamma=0.499999: b_A <= 0.05,False
2022-12-30,2023-01-31,schur_g050,7,SCZ,IEFA,3,10,5,5,True,0.999999,0.4999995,0.24999975,1,gamma=0.499999: b_A <= 0.05,False
2022-12-30,2023-01-31,schur_g050,8,SCHF,DGRO,3,11,5,6,False,0.999999,0.4999995,0.4999995,0,,False
2022-12-30,2023-01-31,schur_g050,9,SDY,DGRO,4,6,3,3,False,0.999999,0.4999995,0.4999995,0,,False
2022-12-30,2023-01-31,schur_g050,10,QUAL,VOOV,1,43,21,22,False,0.999999,0.4999995,0.4999995,0,,False
2022-12-30,2023-01-31,schur_g050,11,QUAL,IWO,2,21,10,11,False,0.999999,0.4999995,0.4999995,0,,False
2022-12-30,2023-01-31,schur_g050,12,QUAL,SCHX,3,10,5,5,False,0.999999,0.4999995,0.4999995,0,,False
2022-12-30,2023-01-31,schur_g050,13,IWB,IWO,3,11,5,6,True,0.999999,0.4999995,0.24999975,1,gamma=0.499999: b_D <= 0.05,False
2022-12-30,2023-01-31,schur_g050,14,VLUE,IWO,4,6,3,3,False,0.999999,0.4999995,0.4999995,0,,False
2022-12-30,2023-01-31,schur_g050,15,IJK,VOOV,2,22,11,11,False,0.999999,0.4999995,0.4999995,0,,False
2022-12-30,2023-01-31,schur_g050,16,IJK,VIOG,3,11,5,6,False,0.999999,0.4999995,0.4999995,0,,False
2022-12-30,2023-01-31,schur_g050,17,IJH,VIOG,4,6,3,3,False,0.999999,0.4999995,0.4999995,0,,False
2022-12-30,2023-01-31,schur_g050,18,SCHA,VOOV,3,11,5,6,True,0.999999,0.4999995,0.24999975,1,gamma=0.499999: b_A <= 0.05,False
2022-12-30,2023-01-31,schur_g050,19,IJS,VOOV,4,6,3,3,False,0.999999,0.4999995,0.4999995,0,,False
2023-01-31,2023-02-28,schur_g050,0,ASHS,IWN,0,85,42,43,False,0.999999,0.4999995,0.4999995,0,,False
2023-01-31,2023-02-28,schur_g050,1,ASHS,DGRO,1,42,21,21,False,0.999999,0.4999995,0.4999995,0,,False
2023-01-31,2023-02-28,schur_g050,2,ASHS,VEU,2,21,10,11,True,0.999999,0.4999995,0.24999975,1,"gamma=0.499999: b_A <= 0.05, b_D <= 0.05",False
2023-01-31,2023-02-28,schur_g050,3,ASHS,EEM,3,10,5,5,True,0.999999,0.4999995,0.24999975,1,gamma=0.499999: b_D <= 0.05,False
2023-01-31,2023-02-28,schur_g050,4,SDIV,VEU,3,11,5,6,True,0.999999,0.4999995,0.24999975,1,gamma=0.499999: b_A <= 0.05,False
2023-01-31,2023-02-28,schur_g050,5,EFAV,VEU,4,6,3,3,False,0.999999,0.4999995,0.4999995,0,,False
2023-01-31,2023-02-28,schur_g050,6,SCZ,DGRO,2,21,10,11,True,0.999999,0.4999995,0.24999975,1,gamma=0.499999: b_A <= 0.05,False
2023-01-31,2023-02-28,schur_g050,7,SCZ,IEFA,3,10,5,5,True,0.999999,0.4999995,0.24999975,1,gamma=0.499999: b_A <= 0.05,False
2023-01-31,2023-02-28,schur_g050,8,SCHF,DGRO,3,11,5,6,False,0.999999,0.4999995,0.4999995,0,,False
2023-01-31,2023-02-28,schur_g050,9,SDY,DGRO,4,6,3,3,False,0.999999,0.4999995,0.4999995,0,,False
2023-01-31,2023-02-28,schur_g050,10,QUAL,IWN,1,43,21,22,False,0.999999,0.4999995,0.4999995,0,,False
2023-01-31,2023-02-28,schur_g050,11,QUAL,IUSV,2,21,10,11,False,0.999999,0.4999995,0.4999995,0,,False
2023-01-31,2023-02-28,schur_g050,12,QUAL,SCHX,3,10,5,5,False,0.999999,0.4999995,0.4999995,0,,False
2023-01-31,2023-02-28,schur_g050,13,IWB,IUSV,3,11,5,6,True,0.999999,0.4999995,0.24999975,1,gamma=0.499999: b_D <= 0.05,False
2023-01-31,2023-02-28,schur_g050,14,VLUE,IUSV,4,6,3,3,True,0.999999,0.4999995,0.24999975,1,gamma=0.499999: b_A <= 0.05,False
2023-01-31,2023-02-28,schur_g050,15,VOOV,IWN,2,22,11,11,False,0.999999,0.4999995,0.4999995,0,,False
2023-01-31,2023-02-28,schur_g050,16,VOOV,VO,3,11,5,6,True,0.999999,0.4999995,0.24999975,1,gamma=0.499999: b_D <= 0.05,False
2023-01-31,2023-02-28,schur_g050,17,IWS,VO,4,6,3,3,False,0.999999,0.4999995,0.4999995,0,,False
2023-01-31,2023-02-28,schur_g050,18,VXF,IWN,3,11,5,6,False,0.999999,0.4999995,0.4999995,0,,False
2023-01-31,2023-02-28,schur_g050,19,IWM,IWN,4,6,3,3,True,0.999999,0.4999995,0.24999975,1,gamma=0.499999: b_A <= 0.05,False
2023-02-28,2023-03-31,schur_g050,0,ASHS,VTI,0,85,42,43,False,0.999999,0.4999995,0.4999995,0,,False
2023-02-28,2023-03-31,schur_g050,1,ASHS,VT,1,42,21,21,False,0.999999,0.4999995,0.4999995,0,,False
2023-02-28,2023-03-31,schur_g050,2,ASHS,VEU,2,21,10,11,True,0.999999,0.4999995,0.24999975,1,"gamma=0.499999: b_A <= 0.05, b_D <= 0.05",False
2023-02-28,2023-03-31,schur_g050,3,ASHS,EEM,3,10,5,5,True,0.999999,0.4999995,0.24999975,1,gamma=0.499999: b_D <= 0.05,False
2023-02-28,2023-03-31,schur_g050,4,SDIV,VEU,3,11,5,6,True,0.999999,0.4999995,0.24999975,1,gamma=0.499999: b_A <= 0.05,False
2023-02-28,2023-03-31,schur_g050,5,EFAV,VEU,4,6,3,3,False,0.999999,0.4999995,0.4999995,0,,False
2023-02-28,2023-03-31,schur_g050,6,SCZ,VT,2,21,10,11,True,0.999999,0.4999995,0.24999975,1,gamma=0.499999: b_A <= 0.05,False
2023-02-28,2023-03-31,schur_g050,7,SCZ,IEFA,3,10,5,5,True,0.999999,0.4999995,0.24999975,1,gamma=0.499999: b_A <= 0.05,False
2023-02-28,2023-03-31,schur_g050,8,SCHF,VT,3,11,5,6,False,0.999999,0.4999995,0.4999995,0,,False
2023-02-28,2023-03-31,schur_g050,9,SDY,VT,4,6,3,3,False,0.999999,0.4999995,0.4999995,0,,False
2023-02-28,2023-03-31,schur_g050,10,VYM,VTI,1,43,21,22,False,0.999999,0.4999995,0.4999995,0,,False
2023-02-28,2023-03-31,schur_g050,11,VYM,VTWO,2,21,10,11,False,0.999999,0.4999995,0.4999995,0,,False
2023-02-28,2023-03-31,schur_g050,12,VYM,SCHM,3,10,5,5,True,0.999999,0.4999995,0.24999975,1,gamma=0.499999: b_D <= 0.05,False
2023-02-28,2023-03-31,schur_g050,13,IJH,VTWO,3,11,5,6,False,0.999999,0.4999995,0.4999995,0,,False
2023-02-28,2023-03-31,schur_g050,14,GSSC,VTWO,4,6,3,3,False,0.999999,0.4999995,0.4999995,0,,False
2023-02-28,2023-03-31,schur_g050,15,IJJ,VTI,2,22,11,11,False,0.999999,0.4999995,0.4999995,0,,False
2023-02-28,2023-03-31,schur_g050,16,IJJ,GSLC,3,11,5,6,True,0.999999,0.4999995,0.24999975,1,gamma=0.499999: b_A <= 0.05,False
2023-02-28,2023-03-31,schur_g050,17,IVE,GSLC,4,6,3,3,False,0.999999,0.4999995,0.4999995,0,,False
2023-02-28,2023-03-31,schur_g050,18,VOO,VTI,3,11,5,6,False,0.999999,0.4999995,0.4999995,0,,False
2023-02-28,2023-03-31,schur_g050,19,VV,VTI,4,6,3,3,False,0.999999,0.4999995,0.4999995,0,,False
2023-03-31,2023-04-28,schur_g050,0,ASHS,PID,0,85,42,43,False,0.999999,0.4999995,0.4999995,0,,False
2023-03-31,2023-04-28,schur_g050,1,ASHS,IWC,1,42,21,21,False,0.999999,0.4999995,0.4999995,0,,False
2023-03-31,2023-04-28,schur_g050,2,ASHS,SDY,2,21,10,11,True,0.999999,0.4999995,0.24999975,1,"gamma=0.499999: b_A <= 0.05, b_D <= 0.05",False
2023-03-31,2023-04-28,schur_g050,3,ASHS,SDIV,3,10,5,5,True,0.999999,0.4999995,0.124999875,2,gamma=0.499999: b_D <= 0.05; gamma=0.25: b_D <= 0.05,False
2023-03-31,2023-04-28,schur_g050,4,EEM,SDY,3,11,5,6,True,0.999999,0.4999995,0.124999875,2,gamma=0.499999: b_D <= 0.05; gamma=0.25: b_D <= 0.05,False
2023-03-31,2023-04-28,schur_g050,5,KBE,SDY,4,6,3,3,True,0.999999,0.4999995,0.0624999375,3,gamma=0.499999: b_A <= 0.05; gamma=0.25: b_A <= 0.05; gamma=0.125: b_A <= 0.05,False
2023-03-31,2023-04-28,schur_g050,6,DGRO,IWC,2,21,10,11,False,0.999999,0.4999995,0.4999995,0,,False
2023-03-31,2023-04-28,schur_g050,7,DGRO,SCHX,3,10,5,5,True,0.999999,0.4999995,0.24999975,1,gamma=0.499999: b_A <= 0.05,False
2023-03-31,2023-04-28,schur_g050,8,IWV,IWC,3,11,5,6,False,0.999999,0.4999995,0.4999995,0,,False
2023-03-31,2023-04-28,schur_g050,9,SPY,IWC,4,6,3,3,False,0.999999,0.4999995,0.4999995,0,,False
2023-03-31,2023-04-28,schur_g050,10,PRF,PID,1,43,21,22,False,0.999999,0.4999995,0.4999995,0,,False
2023-03-31,2023-04-28,schur_g050,11,PRF,IWD,2,21,10,11,False,0.999999,0.4999995,0.4999995,0,,False
2023-03-31,2023-04-28,schur_g050,12,PRF,MDY,3,10,5,5,False,0.999999,0.4999995,0.4999995,0,,False
2023-03-31,2023-04-28,schur_g050,13,IJJ,IWD,3,11,5,6,False,0.999999,0.4999995,0.4999995,0,,False
2023-03-31,2023-04-28,schur_g050,14,IWN,IWD,4,6,3,3,False,0.999999,0.4999995,0.4999995,0,,False
2023-03-31,2023-04-28,schur_g050,15,SPYV,PID,2,22,11,11,True,0.999999,0.4999995,0.24999975,1,gamma=0.499999: b_A <= 0.05,False
2023-03-31,2023-04-28,schur_g050,16,SPYV,FEZ,3,11,5,6,True,0.999999,0.4999995,0.124999875,2,gamma=0.499999: b_D <= 0.05; gamma=0.25: b_D <= 0.05,False
2023-03-31,2023-04-28,schur_g050,17,SCZ,FEZ,4,6,3,3,True,0.999999,0.4999995,0.03124996875,4,gamma=0.499999: b_D <= 0.05; gamma=0.25: b_D <= 0.05; gamma=0.125: b_D <= 0.05; gamma=0.0624999: b_D <= 0.05,False
2023-03-31,2023-04-28,schur_g050,18,IEV,PID,3,11,5,6,False,0.999999,0.4999995,0.4999995,0,,False
2023-03-31,2023-04-28,schur_g050,19,EFA,PID,4,6,3,3,False,0.999999,0.4999995,0.4999995,0,,False
2023-04-28,2023-05-31,schur_g050,0,ASHS,VEA,0,85,42,43,False,0.999999,0.4999995,0.4999995,0,,False
2023-04-28,2023-05-31,schur_g050,1,ASHS,IJS,1,42,21,21,False,0.999999,0.4999995,0.4999995,0,,False
2023-04-28,2023-05-31,schur_g050,2,ASHS,SDY,2,21,10,11,False,0.999999,0.4999995,0.4999995,0,,False
2023-04-28,2023-05-31,schur_g050,3,ASHS,SDIV,3,10,5,5,True,0.999999,0.4999995,0.24999975,1,gamma=0.499999: b_D <= 0.05,False
2023-04-28,2023-05-31,schur_g050,4,EWC,SDY,3,11,5,6,False,0.999999,0.4999995,0.4999995,0,,False
2023-04-28,2023-05-31,schur_g050,5,USMV,SDY,4,6,3,3,True,0.999999,0.4999995,0.24999975,1,gamma=0.499999: b_D <= 0.05,False
2023-04-28,2023-05-31,schur_g050,6,VLUE,IJS,2,21,10,11,False,0.999999,0.4999995,0.4999995,0,,False
2023-04-28,2023-05-31,schur_g050,7,VLUE,VOOV,3,10,5,5,True,0.999999,0.4999995,0.24999975,1,gamma=0.499999: b_A <= 0.05,False
2023-04-28,2023-05-31,schur_g050,8,VTV,IJS,3,11,5,6,False,0.999999,0.4999995,0.4999995,0,,False
2023-04-28,2023-05-31,schur_g050,9,MDY,IJS,4,6,3,3,False,0.999999,0.4999995,0.4999995,0,,False
2023-04-28,2023-05-31,schur_g050,10,IWN,VEA,1,43,21,22,True,0.999999,0.4999995,0.24999975,1,gamma=0.499999: b_D <= 0.05,False
2023-04-28,2023-05-31,schur_g050,11,IWN,SCHX,2,21,10,11,False,0.999999,0.4999995,0.4999995,0,,False
2023-04-28,2023-05-31,schur_g050,12,IWN,ACWI,3,10,5,5,False,0.999999,0.4999995,0.4999995,0,,False
2023-04-28,2023-05-31,schur_g050,13,VT,SCHX,3,11,5,6,False,0.999999,0.4999995,0.4999995,0,,False
2023-04-28,2023-05-31,schur_g050,14,VV,SCHX,4,6,3,3,False,0.999999,0.4999995,0.4999995,0,,False
2023-04-28,2023-05-31,schur_g050,15,SPYM,VEA,2,22,11,11,True,0.999999,0.4999995,0.24999975,1,gamma=0.499999: b_D <= 0.05,False
2023-04-28,2023-05-31,schur_g050,16,SPYM,IQLT,3,11,5,6,False,0.999999,0.4999995,0.4999995,0,,False
2023-04-28,2023-05-31,schur_g050,17,SPHD,IQLT,4,6,3,3,False,0.999999,0.4999995,0.4999995,0,,False
2023-04-28,2023-05-31,schur_g050,18,EZU,VEA,3,11,5,6,True,0.999999,0.4999995,0.0624999375,3,gamma=0.499999: b_A <= 0.05; gamma=0.25: b_A <= 0.05; gamma=0.125: b_A <= 0.05,False
2023-04-28,2023-05-31,schur_g050,19,GSIE,VEA,4,6,3,3,False,0.999999,0.4999995,0.4999995,0,,False
2023-05-31,2023-06-30,schur_g050,0,ASHS,VEA,0,85,42,43,False,0.999999,0.4999995,0.4999995,0,,False
2023-05-31,2023-06-30,schur_g050,1,ASHS,SCHM,1,42,21,21,False,0.999999,0.4999995,0.4999995,0,,False
2023-05-31,2023-06-30,schur_g050,2,ASHS,SPHD,2,21,10,11,False,0.999999,0.4999995,0.4999995,0,,False
2023-05-31,2023-06-30,schur_g050,3,ASHS,SDIV,3,10,5,5,True,0.999999,0.4999995,0.124999875,2,gamma=0.499999: b_D <= 0.05; gamma=0.25: b_D <= 0.05,False
2023-05-31,2023-06-30,schur_g050,4,KBE,SPHD,3,11,5,6,False,0.999999,0.4999995,0.4999995,0,,False
2023-05-31,2023-06-30,schur_g050,5,USMV,SPHD,4,6,3,3,True,0.999999,0.4999995,0.24999975,1,gamma=0.499999: b_D <= 0.05,False
2023-05-31,2023-06-30,schur_g050,6,DVY,SCHM,2,21,10,11,False,0.999999,0.4999995,0.4999995,0,,False
2023-05-31,2023-06-30,schur_g050,7,DVY,IWD,3,10,5,5,True,0.999999,0.4999995,0.24999975,1,gamma=0.499999: b_A <= 0.05,False
2023-05-31,2023-06-30,schur_g050,8,IUSV,SCHM,3,11,5,6,True,0.999999,0.4999995,0.24999975,1,gamma=0.499999: b_D <= 0.05,False
2023-05-31,2023-06-30,schur_g050,9,IWO,SCHM,4,6,3,3,False,0.999999,0.4999995,0.4999995,0,,False
2023-05-31,2023-06-30,schur_g050,10,IWR,VEA,1,43,21,22,True,0.999999,0.4999995,0.24999975,1,gamma=0.499999: b_D <= 0.05,False
2023-05-31,2023-06-30,schur_g050,11,IWR,IYY,2,21,10,11,False,0.999999,0.4999995,0.4999995,0,,False
2023-05-31,2023-06-30,schur_g050,12,IWR,IJS,3,10,5,5,False,0.999999,0.4999995,0.4999995,0,,False
2023-05-31,2023-06-30,schur_g050,13,IWN,IYY,3,11,5,6,False,0.999999,0.4999995,0.4999995,0,,False
2023-05-31,2023-06-30,schur_g050,14,GSLC,IYY,4,6,3,3,False,0.999999,0.4999995,0.4999995,0,,False
2023-05-31,2023-06-30,schur_g050,15,IWB,VEA,2,22,11,11,True,0.999999,0.4999995,0.24999975,1,gamma=0.499999: b_D <= 0.05,False
2023-05-31,2023-06-30,schur_g050,16,IWB,IQLT,3,11,5,6,False,0.999999,0.4999995,0.4999995,0,,False
2023-05-31,2023-06-30,schur_g050,17,SPY,IQLT,4,6,3,3,False,0.999999,0.4999995,0.4999995,0,,False
2023-05-31,2023-06-30,schur_g050,18,EZU,VEA,3,11,5,6,True,0.999999,0.4999995,0.124999875,2,gamma=0.499999: b_A <= 0.05; gamma=0.25: b_A <= 0.05,False
2023-05-31,2023-06-30,schur_g050,19,GSIE,VEA,4,6,3,3,False,0.999999,0.4999995,0.4999995,0,,False
2023-06-30,2023-07-31,schur_g050,0,ASHS,SPY,0,86,43,43,False,0.999999,0.4999995,0.4999995,0,,False
2023-06-30,2023-07-31,schur_g050,1,ASHS,IWS,1,43,21,22,False,0.999999,0.4999995,0.4999995,0,,False
2023-06-30,2023-07-31,schur_g050,2,ASHS,ACWX,2,21,10,11,True,0.999999,0.4999995,0.24999975,1,gamma=0.499999: b_A <= 0.05,False
2023-06-30,2023-07-31,schur_g050,3,ASHS,KBE,3,10,5,5,True,0.999999,0.4999995,0.124999875,2,gamma=0.499999: b_D <= 0.05; gamma=0.25: b_D <= 0.05,False
2023-06-30,2023-07-31,schur_g050,4,KRE,ACWX,3,11,5,6,False,0.999999,0.4999995,0.4999995,0,,False
2023-06-30,2023-07-31,schur_g050,5,USMV,ACWX,4,6,3,3,True,0.999999,0.4999995,0.24999975,1,gamma=0.499999: b_D <= 0.05,False
2023-06-30,2023-07-31,schur_g050,6,VEU,IWS,2,22,11,11,True,0.999999,0.4999995,0.24999975,1,gamma=0.499999: b_A <= 0.05,False
2023-06-30,2023-07-31,schur_g050,7,VEU,ESGD,3,11,5,6,True,0.999999,0.4999995,0.124999875,2,gamma=0.499999: b_A <= 0.05; gamma=0.25: b_A <= 0.05,False
2023-06-30,2023-07-31,schur_g050,8,IEUR,ESGD,4,6,3,3,True,0.999999,0.4999995,0.24999975,1,gamma=0.499999: b_A <= 0.05,False
2023-06-30,2023-07-31,schur_g050,9,SCHF,IWS,3,11,5,6,False,0.999999,0.4999995,0.4999995,0,,False
2023-06-30,2023-07-31,schur_g050,10,SPHD,IWS,4,6,3,3,True,0.999999,0.4999995,0.24999975,1,gamma=0.499999: b_A <= 0.05,False
2023-06-30,2023-07-31,schur_g050,11,PRF,SPY,1,43,21,22,False,0.999999,0.4999995,0.4999995,0,,False
2023-06-30,2023-07-31,schur_g050,12,PRF,IWN,2,21,10,11,False,0.999999,0.4999995,0.4999995,0,,False
2023-06-30,2023-07-31,schur_g050,13,PRF,IJK,3,10,5,5,False,0.999999,0.4999995,0.4999995,0,,False
2023-06-30,2023-07-31,schur_g050,14,IWO,IWN,3,11,5,6,False,0.999999,0.4999995,0.4999995,0,,False
2023-06-30,2023-07-31,schur_g050,15,IWR,IWN,4,6,3,3,False,0.999999,0.4999995,0.4999995,0,,False
2023-06-30,2023-07-31,schur_g050,16,IJR,SPY,2,22,11,11,False,0.999999,0.4999995,0.4999995,0,,False
2023-06-30,2023-07-31,schur_g050,17,IJR,JUST,3,11,5,6,False,0.999999,0.4999995,0.4999995,0,,False
2023-06-30,2023-07-31,schur_g050,18,ACWI,JUST,4,6,3,3,False,0.999999,0.4999995,0.4999995,0,,False
2023-06-30,2023-07-31,schur_g050,19,IWV,SPY,3,11,5,6,False,0.999999,0.4999995,0.4999995,0,,False
2023-06-30,2023-07-31,schur_g050,20,IWB,SPY,4,6,3,3,False,0.999999,0.4999995,0.4999995,0,,False
2023-07-31,2023-08-31,schur_g050,0,ASHS,SPHD,0,86,43,43,False,0.999999,0.4999995,0.4999995,0,,False
2023-07-31,2023-08-31,schur_g050,1,ASHS,VTV,1,43,21,22,False,0.999999,0.4999995,0.4999995,0,,False
2023-07-31,2023-08-31,schur_g050,2,ASHS,ACWX,2,21,10,11,True,0.999999,0.4999995,0.24999975,1,gamma=0.499999: b_A <= 0.05,False
2023-07-31,2023-08-31,schur_g050,3,ASHS,KBE,3,10,5,5,True,0.999999,0.4999995,0.24999975,1,gamma=0.499999: b_D <= 0.05,False
2023-07-31,2023-08-31,schur_g050,4,KRE,ACWX,3,11,5,6,False,0.999999,0.4999995,0.4999995,0,,False
2023-07-31,2023-08-31,schur_g050,5,USMV,ACWX,4,6,3,3,True,0.999999,0.4999995,0.24999975,1,gamma=0.499999: b_D <= 0.05,False
2023-07-31,2023-08-31,schur_g050,6,VEU,VTV,2,22,11,11,True,0.999999,0.4999995,0.24999975,1,gamma=0.499999: b_A <= 0.05,False
2023-07-31,2023-08-31,schur_g050,7,VEU,ESGD,3,11,5,6,True,0.999999,0.4999995,0.124999875,2,gamma=0.499999: b_A <= 0.05; gamma=0.25: b_A <= 0.05,False
2023-07-31,2023-08-31,schur_g050,8,IEUR,ESGD,4,6,3,3,True,0.999999,0.4999995,0.24999975,1,gamma=0.499999: b_A <= 0.05,False
2023-07-31,2023-08-31,schur_g050,9,SCHF,VTV,3,11,5,6,False,0.999999,0.4999995,0.4999995,0,,False
2023-07-31,2023-08-31,schur_g050,10,VLUE,VTV,4,6,3,3,True,0.999999,0.4999995,0.24999975,1,gamma=0.499999: b_A <= 0.05,False
2023-07-31,2023-08-31,schur_g050,11,VYM,SPHD,1,43,21,22,False,0.999999,0.4999995,0.4999995,0,,False
2023-07-31,2023-08-31,schur_g050,12,VYM,GSSC,2,21,10,11,False,0.999999,0.4999995,0.4999995,0,,False
2023-07-31,2023-08-31,schur_g050,13,VYM,VXF,3,10,5,5,True,0.999999,0.4999995,0.24999975,1,gamma=0.499999: b_D <= 0.05,False
2023-07-31,2023-08-31,schur_g050,14,IJH,GSSC,3,11,5,6,False,0.999999,0.4999995,0.4999995,0,,False
2023-07-31,2023-08-31,schur_g050,15,IJT,GSSC,4,6,3,3,False,0.999999,0.4999995,0.4999995,0,,False
2023-07-31,2023-08-31,schur_g050,16,SCHA,SPHD,2,22,11,11,False,0.999999,0.4999995,0.4999995,0,,False
2023-07-31,2023-08-31,schur_g050,17,SCHA,VTI,3,11,5,6,False,0.999999,0.4999995,0.4999995,0,,False
2023-07-31,2023-08-31,schur_g050,18,QUAL,VTI,4,6,3,3,True,0.999999,0.4999995,0.24999975,1,gamma=0.499999: b_A <= 0.05,False
2023-07-31,2023-08-31,schur_g050,19,VV,SPHD,3,11,5,6,False,0.999999,0.4999995,0.4999995,0,,False
2023-07-31,2023-08-31,schur_g050,20,SPYM,SPHD,4,6,3,3,False,0.999999,0.4999995,0.4999995,0,,False
2023-08-31,2023-09-29,schur_g050,0,ASHS,SPY,0,87,43,44,False,0.999999,0.4999995,0.4999995,0,,False
2023-08-31,2023-09-29,schur_g050,1,ASHS,DGRO,1,43,21,22,False,0.999999,0.4999995,0.4999995,0,,False
2023-08-31,2023-09-29,schur_g050,2,ASHS,SCZ,2,21,10,11,True,0.999999,0.4999995,0.0624999375,3,gamma=0.499999: b_D <= 0.05; gamma=0.25: b_D <= 0.05; gamma=0.125: b_D <= 0.05,False
2023-08-31,2023-09-29,schur_g050,3,ASHS,KRE,3,10,5,5,True,0.999999,0.4999995,0.24999975,1,gamma=0.499999: b_D <= 0.05,False
2023-08-31,2023-09-29,schur_g050,4,SDIV,SCZ,3,11,5,6,True,0.999999,0.4999995,0.0624999375,3,gamma=0.499999: b_D <= 0.05; gamma=0.25: b_D <= 0.05; gamma=0.125: b_D <= 0.05,False
2023-08-31,2023-09-29,schur_g050,5,USMV,SCZ,4,6,3,3,True,0.999999,0.4999995,0.03124996875,4,gamma=0.499999: b_A <= 0.05; gamma=0.25: b_A <= 0.05; gamma=0.125: b_A <= 0.05; gamma=0.0624999: b_A <= 0.05,False
2023-08-31,2023-09-29,schur_g050,6,ACWX,DGRO,2,22,11,11,True,0.999999,0.4999995,0.24999975,1,gamma=0.499999: b_A <= 0.05,False
2023-08-31,2023-09-29,schur_g050,7,ACWX,EFA,3,11,5,6,True,0.999999,0.4999995,0.124999875,2,gamma=0.499999: b_A <= 0.05; gamma=0.25: b_A <= 0.05,False
2023-08-31,2023-09-29,schur_g050,8,IEV,EFA,4,6,3,3,True,0.999999,0.4999995,0.24999975,1,gamma=0.499999: b_A <= 0.05,False
2023-08-31,2023-09-29,schur_g050,9,ESGD,DGRO,3,11,5,6,False,0.999999,0.4999995,0.4999995,0,,False
2023-08-31,2023-09-29,schur_g050,10,SPHD,DGRO,4,6,3,3,True,0.999999,0.4999995,0.24999975,1,gamma=0.499999: b_A <= 0.05,False
2023-08-31,2023-09-29,schur_g050,11,IWS,SPY,1,44,22,22,False,0.999999,0.4999995,0.4999995,0,,False
2023-08-31,2023-09-29,schur_g050,12,IWS,GSSC,2,22,11,11,False,0.999999,0.4999995,0.4999995,0,,False
2023-08-31,2023-09-29,schur_g050,13,IWS,IJK,3,11,5,6,False,0.999999,0.4999995,0.4999995,0,,False
2023-08-31,2023-09-29,schur_g050,14,IUSV,IJK,4,6,3,3,True,0.999999,0.4999995,0.24999975,1,gamma=0.499999: b_D <= 0.05,False
2023-08-31,2023-09-29,schur_g050,15,IJH,GSSC,3,11,5,6,False,0.999999,0.4999995,0.4999995,0,,False
2023-08-31,2023-09-29,schur_g050,16,IJT,GSSC,4,6,3,3,False,0.999999,0.4999995,0.4999995,0,,False
2023-08-31,2023-09-29,schur_g050,17,SCHA,SPY,2,22,11,11,False,0.999999,0.4999995,0.4999995,0,,False
2023-08-31,2023-09-29,schur_g050,18,SCHA,JUST,3,11,5,6,True,0.999999,0.4999995,0.24999975,1,gamma=0.499999: b_A <= 0.05,False
2023-08-31,2023-09-29,schur_g050,19,ACWI,JUST,4,6,3,3,False,0.999999,0.4999995,0.4999995,0,,False
2023-08-31,2023-09-29,schur_g050,20,IWV,SPY,3,11,5,6,False,0.999999,0.4999995,0.4999995,0,,False
2023-08-31,2023-09-29,schur_g050,21,IWB,SPY,4,6,3,3,False,0.999999,0.4999995,0.4999995,0,,False
2023-09-29,2023-10-31,schur_g050,0,ASHS,SPY,0,87,43,44,False,0.999999,0.4999995,0.4999995,0,,False
2023-09-29,2023-10-31,schur_g050,1,ASHS,IWC,1,43,21,22,False,0.999999,0.4999995,0.4999995,0,,False
2023-09-29,2023-10-31,schur_g050,2,ASHS,SCZ,2,21,10,11,True,0.999999,0.4999995,0.124999875,2,gamma=0.499999: b_D <= 0.05; gamma=0.25: b_D <= 0.05,False
2023-09-29,2023-10-31,schur_g050,3,ASHS,KRE,3,10,5,5,True,0.999999,0.4999995,0.24999975,1,gamma=0.499999: b_D <= 0.05,False
2023-09-29,2023-10-31,schur_g050,4,SDIV,SCZ,3,11,5,6,True,0.999999,0.4999995,0.015624984375,5,gamma=0.499999: b_D <= 0.05; gamma=0.25: b_D <= 0.05; gamma=0.125: b_D <= 0.05; gamma=0.0624999: b_D <= 0.05; gamma=0.03125: b_D <= 0.05,False
2023-09-29,2023-10-31,schur_g050,5,USMV,SCZ,4,6,3,3,True,0.999999,0.4999995,0.0078124921875,6,gamma=0.499999: b_A <= 0.05; gamma=0.25: b_A <= 0.05; gamma=0.125: b_A <= 0.05; gamma=0.0624999: b_A <= 0.05; gamma=0.03125: b_A <= 0.05; gamma=0.015625: b_A <= 0.05,False
2023-09-29,2023-10-31,schur_g050,6,IQLT,IWC,2,22,11,11,True,0.999999,0.4999995,0.24999975,1,gamma=0.499999: b_A <= 0.05,False
2023-09-29,2023-10-31,schur_g050,7,IQLT,EFA,3,11,5,6,True,0.999999,0.4999995,0.124999875,2,gamma=0.499999: b_A <= 0.05; gamma=0.25: b_A <= 0.05,False
2023-09-29,2023-10-31,schur_g050,8,IEV,EFA,4,6,3,3,True,0.999999,0.4999995,0.24999975,1,gamma=0.499999: b_A <= 0.05,False
2023-09-29,2023-10-31,schur_g050,9,ESGD,IWC,3,11,5,6,False,0.999999,0.4999995,0.4999995,0,,False
2023-09-29,2023-10-31,schur_g050,10,SPHD,IWC,4,6,3,3,False,0.999999,0.4999995,0.4999995,0,,False
2023-09-29,2023-10-31,schur_g050,11,IWS,SPY,1,44,22,22,False,0.999999,0.4999995,0.4999995,0,,False
2023-09-29,2023-10-31,schur_g050,12,IWS,GSSC,2,22,11,11,False,0.999999,0.4999995,0.4999995,0,,False
2023-09-29,2023-10-31,schur_g050,13,IWS,IJK,3,11,5,6,False,0.999999,0.4999995,0.4999995,0,,False
2023-09-29,2023-10-31,schur_g050,14,IUSV,IJK,4,6,3,3,True,0.999999,0.4999995,0.24999975,1,gamma=0.499999: b_D <= 0.05,False
2023-09-29,2023-10-31,schur_g050,15,IJH,GSSC,3,11,5,6,False,0.999999,0.4999995,0.4999995,0,,False
2023-09-29,2023-10-31,schur_g050,16,IJS,GSSC,4,6,3,3,False,0.999999,0.4999995,0.4999995,0,,False
2023-09-29,2023-10-31,schur_g050,17,SCHA,SPY,2,22,11,11,False,0.999999,0.4999995,0.4999995,0,,False
2023-09-29,2023-10-31,schur_g050,18,SCHA,JUST,3,11,5,6,True,0.999999,0.4999995,0.24999975,1,gamma=0.499999: b_A <= 0.05,False
2023-09-29,2023-10-31,schur_g050,19,ACWI,JUST,4,6,3,3,False,0.999999,0.4999995,0.4999995,0,,False
2023-09-29,2023-10-31,schur_g050,20,IWV,SPY,3,11,5,6,False,0.999999,0.4999995,0.4999995,0,,False
2023-09-29,2023-10-31,schur_g050,21,IWB,SPY,4,6,3,3,False,0.999999,0.4999995,0.4999995,0,,False
2023-10-31,2023-11-30,schur_g050,0,ASHS,SPY,0,87,43,44,False,0.999999,0.4999995,0.4999995,0,,False
2023-10-31,2023-11-30,schur_g050,1,ASHS,IWC,1,43,21,22,False,0.999999,0.4999995,0.4999995,0,,False
2023-10-31,2023-11-30,schur_g050,2,ASHS,SCZ,2,21,10,11,True,0.999999,0.4999995,0.0624999375,3,gamma=0.499999: b_D <= 0.05; gamma=0.25: b_D <= 0.05; gamma=0.125: b_D <= 0.05,False
2023-10-31,2023-11-30,schur_g050,3,ASHS,JPXN,3,10,5,5,True,0.999999,0.4999995,0.24999975,1,gamma=0.499999: b_D <= 0.05,False
2023-10-31,2023-11-30,schur_g050,4,SDIV,SCZ,3,11,5,6,True,0.999999,0.4999995,0.03124996875,4,gamma=0.499999: b_D <= 0.05; gamma=0.25: b_D <= 0.05; gamma=0.125: b_D <= 0.05; gamma=0.0624999: b_D <= 0.05,False
2023-10-31,2023-11-30,schur_g050,5,USMV,SCZ,4,6,3,3,True,0.999999,0.4999995,0.00390624609375,7,gamma=0.499999: b_A <= 0.05; gamma=0.25: b_A <= 0.05; gamma=0.125: b_A <= 0.05; gamma=0.0624999: b_A <= 0.05; gamma=0.03125: b_A <= 0.05; gamma=0.015625: b_A <= 0.05; gamma=0.00781249: b_A <= 0.05,False
2023-10-31,2023-11-30,schur_g050,6,IQLT,IWC,2,22,11,11,False,0.999999,0.4999995,0.4999995,0,,False
2023-10-31,2023-11-30,schur_g050,7,IQLT,FEZ,3,11,5,6,True,0.999999,0.4999995,0.124999875,2,gamma=0.499999: b_D <= 0.05; gamma=0.25: b_D <= 0.05,False
2023-10-31,2023-11-30,schur_g050,8,EFA,FEZ,4,6,3,3,True,0.999999,0.4999995,0.03124996875,4,gamma=0.499999: b_D <= 0.05; gamma=0.25: b_D <= 0.05; gamma=0.125: b_D <= 0.05; gamma=0.0624999: b_D <= 0.05,False
2023-10-31,2023-11-30,schur_g050,9,IEV,IWC,3,11,5,6,True,0.999999,0.4999995,0.24999975,1,gamma=0.499999: b_A <= 0.05,False
2023-10-31,2023-11-30,schur_g050,10,SPHD,IWC,4,6,3,3,False,0.999999,0.4999995,0.4999995,0,,False
2023-10-31,2023-11-30,schur_g050,11,IWS,SPY,1,44,22,22,False,0.999999,0.4999995,0.4999995,0,,False
2023-10-31,2023-11-30,schur_g050,12,IWS,GSSC,2,22,11,11,False,0.999999,0.4999995,0.4999995,0,,False
2023-10-31,2023-11-30,schur_g050,13,IWS,IJK,3,11,5,6,False,0.999999,0.4999995,0.4999995,0,,False
2023-10-31,2023-11-30,schur_g050,14,IUSV,IJK,4,6,3,3,True,0.999999,0.4999995,0.24999975,1,gamma=0.499999: b_D <= 0.05,False
2023-10-31,2023-11-30,schur_g050,15,IJH,GSSC,3,11,5,6,False,0.999999,0.4999995,0.4999995,0,,False
2023-10-31,2023-11-30,schur_g050,16,IJS,GSSC,4,6,3,3,False,0.999999,0.4999995,0.4999995,0,,False
2023-10-31,2023-11-30,schur_g050,17,SCHA,SPY,2,22,11,11,False,0.999999,0.4999995,0.4999995,0,,False
2023-10-31,2023-11-30,schur_g050,18,SCHA,JUST,3,11,5,6,True,0.999999,0.4999995,0.24999975,1,gamma=0.499999: b_A <= 0.05,False
2023-10-31,2023-11-30,schur_g050,19,ACWI,JUST,4,6,3,3,False,0.999999,0.4999995,0.4999995,0,,False
2023-10-31,2023-11-30,schur_g050,20,IWV,SPY,3,11,5,6,False,0.999999,0.4999995,0.4999995,0,,False
2023-10-31,2023-11-30,schur_g050,21,IWB,SPY,4,6,3,3,False,0.999999,0.4999995,0.4999995,0,,False
2023-11-30,2023-12-29,schur_g050,0,ASHS,SPY,0,87,43,44,False,0.999999,0.4999995,0.4999995,0,,False
2023-11-30,2023-12-29,schur_g050,1,ASHS,IWC,1,43,21,22,False,0.999999,0.4999995,0.4999995,0,,False
2023-11-30,2023-12-29,schur_g050,2,ASHS,SCZ,2,21,10,11,True,0.999999,0.4999995,0.0624999375,3,gamma=0.499999: b_D <= 0.05; gamma=0.25: b_D <= 0.05; gamma=0.125: b_D <= 0.05,False
2023-11-30,2023-12-29,schur_g050,3,ASHS,KRE,3,10,5,5,True,0.999999,0.4999995,0.24999975,1,gamma=0.499999: b_D <= 0.05,False
2023-11-30,2023-12-29,schur_g050,4,SDIV,SCZ,3,11,5,6,True,0.999999,0.4999995,0.03124996875,4,gamma=0.499999: b_D <= 0.05; gamma=0.25: b_D <= 0.05; gamma=0.125: b_D <= 0.05; gamma=0.0624999: b_D <= 0.05,False
2023-11-30,2023-12-29,schur_g050,5,USMV,SCZ,4,6,3,3,True,0.999999,0.4999995,0.0078124921875,6,gamma=0.499999: b_A <= 0.05; gamma=0.25: b_A <= 0.05; gamma=0.125: b_A <= 0.05; gamma=0.0624999: b_A <= 0.05; gamma=0.03125: b_A <= 0.05; gamma=0.015625: b_A <= 0.05,False
2023-11-30,2023-12-29,schur_g050,6,IQLT,IWC,2,22,11,11,True,0.999999,0.4999995,0.24999975,1,gamma=0.499999: b_A <= 0.05,False
2023-11-30,2023-12-29,schur_g050,7,IQLT,EFA,3,11,5,6,True,0.999999,0.4999995,0.24999975,1,gamma=0.499999: b_A <= 0.05,False
2023-11-30,2023-12-29,schur_g050,8,VGK,EFA,4,6,3,3,True,0.999999,0.4999995,0.24999975,1,gamma=0.499999: b_A <= 0.05,False
2023-11-30,2023-12-29,schur_g050,9,IEFA,IWC,3,11,5,6,False,0.999999,0.4999995,0.4999995,0,,False
2023-11-30,2023-12-29,schur_g050,10,SPHD,IWC,4,6,3,3,False,0.999999,0.4999995,0.4999995,0,,False
2023-11-30,2023-12-29,schur_g050,11,IJJ,SPY,1,44,22,22,False,0.999999,0.4999995,0.4999995,0,,False
2023-11-30,2023-12-29,schur_g050,12,IJJ,VYM,2,22,11,11,False,0.999999,0.4999995,0.4999995,0,,False
2023-11-30,2023-12-29,schur_g050,13,IJJ,IWN,3,11,5,6,False,0.999999,0.4999995,0.4999995,0,,False
2023-11-30,2023-12-29,schur_g050,14,IWR,IWN,4,6,3,3,False,0.999999,0.4999995,0.4999995,0,,False
2023-11-30,2023-12-29,schur_g050,15,IJR,VYM,3,11,5,6,False,0.999999,0.4999995,0.4999995,0,,False
2023-11-30,2023-12-29,schur_g050,16,IWO,VYM,4,6,3,3,True,0.999999,0.4999995,0.124999875,2,gamma=0.499999: b_A <= 0.05; gamma=0.25: b_A <= 0.05,False
2023-11-30,2023-12-29,schur_g050,17,IWD,SPY,2,22,11,11,False,0.999999,0.4999995,0.4999995,0,,False
2023-11-30,2023-12-29,schur_g050,18,IWD,GSLC,3,11,5,6,False,0.999999,0.4999995,0.4999995,0,,False
2023-11-30,2023-12-29,schur_g050,19,ACWI,GSLC,4,6,3,3,True,0.999999,0.4999995,0.24999975,1,gamma=0.499999: b_D <= 0.05,False
2023-11-30,2023-12-29,schur_g050,20,IWV,SPY,3,11,5,6,False,0.999999,0.4999995,0.4999995,0,,False
2023-11-30,2023-12-29,schur_g050,21,IWB,SPY,4,6,3,3,False,0.999999,0.4999995,0.4999995,0,,False
2023-12-29,2024-01-31,schur_g050,0,ASHS,SPY,0,87,43,44,False,0.999999,0.4999995,0.4999995,0,,False
2023-12-29,2024-01-31,schur_g050,1,ASHS,IWC,1,43,21,22,False,0.999999,0.4999995,0.4999995,0,,False
2023-12-29,2024-01-31,schur_g050,2,ASHS,SCZ,2,21,10,11,True,0.999999,0.4999995,0.0624999375,3,gamma=0.499999: b_D <= 0.05; gamma=0.25: b_D <= 0.05; gamma=0.125: b_D <= 0.05,False
2023-12-29,2024-01-31,schur_g050,3,ASHS,KRE,3,10,5,5,True,0.999999,0.4999995,0.24999975,1,gamma=0.499999: b_D <= 0.05,False
2023-12-29,2024-01-31,schur_g050,4,SDIV,SCZ,3,11,5,6,True,0.999999,0.4999995,0.0624999375,3,gamma=0.499999: b_D <= 0.05; gamma=0.25: b_D <= 0.05; gamma=0.125: b_D <= 0.05,False
2023-12-29,2024-01-31,schur_g050,5,USMV,SCZ,4,6,3,3,True,0.999999,0.4999995,0.015624984375,5,gamma=0.499999: b_A <= 0.05; gamma=0.25: b_A <= 0.05; gamma=0.125: b_A <= 0.05; gamma=0.0624999: b_A <= 0.05; gamma=0.03125: b_A <= 0.05,False
2023-12-29,2024-01-31,schur_g050,6,IQLT,IWC,2,22,11,11,False,0.999999,0.4999995,0.4999995,0,,False
2023-12-29,2024-01-31,schur_g050,7,IQLT,FEZ,3,11,5,6,True,0.999999,0.4999995,0.124999875,2,gamma=0.499999: b_D <= 0.05; gamma=0.25: b_D <= 0.05,False
2023-12-29,2024-01-31,schur_g050,8,EFA,FEZ,4,6,3,3,True,0.999999,0.4999995,0.124999875,2,gamma=0.499999: b_D <= 0.05; gamma=0.25: b_D <= 0.05,False
2023-12-29,2024-01-31,schur_g050,9,IEV,IWC,3,11,5,6,False,0.999999,0.4999995,0.4999995,0,,False
2023-12-29,2024-01-31,schur_g050,10,SPHD,IWC,4,6,3,3,True,0.999999,0.4999995,0.24999975,1,gamma=0.499999: b_A <= 0.05,False
2023-12-29,2024-01-31,schur_g050,11,IJK,SPY,1,44,22,22,False,0.999999,0.4999995,0.4999995,0,,False
2023-12-29,2024-01-31,schur_g050,12,IJK,VYM,2,22,11,11,False,0.999999,0.4999995,0.4999995,0,,False
2023-12-29,2024-01-31,schur_g050,13,IJK,IWN,3,11,5,6,False,0.999999,0.4999995,0.4999995,0,,False
2023-12-29,2024-01-31,schur_g050,14,IWR,IWN,4,6,3,3,False,0.999999,0.4999995,0.4999995,0,,False
2023-12-29,2024-01-31,schur_g050,15,IJR,VYM,3,11,5,6,False,0.999999,0.4999995,0.4999995,0,,False
2023-12-29,2024-01-31,schur_g050,16,IWO,VYM,4,6,3,3,True,0.999999,0.4999995,0.24999975,1,gamma=0.499999: b_A <= 0.05,False
2023-12-29,2024-01-31,schur_g050,17,IWD,SPY,2,22,11,11,False,0.999999,0.4999995,0.4999995,0,,False
2023-12-29,2024-01-31,schur_g050,18,IWD,GSLC,3,11,5,6,False,0.999999,0.4999995,0.4999995,0,,False
2023-12-29,2024-01-31,schur_g050,19,ACWI,GSLC,4,6,3,3,True,0.999999,0.4999995,0.124999875,2,gamma=0.499999: b_D <= 0.05; gamma=0.25: b_D <= 0.05,False
2023-12-29,2024-01-31,schur_g050,20,IWV,SPY,3,11,5,6,False,0.999999,0.4999995,0.4999995,0,,False
2023-12-29,2024-01-31,schur_g050,21,IWB,SPY,4,6,3,3,False,0.999999,0.4999995,0.4999995,0,,False
2024-01-31,2024-02-29,schur_g050,0,ASHS,VGK,0,87,43,44,False,0.999999,0.4999995,0.4999995,0,,False
2024-01-31,2024-02-29,schur_g050,1,ASHS,VXF,1,43,21,22,False,0.999999,0.4999995,0.4999995,0,,False
2024-01-31,2024-02-29,schur_g050,2,ASHS,QQQ,2,21,10,11,True,0.999999,0.4999995,0.124999875,2,gamma=0.499999: b_D <= 0.05; gamma=0.25: b_D <= 0.05,False
2024-01-31,2024-02-29,schur_g050,3,ASHS,KRE,3,10,5,5,True,0.999999,0.4999995,0.24999975,1,gamma=0.499999: b_D <= 0.05,False
2024-01-31,2024-02-29,schur_g050,4,SDIV,QQQ,3,11,5,6,True,0.999999,0.4999995,0.124999875,2,gamma=0.499999: b_D <= 0.05; gamma=0.25: b_D <= 0.05,False
2024-01-31,2024-02-29,schur_g050,5,USMV,QQQ,4,6,3,3,True,0.999999,0.4999995,0.0078124921875,6,gamma=0.499999: b_D <= 0.05; gamma=0.25: b_D <= 0.05; gamma=0.125: b_D <= 0.05; gamma=0.0624999: b_D <= 0.05; gamma=0.03125: b_D <= 0.05; gamma=0.015625: b_D <= 0.05,False
2024-01-31,2024-02-29,schur_g050,6,VLUE,VXF,2,22,11,11,False,0.999999,0.4999995,0.4999995,0,,False
2024-01-31,2024-02-29,schur_g050,7,VLUE,IWD,3,11,5,6,False,0.999999,0.4999995,0.4999995,0,,False
2024-01-31,2024-02-29,schur_g050,8,VYM,IWD,4,6,3,3,False,0.999999,0.4999995,0.4999995,0,,False
2024-01-31,2024-02-29,schur_g050,9,PRF,VXF,3,11,5,6,False,0.999999,0.4999995,0.4999995,0,,False
2024-01-31,2024-02-29,schur_g050,10,MDY,VXF,4,6,3,3,False,0.999999,0.4999995,0.4999995,0,,False
2024-01-31,2024-02-29,schur_g050,11,IJT,VGK,1,44,22,22,False,0.999999,0.4999995,0.4999995,0,,False
2024-01-31,2024-02-29,schur_g050,12,IJT,SCHX,2,22,11,11,False,0.999999,0.4999995,0.4999995,0,,False
2024-01-31,2024-02-29,schur_g050,13,IJT,VT,3,11,5,6,False,0.999999,0.4999995,0.4999995,0,,False
2024-01-31,2024-02-29,schur_g050,14,GSSC,VT,4,6,3,3,True,0.999999,0.4999995,0.24999975,1,gamma=0.499999: b_A <= 0.05,False
2024-01-31,2024-02-29,schur_g050,15,QUAL,SCHX,3,11,5,6,False,0.999999,0.4999995,0.4999995,0,,False
2024-01-31,2024-02-29,schur_g050,16,VTI,SCHX,4,6,3,3,False,0.999999,0.4999995,0.4999995,0,,False
2024-01-31,2024-02-29,schur_g050,17,SPYM,VGK,2,22,11,11,True,0.999999,0.4999995,0.124999875,2,gamma=0.499999: b_D <= 0.05; gamma=0.25: b_D <= 0.05,False
2024-01-31,2024-02-29,schur_g050,18,SPYM,VEU,3,11,5,6,False,0.999999,0.4999995,0.4999995,0,,False
2024-01-31,2024-02-29,schur_g050,19,SPHD,VEU,4,6,3,3,True,0.999999,0.4999995,0.24999975,1,gamma=0.499999: b_D <= 0.05,False
2024-01-31,2024-02-29,schur_g050,20,GSIE,VGK,3,11,5,6,True,0.999999,0.4999995,0.124999875,2,gamma=0.499999: b_D <= 0.05; gamma=0.25: b_D <= 0.05,False
2024-01-31,2024-02-29,schur_g050,21,VEA,VGK,4,6,3,3,True,0.999999,0.4999995,0.015624984375,5,gamma=0.499999: b_A <= 0.05; gamma=0.25: b_A <= 0.05; gamma=0.125: b_A <= 0.05; gamma=0.0624999: b_A <= 0.05; gamma=0.03125: b_A <= 0.05,False
2024-02-29,2024-03-28,schur_g050,0,ASHS,VGK,0,87,43,44,False,0.999999,0.4999995,0.4999995,0,,False
2024-02-29,2024-03-28,schur_g050,1,ASHS,VIOG,1,43,21,22,False,0.999999,0.4999995,0.4999995,0,,False
2024-02-29,2024-03-28,schur_g050,2,ASHS,QQQ,2,21,10,11,True,0.999999,0.4999995,0.124999875,2,"gamma=0.499999: b_A <= 0.05, b_D <= 0.05; gamma=0.25: b_D <= 0.05",False
2024-02-29,2024-03-28,schur_g050,3,ASHS,XRT,3,10,5,5,True,0.999999,0.4999995,0.24999975,1,gamma=0.499999: b_D <= 0.05,False
2024-02-29,2024-03-28,schur_g050,4,SDIV,QQQ,3,11,5,6,True,0.999999,0.4999995,0.124999875,2,gamma=0.499999: b_D <= 0.05; gamma=0.25: b_D <= 0.05,False
2024-02-29,2024-03-28,schur_g050,5,USMV,QQQ,4,6,3,3,True,0.999999,0.4999995,0.015624984375,5,gamma=0.499999: b_D <= 0.05; gamma=0.25: b_D <= 0.05; gamma=0.125: b_D <= 0.05; gamma=0.0624999: b_D <= 0.05; gamma=0.03125: b_D <= 0.05,False
2024-02-29,2024-03-28,schur_g050,6,DGRO,VIOG,2,22,11,11,False,0.999999,0.4999995,0.4999995,0,,False
2024-02-29,2024-03-28,schur_g050,7,DGRO,IWD,3,11,5,6,False,0.999999,0.4999995,0.4999995,0,,False
2024-02-29,2024-03-28,schur_g050,8,VYM,IWD,4,6,3,3,False,0.999999,0.4999995,0.4999995,0,,False
2024-02-29,2024-03-28,schur_g050,9,PRF,VIOG,3,11,5,6,False,0.999999,0.4999995,0.4999995,0,,False
2024-02-29,2024-03-28,schur_g050,10,MDY,VIOG,4,6,3,3,False,0.999999,0.4999995,0.4999995,0,,False
2024-02-29,2024-03-28,schur_g050,11,IJR,VGK,1,44,22,22,False,0.999999,0.4999995,0.4999995,0,,False
2024-02-29,2024-03-28,schur_g050,12,IJR,SCHX,2,22,11,11,False,0.999999,0.4999995,0.4999995,0,,False
2024-02-29,2024-03-28,schur_g050,13,IJR,VT,3,11,5,6,False,0.999999,0.4999995,0.4999995,0,,False
2024-02-29,2024-03-28,schur_g050,14,IJS,VT,4,6,3,3,True,0.999999,0.4999995,0.24999975,1,gamma=0.499999: b_A <= 0.05,False
2024-02-29,2024-03-28,schur_g050,15,QUAL,SCHX,3,11,5,6,False,0.999999,0.4999995,0.4999995,0,,False
2024-02-29,2024-03-28,schur_g050,16,IWV,SCHX,4,6,3,3,False,0.999999,0.4999995,0.4999995,0,,False
2024-02-29,2024-03-28,schur_g050,17,SPYM,VGK,2,22,11,11,True,0.999999,0.4999995,0.124999875,2,gamma=0.499999: b_D <= 0.05; gamma=0.25: b_D <= 0.05,False
2024-02-29,2024-03-28,schur_g050,18,SPYM,VEU,3,11,5,6,False,0.999999,0.4999995,0.4999995,0,,False
2024-02-29,2024-03-28,schur_g050,19,SPHD,VEU,4,6,3,3,True,0.999999,0.4999995,0.24999975,1,gamma=0.499999: b_D <= 0.05,False
2024-02-29,2024-03-28,schur_g050,20,GSIE,VGK,3,11,5,6,True,0.999999,0.4999995,0.0624999375,3,gamma=0.499999: b_D <= 0.05; gamma=0.25: b_D <= 0.05; gamma=0.125: b_D <= 0.05,False
2024-02-29,2024-03-28,schur_g050,21,VEA,VGK,4,6,3,3,True,0.999999,0.4999995,0.0078124921875,6,gamma=0.499999: b_A <= 0.05; gamma=0.25: b_A <= 0.05; gamma=0.125: b_A <= 0.05; gamma=0.0624999: b_A <= 0.05; gamma=0.03125: b_A <= 0.05; gamma=0.015625: b_A <= 0.05,False
2024-03-28,2024-04-30,schur_g050,0,ASHS,SPHD,0,87,43,44,False,0.999999,0.4999995,0.4999995,0,,False
2024-03-28,2024-04-30,schur_g050,1,ASHS,SUSA,1,43,21,22,False,0.999999,0.4999995,0.4999995,0,,False
2024-03-28,2024-04-30,schur_g050,2,ASHS,SCZ,2,21,10,11,True,0.999999,0.4999995,0.0624999375,3,gamma=0.499999: b_D <= 0.05; gamma=0.25: b_D <= 0.05; gamma=0.125: b_D <= 0.05,False
2024-03-28,2024-04-30,schur_g050,3,ASHS,XRT,3,10,5,5,True,0.999999,0.4999995,0.24999975,1,gamma=0.499999: b_D <= 0.05,False
2024-03-28,2024-04-30,schur_g050,4,SDIV,SCZ,3,11,5,6,True,0.999999,0.4999995,0.03124996875,4,gamma=0.499999: b_D <= 0.05; gamma=0.25: b_D <= 0.05; gamma=0.125: b_D <= 0.05; gamma=0.0624999: b_D <= 0.05,False
2024-03-28,2024-04-30,schur_g050,5,USMV,SCZ,4,6,3,3,True,0.999999,0.4999995,0.00390624609375,7,gamma=0.499999: b_D <= 0.05; gamma=0.25: b_D <= 0.05; gamma=0.125: b_D <= 0.05; gamma=0.0624999: b_D <= 0.05; gamma=0.03125: b_D <= 0.05; gamma=0.015625: b_D <= 0.05; gamma=0.00781249: b_D <= 0.05,False
2024-03-28,2024-04-30,schur_g050,6,IQLT,SUSA,2,22,11,11,False,0.999999,0.4999995,0.4999995,0,,False
2024-03-28,2024-04-30,schur_g050,7,IQLT,FEZ,3,11,5,6,True,0.999999,0.4999995,0.24999975,1,gamma=0.499999: b_D <= 0.05,False
2024-03-28,2024-04-30,schur_g050,8,EFA,FEZ,4,6,3,3,True,0.999999,0.4999995,0.124999875,2,gamma=0.499999: b_D <= 0.05; gamma=0.25: b_D <= 0.05,False
2024-03-28,2024-04-30,schur_g050,9,IEV,SUSA,3,11,5,6,False,0.999999,0.4999995,0.4999995,0,,False
2024-03-28,2024-04-30,schur_g050,10,DGRO,SUSA,4,6,3,3,True,0.999999,0.4999995,0.24999975,1,gamma=0.499999: b_D <= 0.05,False
2024-03-28,2024-04-30,schur_g050,11,JUST,SPHD,1,44,22,22,False,0.999999,0.4999995,0.4999995,0,,False
2024-03-28,2024-04-30,schur_g050,12,JUST,IWR,2,22,11,11,False,0.999999,0.4999995,0.4999995,0,,False
2024-03-28,2024-04-30,schur_g050,13,JUST,VOO,3,11,5,6,False,0.999999,0.4999995,0.4999995,0,,False
2024-03-28,2024-04-30,schur_g050,14,ESGU,VOO,4,6,3,3,False,0.999999,0.4999995,0.4999995,0,,False
2024-03-28,2024-04-30,schur_g050,15,IVV,IWR,3,11,5,6,False,0.999999,0.4999995,0.4999995,0,,False
2024-03-28,2024-04-30,schur_g050,16,IJK,IWR,4,6,3,3,False,0.999999,0.4999995,0.4999995,0,,False
2024-03-28,2024-04-30,schur_g050,17,VO,SPHD,2,22,11,11,False,0.999999,0.4999995,0.4999995,0,,False
2024-03-28,2024-04-30,schur_g050,18,VO,IWO,3,11,5,6,False,0.999999,0.4999995,0.4999995,0,,False
2024-03-28,2024-04-30,schur_g050,19,SCHA,IWO,4,6,3,3,False,0.999999,0.4999995,0.4999995,0,,False
2024-03-28,2024-04-30,schur_g050,20,VXF,SPHD,3,11,5,6,False,0.999999,0.4999995,0.4999995,0,,False
2024-03-28,2024-04-30,schur_g050,21,IWD,SPHD,4,6,3,3,False,0.999999,0.4999995,0.4999995,0,,False
2024-04-30,2024-05-31,schur_g050,0,ASHS,SPHD,0,87,43,44,False,0.999999,0.4999995,0.4999995,0,,False
2024-04-30,2024-05-31,schur_g050,1,ASHS,JUST,1,43,21,22,False,0.999999,0.4999995,0.4999995,0,,False
2024-04-30,2024-05-31,schur_g050,2,ASHS,SCZ,2,21,10,11,True,0.999999,0.4999995,0.0624999375,3,gamma=0.499999: b_D <= 0.05; gamma=0.25: b_D <= 0.05; gamma=0.125: b_D <= 0.05,False
2024-04-30,2024-05-31,schur_g050,3,ASHS,XRT,3,10,5,5,True,0.999999,0.4999995,0.24999975,1,gamma=0.499999: b_D <= 0.05,False
2024-04-30,2024-05-31,schur_g050,4,SDIV,SCZ,3,11,5,6,True,0.999999,0.4999995,0.03124996875,4,gamma=0.499999: b_D <= 0.05; gamma=0.25: b_D <= 0.05; gamma=0.125: b_D <= 0.05; gamma=0.0624999: b_D <= 0.05,False
2024-04-30,2024-05-31,schur_g050,5,USMV,SCZ,4,6,3,3,True,0.999999,0.4999995,0.00390624609375,7,gamma=0.499999: b_D <= 0.05; gamma=0.25: b_D <= 0.05; gamma=0.125: b_D <= 0.05; gamma=0.0624999: b_D <= 0.05; gamma=0.03125: b_D <= 0.05; gamma=0.015625: b_D <= 0.05; gamma=0.00781249: b_D <= 0.05,False
2024-04-30,2024-05-31,schur_g050,6,IQLT,JUST,2,22,11,11,False,0.999999,0.4999995,0.4999995,0,,False
2024-04-30,2024-05-31,schur_g050,7,IQLT,FEZ,3,11,5,6,True,0.999999,0.4999995,0.24999975,1,gamma=0.499999: b_D <= 0.05,False
2024-04-30,2024-05-31,schur_g050,8,EFA,FEZ,4,6,3,3,True,0.999999,0.4999995,0.0624999375,3,gamma=0.499999: b_D <= 0.05; gamma=0.25: b_D <= 0.05; gamma=0.125: b_D <= 0.05,False
2024-04-30,2024-05-31,schur_g050,9,IEV,JUST,3,11,5,6,True,0.999999,0.4999995,0.24999975,1,gamma=0.499999: b_A <= 0.05,False
2024-04-30,2024-05-31,schur_g050,10,DGRO,JUST,4,6,3,3,False,0.999999,0.4999995,0.4999995,0,,False
2024-04-30,2024-05-31,schur_g050,11,GSLC,SPHD,1,44,22,22,False,0.999999,0.4999995,0.4999995,0,,False
2024-04-30,2024-05-31,schur_g050,12,GSLC,IWR,2,22,11,11,False,0.999999,0.4999995,0.4999995,0,,False
2024-04-30,2024-05-31,schur_g050,13,GSLC,IVV,3,11,5,6,False,0.999999,0.4999995,0.4999995,0,,False
2024-04-30,2024-05-31,schur_g050,14,SCHX,IVV,4,6,3,3,False,0.999999,0.4999995,0.4999995,0,,False
2024-04-30,2024-05-31,schur_g050,15,SPY,IWR,3,11,5,6,False,0.999999,0.4999995,0.4999995,0,,False
2024-04-30,2024-05-31,schur_g050,16,IJJ,IWR,4,6,3,3,False,0.999999,0.4999995,0.4999995,0,,False
2024-04-30,2024-05-31,schur_g050,17,VO,SPHD,2,22,11,11,False,0.999999,0.4999995,0.4999995,0,,False
2024-04-30,2024-05-31,schur_g050,18,VO,GSSC,3,11,5,6,False,0.999999,0.4999995,0.4999995,0,,False
2024-04-30,2024-05-31,schur_g050,19,IJS,GSSC,4,6,3,3,False,0.999999,0.4999995,0.4999995,0,,False
2024-04-30,2024-05-31,schur_g050,20,IJR,SPHD,3,11,5,6,False,0.999999,0.4999995,0.4999995,0,,False
2024-04-30,2024-05-31,schur_g050,21,IWD,SPHD,4,6,3,3,False,0.999999,0.4999995,0.4999995,0,,False
2024-05-31,2024-06-28,schur_g050,0,ASHS,SPHD,0,87,43,44,False,0.999999,0.4999995,0.4999995,0,,False
2024-05-31,2024-06-28,schur_g050,1,ASHS,JUST,1,43,21,22,False,0.999999,0.4999995,0.4999995,0,,False
2024-05-31,2024-06-28,schur_g050,2,ASHS,SCZ,2,21,10,11,True,0.999999,0.4999995,0.0624999375,3,gamma=0.499999: b_D <= 0.05; gamma=0.25: b_D <= 0.05; gamma=0.125: b_D <= 0.05,False
2024-05-31,2024-06-28,schur_g050,3,ASHS,XRT,3,10,5,5,True,0.999999,0.4999995,0.124999875,2,gamma=0.499999: b_D <= 0.05; gamma=0.25: b_D <= 0.05,False
2024-05-31,2024-06-28,schur_g050,4,SDIV,SCZ,3,11,5,6,True,0.999999,0.4999995,0.0078124921875,6,gamma=0.499999: b_D <= 0.05; gamma=0.25: b_D <= 0.05; gamma=0.125: b_D <= 0.05; gamma=0.0624999: b_D <= 0.05; gamma=0.03125: b_D <= 0.05; gamma=0.015625: b_D <= 0.05,False
2024-05-31,2024-06-28,schur_g050,5,HEFA,SCZ,4,6,3,3,True,0.999999,0.4999995,0.0,10,gamma=0.499999: b_D <= 0.05; gamma=0.25: b_D <= 0.05; gamma=0.125: b_D <= 0.05; gamma=0.0624999: b_D <= 0.05; gamma=0.03125: b_D <= 0.05; gamma=0.015625: b_D <= 0.05; gamma=0.00781249: b_D <= 0.05; gamma=0.00390625: b_D <= 0.05; gamma=0.00195312: b_D <= 0.05; gamma=0.000976562: b_D <= 0.05; gamma=0.000488281: b_D <= 0.05,True
2024-05-31,2024-06-28,schur_g050,6,IQLT,JUST,2,22,11,11,False,0.999999,0.4999995,0.4999995,0,,False
2024-05-31,2024-06-28,schur_g050,7,IQLT,FEZ,3,11,5,6,True,0.999999,0.4999995,0.24999975,1,gamma=0.499999: b_D <= 0.05,False
2024-05-31,2024-06-28,schur_g050,8,EFA,FEZ,4,6,3,3,True,0.999999,0.4999995,0.0624999375,3,gamma=0.499999: b_D <= 0.05; gamma=0.25: b_D <= 0.05; gamma=0.125: b_D <= 0.05,False
2024-05-31,2024-06-28,schur_g050,9,IEV,JUST,3,11,5,6,False,0.999999,0.4999995,0.4999995,0,,False
2024-05-31,2024-06-28,schur_g050,10,DGRO,JUST,4,6,3,3,True,0.999999,0.4999995,0.24999975,1,gamma=0.499999: b_D <= 0.05,False
2024-05-31,2024-06-28,schur_g050,11,GSLC,SPHD,1,44,22,22,False,0.999999,0.4999995,0.4999995,0,,False
2024-05-31,2024-06-28,schur_g050,12,GSLC,VYM,2,22,11,11,False,0.999999,0.4999995,0.4999995,0,,False
2024-05-31,2024-06-28,schur_g050,13,GSLC,IVV,3,11,5,6,False,0.999999,0.4999995,0.4999995,0,,False
2024-05-31,2024-06-28,schur_g050,14,SCHX,IVV,4,6,3,3,False,0.999999,0.4999995,0.4999995,0,,False
2024-05-31,2024-06-28,schur_g050,15,SPY,VYM,3,11,5,6,False,0.999999,0.4999995,0.4999995,0,,False
2024-05-31,2024-06-28,schur_g050,16,IVE,VYM,4,6,3,3,False,0.999999,0.4999995,0.4999995,0,,False
2024-05-31,2024-06-28,schur_g050,17,IWC,SPHD,2,22,11,11,False,0.999999,0.4999995,0.4999995,0,,False
2024-05-31,2024-06-28,schur_g050,18,IWC,VIOG,3,11,5,6,False,0.999999,0.4999995,0.4999995,0,,False
2024-05-31,2024-06-28,schur_g050,19,MDY,VIOG,4,6,3,3,False,0.999999,0.4999995,0.4999995,0,,False
2024-05-31,2024-06-28,schur_g050,20,IJS,SPHD,3,11,5,6,False,0.999999,0.4999995,0.4999995,0,,False
2024-05-31,2024-06-28,schur_g050,21,GSSC,SPHD,4,6,3,3,False,0.999999,0.4999995,0.4999995,0,,False
2024-06-28,2024-07-31,schur_g050,0,ASHS,VYM,0,87,43,44,False,0.999999,0.4999995,0.4999995,0,,False
2024-06-28,2024-07-31,schur_g050,1,ASHS,QUAL,1,43,21,22,True,0.999999,0.4999995,0.24999975,1,gamma=0.499999: b_A <= 0.05,False
2024-06-28,2024-07-31,schur_g050,2,ASHS,SCZ,2,21,10,11,True,0.999999,0.4999995,0.24999975,1,gamma=0.499999: b_D <= 0.05,False
2024-06-28,2024-07-31,schur_g050,3,ASHS,XRT,3,10,5,5,False,0.999999,0.4999995,0.4999995,0,,False
2024-06-28,2024-07-31,schur_g050,4,SDIV,SCZ,3,11,5,6,True,0.999999,0.4999995,0.124999875,2,gamma=0.499999: b_D <= 0.05; gamma=0.25: b_D <= 0.05,False
2024-06-28,2024-07-31,schur_g050,5,USMV,SCZ,4,6,3,3,True,0.999999,0.4999995,0.03124996875,4,gamma=0.499999: b_D <= 0.05; gamma=0.25: b_D <= 0.05; gamma=0.125: b_D <= 0.05; gamma=0.0624999: b_D <= 0.05,False
2024-06-28,2024-07-31,schur_g050,6,IQLT,QUAL,2,22,11,11,False,0.999999,0.4999995,0.4999995,0,,False
2024-06-28,2024-07-31,schur_g050,7,IQLT,FEZ,3,11,5,6,True,0.999999,0.4999995,0.24999975,1,gamma=0.499999: b_D <= 0.05,False
2024-06-28,2024-07-31,schur_g050,8,EFA,FEZ,4,6,3,3,True,0.999999,0.4999995,0.24999975,1,gamma=0.499999: b_D <= 0.05,False
2024-06-28,2024-07-31,schur_g050,9,IEV,QUAL,3,11,5,6,False,0.999999,0.4999995,0.4999995,0,,False
2024-06-28,2024-07-31,schur_g050,10,SPHD,QUAL,4,6,3,3,False,0.999999,0.4999995,0.4999995,0,,False
2024-06-28,2024-07-31,schur_g050,11,SUSA,VYM,1,44,22,22,False,0.999999,0.4999995,0.4999995,0,,False
2024-06-28,2024-07-31,schur_g050,12,SUSA,MDY,2,22,11,11,False,0.999999,0.4999995,0.4999995,0,,False
2024-06-28,2024-07-31,schur_g050,13,SUSA,SPYM,3,11,5,6,False,0.999999,0.4999995,0.4999995,0,,False
2024-06-28,2024-07-31,schur_g050,14,IWV,SPYM,4,6,3,3,False,0.999999,0.4999995,0.4999995,0,,False
2024-06-28,2024-07-31,schur_g050,15,VOO,MDY,3,11,5,6,False,0.999999,0.4999995,0.4999995,0,,False
2024-06-28,2024-07-31,schur_g050,16,IWC,MDY,4,6,3,3,False,0.999999,0.4999995,0.4999995,0,,False
2024-06-28,2024-07-31,schur_g050,17,SCHM,VYM,2,22,11,11,False,0.999999,0.4999995,0.4999995,0,,False
2024-06-28,2024-07-31,schur_g050,18,SCHM,IWM,3,11,5,6,False,0.999999,0.4999995,0.4999995,0,,False
2024-06-28,2024-07-31,schur_g050,19,IWO,IWM,4,6,3,3,False,0.999999,0.4999995,0.4999995,0,,False
2024-06-28,2024-07-31,schur_g050,20,VTWO,VYM,3,11,5,6,False,0.999999,0.4999995,0.4999995,0,,False
2024-06-28,2024-07-31,schur_g050,21,IVE,VYM,4,6,3,3,False,0.999999,0.4999995,0.4999995,0,,False
2024-07-31,2024-08-30,schur_g050,0,ASHS,VYM,0,87,43,44,False,0.999999,0.4999995,0.4999995,0,,False
2024-07-31,2024-08-30,schur_g050,1,ASHS,SUSA,1,43,21,22,False,0.999999,0.4999995,0.4999995,0,,False
2024-07-31,2024-08-30,schur_g050,2,ASHS,SCZ,2,21,10,11,True,0.999999,0.4999995,0.0624999375,3,"gamma=0.499999: b_A <= 0.05, b_D <= 0.05; gamma=0.25: b_D <= 0.05; gamma=0.125: b_D <= 0.05",False
2024-07-31,2024-08-30,schur_g050,3,ASHS,KRE,3,10,5,5,True,0.999999,0.4999995,0.24999975,1,gamma=0.499999: b_D <= 0.05,False
2024-07-31,2024-08-30,schur_g050,4,EWC,SCZ,3,11,5,6,True,0.999999,0.4999995,0.03124996875,4,gamma=0.499999: b_D <= 0.05; gamma=0.25: b_D <= 0.05; gamma=0.125: b_D <= 0.05; gamma=0.0624999: b_D <= 0.05,False
2024-07-31,2024-08-30,schur_g050,5,USMV,SCZ,4,6,3,3,True,0.999999,0.4999995,0.00390624609375,7,gamma=0.499999: b_D <= 0.05; gamma=0.25: b_D <= 0.05; gamma=0.125: b_D <= 0.05; gamma=0.0624999: b_D <= 0.05; gamma=0.03125: b_D <= 0.05; gamma=0.015625: b_D <= 0.05; gamma=0.00781249: b_D <= 0.05,False
2024-07-31,2024-08-30,schur_g050,6,IQLT,SUSA,2,22,11,11,True,0.999999,0.4999995,0.24999975,1,gamma=0.499999: b_A <= 0.05,False
2024-07-31,2024-08-30,schur_g050,7,IQLT,EFA,3,11,5,6,True,0.999999,0.4999995,0.24999975,1,gamma=0.499999: b_A <= 0.05,False
2024-07-31,2024-08-30,schur_g050,8,VGK,EFA,4,6,3,3,True,0.999999,0.4999995,0.24999975,1,gamma=0.499999: b_A <= 0.05,False
2024-07-31,2024-08-30,schur_g050,9,IEFA,SUSA,3,11,5,6,False,0.999999,0.4999995,0.4999995,0,,False
2024-07-31,2024-08-30,schur_g050,10,SPHD,SUSA,4,6,3,3,True,0.999999,0.4999995,0.24999975,1,gamma=0.499999: b_D <= 0.05,False
2024-07-31,2024-08-30,schur_g050,11,JUST,VYM,1,44,22,22,False,0.999999,0.4999995,0.4999995,0,,False
2024-07-31,2024-08-30,schur_g050,12,JUST,MDY,2,22,11,11,False,0.999999,0.4999995,0.4999995,0,,False
2024-07-31,2024-08-30,schur_g050,13,JUST,VOO,3,11,5,6,False,0.999999,0.4999995,0.4999995,0,,False
2024-07-31,2024-08-30,schur_g050,14,ESGU,VOO,4,6,3,3,False,0.999999,0.4999995,0.4999995,0,,False
2024-07-31,2024-08-30,schur_g050,15,IVV,MDY,3,11,5,6,False,0.999999,0.4999995,0.4999995,0,,False
2024-07-31,2024-08-30,schur_g050,16,IWC,MDY,4,6,3,3,False,0.999999,0.4999995,0.4999995,0,,False
2024-07-31,2024-08-30,schur_g050,17,SCHM,VYM,2,22,11,11,False,0.999999,0.4999995,0.4999995,0,,False
2024-07-31,2024-08-30,schur_g050,18,SCHM,IWM,3,11,5,6,False,0.999999,0.4999995,0.4999995,0,,False
2024-07-31,2024-08-30,schur_g050,19,IWO,IWM,4,6,3,3,False,0.999999,0.4999995,0.4999995,0,,False
2024-07-31,2024-08-30,schur_g050,20,VTWO,VYM,3,11,5,6,False,0.999999,0.4999995,0.4999995,0,,False
2024-07-31,2024-08-30,schur_g050,21,IVE,VYM,4,6,3,3,False,0.999999,0.4999995,0.4999995,0,,False
2024-08-30,2024-09-30,schur_g050,0,ASHS,VXF,0,87,43,44,False,0.999999,0.4999995,0.4999995,0,,False
2024-08-30,2024-09-30,schur_g050,1,ASHS,SUSA,1,43,21,22,False,0.999999,0.4999995,0.4999995,0,,False
2024-08-30,2024-09-30,schur_g050,2,ASHS,SCZ,2,21,10,11,True,0.999999,0.4999995,0.0624999375,3,gamma=0.499999: b_D <= 0.05; gamma=0.25: b_D <= 0.05; gamma=0.125: b_D <= 0.05,False
2024-08-30,2024-09-30,schur_g050,3,ASHS,KRE,3,10,5,5,True,0.999999,0.4999995,0.24999975,1,gamma=0.499999: b_D <= 0.05,False
2024-08-30,2024-09-30,schur_g050,4,SDIV,SCZ,3,11,5,6,True,0.999999,0.4999995,0.03124996875,4,gamma=0.499999: b_D <= 0.05; gamma=0.25: b_D <= 0.05; gamma=0.125: b_D <= 0.05; gamma=0.0624999: b_D <= 0.05,False
2024-08-30,2024-09-30,schur_g050,5,HEFA,SCZ,4,6,3,3,True,0.999999,0.4999995,0.0078124921875,6,gamma=0.499999: b_D <= 0.05; gamma=0.25: b_D <= 0.05; gamma=0.125: b_D <= 0.05; gamma=0.0624999: b_D <= 0.05; gamma=0.03125: b_D <= 0.05; gamma=0.015625: b_D <= 0.05,False
2024-08-30,2024-09-30,schur_g050,6,IQLT,SUSA,2,22,11,11,True,0.999999,0.4999995,0.24999975,1,gamma=0.499999: b_A <= 0.05,False
2024-08-30,2024-09-30,schur_g050,7,IQLT,EFA,3,11,5,6,True,0.999999,0.4999995,0.24999975,1,gamma=0.499999: b_A <= 0.05,False
2024-08-30,2024-09-30,schur_g050,8,VGK,EFA,4,6,3,3,False,0.999999,0.4999995,0.4999995,0,,False
2024-08-30,2024-09-30,schur_g050,9,IEFA,SUSA,3,11,5,6,False,0.999999,0.4999995,0.4999995,0,,False
2024-08-30,2024-09-30,schur_g050,10,SPHD,SUSA,4,6,3,3,True,0.999999,0.4999995,0.24999975,1,gamma=0.499999: b_D <= 0.05,False
2024-08-30,2024-09-30,schur_g050,11,GSLC,VXF,1,44,22,22,False,0.999999,0.4999995,0.4999995,0,,False
2024-08-30,2024-09-30,schur_g050,12,GSLC,PRF,2,22,11,11,False,0.999999,0.4999995,0.4999995,0,,False
2024-08-30,2024-09-30,schur_g050,13,GSLC,VOO,3,11,5,6,False,0.999999,0.4999995,0.4999995,0,,False
2024-08-30,2024-09-30,schur_g050,14,ESGU,VOO,4,6,3,3,False,0.999999,0.4999995,0.4999995,0,,False
2024-08-30,2024-09-30,schur_g050,15,IVV,PRF,3,11,5,6,False,0.999999,0.4999995,0.4999995,0,,False
2024-08-30,2024-09-30,schur_g050,16,IUSV,PRF,4,6,3,3,False,0.999999,0.4999995,0.4999995,0,,False
2024-08-30,2024-09-30,schur_g050,17,VTV,VXF,2,22,11,11,False,0.999999,0.4999995,0.4999995,0,,False
2024-08-30,2024-09-30,schur_g050,18,VTV,VO,3,11,5,6,False,0.999999,0.4999995,0.4999995,0,,False
2024-08-30,2024-09-30,schur_g050,19,IWS,VO,4,6,3,3,False,0.999999,0.4999995,0.4999995,0,,False
2024-08-30,2024-09-30,schur_g050,20,IJT,VXF,3,11,5,6,False,0.999999,0.4999995,0.4999995,0,,False
2024-08-30,2024-09-30,schur_g050,21,IWM,VXF,4,6,3,3,False,0.999999,0.4999995,0.4999995,0,,False
2024-09-30,2024-10-31,schur_g050,0,ASHS,VYM,0,87,43,44,False,0.999999,0.4999995,0.4999995,0,,False
2024-09-30,2024-10-31,schur_g050,1,ASHS,SUSA,1,43,21,22,False,0.999999,0.4999995,0.4999995,0,,False
2024-09-30,2024-10-31,schur_g050,2,ASHS,SCZ,2,21,10,11,True,0.999999,0.4999995,0.0624999375,3,gamma=0.499999: b_D <= 0.05; gamma=0.25: b_D <= 0.05; gamma=0.125: b_D <= 0.05,False
2024-09-30,2024-10-31,schur_g050,3,ASHS,KRE,3,10,5,5,True,0.999999,0.4999995,0.24999975,1,gamma=0.499999: b_D <= 0.05,False
2024-09-30,2024-10-31,schur_g050,4,EWC,SCZ,3,11,5,6,True,0.999999,0.4999995,0.015624984375,5,gamma=0.499999: b_D <= 0.05; gamma=0.25: b_D <= 0.05; gamma=0.125: b_D <= 0.05; gamma=0.0624999: b_D <= 0.05; gamma=0.03125: b_D <= 0.05,False
2024-09-30,2024-10-31,schur_g050,5,HEFA,SCZ,4,6,3,3,True,0.999999,0.4999995,0.001953123046875,8,gamma=0.499999: b_D <= 0.05; gamma=0.25: b_D <= 0.05; gamma=0.125: b_D <= 0.05; gamma=0.0624999: b_D <= 0.05; gamma=0.03125: b_D <= 0.05; gamma=0.015625: b_D <= 0.05; gamma=0.00781249: b_D <= 0.05; gamma=0.00390625: b_D <= 0.05,False
2024-09-30,2024-10-31,schur_g050,6,IQLT,SUSA,2,22,11,11,True,0.999999,0.4999995,0.24999975,1,gamma=0.499999: b_A <= 0.05,False
2024-09-30,2024-10-31,schur_g050,7,IQLT,EFA,3,11,5,6,True,0.999999,0.4999995,0.24999975,1,gamma=0.499999: b_A <= 0.05,False
2024-09-30,2024-10-31,schur_g050,8,VGK,EFA,4,6,3,3,True,0.999999,0.4999995,0.24999975,1,gamma=0.499999: b_A <= 0.05,False
2024-09-30,2024-10-31,schur_g050,9,IEFA,SUSA,3,11,5,6,False,0.999999,0.4999995,0.4999995,0,,False
2024-09-30,2024-10-31,schur_g050,10,SPHD,SUSA,4,6,3,3,True,0.999999,0.4999995,0.24999975,1,gamma=0.499999: b_D <= 0.05,False
2024-09-30,2024-10-31,schur_g050,11,JUST,VYM,1,44,22,22,False,0.999999,0.4999995,0.4999995,0,,False
2024-09-30,2024-10-31,schur_g050,12,JUST,MDY,2,22,11,11,False,0.999999,0.4999995,0.4999995,0,,False
2024-09-30,2024-10-31,schur_g050,13,JUST,VOO,3,11,5,6,False,0.999999,0.4999995,0.4999995,0,,False
2024-09-30,2024-10-31,schur_g050,14,ESGU,VOO,4,6,3,3,False,0.999999,0.4999995,0.4999995,0,,False
2024-09-30,2024-10-31,schur_g050,15,IVV,MDY,3,11,5,6,False,0.999999,0.4999995,0.4999995,0,,False
2024-09-30,2024-10-31,schur_g050,16,IWC,MDY,4,6,3,3,False,0.999999,0.4999995,0.4999995,0,,False
2024-09-30,2024-10-31,schur_g050,17,SCHM,VYM,2,22,11,11,False,0.999999,0.4999995,0.4999995,0,,False
2024-09-30,2024-10-31,schur_g050,18,SCHM,IWM,3,11,5,6,False,0.999999,0.4999995,0.4999995,0,,False
2024-09-30,2024-10-31,schur_g050,19,IWO,IWM,4,6,3,3,False,0.999999,0.4999995,0.4999995,0,,False
2024-09-30,2024-10-31,schur_g050,20,VTWO,VYM,3,11,5,6,False,0.999999,0.4999995,0.4999995,0,,False
2024-09-30,2024-10-31,schur_g050,21,IVE,VYM,4,6,3,3,False,0.999999,0.4999995,0.4999995,0,,False
2024-10-31,2024-11-29,schur_g050,0,ASHS,VYM,0,87,43,44,False,0.999999,0.4999995,0.4999995,0,,False
2024-10-31,2024-11-29,schur_g050,1,ASHS,SUSA,1,43,21,22,False,0.999999,0.4999995,0.4999995,0,,False
2024-10-31,2024-11-29,schur_g050,2,ASHS,SCZ,2,21,10,11,True,0.999999,0.4999995,0.0624999375,3,"gamma=0.499999: b_A <= 0.05, b_D <= 0.05; gamma=0.25: b_D <= 0.05; gamma=0.125: b_D <= 0.05",False
2024-10-31,2024-11-29,schur_g050,3,ASHS,KRE,3,10,5,5,True,0.999999,0.4999995,0.24999975,1,gamma=0.499999: b_D <= 0.05,False
2024-10-31,2024-11-29,schur_g050,4,EWC,SCZ,3,11,5,6,True,0.999999,0.4999995,0.0624999375,3,gamma=0.499999: b_D <= 0.05; gamma=0.25: b_D <= 0.05; gamma=0.125: b_D <= 0.05,False
2024-10-31,2024-11-29,schur_g050,5,HEFA,SCZ,4,6,3,3,True,0.999999,0.4999995,0.015624984375,5,gamma=0.499999: b_D <= 0.05; gamma=0.25: b_D <= 0.05; gamma=0.125: b_D <= 0.05; gamma=0.0624999: b_D <= 0.05; gamma=0.03125: b_D <= 0.05,False
2024-10-31,2024-11-29,schur_g050,6,IQLT,SUSA,2,22,11,11,True,0.999999,0.4999995,0.24999975,1,gamma=0.499999: b_A <= 0.05,False
2024-10-31,2024-11-29,schur_g050,7,IQLT,EFA,3,11,5,6,True,0.999999,0.4999995,0.24999975,1,gamma=0.499999: b_A <= 0.05,False
2024-10-31,2024-11-29,schur_g050,8,VGK,EFA,4,6,3,3,False,0.999999,0.4999995,0.4999995,0,,False
2024-10-31,2024-11-29,schur_g050,9,IEFA,SUSA,3,11,5,6,False,0.999999,0.4999995,0.4999995,0,,False
2024-10-31,2024-11-29,schur_g050,10,SPHD,SUSA,4,6,3,3,True,0.999999,0.4999995,0.24999975,1,gamma=0.499999: b_D <= 0.05,False
2024-10-31,2024-11-29,schur_g050,11,JUST,VYM,1,44,22,22,False,0.999999,0.4999995,0.4999995,0,,False
2024-10-31,2024-11-29,schur_g050,12,JUST,MDY,2,22,11,11,False,0.999999,0.4999995,0.4999995,0,,False
2024-10-31,2024-11-29,schur_g050,13,JUST,VOO,3,11,5,6,False,0.999999,0.4999995,0.4999995,0,,False
2024-10-31,2024-11-29,schur_g050,14,ESGU,VOO,4,6,3,3,False,0.999999,0.4999995,0.4999995,0,,False
2024-10-31,2024-11-29,schur_g050,15,IVV,MDY,3,11,5,6,False,0.999999,0.4999995,0.4999995,0,,False
2024-10-31,2024-11-29,schur_g050,16,IWC,MDY,4,6,3,3,False,0.999999,0.4999995,0.4999995,0,,False
2024-10-31,2024-11-29,schur_g050,17,SCHM,VYM,2,22,11,11,False,0.999999,0.4999995,0.4999995,0,,False
2024-10-31,2024-11-29,schur_g050,18,SCHM,GSSC,3,11,5,6,False,0.999999,0.4999995,0.4999995,0,,False
2024-10-31,2024-11-29,schur_g050,19,IWN,GSSC,4,6,3,3,False,0.999999,0.4999995,0.4999995,0,,False
2024-10-31,2024-11-29,schur_g050,20,IJR,VYM,3,11,5,6,True,0.999999,0.4999995,0.24999975,1,gamma=0.499999: b_A <= 0.05,False
2024-10-31,2024-11-29,schur_g050,21,IVE,VYM,4,6,3,3,False,0.999999,0.4999995,0.4999995,0,,False
2024-11-29,2024-12-31,schur_g050,0,ASHS,SPHD,0,88,44,44,False,0.999999,0.4999995,0.4999995,0,,False
2024-11-29,2024-12-31,schur_g050,1,ASHS,GSLC,1,44,22,22,False,0.999999,0.4999995,0.4999995,0,,False
2024-11-29,2024-12-31,schur_g050,2,ASHS,EZU,2,22,11,11,True,0.999999,0.4999995,0.24999975,1,gamma=0.499999: b_A <= 0.05,False
2024-11-29,2024-12-31,schur_g050,3,ASHS,EWC,3,11,5,6,True,0.999999,0.4999995,0.24999975,1,"gamma=0.499999: b_A <= 0.05, b_D <= 0.05",False
2024-11-29,2024-12-31,schur_g050,4,EWJ,EWC,4,6,3,3,True,0.999999,0.4999995,0.0624999375,3,gamma=0.499999: b_D <= 0.05; gamma=0.25: b_D <= 0.05; gamma=0.125: b_D <= 0.05,False
2024-11-29,2024-12-31,schur_g050,5,PID,EZU,3,11,5,6,True,0.999999,0.4999995,0.24999975,1,gamma=0.499999: b_D <= 0.05,False
2024-11-29,2024-12-31,schur_g050,6,EFAV,EZU,4,6,3,3,True,0.999999,0.4999995,0.24999975,1,gamma=0.499999: b_D <= 0.05,False
2024-11-29,2024-12-31,schur_g050,7,FEZ,GSLC,2,22,11,11,True,0.999999,0.4999995,0.24999975,1,gamma=0.499999: b_D <= 0.05,False
2024-11-29,2024-12-31,schur_g050,8,FEZ,SCHF,3,11,5,6,False,0.999999,0.4999995,0.4999995,0,,False
2024-11-29,2024-12-31,schur_g050,9,VEU,SCHF,4,6,3,3,False,0.999999,0.4999995,0.4999995,0,,False
2024-11-29,2024-12-31,schur_g050,10,VEA,GSLC,3,11,5,6,True,0.999999,0.4999995,0.03124996875,4,gamma=0.499999: b_A <= 0.05; gamma=0.25: b_A <= 0.05; gamma=0.125: b_A <= 0.05; gamma=0.0624999: b_A <= 0.05,False
2024-11-29,2024-12-31,schur_g050,11,ACWI,GSLC,4,6,3,3,False,0.999999,0.4999995,0.4999995,0,,False
2024-11-29,2024-12-31,schur_g050,12,VV,SPHD,1,44,22,22,False,0.999999,0.4999995,0.4999995,0,,False
2024-11-29,2024-12-31,schur_g050,13,VV,IJH,2,22,11,11,False,0.999999,0.4999995,0.4999995,0,,False
2024-11-29,2024-12-31,schur_g050,14,VV,SPY,3,11,5,6,False,0.999999,0.4999995,0.4999995,0,,False
2024-11-29,2024-12-31,schur_g050,15,IWB,SPY,4,6,3,3,False,0.999999,0.4999995,0.4999995,0,,False
2024-11-29,2024-12-31,schur_g050,16,IWP,IJH,3,11,5,6,False,0.999999,0.4999995,0.4999995,0,,False
2024-11-29,2024-12-31,schur_g050,17,IJJ,IJH,4,6,3,3,False,0.999999,0.4999995,0.4999995,0,,False
2024-11-29,2024-12-31,schur_g050,18,MDY,SPHD,2,22,11,11,False,0.999999,0.4999995,0.4999995,0,,False
2024-11-29,2024-12-31,schur_g050,19,MDY,GSSC,3,11,5,6,False,0.999999,0.4999995,0.4999995,0,,False
2024-11-29,2024-12-31,schur_g050,20,IWN,GSSC,4,6,3,3,False,0.999999,0.4999995,0.4999995,0,,False
2024-11-29,2024-12-31,schur_g050,21,IJR,SPHD,3,11,5,6,False,0.999999,0.4999995,0.4999995,0,,False
2024-11-29,2024-12-31,schur_g050,22,IWD,SPHD,4,6,3,3,False,0.999999,0.4999995,0.4999995,0,,False
2024-12-31,2025-01-31,schur_g050,0,ASHS,VYM,0,88,44,44,False,0.999999,0.4999995,0.4999995,0,,False
2024-12-31,2025-01-31,schur_g050,1,ASHS,SUSA,1,44,22,22,False,0.999999,0.4999995,0.4999995,0,,False
2024-12-31,2025-01-31,schur_g050,2,ASHS,EZU,2,22,11,11,True,0.999999,0.4999995,0.24999975,1,gamma=0.499999: b_A <= 0.05,False
2024-12-31,2025-01-31,schur_g050,3,ASHS,EWC,3,11,5,6,True,0.999999,0.4999995,0.124999875,2,"gamma=0.499999: b_A <= 0.05, b_D <= 0.05; gamma=0.25: b_A <= 0.05",False
2024-12-31,2025-01-31,schur_g050,4,EWJ,EWC,4,6,3,3,True,0.999999,0.4999995,0.24999975,1,gamma=0.499999: b_D <= 0.05,False
2024-12-31,2025-01-31,schur_g050,5,PID,EZU,3,11,5,6,True,0.999999,0.4999995,0.24999975,1,gamma=0.499999: b_D <= 0.05,False
2024-12-31,2025-01-31,schur_g050,6,EFAV,EZU,4,6,3,3,True,0.999999,0.4999995,0.24999975,1,gamma=0.499999: b_D <= 0.05,False
2024-12-31,2025-01-31,schur_g050,7,FEZ,SUSA,2,22,11,11,True,0.999999,0.4999995,0.124999875,2,gamma=0.499999: b_D <= 0.05; gamma=0.25: b_D <= 0.05,False
2024-12-31,2025-01-31,schur_g050,8,FEZ,SCHF,3,11,5,6,False,0.999999,0.4999995,0.4999995,0,,False
2024-12-31,2025-01-31,schur_g050,9,VEU,SCHF,4,6,3,3,False,0.999999,0.4999995,0.4999995,0,,False
2024-12-31,2025-01-31,schur_g050,10,VEA,SUSA,3,11,5,6,True,0.999999,0.4999995,0.124999875,2,gamma=0.499999: b_A <= 0.05; gamma=0.25: b_A <= 0.05,False
2024-12-31,2025-01-31,schur_g050,11,SPHD,SUSA,4,6,3,3,False,0.999999,0.4999995,0.4999995,0,,False
2024-12-31,2025-01-31,schur_g050,12,JUST,VYM,1,44,22,22,False,0.999999,0.4999995,0.4999995,0,,False
2024-12-31,2025-01-31,schur_g050,13,JUST,VO,2,22,11,11,False,0.999999,0.4999995,0.4999995,0,,False
2024-12-31,2025-01-31,schur_g050,14,JUST,SPY,3,11,5,6,False,0.999999,0.4999995,0.4999995,0,,False
2024-12-31,2025-01-31,schur_g050,15,ESGU,SPY,4,6,3,3,False,0.999999,0.4999995,0.4999995,0,,False
2024-12-31,2025-01-31,schur_g050,16,IVV,VO,3,11,5,6,False,0.999999,0.4999995,0.4999995,0,,False
2024-12-31,2025-01-31,schur_g050,17,IWC,VO,4,6,3,3,False,0.999999,0.4999995,0.4999995,0,,False
2024-12-31,2025-01-31,schur_g050,18,SCHM,VYM,2,22,11,11,False,0.999999,0.4999995,0.4999995,0,,False
2024-12-31,2025-01-31,schur_g050,19,SCHM,IWM,3,11,5,6,False,0.999999,0.4999995,0.4999995,0,,False
2024-12-31,2025-01-31,schur_g050,20,IWO,IWM,4,6,3,3,False,0.999999,0.4999995,0.4999995,0,,False
2024-12-31,2025-01-31,schur_g050,21,VTWO,VYM,3,11,5,6,False,0.999999,0.4999995,0.4999995,0,,False
2024-12-31,2025-01-31,schur_g050,22,IVE,VYM,4,6,3,3,False,0.999999,0.4999995,0.4999995,0,,False
2025-01-31,2025-02-28,schur_g050,0,ASHS,VYM,0,88,44,44,False,0.999999,0.4999995,0.4999995,0,,False
2025-01-31,2025-02-28,schur_g050,1,ASHS,SUSA,1,44,22,22,False,0.999999,0.4999995,0.4999995,0,,False
2025-01-31,2025-02-28,schur_g050,2,ASHS,IEV,2,22,11,11,True,0.999999,0.4999995,0.24999975,1,gamma=0.499999: b_A <= 0.05,False
2025-01-31,2025-02-28,schur_g050,3,ASHS,SDIV,3,11,5,6,True,0.999999,0.4999995,0.24999975,1,gamma=0.499999: b_A <= 0.05,False
2025-01-31,2025-02-28,schur_g050,4,EWJ,SDIV,4,6,3,3,False,0.999999,0.4999995,0.4999995,0,,False
2025-01-31,2025-02-28,schur_g050,5,EEM,IEV,3,11,5,6,True,0.999999,0.4999995,0.24999975,1,gamma=0.499999: b_D <= 0.05,False
2025-01-31,2025-02-28,schur_g050,6,EFAV,IEV,4,6,3,3,True,0.999999,0.4999995,0.24999975,1,gamma=0.499999: b_D <= 0.05,False
2025-01-31,2025-02-28,schur_g050,7,IEUR,SUSA,2,22,11,11,True,0.999999,0.4999995,0.24999975,1,gamma=0.499999: b_D <= 0.05,False
2025-01-31,2025-02-28,schur_g050,8,IEUR,VEA,3,11,5,6,False,0.999999,0.4999995,0.4999995,0,,False
2025-01-31,2025-02-28,schur_g050,9,GSIE,VEA,4,6,3,3,False,0.999999,0.4999995,0.4999995,0,,False
2025-01-31,2025-02-28,schur_g050,10,USMV,SUSA,3,11,5,6,True,0.999999,0.4999995,0.0624999375,3,gamma=0.499999: b_A <= 0.05; gamma=0.25: b_A <= 0.05; gamma=0.125: b_A <= 0.05,False
2025-01-31,2025-02-28,schur_g050,11,SPHD,SUSA,4,6,3,3,False,0.999999,0.4999995,0.4999995,0,,False
2025-01-31,2025-02-28,schur_g050,12,JUST,VYM,1,44,22,22,False,0.999999,0.4999995,0.4999995,0,,False
2025-01-31,2025-02-28,schur_g050,13,JUST,IWO,2,22,11,11,False,0.999999,0.4999995,0.4999995,0,,False
2025-01-31,2025-02-28,schur_g050,14,JUST,SPY,3,11,5,6,False,0.999999,0.4999995,0.4999995,0,,False
2025-01-31,2025-02-28,schur_g050,15,ESGU,SPY,4,6,3,3,False,0.999999,0.4999995,0.4999995,0,,False
2025-01-31,2025-02-28,schur_g050,16,IVV,IWO,3,11,5,6,False,0.999999,0.4999995,0.4999995,0,,False
2025-01-31,2025-02-28,schur_g050,17,IWC,IWO,4,6,3,3,True,0.999999,0.4999995,0.24999975,1,gamma=0.499999: b_D <= 0.05,False
2025-01-31,2025-02-28,schur_g050,18,IJT,VYM,2,22,11,11,False,0.999999,0.4999995,0.4999995,0,,False
2025-01-31,2025-02-28,schur_g050,19,IJT,IWS,3,11,5,6,False,0.999999,0.4999995,0.4999995,0,,False
2025-01-31,2025-02-28,schur_g050,20,SCHA,IWS,4,6,3,3,False,0.999999,0.4999995,0.4999995,0,,False
2025-01-31,2025-02-28,schur_g050,21,IJJ,VYM,3,11,5,6,False,0.999999,0.4999995,0.4999995,0,,False
2025-01-31,2025-02-28,schur_g050,22,IJH,VYM,4,6,3,3,False,0.999999,0.4999995,0.4999995,0,,False
2025-02-28,2025-03-31,schur_g050,0,ASHS,VYM,0,88,44,44,False,0.999999,0.4999995,0.4999995,0,,False
2025-02-28,2025-03-31,schur_g050,1,ASHS,SUSA,1,44,22,22,False,0.999999,0.4999995,0.4999995,0,,False
2025-02-28,2025-03-31,schur_g050,2,ASHS,IEV,2,22,11,11,True,0.999999,0.4999995,0.24999975,1,gamma=0.499999: b_A <= 0.05,False
2025-02-28,2025-03-31,schur_g050,3,ASHS,EEM,3,11,5,6,True,0.999999,0.4999995,0.24999975,1,"gamma=0.499999: b_A <= 0.05, b_D <= 0.05",False
2025-02-28,2025-03-31,schur_g050,4,EWJ,EEM,4,6,3,3,False,0.999999,0.4999995,0.4999995,0,,False
2025-02-28,2025-03-31,schur_g050,5,EWC,IEV,3,11,5,6,True,0.999999,0.4999995,0.24999975,1,gamma=0.499999: b_D <= 0.05,False
2025-02-28,2025-03-31,schur_g050,6,EFAV,IEV,4,6,3,3,True,0.999999,0.4999995,0.24999975,1,gamma=0.499999: b_D <= 0.05,False
2025-02-28,2025-03-31,schur_g050,7,IEUR,SUSA,2,22,11,11,True,0.999999,0.4999995,0.24999975,1,gamma=0.499999: b_D <= 0.05,False
2025-02-28,2025-03-31,schur_g050,8,IEUR,VEA,3,11,5,6,False,0.999999,0.4999995,0.4999995,0,,False
2025-02-28,2025-03-31,schur_g050,9,GSIE,VEA,4,6,3,3,False,0.999999,0.4999995,0.4999995,0,,False
2025-02-28,2025-03-31,schur_g050,10,USMV,SUSA,3,11,5,6,True,0.999999,0.4999995,0.03124996875,4,gamma=0.499999: b_A <= 0.05; gamma=0.25: b_A <= 0.05; gamma=0.125: b_A <= 0.05; gamma=0.0624999: b_A <= 0.05,False
2025-02-28,2025-03-31,schur_g050,11,SPHD,SUSA,4,6,3,3,False,0.999999,0.4999995,0.4999995,0,,False
2025-02-28,2025-03-31,schur_g050,12,JUST,VYM,1,44,22,22,False,0.999999,0.4999995,0.4999995,0,,False
2025-02-28,2025-03-31,schur_g050,13,JUST,IWO,2,22,11,11,False,0.999999,0.4999995,0.4999995,0,,False
2025-02-28,2025-03-31,schur_g050,14,JUST,SPY,3,11,5,6,False,0.999999,0.4999995,0.4999995,0,,False
2025-02-28,2025-03-31,schur_g050,15,ESGU,SPY,4,6,3,3,False,0.999999,0.4999995,0.4999995,0,,False
2025-02-28,2025-03-31,schur_g050,16,IVV,IWO,3,11,5,6,False,0.999999,0.4999995,0.4999995,0,,False
2025-02-28,2025-03-31,schur_g050,17,IWC,IWO,4,6,3,3,True,0.999999,0.4999995,0.24999975,1,gamma=0.499999: b_D <= 0.05,False
2025-02-28,2025-03-31,schur_g050,18,IJT,VYM,2,22,11,11,False,0.999999,0.4999995,0.4999995,0,,False
2025-02-28,2025-03-31,schur_g050,19,IJT,IWS,3,11,5,6,False,0.999999,0.4999995,0.4999995,0,,False
2025-02-28,2025-03-31,schur_g050,20,SCHA,IWS,4,6,3,3,False,0.999999,0.4999995,0.4999995,0,,False
2025-02-28,2025-03-31,schur_g050,21,IJJ,VYM,3,11,5,6,False,0.999999,0.4999995,0.4999995,0,,False
2025-02-28,2025-03-31,schur_g050,22,IJH,VYM,4,6,3,3,False,0.999999,0.4999995,0.4999995,0,,False
2025-03-31,2025-04-30,schur_g050,0,ASHS,VYM,0,88,44,44,False,0.999999,0.4999995,0.4999995,0,,False
2025-03-31,2025-04-30,schur_g050,1,ASHS,SUSA,1,44,22,22,False,0.999999,0.4999995,0.4999995,0,,False
2025-03-31,2025-04-30,schur_g050,2,ASHS,IEV,2,22,11,11,True,0.999999,0.4999995,0.24999975,1,gamma=0.499999: b_A <= 0.05,False
2025-03-31,2025-04-30,schur_g050,3,ASHS,EEM,3,11,5,6,True,0.999999,0.4999995,0.124999875,2,"gamma=0.499999: b_A <= 0.05, b_D <= 0.05; gamma=0.25: b_A <= 0.05",False
2025-03-31,2025-04-30,schur_g050,4,EWJ,EEM,4,6,3,3,False,0.999999,0.4999995,0.4999995,0,,False
2025-03-31,2025-04-30,schur_g050,5,EWC,IEV,3,11,5,6,True,0.999999,0.4999995,0.24999975,1,gamma=0.499999: b_D <= 0.05,False
2025-03-31,2025-04-30,schur_g050,6,EFAV,IEV,4,6,3,3,True,0.999999,0.4999995,0.24999975,1,gamma=0.499999: b_D <= 0.05,False
2025-03-31,2025-04-30,schur_g050,7,IEUR,SUSA,2,22,11,11,True,0.999999,0.4999995,0.24999975,1,gamma=0.499999: b_D <= 0.05,False
2025-03-31,2025-04-30,schur_g050,8,IEUR,VEA,3,11,5,6,False,0.999999,0.4999995,0.4999995,0,,False
2025-03-31,2025-04-30,schur_g050,9,GSIE,VEA,4,6,3,3,False,0.999999,0.4999995,0.4999995,0,,False
2025-03-31,2025-04-30,schur_g050,10,LOUP,SUSA,3,11,5,6,True,0.999999,0.4999995,0.124999875,2,gamma=0.499999: b_A <= 0.05; gamma=0.25: b_A <= 0.05,False
2025-03-31,2025-04-30,schur_g050,11,SPHD,SUSA,4,6,3,3,False,0.999999,0.4999995,0.4999995,0,,False
2025-03-31,2025-04-30,schur_g050,12,JUST,VYM,1,44,22,22,False,0.999999,0.4999995,0.4999995,0,,False
2025-03-31,2025-04-30,schur_g050,13,JUST,IWO,2,22,11,11,False,0.999999,0.4999995,0.4999995,0,,False
2025-03-31,2025-04-30,schur_g050,14,JUST,SPY,3,11,5,6,False,0.999999,0.4999995,0.4999995,0,,False
2025-03-31,2025-04-30,schur_g050,15,VTI,SPY,4,6,3,3,False,0.999999,0.4999995,0.4999995,0,,False
2025-03-31,2025-04-30,schur_g050,16,IVV,IWO,3,11,5,6,False,0.999999,0.4999995,0.4999995,0,,False
2025-03-31,2025-04-30,schur_g050,17,IUSV,IWO,4,6,3,3,False,0.999999,0.4999995,0.4999995,0,,False
2025-03-31,2025-04-30,schur_g050,18,IJT,VYM,2,22,11,11,False,0.999999,0.4999995,0.4999995,0,,False
2025-03-31,2025-04-30,schur_g050,19,IJT,IWS,3,11,5,6,False,0.999999,0.4999995,0.4999995,0,,False
2025-03-31,2025-04-30,schur_g050,20,IWM,IWS,4,6,3,3,False,0.999999,0.4999995,0.4999995,0,,False
2025-03-31,2025-04-30,schur_g050,21,IJJ,VYM,3,11,5,6,False,0.999999,0.4999995,0.4999995,0,,False
2025-03-31,2025-04-30,schur_g050,22,IJH,VYM,4,6,3,3,False,0.999999,0.4999995,0.4999995,0,,False
2025-04-30,2025-05-30,schur_g050,0,ASHS,VYM,0,88,44,44,False,0.999999,0.4999995,0.4999995,0,,False
2025-04-30,2025-05-30,schur_g050,1,ASHS,SUSA,1,44,22,22,False,0.999999,0.4999995,0.4999995,0,,False
2025-04-30,2025-05-30,schur_g050,2,ASHS,EZU,2,22,11,11,True,0.999999,0.4999995,0.124999875,2,"gamma=0.499999: b_A <= 0.05, b_D <= 0.05; gamma=0.25: b_A <= 0.05",False
2025-04-30,2025-05-30,schur_g050,3,ASHS,EWC,3,11,5,6,True,0.999999,0.4999995,0.124999875,2,gamma=0.499999: b_A <= 0.05; gamma=0.25: b_A <= 0.05,False
2025-04-30,2025-05-30,schur_g050,4,XRT,EWC,4,6,3,3,False,0.999999,0.4999995,0.4999995,0,,False
2025-04-30,2025-05-30,schur_g050,5,PID,EZU,3,11,5,6,True,0.999999,0.4999995,0.24999975,1,"gamma=0.499999: b_A <= 0.05, b_D <= 0.05",False
2025-04-30,2025-05-30,schur_g050,6,KRE,EZU,4,6,3,3,False,0.999999,0.4999995,0.4999995,0,,False
2025-04-30,2025-05-30,schur_g050,7,FEZ,SUSA,2,22,11,11,True,0.999999,0.4999995,0.24999975,1,gamma=0.499999: b_D <= 0.05,False
2025-04-30,2025-05-30,schur_g050,8,FEZ,VEA,3,11,5,6,False,0.999999,0.4999995,0.4999995,0,,False
2025-04-30,2025-05-30,schur_g050,9,GSIE,VEA,4,6,3,3,False,0.999999,0.4999995,0.4999995,0,,False
2025-04-30,2025-05-30,schur_g050,10,SDY,SUSA,3,11,5,6,True,0.999999,0.4999995,0.124999875,2,gamma=0.499999: b_A <= 0.05; gamma=0.25: b_A <= 0.05,False
2025-04-30,2025-05-30,schur_g050,11,SPHD,SUSA,4,6,3,3,False,0.999999,0.4999995,0.4999995,0,,False
2025-04-30,2025-05-30,schur_g050,12,JUST,VYM,1,44,22,22,False,0.999999,0.4999995,0.4999995,0,,False
2025-04-30,2025-05-30,schur_g050,13,JUST,IJT,2,22,11,11,False,0.999999,0.4999995,0.4999995,0,,False
2025-04-30,2025-05-30,schur_g050,14,JUST,SPYM,3,11,5,6,False,0.999999,0.4999995,0.4999995,0,,False
2025-04-30,2025-05-30,schur_g050,15,VTI,SPYM,4,6,3,3,False,0.999999,0.4999995,0.4999995,0,,False
2025-04-30,2025-05-30,schur_g050,16,IVV,IJT,3,11,5,6,False,0.999999,0.4999995,0.4999995,0,,False
2025-04-30,2025-05-30,schur_g050,17,IUSV,IJT,4,6,3,3,False,0.999999,0.4999995,0.4999995,0,,False
2025-04-30,2025-05-30,schur_g050,18,VIOG,VYM,2,22,11,11,False,0.999999,0.4999995,0.4999995,0,,False
2025-04-30,2025-05-30,schur_g050,19,VIOG,IWS,3,11,5,6,False,0.999999,0.4999995,0.4999995,0,,False
2025-04-30,2025-05-30,schur_g050,20,SCHA,IWS,4,6,3,3,False,0.999999,0.4999995,0.4999995,0,,False
2025-04-30,2025-05-30,schur_g050,21,IJJ,VYM,3,11,5,6,False,0.999999,0.4999995,0.4999995,0,,False
2025-04-30,2025-05-30,schur_g050,22,IJH,VYM,4,6,3,3,False,0.999999,0.4999995,0.4999995,0,,False
2025-05-30,2025-06-30,schur_g050,0,ASHS,SPHD,0,90,45,45,False,0.999999,0.4999995,0.4999995,0,,False
2025-05-30,2025-06-30,schur_g050,1,ASHS,GSLC,1,45,22,23,False,0.999999,0.4999995,0.4999995,0,,False
2025-05-30,2025-06-30,schur_g050,2,ASHS,EZU,2,22,11,11,True,0.999999,0.4999995,0.0624999375,3,"gamma=0.499999: b_A <= 0.05, b_D <= 0.05; gamma=0.25: b_A <= 0.05; gamma=0.125: b_A <= 0.05",False
2025-05-30,2025-06-30,schur_g050,3,ASHS,EWC,3,11,5,6,True,0.999999,0.4999995,0.0624999375,3,gamma=0.499999: b_A <= 0.05; gamma=0.25: b_A <= 0.05; gamma=0.125: b_A <= 0.05,False
2025-05-30,2025-06-30,schur_g050,4,XRT,EWC,4,6,3,3,False,0.999999,0.4999995,0.4999995,0,,False
2025-05-30,2025-06-30,schur_g050,5,PID,EZU,3,11,5,6,True,0.999999,0.4999995,0.24999975,1,"gamma=0.499999: b_A <= 0.05, b_D <= 0.05",False
2025-05-30,2025-06-30,schur_g050,6,KRE,EZU,4,6,3,3,False,0.999999,0.4999995,0.4999995,0,,False
2025-05-30,2025-06-30,schur_g050,7,FEZ,GSLC,2,23,11,12,True,0.999999,0.4999995,0.24999975,1,gamma=0.499999: b_D <= 0.05,False
2025-05-30,2025-06-30,schur_g050,8,FEZ,EFA,3,11,5,6,False,0.999999,0.4999995,0.4999995,0,,False
2025-05-30,2025-06-30,schur_g050,9,GSIE,EFA,4,6,3,3,False,0.999999,0.4999995,0.4999995,0,,False
2025-05-30,2025-06-30,schur_g050,10,IEFA,GSLC,3,12,6,6,True,0.999999,0.4999995,0.124999875,2,gamma=0.499999: b_A <= 0.05; gamma=0.25: b_A <= 0.05,False
2025-05-30,2025-06-30,schur_g050,11,IEFA,QQQ,4,6,3,3,True,0.999999,0.4999995,0.0624999375,3,gamma=0.499999: b_D <= 0.05; gamma=0.25: b_D <= 0.05; gamma=0.125: b_D <= 0.05,False
2025-05-30,2025-06-30,schur_g050,12,ACWI,GSLC,4,6,3,3,False,0.999999,0.4999995,0.4999995,0,,False
2025-05-30,2025-06-30,schur_g050,13,VOO,SPHD,1,45,22,23,False,0.999999,0.4999995,0.4999995,0,,False
2025-05-30,2025-06-30,schur_g050,14,VOO,VTV,2,22,11,11,False,0.999999,0.4999995,0.4999995,0,,False
2025-05-30,2025-06-30,schur_g050,15,VOO,IVV,3,11,5,6,False,0.999999,0.4999995,0.4999995,0,,False
2025-05-30,2025-06-30,schur_g050,16,IWB,IVV,4,6,3,3,False,0.999999,0.4999995,0.4999995,0,,False
2025-05-30,2025-06-30,schur_g050,17,SPY,VTV,3,11,5,6,True,0.999999,0.4999995,0.24999975,1,gamma=0.499999: b_A <= 0.05,False
2025-05-30,2025-06-30,schur_g050,18,VOOV,VTV,4,6,3,3,False,0.999999,0.4999995,0.4999995,0,,False
2025-05-30,2025-06-30,schur_g050,19,VYM,SPHD,2,23,11,12,False,0.999999,0.4999995,0.4999995,0,,False
2025-05-30,2025-06-30,schur_g050,20,VYM,IJS,3,11,5,6,False,0.999999,0.4999995,0.4999995,0,,False
2025-05-30,2025-06-30,schur_g050,21,IWN,IJS,4,6,3,3,False,0.999999,0.4999995,0.4999995,0,,False
2025-05-30,2025-06-30,schur_g050,22,GSSC,SPHD,3,12,6,6,False,0.999999,0.4999995,0.4999995,0,,False
2025-05-30,2025-06-30,schur_g050,23,GSSC,IWR,4,6,3,3,False,0.999999,0.4999995,0.4999995,0,,False
2025-05-30,2025-06-30,schur_g050,24,VO,SPHD,4,6,3,3,False,0.999999,0.4999995,0.4999995,0,,False
2025-06-30,2025-07-31,schur_g050,0,ASHS,MDY,0,90,45,45,False,0.999999,0.4999995,0.4999995,0,,False
2025-06-30,2025-07-31,schur_g050,1,ASHS,SUSA,1,45,22,23,False,0.999999,0.4999995,0.4999995,0,,False
2025-06-30,2025-07-31,schur_g050,2,ASHS,EZU,2,22,11,11,True,0.999999,0.4999995,0.124999875,2,"gamma=0.499999: b_A <= 0.05, b_D <= 0.05; gamma=0.25: b_A <= 0.05",False
2025-06-30,2025-07-31,schur_g050,3,ASHS,PID,3,11,5,6,True,0.999999,0.4999995,0.03124996875,4,gamma=0.499999: b_A <= 0.05; gamma=0.25: b_A <= 0.05; gamma=0.125: b_A <= 0.05; gamma=0.0624999: b_A <= 0.05,False
2025-06-30,2025-07-31,schur_g050,4,SDIV,PID,4,6,3,3,False,0.999999,0.4999995,0.4999995,0,,False
2025-06-30,2025-07-31,schur_g050,5,XSD,EZU,3,11,5,6,True,0.999999,0.4999995,0.24999975,1,"gamma=0.499999: b_A <= 0.05, b_D <= 0.05",False
2025-06-30,2025-07-31,schur_g050,6,KRE,EZU,4,6,3,3,False,0.999999,0.4999995,0.4999995,0,,False
2025-06-30,2025-07-31,schur_g050,7,FEZ,SUSA,2,23,11,12,True,0.999999,0.4999995,0.24999975,1,gamma=0.499999: b_D <= 0.05,False
2025-06-30,2025-07-31,schur_g050,8,FEZ,EFA,3,11,5,6,False,0.999999,0.4999995,0.4999995,0,,False
2025-06-30,2025-07-31,schur_g050,9,GSIE,EFA,4,6,3,3,False,0.999999,0.4999995,0.4999995,0,,False
2025-06-30,2025-07-31,schur_g050,10,IEFA,SUSA,3,12,6,6,True,0.999999,0.4999995,0.124999875,2,gamma=0.499999: b_D <= 0.05; gamma=0.25: b_D <= 0.05,False
2025-06-30,2025-07-31,schur_g050,11,IEFA,SPHD,4,6,3,3,False,0.999999,0.4999995,0.4999995,0,,False
2025-06-30,2025-07-31,schur_g050,12,LOUP,SUSA,4,6,3,3,True,0.999999,0.4999995,0.0624999375,3,gamma=0.499999: b_A <= 0.05; gamma=0.25: b_A <= 0.05; gamma=0.125: b_A <= 0.05,False
2025-06-30,2025-07-31,schur_g050,13,JUST,MDY,1,45,22,23,False,0.999999,0.4999995,0.4999995,0,,False
2025-06-30,2025-07-31,schur_g050,14,JUST,VTV,2,22,11,11,False,0.999999,0.4999995,0.4999995,0,,False
2025-06-30,2025-07-31,schur_g050,15,JUST,VOO,3,11,5,6,False,0.999999,0.4999995,0.4999995,0,,False
2025-06-30,2025-07-31,schur_g050,16,SCHX,VOO,4,6,3,3,False,0.999999,0.4999995,0.4999995,0,,False
2025-06-30,2025-07-31,schur_g050,17,SPYM,VTV,3,11,5,6,True,0.999999,0.4999995,0.24999975,1,gamma=0.499999: b_D <= 0.05,False
2025-06-30,2025-07-31,schur_g050,18,IWP,VTV,4,6,3,3,True,0.999999,0.4999995,0.24999975,1,gamma=0.499999: b_A <= 0.05,False
2025-06-30,2025-07-31,schur_g050,19,VYM,MDY,2,23,11,12,False,0.999999,0.4999995,0.4999995,0,,False
2025-06-30,2025-07-31,schur_g050,20,VYM,IJS,3,11,5,6,False,0.999999,0.4999995,0.4999995,0,,False
2025-06-30,2025-07-31,schur_g050,21,IJT,IJS,4,6,3,3,True,0.999999,0.4999995,0.24999975,1,gamma=0.499999: b_D <= 0.05,False
2025-06-30,2025-07-31,schur_g050,22,SCHA,MDY,3,12,6,6,False,0.999999,0.4999995,0.4999995,0,,False
2025-06-30,2025-07-31,schur_g050,23,SCHA,IJJ,4,6,3,3,False,0.999999,0.4999995,0.4999995,0,,False
2025-06-30,2025-07-31,schur_g050,24,IJK,MDY,4,6,3,3,False,0.999999,0.4999995,0.4999995,0,,False
2025-07-31,2025-08-29,schur_g050,0,ASHS,VYM,0,90,45,45,False,0.999999,0.4999995,0.4999995,0,,False
2025-07-31,2025-08-29,schur_g050,1,ASHS,SUSA,1,45,22,23,False,0.999999,0.4999995,0.4999995,0,,False
2025-07-31,2025-08-29,schur_g050,2,ASHS,EZU,2,22,11,11,True,0.999999,0.4999995,0.124999875,2,"gamma=0.499999: b_A <= 0.05, b_D <= 0.05; gamma=0.25: b_A <= 0.05",False
2025-07-31,2025-08-29,schur_g050,3,ASHS,PID,3,11,5,6,True,0.999999,0.4999995,0.03124996875,4,gamma=0.499999: b_A <= 0.05; gamma=0.25: b_A <= 0.05; gamma=0.125: b_A <= 0.05; gamma=0.0624999: b_A <= 0.05,False
2025-07-31,2025-08-29,schur_g050,4,SDIV,PID,4,6,3,3,False,0.999999,0.4999995,0.4999995,0,,False
2025-07-31,2025-08-29,schur_g050,5,EEM,EZU,3,11,5,6,True,0.999999,0.4999995,0.24999975,1,"gamma=0.499999: b_A <= 0.05, b_D <= 0.05",False
2025-07-31,2025-08-29,schur_g050,6,KRE,EZU,4,6,3,3,False,0.999999,0.4999995,0.4999995,0,,False
2025-07-31,2025-08-29,schur_g050,7,FEZ,SUSA,2,23,11,12,True,0.999999,0.4999995,0.24999975,1,gamma=0.499999: b_D <= 0.05,False
2025-07-31,2025-08-29,schur_g050,8,FEZ,EFA,3,11,5,6,False,0.999999,0.4999995,0.4999995,0,,False
2025-07-31,2025-08-29,schur_g050,9,GSIE,EFA,4,6,3,3,False,0.999999,0.4999995,0.4999995,0,,False
2025-07-31,2025-08-29,schur_g050,10,IEFA,SUSA,3,12,6,6,True,0.999999,0.4999995,0.124999875,2,gamma=0.499999: b_D <= 0.05; gamma=0.25: b_D <= 0.05,False
2025-07-31,2025-08-29,schur_g050,11,IEFA,SPHD,4,6,3,3,False,0.999999,0.4999995,0.4999995,0,,False
2025-07-31,2025-08-29,schur_g050,12,LOUP,SUSA,4,6,3,3,True,0.999999,0.4999995,0.03124996875,4,gamma=0.499999: b_A <= 0.05; gamma=0.25: b_A <= 0.05; gamma=0.125: b_A <= 0.05; gamma=0.0624999: b_A <= 0.05,False
2025-07-31,2025-08-29,schur_g050,13,JUST,VYM,1,45,22,23,False,0.999999,0.4999995,0.4999995,0,,False
2025-07-31,2025-08-29,schur_g050,14,JUST,IWC,2,22,11,11,False,0.999999,0.4999995,0.4999995,0,,False
2025-07-31,2025-08-29,schur_g050,15,JUST,VV,3,11,5,6,False,0.999999,0.4999995,0.4999995,0,,False
2025-07-31,2025-08-29,schur_g050,16,VTI,VV,4,6,3,3,False,0.999999,0.4999995,0.4999995,0,,False
2025-07-31,2025-08-29,schur_g050,17,SPYM,IWC,3,11,5,6,False,0.999999,0.4999995,0.4999995,0,,False
2025-07-31,2025-08-29,schur_g050,18,VLUE,IWC,4,6,3,3,False,0.999999,0.4999995,0.4999995,0,,False
2025-07-31,2025-08-29,schur_g050,19,IWS,VYM,2,23,11,12,False,0.999999,0.4999995,0.4999995,0,,False
2025-07-31,2025-08-29,schur_g050,20,IWS,IWM,3,11,5,6,False,0.999999,0.4999995,0.4999995,0,,False
2025-07-31,2025-08-29,schur_g050,21,IWN,IWM,4,6,3,3,True,0.999999,0.4999995,0.24999975,1,gamma=0.499999: b_A <= 0.05,False
2025-07-31,2025-08-29,schur_g050,22,VTWO,VYM,3,12,6,6,False,0.999999,0.4999995,0.4999995,0,,False
2025-07-31,2025-08-29,schur_g050,23,VTWO,SCHM,4,6,3,3,False,0.999999,0.4999995,0.4999995,0,,False
2025-07-31,2025-08-29,schur_g050,24,IJH,VYM,4,6,3,3,False,0.999999,0.4999995,0.4999995,0,,False
2025-08-29,2025-09-30,schur_g050,0,ASHS,SPY,0,90,45,45,False,0.999999,0.4999995,0.4999995,0,,False
2025-08-29,2025-09-30,schur_g050,1,ASHS,SPYV,1,45,22,23,False,0.999999,0.4999995,0.4999995,0,,False
2025-08-29,2025-09-30,schur_g050,2,ASHS,VGK,2,22,11,11,True,0.999999,0.4999995,0.124999875,2,"gamma=0.499999: b_A <= 0.05, b_D <= 0.05; gamma=0.25: b_A <= 0.05",False
2025-08-29,2025-09-30,schur_g050,3,ASHS,XRT,3,11,5,6,True,0.999999,0.4999995,0.0624999375,3,gamma=0.499999: b_A <= 0.05; gamma=0.25: b_A <= 0.05; gamma=0.125: b_A <= 0.05,False
2025-08-29,2025-09-30,schur_g050,4,SDIV,XRT,4,6,3,3,False,0.999999,0.4999995,0.4999995,0,,False
2025-08-29,2025-09-30,schur_g050,5,XSD,VGK,3,11,5,6,True,0.999999,0.4999995,0.24999975,1,gamma=0.499999: b_D <= 0.05,False
2025-08-29,2025-09-30,schur_g050,6,SCZ,VGK,4,6,3,3,True,0.999999,0.4999995,0.24999975,1,gamma=0.499999: b_A <= 0.05,False
2025-08-29,2025-09-30,schur_g050,7,ACWX,SPYV,2,23,11,12,True,0.999999,0.4999995,0.24999975,1,gamma=0.499999: b_D <= 0.05,False
2025-08-29,2025-09-30,schur_g050,8,ACWX,KBE,3,11,5,6,True,0.999999,0.4999995,0.24999975,1,gamma=0.499999: b_D <= 0.05,False
2025-08-29,2025-09-30,schur_g050,9,ESGD,KBE,4,6,3,3,True,0.999999,0.4999995,0.24999975,1,gamma=0.499999: b_D <= 0.05,False
2025-08-29,2025-09-30,schur_g050,10,KRE,SPYV,3,12,6,6,True,0.999999,0.4999995,0.124999875,2,"gamma=0.499999: b_A <= 0.05, b_D <= 0.05; gamma=0.25: b_D <= 0.05",False
2025-08-29,2025-09-30,schur_g050,11,KRE,SPHD,4,6,3,3,True,0.999999,0.4999995,0.124999875,2,gamma=0.499999: b_A <= 0.05; gamma=0.25: b_A <= 0.05,False
2025-08-29,2025-09-30,schur_g050,12,LOUP,SPYV,4,6,3,3,True,0.999999,0.4999995,0.03124996875,4,gamma=0.499999: b_A <= 0.05; gamma=0.25: b_A <= 0.05; gamma=0.125: b_A <= 0.05; gamma=0.0624999: b_A <= 0.05,False
2025-08-29,2025-09-30,schur_g050,13,IUSV,SPY,1,45,22,23,False,0.999999,0.4999995,0.4999995,0,,False
2025-08-29,2025-09-30,schur_g050,14,IUSV,VO,2,22,11,11,False,0.999999,0.4999995,0.4999995,0,,False
2025-08-29,2025-09-30,schur_g050,15,IUSV,IWN,3,11,5,6,False,0.999999,0.4999995,0.4999995,0,,False
2025-08-29,2025-09-30,schur_g050,16,IJJ,IWN,4,6,3,3,True,0.999999,0.4999995,0.0624999375,3,gamma=0.499999: b_D <= 0.05; gamma=0.25: b_D <= 0.05; gamma=0.125: b_D <= 0.05,False
2025-08-29,2025-09-30,schur_g050,17,IJS,VO,3,11,5,6,False,0.999999,0.4999995,0.4999995,0,,False
2025-08-29,2025-09-30,schur_g050,18,VTWO,VO,4,6,3,3,False,0.999999,0.4999995,0.4999995,0,,False
2025-08-29,2025-09-30,schur_g050,19,IWD,SPY,2,23,11,12,False,0.999999,0.4999995,0.4999995,0,,False
2025-08-29,2025-09-30,schur_g050,20,IWD,GSLC,3,11,5,6,False,0.999999,0.4999995,0.4999995,0,,False
2025-08-29,2025-09-30,schur_g050,21,ACWI,GSLC,4,6,3,3,False,0.999999,0.4999995,0.4999995,0,,False
2025-08-29,2025-09-30,schur_g050,22,VOO,SPY,3,12,6,6,False,0.999999,0.4999995,0.4999995,0,,False
2025-08-29,2025-09-30,schur_g050,23,VOO,IWB,4,6,3,3,False,0.999999,0.4999995,0.4999995,0,,False
2025-08-29,2025-09-30,schur_g050,24,IYY,SPY,4,6,3,3,False,0.999999,0.4999995,0.4999995,0,,False
2025-09-30,2025-10-31,schur_g050,0,ASHS,SPY,0,91,45,46,False,0.999999,0.4999995,0.4999995,0,,False
2025-09-30,2025-10-31,schur_g050,1,ASHS,SPYV,1,45,22,23,True,0.999999,0.4999995,0.24999975,1,gamma=0.499999: b_D <= 0.05,False
2025-09-30,2025-10-31,schur_g050,2,ASHS,EZU,2,22,11,11,True,0.999999,0.4999995,0.24999975,1,"gamma=0.499999: b_A <= 0.05, b_D <= 0.05",False
2025-09-30,2025-10-31,schur_g050,3,ASHS,EWJ,3,11,5,6,True,0.999999,0.4999995,0.03124996875,4,gamma=0.499999: b_A <= 0.05; gamma=0.25: b_A <= 0.05; gamma=0.125: b_A <= 0.05; gamma=0.0624999: b_A <= 0.05,False
2025-09-30,2025-10-31,schur_g050,4,BLDG,EWJ,4,6,3,3,False,0.999999,0.4999995,0.4999995,0,,False
2025-09-30,2025-10-31,schur_g050,5,JPXN,EZU,3,11,5,6,True,0.999999,0.4999995,0.124999875,2,"gamma=0.499999: b_A <= 0.05, b_D <= 0.05; gamma=0.25: b_A <= 0.05",False
2025-09-30,2025-10-31,schur_g050,6,USMV,EZU,4,6,3,3,False,0.999999,0.4999995,0.4999995,0,,False
2025-09-30,2025-10-31,schur_g050,7,FEZ,SPYV,2,23,11,12,True,0.999999,0.4999995,0.24999975,1,gamma=0.499999: b_D <= 0.05,False
2025-09-30,2025-10-31,schur_g050,8,FEZ,SCHF,3,11,5,6,False,0.999999,0.4999995,0.4999995,0,,False
2025-09-30,2025-10-31,schur_g050,9,GSIE,SCHF,4,6,3,3,False,0.999999,0.4999995,0.4999995,0,,False
2025-09-30,2025-10-31,schur_g050,10,VEA,SPYV,3,12,6,6,True,0.999999,0.4999995,0.124999875,2,"gamma=0.499999: b_A <= 0.05, b_D <= 0.05; gamma=0.25: b_A <= 0.05",False
2025-09-30,2025-10-31,schur_g050,11,VEA,DVY,4,6,3,3,True,0.999999,0.4999995,0.0624999375,3,gamma=0.499999: b_D <= 0.05; gamma=0.25: b_D <= 0.05; gamma=0.125: b_D <= 0.05,False
2025-09-30,2025-10-31,schur_g050,12,SPHD,SPYV,4,6,3,3,True,0.999999,0.4999995,0.124999875,2,gamma=0.499999: b_A <= 0.05; gamma=0.25: b_A <= 0.05,False
2025-09-30,2025-10-31,schur_g050,13,VOOV,SPY,1,46,23,23,False,0.999999,0.4999995,0.4999995,0,,False
2025-09-30,2025-10-31,schur_g050,14,VOOV,VO,2,23,11,12,False,0.999999,0.4999995,0.4999995,0,,False
2025-09-30,2025-10-31,schur_g050,15,VOOV,IWN,3,11,5,6,True,0.999999,0.4999995,0.24999975,1,gamma=0.499999: b_D <= 0.05,False
2025-09-30,2025-10-31,schur_g050,16,IJK,IWN,4,6,3,3,True,0.999999,0.4999995,0.24999975,1,gamma=0.499999: b_D <= 0.05,False
2025-09-30,2025-10-31,schur_g050,17,GSSC,VO,3,12,6,6,False,0.999999,0.4999995,0.4999995,0,,False
2025-09-30,2025-10-31,schur_g050,18,GSSC,IJS,4,6,3,3,True,0.999999,0.4999995,0.0624999375,3,gamma=0.499999: b_D <= 0.05; gamma=0.25: b_D <= 0.05; gamma=0.125: b_D <= 0.05,False
2025-09-30,2025-10-31,schur_g050,19,IJJ,VO,4,6,3,3,False,0.999999,0.4999995,0.4999995,0,,False
2025-09-30,2025-10-31,schur_g050,20,IWD,SPY,2,23,11,12,False,0.999999,0.4999995,0.4999995,0,,False
2025-09-30,2025-10-31,schur_g050,21,IWD,GSLC,3,11,5,6,False,0.999999,0.4999995,0.4999995,0,,False
2025-09-30,2025-10-31,schur_g050,22,ACWI,GSLC,4,6,3,3,False,0.999999,0.4999995,0.4999995,0,,False
2025-09-30,2025-10-31,schur_g050,23,VOO,SPY,3,12,6,6,False,0.999999,0.4999995,0.4999995,0,,False
2025-09-30,2025-10-31,schur_g050,24,VOO,SCHX,4,6,3,3,False,0.999999,0.4999995,0.4999995,0,,False
2025-09-30,2025-10-31,schur_g050,25,IWB,SPY,4,6,3,3,False,0.999999,0.4999995,0.4999995,0,,False
2025-10-31,2025-11-28,schur_g050,0,ASHS,SPY,0,92,46,46,False,0.999999,0.4999995,0.4999995,0,,False
2025-10-31,2025-11-28,schur_g050,1,ASHS,VOOV,1,46,23,23,True,0.999999,0.4999995,0.24999975,1,gamma=0.499999: b_D <= 0.05,False
2025-10-31,2025-11-28,schur_g050,2,ASHS,EZU,2,23,11,12,True,0.999999,0.4999995,0.24999975,1,"gamma=0.499999: b_A <= 0.05, b_D <= 0.05",False
2025-10-31,2025-11-28,schur_g050,3,ASHS,EWJ,3,11,5,6,True,0.999999,0.4999995,0.0624999375,3,gamma=0.499999: b_A <= 0.05; gamma=0.25: b_A <= 0.05; gamma=0.125: b_A <= 0.05,False
2025-10-31,2025-11-28,schur_g050,4,SDIV,EWJ,4,6,3,3,False,0.999999,0.4999995,0.4999995,0,,False
2025-10-31,2025-11-28,schur_g050,5,JPXN,EZU,3,12,6,6,True,0.999999,0.4999995,0.124999875,2,"gamma=0.499999: b_A <= 0.05, b_D <= 0.05; gamma=0.25: b_A <= 0.05",False
2025-10-31,2025-11-28,schur_g050,6,JPXN,EEM,4,6,3,3,True,0.999999,0.4999995,0.03124996875,4,gamma=0.499999: b_A <= 0.05; gamma=0.25: b_A <= 0.05; gamma=0.125: b_A <= 0.05; gamma=0.0624999: b_A <= 0.05,False
2025-10-31,2025-11-28,schur_g050,7,SDY,EZU,4,6,3,3,False,0.999999,0.4999995,0.4999995,0,,False
2025-10-31,2025-11-28,schur_g050,8,FEZ,VOOV,2,23,11,12,True,0.999999,0.4999995,0.24999975,1,gamma=0.499999: b_D <= 0.05,False
2025-10-31,2025-11-28,schur_g050,9,FEZ,IEFA,3,11,5,6,False,0.999999,0.4999995,0.4999995,0,,False
2025-10-31,2025-11-28,schur_g050,10,VEU,IEFA,4,6,3,3,False,0.999999,0.4999995,0.4999995,0,,False
2025-10-31,2025-11-28,schur_g050,11,SCHF,VOOV,3,12,6,6,True,0.999999,0.4999995,0.124999875,2,gamma=0.499999: b_A <= 0.05; gamma=0.25: b_A <= 0.05,False
2025-10-31,2025-11-28,schur_g050,12,SCHF,SPHD,4,6,3,3,True,0.999999,0.4999995,0.24999975,1,gamma=0.499999: b_A <= 0.05,False
2025-10-31,2025-11-28,schur_g050,13,LOUP,VOOV,4,6,3,3,True,0.999999,0.4999995,0.124999875,2,gamma=0.499999: b_A <= 0.05; gamma=0.25: b_A <= 0.05,False
2025-10-31,2025-11-28,schur_g050,14,IUSV,SPY,1,46,23,23,False,0.999999,0.4999995,0.4999995,0,,False
2025-10-31,2025-11-28,schur_g050,15,IUSV,IWD,2,23,11,12,False,0.999999,0.4999995,0.4999995,0,,False
2025-10-31,2025-11-28,schur_g050,16,IUSV,SCHA,3,11,5,6,True,0.999999,0.4999995,0.24999975,1,gamma=0.499999: b_D <= 0.05,False
2025-10-31,2025-11-28,schur_g050,17,VIOG,SCHA,4,6,3,3,False,0.999999,0.4999995,0.4999995,0,,False
2025-10-31,2025-11-28,schur_g050,18,IWM,IWD,3,12,6,6,True,0.999999,0.4999995,0.24999975,1,gamma=0.499999: b_A <= 0.05,False
2025-10-31,2025-11-28,schur_g050,19,IWM,IJJ,4,6,3,3,True,0.999999,0.4999995,0.0624999375,3,gamma=0.499999: b_D <= 0.05; gamma=0.25: b_D <= 0.05; gamma=0.125: b_D <= 0.05,False
2025-10-31,2025-11-28,schur_g050,20,SCHM,IWD,4,6,3,3,False,0.999999,0.4999995,0.4999995,0,,False
2025-10-31,2025-11-28,schur_g050,21,PRF,SPY,2,23,11,12,False,0.999999,0.4999995,0.4999995,0,,False
2025-10-31,2025-11-28,schur_g050,22,PRF,GSLC,3,11,5,6,False,0.999999,0.4999995,0.4999995,0,,False
2025-10-31,2025-11-28,schur_g050,23,ACWI,GSLC,4,6,3,3,False,0.999999,0.4999995,0.4999995,0,,False
2025-10-31,2025-11-28,schur_g050,24,VOO,SPY,3,12,6,6,False,0.999999,0.4999995,0.4999995,0,,False
2025-10-31,2025-11-28,schur_g050,25,VOO,SCHX,4,6,3,3,False,0.999999,0.4999995,0.4999995,0,,False
2025-10-31,2025-11-28,schur_g050,26,IWB,SPY,4,6,3,3,False,0.999999,0.4999995,0.4999995,0,,False
2025-11-28,2025-12-31,schur_g050,0,ASHS,VEA,0,92,46,46,False,0.999999,0.4999995,0.4999995,0,,False
2025-11-28,2025-12-31,schur_g050,1,ASHS,SCHM,1,46,23,23,False,0.999999,0.4999995,0.4999995,0,,False
2025-11-28,2025-12-31,schur_g050,2,ASHS,LOUP,2,23,11,12,True,0.999999,0.4999995,0.0624999375,3,"gamma=0.499999: b_A <= 0.05, b_D <= 0.05; gamma=0.25: b_A <= 0.05, b_D <= 0.05; gamma=0.125: b_A <= 0.05, b_D <= 0.05",False
2025-11-28,2025-12-31,schur_g050,3,ASHS,EWJ,3,11,5,6,True,0.999999,0.4999995,0.03124996875,4,gamma=0.499999: b_A <= 0.05; gamma=0.25: b_A <= 0.05; gamma=0.125: b_A <= 0.05; gamma=0.0624999: b_A <= 0.05,False
2025-11-28,2025-12-31,schur_g050,4,SDIV,EWJ,4,6,3,3,False,0.999999,0.4999995,0.4999995,0,,False
2025-11-28,2025-12-31,schur_g050,5,JPXN,LOUP,3,12,6,6,True,0.999999,0.4999995,0.0078124921875,6,"gamma=0.499999: b_A <= 0.05, b_D <= 0.05; gamma=0.25: b_D <= 0.05; gamma=0.125: b_D <= 0.05; gamma=0.0624999: b_D <= 0.05; gamma=0.03125: b_D <= 0.05; gamma=0.015625: b_D <= 0.05",False
2025-11-28,2025-12-31,schur_g050,6,JPXN,SDY,4,6,3,3,True,0.999999,0.4999995,0.0624999375,3,gamma=0.499999: b_A <= 0.05; gamma=0.25: b_A <= 0.05; gamma=0.125: b_A <= 0.05,False
2025-11-28,2025-12-31,schur_g050,7,TMDV,LOUP,4,6,3,3,True,0.999999,0.4999995,0.001953123046875,8,gamma=0.499999: b_A <= 0.05; gamma=0.25: b_A <= 0.05; gamma=0.125: b_A <= 0.05; gamma=0.0624999: b_A <= 0.05; gamma=0.03125: b_A <= 0.05; gamma=0.015625: b_A <= 0.05; gamma=0.00781249: b_A <= 0.05; gamma=0.00390625: b_A <= 0.05,False
2025-11-28,2025-12-31,schur_g050,8,IWP,SCHM,2,23,11,12,False,0.999999,0.4999995,0.4999995,0,,False
2025-11-28,2025-12-31,schur_g050,9,IWP,IJT,3,11,5,6,False,0.999999,0.4999995,0.4999995,0,,False
2025-11-28,2025-12-31,schur_g050,10,IUSV,IJT,4,6,3,3,False,0.999999,0.4999995,0.4999995,0,,False
2025-11-28,2025-12-31,schur_g050,11,VIOG,SCHM,3,12,6,6,True,0.999999,0.4999995,0.24999975,1,gamma=0.499999: b_D <= 0.05,False
2025-11-28,2025-12-31,schur_g050,12,VIOG,IWM,4,6,3,3,False,0.999999,0.4999995,0.4999995,0,,False
2025-11-28,2025-12-31,schur_g050,13,VTWO,SCHM,4,6,3,3,True,0.999999,0.4999995,0.124999875,2,gamma=0.499999: b_D <= 0.05; gamma=0.25: b_D <= 0.05,False
2025-11-28,2025-12-31,schur_g050,14,IJH,VEA,1,46,23,23,False,0.999999,0.4999995,0.4999995,0,,False
2025-11-28,2025-12-31,schur_g050,15,IJH,SCHX,2,23,11,12,False,0.999999,0.4999995,0.4999995,0,,False
2025-11-28,2025-12-31,schur_g050,16,IJH,ACWI,3,11,5,6,True,0.999999,0.4999995,0.24999975,1,gamma=0.499999: b_A <= 0.05,False
2025-11-28,2025-12-31,schur_g050,17,VTV,ACWI,4,6,3,3,False,0.999999,0.4999995,0.4999995,0,,False
2025-11-28,2025-12-31,schur_g050,18,VT,SCHX,3,12,6,6,False,0.999999,0.4999995,0.4999995,0,,False
2025-11-28,2025-12-31,schur_g050,19,VT,VOO,4,6,3,3,False,0.999999,0.4999995,0.4999995,0,,False
2025-11-28,2025-12-31,schur_g050,20,ESGU,SCHX,4,6,3,3,False,0.999999,0.4999995,0.4999995,0,,False
2025-11-28,2025-12-31,schur_g050,21,GSUS,VEA,2,23,11,12,False,0.999999,0.4999995,0.4999995,0,,False
2025-11-28,2025-12-31,schur_g050,22,GSUS,FEZ,3,11,5,6,True,0.999999,0.4999995,0.0624999375,3,gamma=0.499999: b_D <= 0.05; gamma=0.25: b_D <= 0.05; gamma=0.125: b_D <= 0.05,False
2025-11-28,2025-12-31,schur_g050,23,EEM,FEZ,4,6,3,3,True,0.999999,0.4999995,0.015624984375,5,gamma=0.499999: b_D <= 0.05; gamma=0.25: b_D <= 0.05; gamma=0.125: b_D <= 0.05; gamma=0.0624999: b_D <= 0.05; gamma=0.03125: b_D <= 0.05,False
2025-11-28,2025-12-31,schur_g050,24,IEV,VEA,3,12,6,6,False,0.999999,0.4999995,0.4999995,0,,False
2025-11-28,2025-12-31,schur_g050,25,IEV,GSIE,4,6,3,3,True,0.999999,0.4999995,0.124999875,2,gamma=0.499999: b_A <= 0.05; gamma=0.25: b_A <= 0.05,False
2025-11-28,2025-12-31,schur_g050,26,GSID,VEA,4,6,3,3,False,0.999999,0.4999995,0.4999995,0,,False
2025-12-31,2026-01-30,schur_g050,0,ASHS,SPY,0,92,46,46,False,0.999999,0.4999995,0.4999995,0,,False
2025-12-31,2026-01-30,schur_g050,1,ASHS,SPYV,1,46,23,23,True,0.999999,0.4999995,0.24999975,1,"gamma=0.499999: b_A <= 0.05, b_D <= 0.05",False
2025-12-31,2026-01-30,schur_g050,2,ASHS,IEV,2,23,11,12,True,0.999999,0.4999995,0.24999975,1,gamma=0.499999: b_A <= 0.05,False
2025-12-31,2026-01-30,schur_g050,3,ASHS,EWJ,3,11,5,6,True,0.999999,0.4999995,0.0624999375,3,gamma=0.499999: b_A <= 0.05; gamma=0.25: b_A <= 0.05; gamma=0.125: b_A <= 0.05,False
2025-12-31,2026-01-30,schur_g050,4,SDIV,EWJ,4,6,3,3,False,0.999999,0.4999995,0.4999995,0,,False
2025-12-31,2026-01-30,schur_g050,5,JPXN,IEV,3,12,6,6,True,0.999999,0.4999995,0.24999975,1,gamma=0.499999: b_D <= 0.05,False
2025-12-31,2026-01-30,schur_g050,6,JPXN,EEM,4,6,3,3,True,0.999999,0.4999995,0.124999875,2,gamma=0.499999: b_A <= 0.05; gamma=0.25: b_A <= 0.05,False
2025-12-31,2026-01-30,schur_g050,7,EFV,IEV,4,6,3,3,True,0.999999,0.4999995,0.24999975,1,gamma=0.499999: b_D <= 0.05,False
2025-12-31,2026-01-30,schur_g050,8,IEUR,SPYV,2,23,11,12,True,0.999999,0.4999995,0.24999975,1,gamma=0.499999: b_D <= 0.05,False
2025-12-31,2026-01-30,schur_g050,9,IEUR,VEA,3,11,5,6,False,0.999999,0.4999995,0.4999995,0,,False
2025-12-31,2026-01-30,schur_g050,10,GSID,VEA,4,6,3,3,False,0.999999,0.4999995,0.4999995,0,,False
2025-12-31,2026-01-30,schur_g050,11,SDY,SPYV,3,12,6,6,True,0.999999,0.4999995,0.124999875,2,gamma=0.499999: b_A <= 0.05; gamma=0.25: b_A <= 0.05,False
2025-12-31,2026-01-30,schur_g050,12,SDY,SPHD,4,6,3,3,True,0.999999,0.4999995,0.24999975,1,gamma=0.499999: b_A <= 0.05,False
2025-12-31,2026-01-30,schur_g050,13,LOUP,SPYV,4,6,3,3,True,0.999999,0.4999995,0.124999875,2,gamma=0.499999: b_A <= 0.05; gamma=0.25: b_A <= 0.05,False
2025-12-31,2026-01-30,schur_g050,14,IUSV,SPY,1,46,23,23,False,0.999999,0.4999995,0.4999995,0,,False
2025-12-31,2026-01-30,schur_g050,15,IUSV,VYM,2,23,11,12,False,0.999999,0.4999995,0.4999995,0,,False
2025-12-31,2026-01-30,schur_g050,16,IUSV,SCHA,3,11,5,6,True,0.999999,0.4999995,0.24999975,1,gamma=0.499999: b_D <= 0.05,False
2025-12-31,2026-01-30,schur_g050,17,VXF,SCHA,4,6,3,3,False,0.999999,0.4999995,0.4999995,0,,False
2025-12-31,2026-01-30,schur_g050,18,IWM,VYM,3,12,6,6,True,0.999999,0.4999995,0.0624999375,3,gamma=0.499999: b_A <= 0.05; gamma=0.25: b_A <= 0.05; gamma=0.125: b_A <= 0.05,False
2025-12-31,2026-01-30,schur_g050,19,IWM,IJJ,4,6,3,3,True,0.999999,0.4999995,0.0624999375,3,gamma=0.499999: b_D <= 0.05; gamma=0.25: b_D <= 0.05; gamma=0.125: b_D <= 0.05,False
2025-12-31,2026-01-30,schur_g050,20,SCHM,VYM,4,6,3,3,False,0.999999,0.4999995,0.4999995,0,,False
2025-12-31,2026-01-30,schur_g050,21,VTV,SPY,2,23,11,12,False,0.999999,0.4999995,0.4999995,0,,False
2025-12-31,2026-01-30,schur_g050,22,VTV,GSLC,3,11,5,6,False,0.999999,0.4999995,0.4999995,0,,False
2025-12-31,2026-01-30,schur_g050,23,ACWI,GSLC,4,6,3,3,False,0.999999,0.4999995,0.4999995,0,,False
2025-12-31,2026-01-30,schur_g050,24,VOO,SPY,3,12,6,6,False,0.999999,0.4999995,0.4999995,0,,False
2025-12-31,2026-01-30,schur_g050,25,VOO,SCHX,4,6,3,3,False,0.999999,0.4999995,0.4999995,0,,False
2025-12-31,2026-01-30,schur_g050,26,IWB,SPY,4,6,3,3,False,0.999999,0.4999995,0.4999995,0,,False
2026-01-30,2026-02-27,schur_g050,0,ASHS,SPHD,0,92,46,46,False,0.999999,0.4999995,0.4999995,0,,False
2026-01-30,2026-02-27,schur_g050,1,ASHS,IVE,1,46,23,23,True,0.999999,0.4999995,0.24999975,1,"gamma=0.499999: b_A <= 0.05, b_D <= 0.05",False
2026-01-30,2026-02-27,schur_g050,2,ASHS,EZU,2,23,11,12,True,0.999999,0.4999995,0.24999975,1,"gamma=0.499999: b_A <= 0.05, b_D <= 0.05",False
2026-01-30,2026-02-27,schur_g050,3,ASHS,XRT,3,11,5,6,True,0.999999,0.4999995,0.03124996875,4,gamma=0.499999: b_A <= 0.05; gamma=0.25: b_A <= 0.05; gamma=0.125: b_A <= 0.05; gamma=0.0624999: b_A <= 0.05,False
2026-01-30,2026-02-27,schur_g050,4,DXJ,XRT,4,6,3,3,False,0.999999,0.4999995,0.4999995,0,,False
2026-01-30,2026-02-27,schur_g050,5,EWJ,EZU,3,12,6,6,True,0.999999,0.4999995,0.24999975,1,gamma=0.499999: b_A <= 0.05,False
2026-01-30,2026-02-27,schur_g050,6,EWJ,EEM,4,6,3,3,True,0.999999,0.4999995,0.03124996875,4,gamma=0.499999: b_A <= 0.05; gamma=0.25: b_A <= 0.05; gamma=0.125: b_A <= 0.05; gamma=0.0624999: b_A <= 0.05,False
2026-01-30,2026-02-27,schur_g050,7,SDY,EZU,4,6,3,3,False,0.999999,0.4999995,0.4999995,0,,False
2026-01-30,2026-02-27,schur_g050,8,FEZ,IVE,2,23,11,12,True,0.999999,0.4999995,0.24999975,1,gamma=0.499999: b_D <= 0.05,False
2026-01-30,2026-02-27,schur_g050,9,FEZ,IEFA,3,11,5,6,False,0.999999,0.4999995,0.4999995,0,,False
2026-01-30,2026-02-27,schur_g050,10,VEU,IEFA,4,6,3,3,False,0.999999,0.4999995,0.4999995,0,,False
2026-01-30,2026-02-27,schur_g050,11,SCHF,IVE,3,12,6,6,True,0.999999,0.4999995,0.124999875,2,gamma=0.499999: b_A <= 0.05; gamma=0.25: b_A <= 0.05,False
2026-01-30,2026-02-27,schur_g050,12,SCHF,IWP,4,6,3,3,True,0.999999,0.4999995,0.24999975,1,gamma=0.499999: b_D <= 0.05,False
2026-01-30,2026-02-27,schur_g050,13,VLUE,IVE,4,6,3,3,False,0.999999,0.4999995,0.4999995,0,,False
2026-01-30,2026-02-27,schur_g050,14,IWS,SPHD,1,46,23,23,False,0.999999,0.4999995,0.4999995,0,,False
2026-01-30,2026-02-27,schur_g050,15,IWS,IWD,2,23,11,12,False,0.999999,0.4999995,0.4999995,0,,False
2026-01-30,2026-02-27,schur_g050,16,IWS,VTWO,3,11,5,6,False,0.999999,0.4999995,0.4999995,0,,False
2026-01-30,2026-02-27,schur_g050,17,VIOG,VTWO,4,6,3,3,False,0.999999,0.4999995,0.4999995,0,,False
2026-01-30,2026-02-27,schur_g050,18,IWN,IWD,3,12,6,6,True,0.999999,0.4999995,0.124999875,2,gamma=0.499999: b_A <= 0.05; gamma=0.25: b_A <= 0.05,False
2026-01-30,2026-02-27,schur_g050,19,IWN,IJH,4,6,3,3,True,0.999999,0.4999995,0.124999875,2,gamma=0.499999: b_A <= 0.05; gamma=0.25: b_A <= 0.05,False
2026-01-30,2026-02-27,schur_g050,20,MDY,IWD,4,6,3,3,False,0.999999,0.4999995,0.4999995,0,,False
2026-01-30,2026-02-27,schur_g050,21,PRF,SPHD,2,23,11,12,False,0.999999,0.4999995,0.4999995,0,,False
2026-01-30,2026-02-27,schur_g050,22,PRF,ESGU,3,11,5,6,False,0.999999,0.4999995,0.4999995,0,,False
2026-01-30,2026-02-27,schur_g050,23,QUAL,ESGU,4,6,3,3,False,0.999999,0.4999995,0.4999995,0,,False
2026-01-30,2026-02-27,schur_g050,24,IWV,SPHD,3,12,6,6,False,0.999999,0.4999995,0.4999995,0,,False
2026-01-30,2026-02-27,schur_g050,25,IWV,GSUS,4,6,3,3,False,0.999999,0.4999995,0.4999995,0,,False
2026-01-30,2026-02-27,schur_g050,26,VV,SPHD,4,6,3,3,False,0.999999,0.4999995,0.4999995,0,,False
2026-02-27,2026-03-31,schur_g050,0,ASHS,VEA,0,92,46,46,False,0.999999,0.4999995,0.4999995,0,,False
2026-02-27,2026-03-31,schur_g050,1,ASHS,VO,1,46,23,23,False,0.999999,0.4999995,0.4999995,0,,False
2026-02-27,2026-03-31,schur_g050,2,ASHS,LOUP,2,23,11,12,True,0.999999,0.4999995,0.0624999375,3,"gamma=0.499999: b_A <= 0.05, b_D <= 0.05; gamma=0.25: b_A <= 0.05, b_D <= 0.05; gamma=0.125: b_D <= 0.05",False
2026-02-27,2026-03-31,schur_g050,3,ASHS,EWJ,3,11,5,6,True,0.999999,0.4999995,0.0624999375,3,gamma=0.499999: b_A <= 0.05; gamma=0.25: b_A <= 0.05; gamma=0.125: b_A <= 0.05,False
2026-02-27,2026-03-31,schur_g050,4,BLDG,EWJ,4,6,3,3,False,0.999999,0.4999995,0.4999995,0,,False
2026-02-27,2026-03-31,schur_g050,5,JPXN,LOUP,3,12,6,6,True,0.999999,0.4999995,0.0078124921875,6,"gamma=0.499999: b_A <= 0.05, b_D <= 0.05; gamma=0.25: b_A <= 0.05, b_D <= 0.05; gamma=0.125: b_D <= 0.05; gamma=0.0624999: b_D <= 0.05; gamma=0.03125: b_D <= 0.05; gamma=0.015625: b_D <= 0.05",False
2026-02-27,2026-03-31,schur_g050,6,JPXN,SDY,4,6,3,3,True,0.999999,0.4999995,0.03124996875,4,gamma=0.499999: b_A <= 0.05; gamma=0.25: b_A <= 0.05; gamma=0.125: b_A <= 0.05; gamma=0.0624999: b_A <= 0.05,False
2026-02-27,2026-03-31,schur_g050,7,TMDV,LOUP,4,6,3,3,True,0.999999,0.4999995,0.0078124921875,6,gamma=0.499999: b_A <= 0.05; gamma=0.25: b_A <= 0.05; gamma=0.125: b_A <= 0.05; gamma=0.0624999: b_A <= 0.05; gamma=0.03125: b_A <= 0.05; gamma=0.015625: b_A <= 0.05,False
2026-02-27,2026-03-31,schur_g050,8,IWP,VO,2,23,11,12,False,0.999999,0.4999995,0.4999995,0,,False
2026-02-27,2026-03-31,schur_g050,9,IWP,IJT,3,11,5,6,False,0.999999,0.4999995,0.4999995,0,,False
2026-02-27,2026-03-31,schur_g050,10,IUSV,IJT,4,6,3,3,True,0.999999,0.4999995,0.24999975,1,gamma=0.499999: b_D <= 0.05,False
2026-02-27,2026-03-31,schur_g050,11,VIOG,VO,3,12,6,6,True,0.999999,0.4999995,0.24999975,1,gamma=0.499999: b_D <= 0.05,False
2026-02-27,2026-03-31,schur_g050,12,VIOG,VTWO,4,6,3,3,False,0.999999,0.4999995,0.4999995,0,,False
2026-02-27,2026-03-31,schur_g050,13,IWN,VO,4,6,3,3,True,0.999999,0.4999995,0.124999875,2,gamma=0.499999: b_A <= 0.05; gamma=0.25: b_A <= 0.05,False
2026-02-27,2026-03-31,schur_g050,14,IWR,VEA,1,46,23,23,False,0.999999,0.4999995,0.4999995,0,,False
2026-02-27,2026-03-31,schur_g050,15,IWR,VTI,2,23,11,12,False,0.999999,0.4999995,0.4999995,0,,False
2026-02-27,2026-03-31,schur_g050,16,IWR,ACWI,3,11,5,6,True,0.999999,0.4999995,0.24999975,1,gamma=0.499999: b_A <= 0.05,False
2026-02-27,2026-03-31,schur_g050,17,VTV,ACWI,4,6,3,3,False,0.999999,0.4999995,0.4999995,0,,False
2026-02-27,2026-03-31,schur_g050,18,VT,VTI,3,12,6,6,False,0.999999,0.4999995,0.4999995,0,,False
2026-02-27,2026-03-31,schur_g050,19,VT,VOO,4,6,3,3,False,0.999999,0.4999995,0.4999995,0,,False
2026-02-27,2026-03-31,schur_g050,20,SPYM,VTI,4,6,3,3,False,0.999999,0.4999995,0.4999995,0,,False
2026-02-27,2026-03-31,schur_g050,21,IYY,VEA,2,23,11,12,False,0.999999,0.4999995,0.4999995,0,,False
2026-02-27,2026-03-31,schur_g050,22,IYY,FEZ,3,11,5,6,True,0.999999,0.4999995,0.24999975,1,gamma=0.499999: b_D <= 0.05,False
2026-02-27,2026-03-31,schur_g050,23,EEM,FEZ,4,6,3,3,True,0.999999,0.4999995,0.015624984375,5,gamma=0.499999: b_D <= 0.05; gamma=0.25: b_D <= 0.05; gamma=0.125: b_D <= 0.05; gamma=0.0624999: b_D <= 0.05; gamma=0.03125: b_D <= 0.05,False
2026-02-27,2026-03-31,schur_g050,24,IEV,VEA,3,12,6,6,False,0.999999,0.4999995,0.4999995,0,,False
2026-02-27,2026-03-31,schur_g050,25,IEV,GSIE,4,6,3,3,True,0.999999,0.4999995,0.124999875,2,gamma=0.499999: b_A <= 0.05; gamma=0.25: b_A <= 0.05,False
2026-02-27,2026-03-31,schur_g050,26,GSID,VEA,4,6,3,3,False,0.999999,0.4999995,0.4999995,0,,False
2026-03-31,2026-04-30,schur_g050,0,ASHS,SPHD,0,92,46,46,False,0.999999,0.4999995,0.4999995,0,,False
2026-03-31,2026-04-30,schur_g050,1,ASHS,VOO,1,46,23,23,True,0.999999,0.4999995,0.24999975,1,"gamma=0.499999: b_A <= 0.05, b_D <= 0.05",False
2026-03-31,2026-04-30,schur_g050,2,ASHS,GSIE,2,23,11,12,True,0.999999,0.4999995,0.124999875,2,gamma=0.499999: b_A <= 0.05; gamma=0.25: b_A <= 0.05,False
2026-03-31,2026-04-30,schur_g050,3,ASHS,XSD,3,11,5,6,True,0.999999,0.4999995,0.124999875,2,"gamma=0.499999: b_A <= 0.05, b_D <= 0.05; gamma=0.25: b_A <= 0.05",False
2026-03-31,2026-04-30,schur_g050,4,SDIV,XSD,4,6,3,3,True,0.999999,0.4999995,0.24999975,1,gamma=0.499999: b_D <= 0.05,False
2026-03-31,2026-04-30,schur_g050,5,USMV,GSIE,3,12,6,6,False,0.999999,0.4999995,0.4999995,0,,False
2026-03-31,2026-04-30,schur_g050,6,USMV,EEM,4,6,3,3,True,0.999999,0.4999995,0.24999975,1,gamma=0.499999: b_A <= 0.05,False
2026-03-31,2026-04-30,schur_g050,7,EFV,GSIE,4,6,3,3,False,0.999999,0.4999995,0.4999995,0,,False
2026-03-31,2026-04-30,schur_g050,8,GSID,VOO,2,23,11,12,False,0.999999,0.4999995,0.4999995,0,,False
2026-03-31,2026-04-30,schur_g050,9,GSID,VGK,3,11,5,6,False,0.999999,0.4999995,0.4999995,0,,False
2026-03-31,2026-04-30,schur_g050,10,VEA,VGK,4,6,3,3,False,0.999999,0.4999995,0.4999995,0,,False
2026-03-31,2026-04-30,schur_g050,11,KBE,VOO,3,12,6,6,True,0.999999,0.4999995,0.24999975,1,gamma=0.499999: b_A <= 0.05,False
2026-03-31,2026-04-30,schur_g050,12,KBE,ACWI,4,6,3,3,True,0.999999,0.4999995,0.015624984375,5,gamma=0.499999: b_A <= 0.05; gamma=0.25: b_A <= 0.05; gamma=0.125: b_A <= 0.05; gamma=0.0624999: b_A <= 0.05; gamma=0.03125: b_A <= 0.05,False
2026-03-31,2026-04-30,schur_g050,13,VT,VOO,4,6,3,3,False,0.999999,0.4999995,0.4999995,0,,False
2026-03-31,2026-04-30,schur_g050,14,GSUS,SPHD,1,46,23,23,False,0.999999,0.4999995,0.4999995,0,,False
2026-03-31,2026-04-30,schur_g050,15,GSUS,VIOG,2,23,11,12,False,0.999999,0.4999995,0.4999995,0,,False
2026-03-31,2026-04-30,schur_g050,16,GSUS,SPY,3,11,5,6,False,0.999999,0.4999995,0.4999995,0,,False
2026-03-31,2026-04-30,schur_g050,17,IYY,SPY,4,6,3,3,False,0.999999,0.4999995,0.4999995,0,,False
2026-03-31,2026-04-30,schur_g050,18,IWP,VIOG,3,12,6,6,False,0.999999,0.4999995,0.4999995,0,,False
2026-03-31,2026-04-30,schur_g050,19,IWP,IUSV,4,6,3,3,True,0.999999,0.4999995,0.24999975,1,gamma=0.499999: b_A <= 0.05,False
2026-03-31,2026-04-30,schur_g050,20,IVE,VIOG,4,6,3,3,True,0.999999,0.4999995,0.24999975,1,gamma=0.499999: b_D <= 0.05,False
2026-03-31,2026-04-30,schur_g050,21,IWO,SPHD,2,23,11,12,False,0.999999,0.4999995,0.4999995,0,,False
2026-03-31,2026-04-30,schur_g050,22,IWO,IWR,3,11,5,6,True,0.999999,0.4999995,0.24999975,1,gamma=0.499999: b_D <= 0.05,False
2026-03-31,2026-04-30,schur_g050,23,IWN,IWR,4,6,3,3,True,0.999999,0.4999995,0.124999875,2,gamma=0.499999: b_A <= 0.05; gamma=0.25: b_A <= 0.05,False
2026-03-31,2026-04-30,schur_g050,24,IJK,SPHD,3,12,6,6,False,0.999999,0.4999995,0.4999995,0,,False
2026-03-31,2026-04-30,schur_g050,25,IJK,VTV,4,6,3,3,False,0.999999,0.4999995,0.4999995,0,,False
2026-03-31,2026-04-30,schur_g050,26,IWD,SPHD,4,6,3,3,False,0.999999,0.4999995,0.4999995,0,,False
2026-04-30,2026-05-29,schur_g050,0,ASHS,SPY,0,92,46,46,False,0.999999,0.4999995,0.4999995,0,,False
2026-04-30,2026-05-29,schur_g050,1,ASHS,IUSV,1,46,23,23,True,0.999999,0.4999995,0.24999975,1,gamma=0.499999: b_A <= 0.05,False
2026-04-30,2026-05-29,schur_g050,2,ASHS,SCZ,2,23,11,12,True,0.999999,0.4999995,0.124999875,2,gamma=0.499999: b_A <= 0.05; gamma=0.25: b_A <= 0.05,False
2026-04-30,2026-05-29,schur_g050,3,ASHS,XRT,3,11,5,6,True,0.999999,0.4999995,0.124999875,2,"gamma=0.499999: b_A <= 0.05, b_D <= 0.05; gamma=0.25: b_A <= 0.05, b_D <= 0.05",False
2026-04-30,2026-05-29,schur_g050,4,SDIV,XRT,4,6,3,3,True,0.999999,0.4999995,0.124999875,2,gamma=0.499999: b_D <= 0.05; gamma=0.25: b_D <= 0.05,False
2026-04-30,2026-05-29,schur_g050,5,USMV,SCZ,3,12,6,6,False,0.999999,0.4999995,0.4999995,0,,False
2026-04-30,2026-05-29,schur_g050,6,USMV,TMDV,4,6,3,3,False,0.999999,0.4999995,0.4999995,0,,False
2026-04-30,2026-05-29,schur_g050,7,DVY,SCZ,4,6,3,3,True,0.999999,0.4999995,0.24999975,1,gamma=0.499999: b_D <= 0.05,False
2026-04-30,2026-05-29,schur_g050,8,IQLT,IUSV,2,23,11,12,False,0.999999,0.4999995,0.4999995,0,,False
2026-04-30,2026-05-29,schur_g050,9,IQLT,EZU,3,11,5,6,False,0.999999,0.4999995,0.4999995,0,,False
2026-04-30,2026-05-29,schur_g050,10,VEA,EZU,4,6,3,3,False,0.999999,0.4999995,0.4999995,0,,False
2026-04-30,2026-05-29,schur_g050,11,FEZ,IUSV,3,12,6,6,True,0.999999,0.4999995,0.124999875,2,gamma=0.499999: b_A <= 0.05; gamma=0.25: b_A <= 0.05,False
2026-04-30,2026-05-29,schur_g050,12,FEZ,KRE,4,6,3,3,True,0.999999,0.4999995,0.124999875,2,gamma=0.499999: b_D <= 0.05; gamma=0.25: b_D <= 0.05,False
2026-04-30,2026-05-29,schur_g050,13,IWP,IUSV,4,6,3,3,False,0.999999,0.4999995,0.4999995,0,,False
2026-04-30,2026-05-29,schur_g050,14,IVE,SPY,1,46,23,23,False,0.999999,0.4999995,0.4999995,0,,False
2026-04-30,2026-05-29,schur_g050,15,IVE,VTV,2,23,11,12,False,0.999999,0.4999995,0.4999995,0,,False
2026-04-30,2026-05-29,schur_g050,16,IVE,VTWO,3,11,5,6,False,0.999999,0.4999995,0.4999995,0,,False
2026-04-30,2026-05-29,schur_g050,17,VIOG,VTWO,4,6,3,3,False,0.999999,0.4999995,0.4999995,0,,False
2026-04-30,2026-05-29,schur_g050,18,IWN,VTV,3,12,6,6,True,0.999999,0.4999995,0.24999975,1,gamma=0.499999: b_A <= 0.05,False
2026-04-30,2026-05-29,schur_g050,19,IWN,IWR,4,6,3,3,True,0.999999,0.4999995,0.24999975,1,gamma=0.499999: b_A <= 0.05,False
2026-04-30,2026-05-29,schur_g050,20,IJK,VTV,4,6,3,3,False,0.999999,0.4999995,0.4999995,0,,False
2026-04-30,2026-05-29,schur_g050,21,IWD,SPY,2,23,11,12,True,0.999999,0.4999995,0.24999975,1,gamma=0.499999: b_A <= 0.05,False
2026-04-30,2026-05-29,schur_g050,22,IWD,GSLC,3,11,5,6,True,0.999999,0.4999995,0.124999875,2,gamma=0.499999: b_A <= 0.05; gamma=0.25: b_A <= 0.05,False
2026-04-30,2026-05-29,schur_g050,23,ACWI,GSLC,4,6,3,3,False,0.999999,0.4999995,0.4999995,0,,False
2026-04-30,2026-05-29,schur_g050,24,VOO,SPY,3,12,6,6,False,0.999999,0.4999995,0.4999995,0,,False
2026-04-30,2026-05-29,schur_g050,25,VOO,VTI,4,6,3,3,False,0.999999,0.4999995,0.4999995,0,,False
2026-04-30,2026-05-29,schur_g050,26,IWB,SPY,4,6,3,3,False,0.999999,0.4999995,0.4999995,0,,False
2026-05-29,2026-06-30,schur_g050,0,ASHS,PRF,0,92,46,46,False,0.999999,0.4999995,0.4999995,0,,False
2026-05-29,2026-06-30,schur_g050,1,ASHS,VT,1,46,23,23,True,0.999999,0.4999995,0.24999975,1,gamma=0.499999: b_A <= 0.05,False
2026-05-29,2026-06-30,schur_g050,2,ASHS,SCZ,2,23,11,12,True,0.999999,0.4999995,0.124999875,2,gamma=0.499999: b_A <= 0.05; gamma=0.25: b_A <= 0.05,False
2026-05-29,2026-06-30,schur_g050,3,ASHS,USMV,3,11,5,6,True,0.999999,0.4999995,0.03124996875,4,"gamma=0.499999: b_A <= 0.05, b_D <= 0.05; gamma=0.25: b_A <= 0.05, b_D <= 0.05; gamma=0.125: b_D <= 0.05; gamma=0.0624999: b_D <= 0.05",False
2026-05-29,2026-06-30,schur_g050,4,SDIV,USMV,4,6,3,3,True,0.999999,0.4999995,0.03124996875,4,gamma=0.499999: b_D <= 0.05; gamma=0.25: b_D <= 0.05; gamma=0.125: b_D <= 0.05; gamma=0.0624999: b_D <= 0.05,False
2026-05-29,2026-06-30,schur_g050,5,XRT,SCZ,3,12,6,6,False,0.999999,0.4999995,0.4999995,0,,False
2026-05-29,2026-06-30,schur_g050,6,XRT,TMDV,4,6,3,3,False,0.999999,0.4999995,0.4999995,0,,False
2026-05-29,2026-06-30,schur_g050,7,DVY,SCZ,4,6,3,3,False,0.999999,0.4999995,0.4999995,0,,False
2026-05-29,2026-06-30,schur_g050,8,IQLT,VT,2,23,11,12,False,0.999999,0.4999995,0.4999995,0,,False
2026-05-29,2026-06-30,schur_g050,9,IQLT,EZU,3,11,5,6,False,0.999999,0.4999995,0.4999995,0,,False
2026-05-29,2026-06-30,schur_g050,10,VEA,EZU,4,6,3,3,False,0.999999,0.4999995,0.4999995,0,,False
2026-05-29,2026-06-30,schur_g050,11,FEZ,VT,3,12,6,6,True,0.999999,0.4999995,0.24999975,1,gamma=0.499999: b_D <= 0.05,False
2026-05-29,2026-06-30,schur_g050,12,FEZ,KBE,4,6,3,3,False,0.999999,0.4999995,0.4999995,0,,False
2026-05-29,2026-06-30,schur_g050,13,KRE,VT,4,6,3,3,True,0.999999,0.4999995,0.03124996875,4,gamma=0.499999: b_A <= 0.05; gamma=0.25: b_A <= 0.05; gamma=0.125: b_A <= 0.05; gamma=0.0624999: b_A <= 0.05,False
2026-05-29,2026-06-30,schur_g050,14,QUAL,PRF,1,46,23,23,False,0.999999,0.4999995,0.4999995,0,,False
2026-05-29,2026-06-30,schur_g050,15,QUAL,IWS,2,23,11,12,False,0.999999,0.4999995,0.4999995,0,,False
2026-05-29,2026-06-30,schur_g050,16,QUAL,IWB,3,11,5,6,False,0.999999,0.4999995,0.4999995,0,,False
2026-05-29,2026-06-30,schur_g050,17,GSUS,IWB,4,6,3,3,False,0.999999,0.4999995,0.4999995,0,,False
2026-05-29,2026-06-30,schur_g050,18,IYY,IWS,3,12,6,6,True,0.999999,0.4999995,0.24999975,1,gamma=0.499999: b_A <= 0.05,False
2026-05-29,2026-06-30,schur_g050,19,IYY,IWP,4,6,3,3,True,0.999999,0.4999995,0.124999875,2,gamma=0.499999: b_D <= 0.05; gamma=0.25: b_D <= 0.05,False
2026-05-29,2026-06-30,schur_g050,20,DGRO,IWS,4,6,3,3,False,0.999999,0.4999995,0.4999995,0,,False
2026-05-29,2026-06-30,schur_g050,21,IJJ,PRF,2,23,11,12,False,0.999999,0.4999995,0.4999995,0,,False
2026-05-29,2026-06-30,schur_g050,22,IJJ,SCHA,3,11,5,6,False,0.999999,0.4999995,0.4999995,0,,False
2026-05-29,2026-06-30,schur_g050,23,IWN,SCHA,4,6,3,3,True,0.999999,0.4999995,0.124999875,2,gamma=0.499999: b_A <= 0.05; gamma=0.25: b_A <= 0.05,False
2026-05-29,2026-06-30,schur_g050,24,IWM,PRF,3,12,6,6,False,0.999999,0.4999995,0.4999995,0,,False
2026-05-29,2026-06-30,schur_g050,25,IWM,SCHM,4,6,3,3,False,0.999999,0.4999995,0.4999995,0,,False
2026-05-29,2026-06-30,schur_g050,26,IJH,PRF,4,6,3,3,False,0.999999,0.4999995,0.4999995,0,,False
2026-06-30,2026-07-31,schur_g050,0,ASHS,VGK,0,93,46,47,False,0.999999,0.4999995,0.4999995,0,,False
2026-06-30,2026-07-31,schur_g050,1,ASHS,IWP,1,46,23,23,True,0.999999,0.4999995,0.24999975,1,gamma=0.499999: b_A <= 0.05,False
2026-06-30,2026-07-31,schur_g050,2,ASHS,KRE,2,23,11,12,True,0.999999,0.4999995,0.24999975,1,"gamma=0.499999: b_A <= 0.05, b_D <= 0.05",False
2026-06-30,2026-07-31,schur_g050,3,ASHS,USMV,3,11,5,6,True,0.999999,0.4999995,0.0078124921875,6,"gamma=0.499999: b_A <= 0.05, b_D <= 0.05; gamma=0.25: b_A <= 0.05, b_D <= 0.05; gamma=0.125: b_A <= 0.05, b_D <= 0.05; gamma=0.0624999: b_D <= 0.05; gamma=0.03125: b_D <= 0.05; gamma=0.015625: b_D <= 0.05",False
2026-06-30,2026-07-31,schur_g050,4,EWC,USMV,4,6,3,3,True,0.999999,0.4999995,0.00390624609375,7,gamma=0.499999: b_D <= 0.05; gamma=0.25: b_D <= 0.05; gamma=0.125: b_D <= 0.05; gamma=0.0624999: b_D <= 0.05; gamma=0.03125: b_D <= 0.05; gamma=0.015625: b_D <= 0.05; gamma=0.00781249: b_D <= 0.05,False
2026-06-30,2026-07-31,schur_g050,5,XRT,KRE,3,12,6,6,True,0.999999,0.4999995,0.124999875,2,gamma=0.499999: b_D <= 0.05; gamma=0.25: b_D <= 0.05,False
2026-06-30,2026-07-31,schur_g050,6,XRT,SPHD,4,6,3,3,False,0.999999,0.4999995,0.4999995,0,,False
2026-06-30,2026-07-31,schur_g050,7,EWJ,KRE,4,6,3,3,True,0.999999,0.4999995,0.03124996875,4,gamma=0.499999: b_D <= 0.05; gamma=0.25: b_D <= 0.05; gamma=0.125: b_D <= 0.05; gamma=0.0624999: b_D <= 0.05,False
2026-06-30,2026-07-31,schur_g050,8,LOUP,IWP,2,23,11,12,True,0.999999,0.4999995,0.24999975,1,gamma=0.499999: b_A <= 0.05,False
2026-06-30,2026-07-31,schur_g050,9,LOUP,SPYM,3,11,5,6,True,0.999999,0.4999995,0.124999875,2,gamma=0.499999: b_A <= 0.05; gamma=0.25: b_A <= 0.05,False
2026-06-30,2026-07-31,schur_g050,10,VT,SPYM,4,6,3,3,False,0.999999,0.4999995,0.4999995,0,,False
2026-06-30,2026-07-31,schur_g050,11,IVV,IWP,3,12,6,6,False,0.999999,0.4999995,0.4999995,0,,False
2026-06-30,2026-07-31,schur_g050,12,IVV,IYY,4,6,3,3,False,0.999999,0.4999995,0.4999995,0,,False
2026-06-30,2026-07-31,schur_g050,13,IWB,IWP,4,6,3,3,False,0.999999,0.4999995,0.4999995,0,,False
2026-06-30,2026-07-31,schur_g050,14,DGRO,VGK,1,47,23,24,False,0.999999,0.4999995,0.4999995,0,,False
2026-06-30,2026-07-31,schur_g050,15,DGRO,IWR,2,23,11,12,False,0.999999,0.4999995,0.4999995,0,,False
2026-06-30,2026-07-31,schur_g050,16,DGRO,VXF,3,11,5,6,True,0.999999,0.4999995,0.24999975,1,gamma=0.499999: b_D <= 0.05,False
2026-06-30,2026-07-31,schur_g050,17,VYM,VXF,4,6,3,3,True,0.999999,0.4999995,0.24999975,1,gamma=0.499999: b_D <= 0.05,False
2026-06-30,2026-07-31,schur_g050,18,IJT,IWR,3,12,6,6,False,0.999999,0.4999995,0.4999995,0,,False
2026-06-30,2026-07-31,schur_g050,19,IJT,IWO,4,6,3,3,True,0.999999,0.4999995,0.24999975,1,gamma=0.499999: b_D <= 0.05,False
2026-06-30,2026-07-31,schur_g050,20,GSSC,IWR,4,6,3,3,False,0.999999,0.4999995,0.4999995,0,,False
2026-06-30,2026-07-31,schur_g050,21,SCHM,VGK,2,24,12,12,False,0.999999,0.4999995,0.4999995,0,,False
2026-06-30,2026-07-31,schur_g050,22,SCHM,VEU,3,12,6,6,False,0.999999,0.4999995,0.4999995,0,,False
2026-06-30,2026-07-31,schur_g050,23,SCHM,PRF,4,6,3,3,False,0.999999,0.4999995,0.4999995,0,,False
2026-06-30,2026-07-31,schur_g050,24,EEM,VEU,4,6,3,3,False,0.999999,0.4999995,0.4999995,0,,False
2026-06-30,2026-07-31,schur_g050,25,GSIE,VGK,3,12,6,6,True,0.999999,0.4999995,0.124999875,2,gamma=0.499999: b_D <= 0.05; gamma=0.25: b_D <= 0.05,False
2026-06-30,2026-07-31,schur_g050,26,GSIE,EFA,4,6,3,3,False,0.999999,0.4999995,0.4999995,0,,False
2026-06-30,2026-07-31,schur_g050,27,IEFA,VGK,4,6,3,3,True,0.999999,0.4999995,0.24999975,1,gamma=0.499999: b_A <= 0.05,False
2026-07-31,2026-08-31,schur_g050,0,ASHS,VGK,0,93,46,47,False,0.999999,0.4999995,0.4999995,0,,False
2026-07-31,2026-08-31,schur_g050,1,ASHS,IJS,1,46,23,23,True,0.999999,0.4999995,0.24999975,1,gamma=0.499999: b_A <= 0.05,False
2026-07-31,2026-08-31,schur_g050,2,ASHS,KRE,2,23,11,12,True,0.999999,0.4999995,0.24999975,1,"gamma=0.499999: b_A <= 0.05, b_D <= 0.05",False
2026-07-31,2026-08-31,schur_g050,3,ASHS,DXJ,3,11,5,6,True,0.999999,0.4999995,0.03124996875,4,gamma=0.499999: b_D <= 0.05; gamma=0.25: b_D <= 0.05; gamma=0.125: b_D <= 0.05; gamma=0.0624999: b_D <= 0.05,False
2026-07-31,2026-08-31,schur_g050,4,BBC,DXJ,4,6,3,3,True,0.999999,0.4999995,0.03124996875,4,"gamma=0.499999: b_A <= 0.05, b_D <= 0.05; gamma=0.25: b_A <= 0.05, b_D <= 0.05; gamma=0.125: b_A <= 0.05, b_D <= 0.05; gamma=0.0624999: b_D <= 0.05",False
2026-07-31,2026-08-31,schur_g050,5,XRT,KRE,3,12,6,6,True,0.999999,0.4999995,0.124999875,2,gamma=0.499999: b_D <= 0.05; gamma=0.25: b_D <= 0.05,False
2026-07-31,2026-08-31,schur_g050,6,XRT,SPHD,4,6,3,3,False,0.999999,0.4999995,0.4999995,0,,False
2026-07-31,2026-08-31,schur_g050,7,VLUE,KRE,4,6,3,3,True,0.999999,0.4999995,0.124999875,2,"gamma=0.499999: b_A <= 0.05, b_D <= 0.05; gamma=0.25: b_D <= 0.05",False
2026-07-31,2026-08-31,schur_g050,8,DGRO,IJS,2,23,11,12,False,0.999999,0.4999995,0.4999995,0,,False
2026-07-31,2026-08-31,schur_g050,9,DGRO,VO,3,11,5,6,False,0.999999,0.4999995,0.4999995,0,,False
2026-07-31,2026-08-31,schur_g050,10,SPYV,VO,4,6,3,3,True,0.999999,0.4999995,0.24999975,1,gamma=0.499999: b_D <= 0.05,False
2026-07-31,2026-08-31,schur_g050,11,IWR,IJS,3,12,6,6,False,0.999999,0.4999995,0.4999995,0,,False
2026-07-31,2026-08-31,schur_g050,12,IWR,IWC,4,6,3,3,True,0.999999,0.4999995,0.24999975,1,gamma=0.499999: b_D <= 0.05,False
2026-07-31,2026-08-31,schur_g050,13,VXF,IJS,4,6,3,3,False,0.999999,0.4999995,0.4999995,0,,False
2026-07-31,2026-08-31,schur_g050,14,IWO,VGK,1,47,23,24,False,0.999999,0.4999995,0.4999995,0,,False
2026-07-31,2026-08-31,schur_g050,15,IWO,VV,2,23,11,12,True,0.999999,0.4999995,0.03124996875,4,gamma=0.499999: b_A <= 0.05; gamma=0.25: b_A <= 0.05; gamma=0.125: b_A <= 0.05; gamma=0.0624999: b_A <= 0.05,False
2026-07-31,2026-08-31,schur_g050,16,IWO,QUAL,3,11,5,6,True,0.999999,0.4999995,0.0624999375,3,gamma=0.499999: b_D <= 0.05; gamma=0.25: b_D <= 0.05; gamma=0.125: b_D <= 0.05,False
2026-07-31,2026-08-31,schur_g050,17,IWD,QUAL,4,6,3,3,True,0.999999,0.4999995,0.015624984375,5,gamma=0.499999: b_A <= 0.05; gamma=0.25: b_A <= 0.05; gamma=0.125: b_A <= 0.05; gamma=0.0624999: b_A <= 0.05; gamma=0.03125: b_A <= 0.05,False
2026-07-31,2026-08-31,schur_g050,18,ACWI,VV,3,12,6,6,False,0.999999,0.4999995,0.4999995,0,,False
2026-07-31,2026-08-31,schur_g050,19,ACWI,VOO,4,6,3,3,False,0.999999,0.4999995,0.4999995,0,,False
2026-07-31,2026-08-31,schur_g050,20,SPY,VV,4,6,3,3,False,0.999999,0.4999995,0.4999995,0,,False
2026-07-31,2026-08-31,schur_g050,21,SCHX,VGK,2,24,12,12,True,0.999999,0.4999995,0.24999975,1,gamma=0.499999: b_D <= 0.05,False
2026-07-31,2026-08-31,schur_g050,22,SCHX,VEU,3,12,6,6,False,0.999999,0.4999995,0.4999995,0,,False
2026-07-31,2026-08-31,schur_g050,23,SCHX,VTI,4,6,3,3,False,0.999999,0.4999995,0.4999995,0,,False
2026-07-31,2026-08-31,schur_g050,24,EEM,VEU,4,6,3,3,False,0.999999,0.4999995,0.4999995,0,,False
2026-07-31,2026-08-31,schur_g050,25,SCHF,VGK,3,12,6,6,True,0.999999,0.4999995,0.24999975,1,gamma=0.499999: b_D <= 0.05,False
2026-07-31,2026-08-31,schur_g050,26,SCHF,EFA,4,6,3,3,False,0.999999,0.4999995,0.4999995,0,,False
2026-07-31,2026-08-31,schur_g050,27,IEFA,VGK,4,6,3,3,False,0.999999,0.4999995,0.4999995,0,,False
2026-08-31,2026-09-30,schur_g050,0,ASHS,VGK,0,93,46,47,False,0.999999,0.4999995,0.4999995,0,,False
2026-08-31,2026-09-30,schur_g050,1,ASHS,GSSC,1,46,23,23,True,0.999999,0.4999995,0.24999975,1,gamma=0.499999: b_A <= 0.05,False
2026-08-31,2026-09-30,schur_g050,2,ASHS,KRE,2,23,11,12,True,0.999999,0.4999995,0.24999975,1,"gamma=0.499999: b_A <= 0.05, b_D <= 0.05",False
2026-08-31,2026-09-30,schur_g050,3,ASHS,DXJ,3,11,5,6,True,0.999999,0.4999995,0.03124996875,4,gamma=0.499999: b_D <= 0.05; gamma=0.25: b_D <= 0.05; gamma=0.125: b_D <= 0.05; gamma=0.0624999: b_D <= 0.05,False
2026-08-31,2026-09-30,schur_g050,4,BLDG,DXJ,4,6,3,3,True,0.999999,0.4999995,0.00390624609375,7,"gamma=0.499999: b_A <= 0.05, b_D <= 0.05; gamma=0.25: b_A <= 0.05, b_D <= 0.05; gamma=0.125: b_A <= 0.05, b_D <= 0.05; gamma=0.0624999: b_A <= 0.05, b_D <= 0.05; gamma=0.03125: b_D <= 0.05; gamma=0.015625: b_D <= 0.05; gamma=0.00781249: b_D <= 0.05",False
2026-08-31,2026-09-30,schur_g050,5,EFAV,KRE,3,12,6,6,True,0.999999,0.4999995,0.124999875,2,gamma=0.499999: b_D <= 0.05; gamma=0.25: b_D <= 0.05,False
2026-08-31,2026-09-30,schur_g050,6,EFAV,SPHD,4,6,3,3,False,0.999999,0.4999995,0.4999995,0,,False
2026-08-31,2026-09-30,schur_g050,7,EWJ,KRE,4,6,3,3,True,0.999999,0.4999995,0.124999875,2,"gamma=0.499999: b_A <= 0.05, b_D <= 0.05; gamma=0.25: b_D <= 0.05",False
2026-08-31,2026-09-30,schur_g050,8,DGRO,GSSC,2,23,11,12,False,0.999999,0.4999995,0.4999995,0,,False
2026-08-31,2026-09-30,schur_g050,9,DGRO,IJK,3,11,5,6,False,0.999999,0.4999995,0.4999995,0,,False
2026-08-31,2026-09-30,schur_g050,10,SPYV,IJK,4,6,3,3,True,0.999999,0.4999995,0.24999975,1,gamma=0.499999: b_D <= 0.05,False
2026-08-31,2026-09-30,schur_g050,11,SCHM,GSSC,3,12,6,6,False,0.999999,0.4999995,0.4999995,0,,False
2026-08-31,2026-09-30,schur_g050,12,SCHM,IJT,4,6,3,3,True,0.999999,0.4999995,0.24999975,1,gamma=0.499999: b_D <= 0.05,False
2026-08-31,2026-09-30,schur_g050,13,VIOG,GSSC,4,6,3,3,False,0.999999,0.4999995,0.4999995,0,,False
2026-08-31,2026-09-30,schur_g050,14,SCHA,VGK,1,47,23,24,True,0.999999,0.4999995,0.24999975,1,gamma=0.499999: b_A <= 0.05,False
2026-08-31,2026-09-30,schur_g050,15,SCHA,VV,2,23,11,12,True,0.999999,0.4999995,0.24999975,1,gamma=0.499999: b_A <= 0.05,False
2026-08-31,2026-09-30,schur_g050,16,SCHA,QUAL,3,11,5,6,True,0.999999,0.4999995,0.124999875,2,gamma=0.499999: b_D <= 0.05; gamma=0.25: b_D <= 0.05,False
2026-08-31,2026-09-30,schur_g050,17,VTV,QUAL,4,6,3,3,True,0.999999,0.4999995,0.0624999375,3,gamma=0.499999: b_A <= 0.05; gamma=0.25: b_A <= 0.05; gamma=0.125: b_A <= 0.05,False
2026-08-31,2026-09-30,schur_g050,18,ACWI,VV,3,12,6,6,False,0.999999,0.4999995,0.4999995,0,,False
2026-08-31,2026-09-30,schur_g050,19,ACWI,VOO,4,6,3,3,False,0.999999,0.4999995,0.4999995,0,,False
2026-08-31,2026-09-30,schur_g050,20,SPY,VV,4,6,3,3,False,0.999999,0.4999995,0.4999995,0,,False
2026-08-31,2026-09-30,schur_g050,21,SCHX,VGK,2,24,12,12,False,0.999999,0.4999995,0.4999995,0,,False
2026-08-31,2026-09-30,schur_g050,22,SCHX,VEU,3,12,6,6,False,0.999999,0.4999995,0.4999995,0,,False
2026-08-31,2026-09-30,schur_g050,23,SCHX,VTI,4,6,3,3,False,0.999999,0.4999995,0.4999995,0,,False
2026-08-31,2026-09-30,schur_g050,24,EEM,VEU,4,6,3,3,False,0.999999,0.4999995,0.4999995,0,,False
2026-08-31,2026-09-30,schur_g050,25,SCHF,VGK,3,12,6,6,True,0.999999,0.4999995,0.24999975,1,gamma=0.499999: b_D <= 0.05,False
2026-08-31,2026-09-30,schur_g050,26,SCHF,EFA,4,6,3,3,False,0.999999,0.4999995,0.4999995,0,,False
2026-08-31,2026-09-30,schur_g050,27,IEFA,VGK,4,6,3,3,True,0.999999,0.4999995,0.24999975,1,gamma=0.499999: b_A <= 0.05,False
