trial_id,decision_date,feature_end,date,regime,return,turnover,missing_held_returns,ex_post_stress,research_disclaimer
k2_vol_corr_erc,2004-10-31,2004-10-31,2004-11-30,calm,0.061936845034864,0.5,0,False,Research only; not investment advice.
k2_vol_corr_ew,2004-10-31,2004-10-31,2004-11-30,calm,0.06161462661616793,0.5,0,False,Research only; not investment advice.
k2_vol_corr_spread_erc,2004-10-31,2004-10-31,2004-11-30,calm,0.061936845034864,0.5,0,False,Research only; not investment advice.
k2_vol_corr_spread_ew,2004-10-31,2004-10-31,2004-11-30,calm,0.06161462661616793,0.5,0,False,Research only; not investment advice.
unconditional_erc,2004-10-31,2004-10-31,2004-11-30,all,0.022700259089377266,0.5,0,False,Research only; not investment advice.
unconditional_ew,2004-10-31,2004-10-31,2004-11-30,all,0.0534162331506785,0.4999999999999999,0,False,Research only; not investment advice.
always_calm,2004-10-31,2004-10-31,2004-11-30,calm,0.061936845034864,0.5,0,False,Research only; not investment advice.
k2_vol_corr_erc,2004-11-30,2004-11-30,2004-12-31,calm,0.03358604230191433,0.15923137291184966,0,False,Research only; not investment advice.
k2_vol_corr_ew,2004-11-30,2004-11-30,2004-12-31,calm,0.035282536958256415,0.029411764705882398,0,False,Research only; not investment advice.
k2_vol_corr_spread_erc,2004-11-30,2004-11-30,2004-12-31,calm,0.03358604230191433,0.15923137291184966,0,False,Research only; not investment advice.
k2_vol_corr_spread_ew,2004-11-30,2004-11-30,2004-12-31,calm,0.035282536958256415,0.029411764705882398,0,False,Research only; not investment advice.
unconditional_erc,2004-11-30,2004-11-30,2004-12-31,all,0.022354801269251743,0.10362730122336294,0,False,Research only; not investment advice.
unconditional_ew,2004-11-30,2004-11-30,2004-12-31,all,0.03284635619896545,0.030412141689780715,0,False,Research only; not investment advice.
always_calm,2004-11-30,2004-11-30,2004-12-31,calm,0.03358604230191433,0.15923137291184966,0,False,Research only; not investment advice.
k2_vol_corr_erc,2004-12-31,2004-12-31,2005-01-31,calm,-0.025997163725672182,0.008805723758139837,0,True,Research only; not investment advice.
k2_vol_corr_ew,2004-12-31,2004-12-31,2005-01-31,calm,-0.026591840290318122,0.004424338045150227,0,True,Research only; not investment advice.
k2_vol_corr_spread_erc,2004-12-31,2004-12-31,2005-01-31,calm,-0.025997163725672182,0.008805723758139837,0,True,Research only; not investment advice.
k2_vol_corr_spread_ew,2004-12-31,2004-12-31,2005-01-31,calm,-0.026591840290318122,0.004424338045150227,0,True,Research only; not investment advice.
unconditional_erc,2004-12-31,2004-12-31,2005-01-31,all,-0.008524892285122243,0.10602470816512645,0,True,Research only; not investment advice.
unconditional_ew,2004-12-31,2004-12-31,2005-01-31,all,-0.021926033293222173,0.025743987873723062,0,True,Research only; not investment advice.
always_calm,2004-12-31,2004-12-31,2005-01-31,calm,-0.025997163725672182,0.008805723758139837,0,True,Research only; not investment advice.
k2_vol_corr_erc,2005-01-31,2005-01-31,2005-02-28,calm,0.031158432768921735,0.27293296078506096,0,False,Research only; not investment advice.
k2_vol_corr_ew,2005-01-31,2005-01-31,2005-02-28,calm,0.02996079709605388,0.08108108108108106,0,False,Research only; not investment advice.
k2_vol_corr_spread_erc,2005-01-31,2005-01-31,2005-02-28,calm,0.031158432768921735,0.27293296078506096,0,False,Research only; not investment advice.
k2_vol_corr_spread_ew,2005-01-31,2005-01-31,2005-02-28,calm,0.02996079709605388,0.08108108108108106,0,False,Research only; not investment advice.
unconditional_erc,2005-01-31,2005-01-31,2005-02-28,all,0.01775871890846145,0.2465849756952647,0,False,Research only; not investment advice.
unconditional_ew,2005-01-31,2005-01-31,2005-02-28,all,0.025442296846609695,0.07142857142857144,0,False,Research only; not investment advice.
always_calm,2005-01-31,2005-01-31,2005-02-28,calm,0.031158432768921735,0.27293296078506096,0,False,Research only; not investment advice.
k2_vol_corr_erc,2005-02-28,2005-02-28,2005-03-31,calm,-0.019088836975662726,0.009662569422097316,0,False,Research only; not investment advice.
k2_vol_corr_ew,2005-02-28,2005-02-28,2005-03-31,calm,-0.01975581244303677,0.004800357486183732,0,False,Research only; not investment advice.
k2_vol_corr_spread_erc,2005-02-28,2005-02-28,2005-03-31,calm,-0.019088836975662726,0.009662569422097316,0,False,Research only; not investment advice.
k2_vol_corr_spread_ew,2005-02-28,2005-02-28,2005-03-31,calm,-0.01975581244303677,0.004800357486183732,0,False,Research only; not investment advice.
unconditional_erc,2005-02-28,2005-02-28,2005-03-31,all,-0.013062103182516886,0.009863426803010021,0,False,Research only; not investment advice.
unconditional_ew,2005-02-28,2005-02-28,2005-03-31,all,-0.017784312953897416,0.006190049652173648,0,False,Research only; not investment advice.
always_calm,2005-02-28,2005-02-28,2005-03-31,calm,-0.019088836975662726,0.009662569422097316,0,False,Research only; not investment advice.
k2_vol_corr_erc,2005-03-31,2005-03-31,2005-04-30,calm,-0.027384495706760003,0.01725106755398606,0,True,Research only; not investment advice.
k2_vol_corr_ew,2005-03-31,2005-03-31,2005-04-30,calm,-0.03143172629223137,0.004195188162804628,0,True,Research only; not investment advice.
k2_vol_corr_spread_erc,2005-03-31,2005-03-31,2005-04-30,calm,-0.027384495706760003,0.01725106755398606,0,True,Research only; not investment advice.
k2_vol_corr_spread_ew,2005-03-31,2005-03-31,2005-04-30,calm,-0.03143172629223137,0.004195188162804628,0,True,Research only; not investment advice.
unconditional_erc,2005-03-31,2005-03-31,2005-04-30,all,-0.013230853115793516,0.011064970920038122,0,True,Research only; not investment advice.
unconditional_ew,2005-03-31,2005-03-31,2005-04-30,all,-0.025212990728240008,0.004400182732753116,0,True,Research only; not investment advice.
always_calm,2005-03-31,2005-03-31,2005-04-30,calm,-0.027384495706760003,0.01725106755398606,0,True,Research only; not investment advice.
k2_vol_corr_erc,2005-04-30,2005-04-30,2005-05-31,calm,0.036348217435064084,0.01468718633643096,0,False,Research only; not investment advice.
k2_vol_corr_ew,2005-04-30,2005-04-30,2005-05-31,calm,0.03873027541827194,0.006549970816757435,0,False,Research only; not investment advice.
k2_vol_corr_spread_erc,2005-04-30,2005-04-30,2005-05-31,calm,0.036348217435064084,0.01468718633643096,0,False,Research only; not investment advice.
k2_vol_corr_spread_ew,2005-04-30,2005-04-30,2005-05-31,calm,0.03873027541827194,0.006549970816757435,0,False,Research only; not investment advice.
unconditional_erc,2005-04-30,2005-04-30,2005-05-31,all,0.027398664804741783,0.016101035020502058,0,False,Research only; not investment advice.
unconditional_ew,2005-04-30,2005-04-30,2005-05-31,all,0.03577637042877502,0.008533390562116999,0,False,Research only; not investment advice.
always_calm,2005-04-30,2005-04-30,2005-05-31,calm,0.036348217435064084,0.01468718633643096,0,False,Research only; not investment advice.
k2_vol_corr_erc,2005-05-31,2005-05-31,2005-06-30,calm,0.017328595986785537,0.014408785766447852,0,False,Research only; not investment advice.
k2_vol_corr_ew,2005-05-31,2005-05-31,2005-06-30,calm,0.01871541706308845,0.00941507778223229,0,False,Research only; not investment advice.
k2_vol_corr_spread_erc,2005-05-31,2005-05-31,2005-06-30,calm,0.017328595986785537,0.014408785766447852,0,False,Research only; not investment advice.
k2_vol_corr_spread_ew,2005-05-31,2005-05-31,2005-06-30,calm,0.01871541706308845,0.00941507778223229,0,False,Research only; not investment advice.
unconditional_erc,2005-05-31,2005-05-31,2005-06-30,all,0.01356615321733152,0.0128224636453283,0,False,Research only; not investment advice.
unconditional_ew,2005-05-31,2005-05-31,2005-06-30,all,0.01750729750897397,0.009637009805526208,0,False,Research only; not investment advice.
always_calm,2005-05-31,2005-05-31,2005-06-30,calm,0.017328595986785537,0.014408785766447852,0,False,Research only; not investment advice.
k2_vol_corr_erc,2005-06-30,2005-06-30,2005-07-31,calm,0.042288357618254335,0.01874450637365694,0,False,Research only; not investment advice.
k2_vol_corr_ew,2005-06-30,2005-06-30,2005-07-31,calm,0.04579640482460313,0.006541469267443572,0,False,Research only; not investment advice.
k2_vol_corr_spread_erc,2005-06-30,2005-06-30,2005-07-31,calm,0.042288357618254335,0.01874450637365694,0,False,Research only; not investment advice.
k2_vol_corr_spread_ew,2005-06-30,2005-06-30,2005-07-31,calm,0.04579640482460313,0.006541469267443572,0,False,Research only; not investment advice.
unconditional_erc,2005-06-30,2005-06-30,2005-07-31,all,0.02392598675468802,0.01138385433362762,0,False,Research only; not investment advice.
unconditional_ew,2005-06-30,2005-06-30,2005-07-31,all,0.038094521043050306,0.006318786992761061,0,False,Research only; not investment advice.
always_calm,2005-06-30,2005-06-30,2005-07-31,calm,0.042288357618254335,0.01874450637365694,0,False,Research only; not investment advice.
k2_vol_corr_erc,2005-07-31,2005-07-31,2005-08-31,calm,0.000528567558063259,0.039038863681706094,0,False,Research only; not investment advice.
k2_vol_corr_ew,2005-07-31,2005-07-31,2005-08-31,calm,0.0006929634133702165,0.006212166019864938,0,False,Research only; not investment advice.
k2_vol_corr_spread_erc,2005-07-31,2005-07-31,2005-08-31,calm,0.000528567558063259,0.039038863681706094,0,False,Research only; not investment advice.
k2_vol_corr_spread_ew,2005-07-31,2005-07-31,2005-08-31,calm,0.0006929634133702165,0.006212166019864938,0,False,Research only; not investment advice.
unconditional_erc,2005-07-31,2005-07-31,2005-08-31,all,0.0035666666363889507,0.020934268082369152,0,False,Research only; not investment advice.
unconditional_ew,2005-07-31,2005-07-31,2005-08-31,all,0.002955447500811559,0.009338621861272992,0,False,Research only; not investment advice.
always_calm,2005-07-31,2005-07-31,2005-08-31,calm,0.000528567558063259,0.039038863681706094,0,False,Research only; not investment advice.
k2_vol_corr_erc,2005-08-31,2005-08-31,2005-09-30,calm,0.01923132563874281,0.006927685658305633,0,False,Research only; not investment advice.
k2_vol_corr_ew,2005-08-31,2005-08-31,2005-09-30,calm,0.01853231479774161,0.008944280955768009,0,False,Research only; not investment advice.
k2_vol_corr_spread_erc,2005-08-31,2005-08-31,2005-09-30,calm,0.01923132563874281,0.006927685658305633,0,False,Research only; not investment advice.
k2_vol_corr_spread_ew,2005-08-31,2005-08-31,2005-09-30,calm,0.01853231479774161,0.008944280955768009,0,False,Research only; not investment advice.
unconditional_erc,2005-08-31,2005-08-31,2005-09-30,all,0.008636675674907132,0.008934540689634216,0,False,Research only; not investment advice.
unconditional_ew,2005-08-31,2005-08-31,2005-09-30,all,0.014717605106876388,0.00941929894930096,0,False,Research only; not investment advice.
always_calm,2005-08-31,2005-08-31,2005-09-30,calm,0.01923132563874281,0.006927685658305633,0,False,Research only; not investment advice.
k2_vol_corr_erc,2005-09-30,2005-09-30,2005-10-31,calm,-0.02736794892190029,0.0429991472160611,0,True,Research only; not investment advice.
k2_vol_corr_ew,2005-09-30,2005-09-30,2005-10-31,calm,-0.029333561038413614,0.007771965770866071,0,True,Research only; not investment advice.
k2_vol_corr_spread_erc,2005-09-30,2005-09-30,2005-10-31,calm,-0.02736794892190029,0.0429991472160611,0,True,Research only; not investment advice.
k2_vol_corr_spread_ew,2005-09-30,2005-09-30,2005-10-31,calm,-0.029333561038413614,0.007771965770866071,0,True,Research only; not investment advice.
unconditional_erc,2005-09-30,2005-09-30,2005-10-31,all,-0.021703552284052737,0.030634575392687297,0,True,Research only; not investment advice.
unconditional_ew,2005-09-30,2005-09-30,2005-10-31,all,-0.02723796438849289,0.007644691948567877,0,True,Research only; not investment advice.
always_calm,2005-09-30,2005-09-30,2005-10-31,calm,-0.02736794892190029,0.0429991472160611,0,True,Research only; not investment advice.
k2_vol_corr_erc,2005-10-31,2005-10-31,2005-11-30,calm,0.04060553111158994,0.01661429476832713,0,False,Research only; not investment advice.
k2_vol_corr_ew,2005-10-31,2005-10-31,2005-11-30,calm,0.04271214992496661,0.004653774038032049,0,False,Research only; not investment advice.
k2_vol_corr_spread_erc,2005-10-31,2005-10-31,2005-11-30,calm,0.04060553111158994,0.01661429476832713,0,False,Research only; not investment advice.
k2_vol_corr_spread_ew,2005-10-31,2005-10-31,2005-11-30,calm,0.04271214992496661,0.004653774038032049,0,False,Research only; not investment advice.
unconditional_erc,2005-10-31,2005-10-31,2005-11-30,all,0.02996749611038072,0.01374174186917414,0,False,Research only; not investment advice.
unconditional_ew,2005-10-31,2005-10-31,2005-11-30,all,0.038164594559020465,0.0051134546655952785,0,False,Research only; not investment advice.
always_calm,2005-10-31,2005-10-31,2005-11-30,calm,0.04060553111158994,0.01661429476832713,0,False,Research only; not investment advice.
k2_vol_corr_erc,2005-11-30,2005-11-30,2005-12-31,calm,0.01287187618574101,0.016536072045186,0,False,Research only; not investment advice.
k2_vol_corr_ew,2005-11-30,2005-11-30,2005-12-31,calm,0.012860880363798318,0.005156138541472852,0,False,Research only; not investment advice.
k2_vol_corr_spread_erc,2005-11-30,2005-11-30,2005-12-31,calm,0.01287187618574101,0.016536072045186,0,False,Research only; not investment advice.
k2_vol_corr_spread_ew,2005-11-30,2005-11-30,2005-12-31,calm,0.012860880363798318,0.005156138541472852,0,False,Research only; not investment advice.
unconditional_erc,2005-11-30,2005-11-30,2005-12-31,all,0.011054072419495398,0.029245572748519407,0,False,Research only; not investment advice.
unconditional_ew,2005-11-30,2005-11-30,2005-12-31,all,0.013837350513883167,0.024349473297672,0,False,Research only; not investment advice.
always_calm,2005-11-30,2005-11-30,2005-12-31,calm,0.01287187618574101,0.016536072045186,0,False,Research only; not investment advice.
k2_vol_corr_erc,2005-12-31,2005-12-31,2006-01-31,calm,0.0475672402828586,0.02133766880945001,0,False,Research only; not investment advice.
k2_vol_corr_ew,2005-12-31,2005-12-31,2006-01-31,calm,0.05295097221215224,0.00969315331818342,0,False,Research only; not investment advice.
k2_vol_corr_spread_erc,2005-12-31,2005-12-31,2006-01-31,calm,0.0475672402828586,0.02133766880945001,0,False,Research only; not investment advice.
k2_vol_corr_spread_ew,2005-12-31,2005-12-31,2006-01-31,calm,0.05295097221215224,0.00969315331818342,0,False,Research only; not investment advice.
unconditional_erc,2005-12-31,2005-12-31,2006-01-31,all,0.03473308079206153,0.019424558944389388,0,False,Research only; not investment advice.
unconditional_ew,2005-12-31,2005-12-31,2006-01-31,all,0.047429610382067534,0.009356392403672278,0,False,Research only; not investment advice.
always_calm,2005-12-31,2005-12-31,2006-01-31,calm,0.0475672402828586,0.02133766880945001,0,False,Research only; not investment advice.
k2_vol_corr_erc,2006-01-31,2006-01-31,2006-02-28,calm,0.0002458807663321558,0.08853515305055697,0,False,Research only; not investment advice.
k2_vol_corr_ew,2006-01-31,2006-01-31,2006-02-28,calm,-0.001308244934766239,0.026579555173380127,0,False,Research only; not investment advice.
k2_vol_corr_spread_erc,2006-01-31,2006-01-31,2006-02-28,calm,0.0002458807663321558,0.08853515305055697,0,False,Research only; not investment advice.
k2_vol_corr_spread_ew,2006-01-31,2006-01-31,2006-02-28,calm,-0.001308244934766239,0.026579555173380127,0,False,Research only; not investment advice.
unconditional_erc,2006-01-31,2006-01-31,2006-02-28,all,0.0001595779751340584,0.06250921510846896,0,False,Research only; not investment advice.
unconditional_ew,2006-01-31,2006-01-31,2006-02-28,all,-0.001374777080275322,0.04498240440354287,0,False,Research only; not investment advice.
always_calm,2006-01-31,2006-01-31,2006-02-28,calm,0.0002458807663321558,0.08853515305055697,0,False,Research only; not investment advice.
k2_vol_corr_erc,2006-02-28,2006-02-28,2006-03-31,calm,0.024962694761250716,0.006749185435258751,0,False,Research only; not investment advice.
k2_vol_corr_ew,2006-02-28,2006-02-28,2006-03-31,calm,0.028239276918134142,0.004222104912089708,0,False,Research only; not investment advice.
k2_vol_corr_spread_erc,2006-02-28,2006-02-28,2006-03-31,calm,0.024962694761250716,0.006749185435258751,0,False,Research only; not investment advice.
k2_vol_corr_spread_ew,2006-02-28,2006-02-28,2006-03-31,calm,0.028239276918134142,0.004222104912089708,0,False,Research only; not investment advice.
unconditional_erc,2006-02-28,2006-02-28,2006-03-31,all,0.016368091303760764,0.004910557477735121,0,False,Research only; not investment advice.
unconditional_ew,2006-02-28,2006-02-28,2006-03-31,all,0.023568623079783586,0.004020875807356425,0,False,Research only; not investment advice.
always_calm,2006-02-28,2006-02-28,2006-03-31,calm,0.024962694761250716,0.006749185435258751,0,False,Research only; not investment advice.
k2_vol_corr_erc,2006-03-31,2006-03-31,2006-04-30,calm,0.020437219221700734,0.09195868266720061,0,False,Research only; not investment advice.
k2_vol_corr_ew,2006-03-31,2006-03-31,2006-04-30,calm,0.018556287246986235,0.025720658558412258,0,False,Research only; not investment advice.
k2_vol_corr_spread_erc,2006-03-31,2006-03-31,2006-04-30,calm,0.020437219221700734,0.09195868266720061,0,False,Research only; not investment advice.
k2_vol_corr_spread_ew,2006-03-31,2006-03-31,2006-04-30,calm,0.018556287246986235,0.025720658558412258,0,False,Research only; not investment advice.
unconditional_erc,2006-03-31,2006-03-31,2006-04-30,all,0.017334577120003705,0.03735485089044157,0,False,Research only; not investment advice.
unconditional_ew,2006-03-31,2006-03-31,2006-04-30,all,0.020172533758518664,0.023848674623191495,0,False,Research only; not investment advice.
always_calm,2006-03-31,2006-03-31,2006-04-30,calm,0.020437219221700734,0.09195868266720061,0,False,Research only; not investment advice.
k2_vol_corr_erc,2006-04-30,2006-04-30,2006-05-31,calm,-0.035123962653959166,0.033961983403278,0,True,Research only; not investment advice.
k2_vol_corr_ew,2006-04-30,2006-04-30,2006-05-31,calm,-0.03919661817591633,0.007051034179969832,0,True,Research only; not investment advice.
k2_vol_corr_spread_erc,2006-04-30,2006-04-30,2006-05-31,calm,-0.035123962653959166,0.033961983403278,0,True,Research only; not investment advice.
k2_vol_corr_spread_ew,2006-04-30,2006-04-30,2006-05-31,calm,-0.03919661817591633,0.007051034179969832,0,True,Research only; not investment advice.
unconditional_erc,2006-04-30,2006-04-30,2006-05-31,all,-0.02549816369924842,0.02650662390683467,0,True,Research only; not investment advice.
unconditional_ew,2006-04-30,2006-04-30,2006-05-31,all,-0.033853097714081674,0.009664865887073906,0,True,Research only; not investment advice.
always_calm,2006-04-30,2006-04-30,2006-05-31,calm,-0.035123962653959166,0.033961983403278,0,True,Research only; not investment advice.
k2_vol_corr_erc,2006-05-31,2006-05-31,2006-06-30,calm,0.0016621740400832859,0.03829319991008338,0,False,Research only; not investment advice.
k2_vol_corr_ew,2006-05-31,2006-05-31,2006-06-30,calm,0.00041553022266596927,0.006579243404602432,0,False,Research only; not investment advice.
k2_vol_corr_spread_erc,2006-05-31,2006-05-31,2006-06-30,calm,0.0016621740400832859,0.03829319991008338,0,False,Research only; not investment advice.
k2_vol_corr_spread_ew,2006-05-31,2006-05-31,2006-06-30,calm,0.00041553022266596927,0.006579243404602432,0,False,Research only; not investment advice.
unconditional_erc,2006-05-31,2006-05-31,2006-06-30,all,0.0002831289186729489,0.015865092158658257,0,False,Research only; not investment advice.
unconditional_ew,2006-05-31,2006-05-31,2006-06-30,all,-0.0012533082733552866,0.0077173148824320765,0,False,Research only; not investment advice.
always_calm,2006-05-31,2006-05-31,2006-06-30,calm,0.0016621740400832859,0.03829319991008338,0,False,Research only; not investment advice.
k2_vol_corr_erc,2006-06-30,2006-06-30,2006-07-31,calm,-0.002052284037072195,0.0017805848344162479,0,False,Research only; not investment advice.
k2_vol_corr_ew,2006-06-30,2006-06-30,2006-07-31,calm,-0.006533761959328831,0.0027390014227971927,0,False,Research only; not investment advice.
k2_vol_corr_spread_erc,2006-06-30,2006-06-30,2006-07-31,calm,-0.002052284037072195,0.0017805848344162479,0,False,Research only; not investment advice.
k2_vol_corr_spread_ew,2006-06-30,2006-06-30,2006-07-31,calm,-0.006533761959328831,0.0027390014227971927,0,False,Research only; not investment advice.
unconditional_erc,2006-06-30,2006-06-30,2006-07-31,all,0.0018699697231309741,0.0018194968958765365,0,False,Research only; not investment advice.
unconditional_ew,2006-06-30,2006-06-30,2006-07-31,all,-0.0025236432327259434,0.0037898959051831937,0,False,Research only; not investment advice.
always_calm,2006-06-30,2006-06-30,2006-07-31,calm,-0.002052284037072195,0.0017805848344162479,0,False,Research only; not investment advice.
k2_vol_corr_erc,2006-07-31,2006-07-31,2006-08-31,calm,0.022267660389804912,0.006239248734682707,0,False,Research only; not investment advice.
k2_vol_corr_ew,2006-07-31,2006-07-31,2006-08-31,calm,0.02236568305029054,0.009375599785013705,0,False,Research only; not investment advice.
k2_vol_corr_spread_erc,2006-07-31,2006-07-31,2006-08-31,calm,0.022267660389804912,0.006239248734682707,0,False,Research only; not investment advice.
k2_vol_corr_spread_ew,2006-07-31,2006-07-31,2006-08-31,calm,0.02236568305029054,0.009375599785013705,0,False,Research only; not investment advice.
unconditional_erc,2006-07-31,2006-07-31,2006-08-31,all,0.01864408745077699,0.01009299311289203,0,False,Research only; not investment advice.
unconditional_ew,2006-07-31,2006-07-31,2006-08-31,all,0.02025829728058913,0.009545816732127687,0,False,Research only; not investment advice.
always_calm,2006-07-31,2006-07-31,2006-08-31,calm,0.022267660389804912,0.006239248734682707,0,False,Research only; not investment advice.
k2_vol_corr_erc,2006-08-31,2006-08-31,2006-09-30,calm,0.015116863135609266,0.09639140634847476,0,False,Research only; not investment advice.
k2_vol_corr_ew,2006-08-31,2006-08-31,2006-09-30,calm,0.012972526331421952,0.048780487804878044,0,False,Research only; not investment advice.
k2_vol_corr_spread_erc,2006-08-31,2006-08-31,2006-09-30,calm,0.015116863135609266,0.09639140634847476,0,False,Research only; not investment advice.
k2_vol_corr_spread_ew,2006-08-31,2006-08-31,2006-09-30,calm,0.012972526331421952,0.048780487804878044,0,False,Research only; not investment advice.
unconditional_erc,2006-08-31,2006-08-31,2006-09-30,all,0.011363289364354623,0.04996285619500463,0,False,Research only; not investment advice.
unconditional_ew,2006-08-31,2006-08-31,2006-09-30,all,0.010177348522473135,0.041666666666666685,0,False,Research only; not investment advice.
always_calm,2006-08-31,2006-08-31,2006-09-30,calm,0.015116863135609266,0.09639140634847476,0,False,Research only; not investment advice.
k2_vol_corr_erc,2006-09-30,2006-09-30,2006-10-31,calm,0.03858140994121539,0.039216229643427115,0,False,Research only; not investment advice.
k2_vol_corr_ew,2006-09-30,2006-09-30,2006-10-31,calm,0.03990062764272497,0.02438094771411589,0,False,Research only; not investment advice.
k2_vol_corr_spread_erc,2006-09-30,2006-09-30,2006-10-31,calm,0.03858140994121539,0.039216229643427115,0,False,Research only; not investment advice.
k2_vol_corr_spread_ew,2006-09-30,2006-09-30,2006-10-31,calm,0.03990062764272497,0.02438094771411589,0,False,Research only; not investment advice.
unconditional_erc,2006-09-30,2006-09-30,2006-10-31,all,0.029437624971846706,0.03230771766414765,0,False,Research only; not investment advice.
unconditional_ew,2006-09-30,2006-09-30,2006-10-31,all,0.035166724886164485,0.022371077495147162,0,False,Research only; not investment advice.
always_calm,2006-09-30,2006-09-30,2006-10-31,calm,0.03858140994121539,0.039216229643427115,0,False,Research only; not investment advice.
k2_vol_corr_erc,2006-10-31,2006-10-31,2006-11-30,calm,0.02692392487408085,0.015754876935002448,0,False,Research only; not investment advice.
k2_vol_corr_ew,2006-10-31,2006-10-31,2006-11-30,calm,0.027579869655461397,0.00389668663827762,0,False,Research only; not investment advice.
k2_vol_corr_spread_erc,2006-10-31,2006-10-31,2006-11-30,calm,0.02692392487408085,0.015754876935002448,0,False,Research only; not investment advice.
k2_vol_corr_spread_ew,2006-10-31,2006-10-31,2006-11-30,calm,0.027579869655461397,0.00389668663827762,0,False,Research only; not investment advice.
unconditional_erc,2006-10-31,2006-10-31,2006-11-30,all,0.02367516398764961,0.013931596374725864,0,False,Research only; not investment advice.
unconditional_ew,2006-10-31,2006-10-31,2006-11-30,all,0.027774778875971733,0.005301651148378644,0,False,Research only; not investment advice.
always_calm,2006-10-31,2006-10-31,2006-11-30,calm,0.02692392487408085,0.015754876935002448,0,False,Research only; not investment advice.
k2_vol_corr_erc,2006-11-30,2006-11-30,2006-12-31,calm,0.015543019132432372,0.16271645885322641,0,False,Research only; not investment advice.
k2_vol_corr_ew,2006-11-30,2006-11-30,2006-12-31,calm,0.013794583439486417,0.06666666666666665,0,False,Research only; not investment advice.
k2_vol_corr_spread_erc,2006-11-30,2006-11-30,2006-12-31,calm,0.015543019132432372,0.16271645885322641,0,False,Research only; not investment advice.
k2_vol_corr_spread_ew,2006-11-30,2006-11-30,2006-12-31,calm,0.013794583439486417,0.06666666666666665,0,False,Research only; not investment advice.
unconditional_erc,2006-11-30,2006-11-30,2006-12-31,all,0.009804842298094422,0.12388808023176648,0,False,Research only; not investment advice.
unconditional_ew,2006-11-30,2006-11-30,2006-12-31,all,0.009926333033611123,0.05769230769230767,0,False,Research only; not investment advice.
always_calm,2006-11-30,2006-11-30,2006-12-31,calm,0.015543019132432372,0.16271645885322641,0,False,Research only; not investment advice.
k2_vol_corr_erc,2006-12-31,2006-12-31,2007-01-31,calm,0.016057700460914252,0.0642289372532208,0,False,Research only; not investment advice.
k2_vol_corr_ew,2006-12-31,2006-12-31,2007-01-31,calm,0.017120224185612095,0.02210683854203973,0,False,Research only; not investment advice.
k2_vol_corr_spread_erc,2006-12-31,2006-12-31,2007-01-31,calm,0.016057700460914252,0.0642289372532208,0,False,Research only; not investment advice.
k2_vol_corr_spread_ew,2006-12-31,2006-12-31,2007-01-31,calm,0.017120224185612095,0.02210683854203973,0,False,Research only; not investment advice.
unconditional_erc,2006-12-31,2006-12-31,2007-01-31,all,0.012874945206865164,0.05148513463605786,0,False,Research only; not investment advice.
unconditional_ew,2006-12-31,2006-12-31,2007-01-31,all,0.015617991972751764,0.02015737936019895,0,False,Research only; not investment advice.
always_calm,2006-12-31,2006-12-31,2007-01-31,calm,0.016057700460914252,0.0642289372532208,0,False,Research only; not investment advice.
k2_vol_corr_erc,2007-01-31,2007-01-31,2007-02-28,calm,-0.008428216791766908,0.00410400479984402,0,False,Research only; not investment advice.
k2_vol_corr_ew,2007-01-31,2007-01-31,2007-02-28,calm,-0.006802061475706447,0.003940147372488078,0,False,Research only; not investment advice.
k2_vol_corr_spread_erc,2007-01-31,2007-01-31,2007-02-28,calm,-0.008428216791766908,0.00410400479984402,0,False,Research only; not investment advice.
k2_vol_corr_spread_ew,2007-01-31,2007-01-31,2007-02-28,calm,-0.006802061475706447,0.003940147372488078,0,False,Research only; not investment advice.
unconditional_erc,2007-01-31,2007-01-31,2007-02-28,all,-0.003072539794047224,0.004708371267197989,0,False,Research only; not investment advice.
unconditional_ew,2007-01-31,2007-01-31,2007-02-28,all,-0.003104800359807041,0.004430196133256436,0,False,Research only; not investment advice.
always_calm,2007-01-31,2007-01-31,2007-02-28,calm,-0.008428216791766908,0.00410400479984402,0,False,Research only; not investment advice.
k2_vol_corr_erc,2007-02-28,2007-02-28,2007-03-31,calm,0.012452474815056435,0.03285406090041347,0,False,Research only; not investment advice.
k2_vol_corr_ew,2007-02-28,2007-02-28,2007-03-31,calm,0.013112568868468955,0.041666666666666706,0,False,Research only; not investment advice.
k2_vol_corr_spread_erc,2007-02-28,2007-02-28,2007-03-31,calm,0.012452474815056435,0.03285406090041347,0,False,Research only; not investment advice.
k2_vol_corr_spread_ew,2007-02-28,2007-02-28,2007-03-31,calm,0.013112568868468955,0.041666666666666706,0,False,Research only; not investment advice.
unconditional_erc,2007-02-28,2007-02-28,2007-03-31,all,0.009617909612894776,0.02585701647220526,0,False,Research only; not investment advice.
unconditional_ew,2007-02-28,2007-02-28,2007-03-31,all,0.010834951540053175,0.036363636363636404,0,False,Research only; not investment advice.
always_calm,2007-02-28,2007-02-28,2007-03-31,calm,0.012452474815056435,0.03285406090041347,0,False,Research only; not investment advice.
k2_vol_corr_erc,2007-03-31,2007-03-31,2007-04-30,calm,0.037764670836742315,0.007132552488718702,0,False,Research only; not investment advice.
k2_vol_corr_ew,2007-03-31,2007-03-31,2007-04-30,calm,0.03650654540307516,0.004704849800464801,0,False,Research only; not investment advice.
k2_vol_corr_spread_erc,2007-03-31,2007-03-31,2007-04-30,calm,0.037764670836742315,0.007132552488718702,0,False,Research only; not investment advice.
k2_vol_corr_spread_ew,2007-03-31,2007-03-31,2007-04-30,calm,0.03650654540307516,0.004704849800464801,0,False,Research only; not investment advice.
unconditional_erc,2007-03-31,2007-03-31,2007-04-30,all,0.03073810961959504,0.006514650009675672,0,False,Research only; not investment advice.
unconditional_ew,2007-03-31,2007-03-31,2007-04-30,all,0.03317048191586812,0.005081166562971227,0,False,Research only; not investment advice.
always_calm,2007-03-31,2007-03-31,2007-04-30,calm,0.037764670836742315,0.007132552488718702,0,False,Research only; not investment advice.
k2_vol_corr_erc,2007-04-30,2007-04-30,2007-05-31,calm,0.03352392383392901,0.024965850794174176,0,False,Research only; not investment advice.
k2_vol_corr_ew,2007-04-30,2007-04-30,2007-05-31,calm,0.03567663956450743,0.006860880923648682,0,False,Research only; not investment advice.
k2_vol_corr_spread_erc,2007-04-30,2007-04-30,2007-05-31,calm,0.03352392383392901,0.024965850794174176,0,False,Research only; not investment advice.
k2_vol_corr_spread_ew,2007-04-30,2007-04-30,2007-05-31,calm,0.03567663956450743,0.006860880923648682,0,False,Research only; not investment advice.
unconditional_erc,2007-04-30,2007-04-30,2007-05-31,all,0.02203591535469348,0.052277148054004484,0,False,Research only; not investment advice.
unconditional_ew,2007-04-30,2007-04-30,2007-05-31,all,0.027447080145390726,0.03572925066834688,0,False,Research only; not investment advice.
always_calm,2007-04-30,2007-04-30,2007-05-31,calm,0.03352392383392901,0.024965850794174176,0,False,Research only; not investment advice.
k2_vol_corr_erc,2007-05-31,2007-05-31,2007-06-30,calm,-0.016688790468235036,0.006868364711686835,0,False,Research only; not investment advice.
k2_vol_corr_ew,2007-05-31,2007-05-31,2007-06-30,calm,-0.014767163953929865,0.004180015197360566,0,False,Research only; not investment advice.
k2_vol_corr_spread_erc,2007-05-31,2007-05-31,2007-06-30,calm,-0.016688790468235036,0.006868364711686835,0,False,Research only; not investment advice.
k2_vol_corr_spread_ew,2007-05-31,2007-05-31,2007-06-30,calm,-0.014767163953929865,0.004180015197360566,0,False,Research only; not investment advice.
unconditional_erc,2007-05-31,2007-05-31,2007-06-30,all,-0.012183608750813644,0.010962329004539455,0,False,Research only; not investment advice.
unconditional_ew,2007-05-31,2007-05-31,2007-06-30,all,-0.013277871930482963,0.00811766926350248,0,False,Research only; not investment advice.
always_calm,2007-05-31,2007-05-31,2007-06-30,calm,-0.016688790468235036,0.006868364711686835,0,False,Research only; not investment advice.
k2_vol_corr_erc,2007-06-30,2007-06-30,2007-07-31,calm,-0.04146269043248516,0.12110973584168343,0,True,Research only; not investment advice.
k2_vol_corr_ew,2007-06-30,2007-06-30,2007-07-31,calm,-0.03851273463251001,0.058823529411764684,0,True,Research only; not investment advice.
k2_vol_corr_spread_erc,2007-06-30,2007-06-30,2007-07-31,calm,-0.04146269043248516,0.12110973584168343,0,True,Research only; not investment advice.
k2_vol_corr_spread_ew,2007-06-30,2007-06-30,2007-07-31,calm,-0.03851273463251001,0.058823529411764684,0,True,Research only; not investment advice.
unconditional_erc,2007-06-30,2007-06-30,2007-07-31,all,-0.026405328773732875,0.09091927888901105,0,True,Research only; not investment advice.
unconditional_ew,2007-06-30,2007-06-30,2007-07-31,all,-0.027962239520899133,0.050259115868533065,0,True,Research only; not investment advice.
always_calm,2007-06-30,2007-06-30,2007-07-31,calm,-0.04146269043248516,0.12110973584168343,0,True,Research only; not investment advice.
k2_vol_corr_erc,2007-07-31,2007-07-31,2007-08-31,calm,0.011731128750014214,0.045802889735341634,0,False,Research only; not investment advice.
k2_vol_corr_ew,2007-07-31,2007-07-31,2007-08-31,calm,0.012127166742220443,0.00911028031071925,0,False,Research only; not investment advice.
k2_vol_corr_spread_erc,2007-07-31,2007-07-31,2007-08-31,calm,0.011731128750014214,0.045802889735341634,0,False,Research only; not investment advice.
k2_vol_corr_spread_ew,2007-07-31,2007-07-31,2007-08-31,calm,0.012127166742220443,0.00911028031071925,0,False,Research only; not investment advice.
unconditional_erc,2007-07-31,2007-07-31,2007-08-31,all,0.010342909729879895,0.043312964910241045,0,False,Research only; not investment advice.
unconditional_ew,2007-07-31,2007-07-31,2007-08-31,all,0.009360446372952306,0.021902833870385875,0,False,Research only; not investment advice.
always_calm,2007-07-31,2007-07-31,2007-08-31,calm,0.011731128750014214,0.045802889735341634,0,False,Research only; not investment advice.
k2_vol_corr_erc,2007-08-31,2007-08-31,2007-09-30,calm,0.031066981751300873,0.011503727257007273,0,False,Research only; not investment advice.
k2_vol_corr_ew,2007-08-31,2007-08-31,2007-09-30,calm,0.032648925061333677,0.005663682526013904,0,False,Research only; not investment advice.
k2_vol_corr_spread_erc,2007-08-31,2007-08-31,2007-09-30,calm,0.031066981751300873,0.011503727257007273,0,False,Research only; not investment advice.
k2_vol_corr_spread_ew,2007-08-31,2007-08-31,2007-09-30,calm,0.032648925061333677,0.005663682526013904,0,False,Research only; not investment advice.
unconditional_erc,2007-08-31,2007-08-31,2007-09-30,all,0.02925070278620908,0.012507975988495169,0,False,Research only; not investment advice.
unconditional_ew,2007-08-31,2007-08-31,2007-09-30,all,0.036996618051565934,0.006599173574684026,0,False,Research only; not investment advice.
always_calm,2007-08-31,2007-08-31,2007-09-30,calm,0.031066981751300873,0.011503727257007273,0,False,Research only; not investment advice.
k2_vol_corr_erc,2007-09-30,2007-09-30,2007-10-31,calm,0.016619028125462613,0.012409630503360863,0,False,Research only; not investment advice.
k2_vol_corr_ew,2007-09-30,2007-09-30,2007-10-31,calm,0.02020030433433385,0.007192517590548312,0,False,Research only; not investment advice.
k2_vol_corr_spread_erc,2007-09-30,2007-09-30,2007-10-31,calm,0.016619028125462613,0.012409630503360863,0,False,Research only; not investment advice.
k2_vol_corr_spread_ew,2007-09-30,2007-09-30,2007-10-31,calm,0.02020030433433385,0.007192517590548312,0,False,Research only; not investment advice.
unconditional_erc,2007-09-30,2007-09-30,2007-10-31,all,0.01762748736641016,0.01697735106038622,0,False,Research only; not investment advice.
unconditional_ew,2007-09-30,2007-09-30,2007-10-31,all,0.024683434430796403,0.010461385442685078,0,False,Research only; not investment advice.
always_calm,2007-09-30,2007-09-30,2007-10-31,calm,0.016619028125462613,0.012409630503360863,0,False,Research only; not investment advice.
k2_vol_corr_erc,2007-10-31,2007-10-31,2007-11-30,calm,-0.046634325690664676,0.01026566547124213,0,True,Research only; not investment advice.
k2_vol_corr_ew,2007-10-31,2007-10-31,2007-11-30,calm,-0.04945127600655466,0.010097580714585986,0,True,Research only; not investment advice.
k2_vol_corr_spread_erc,2007-10-31,2007-10-31,2007-11-30,calm,-0.046634325690664676,0.01026566547124213,0,True,Research only; not investment advice.
k2_vol_corr_spread_ew,2007-10-31,2007-10-31,2007-11-30,calm,-0.04945127600655466,0.010097580714585986,0,True,Research only; not investment advice.
unconditional_erc,2007-10-31,2007-10-31,2007-11-30,all,-0.029166624362108262,0.011547990802997014,0,True,Research only; not investment advice.
unconditional_ew,2007-10-31,2007-10-31,2007-11-30,all,-0.040393992010877726,0.011796239510745063,0,True,Research only; not investment advice.
always_calm,2007-10-31,2007-10-31,2007-11-30,calm,-0.046634325690664676,0.01026566547124213,0,True,Research only; not investment advice.
k2_vol_corr_erc,2007-11-30,2007-11-30,2007-12-31,calm,-0.018320322996598953,0.03754663436547806,0,False,Research only; not investment advice.
k2_vol_corr_ew,2007-11-30,2007-11-30,2007-12-31,calm,-0.016552048980218927,0.022403216721663836,0,False,Research only; not investment advice.
k2_vol_corr_spread_erc,2007-11-30,2007-11-30,2007-12-31,calm,-0.018320322996598953,0.03754663436547806,0,False,Research only; not investment advice.
k2_vol_corr_spread_ew,2007-11-30,2007-11-30,2007-12-31,calm,-0.016552048980218927,0.022403216721663836,0,False,Research only; not investment advice.
unconditional_erc,2007-11-30,2007-11-30,2007-12-31,all,-0.010726136713151048,0.037312594836229215,0,False,Research only; not investment advice.
unconditional_ew,2007-11-30,2007-11-30,2007-12-31,all,-0.008576995837599605,0.021248921853635926,0,False,Research only; not investment advice.
always_calm,2007-11-30,2007-11-30,2007-12-31,calm,-0.018320322996598953,0.03754663436547806,0,False,Research only; not investment advice.
k2_vol_corr_erc,2007-12-31,2007-12-31,2008-01-31,calm,-0.0524160496280319,0.009299625772678854,0,True,Research only; not investment advice.
k2_vol_corr_ew,2007-12-31,2007-12-31,2008-01-31,calm,-0.055535486538141235,0.006340724692020905,0,True,Research only; not investment advice.
k2_vol_corr_spread_erc,2007-12-31,2007-12-31,2008-01-31,calm,-0.0524160496280319,0.009299625772678854,0,True,Research only; not investment advice.
k2_vol_corr_spread_ew,2007-12-31,2007-12-31,2008-01-31,calm,-0.055535486538141235,0.006340724692020905,0,True,Research only; not investment advice.
unconditional_erc,2007-12-31,2007-12-31,2008-01-31,all,-0.0316001351845011,0.009741877713517425,0,True,Research only; not investment advice.
unconditional_ew,2007-12-31,2007-12-31,2008-01-31,all,-0.0394353029703444,0.008323973985126793,0,True,Research only; not investment advice.
always_calm,2007-12-31,2007-12-31,2008-01-31,calm,-0.0524160496280319,0.009299625772678854,0,True,Research only; not investment advice.
k2_vol_corr_erc,2008-01-31,2008-01-31,2008-02-29,calm,-0.03126140076443614,0.016795139466933853,0,False,Research only; not investment advice.
k2_vol_corr_ew,2008-01-31,2008-01-31,2008-02-29,calm,-0.028934515941057046,0.01266022200238155,0,False,Research only; not investment advice.
k2_vol_corr_spread_erc,2008-01-31,2008-01-31,2008-02-29,calm,-0.03126140076443614,0.016795139466933853,0,False,Research only; not investment advice.
k2_vol_corr_spread_ew,2008-01-31,2008-01-31,2008-02-29,calm,-0.028934515941057046,0.01266022200238155,0,False,Research only; not investment advice.
unconditional_erc,2008-01-31,2008-01-31,2008-02-29,all,-0.009923429775489236,0.36619031497661025,0,False,Research only; not investment advice.
unconditional_ew,2008-01-31,2008-01-31,2008-02-29,all,-0.014958878178410698,0.03657216610317164,0,False,Research only; not investment advice.
always_calm,2008-01-31,2008-01-31,2008-02-29,calm,-0.03126140076443614,0.016795139466933853,0,False,Research only; not investment advice.
k2_vol_corr_erc,2008-02-29,2008-02-29,2008-03-31,calm,-0.0045856735443362325,0.010568038267798436,0,False,Research only; not investment advice.
k2_vol_corr_ew,2008-02-29,2008-02-29,2008-03-31,calm,-0.0049183373518557096,0.008966307132773814,0,False,Research only; not investment advice.
k2_vol_corr_spread_erc,2008-02-29,2008-02-29,2008-03-31,calm,-0.0045856735443362325,0.010568038267798436,0,False,Research only; not investment advice.
k2_vol_corr_spread_ew,2008-02-29,2008-02-29,2008-03-31,calm,-0.0049183373518557096,0.008966307132773814,0,False,Research only; not investment advice.
unconditional_erc,2008-02-29,2008-02-29,2008-03-31,all,-0.0015431820238307435,0.02834537723985922,0,False,Research only; not investment advice.
unconditional_ew,2008-02-29,2008-02-29,2008-03-31,all,-0.007155822086024461,0.014261211381783812,0,False,Research only; not investment advice.
always_calm,2008-02-29,2008-02-29,2008-03-31,calm,-0.0045856735443362325,0.010568038267798436,0,False,Research only; not investment advice.
k2_vol_corr_erc,2008-03-31,2008-03-31,2008-04-30,calm,0.04419178835746494,0.1303146621132613,0,False,Research only; not investment advice.
k2_vol_corr_ew,2008-03-31,2008-03-31,2008-04-30,calm,0.05053734180929534,0.037256100946487805,0,False,Research only; not investment advice.
k2_vol_corr_spread_erc,2008-03-31,2008-03-31,2008-04-30,calm,0.04419178835746494,0.1303146621132613,0,False,Research only; not investment advice.
k2_vol_corr_spread_ew,2008-03-31,2008-03-31,2008-04-30,calm,0.05053734180929534,0.037256100946487805,0,False,Research only; not investment advice.
unconditional_erc,2008-03-31,2008-03-31,2008-04-30,all,0.021562404495688615,0.06783365802337986,0,False,Research only; not investment advice.
unconditional_ew,2008-03-31,2008-03-31,2008-04-30,all,0.04168317737110355,0.03278136811694795,0,False,Research only; not investment advice.
always_calm,2008-03-31,2008-03-31,2008-04-30,calm,0.04419178835746494,0.1303146621132613,0,False,Research only; not investment advice.
k2_vol_corr_erc,2008-04-30,2008-04-30,2008-05-31,calm,0.014893895317558633,0.10718995807501115,0,False,Research only; not investment advice.
k2_vol_corr_ew,2008-04-30,2008-04-30,2008-05-31,calm,0.022644801427835943,0.03652342359078749,0,False,Research only; not investment advice.
k2_vol_corr_spread_erc,2008-04-30,2008-04-30,2008-05-31,calm,0.014893895317558633,0.10718995807501115,0,False,Research only; not investment advice.
k2_vol_corr_spread_ew,2008-04-30,2008-04-30,2008-05-31,calm,0.022644801427835943,0.03652342359078749,0,False,Research only; not investment advice.
unconditional_erc,2008-04-30,2008-04-30,2008-05-31,all,0.007145932631854919,0.11237698876921406,0,False,Research only; not investment advice.
unconditional_ew,2008-04-30,2008-04-30,2008-05-31,all,0.020332030175430234,0.04622219536989286,0,False,Research only; not investment advice.
always_calm,2008-04-30,2008-04-30,2008-05-31,calm,0.014893895317558633,0.10718995807501115,0,False,Research only; not investment advice.
k2_vol_corr_erc,2008-05-31,2008-05-31,2008-06-30,calm,-0.0736983245859604,0.017357984575377537,0,True,Research only; not investment advice.
k2_vol_corr_ew,2008-05-31,2008-05-31,2008-06-30,calm,-0.08417459350565533,0.011195411308536045,0,True,Research only; not investment advice.
k2_vol_corr_spread_erc,2008-05-31,2008-05-31,2008-06-30,calm,-0.0736983245859604,0.017357984575377537,0,True,Research only; not investment advice.
k2_vol_corr_spread_ew,2008-05-31,2008-05-31,2008-06-30,calm,-0.08417459350565533,0.011195411308536045,0,True,Research only; not investment advice.
unconditional_erc,2008-05-31,2008-05-31,2008-06-30,all,-0.029046439557715516,0.226891836172498,0,True,Research only; not investment advice.
unconditional_ew,2008-05-31,2008-05-31,2008-06-30,all,-0.06165181889920342,0.01985827268729807,0,True,Research only; not investment advice.
always_calm,2008-05-31,2008-05-31,2008-06-30,calm,-0.0736983245859604,0.017357984575377537,0,True,Research only; not investment advice.
k2_vol_corr_erc,2008-06-30,2008-06-30,2008-07-31,calm,-0.001637419438797731,0.021039331142979224,0,False,Research only; not investment advice.
k2_vol_corr_ew,2008-06-30,2008-06-30,2008-07-31,calm,-0.003355774444792738,0.013809705568810768,0,False,Research only; not investment advice.
k2_vol_corr_spread_erc,2008-06-30,2008-06-30,2008-07-31,calm,-0.001637419438797731,0.021039331142979224,0,False,Research only; not investment advice.
k2_vol_corr_spread_ew,2008-06-30,2008-06-30,2008-07-31,calm,-0.003355774444792738,0.013809705568810768,0,False,Research only; not investment advice.
unconditional_erc,2008-06-30,2008-06-30,2008-07-31,all,-0.0004506616426124808,0.01338729696789145,0,False,Research only; not investment advice.
unconditional_ew,2008-06-30,2008-06-30,2008-07-31,all,-0.006216347494011749,0.025037293533071707,0,False,Research only; not investment advice.
always_calm,2008-06-30,2008-06-30,2008-07-31,calm,-0.001637419438797731,0.021039331142979224,0,False,Research only; not investment advice.
k2_vol_corr_erc,2008-07-31,2008-07-31,2008-08-31,calm,0.005530163122009789,0.025444341787341847,0,False,Research only; not investment advice.
k2_vol_corr_ew,2008-07-31,2008-07-31,2008-08-31,calm,0.003224833499438501,0.02745797518376221,0,False,Research only; not investment advice.
k2_vol_corr_spread_erc,2008-07-31,2008-07-31,2008-08-31,calm,0.005530163122009789,0.025444341787341847,0,False,Research only; not investment advice.
k2_vol_corr_spread_ew,2008-07-31,2008-07-31,2008-08-31,calm,0.003224833499438501,0.02745797518376221,0,False,Research only; not investment advice.
unconditional_erc,2008-07-31,2008-07-31,2008-08-31,all,0.002173628238694061,0.016365943701679826,0,False,Research only; not investment advice.
unconditional_ew,2008-07-31,2008-07-31,2008-08-31,all,-0.004227653830638998,0.025254877540412037,0,False,Research only; not investment advice.
always_calm,2008-07-31,2008-07-31,2008-08-31,calm,0.005530163122009789,0.025444341787341847,0,False,Research only; not investment advice.
k2_vol_corr_erc,2008-08-31,2008-08-31,2008-09-30,calm,-0.06869540900836411,0.010358594391711017,0,True,Research only; not investment advice.
k2_vol_corr_ew,2008-08-31,2008-08-31,2008-09-30,calm,-0.0829991187567467,0.014721262059423637,0,True,Research only; not investment advice.
k2_vol_corr_spread_erc,2008-08-31,2008-08-31,2008-09-30,calm,-0.06869540900836411,0.010358594391711017,0,True,Research only; not investment advice.
k2_vol_corr_spread_ew,2008-08-31,2008-08-31,2008-09-30,calm,-0.0829991187567467,0.014721262059423637,0,True,Research only; not investment advice.
unconditional_erc,2008-08-31,2008-08-31,2008-09-30,all,-0.02846397029798329,0.012049279846797285,0,True,Research only; not investment advice.
unconditional_ew,2008-08-31,2008-08-31,2008-09-30,all,-0.07050450438911338,0.017937195162241102,0,True,Research only; not investment advice.
always_calm,2008-08-31,2008-08-31,2008-09-30,calm,-0.06869540900836411,0.010358594391711017,0,True,Research only; not investment advice.
k2_vol_corr_erc,2008-09-30,2008-09-30,2008-10-31,calm,-0.15167326290072805,0.01351359517544961,0,True,Research only; not investment advice.
k2_vol_corr_ew,2008-09-30,2008-09-30,2008-10-31,calm,-0.18197872886590818,0.0199979631662702,0,True,Research only; not investment advice.
k2_vol_corr_spread_erc,2008-09-30,2008-09-30,2008-10-31,calm,-0.15167326290072805,0.01351359517544961,0,True,Research only; not investment advice.
k2_vol_corr_spread_ew,2008-09-30,2008-09-30,2008-10-31,calm,-0.18197872886590818,0.0199979631662702,0,True,Research only; not investment advice.
unconditional_erc,2008-09-30,2008-09-30,2008-10-31,all,-0.06779284538733164,0.02741049832311101,0,True,Research only; not investment advice.
unconditional_ew,2008-09-30,2008-09-30,2008-10-31,all,-0.16183146899380832,0.0308171825188311,0,True,Research only; not investment advice.
always_calm,2008-09-30,2008-09-30,2008-10-31,calm,-0.15167326290072805,0.01351359517544961,0,True,Research only; not investment advice.
k2_vol_corr_erc,2008-10-31,2008-10-31,2008-11-30,stress,0.01850211447007242,0.9171419233493737,0,True,Research only; not investment advice.
k2_vol_corr_ew,2008-10-31,2008-10-31,2008-11-30,stress,-0.0030650752119031864,0.9108987252996252,0,True,Research only; not investment advice.
k2_vol_corr_spread_erc,2008-10-31,2008-10-31,2008-11-30,stress,0.01850211447007242,0.9171419233493737,0,True,Research only; not investment advice.
k2_vol_corr_spread_ew,2008-10-31,2008-10-31,2008-11-30,stress,-0.0030650752119031864,0.9108987252996252,0,True,Research only; not investment advice.
unconditional_erc,2008-10-31,2008-10-31,2008-11-30,all,-0.013942887967794602,0.054019958011256704,0,True,Research only; not investment advice.
unconditional_ew,2008-10-31,2008-10-31,2008-11-30,all,-0.06364629615375558,0.041224114851249445,0,True,Research only; not investment advice.
always_calm,2008-10-31,2008-10-31,2008-11-30,calm,-0.060178553883532236,0.03023996418446803,0,True,Research only; not investment advice.
k2_vol_corr_erc,2008-11-30,2008-11-30,2008-12-31,stress,0.031319783759581256,0.04199967475604185,0,False,Research only; not investment advice.
k2_vol_corr_ew,2008-11-30,2008-11-30,2008-12-31,stress,0.022730499663723695,0.035330639088540616,0,False,Research only; not investment advice.
k2_vol_corr_spread_erc,2008-11-30,2008-11-30,2008-12-31,calm,0.04003608443330828,0.9120434534104,0,False,Research only; not investment advice.
k2_vol_corr_spread_ew,2008-11-30,2008-11-30,2008-12-31,calm,0.04223030622701721,0.9122807017543859,0,False,Research only; not investment advice.
unconditional_erc,2008-11-30,2008-11-30,2008-12-31,all,0.02315363733493474,0.04780724287782663,0,False,Research only; not investment advice.
unconditional_ew,2008-11-30,2008-11-30,2008-12-31,all,0.038446499582844434,0.0274406429618751,0,False,Research only; not investment advice.
always_calm,2008-11-30,2008-11-30,2008-12-31,calm,0.04003608443330828,0.07061416530881054,0,False,Research only; not investment advice.
k2_vol_corr_erc,2008-12-31,2008-12-31,2009-01-31,stress,-0.026947240229519883,0.08678355076857032,0,True,Research only; not investment advice.
k2_vol_corr_ew,2008-12-31,2008-12-31,2009-01-31,stress,-0.03708396235156045,0.02202826925879339,0,True,Research only; not investment advice.
k2_vol_corr_spread_erc,2008-12-31,2008-12-31,2009-01-31,stress,-0.026947240229519883,0.9141142190603753,0,True,Research only; not investment advice.
k2_vol_corr_spread_ew,2008-12-31,2008-12-31,2009-01-31,stress,-0.03708396235156045,0.9145241708213872,0,True,Research only; not investment advice.
unconditional_erc,2008-12-31,2008-12-31,2009-01-31,all,-0.0363685400803449,0.03470507797190378,0,True,Research only; not investment advice.
unconditional_ew,2008-12-31,2008-12-31,2009-01-31,all,-0.08418596901942062,0.046677507302728814,0,True,Research only; not investment advice.
always_calm,2008-12-31,2008-12-31,2009-01-31,calm,-0.09033465901362596,0.04709102714709392,0,True,Research only; not investment advice.
k2_vol_corr_erc,2009-01-31,2009-01-31,2009-02-28,stress,-0.01981273219989476,0.024011835032422244,0,True,Research only; not investment advice.
k2_vol_corr_ew,2009-01-31,2009-01-31,2009-02-28,stress,-0.03718366752214343,0.031216363771723033,0,True,Research only; not investment advice.
k2_vol_corr_spread_erc,2009-01-31,2009-01-31,2009-02-28,stress,-0.01981273219989476,0.024011835032422244,0,True,Research only; not investment advice.
k2_vol_corr_spread_ew,2009-01-31,2009-01-31,2009-02-28,stress,-0.03718366752214343,0.031216363771723033,0,True,Research only; not investment advice.
unconditional_erc,2009-01-31,2009-01-31,2009-02-28,all,-0.03525612894443716,0.023475994462061615,0,True,Research only; not investment advice.
unconditional_ew,2009-01-31,2009-01-31,2009-02-28,all,-0.08168745466452611,0.02852526450227196,0,True,Research only; not investment advice.
always_calm,2009-01-31,2009-01-31,2009-02-28,calm,-0.09056578654230456,0.016805248507500974,0,True,Research only; not investment advice.
k2_vol_corr_erc,2009-02-28,2009-02-28,2009-03-31,stress,0.02453750537086697,0.007712778812003851,0,False,Research only; not investment advice.
k2_vol_corr_ew,2009-02-28,2009-02-28,2009-03-31,stress,0.03490183760374299,0.02620956784127879,0,False,Research only; not investment advice.
k2_vol_corr_spread_erc,2009-02-28,2009-02-28,2009-03-31,stress,0.02453750537086697,0.007712778812003851,0,False,Research only; not investment advice.
k2_vol_corr_spread_ew,2009-02-28,2009-02-28,2009-03-31,stress,0.03490183760374299,0.02620956784127879,0,False,Research only; not investment advice.
unconditional_erc,2009-02-28,2009-02-28,2009-03-31,all,0.03175959897313117,0.023778353673538175,0,False,Research only; not investment advice.
unconditional_ew,2009-02-28,2009-02-28,2009-03-31,all,0.06867058874548851,0.028123606931788975,0,False,Research only; not investment advice.
always_calm,2009-02-28,2009-02-28,2009-03-31,calm,0.0724102954169416,0.016402937902402506,0,False,Research only; not investment advice.
k2_vol_corr_erc,2009-03-31,2009-03-31,2009-04-30,stress,0.002872187052444395,0.03249286558897367,0,False,Research only; not investment advice.
k2_vol_corr_ew,2009-03-31,2009-03-31,2009-04-30,stress,0.011469218598542365,0.016524717093548674,0,False,Research only; not investment advice.
k2_vol_corr_spread_erc,2009-03-31,2009-03-31,2009-04-30,stress,0.002872187052444395,0.03249286558897367,0,False,Research only; not investment advice.
k2_vol_corr_spread_ew,2009-03-31,2009-03-31,2009-04-30,stress,0.011469218598542365,0.016524717093548674,0,False,Research only; not investment advice.
unconditional_erc,2009-03-31,2009-03-31,2009-04-30,all,0.03682470407059014,0.027373161060864223,0,False,Research only; not investment advice.
unconditional_ew,2009-03-31,2009-03-31,2009-04-30,all,0.08917139376427592,0.02401600165030614,0,False,Research only; not investment advice.
always_calm,2009-03-31,2009-03-31,2009-04-30,calm,0.10249702752240869,0.03163555482317438,0,False,Research only; not investment advice.
k2_vol_corr_erc,2009-04-30,2009-04-30,2009-05-31,stress,0.024684946159264216,0.01405975305940006,0,False,Research only; not investment advice.
k2_vol_corr_ew,2009-04-30,2009-04-30,2009-05-31,stress,0.060297424615423596,0.022767204484005894,0,False,Research only; not investment advice.
k2_vol_corr_spread_erc,2009-04-30,2009-04-30,2009-05-31,stress,0.024684946159264216,0.01405975305940006,0,False,Research only; not investment advice.
k2_vol_corr_spread_ew,2009-04-30,2009-04-30,2009-05-31,stress,0.060297424615423596,0.022767204484005894,0,False,Research only; not investment advice.
unconditional_erc,2009-04-30,2009-04-30,2009-05-31,all,0.027104758681784254,0.041136379592483736,0,False,Research only; not investment advice.
unconditional_ew,2009-04-30,2009-04-30,2009-05-31,all,0.0729674547423307,0.037838784036635584,0,False,Research only; not investment advice.
always_calm,2009-04-30,2009-04-30,2009-05-31,calm,0.06300223079621342,0.04667299663478623,0,False,Research only; not investment advice.
k2_vol_corr_erc,2009-05-31,2009-05-31,2009-06-30,stress,-0.007078233750672914,0.034090211769574066,0,False,Research only; not investment advice.
k2_vol_corr_ew,2009-05-31,2009-05-31,2009-06-30,stress,-0.012762940819273514,0.03082261218313712,0,False,Research only; not investment advice.
k2_vol_corr_spread_erc,2009-05-31,2009-05-31,2009-06-30,stress,-0.007078233750672914,0.034090211769574066,0,False,Research only; not investment advice.
k2_vol_corr_spread_ew,2009-05-31,2009-05-31,2009-06-30,stress,-0.012762940819273514,0.03082261218313712,0,False,Research only; not investment advice.
unconditional_erc,2009-05-31,2009-05-31,2009-06-30,all,-0.0013829487324364558,0.0219959735943525,0,False,Research only; not investment advice.
unconditional_ew,2009-05-31,2009-05-31,2009-06-30,all,-0.0037250621150064266,0.02600251654273081,0,False,Research only; not investment advice.
always_calm,2009-05-31,2009-05-31,2009-06-30,calm,9.528866316850808e-05,0.031938809371191174,0,False,Research only; not investment advice.
k2_vol_corr_erc,2009-06-30,2009-06-30,2009-07-31,stress,0.016856501065494165,0.021485449667387264,0,False,Research only; not investment advice.
k2_vol_corr_ew,2009-06-30,2009-06-30,2009-07-31,stress,0.02903652171602019,0.049190939924374844,0,False,Research only; not investment advice.
k2_vol_corr_spread_erc,2009-06-30,2009-06-30,2009-07-31,stress,0.016856501065494165,0.021485449667387264,0,False,Research only; not investment advice.
k2_vol_corr_spread_ew,2009-06-30,2009-06-30,2009-07-31,stress,0.02903652171602019,0.049190939924374844,0,False,Research only; not investment advice.
unconditional_erc,2009-06-30,2009-06-30,2009-07-31,all,0.029779051415657322,0.009825934817944606,0,False,Research only; not investment advice.
unconditional_ew,2009-06-30,2009-06-30,2009-07-31,all,0.06939342936790471,0.017746449838787183,0,False,Research only; not investment advice.
always_calm,2009-06-30,2009-06-30,2009-07-31,calm,0.07301290828075188,0.00656844668298866,0,False,Research only; not investment advice.
k2_vol_corr_erc,2009-07-31,2009-07-31,2009-08-31,stress,0.013391962810660026,0.014688653259359976,0,False,Research only; not investment advice.
k2_vol_corr_ew,2009-07-31,2009-07-31,2009-08-31,stress,0.020146733323803075,0.014427810409617728,0,False,Research only; not investment advice.
k2_vol_corr_spread_erc,2009-07-31,2009-07-31,2009-08-31,stress,0.013391962810660026,0.014688653259359976,0,False,Research only; not investment advice.
k2_vol_corr_spread_ew,2009-07-31,2009-07-31,2009-08-31,stress,0.020146733323803075,0.014427810409617728,0,False,Research only; not investment advice.
unconditional_erc,2009-07-31,2009-07-31,2009-08-31,all,0.013853372728007685,0.020250139840272137,0,False,Research only; not investment advice.
unconditional_ew,2009-07-31,2009-07-31,2009-08-31,all,0.0284862864213766,0.016107171124551914,0,False,Research only; not investment advice.
always_calm,2009-07-31,2009-07-31,2009-08-31,calm,0.030063791586434168,0.018181597024567158,0,False,Research only; not investment advice.
k2_vol_corr_erc,2009-08-31,2009-08-31,2009-09-30,stress,0.016704182899742213,0.008469711103039592,0,False,Research only; not investment advice.
k2_vol_corr_ew,2009-08-31,2009-08-31,2009-09-30,stress,0.026451380818090668,0.009311378416393335,0,False,Research only; not investment advice.
k2_vol_corr_spread_erc,2009-08-31,2009-08-31,2009-09-30,calm,0.034601422445990626,0.9235262319169999,0,False,Research only; not investment advice.
k2_vol_corr_spread_ew,2009-08-31,2009-08-31,2009-09-30,calm,0.03996509940764912,0.9206349206349207,0,False,Research only; not investment advice.
unconditional_erc,2009-08-31,2009-08-31,2009-09-30,all,0.016763029519201146,0.008587884787458326,0,False,Research only; not investment advice.
unconditional_ew,2009-08-31,2009-08-31,2009-09-30,all,0.03660230206036893,0.011316623085448903,0,False,Research only; not investment advice.
always_calm,2009-08-31,2009-08-31,2009-09-30,calm,0.034601422445990626,0.011483713026297138,0,False,Research only; not investment advice.
k2_vol_corr_erc,2009-09-30,2009-09-30,2009-10-31,calm,-0.028919389536541194,0.9233770193839266,0,True,Research only; not investment advice.
k2_vol_corr_ew,2009-09-30,2009-09-30,2009-10-31,calm,-0.03554923807464013,0.9206349206349207,0,True,Research only; not investment advice.
k2_vol_corr_spread_erc,2009-09-30,2009-09-30,2009-10-31,calm,-0.028919389536541194,0.011257363058066232,0,True,Research only; not investment advice.
k2_vol_corr_spread_ew,2009-09-30,2009-09-30,2009-10-31,calm,-0.03554923807464013,0.009009217384272678,0,True,Research only; not investment advice.
unconditional_erc,2009-09-30,2009-09-30,2009-10-31,all,-0.010506374703564702,0.009607999498068832,0,True,Research only; not investment advice.
unconditional_ew,2009-09-30,2009-09-30,2009-10-31,all,-0.026420820624776076,0.010421671660917075,0,True,Research only; not investment advice.
always_calm,2009-09-30,2009-09-30,2009-10-31,calm,-0.028919389536541194,0.011257363058066232,0,True,Research only; not investment advice.
k2_vol_corr_erc,2009-10-31,2009-10-31,2009-11-30,calm,0.03824042978729036,0.010836437570162913,0,False,Research only; not investment advice.
k2_vol_corr_ew,2009-10-31,2009-10-31,2009-11-30,calm,0.042049270121242065,0.011703396866003045,0,False,Research only; not investment advice.
k2_vol_corr_spread_erc,2009-10-31,2009-10-31,2009-11-30,calm,0.03824042978729036,0.010836437570162913,0,False,Research only; not investment advice.
k2_vol_corr_spread_ew,2009-10-31,2009-10-31,2009-11-30,calm,0.042049270121242065,0.011703396866003045,0,False,Research only; not investment advice.
unconditional_erc,2009-10-31,2009-10-31,2009-11-30,all,0.019157568896813998,0.01094406384960591,0,False,Research only; not investment advice.
unconditional_ew,2009-10-31,2009-10-31,2009-11-30,all,0.04023386208518393,0.01312930270684367,0,False,Research only; not investment advice.
always_calm,2009-10-31,2009-10-31,2009-11-30,calm,0.03824042978729036,0.010836437570162913,0,False,Research only; not investment advice.
k2_vol_corr_erc,2009-11-30,2009-11-30,2009-12-31,calm,0.027015601206528222,0.011470245652855628,0,False,Research only; not investment advice.
k2_vol_corr_ew,2009-11-30,2009-11-30,2009-12-31,calm,0.034426531311496054,0.009010751589115022,0,False,Research only; not investment advice.
k2_vol_corr_spread_erc,2009-11-30,2009-11-30,2009-12-31,calm,0.027015601206528222,0.011470245652855628,0,False,Research only; not investment advice.
k2_vol_corr_spread_ew,2009-11-30,2009-11-30,2009-12-31,calm,0.034426531311496054,0.009010751589115022,0,False,Research only; not investment advice.
unconditional_erc,2009-11-30,2009-11-30,2009-12-31,all,0.005618587448924302,0.01004078120517362,0,False,Research only; not investment advice.
unconditional_ew,2009-11-30,2009-11-30,2009-12-31,all,0.02196555168336757,0.011293228301875291,0,False,Research only; not investment advice.
always_calm,2009-11-30,2009-11-30,2009-12-31,calm,0.027015601206528222,0.011470245652855628,0,False,Research only; not investment advice.
k2_vol_corr_erc,2009-12-31,2009-12-31,2010-01-31,calm,-0.025538596298995905,0.013791044134927224,0,True,Research only; not investment advice.
k2_vol_corr_ew,2009-12-31,2009-12-31,2010-01-31,calm,-0.033284646221633234,0.01295316712626244,0,True,Research only; not investment advice.
k2_vol_corr_spread_erc,2009-12-31,2009-12-31,2010-01-31,calm,-0.025538596298995905,0.013791044134927224,0,True,Research only; not investment advice.
k2_vol_corr_spread_ew,2009-12-31,2009-12-31,2010-01-31,calm,-0.033284646221633234,0.01295316712626244,0,True,Research only; not investment advice.
unconditional_erc,2009-12-31,2009-12-31,2010-01-31,all,-0.008361313059905118,0.010716747464612196,0,True,Research only; not investment advice.
unconditional_ew,2009-12-31,2009-12-31,2010-01-31,all,-0.02824045862434675,0.01464447362518943,0,True,Research only; not investment advice.
always_calm,2009-12-31,2009-12-31,2010-01-31,calm,-0.025538596298995905,0.013791044134927224,0,True,Research only; not investment advice.
k2_vol_corr_erc,2010-01-31,2010-01-31,2010-02-28,calm,0.024676664846648048,0.01254308403372337,0,False,Research only; not investment advice.
k2_vol_corr_ew,2010-01-31,2010-01-31,2010-02-28,calm,0.028347677713352032,0.011369251870052261,0,False,Research only; not investment advice.
k2_vol_corr_spread_erc,2010-01-31,2010-01-31,2010-02-28,calm,0.024676664846648048,0.01254308403372337,0,False,Research only; not investment advice.
k2_vol_corr_spread_ew,2010-01-31,2010-01-31,2010-02-28,calm,0.028347677713352032,0.011369251870052261,0,False,Research only; not investment advice.
unconditional_erc,2010-01-31,2010-01-31,2010-02-28,all,0.010824375953628925,0.011180200480424687,0,False,Research only; not investment advice.
unconditional_ew,2010-01-31,2010-01-31,2010-02-28,all,0.025517169116243264,0.013288601709391978,0,False,Research only; not investment advice.
always_calm,2010-01-31,2010-01-31,2010-02-28,calm,0.024676664846648048,0.01254308403372337,0,False,Research only; not investment advice.
k2_vol_corr_erc,2010-02-28,2010-02-28,2010-03-31,calm,0.05181501206386278,0.010602264621695622,0,False,Research only; not investment advice.
k2_vol_corr_ew,2010-02-28,2010-02-28,2010-03-31,calm,0.059811691441766277,0.009505564064721637,0,False,Research only; not investment advice.
k2_vol_corr_spread_erc,2010-02-28,2010-02-28,2010-03-31,calm,0.05181501206386278,0.010602264621695622,0,False,Research only; not investment advice.
k2_vol_corr_spread_ew,2010-02-28,2010-02-28,2010-03-31,calm,0.059811691441766277,0.009505564064721637,0,False,Research only; not investment advice.
unconditional_erc,2010-02-28,2010-02-28,2010-03-31,all,0.019358929436365444,0.018220085360267285,0,False,Research only; not investment advice.
unconditional_ew,2010-02-28,2010-02-28,2010-03-31,all,0.04805825330859578,0.01741166710688331,0,False,Research only; not investment advice.
always_calm,2010-02-28,2010-02-28,2010-03-31,calm,0.05181501206386278,0.010602264621695622,0,False,Research only; not investment advice.
k2_vol_corr_erc,2010-03-31,2010-03-31,2010-04-30,calm,0.016662124280187304,0.013248805072408679,0,False,Research only; not investment advice.
k2_vol_corr_ew,2010-03-31,2010-03-31,2010-04-30,calm,0.018872324891493014,0.007955946214125164,0,False,Research only; not investment advice.
k2_vol_corr_spread_erc,2010-03-31,2010-03-31,2010-04-30,calm,0.016662124280187304,0.013248805072408679,0,False,Research only; not investment advice.
k2_vol_corr_spread_ew,2010-03-31,2010-03-31,2010-04-30,calm,0.018872324891493014,0.007955946214125164,0,False,Research only; not investment advice.
unconditional_erc,2010-03-31,2010-03-31,2010-04-30,all,0.009456341635127112,0.01590359980001292,0,False,Research only; not investment advice.
unconditional_ew,2010-03-31,2010-03-31,2010-04-30,all,0.019257748083619016,0.013787494725433183,0,False,Research only; not investment advice.
always_calm,2010-03-31,2010-03-31,2010-04-30,calm,0.016662124280187304,0.013248805072408679,0,False,Research only; not investment advice.
k2_vol_corr_erc,2010-04-30,2010-04-30,2010-05-31,calm,-0.06749809702695585,0.01132327839109154,0,True,Research only; not investment advice.
k2_vol_corr_ew,2010-04-30,2010-04-30,2010-05-31,calm,-0.08100445063950304,0.011458612069329088,0,True,Research only; not investment advice.
k2_vol_corr_spread_erc,2010-04-30,2010-04-30,2010-05-31,calm,-0.06749809702695585,0.01132327839109154,0,True,Research only; not investment advice.
k2_vol_corr_spread_ew,2010-04-30,2010-04-30,2010-05-31,calm,-0.08100445063950304,0.011458612069329088,0,True,Research only; not investment advice.
unconditional_erc,2010-04-30,2010-04-30,2010-05-31,all,-0.024097513434604166,0.006337975949218783,0,True,Research only; not investment advice.
unconditional_ew,2010-04-30,2010-04-30,2010-05-31,all,-0.0656820601509349,0.010742062064480189,0,True,Research only; not investment advice.
always_calm,2010-04-30,2010-04-30,2010-05-31,calm,-0.06749809702695585,0.01132327839109154,0,True,Research only; not investment advice.
k2_vol_corr_erc,2010-05-31,2010-05-31,2010-06-30,calm,-0.037282654454101324,0.012507573038346487,0,True,Research only; not investment advice.
k2_vol_corr_ew,2010-05-31,2010-05-31,2010-06-30,calm,-0.04504768282127469,0.01072594385231574,0,True,Research only; not investment advice.
k2_vol_corr_spread_erc,2010-05-31,2010-05-31,2010-06-30,calm,-0.037282654454101324,0.012507573038346487,0,True,Research only; not investment advice.
k2_vol_corr_spread_ew,2010-05-31,2010-05-31,2010-06-30,calm,-0.04504768282127469,0.01072594385231574,0,True,Research only; not investment advice.
unconditional_erc,2010-05-31,2010-05-31,2010-06-30,all,-0.010870482655422795,0.015552584303159873,0,True,Research only; not investment advice.
unconditional_ew,2010-05-31,2010-05-31,2010-06-30,all,-0.03265049865738554,0.019997862397275773,0,True,Research only; not investment advice.
always_calm,2010-05-31,2010-05-31,2010-06-30,calm,-0.037282654454101324,0.012507573038346487,0,True,Research only; not investment advice.
k2_vol_corr_erc,2010-06-30,2010-06-30,2010-07-31,calm,0.06272271722456499,0.011466961891204497,0,False,Research only; not investment advice.
k2_vol_corr_ew,2010-06-30,2010-06-30,2010-07-31,calm,0.07336205123995579,0.012247724701853589,0,False,Research only; not investment advice.
k2_vol_corr_spread_erc,2010-06-30,2010-06-30,2010-07-31,calm,0.06272271722456499,0.011466961891204497,0,False,Research only; not investment advice.
k2_vol_corr_spread_ew,2010-06-30,2010-06-30,2010-07-31,calm,0.07336205123995579,0.012247724701853589,0,False,Research only; not investment advice.
unconditional_erc,2010-06-30,2010-06-30,2010-07-31,all,0.024370058339708418,0.011518219701699658,0,False,Research only; not investment advice.
unconditional_ew,2010-06-30,2010-06-30,2010-07-31,all,0.058486095921060174,0.015718928569588744,0,False,Research only; not investment advice.
always_calm,2010-06-30,2010-06-30,2010-07-31,calm,0.06272271722456499,0.011466961891204497,0,False,Research only; not investment advice.
k2_vol_corr_erc,2010-07-31,2010-07-31,2010-08-31,calm,-0.04144036857892501,0.015610572663769497,0,True,Research only; not investment advice.
k2_vol_corr_ew,2010-07-31,2010-07-31,2010-08-31,calm,-0.052241868471462075,0.009007717880304307,0,True,Research only; not investment advice.
k2_vol_corr_spread_erc,2010-07-31,2010-07-31,2010-08-31,calm,-0.04144036857892501,0.015610572663769497,0,True,Research only; not investment advice.
k2_vol_corr_spread_ew,2010-07-31,2010-07-31,2010-08-31,calm,-0.052241868471462075,0.009007717880304307,0,True,Research only; not investment advice.
unconditional_erc,2010-07-31,2010-07-31,2010-08-31,all,-0.011217681011310368,0.021166772778488635,0,True,Research only; not investment advice.
unconditional_ew,2010-07-31,2010-07-31,2010-08-31,all,-0.037768890322098146,0.014322248637421285,0,True,Research only; not investment advice.
always_calm,2010-07-31,2010-07-31,2010-08-31,calm,-0.04144036857892501,0.015610572663769497,0,True,Research only; not investment advice.
k2_vol_corr_erc,2010-08-31,2010-08-31,2010-09-30,calm,0.0780078555666423,0.00854965585442908,0,False,Research only; not investment advice.
k2_vol_corr_ew,2010-08-31,2010-08-31,2010-09-30,calm,0.09335753186238503,0.010190631111726953,0,False,Research only; not investment advice.
k2_vol_corr_spread_erc,2010-08-31,2010-08-31,2010-09-30,calm,0.0780078555666423,0.00854965585442908,0,False,Research only; not investment advice.
k2_vol_corr_spread_ew,2010-08-31,2010-08-31,2010-09-30,calm,0.09335753186238503,0.010190631111726953,0,False,Research only; not investment advice.
unconditional_erc,2010-08-31,2010-08-31,2010-09-30,all,0.029328736841536057,0.01720555002291497,0,False,Research only; not investment advice.
unconditional_ew,2010-08-31,2010-08-31,2010-09-30,all,0.0785874725458408,0.015099654628962842,0,False,Research only; not investment advice.
always_calm,2010-08-31,2010-08-31,2010-09-30,calm,0.0780078555666423,0.00854965585442908,0,False,Research only; not investment advice.
k2_vol_corr_erc,2010-09-30,2010-09-30,2010-10-31,calm,0.027973205618098636,0.02111627749674927,0,False,Research only; not investment advice.
k2_vol_corr_ew,2010-09-30,2010-09-30,2010-10-31,calm,0.031860068660023104,0.010738417264323964,0,False,Research only; not investment advice.
k2_vol_corr_spread_erc,2010-09-30,2010-09-30,2010-10-31,calm,0.027973205618098636,0.02111627749674927,0,False,Research only; not investment advice.
k2_vol_corr_spread_ew,2010-09-30,2010-09-30,2010-10-31,calm,0.031860068660023104,0.010738417264323964,0,False,Research only; not investment advice.
unconditional_erc,2010-09-30,2010-09-30,2010-10-31,all,0.011071051553046643,0.025084257448845904,0,False,Research only; not investment advice.
unconditional_ew,2010-09-30,2010-09-30,2010-10-31,all,0.02811108014378293,0.016814945659991653,0,False,Research only; not investment advice.
always_calm,2010-09-30,2010-09-30,2010-10-31,calm,0.027973205618098636,0.02111627749674927,0,False,Research only; not investment advice.
k2_vol_corr_erc,2010-10-31,2010-10-31,2010-11-30,calm,-0.00015872085889966184,0.00875231933803199,0,False,Research only; not investment advice.
k2_vol_corr_ew,2010-10-31,2010-10-31,2010-11-30,calm,-0.0002733822399125628,0.006785879829091597,0,False,Research only; not investment advice.
k2_vol_corr_spread_erc,2010-10-31,2010-10-31,2010-11-30,calm,-0.00015872085889966184,0.00875231933803199,0,False,Research only; not investment advice.
k2_vol_corr_spread_ew,2010-10-31,2010-10-31,2010-11-30,calm,-0.0002733822399125628,0.006785879829091597,0,False,Research only; not investment advice.
unconditional_erc,2010-10-31,2010-10-31,2010-11-30,all,-0.0021124913107521113,0.01661847860683279,0,False,Research only; not investment advice.
unconditional_ew,2010-10-31,2010-10-31,2010-11-30,all,6.333361689556333e-05,0.008905411478531968,0,False,Research only; not investment advice.
always_calm,2010-10-31,2010-10-31,2010-11-30,calm,-0.00015872085889966184,0.00875231933803199,0,False,Research only; not investment advice.
k2_vol_corr_erc,2010-11-30,2010-11-30,2010-12-31,calm,0.03965866498354012,0.35700834706033696,0,False,Research only; not investment advice.
k2_vol_corr_ew,2010-11-30,2010-11-30,2010-12-31,calm,0.07058158352425065,0.07515316966467372,0,False,Research only; not investment advice.
k2_vol_corr_spread_erc,2010-11-30,2010-11-30,2010-12-31,calm,0.03965866498354012,0.35700834706033696,0,False,Research only; not investment advice.
k2_vol_corr_spread_ew,2010-11-30,2010-11-30,2010-12-31,calm,0.07058158352425065,0.07515316966467372,0,False,Research only; not investment advice.
unconditional_erc,2010-11-30,2010-11-30,2010-12-31,all,0.015445791267039101,0.15079020681959615,0,False,Research only; not investment advice.
unconditional_ew,2010-11-30,2010-11-30,2010-12-31,all,0.05805349070923591,0.060283107695176016,0,False,Research only; not investment advice.
always_calm,2010-11-30,2010-11-30,2010-12-31,calm,0.03965866498354012,0.35700834706033696,0,False,Research only; not investment advice.
k2_vol_corr_erc,2010-12-31,2010-12-31,2011-01-31,calm,0.01078549203138145,0.05025169826211181,0,False,Research only; not investment advice.
k2_vol_corr_ew,2010-12-31,2010-12-31,2011-01-31,calm,0.015141189298908673,0.019399357545089344,0,False,Research only; not investment advice.
k2_vol_corr_spread_erc,2010-12-31,2010-12-31,2011-01-31,calm,0.01078549203138145,0.05025169826211181,0,False,Research only; not investment advice.
k2_vol_corr_spread_ew,2010-12-31,2010-12-31,2011-01-31,calm,0.015141189298908673,0.019399357545089344,0,False,Research only; not investment advice.
unconditional_erc,2010-12-31,2010-12-31,2011-01-31,all,0.0037584432182419226,0.03115984924150103,0,False,Research only; not investment advice.
unconditional_ew,2010-12-31,2010-12-31,2011-01-31,all,0.009516794333526231,0.023215041400845668,0,False,Research only; not investment advice.
always_calm,2010-12-31,2010-12-31,2011-01-31,calm,0.01078549203138145,0.05025169826211181,0,False,Research only; not investment advice.
k2_vol_corr_erc,2011-01-31,2011-01-31,2011-02-28,calm,0.0213209515572281,0.015631289705697764,0,False,Research only; not investment advice.
k2_vol_corr_ew,2011-01-31,2011-01-31,2011-02-28,calm,0.03255209502817161,0.016590999995755102,0,False,Research only; not investment advice.
k2_vol_corr_spread_erc,2011-01-31,2011-01-31,2011-02-28,calm,0.0213209515572281,0.015631289705697764,0,False,Research only; not investment advice.
k2_vol_corr_spread_ew,2011-01-31,2011-01-31,2011-02-28,calm,0.03255209502817161,0.016590999995755102,0,False,Research only; not investment advice.
unconditional_erc,2011-01-31,2011-01-31,2011-02-28,all,0.010488740793027305,0.059232243592490186,0,False,Research only; not investment advice.
unconditional_ew,2011-01-31,2011-01-31,2011-02-28,all,0.03146148724685069,0.025456226581587353,0,False,Research only; not investment advice.
always_calm,2011-01-31,2011-01-31,2011-02-28,calm,0.0213209515572281,0.015631289705697764,0,False,Research only; not investment advice.
k2_vol_corr_erc,2011-02-28,2011-02-28,2011-03-31,calm,0.0013426132542732813,0.00940219328725711,0,False,Research only; not investment advice.
k2_vol_corr_ew,2011-02-28,2011-02-28,2011-03-31,calm,0.004420064509435127,0.00695800839563462,0,False,Research only; not investment advice.
k2_vol_corr_spread_erc,2011-02-28,2011-02-28,2011-03-31,calm,0.0013426132542732813,0.00940219328725711,0,False,Research only; not investment advice.
k2_vol_corr_spread_ew,2011-02-28,2011-02-28,2011-03-31,calm,0.004420064509435127,0.00695800839563462,0,False,Research only; not investment advice.
unconditional_erc,2011-02-28,2011-02-28,2011-03-31,all,0.0005527319594439294,0.010684795026561882,0,False,Research only; not investment advice.
unconditional_ew,2011-02-28,2011-02-28,2011-03-31,all,0.005836646298375807,0.008674012169159811,0,False,Research only; not investment advice.
always_calm,2011-02-28,2011-02-28,2011-03-31,calm,0.0013426132542732813,0.00940219328725711,0,False,Research only; not investment advice.
k2_vol_corr_erc,2011-03-31,2011-03-31,2011-04-30,calm,0.026197233534361857,0.007845228852059277,0,False,Research only; not investment advice.
k2_vol_corr_ew,2011-03-31,2011-03-31,2011-04-30,calm,0.03495115006871113,0.0101495591244367,0,False,Research only; not investment advice.
k2_vol_corr_spread_erc,2011-03-31,2011-03-31,2011-04-30,calm,0.026197233534361857,0.007845228852059277,0,False,Research only; not investment advice.
k2_vol_corr_spread_ew,2011-03-31,2011-03-31,2011-04-30,calm,0.03495115006871113,0.0101495591244367,0,False,Research only; not investment advice.
unconditional_erc,2011-03-31,2011-03-31,2011-04-30,all,0.013931501117572792,0.019170923731922595,0,False,Research only; not investment advice.
unconditional_ew,2011-03-31,2011-03-31,2011-04-30,all,0.03669991049775811,0.010228555649260656,0,False,Research only; not investment advice.
always_calm,2011-03-31,2011-03-31,2011-04-30,calm,0.026197233534361857,0.007845228852059277,0,False,Research only; not investment advice.
k2_vol_corr_erc,2011-04-30,2011-04-30,2011-05-31,calm,-0.005409757692061897,0.01238497522754373,0,False,Research only; not investment advice.
k2_vol_corr_ew,2011-04-30,2011-04-30,2011-05-31,calm,-0.016222077621302334,0.008185015205699177,0,False,Research only; not investment advice.
k2_vol_corr_spread_erc,2011-04-30,2011-04-30,2011-05-31,calm,-0.005409757692061897,0.01238497522754373,0,False,Research only; not investment advice.
k2_vol_corr_spread_ew,2011-04-30,2011-04-30,2011-05-31,calm,-0.016222077621302334,0.008185015205699177,0,False,Research only; not investment advice.
unconditional_erc,2011-04-30,2011-04-30,2011-05-31,all,-0.0011809880254342788,0.013401242676830924,0,False,Research only; not investment advice.
unconditional_ew,2011-04-30,2011-04-30,2011-05-31,all,-0.015985127301585127,0.010322405446450971,0,False,Research only; not investment advice.
always_calm,2011-04-30,2011-04-30,2011-05-31,calm,-0.005409757692061897,0.01238497522754373,0,False,Research only; not investment advice.
k2_vol_corr_erc,2011-05-31,2011-05-31,2011-06-30,calm,-0.011855452185456694,0.008604034191723639,0,False,Research only; not investment advice.
k2_vol_corr_ew,2011-05-31,2011-05-31,2011-06-30,calm,-0.01735982272254602,0.006536507182415779,0,False,Research only; not investment advice.
k2_vol_corr_spread_erc,2011-05-31,2011-05-31,2011-06-30,calm,-0.011855452185456694,0.008604034191723639,0,False,Research only; not investment advice.
k2_vol_corr_spread_ew,2011-05-31,2011-05-31,2011-06-30,calm,-0.01735982272254602,0.006536507182415779,0,False,Research only; not investment advice.
unconditional_erc,2011-05-31,2011-05-31,2011-06-30,all,-0.005399363958025014,0.005891954740222017,0,False,Research only; not investment advice.
unconditional_ew,2011-05-31,2011-05-31,2011-06-30,all,-0.017747995745510437,0.009104933819303374,0,False,Research only; not investment advice.
always_calm,2011-05-31,2011-05-31,2011-06-30,calm,-0.011855452185456694,0.008604034191723639,0,False,Research only; not investment advice.
k2_vol_corr_erc,2011-06-30,2011-06-30,2011-07-31,calm,-0.007667229719036483,0.025151280825215432,0,False,Research only; not investment advice.
k2_vol_corr_ew,2011-06-30,2011-06-30,2011-07-31,calm,-0.02080861472045736,0.01564719095359968,0,False,Research only; not investment advice.
k2_vol_corr_spread_erc,2011-06-30,2011-06-30,2011-07-31,calm,-0.007667229719036483,0.025151280825215432,0,False,Research only; not investment advice.
k2_vol_corr_spread_ew,2011-06-30,2011-06-30,2011-07-31,calm,-0.02080861472045736,0.01564719095359968,0,False,Research only; not investment advice.
unconditional_erc,2011-06-30,2011-06-30,2011-07-31,all,0.0009428140950145311,0.017428611743033486,0,False,Research only; not investment advice.
unconditional_ew,2011-06-30,2011-06-30,2011-07-31,all,-0.008938889602587013,0.024494865206590284,0,False,Research only; not investment advice.
always_calm,2011-06-30,2011-06-30,2011-07-31,calm,-0.007667229719036483,0.025151280825215432,0,False,Research only; not investment advice.
k2_vol_corr_erc,2011-07-31,2011-07-31,2011-08-31,calm,-0.03636508096804418,0.044309496959602526,0,True,Research only; not investment advice.
k2_vol_corr_ew,2011-07-31,2011-07-31,2011-08-31,calm,-0.06391753018869653,0.01672362443660119,0,True,Research only; not investment advice.
k2_vol_corr_spread_erc,2011-07-31,2011-07-31,2011-08-31,calm,-0.03636508096804418,0.044309496959602526,0,True,Research only; not investment advice.
k2_vol_corr_spread_ew,2011-07-31,2011-07-31,2011-08-31,calm,-0.06391753018869653,0.01672362443660119,0,True,Research only; not investment advice.
unconditional_erc,2011-07-31,2011-07-31,2011-08-31,all,-0.009140490710149291,0.022455736190016704,0,True,Research only; not investment advice.
unconditional_ew,2011-07-31,2011-07-31,2011-08-31,all,-0.04420192222156031,0.01887719322088269,0,True,Research only; not investment advice.
always_calm,2011-07-31,2011-07-31,2011-08-31,calm,-0.03636508096804418,0.044309496959602526,0,True,Research only; not investment advice.
k2_vol_corr_erc,2011-08-31,2011-08-31,2011-09-30,calm,-0.057931062556748236,0.01977068699917279,0,True,Research only; not investment advice.
k2_vol_corr_ew,2011-08-31,2011-08-31,2011-09-30,calm,-0.08685662242911177,0.013609213275784961,0,True,Research only; not investment advice.
k2_vol_corr_spread_erc,2011-08-31,2011-08-31,2011-09-30,calm,-0.057931062556748236,0.01977068699917279,0,True,Research only; not investment advice.
k2_vol_corr_spread_ew,2011-08-31,2011-08-31,2011-09-30,calm,-0.08685662242911177,0.013609213275784961,0,True,Research only; not investment advice.
unconditional_erc,2011-08-31,2011-08-31,2011-09-30,all,-0.02298369892635498,0.02987987235270211,0,True,Research only; not investment advice.
unconditional_ew,2011-08-31,2011-08-31,2011-09-30,all,-0.07835351449786476,0.02672091663624212,0,True,Research only; not investment advice.
always_calm,2011-08-31,2011-08-31,2011-09-30,calm,-0.057931062556748236,0.01977068699917279,0,True,Research only; not investment advice.
k2_vol_corr_erc,2011-09-30,2011-09-30,2011-10-31,calm,0.0766698072139568,0.09555345139171545,0,False,Research only; not investment advice.
k2_vol_corr_ew,2011-09-30,2011-09-30,2011-10-31,calm,0.10569312846815103,0.054859994561802586,0,False,Research only; not investment advice.
k2_vol_corr_spread_erc,2011-09-30,2011-09-30,2011-10-31,calm,0.0766698072139568,0.09555345139171545,0,False,Research only; not investment advice.
k2_vol_corr_spread_ew,2011-09-30,2011-09-30,2011-10-31,calm,0.10569312846815103,0.054859994561802586,0,False,Research only; not investment advice.
unconditional_erc,2011-09-30,2011-09-30,2011-10-31,all,0.024517959314258993,0.11406557513897471,0,False,Research only; not investment advice.
unconditional_ew,2011-09-30,2011-09-30,2011-10-31,all,0.0908354264418265,0.04824895343141622,0,False,Research only; not investment advice.
always_calm,2011-09-30,2011-09-30,2011-10-31,calm,0.0766698072139568,0.09555345139171545,0,False,Research only; not investment advice.
k2_vol_corr_erc,2011-10-31,2011-10-31,2011-11-30,calm,-0.009485634676624995,0.03959061855051713,0,False,Research only; not investment advice.
k2_vol_corr_ew,2011-10-31,2011-10-31,2011-11-30,calm,-0.011369205511136092,0.01509787600861398,0,False,Research only; not investment advice.
k2_vol_corr_spread_erc,2011-10-31,2011-10-31,2011-11-30,calm,-0.009485634676624995,0.03959061855051713,0,False,Research only; not investment advice.
k2_vol_corr_spread_ew,2011-10-31,2011-10-31,2011-11-30,calm,-0.011369205511136092,0.01509787600861398,0,False,Research only; not investment advice.
unconditional_erc,2011-10-31,2011-10-31,2011-11-30,all,-0.002352130251269068,0.06072193103883049,0,False,Research only; not investment advice.
unconditional_ew,2011-10-31,2011-10-31,2011-11-30,all,-0.008873696032529157,0.021524082787895513,0,False,Research only; not investment advice.
always_calm,2011-10-31,2011-10-31,2011-11-30,calm,-0.009485634676624995,0.03959061855051713,0,False,Research only; not investment advice.
k2_vol_corr_erc,2011-11-30,2011-11-30,2011-12-31,calm,0.004765146034950175,0.03577876707239318,0,False,Research only; not investment advice.
k2_vol_corr_ew,2011-11-30,2011-11-30,2011-12-31,calm,0.00028497852490876497,0.007195801879983594,0,False,Research only; not investment advice.
k2_vol_corr_spread_erc,2011-11-30,2011-11-30,2011-12-31,calm,0.004765146034950175,0.03577876707239318,0,False,Research only; not investment advice.
k2_vol_corr_spread_ew,2011-11-30,2011-11-30,2011-12-31,calm,0.00028497852490876497,0.007195801879983594,0,False,Research only; not investment advice.
unconditional_erc,2011-11-30,2011-11-30,2011-12-31,all,0.0011839460995619832,0.11399236895759474,0,False,Research only; not investment advice.
unconditional_ew,2011-11-30,2011-11-30,2011-12-31,all,-0.0030322595444474366,0.007813784757207792,0,False,Research only; not investment advice.
always_calm,2011-11-30,2011-11-30,2011-12-31,calm,0.004765146034950175,0.03577876707239318,0,False,Research only; not investment advice.
k2_vol_corr_erc,2011-12-31,2011-12-31,2012-01-31,calm,0.03791627949985676,0.031847263023563395,0,False,Research only; not investment advice.
k2_vol_corr_ew,2011-12-31,2011-12-31,2012-01-31,calm,0.05104298150093833,0.009868880169229231,0,False,Research only; not investment advice.
k2_vol_corr_spread_erc,2011-12-31,2011-12-31,2012-01-31,calm,0.03791627949985676,0.031847263023563395,0,False,Research only; not investment advice.
k2_vol_corr_spread_ew,2011-12-31,2011-12-31,2012-01-31,calm,0.05104298150093833,0.009868880169229231,0,False,Research only; not investment advice.
unconditional_erc,2011-12-31,2011-12-31,2012-01-31,all,0.011003362727866848,0.038807600125131875,0,False,Research only; not investment advice.
unconditional_ew,2011-12-31,2011-12-31,2012-01-31,all,0.0476413600246399,0.01899290818197542,0,False,Research only; not investment advice.
always_calm,2011-12-31,2011-12-31,2012-01-31,calm,0.03791627949985676,0.031847263023563395,0,False,Research only; not investment advice.
k2_vol_corr_erc,2012-01-31,2012-01-31,2012-02-29,calm,0.027965395259130835,0.03322188684056332,0,False,Research only; not investment advice.
k2_vol_corr_ew,2012-01-31,2012-01-31,2012-02-29,calm,0.037747058168723306,0.029743142795953068,0,False,Research only; not investment advice.
k2_vol_corr_spread_erc,2012-01-31,2012-01-31,2012-02-29,stress,0.0026384431332535365,0.9377909048423474,0,False,Research only; not investment advice.
k2_vol_corr_spread_ew,2012-01-31,2012-01-31,2012-02-29,stress,0.014716123125506946,0.9217048187816695,0,False,Research only; not investment advice.
unconditional_erc,2012-01-31,2012-01-31,2012-02-29,all,0.00557408570411708,0.09039116550083841,0,False,Research only; not investment advice.
unconditional_ew,2012-01-31,2012-01-31,2012-02-29,all,0.03116929905914108,0.02641625488933682,0,False,Research only; not investment advice.
always_calm,2012-01-31,2012-01-31,2012-02-29,calm,0.027965395259130835,0.03322188684056332,0,False,Research only; not investment advice.
k2_vol_corr_erc,2012-02-29,2012-02-29,2012-03-31,calm,0.008985725912100458,0.02192377948084628,0,False,Research only; not investment advice.
k2_vol_corr_ew,2012-02-29,2012-02-29,2012-03-31,calm,0.009221513056274212,0.007543072495618285,0,False,Research only; not investment advice.
k2_vol_corr_spread_erc,2012-02-29,2012-02-29,2012-03-31,calm,0.008985725912100458,0.9356454219609757,0,False,Research only; not investment advice.
k2_vol_corr_spread_ew,2012-02-29,2012-02-29,2012-03-31,calm,0.009221513056274212,0.9230769230769231,0,False,Research only; not investment advice.
unconditional_erc,2012-02-29,2012-02-29,2012-03-31,all,0.0008277283653657327,0.017466754549263965,0,False,Research only; not investment advice.
unconditional_ew,2012-02-29,2012-02-29,2012-03-31,all,0.004059708511908913,0.010624260041529688,0,False,Research only; not investment advice.
always_calm,2012-02-29,2012-02-29,2012-03-31,calm,0.008985725912100458,0.02192377948084628,0,False,Research only; not investment advice.
k2_vol_corr_erc,2012-03-31,2012-03-31,2012-04-30,calm,-0.004841055876688252,0.008473847375921946,0,False,Research only; not investment advice.
k2_vol_corr_ew,2012-03-31,2012-03-31,2012-04-30,calm,-0.010689721343568723,0.012836603537134297,0,False,Research only; not investment advice.
k2_vol_corr_spread_erc,2012-03-31,2012-03-31,2012-04-30,calm,-0.004841055876688252,0.008473847375921946,0,False,Research only; not investment advice.
k2_vol_corr_spread_ew,2012-03-31,2012-03-31,2012-04-30,calm,-0.010689721343568723,0.012836603537134297,0,False,Research only; not investment advice.
unconditional_erc,2012-03-31,2012-03-31,2012-04-30,all,0.00018357759610545057,0.03799726065143238,0,False,Research only; not investment advice.
unconditional_ew,2012-03-31,2012-03-31,2012-04-30,all,-0.007470459776200174,0.012942166985354567,0,False,Research only; not investment advice.
always_calm,2012-03-31,2012-03-31,2012-04-30,calm,-0.004841055876688252,0.008473847375921946,0,False,Research only; not investment advice.
k2_vol_corr_erc,2012-04-30,2012-04-30,2012-05-31,calm,-0.04671040211725749,0.019703771298691254,0,True,Research only; not investment advice.
k2_vol_corr_ew,2012-04-30,2012-04-30,2012-05-31,calm,-0.06606250366900071,0.0065453067999185046,0,True,Research only; not investment advice.
k2_vol_corr_spread_erc,2012-04-30,2012-04-30,2012-05-31,calm,-0.04671040211725749,0.019703771298691254,0,True,Research only; not investment advice.
k2_vol_corr_spread_ew,2012-04-30,2012-04-30,2012-05-31,calm,-0.06606250366900071,0.0065453067999185046,0,True,Research only; not investment advice.
unconditional_erc,2012-04-30,2012-04-30,2012-05-31,all,-0.008714777513430931,0.00994922462880626,0,True,Research only; not investment advice.
unconditional_ew,2012-04-30,2012-04-30,2012-05-31,all,-0.05725792319583646,0.007088940293809078,0,True,Research only; not investment advice.
always_calm,2012-04-30,2012-04-30,2012-05-31,calm,-0.04671040211725749,0.019703771298691254,0,True,Research only; not investment advice.
k2_vol_corr_erc,2012-05-31,2012-05-31,2012-06-30,calm,0.028820705694689024,0.01821839695463065,0,False,Research only; not investment advice.
k2_vol_corr_ew,2012-05-31,2012-05-31,2012-06-30,calm,0.0372051093192504,0.015637466104254982,0,False,Research only; not investment advice.
k2_vol_corr_spread_erc,2012-05-31,2012-05-31,2012-06-30,calm,0.028820705694689024,0.01821839695463065,0,False,Research only; not investment advice.
k2_vol_corr_spread_ew,2012-05-31,2012-05-31,2012-06-30,calm,0.0372051093192504,0.015637466104254982,0,False,Research only; not investment advice.
unconditional_erc,2012-05-31,2012-05-31,2012-06-30,all,0.005190831886497071,0.016081417201421172,0,False,Research only; not investment advice.
unconditional_ew,2012-05-31,2012-05-31,2012-06-30,all,0.031167491482073626,0.020226594879926823,0,False,Research only; not investment advice.
always_calm,2012-05-31,2012-05-31,2012-06-30,calm,0.028820705694689024,0.01821839695463065,0,False,Research only; not investment advice.
k2_vol_corr_erc,2012-06-30,2012-06-30,2012-07-31,calm,0.0069225928726636635,0.021179841184011113,0,False,Research only; not investment advice.
k2_vol_corr_ew,2012-06-30,2012-06-30,2012-07-31,calm,0.004722122317327141,0.020872275401388068,0,False,Research only; not investment advice.
k2_vol_corr_spread_erc,2012-06-30,2012-06-30,2012-07-31,calm,0.0069225928726636635,0.021179841184011113,0,False,Research only; not investment advice.
k2_vol_corr_spread_ew,2012-06-30,2012-06-30,2012-07-31,calm,0.004722122317327141,0.020872275401388068,0,False,Research only; not investment advice.
unconditional_erc,2012-06-30,2012-06-30,2012-07-31,all,0.0028707233414315813,0.021544265689141803,0,False,Research only; not investment advice.
unconditional_ew,2012-06-30,2012-06-30,2012-07-31,all,0.008714549732215892,0.01994760292335501,0,False,Research only; not investment advice.
always_calm,2012-06-30,2012-06-30,2012-07-31,calm,0.0069225928726636635,0.021179841184011113,0,False,Research only; not investment advice.
k2_vol_corr_erc,2012-07-31,2012-07-31,2012-08-31,calm,0.019453623696440853,0.011823483779919364,0,False,Research only; not investment advice.
k2_vol_corr_ew,2012-07-31,2012-07-31,2012-08-31,calm,0.025613919960056724,0.007860278865904635,0,False,Research only; not investment advice.
k2_vol_corr_spread_erc,2012-07-31,2012-07-31,2012-08-31,calm,0.019453623696440853,0.011823483779919364,0,False,Research only; not investment advice.
k2_vol_corr_spread_ew,2012-07-31,2012-07-31,2012-08-31,calm,0.025613919960056724,0.007860278865904635,0,False,Research only; not investment advice.
unconditional_erc,2012-07-31,2012-07-31,2012-08-31,all,0.004176178716862685,0.0171445751624631,0,False,Research only; not investment advice.
unconditional_ew,2012-07-31,2012-07-31,2012-08-31,all,0.025023663957142395,0.008387439098121459,0,False,Research only; not investment advice.
always_calm,2012-07-31,2012-07-31,2012-08-31,calm,0.019453623696440853,0.011823483779919364,0,False,Research only; not investment advice.
k2_vol_corr_erc,2012-08-31,2012-08-31,2012-09-30,calm,0.016553765906209546,0.00916379455516497,0,False,Research only; not investment advice.
k2_vol_corr_ew,2012-08-31,2012-08-31,2012-09-30,calm,0.02067349789652877,0.009476577483866431,0,False,Research only; not investment advice.
k2_vol_corr_spread_erc,2012-08-31,2012-08-31,2012-09-30,calm,0.016553765906209546,0.00916379455516497,0,False,Research only; not investment advice.
k2_vol_corr_spread_ew,2012-08-31,2012-08-31,2012-09-30,calm,0.02067349789652877,0.009476577483866431,0,False,Research only; not investment advice.
unconditional_erc,2012-08-31,2012-08-31,2012-09-30,all,0.003158638851765514,0.025446977142235077,0,False,Research only; not investment advice.
unconditional_ew,2012-08-31,2012-08-31,2012-09-30,all,0.017925691999338265,0.010937653334400617,0,False,Research only; not investment advice.
always_calm,2012-08-31,2012-08-31,2012-09-30,calm,0.016553765906209546,0.00916379455516497,0,False,Research only; not investment advice.
k2_vol_corr_erc,2012-09-30,2012-09-30,2012-10-31,calm,-0.0065619437554860875,0.006931353374414258,0,False,Research only; not investment advice.
k2_vol_corr_ew,2012-09-30,2012-09-30,2012-10-31,calm,-0.010192845996929482,0.007548201059593397,0,False,Research only; not investment advice.
k2_vol_corr_spread_erc,2012-09-30,2012-09-30,2012-10-31,calm,-0.0065619437554860875,0.006931353374414258,0,False,Research only; not investment advice.
k2_vol_corr_spread_ew,2012-09-30,2012-09-30,2012-10-31,calm,-0.010192845996929482,0.007548201059593397,0,False,Research only; not investment advice.
unconditional_erc,2012-09-30,2012-09-30,2012-10-31,all,-0.0015078184882089587,0.012885207331184962,0,False,Research only; not investment advice.
unconditional_ew,2012-09-30,2012-09-30,2012-10-31,all,-0.011356477137419396,0.03249562641174009,0,False,Research only; not investment advice.
always_calm,2012-09-30,2012-09-30,2012-10-31,calm,-0.0065619437554860875,0.006931353374414258,0,False,Research only; not investment advice.
k2_vol_corr_erc,2012-10-31,2012-10-31,2012-11-30,calm,0.007844113537793499,0.09524228109138293,0,False,Research only; not investment advice.
k2_vol_corr_ew,2012-10-31,2012-10-31,2012-11-30,calm,0.010665447046735279,0.03817494191146946,0,False,Research only; not investment advice.
k2_vol_corr_spread_erc,2012-10-31,2012-10-31,2012-11-30,calm,0.007844113537793499,0.09524228109138293,0,False,Research only; not investment advice.
k2_vol_corr_spread_ew,2012-10-31,2012-10-31,2012-11-30,calm,0.010665447046735279,0.03817494191146946,0,False,Research only; not investment advice.
unconditional_erc,2012-10-31,2012-10-31,2012-11-30,all,0.0018114030877833499,0.023319472137133437,0,False,Research only; not investment advice.
unconditional_ew,2012-10-31,2012-10-31,2012-11-30,all,0.009234800345289755,0.03042974675237406,0,False,Research only; not investment advice.
always_calm,2012-10-31,2012-10-31,2012-11-30,calm,0.007844113537793499,0.09524228109138293,0,False,Research only; not investment advice.
k2_vol_corr_erc,2012-11-30,2012-11-30,2012-12-31,calm,0.015199494709411147,0.008245522516326003,0,False,Research only; not investment advice.
k2_vol_corr_ew,2012-11-30,2012-11-30,2012-12-31,calm,0.023822507762805836,0.007746665762900818,0,False,Research only; not investment advice.
k2_vol_corr_spread_erc,2012-11-30,2012-11-30,2012-12-31,calm,0.015199494709411147,0.008245522516326003,0,False,Research only; not investment advice.
k2_vol_corr_spread_ew,2012-11-30,2012-11-30,2012-12-31,calm,0.023822507762805836,0.007746665762900818,0,False,Research only; not investment advice.
unconditional_erc,2012-11-30,2012-11-30,2012-12-31,all,0.0018075573732644506,0.008528857190041497,0,False,Research only; not investment advice.
unconditional_ew,2012-11-30,2012-11-30,2012-12-31,all,0.014276056991652653,0.007296463681816394,0,False,Research only; not investment advice.
always_calm,2012-11-30,2012-11-30,2012-12-31,calm,0.015199494709411147,0.008245522516326003,0,False,Research only; not investment advice.
k2_vol_corr_erc,2012-12-31,2012-12-31,2013-01-31,calm,0.03269607846031943,0.019365524932647822,0,False,Research only; not investment advice.
k2_vol_corr_ew,2012-12-31,2012-12-31,2013-01-31,calm,0.04437620613589919,0.007928037770830844,0,False,Research only; not investment advice.
k2_vol_corr_spread_erc,2012-12-31,2012-12-31,2013-01-31,calm,0.03269607846031943,0.019365524932647822,0,False,Research only; not investment advice.
k2_vol_corr_spread_ew,2012-12-31,2012-12-31,2013-01-31,calm,0.04437620613589919,0.007928037770830844,0,False,Research only; not investment advice.
unconditional_erc,2012-12-31,2012-12-31,2013-01-31,all,0.005724569713637233,0.06051588526226268,0,False,Research only; not investment advice.
unconditional_ew,2012-12-31,2012-12-31,2013-01-31,all,0.03594697974813392,0.016423295148712342,0,False,Research only; not investment advice.
always_calm,2012-12-31,2012-12-31,2013-01-31,calm,0.03269607846031943,0.019365524932647822,0,False,Research only; not investment advice.
k2_vol_corr_erc,2013-01-31,2013-01-31,2013-02-28,calm,0.005211335800585526,0.0233592753189011,0,False,Research only; not investment advice.
k2_vol_corr_ew,2013-01-31,2013-01-31,2013-02-28,calm,0.0030815987510745863,0.011338043763020582,0,False,Research only; not investment advice.
k2_vol_corr_spread_erc,2013-01-31,2013-01-31,2013-02-28,calm,0.005211335800585526,0.0233592753189011,0,False,Research only; not investment advice.
k2_vol_corr_spread_ew,2013-01-31,2013-01-31,2013-02-28,calm,0.0030815987510745863,0.011338043763020582,0,False,Research only; not investment advice.
unconditional_erc,2013-01-31,2013-01-31,2013-02-28,all,0.0003138922402545862,0.01088723024110588,0,False,Research only; not investment advice.
unconditional_ew,2013-01-31,2013-01-31,2013-02-28,all,-0.002679946687889892,0.01388700634506676,0,False,Research only; not investment advice.
always_calm,2013-01-31,2013-01-31,2013-02-28,calm,0.005211335800585526,0.0233592753189011,0,False,Research only; not investment advice.
k2_vol_corr_erc,2013-02-28,2013-02-28,2013-03-31,calm,0.02329730527861981,0.012493412541102198,0,False,Research only; not investment advice.
k2_vol_corr_ew,2013-02-28,2013-02-28,2013-03-31,calm,0.02998380209578374,0.01596341243558006,0,False,Research only; not investment advice.
k2_vol_corr_spread_erc,2013-02-28,2013-02-28,2013-03-31,calm,0.02329730527861981,0.012493412541102198,0,False,Research only; not investment advice.
k2_vol_corr_spread_ew,2013-02-28,2013-02-28,2013-03-31,calm,0.02998380209578374,0.01596341243558006,0,False,Research only; not investment advice.
unconditional_erc,2013-02-28,2013-02-28,2013-03-31,all,0.0038991245183750203,0.016716569910679654,0,False,Research only; not investment advice.
unconditional_ew,2013-02-28,2013-02-28,2013-03-31,all,0.022262628436179727,0.023357998375313337,0,False,Research only; not investment advice.
always_calm,2013-02-28,2013-02-28,2013-03-31,calm,0.02329730527861981,0.012493412541102198,0,False,Research only; not investment advice.
k2_vol_corr_erc,2013-03-31,2013-03-31,2013-04-30,calm,0.01598621894706375,0.012565747080921608,0,False,Research only; not investment advice.
k2_vol_corr_ew,2013-03-31,2013-03-31,2013-04-30,calm,0.01683617457716218,0.010096259336010157,0,False,Research only; not investment advice.
k2_vol_corr_spread_erc,2013-03-31,2013-03-31,2013-04-30,calm,0.01598621894706375,0.012565747080921608,0,False,Research only; not investment advice.
k2_vol_corr_spread_ew,2013-03-31,2013-03-31,2013-04-30,calm,0.01683617457716218,0.010096259336010157,0,False,Research only; not investment advice.
unconditional_erc,2013-03-31,2013-03-31,2013-04-30,all,0.0032001420418231986,0.0058039613356719024,0,False,Research only; not investment advice.
unconditional_ew,2013-03-31,2013-03-31,2013-04-30,all,0.010469936916071301,0.016738880345599384,0,False,Research only; not investment advice.
always_calm,2013-03-31,2013-03-31,2013-04-30,calm,0.01598621894706375,0.012565747080921608,0,False,Research only; not investment advice.
k2_vol_corr_erc,2013-04-30,2013-04-30,2013-05-31,calm,-0.002423762388700378,0.08298858276490491,0,False,Research only; not investment advice.
k2_vol_corr_ew,2013-04-30,2013-04-30,2013-05-31,calm,0.005963018682176908,0.01872015858211827,0,False,Research only; not investment advice.
k2_vol_corr_spread_erc,2013-04-30,2013-04-30,2013-05-31,calm,-0.002423762388700378,0.08298858276490491,0,False,Research only; not investment advice.
k2_vol_corr_spread_ew,2013-04-30,2013-04-30,2013-05-31,calm,0.005963018682176908,0.01872015858211827,0,False,Research only; not investment advice.
unconditional_erc,2013-04-30,2013-04-30,2013-05-31,all,-0.0027003831697740457,0.022304273017149767,0,False,Research only; not investment advice.
unconditional_ew,2013-04-30,2013-04-30,2013-05-31,all,-0.0012555317618192228,0.018034777785085485,0,False,Research only; not investment advice.
always_calm,2013-04-30,2013-04-30,2013-05-31,calm,-0.002423762388700378,0.08298858276490491,0,False,Research only; not investment advice.
k2_vol_corr_erc,2013-05-31,2013-05-31,2013-06-30,calm,-0.01506815945927007,0.02809439443576315,0,True,Research only; not investment advice.
k2_vol_corr_ew,2013-05-31,2013-05-31,2013-06-30,calm,-0.017082415398874846,0.015355818941506042,0,True,Research only; not investment advice.
k2_vol_corr_spread_erc,2013-05-31,2013-05-31,2013-06-30,calm,-0.01506815945927007,0.02809439443576315,0,True,Research only; not investment advice.
k2_vol_corr_spread_ew,2013-05-31,2013-05-31,2013-06-30,calm,-0.017082415398874846,0.015355818941506042,0,True,Research only; not investment advice.
unconditional_erc,2013-05-31,2013-05-31,2013-06-30,all,-0.00568660797845498,0.02158616208137254,0,True,Research only; not investment advice.
unconditional_ew,2013-05-31,2013-05-31,2013-06-30,all,-0.02187485948412845,0.015601594654250848,0,True,Research only; not investment advice.
always_calm,2013-05-31,2013-05-31,2013-06-30,calm,-0.01506815945927007,0.02809439443576315,0,True,Research only; not investment advice.
k2_vol_corr_erc,2013-06-30,2013-06-30,2013-07-31,calm,0.036600217529068384,0.021085839250881977,0,False,Research only; not investment advice.
k2_vol_corr_ew,2013-06-30,2013-06-30,2013-07-31,calm,0.04823891568197711,0.008997060948962542,0,False,Research only; not investment advice.
k2_vol_corr_spread_erc,2013-06-30,2013-06-30,2013-07-31,calm,0.036600217529068384,0.021085839250881977,0,False,Research only; not investment advice.
k2_vol_corr_spread_ew,2013-06-30,2013-06-30,2013-07-31,calm,0.04823891568197711,0.008997060948962542,0,False,Research only; not investment advice.
unconditional_erc,2013-06-30,2013-06-30,2013-07-31,all,0.006892045621766901,0.01796940568187501,0,False,Research only; not investment advice.
unconditional_ew,2013-06-30,2013-06-30,2013-07-31,all,0.03834543898402645,0.01121390579815534,0,False,Research only; not investment advice.
always_calm,2013-06-30,2013-06-30,2013-07-31,calm,0.036600217529068384,0.021085839250881977,0,False,Research only; not investment advice.
k2_vol_corr_erc,2013-07-31,2013-07-31,2013-08-31,calm,-0.019565955087153926,0.018818864339354122,0,False,Research only; not investment advice.
k2_vol_corr_ew,2013-07-31,2013-07-31,2013-08-31,calm,-0.02266428261130445,0.012539703288360458,0,False,Research only; not investment advice.
k2_vol_corr_spread_erc,2013-07-31,2013-07-31,2013-08-31,calm,-0.019565955087153926,0.018818864339354122,0,False,Research only; not investment advice.
k2_vol_corr_spread_ew,2013-07-31,2013-07-31,2013-08-31,calm,-0.02266428261130445,0.012539703288360458,0,False,Research only; not investment advice.
unconditional_erc,2013-07-31,2013-07-31,2013-08-31,all,-0.003950291489615777,0.018623407946239904,0,False,Research only; not investment advice.
unconditional_ew,2013-07-31,2013-07-31,2013-08-31,all,-0.015105631097194795,0.016534276310743144,0,False,Research only; not investment advice.
always_calm,2013-07-31,2013-07-31,2013-08-31,calm,-0.019565955087153926,0.018818864339354122,0,False,Research only; not investment advice.
k2_vol_corr_erc,2013-08-31,2013-08-31,2013-09-30,calm,0.03320503318809535,0.012291908880185491,0,False,Research only; not investment advice.
k2_vol_corr_ew,2013-08-31,2013-08-31,2013-09-30,calm,0.04194365347087656,0.007819172227032805,0,False,Research only; not investment advice.
k2_vol_corr_spread_erc,2013-08-31,2013-08-31,2013-09-30,calm,0.03320503318809535,0.012291908880185491,0,False,Research only; not investment advice.
k2_vol_corr_spread_ew,2013-08-31,2013-08-31,2013-09-30,calm,0.04194365347087656,0.007819172227032805,0,False,Research only; not investment advice.
unconditional_erc,2013-08-31,2013-08-31,2013-09-30,all,0.006592950344848528,0.005363467051662275,0,False,Research only; not investment advice.
unconditional_ew,2013-08-31,2013-08-31,2013-09-30,all,0.030473224635043504,0.010456698386309117,0,False,Research only; not investment advice.
always_calm,2013-08-31,2013-08-31,2013-09-30,calm,0.03320503318809535,0.012291908880185491,0,False,Research only; not investment advice.
k2_vol_corr_erc,2013-09-30,2013-09-30,2013-10-31,calm,0.02576497100223118,0.01678618201455757,0,False,Research only; not investment advice.
k2_vol_corr_ew,2013-09-30,2013-09-30,2013-10-31,calm,0.029095878806699685,0.012496425149207714,0,False,Research only; not investment advice.
k2_vol_corr_spread_erc,2013-09-30,2013-09-30,2013-10-31,calm,0.02576497100223118,0.01678618201455757,0,False,Research only; not investment advice.
k2_vol_corr_spread_ew,2013-09-30,2013-09-30,2013-10-31,calm,0.029095878806699685,0.012496425149207714,0,False,Research only; not investment advice.
unconditional_erc,2013-09-30,2013-09-30,2013-10-31,all,0.004916261379628265,0.00967471100683253,0,False,Research only; not investment advice.
unconditional_ew,2013-09-30,2013-09-30,2013-10-31,all,0.021925754505594693,0.015239719419413517,0,False,Research only; not investment advice.
always_calm,2013-09-30,2013-09-30,2013-10-31,calm,0.02576497100223118,0.01678618201455757,0,False,Research only; not investment advice.
k2_vol_corr_erc,2013-10-31,2013-10-31,2013-11-30,calm,0.011447711810636878,0.1585176807041853,0,False,Research only; not investment advice.
k2_vol_corr_ew,2013-10-31,2013-10-31,2013-11-30,calm,0.017389551721498874,0.03718019791603365,0,False,Research only; not investment advice.
k2_vol_corr_spread_erc,2013-10-31,2013-10-31,2013-11-30,calm,0.011447711810636878,0.1585176807041853,0,False,Research only; not investment advice.
k2_vol_corr_spread_ew,2013-10-31,2013-10-31,2013-11-30,calm,0.017389551721498874,0.03718019791603365,0,False,Research only; not investment advice.
unconditional_erc,2013-10-31,2013-10-31,2013-11-30,all,0.0014561113071241882,0.03178155873791146,0,False,Research only; not investment advice.
unconditional_ew,2013-10-31,2013-10-31,2013-11-30,all,0.0083445566369084,0.029440056669497377,0,False,Research only; not investment advice.
always_calm,2013-10-31,2013-10-31,2013-11-30,calm,0.011447711810636878,0.1585176807041853,0,False,Research only; not investment advice.
k2_vol_corr_erc,2013-11-30,2013-11-30,2013-12-31,calm,0.011363417164910386,0.009237184444424902,0,False,Research only; not investment advice.
k2_vol_corr_ew,2013-11-30,2013-11-30,2013-12-31,calm,0.01907167344493956,0.009125869261894067,0,False,Research only; not investment advice.
k2_vol_corr_spread_erc,2013-11-30,2013-11-30,2013-12-31,calm,0.011363417164910386,0.009237184444424902,0,False,Research only; not investment advice.
k2_vol_corr_spread_ew,2013-11-30,2013-11-30,2013-12-31,calm,0.01907167344493956,0.009125869261894067,0,False,Research only; not investment advice.
unconditional_erc,2013-11-30,2013-11-30,2013-12-31,all,0.0012014658126212922,0.005597071522142643,0,False,Research only; not investment advice.
unconditional_ew,2013-11-30,2013-11-30,2013-12-31,all,0.011842449325826173,0.01093901412026732,0,False,Research only; not investment advice.
always_calm,2013-11-30,2013-11-30,2013-12-31,calm,0.011363417164910386,0.009237184444424902,0,False,Research only; not investment advice.
k2_vol_corr_erc,2013-12-31,2013-12-31,2014-01-31,calm,-0.017137315650796184,0.007191312958289637,0,True,Research only; not investment advice.
k2_vol_corr_ew,2013-12-31,2013-12-31,2014-01-31,calm,-0.026296583552738596,0.005289296584478018,0,True,Research only; not investment advice.
k2_vol_corr_spread_erc,2013-12-31,2013-12-31,2014-01-31,calm,-0.017137315650796184,0.007191312958289637,0,True,Research only; not investment advice.
k2_vol_corr_spread_ew,2013-12-31,2013-12-31,2014-01-31,calm,-0.026296583552738596,0.005289296584478018,0,True,Research only; not investment advice.
unconditional_erc,2013-12-31,2013-12-31,2014-01-31,all,-0.0023893553564922998,0.007193134048713638,0,True,Research only; not investment advice.
unconditional_ew,2013-12-31,2013-12-31,2014-01-31,all,-0.018529529527775642,0.008493903424972898,0,True,Research only; not investment advice.
always_calm,2013-12-31,2013-12-31,2014-01-31,calm,-0.017137315650796184,0.007191312958289637,0,True,Research only; not investment advice.
k2_vol_corr_erc,2014-01-31,2014-01-31,2014-02-28,calm,0.030519331927716446,0.012294909956537153,0,False,Research only; not investment advice.
k2_vol_corr_ew,2014-01-31,2014-01-31,2014-02-28,calm,0.04387436635541705,0.01188573752031728,0,False,Research only; not investment advice.
k2_vol_corr_spread_erc,2014-01-31,2014-01-31,2014-02-28,calm,0.030519331927716446,0.012294909956537153,0,False,Research only; not investment advice.
k2_vol_corr_spread_ew,2014-01-31,2014-01-31,2014-02-28,calm,0.04387436635541705,0.01188573752031728,0,False,Research only; not investment advice.
unconditional_erc,2014-01-31,2014-01-31,2014-02-28,all,0.007537937656625564,0.006005021948928039,0,False,Research only; not investment advice.
unconditional_ew,2014-01-31,2014-01-31,2014-02-28,all,0.04112362457877626,0.014288426263443899,0,False,Research only; not investment advice.
always_calm,2014-01-31,2014-01-31,2014-02-28,calm,0.030519331927716446,0.012294909956537153,0,False,Research only; not investment advice.
k2_vol_corr_erc,2014-02-28,2014-02-28,2014-03-31,calm,0.003397091926804687,0.013108880807558053,0,False,Research only; not investment advice.
k2_vol_corr_ew,2014-02-28,2014-02-28,2014-03-31,calm,0.00417615405948488,0.00691435065841473,0,False,Research only; not investment advice.
k2_vol_corr_spread_erc,2014-02-28,2014-02-28,2014-03-31,calm,0.003397091926804687,0.013108880807558053,0,False,Research only; not investment advice.
k2_vol_corr_spread_ew,2014-02-28,2014-02-28,2014-03-31,calm,0.00417615405948488,0.00691435065841473,0,False,Research only; not investment advice.
unconditional_erc,2014-02-28,2014-02-28,2014-03-31,all,0.0004940744262537777,0.009140709016599115,0,False,Research only; not investment advice.
unconditional_ew,2014-02-28,2014-02-28,2014-03-31,all,0.0037335120492613233,0.009423681798275883,0,False,Research only; not investment advice.
always_calm,2014-02-28,2014-02-28,2014-03-31,calm,0.003397091926804687,0.013108880807558053,0,False,Research only; not investment advice.
k2_vol_corr_erc,2014-03-31,2014-03-31,2014-04-30,calm,0.0021963528845366457,0.005490291294789815,0,False,Research only; not investment advice.
k2_vol_corr_ew,2014-03-31,2014-03-31,2014-04-30,calm,-0.0008086424639148434,0.007312653264899864,0,False,Research only; not investment advice.
k2_vol_corr_spread_erc,2014-03-31,2014-03-31,2014-04-30,calm,0.0021963528845366457,0.005490291294789815,0,False,Research only; not investment advice.
k2_vol_corr_spread_ew,2014-03-31,2014-03-31,2014-04-30,calm,-0.0008086424639148434,0.007312653264899864,0,False,Research only; not investment advice.
unconditional_erc,2014-03-31,2014-03-31,2014-04-30,all,0.0013580240640327687,0.0049365494637883724,0,False,Research only; not investment advice.
unconditional_ew,2014-03-31,2014-03-31,2014-04-30,all,0.00200939520263638,0.0077387951051901905,0,False,Research only; not investment advice.
always_calm,2014-03-31,2014-03-31,2014-04-30,calm,0.0021963528845366457,0.005490291294789815,0,False,Research only; not investment advice.
k2_vol_corr_erc,2014-04-30,2014-04-30,2014-05-31,calm,0.011534856462574959,0.12427635248345623,0,False,Research only; not investment advice.
k2_vol_corr_ew,2014-04-30,2014-04-30,2014-05-31,calm,0.014227748238301318,0.026269648374469427,0,False,Research only; not investment advice.
k2_vol_corr_spread_erc,2014-04-30,2014-04-30,2014-05-31,calm,0.011534856462574959,0.12427635248345623,0,False,Research only; not investment advice.
k2_vol_corr_spread_ew,2014-04-30,2014-04-30,2014-05-31,calm,0.014227748238301318,0.026269648374469427,0,False,Research only; not investment advice.
unconditional_erc,2014-04-30,2014-04-30,2014-05-31,all,0.0031266780219359356,0.0397298757577317,0,False,Research only; not investment advice.
unconditional_ew,2014-04-30,2014-04-30,2014-05-31,all,0.01005303763576818,0.02149796634939823,0,False,Research only; not investment advice.
always_calm,2014-04-30,2014-04-30,2014-05-31,calm,0.011534856462574959,0.12427635248345623,0,False,Research only; not investment advice.
k2_vol_corr_erc,2014-05-31,2014-05-31,2014-06-30,calm,0.01551676879148919,0.06994209229713216,0,False,Research only; not investment advice.
k2_vol_corr_ew,2014-05-31,2014-05-31,2014-06-30,calm,0.025412126218921863,0.013867091428118958,0,False,Research only; not investment advice.
k2_vol_corr_spread_erc,2014-05-31,2014-05-31,2014-06-30,calm,0.01551676879148919,0.06994209229713216,0,False,Research only; not investment advice.
k2_vol_corr_spread_ew,2014-05-31,2014-05-31,2014-06-30,calm,0.025412126218921863,0.013867091428118958,0,False,Research only; not investment advice.
unconditional_erc,2014-05-31,2014-05-31,2014-06-30,all,0.0033673568122356465,0.018796816612832716,0,False,Research only; not investment advice.
unconditional_ew,2014-05-31,2014-05-31,2014-06-30,all,0.01973652658943649,0.013582009985400633,0,False,Research only; not investment advice.
always_calm,2014-05-31,2014-05-31,2014-06-30,calm,0.01551676879148919,0.06994209229713216,0,False,Research only; not investment advice.
k2_vol_corr_erc,2014-06-30,2014-06-30,2014-07-31,calm,-0.015210328370283719,0.02051027318910221,0,True,Research only; not investment advice.
k2_vol_corr_ew,2014-06-30,2014-06-30,2014-07-31,calm,-0.0257291541170308,0.01540112707547743,0,True,Research only; not investment advice.
k2_vol_corr_spread_erc,2014-06-30,2014-06-30,2014-07-31,calm,-0.015210328370283719,0.02051027318910221,0,True,Research only; not investment advice.
k2_vol_corr_spread_ew,2014-06-30,2014-06-30,2014-07-31,calm,-0.0257291541170308,0.01540112707547743,0,True,Research only; not investment advice.
unconditional_erc,2014-06-30,2014-06-30,2014-07-31,all,-0.004301478929819702,0.008461139964068718,0,True,Research only; not investment advice.
unconditional_ew,2014-06-30,2014-06-30,2014-07-31,all,-0.024774499431787986,0.015674202994728038,0,True,Research only; not investment advice.
always_calm,2014-06-30,2014-06-30,2014-07-31,calm,-0.015210328370283719,0.02051027318910221,0,True,Research only; not investment advice.
k2_vol_corr_erc,2014-07-31,2014-07-31,2014-08-31,calm,0.01881393752755282,0.020273463525528834,0,False,Research only; not investment advice.
k2_vol_corr_ew,2014-07-31,2014-07-31,2014-08-31,calm,0.027675731334501387,0.01745095355021948,0,False,Research only; not investment advice.
k2_vol_corr_spread_erc,2014-07-31,2014-07-31,2014-08-31,calm,0.01881393752755282,0.020273463525528834,0,False,Research only; not investment advice.
k2_vol_corr_spread_ew,2014-07-31,2014-07-31,2014-08-31,calm,0.027675731334501387,0.01745095355021948,0,False,Research only; not investment advice.
unconditional_erc,2014-07-31,2014-07-31,2014-08-31,all,0.005736656976052759,0.03419510041368825,0,False,Research only; not investment advice.
unconditional_ew,2014-07-31,2014-07-31,2014-08-31,all,0.021932770639747884,0.016353377246979446,0,False,Research only; not investment advice.
always_calm,2014-07-31,2014-07-31,2014-08-31,calm,0.01881393752755282,0.020273463525528834,0,False,Research only; not investment advice.
k2_vol_corr_erc,2014-08-31,2014-08-31,2014-09-30,calm,-0.01939193848470648,0.013050878161264785,0,True,Research only; not investment advice.
k2_vol_corr_ew,2014-08-31,2014-08-31,2014-09-30,calm,-0.030390572995554456,0.009944762395400146,0,True,Research only; not investment advice.
k2_vol_corr_spread_erc,2014-08-31,2014-08-31,2014-09-30,calm,-0.01939193848470648,0.013050878161264785,0,True,Research only; not investment advice.
k2_vol_corr_spread_ew,2014-08-31,2014-08-31,2014-09-30,calm,-0.030390572995554456,0.009944762395400146,0,True,Research only; not investment advice.
unconditional_erc,2014-08-31,2014-08-31,2014-09-30,all,-0.006065094432408422,0.030488390436403803,0,True,Research only; not investment advice.
unconditional_ew,2014-08-31,2014-08-31,2014-09-30,all,-0.033292299130573993,0.01095808370296971,0,True,Research only; not investment advice.
always_calm,2014-08-31,2014-08-31,2014-09-30,calm,-0.01939193848470648,0.013050878161264785,0,True,Research only; not investment advice.
k2_vol_corr_erc,2014-09-30,2014-09-30,2014-10-31,calm,0.014560446221867446,0.03737734803885515,0,False,Research only; not investment advice.
k2_vol_corr_ew,2014-09-30,2014-09-30,2014-10-31,calm,0.017959037494701728,0.010320816984074423,0,False,Research only; not investment advice.
k2_vol_corr_spread_erc,2014-09-30,2014-09-30,2014-10-31,calm,0.014560446221867446,0.03737734803885515,0,False,Research only; not investment advice.
k2_vol_corr_spread_ew,2014-09-30,2014-09-30,2014-10-31,calm,0.017959037494701728,0.010320816984074423,0,False,Research only; not investment advice.
unconditional_erc,2014-09-30,2014-09-30,2014-10-31,all,0.0039362694339184195,0.014052444393367985,0,False,Research only; not investment advice.
unconditional_ew,2014-09-30,2014-09-30,2014-10-31,all,0.015852957530586076,0.012468469328392304,0,False,Research only; not investment advice.
always_calm,2014-09-30,2014-09-30,2014-10-31,calm,0.014560446221867446,0.03737734803885515,0,False,Research only; not investment advice.
k2_vol_corr_erc,2014-10-31,2014-10-31,2014-11-30,calm,0.007638143287240505,0.03229914857538164,0,False,Research only; not investment advice.
k2_vol_corr_ew,2014-10-31,2014-10-31,2014-11-30,calm,0.00656926378852171,0.011653731522696761,0,False,Research only; not investment advice.
k2_vol_corr_spread_erc,2014-10-31,2014-10-31,2014-11-30,calm,0.007638143287240505,0.03229914857538164,0,False,Research only; not investment advice.
k2_vol_corr_spread_ew,2014-10-31,2014-10-31,2014-11-30,calm,0.00656926378852171,0.011653731522696761,0,False,Research only; not investment advice.
unconditional_erc,2014-10-31,2014-10-31,2014-11-30,all,0.0017169773901234001,0.020662108197120634,0,False,Research only; not investment advice.
unconditional_ew,2014-10-31,2014-10-31,2014-11-30,all,0.002751114185416021,0.013396162081879992,0,False,Research only; not investment advice.
always_calm,2014-10-31,2014-10-31,2014-11-30,calm,0.007638143287240505,0.03229914857538164,0,False,Research only; not investment advice.
k2_vol_corr_erc,2014-11-30,2014-11-30,2014-12-31,calm,-0.0064315409719824515,0.009062364970669232,0,False,Research only; not investment advice.
k2_vol_corr_ew,2014-11-30,2014-11-30,2014-12-31,calm,-0.0123377890987268,0.010660401597306066,0,False,Research only; not investment advice.
k2_vol_corr_spread_erc,2014-11-30,2014-11-30,2014-12-31,calm,-0.0064315409719824515,0.009062364970669232,0,False,Research only; not investment advice.
k2_vol_corr_spread_ew,2014-11-30,2014-11-30,2014-12-31,calm,-0.0123377890987268,0.010660401597306066,0,False,Research only; not investment advice.
unconditional_erc,2014-11-30,2014-11-30,2014-12-31,all,-0.0021420556088954405,0.008217278106392096,0,False,Research only; not investment advice.
unconditional_ew,2014-11-30,2014-11-30,2014-12-31,all,-0.012038439430674147,0.011016878373649534,0,False,Research only; not investment advice.
always_calm,2014-11-30,2014-11-30,2014-12-31,calm,-0.0064315409719824515,0.009062364970669232,0,False,Research only; not investment advice.
k2_vol_corr_erc,2014-12-31,2014-12-31,2015-01-31,calm,-0.008817265684414367,0.010411042987895998,0,False,Research only; not investment advice.
k2_vol_corr_ew,2014-12-31,2014-12-31,2015-01-31,calm,-0.014913490843071463,0.015592398922667752,0,False,Research only; not investment advice.
k2_vol_corr_spread_erc,2014-12-31,2014-12-31,2015-01-31,calm,-0.008817265684414367,0.010411042987895998,0,False,Research only; not investment advice.
k2_vol_corr_spread_ew,2014-12-31,2014-12-31,2015-01-31,calm,-0.014913490843071463,0.015592398922667752,0,False,Research only; not investment advice.
unconditional_erc,2014-12-31,2014-12-31,2015-01-31,all,-0.0004614981017816044,0.01209842005541633,0,False,Research only; not investment advice.
unconditional_ew,2014-12-31,2014-12-31,2015-01-31,all,-0.010477076990904409,0.015154673984729364,0,False,Research only; not investment advice.
always_calm,2014-12-31,2014-12-31,2015-01-31,calm,-0.008817265684414367,0.010411042987895998,0,False,Research only; not investment advice.
k2_vol_corr_erc,2015-01-31,2015-01-31,2015-02-28,calm,0.03366448970866486,0.017874277147958514,0,False,Research only; not investment advice.
k2_vol_corr_ew,2015-01-31,2015-01-31,2015-02-28,calm,0.04858436835520464,0.012412905737799965,0,False,Research only; not investment advice.
k2_vol_corr_spread_erc,2015-01-31,2015-01-31,2015-02-28,calm,0.03366448970866486,0.017874277147958514,0,False,Research only; not investment advice.
k2_vol_corr_spread_ew,2015-01-31,2015-01-31,2015-02-28,calm,0.04858436835520464,0.012412905737799965,0,False,Research only; not investment advice.
unconditional_erc,2015-01-31,2015-01-31,2015-02-28,all,0.006590545910579901,0.01665948130365936,0,False,Research only; not investment advice.
unconditional_ew,2015-01-31,2015-01-31,2015-02-28,all,0.03522663728825019,0.01565370603603297,0,False,Research only; not investment advice.
always_calm,2015-01-31,2015-01-31,2015-02-28,calm,0.03366448970866486,0.017874277147958514,0,False,Research only; not investment advice.
k2_vol_corr_erc,2015-02-28,2015-02-28,2015-03-31,calm,-0.003950028040804676,0.24512038498609268,0,False,Research only; not investment advice.
k2_vol_corr_ew,2015-02-28,2015-02-28,2015-03-31,calm,-0.008523093546091326,0.027890966001208828,0,False,Research only; not investment advice.
k2_vol_corr_spread_erc,2015-02-28,2015-02-28,2015-03-31,calm,-0.003950028040804676,0.24512038498609268,0,False,Research only; not investment advice.
k2_vol_corr_spread_ew,2015-02-28,2015-02-28,2015-03-31,calm,-0.008523093546091326,0.027890966001208828,0,False,Research only; not investment advice.
unconditional_erc,2015-02-28,2015-02-28,2015-03-31,all,-0.001323487381516962,0.06416324494161187,0,False,Research only; not investment advice.
unconditional_ew,2015-02-28,2015-02-28,2015-03-31,all,-0.010462761777004741,0.027818499834156962,0,False,Research only; not investment advice.
always_calm,2015-02-28,2015-02-28,2015-03-31,calm,-0.003950028040804676,0.24512038498609268,0,False,Research only; not investment advice.
k2_vol_corr_erc,2015-03-31,2015-03-31,2015-04-30,calm,0.007470064142559839,0.051584312315827455,0,False,Research only; not investment advice.
k2_vol_corr_ew,2015-03-31,2015-03-31,2015-04-30,calm,0.009961468604442344,0.008816759164614791,0,False,Research only; not investment advice.
k2_vol_corr_spread_erc,2015-03-31,2015-03-31,2015-04-30,calm,0.007470064142559839,0.051584312315827455,0,False,Research only; not investment advice.
k2_vol_corr_spread_ew,2015-03-31,2015-03-31,2015-04-30,calm,0.009961468604442344,0.008816759164614791,0,False,Research only; not investment advice.
unconditional_erc,2015-03-31,2015-03-31,2015-04-30,all,0.0019935637397318455,0.016528830833012563,0,False,Research only; not investment advice.
unconditional_ew,2015-03-31,2015-03-31,2015-04-30,all,0.009517884542768557,0.009510592661632115,0,False,Research only; not investment advice.
always_calm,2015-03-31,2015-03-31,2015-04-30,calm,0.007470064142559839,0.051584312315827455,0,False,Research only; not investment advice.
k2_vol_corr_erc,2015-04-30,2015-04-30,2015-05-31,calm,0.004974880037436996,0.08271167273315652,0,False,Research only; not investment advice.
k2_vol_corr_ew,2015-04-30,2015-04-30,2015-05-31,calm,0.00695513026909779,0.01290181366068983,0,False,Research only; not investment advice.
k2_vol_corr_spread_erc,2015-04-30,2015-04-30,2015-05-31,calm,0.004974880037436996,0.08271167273315652,0,False,Research only; not investment advice.
k2_vol_corr_spread_ew,2015-04-30,2015-04-30,2015-05-31,calm,0.00695513026909779,0.01290181366068983,0,False,Research only; not investment advice.
unconditional_erc,2015-04-30,2015-04-30,2015-05-31,all,0.0006279477909228214,0.02457776423962776,0,False,Research only; not investment advice.
unconditional_ew,2015-04-30,2015-04-30,2015-05-31,all,0.0028414491564097344,0.013266369526462492,0,False,Research only; not investment advice.
always_calm,2015-04-30,2015-04-30,2015-05-31,calm,0.004974880037436996,0.08271167273315652,0,False,Research only; not investment advice.
k2_vol_corr_erc,2015-05-31,2015-05-31,2015-06-30,calm,-0.012558894080996722,0.028104310318047845,0,False,Research only; not investment advice.
k2_vol_corr_ew,2015-05-31,2015-05-31,2015-06-30,calm,-0.015432308953970004,0.01525889969058974,0,False,Research only; not investment advice.
k2_vol_corr_spread_erc,2015-05-31,2015-05-31,2015-06-30,calm,-0.012558894080996722,0.028104310318047845,0,False,Research only; not investment advice.
k2_vol_corr_spread_ew,2015-05-31,2015-05-31,2015-06-30,calm,-0.015432308953970004,0.01525889969058974,0,False,Research only; not investment advice.
unconditional_erc,2015-05-31,2015-05-31,2015-06-30,all,-0.0030813964155679847,0.01623016601713486,0,False,Research only; not investment advice.
unconditional_ew,2015-05-31,2015-05-31,2015-06-30,all,-0.009569991774922732,0.013791927145630468,0,False,Research only; not investment advice.
always_calm,2015-05-31,2015-05-31,2015-06-30,calm,-0.012558894080996722,0.028104310318047845,0,False,Research only; not investment advice.
k2_vol_corr_erc,2015-06-30,2015-06-30,2015-07-31,calm,0.0028678522444708153,0.027984869195040098,0,False,Research only; not investment advice.
k2_vol_corr_ew,2015-06-30,2015-06-30,2015-07-31,calm,-0.004725922672934326,0.023241851967800743,0,False,Research only; not investment advice.
k2_vol_corr_spread_erc,2015-06-30,2015-06-30,2015-07-31,calm,0.0028678522444708153,0.027984869195040098,0,False,Research only; not investment advice.
k2_vol_corr_spread_ew,2015-06-30,2015-06-30,2015-07-31,calm,-0.004725922672934326,0.023241851967800743,0,False,Research only; not investment advice.
unconditional_erc,2015-06-30,2015-06-30,2015-07-31,all,6.560195762323663e-05,0.02199328989574939,0,False,Research only; not investment advice.
unconditional_ew,2015-06-30,2015-06-30,2015-07-31,all,-0.012316680371055771,0.019780065800089057,0,False,Research only; not investment advice.
always_calm,2015-06-30,2015-06-30,2015-07-31,calm,0.0028678522444708153,0.027984869195040098,0,False,Research only; not investment advice.
k2_vol_corr_erc,2015-07-31,2015-07-31,2015-08-31,calm,-0.0362332333009161,0.00934757197592283,0,True,Research only; not investment advice.
k2_vol_corr_ew,2015-07-31,2015-07-31,2015-08-31,calm,-0.046803134001355606,0.013533347678537356,0,True,Research only; not investment advice.
k2_vol_corr_spread_erc,2015-07-31,2015-07-31,2015-08-31,calm,-0.0362332333009161,0.00934757197592283,0,True,Research only; not investment advice.
k2_vol_corr_spread_ew,2015-07-31,2015-07-31,2015-08-31,calm,-0.046803134001355606,0.013533347678537356,0,True,Research only; not investment advice.
unconditional_erc,2015-07-31,2015-07-31,2015-08-31,all,-0.008733343380249309,0.008389196593372316,0,True,Research only; not investment advice.
unconditional_ew,2015-07-31,2015-07-31,2015-08-31,all,-0.037840939488512366,0.018080580961632065,0,True,Research only; not investment advice.
always_calm,2015-07-31,2015-07-31,2015-08-31,calm,-0.0362332333009161,0.00934757197592283,0,True,Research only; not investment advice.
k2_vol_corr_erc,2015-08-31,2015-08-31,2015-09-30,calm,-0.018736058476455777,0.024986492819248522,0,True,Research only; not investment advice.
k2_vol_corr_ew,2015-08-31,2015-08-31,2015-09-30,calm,-0.0320114975112026,0.014848354193166859,0,True,Research only; not investment advice.
k2_vol_corr_spread_erc,2015-08-31,2015-08-31,2015-09-30,calm,-0.018736058476455777,0.024986492819248522,0,True,Research only; not investment advice.
k2_vol_corr_spread_ew,2015-08-31,2015-08-31,2015-09-30,calm,-0.0320114975112026,0.014848354193166859,0,True,Research only; not investment advice.
unconditional_erc,2015-08-31,2015-08-31,2015-09-30,all,-0.0038490056064380542,0.008695071870094653,0,True,Research only; not investment advice.
unconditional_ew,2015-08-31,2015-08-31,2015-09-30,all,-0.025138848638166296,0.017690279256409983,0,True,Research only; not investment advice.
always_calm,2015-08-31,2015-08-31,2015-09-30,calm,-0.018736058476455777,0.024986492819248522,0,True,Research only; not investment advice.
k2_vol_corr_erc,2015-09-30,2015-09-30,2015-10-31,calm,0.03880622365375896,0.013566415293936932,0,False,Research only; not investment advice.
k2_vol_corr_ew,2015-09-30,2015-09-30,2015-10-31,calm,0.053294068462887055,0.009030323529566328,0,False,Research only; not investment advice.
k2_vol_corr_spread_erc,2015-09-30,2015-09-30,2015-10-31,calm,0.03880622365375896,0.013566415293936932,0,False,Research only; not investment advice.
k2_vol_corr_spread_ew,2015-09-30,2015-09-30,2015-10-31,calm,0.053294068462887055,0.009030323529566328,0,False,Research only; not investment advice.
unconditional_erc,2015-09-30,2015-09-30,2015-10-31,all,0.008878060253756396,0.01419974497434684,0,False,Research only; not investment advice.
unconditional_ew,2015-09-30,2015-09-30,2015-10-31,all,0.04436905282040359,0.011799215430446108,0,False,Research only; not investment advice.
always_calm,2015-09-30,2015-09-30,2015-10-31,calm,0.03880622365375896,0.013566415293936932,0,False,Research only; not investment advice.
k2_vol_corr_erc,2015-10-31,2015-10-31,2015-11-30,calm,-0.001899852078362985,0.028461906016916533,0,False,Research only; not investment advice.
k2_vol_corr_ew,2015-10-31,2015-10-31,2015-11-30,calm,-0.0012095349310047559,0.013415704135485311,0,False,Research only; not investment advice.
k2_vol_corr_spread_erc,2015-10-31,2015-10-31,2015-11-30,calm,-0.001899852078362985,0.028461906016916533,0,False,Research only; not investment advice.
k2_vol_corr_spread_ew,2015-10-31,2015-10-31,2015-11-30,calm,-0.0012095349310047559,0.013415704135485311,0,False,Research only; not investment advice.
unconditional_erc,2015-10-31,2015-10-31,2015-11-30,all,-0.001242912744559567,0.023925262107265206,0,False,Research only; not investment advice.
unconditional_ew,2015-10-31,2015-10-31,2015-11-30,all,-0.007093371097374056,0.01644907842064384,0,False,Research only; not investment advice.
always_calm,2015-10-31,2015-10-31,2015-11-30,calm,-0.001899852078362985,0.028461906016916533,0,False,Research only; not investment advice.
k2_vol_corr_erc,2015-11-30,2015-11-30,2015-12-31,calm,-0.01721787293926357,0.008297815725064342,0,True,Research only; not investment advice.
k2_vol_corr_ew,2015-11-30,2015-11-30,2015-12-31,calm,-0.025681604198879212,0.00970010044981924,0,True,Research only; not investment advice.
k2_vol_corr_spread_erc,2015-11-30,2015-11-30,2015-12-31,calm,-0.01721787293926357,0.008297815725064342,0,True,Research only; not investment advice.
k2_vol_corr_spread_ew,2015-11-30,2015-11-30,2015-12-31,calm,-0.025681604198879212,0.00970010044981924,0,True,Research only; not investment advice.
unconditional_erc,2015-11-30,2015-11-30,2015-12-31,all,-0.004209866835447408,0.009522481558211197,0,True,Research only; not investment advice.
unconditional_ew,2015-11-30,2015-11-30,2015-12-31,all,-0.021978485337346997,0.011572883134489311,0,True,Research only; not investment advice.
always_calm,2015-11-30,2015-11-30,2015-12-31,calm,-0.01721787293926357,0.008297815725064342,0,True,Research only; not investment advice.
k2_vol_corr_erc,2015-12-31,2015-12-31,2016-01-31,calm,-0.033587828289485186,0.010091844289863407,0,True,Research only; not investment advice.
k2_vol_corr_ew,2015-12-31,2015-12-31,2016-01-31,calm,-0.05645802628325193,0.01578627524716609,0,True,Research only; not investment advice.
k2_vol_corr_spread_erc,2015-12-31,2015-12-31,2016-01-31,calm,-0.033587828289485186,0.010091844289863407,0,True,Research only; not investment advice.
k2_vol_corr_spread_ew,2015-12-31,2015-12-31,2016-01-31,calm,-0.05645802628325193,0.01578627524716609,0,True,Research only; not investment advice.
unconditional_erc,2015-12-31,2015-12-31,2016-01-31,all,-0.00601472864343211,0.019451111407202147,0,True,Research only; not investment advice.
unconditional_ew,2015-12-31,2015-12-31,2016-01-31,all,-0.04386563531059135,0.015061218312411705,0,True,Research only; not investment advice.
always_calm,2015-12-31,2015-12-31,2016-01-31,calm,-0.033587828289485186,0.010091844289863407,0,True,Research only; not investment advice.
k2_vol_corr_erc,2016-01-31,2016-01-31,2016-02-29,calm,-0.0018653380081481096,0.01878857197148758,0,False,Research only; not investment advice.
k2_vol_corr_ew,2016-01-31,2016-01-31,2016-02-29,calm,-0.00896574996522457,0.022542590790578285,0,False,Research only; not investment advice.
k2_vol_corr_spread_erc,2016-01-31,2016-01-31,2016-02-29,calm,-0.0018653380081481096,0.01878857197148758,0,False,Research only; not investment advice.
k2_vol_corr_spread_ew,2016-01-31,2016-01-31,2016-02-29,calm,-0.00896574996522457,0.022542590790578285,0,False,Research only; not investment advice.
unconditional_erc,2016-01-31,2016-01-31,2016-02-29,all,0.00038681119665540434,0.04741318300533799,0,False,Research only; not investment advice.
unconditional_ew,2016-01-31,2016-01-31,2016-02-29,all,-0.004817213478887783,0.02327868592741129,0,False,Research only; not investment advice.
always_calm,2016-01-31,2016-01-31,2016-02-29,calm,-0.0018653380081481096,0.01878857197148758,0,False,Research only; not investment advice.
k2_vol_corr_erc,2016-02-29,2016-02-29,2016-03-31,calm,0.04740925001329553,0.006111838958623427,0,False,Research only; not investment advice.
k2_vol_corr_ew,2016-02-29,2016-02-29,2016-03-31,calm,0.06648353824724154,0.012040285359532941,0,False,Research only; not investment advice.
k2_vol_corr_spread_erc,2016-02-29,2016-02-29,2016-03-31,calm,0.04740925001329553,0.006111838958623427,0,False,Research only; not investment advice.
k2_vol_corr_spread_ew,2016-02-29,2016-02-29,2016-03-31,calm,0.06648353824724154,0.012040285359532941,0,False,Research only; not investment advice.
unconditional_erc,2016-02-29,2016-02-29,2016-03-31,all,0.012309599105989095,0.009082585559889847,0,False,Research only; not investment advice.
unconditional_ew,2016-02-29,2016-02-29,2016-03-31,all,0.05636137383162771,0.01206119968001951,0,False,Research only; not investment advice.
always_calm,2016-02-29,2016-02-29,2016-03-31,calm,0.04740925001329553,0.006111838958623427,0,False,Research only; not investment advice.
k2_vol_corr_erc,2016-03-31,2016-03-31,2016-04-30,calm,0.011455569420729594,0.02096419377077049,0,False,Research only; not investment advice.
k2_vol_corr_ew,2016-03-31,2016-03-31,2016-04-30,calm,0.016874648462277295,0.01034364160732722,0,False,Research only; not investment advice.
k2_vol_corr_spread_erc,2016-03-31,2016-03-31,2016-04-30,calm,0.011455569420729594,0.02096419377077049,0,False,Research only; not investment advice.
k2_vol_corr_spread_ew,2016-03-31,2016-03-31,2016-04-30,calm,0.016874648462277295,0.01034364160732722,0,False,Research only; not investment advice.
unconditional_erc,2016-03-31,2016-03-31,2016-04-30,all,0.004015700638523413,0.01637868492286612,0,False,Research only; not investment advice.
unconditional_ew,2016-03-31,2016-03-31,2016-04-30,all,0.02090790757172355,0.014583000129643054,0,False,Research only; not investment advice.
always_calm,2016-03-31,2016-03-31,2016-04-30,calm,0.011455569420729594,0.02096419377077049,0,False,Research only; not investment advice.
k2_vol_corr_erc,2016-04-30,2016-04-30,2016-05-31,calm,0.006338964499045656,0.009675419543006112,0,False,Research only; not investment advice.
k2_vol_corr_ew,2016-04-30,2016-04-30,2016-05-31,calm,0.007844510375763331,0.009314673433861168,0,False,Research only; not investment advice.
k2_vol_corr_spread_erc,2016-04-30,2016-04-30,2016-05-31,calm,0.006338964499045656,0.009675419543006112,0,False,Research only; not investment advice.
k2_vol_corr_spread_ew,2016-04-30,2016-04-30,2016-05-31,calm,0.007844510375763331,0.009314673433861168,0,False,Research only; not investment advice.
unconditional_erc,2016-04-30,2016-04-30,2016-05-31,all,0.0012454999759652543,0.020027254792417667,0,False,Research only; not investment advice.
unconditional_ew,2016-04-30,2016-04-30,2016-05-31,all,0.004396104700841397,0.011629253306575141,0,False,Research only; not investment advice.
always_calm,2016-04-30,2016-04-30,2016-05-31,calm,0.006338964499045656,0.009675419543006112,0,False,Research only; not investment advice.
k2_vol_corr_erc,2016-05-31,2016-05-31,2016-06-30,calm,0.003579642529463385,0.013349996905950899,0,False,Research only; not investment advice.
k2_vol_corr_ew,2016-05-31,2016-05-31,2016-06-30,calm,3.965656259539692e-05,0.009395774493417556,0,False,Research only; not investment advice.
k2_vol_corr_spread_erc,2016-05-31,2016-05-31,2016-06-30,calm,0.003579642529463385,0.013349996905950899,0,False,Research only; not investment advice.
k2_vol_corr_spread_ew,2016-05-31,2016-05-31,2016-06-30,calm,3.965656259539692e-05,0.009395774493417556,0,False,Research only; not investment advice.
unconditional_erc,2016-05-31,2016-05-31,2016-06-30,all,0.003440876555116109,0.011101539476441337,0,False,Research only; not investment advice.
unconditional_ew,2016-05-31,2016-05-31,2016-06-30,all,0.01003069096161929,0.015221495079329317,0,False,Research only; not investment advice.
always_calm,2016-05-31,2016-05-31,2016-06-30,calm,0.003579642529463385,0.013349996905950899,0,False,Research only; not investment advice.
k2_vol_corr_erc,2016-06-30,2016-06-30,2016-07-31,calm,0.023936295872678193,0.010898292141420414,0,False,Research only; not investment advice.
k2_vol_corr_ew,2016-06-30,2016-06-30,2016-07-31,calm,0.03162643723705877,0.011135383125837575,0,False,Research only; not investment advice.
k2_vol_corr_spread_erc,2016-06-30,2016-06-30,2016-07-31,calm,0.023936295872678193,0.010898292141420414,0,False,Research only; not investment advice.
k2_vol_corr_spread_ew,2016-06-30,2016-06-30,2016-07-31,calm,0.03162643723705877,0.011135383125837575,0,False,Research only; not investment advice.
unconditional_erc,2016-06-30,2016-06-30,2016-07-31,all,0.006234092309881643,0.04295259563964205,0,False,Research only; not investment advice.
unconditional_ew,2016-06-30,2016-06-30,2016-07-31,all,0.02079230616878994,0.014919983715297003,0,False,Research only; not investment advice.
always_calm,2016-06-30,2016-06-30,2016-07-31,calm,0.023936295872678193,0.010898292141420414,0,False,Research only; not investment advice.
k2_vol_corr_erc,2016-07-31,2016-07-31,2016-08-31,calm,0.003560123245792446,0.01091203743316239,0,False,Research only; not investment advice.
k2_vol_corr_ew,2016-07-31,2016-07-31,2016-08-31,calm,0.006375844939333693,0.012267989014835157,0,False,Research only; not investment advice.
k2_vol_corr_spread_erc,2016-07-31,2016-07-31,2016-08-31,calm,0.003560123245792446,0.01091203743316239,0,False,Research only; not investment advice.
k2_vol_corr_spread_ew,2016-07-31,2016-07-31,2016-08-31,calm,0.006375844939333693,0.012267989014835157,0,False,Research only; not investment advice.
unconditional_erc,2016-07-31,2016-07-31,2016-08-31,all,0.00021711912255777165,0.023066931629629996,0,False,Research only; not investment advice.
unconditional_ew,2016-07-31,2016-07-31,2016-08-31,all,0.0010741815050232908,0.01694027671805668,0,False,Research only; not investment advice.
always_calm,2016-07-31,2016-07-31,2016-08-31,calm,0.003560123245792446,0.01091203743316239,0,False,Research only; not investment advice.
k2_vol_corr_erc,2016-08-31,2016-08-31,2016-09-30,calm,0.0053712253673991696,0.008012604100077836,0,False,Research only; not investment advice.
k2_vol_corr_ew,2016-08-31,2016-08-31,2016-09-30,calm,0.009612326540224718,0.006105278747675139,0,False,Research only; not investment advice.
k2_vol_corr_spread_erc,2016-08-31,2016-08-31,2016-09-30,calm,0.0053712253673991696,0.008012604100077836,0,False,Research only; not investment advice.
k2_vol_corr_spread_ew,2016-08-31,2016-08-31,2016-09-30,calm,0.009612326540224718,0.006105278747675139,0,False,Research only; not investment advice.
unconditional_erc,2016-08-31,2016-08-31,2016-09-30,all,0.002221693773536148,0.0058515466372719305,0,False,Research only; not investment advice.
unconditional_ew,2016-08-31,2016-08-31,2016-09-30,all,0.01078499057811987,0.008023016774217837,0,False,Research only; not investment advice.
always_calm,2016-08-31,2016-08-31,2016-09-30,calm,0.0053712253673991696,0.008012604100077836,0,False,Research only; not investment advice.
k2_vol_corr_erc,2016-09-30,2016-09-30,2016-10-31,calm,-0.015084761251502125,0.0171449536956674,0,True,Research only; not investment advice.
k2_vol_corr_ew,2016-09-30,2016-09-30,2016-10-31,calm,-0.02443248143367421,0.012167330329520332,0,True,Research only; not investment advice.
k2_vol_corr_spread_erc,2016-09-30,2016-09-30,2016-10-31,calm,-0.015084761251502125,0.0171449536956674,0,True,Research only; not investment advice.
k2_vol_corr_spread_ew,2016-09-30,2016-09-30,2016-10-31,calm,-0.02443248143367421,0.012167330329520332,0,True,Research only; not investment advice.
unconditional_erc,2016-09-30,2016-09-30,2016-10-31,all,-0.004984324434138606,0.014425427604813393,0,True,Research only; not investment advice.
unconditional_ew,2016-09-30,2016-09-30,2016-10-31,all,-0.019887095286678484,0.0109698153482044,0,True,Research only; not investment advice.
always_calm,2016-09-30,2016-09-30,2016-10-31,calm,-0.015084761251502125,0.0171449536956674,0,True,Research only; not investment advice.
k2_vol_corr_erc,2016-10-31,2016-10-31,2016-11-30,calm,0.01785704659492999,0.007439132110434118,0,False,Research only; not investment advice.
k2_vol_corr_ew,2016-10-31,2016-10-31,2016-11-30,calm,0.034320958610650994,0.009203409799707435,0,False,Research only; not investment advice.
k2_vol_corr_spread_erc,2016-10-31,2016-10-31,2016-11-30,calm,0.01785704659492999,0.007439132110434118,0,False,Research only; not investment advice.
k2_vol_corr_spread_ew,2016-10-31,2016-10-31,2016-11-30,calm,0.034320958610650994,0.009203409799707435,0,False,Research only; not investment advice.
unconditional_erc,2016-10-31,2016-10-31,2016-11-30,all,0.0014190449934197813,0.005919805850146582,0,False,Research only; not investment advice.
unconditional_ew,2016-10-31,2016-10-31,2016-11-30,all,0.019016504195697725,0.009861045335843982,0,False,Research only; not investment advice.
always_calm,2016-10-31,2016-10-31,2016-11-30,calm,0.01785704659492999,0.007439132110434118,0,False,Research only; not investment advice.
k2_vol_corr_erc,2016-11-30,2016-11-30,2016-12-31,calm,0.015385710255859717,0.03371473754338482,0,False,Research only; not investment advice.
k2_vol_corr_ew,2016-11-30,2016-11-30,2016-12-31,calm,0.019517602114610313,0.027771154172696818,0,False,Research only; not investment advice.
k2_vol_corr_spread_erc,2016-11-30,2016-11-30,2016-12-31,calm,0.015385710255859717,0.03371473754338482,0,False,Research only; not investment advice.
k2_vol_corr_spread_ew,2016-11-30,2016-11-30,2016-12-31,calm,0.019517602114610313,0.027771154172696818,0,False,Research only; not investment advice.
unconditional_erc,2016-11-30,2016-11-30,2016-12-31,all,0.005307256083502609,0.0216042821097601,0,False,Research only; not investment advice.
unconditional_ew,2016-11-30,2016-11-30,2016-12-31,all,0.01780701202152242,0.028115234133656273,0,False,Research only; not investment advice.
always_calm,2016-11-30,2016-11-30,2016-12-31,calm,0.015385710255859717,0.03371473754338482,0,False,Research only; not investment advice.
k2_vol_corr_erc,2016-12-31,2016-12-31,2017-01-31,calm,0.01163088138385204,0.00910764138235921,0,False,Research only; not investment advice.
k2_vol_corr_ew,2016-12-31,2016-12-31,2017-01-31,calm,0.013122908946591271,0.008479174678937652,0,False,Research only; not investment advice.
k2_vol_corr_spread_erc,2016-12-31,2016-12-31,2017-01-31,calm,0.01163088138385204,0.00910764138235921,0,False,Research only; not investment advice.
k2_vol_corr_spread_ew,2016-12-31,2016-12-31,2017-01-31,calm,0.013122908946591271,0.008479174678937652,0,False,Research only; not investment advice.
unconditional_erc,2016-12-31,2016-12-31,2017-01-31,all,0.004737523753584218,0.011525354443436012,0,False,Research only; not investment advice.
unconditional_ew,2016-12-31,2016-12-31,2017-01-31,all,0.01346994085689947,0.009855140667446537,0,False,Research only; not investment advice.
always_calm,2016-12-31,2016-12-31,2017-01-31,calm,0.01163088138385204,0.00910764138235921,0,False,Research only; not investment advice.
k2_vol_corr_erc,2017-01-31,2017-01-31,2017-02-28,calm,0.016747443923817266,0.009202561525753994,0,False,Research only; not investment advice.
k2_vol_corr_ew,2017-01-31,2017-01-31,2017-02-28,calm,0.020758637125236182,0.00981556134015665,0,False,Research only; not investment advice.
k2_vol_corr_spread_erc,2017-01-31,2017-01-31,2017-02-28,calm,0.016747443923817266,0.009202561525753994,0,False,Research only; not investment advice.
k2_vol_corr_spread_ew,2017-01-31,2017-01-31,2017-02-28,calm,0.020758637125236182,0.00981556134015665,0,False,Research only; not investment advice.
unconditional_erc,2017-01-31,2017-01-31,2017-02-28,all,0.006112977449940143,0.014242289178897187,0,False,Research only; not investment advice.
unconditional_ew,2017-01-31,2017-01-31,2017-02-28,all,0.018456714717948363,0.010345366708907334,0,False,Research only; not investment advice.
always_calm,2017-01-31,2017-01-31,2017-02-28,calm,0.016747443923817266,0.009202561525753994,0,False,Research only; not investment advice.
k2_vol_corr_erc,2017-02-28,2017-02-28,2017-03-31,calm,0.004495940596983899,0.007767177921098067,0,False,Research only; not investment advice.
k2_vol_corr_ew,2017-02-28,2017-02-28,2017-03-31,calm,0.005397199152169125,0.007776190034563831,0,False,Research only; not investment advice.
k2_vol_corr_spread_erc,2017-02-28,2017-02-28,2017-03-31,calm,0.004495940596983899,0.007767177921098067,0,False,Research only; not investment advice.
k2_vol_corr_spread_ew,2017-02-28,2017-02-28,2017-03-31,calm,0.005397199152169125,0.007776190034563831,0,False,Research only; not investment advice.
unconditional_erc,2017-02-28,2017-02-28,2017-03-31,all,0.0009644897041667444,0.011250425928556119,0,False,Research only; not investment advice.
unconditional_ew,2017-02-28,2017-02-28,2017-03-31,all,0.0006506947265638272,0.007845138204847814,0,False,Research only; not investment advice.
always_calm,2017-02-28,2017-02-28,2017-03-31,calm,0.004495940596983899,0.007767177921098067,0,False,Research only; not investment advice.
k2_vol_corr_erc,2017-03-31,2017-03-31,2017-04-30,calm,0.008148385039447299,0.007620337853211664,0,False,Research only; not investment advice.
k2_vol_corr_ew,2017-03-31,2017-03-31,2017-04-30,calm,0.007782764607935609,0.008896266058799817,0,False,Research only; not investment advice.
k2_vol_corr_spread_erc,2017-03-31,2017-03-31,2017-04-30,calm,0.008148385039447299,0.007620337853211664,0,False,Research only; not investment advice.
k2_vol_corr_spread_ew,2017-03-31,2017-03-31,2017-04-30,calm,0.007782764607935609,0.008896266058799817,0,False,Research only; not investment advice.
unconditional_erc,2017-03-31,2017-03-31,2017-04-30,all,0.00345484348726449,0.012113149181658485,0,False,Research only; not investment advice.
unconditional_ew,2017-03-31,2017-03-31,2017-04-30,all,0.006918432324470488,0.020172781224043514,0,False,Research only; not investment advice.
always_calm,2017-03-31,2017-03-31,2017-04-30,calm,0.008148385039447299,0.007620337853211664,0,False,Research only; not investment advice.
k2_vol_corr_erc,2017-04-30,2017-04-30,2017-05-31,calm,0.007777605853852304,0.005320230046168311,0,False,Research only; not investment advice.
k2_vol_corr_ew,2017-04-30,2017-04-30,2017-05-31,calm,0.005088932258292442,0.005757914631875846,0,False,Research only; not investment advice.
k2_vol_corr_spread_erc,2017-04-30,2017-04-30,2017-05-31,calm,0.007777605853852304,0.005320230046168311,0,False,Research only; not investment advice.
k2_vol_corr_spread_ew,2017-04-30,2017-04-30,2017-05-31,calm,0.005088932258292442,0.005757914631875846,0,False,Research only; not investment advice.
unconditional_erc,2017-04-30,2017-04-30,2017-05-31,all,0.004830072641379128,0.02475294678182713,0,False,Research only; not investment advice.
unconditional_ew,2017-04-30,2017-04-30,2017-05-31,all,0.023478769779238115,0.006738693026506133,0,False,Research only; not investment advice.
always_calm,2017-04-30,2017-04-30,2017-05-31,calm,0.007777605853852304,0.005320230046168311,0,False,Research only; not investment advice.
k2_vol_corr_erc,2017-05-31,2017-05-31,2017-06-30,calm,0.0067188321403429015,0.02277684165311564,0,False,Research only; not investment advice.
k2_vol_corr_ew,2017-05-31,2017-05-31,2017-06-30,calm,0.011508153480508324,0.016416980778014657,0,False,Research only; not investment advice.
k2_vol_corr_spread_erc,2017-05-31,2017-05-31,2017-06-30,calm,0.0067188321403429015,0.02277684165311564,0,False,Research only; not investment advice.
k2_vol_corr_spread_ew,2017-05-31,2017-05-31,2017-06-30,calm,0.011508153480508324,0.016416980778014657,0,False,Research only; not investment advice.
unconditional_erc,2017-05-31,2017-05-31,2017-06-30,all,0.0023322836878593794,0.010200188492348963,0,False,Research only; not investment advice.
unconditional_ew,2017-05-31,2017-05-31,2017-06-30,all,0.007035868405960285,0.02312337612486371,0,False,Research only; not investment advice.
always_calm,2017-05-31,2017-05-31,2017-06-30,calm,0.0067188321403429015,0.02277684165311564,0,False,Research only; not investment advice.
k2_vol_corr_erc,2017-06-30,2017-06-30,2017-07-31,calm,0.013552956086646294,0.00416439188511223,0,False,Research only; not investment advice.
k2_vol_corr_ew,2017-06-30,2017-06-30,2017-07-31,calm,0.01780213456750106,0.007840587443184964,0,False,Research only; not investment advice.
k2_vol_corr_spread_erc,2017-06-30,2017-06-30,2017-07-31,calm,0.013552956086646294,0.00416439188511223,0,False,Research only; not investment advice.
k2_vol_corr_spread_ew,2017-06-30,2017-06-30,2017-07-31,calm,0.01780213456750106,0.007840587443184964,0,False,Research only; not investment advice.
unconditional_erc,2017-06-30,2017-06-30,2017-07-31,all,0.00622956602167864,0.027776324402886132,0,False,Research only; not investment advice.
unconditional_ew,2017-06-30,2017-06-30,2017-07-31,all,0.017194050377146736,0.009110651814349939,0,False,Research only; not investment advice.
always_calm,2017-06-30,2017-06-30,2017-07-31,calm,0.013552956086646294,0.00416439188511223,0,False,Research only; not investment advice.
k2_vol_corr_erc,2017-07-31,2017-07-31,2017-08-31,calm,-0.0001597710276355052,0.007856328623253646,0,False,Research only; not investment advice.
k2_vol_corr_ew,2017-07-31,2017-07-31,2017-08-31,calm,0.0016481847821085745,0.006614677765908745,0,False,Research only; not investment advice.
k2_vol_corr_spread_erc,2017-07-31,2017-07-31,2017-08-31,calm,-0.0001597710276355052,0.007856328623253646,0,False,Research only; not investment advice.
k2_vol_corr_spread_ew,2017-07-31,2017-07-31,2017-08-31,calm,0.0016481847821085745,0.006614677765908745,0,False,Research only; not investment advice.
unconditional_erc,2017-07-31,2017-07-31,2017-08-31,all,0.0013678021219491923,0.012311931391147446,0,False,Research only; not investment advice.
unconditional_ew,2017-07-31,2017-07-31,2017-08-31,all,0.011147308404958868,0.007416653559902658,0,False,Research only; not investment advice.
always_calm,2017-07-31,2017-07-31,2017-08-31,calm,-0.0001597710276355052,0.007856328623253646,0,False,Research only; not investment advice.
k2_vol_corr_erc,2017-08-31,2017-08-31,2017-09-30,calm,0.016899045193640713,0.02174277270514567,0,False,Research only; not investment advice.
k2_vol_corr_ew,2017-08-31,2017-08-31,2017-09-30,calm,0.024909488911226074,0.012688579007970512,0,False,Research only; not investment advice.
k2_vol_corr_spread_erc,2017-08-31,2017-08-31,2017-09-30,calm,0.016899045193640713,0.02174277270514567,0,False,Research only; not investment advice.
k2_vol_corr_spread_ew,2017-08-31,2017-08-31,2017-09-30,calm,0.024909488911226074,0.012688579007970512,0,False,Research only; not investment advice.
unconditional_erc,2017-08-31,2017-08-31,2017-09-30,all,0.006058217151256946,0.028233201659216643,0,False,Research only; not investment advice.
unconditional_ew,2017-08-31,2017-08-31,2017-09-30,all,0.015912413835592838,0.016972151992871814,0,False,Research only; not investment advice.
always_calm,2017-08-31,2017-08-31,2017-09-30,calm,0.016899045193640713,0.02174277270514567,0,False,Research only; not investment advice.
k2_vol_corr_erc,2017-09-30,2017-09-30,2017-10-31,calm,0.01024482538314872,0.010793216456452441,0,False,Research only; not investment advice.
k2_vol_corr_ew,2017-09-30,2017-09-30,2017-10-31,calm,0.01296847610576692,0.00953446813349303,0,False,Research only; not investment advice.
k2_vol_corr_spread_erc,2017-09-30,2017-09-30,2017-10-31,calm,0.01024482538314872,0.010793216456452441,0,False,Research only; not investment advice.
k2_vol_corr_spread_ew,2017-09-30,2017-09-30,2017-10-31,calm,0.01296847610576692,0.00953446813349303,0,False,Research only; not investment advice.
unconditional_erc,2017-09-30,2017-09-30,2017-10-31,all,0.0033017572386740625,0.2946844555200945,0,False,Research only; not investment advice.
unconditional_ew,2017-09-30,2017-09-30,2017-10-31,all,0.01197791698858898,0.017418366177745448,0,False,Research only; not investment advice.
always_calm,2017-09-30,2017-09-30,2017-10-31,calm,0.01024482538314872,0.010793216456452441,0,False,Research only; not investment advice.
k2_vol_corr_erc,2017-10-31,2017-10-31,2017-11-30,calm,0.013732891864104712,0.01491753640550239,0,False,Research only; not investment advice.
k2_vol_corr_ew,2017-10-31,2017-10-31,2017-11-30,calm,0.01937455520468058,0.014565515915032325,0,False,Research only; not investment advice.
k2_vol_corr_spread_erc,2017-10-31,2017-10-31,2017-11-30,calm,0.013732891864104712,0.01491753640550239,0,False,Research only; not investment advice.
k2_vol_corr_spread_ew,2017-10-31,2017-10-31,2017-11-30,calm,0.01937455520468058,0.014565515915032325,0,False,Research only; not investment advice.
unconditional_erc,2017-10-31,2017-10-31,2017-11-30,all,0.004093558990424732,0.007653800434146216,0,False,Research only; not investment advice.
unconditional_ew,2017-10-31,2017-10-31,2017-11-30,all,0.021454358473644075,0.012833902902024774,0,False,Research only; not investment advice.
always_calm,2017-10-31,2017-10-31,2017-11-30,calm,0.013732891864104712,0.01491753640550239,0,False,Research only; not investment advice.
k2_vol_corr_erc,2017-11-30,2017-11-30,2017-12-31,calm,0.007141364668829118,0.008478089267183169,0,False,Research only; not investment advice.
k2_vol_corr_ew,2017-11-30,2017-11-30,2017-12-31,calm,0.009589362242169887,0.007971151454967018,0,False,Research only; not investment advice.
k2_vol_corr_spread_erc,2017-11-30,2017-11-30,2017-12-31,calm,0.007141364668829118,0.008478089267183169,0,False,Research only; not investment advice.
k2_vol_corr_spread_ew,2017-11-30,2017-11-30,2017-12-31,calm,0.009589362242169887,0.007971151454967018,0,False,Research only; not investment advice.
unconditional_erc,2017-11-30,2017-11-30,2017-12-31,all,0.003093722424272583,0.008782614129534742,0,False,Research only; not investment advice.
unconditional_ew,2017-11-30,2017-11-30,2017-12-31,all,0.011116053403244053,0.014786519909815006,0,False,Research only; not investment advice.
always_calm,2017-11-30,2017-11-30,2017-12-31,calm,0.007141364668829118,0.008478089267183169,0,False,Research only; not investment advice.
k2_vol_corr_erc,2017-12-31,2017-12-31,2018-01-31,calm,0.025937381762524456,0.03831164277744478,0,False,Research only; not investment advice.
k2_vol_corr_ew,2017-12-31,2017-12-31,2018-01-31,calm,0.038765439239410004,0.012075366486973495,0,False,Research only; not investment advice.
k2_vol_corr_spread_erc,2017-12-31,2017-12-31,2018-01-31,calm,0.025937381762524456,0.03831164277744478,0,False,Research only; not investment advice.
k2_vol_corr_spread_ew,2017-12-31,2017-12-31,2018-01-31,calm,0.038765439239410004,0.012075366486973495,0,False,Research only; not investment advice.
unconditional_erc,2017-12-31,2017-12-31,2018-01-31,all,0.008442690801654959,0.018192458332809223,0,False,Research only; not investment advice.
unconditional_ew,2017-12-31,2017-12-31,2018-01-31,all,0.030245994702166414,0.01091805801755481,0,False,Research only; not investment advice.
always_calm,2017-12-31,2017-12-31,2018-01-31,calm,0.025937381762524456,0.03831164277744478,0,False,Research only; not investment advice.
k2_vol_corr_erc,2018-01-31,2018-01-31,2018-02-28,calm,-0.026686391107372778,0.026131170003896094,0,True,Research only; not investment advice.
k2_vol_corr_ew,2018-01-31,2018-01-31,2018-02-28,calm,-0.033519160840688865,0.009242416182520703,0,True,Research only; not investment advice.
k2_vol_corr_spread_erc,2018-01-31,2018-01-31,2018-02-28,calm,-0.026686391107372778,0.026131170003896094,0,True,Research only; not investment advice.
k2_vol_corr_spread_ew,2018-01-31,2018-01-31,2018-02-28,calm,-0.033519160840688865,0.009242416182520703,0,True,Research only; not investment advice.
unconditional_erc,2018-01-31,2018-01-31,2018-02-28,all,-0.008625457641837262,0.025740107639679145,0,True,Research only; not investment advice.
unconditional_ew,2018-01-31,2018-01-31,2018-02-28,all,-0.026653798248388025,0.012776260773268933,0,True,Research only; not investment advice.
always_calm,2018-01-31,2018-01-31,2018-02-28,calm,-0.026686391107372778,0.026131170003896094,0,True,Research only; not investment advice.
k2_vol_corr_erc,2018-02-28,2018-02-28,2018-03-31,calm,-0.002991028761132641,0.019583218551589586,0,False,Research only; not investment advice.
k2_vol_corr_ew,2018-02-28,2018-02-28,2018-03-31,calm,-0.003538612179553139,0.010763875223516055,0,False,Research only; not investment advice.
k2_vol_corr_spread_erc,2018-02-28,2018-02-28,2018-03-31,calm,-0.002991028761132641,0.019583218551589586,0,False,Research only; not investment advice.
k2_vol_corr_spread_ew,2018-02-28,2018-02-28,2018-03-31,calm,-0.003538612179553139,0.010763875223516055,0,False,Research only; not investment advice.
unconditional_erc,2018-02-28,2018-02-28,2018-03-31,all,0.0003501751252003986,0.01094944139899128,0,False,Research only; not investment advice.
unconditional_ew,2018-02-28,2018-02-28,2018-03-31,all,-0.005590256892228927,0.013032587038833686,0,False,Research only; not investment advice.
always_calm,2018-02-28,2018-02-28,2018-03-31,calm,-0.002991028761132641,0.019583218551589586,0,False,Research only; not investment advice.
k2_vol_corr_erc,2018-03-31,2018-03-31,2018-04-30,calm,0.0023860754289046116,0.0061535624364899575,0,False,Research only; not investment advice.
k2_vol_corr_ew,2018-03-31,2018-03-31,2018-04-30,calm,0.003949052280222442,0.007273252968212867,0,False,Research only; not investment advice.
k2_vol_corr_spread_erc,2018-03-31,2018-03-31,2018-04-30,calm,0.0023860754289046116,0.0061535624364899575,0,False,Research only; not investment advice.
k2_vol_corr_spread_ew,2018-03-31,2018-03-31,2018-04-30,calm,0.003949052280222442,0.007273252968212867,0,False,Research only; not investment advice.
unconditional_erc,2018-03-31,2018-03-31,2018-04-30,all,0.0007166614767156469,0.025135918330236304,0,False,Research only; not investment advice.
unconditional_ew,2018-03-31,2018-03-31,2018-04-30,all,0.0062126312512342016,0.00923947949764177,0,False,Research only; not investment advice.
always_calm,2018-03-31,2018-03-31,2018-04-30,calm,0.0023860754289046116,0.0061535624364899575,0,False,Research only; not investment advice.
k2_vol_corr_erc,2018-04-30,2018-04-30,2018-05-31,calm,0.009106630991931694,0.00908591720571247,0,False,Research only; not investment advice.
k2_vol_corr_ew,2018-04-30,2018-04-30,2018-05-31,calm,0.013310467062940666,0.0060679792676491765,0,False,Research only; not investment advice.
k2_vol_corr_spread_erc,2018-04-30,2018-04-30,2018-05-31,calm,0.009106630991931694,0.00908591720571247,0,False,Research only; not investment advice.
k2_vol_corr_spread_ew,2018-04-30,2018-04-30,2018-05-31,calm,0.013310467062940666,0.0060679792676491765,0,False,Research only; not investment advice.
unconditional_erc,2018-04-30,2018-04-30,2018-05-31,all,0.004573029919507678,0.0072656510680925105,0,False,Research only; not investment advice.
unconditional_ew,2018-04-30,2018-04-30,2018-05-31,all,0.009857210212971744,0.008881905162088014,0,False,Research only; not investment advice.
always_calm,2018-04-30,2018-04-30,2018-05-31,calm,0.009106630991931694,0.00908591720571247,0,False,Research only; not investment advice.
k2_vol_corr_erc,2018-05-31,2018-05-31,2018-06-30,calm,-0.0005797563578770128,0.009434875017430847,0,False,Research only; not investment advice.
k2_vol_corr_ew,2018-05-31,2018-05-31,2018-06-30,calm,-0.0026612598243967423,0.012540909335751152,0,False,Research only; not investment advice.
k2_vol_corr_spread_erc,2018-05-31,2018-05-31,2018-06-30,calm,-0.0005797563578770128,0.009434875017430847,0,False,Research only; not investment advice.
k2_vol_corr_spread_ew,2018-05-31,2018-05-31,2018-06-30,calm,-0.0026612598243967423,0.012540909335751152,0,False,Research only; not investment advice.
unconditional_erc,2018-05-31,2018-05-31,2018-06-30,all,1.9116430190391567e-05,0.024389517199403566,0,False,Research only; not investment advice.
unconditional_ew,2018-05-31,2018-05-31,2018-06-30,all,-0.007421122950526569,0.011815753313540619,0,False,Research only; not investment advice.
always_calm,2018-05-31,2018-05-31,2018-06-30,calm,-0.0005797563578770128,0.009434875017430847,0,False,Research only; not investment advice.
k2_vol_corr_erc,2018-06-30,2018-06-30,2018-07-31,calm,0.01754805288790705,0.0065829171370984044,0,False,Research only; not investment advice.
k2_vol_corr_ew,2018-06-30,2018-06-30,2018-07-31,calm,0.02062241749757717,0.006905059949172819,0,False,Research only; not investment advice.
k2_vol_corr_spread_erc,2018-06-30,2018-06-30,2018-07-31,calm,0.01754805288790705,0.0065829171370984044,0,False,Research only; not investment advice.
k2_vol_corr_spread_ew,2018-06-30,2018-06-30,2018-07-31,calm,0.02062241749757717,0.006905059949172819,0,False,Research only; not investment advice.
unconditional_erc,2018-06-30,2018-06-30,2018-07-31,all,0.0068222285091593966,0.02931425094725225,0,False,Research only; not investment advice.
unconditional_ew,2018-06-30,2018-06-30,2018-07-31,all,0.016852162606041526,0.015192778142407992,0,False,Research only; not investment advice.
always_calm,2018-06-30,2018-06-30,2018-07-31,calm,0.01754805288790705,0.0065829171370984044,0,False,Research only; not investment advice.
k2_vol_corr_erc,2018-07-31,2018-07-31,2018-08-31,calm,0.010242090254111637,0.016754788869028894,0,False,Research only; not investment advice.
k2_vol_corr_ew,2018-07-31,2018-07-31,2018-08-31,calm,0.013352270917487016,0.01432465708101484,0,False,Research only; not investment advice.
k2_vol_corr_spread_erc,2018-07-31,2018-07-31,2018-08-31,calm,0.010242090254111637,0.016754788869028894,0,False,Research only; not investment advice.
k2_vol_corr_spread_ew,2018-07-31,2018-07-31,2018-08-31,calm,0.013352270917487016,0.01432465708101484,0,False,Research only; not investment advice.
unconditional_erc,2018-07-31,2018-07-31,2018-08-31,all,0.004543698460274747,0.02671088431039194,0,False,Research only; not investment advice.
unconditional_ew,2018-07-31,2018-07-31,2018-08-31,all,0.00762215414426999,0.01451224263377476,0,False,Research only; not investment advice.
always_calm,2018-07-31,2018-07-31,2018-08-31,calm,0.010242090254111637,0.016754788869028894,0,False,Research only; not investment advice.
k2_vol_corr_erc,2018-08-31,2018-08-31,2018-09-30,calm,-0.0004422832288454552,0.024803000789374127,0,False,Research only; not investment advice.
k2_vol_corr_ew,2018-08-31,2018-08-31,2018-09-30,calm,-0.0012145739051003786,0.012408288995971031,0,False,Research only; not investment advice.
k2_vol_corr_spread_erc,2018-08-31,2018-08-31,2018-09-30,calm,-0.0004422832288454552,0.024803000789374127,0,False,Research only; not investment advice.
k2_vol_corr_spread_ew,2018-08-31,2018-08-31,2018-09-30,calm,-0.0012145739051003786,0.012408288995971031,0,False,Research only; not investment advice.
unconditional_erc,2018-08-31,2018-08-31,2018-09-30,all,-0.0002099820958854788,0.019496156150651853,0,False,Research only; not investment advice.
unconditional_ew,2018-08-31,2018-08-31,2018-09-30,all,-0.002396037572753669,0.012262651712383915,0,False,Research only; not investment advice.
always_calm,2018-08-31,2018-08-31,2018-09-30,calm,-0.0004422832288454552,0.024803000789374127,0,False,Research only; not investment advice.
k2_vol_corr_erc,2018-09-30,2018-09-30,2018-10-31,calm,-0.04293060419724546,0.061123507359369174,0,True,Research only; not investment advice.
k2_vol_corr_ew,2018-09-30,2018-09-30,2018-10-31,calm,-0.06464143171325597,0.014378197572860112,0,True,Research only; not investment advice.
k2_vol_corr_spread_erc,2018-09-30,2018-09-30,2018-10-31,calm,-0.04293060419724546,0.061123507359369174,0,True,Research only; not investment advice.
k2_vol_corr_spread_ew,2018-09-30,2018-09-30,2018-10-31,calm,-0.06464143171325597,0.014378197572860112,0,True,Research only; not investment advice.
unconditional_erc,2018-09-30,2018-09-30,2018-10-31,all,-0.018411167901163296,0.032510142750010365,0,True,Research only; not investment advice.
unconditional_ew,2018-09-30,2018-09-30,2018-10-31,all,-0.053019350997774675,0.018555042157916216,0,True,Research only; not investment advice.
always_calm,2018-09-30,2018-09-30,2018-10-31,calm,-0.04293060419724546,0.061123507359369174,0,True,Research only; not investment advice.
k2_vol_corr_erc,2018-10-31,2018-10-31,2018-11-30,calm,0.00861422249143323,0.022941603097416018,0,False,Research only; not investment advice.
k2_vol_corr_ew,2018-10-31,2018-10-31,2018-11-30,calm,0.01302787498363819,0.0181615692655141,0,False,Research only; not investment advice.
k2_vol_corr_spread_erc,2018-10-31,2018-10-31,2018-11-30,calm,0.00861422249143323,0.022941603097416018,0,False,Research only; not investment advice.
k2_vol_corr_spread_ew,2018-10-31,2018-10-31,2018-11-30,calm,0.01302787498363819,0.0181615692655141,0,False,Research only; not investment advice.
unconditional_erc,2018-10-31,2018-10-31,2018-11-30,all,0.004655827729763706,0.01758440940590858,0,False,Research only; not investment advice.
unconditional_ew,2018-10-31,2018-10-31,2018-11-30,all,0.006544263018456078,0.022060706870086527,0,False,Research only; not investment advice.
always_calm,2018-10-31,2018-10-31,2018-11-30,calm,0.00861422249143323,0.022941603097416018,0,False,Research only; not investment advice.
k2_vol_corr_erc,2018-11-30,2018-11-30,2018-12-31,calm,-0.04466246342894985,0.02146888188774348,0,True,Research only; not investment advice.
k2_vol_corr_ew,2018-11-30,2018-11-30,2018-12-31,calm,-0.07106329502258074,0.011778814080879878,0,True,Research only; not investment advice.
k2_vol_corr_spread_erc,2018-11-30,2018-11-30,2018-12-31,calm,-0.04466246342894985,0.02146888188774348,0,True,Research only; not investment advice.
k2_vol_corr_spread_ew,2018-11-30,2018-11-30,2018-12-31,calm,-0.07106329502258074,0.011778814080879878,0,True,Research only; not investment advice.
unconditional_erc,2018-11-30,2018-11-30,2018-12-31,all,-0.016076562779736563,0.015730745500317486,0,True,Research only; not investment advice.
unconditional_ew,2018-11-30,2018-11-30,2018-12-31,all,-0.05592683284444445,0.012621157304813863,0,True,Research only; not investment advice.
always_calm,2018-11-30,2018-11-30,2018-12-31,calm,-0.04466246342894985,0.02146888188774348,0,True,Research only; not investment advice.
k2_vol_corr_erc,2018-12-31,2018-12-31,2019-01-31,calm,0.051774058668716226,0.03058985675962396,0,False,Research only; not investment advice.
k2_vol_corr_ew,2018-12-31,2018-12-31,2019-01-31,calm,0.07496368230788168,0.02164135511003463,0,False,Research only; not investment advice.
k2_vol_corr_spread_erc,2018-12-31,2018-12-31,2019-01-31,calm,0.051774058668716226,0.03058985675962396,0,False,Research only; not investment advice.
k2_vol_corr_spread_ew,2018-12-31,2018-12-31,2019-01-31,calm,0.07496368230788168,0.02164135511003463,0,False,Research only; not investment advice.
unconditional_erc,2018-12-31,2018-12-31,2019-01-31,all,0.0245129636998087,0.022173900966263725,0,False,Research only; not investment advice.
unconditional_ew,2018-12-31,2018-12-31,2019-01-31,all,0.06406686000848502,0.026211871515537104,0,False,Research only; not investment advice.
always_calm,2018-12-31,2018-12-31,2019-01-31,calm,0.051774058668716226,0.03058985675962396,0,False,Research only; not investment advice.
k2_vol_corr_erc,2019-01-31,2019-01-31,2019-02-28,stress,0.0020324352122205167,0.9716787394667605,0,False,Research only; not investment advice.
k2_vol_corr_ew,2019-01-31,2019-01-31,2019-02-28,stress,0.005102006410231778,0.9340287561101254,0,False,Research only; not investment advice.
k2_vol_corr_spread_erc,2019-01-31,2019-01-31,2019-02-28,stress,0.0020324352122205167,0.9716787394667605,0,False,Research only; not investment advice.
k2_vol_corr_spread_ew,2019-01-31,2019-01-31,2019-02-28,stress,0.005102006410231778,0.9340287561101254,0,False,Research only; not investment advice.
unconditional_erc,2019-01-31,2019-01-31,2019-02-28,all,0.008769373633275922,0.03011570907371158,0,False,Research only; not investment advice.
unconditional_ew,2019-01-31,2019-01-31,2019-02-28,all,0.025277845650475958,0.016041561380872274,0,False,Research only; not investment advice.
always_calm,2019-01-31,2019-01-31,2019-02-28,calm,0.020121809428368515,0.0385612588243185,0,False,Research only; not investment advice.
k2_vol_corr_erc,2019-02-28,2019-02-28,2019-03-31,stress,0.005269304883804442,0.0073964114890107974,0,False,Research only; not investment advice.
k2_vol_corr_ew,2019-02-28,2019-02-28,2019-03-31,stress,0.0054908113683667485,0.009103014066541942,0,False,Research only; not investment advice.
k2_vol_corr_spread_erc,2019-02-28,2019-02-28,2019-03-31,stress,0.005269304883804442,0.0073964114890107974,0,False,Research only; not investment advice.
k2_vol_corr_spread_ew,2019-02-28,2019-02-28,2019-03-31,stress,0.0054908113683667485,0.009103014066541942,0,False,Research only; not investment advice.
unconditional_erc,2019-02-28,2019-02-28,2019-03-31,all,0.005780781457088362,0.009833836365042026,0,False,Research only; not investment advice.
unconditional_ew,2019-02-28,2019-02-28,2019-03-31,all,0.0049263341581553145,0.011458408867653367,0,False,Research only; not investment advice.
always_calm,2019-02-28,2019-02-28,2019-03-31,calm,0.006577430096346367,0.01352694978751419,0,False,Research only; not investment advice.
k2_vol_corr_erc,2019-03-31,2019-03-31,2019-04-30,calm,0.019527856506505695,0.9713805260431678,0,False,Research only; not investment advice.
k2_vol_corr_ew,2019-03-31,2019-03-31,2019-04-30,calm,0.027473653792474677,0.9345794392523366,0,False,Research only; not investment advice.
k2_vol_corr_spread_erc,2019-03-31,2019-03-31,2019-04-30,stress,0.0034214121322681127,0.01226171672159398,0,False,Research only; not investment advice.
k2_vol_corr_spread_ew,2019-03-31,2019-03-31,2019-04-30,stress,0.010042947141008899,0.007461131342073005,0,False,Research only; not investment advice.
unconditional_erc,2019-03-31,2019-03-31,2019-04-30,all,0.00939935053591807,0.01748166298851401,0,False,Research only; not investment advice.
unconditional_ew,2019-03-31,2019-03-31,2019-04-30,all,0.024410486838683965,0.00898146156426919,0,False,Research only; not investment advice.
always_calm,2019-03-31,2019-03-31,2019-04-30,calm,0.019527856506505695,0.016575386182649164,0,False,Research only; not investment advice.
k2_vol_corr_erc,2019-04-30,2019-04-30,2019-05-31,calm,-0.03234619597605593,0.01194927701897521,0,True,Research only; not investment advice.
k2_vol_corr_ew,2019-04-30,2019-04-30,2019-05-31,calm,-0.055203602726033675,0.008855779452954972,0,True,Research only; not investment advice.
k2_vol_corr_spread_erc,2019-04-30,2019-04-30,2019-05-31,calm,-0.03234619597605593,0.9681804150038633,0,True,Research only; not investment advice.
k2_vol_corr_spread_ew,2019-04-30,2019-04-30,2019-05-31,calm,-0.055203602726033675,0.9345794392523366,0,True,Research only; not investment advice.
unconditional_erc,2019-04-30,2019-04-30,2019-05-31,all,-0.010599073691458148,0.00970189806931165,0,True,Research only; not investment advice.
unconditional_ew,2019-04-30,2019-04-30,2019-05-31,all,-0.03719552530462736,0.011651726388479737,0,True,Research only; not investment advice.
always_calm,2019-04-30,2019-04-30,2019-05-31,calm,-0.03234619597605593,0.01194927701897521,0,True,Research only; not investment advice.
k2_vol_corr_erc,2019-05-31,2019-05-31,2019-06-30,calm,0.03852841327449579,0.010774987379691976,0,False,Research only; not investment advice.
k2_vol_corr_ew,2019-05-31,2019-05-31,2019-06-30,calm,0.05751684754435835,0.014001770952105308,0,False,Research only; not investment advice.
k2_vol_corr_spread_erc,2019-05-31,2019-05-31,2019-06-30,calm,0.03852841327449579,0.010774987379691976,0,False,Research only; not investment advice.
k2_vol_corr_spread_ew,2019-05-31,2019-05-31,2019-06-30,calm,0.05751684754435835,0.014001770952105308,0,False,Research only; not investment advice.
unconditional_erc,2019-05-31,2019-05-31,2019-06-30,all,0.01976685827943056,0.01163360827496246,0,False,Research only; not investment advice.
unconditional_ew,2019-05-31,2019-05-31,2019-06-30,all,0.05204213567796186,0.023577960068183797,0,False,Research only; not investment advice.
always_calm,2019-05-31,2019-05-31,2019-06-30,calm,0.03852841327449579,0.010774987379691976,0,False,Research only; not investment advice.
k2_vol_corr_erc,2019-06-30,2019-06-30,2019-07-31,calm,0.0025909947596412016,0.028498031828829547,0,False,Research only; not investment advice.
k2_vol_corr_ew,2019-06-30,2019-06-30,2019-07-31,calm,0.002202806816702504,0.01695440320360394,0,False,Research only; not investment advice.
k2_vol_corr_spread_erc,2019-06-30,2019-06-30,2019-07-31,calm,0.0025909947596412016,0.028498031828829547,0,False,Research only; not investment advice.
k2_vol_corr_spread_ew,2019-06-30,2019-06-30,2019-07-31,calm,0.002202806816702504,0.01695440320360394,0,False,Research only; not investment advice.
unconditional_erc,2019-06-30,2019-06-30,2019-07-31,all,0.0016712875635193781,0.024230707803597186,0,False,Research only; not investment advice.
unconditional_ew,2019-06-30,2019-06-30,2019-07-31,all,0.00034678062839074274,0.018098960092496424,0,False,Research only; not investment advice.
always_calm,2019-06-30,2019-06-30,2019-07-31,calm,0.0025909947596412016,0.028498031828829547,0,False,Research only; not investment advice.
k2_vol_corr_erc,2019-07-31,2019-07-31,2019-08-31,calm,-0.010456579109290704,0.007980508762122154,0,False,Research only; not investment advice.
k2_vol_corr_ew,2019-07-31,2019-07-31,2019-08-31,calm,-0.023067841725412635,0.0073377990652445865,0,False,Research only; not investment advice.
k2_vol_corr_spread_erc,2019-07-31,2019-07-31,2019-08-31,calm,-0.010456579109290704,0.007980508762122154,0,False,Research only; not investment advice.
k2_vol_corr_spread_ew,2019-07-31,2019-07-31,2019-08-31,calm,-0.023067841725412635,0.0073377990652445865,0,False,Research only; not investment advice.
unconditional_erc,2019-07-31,2019-07-31,2019-08-31,all,-0.00029987321816569296,0.006766224070334156,0,False,Research only; not investment advice.
unconditional_ew,2019-07-31,2019-07-31,2019-08-31,all,-0.016150205574044858,0.007533075170954551,0,False,Research only; not investment advice.
always_calm,2019-07-31,2019-07-31,2019-08-31,calm,-0.010456579109290704,0.007980508762122154,0,False,Research only; not investment advice.
k2_vol_corr_erc,2019-08-31,2019-08-31,2019-09-30,calm,0.014695187297272668,0.054723170847975774,0,False,Research only; not investment advice.
k2_vol_corr_ew,2019-08-31,2019-08-31,2019-09-30,calm,0.022193557061251767,0.037130571448270214,0,False,Research only; not investment advice.
k2_vol_corr_spread_erc,2019-08-31,2019-08-31,2019-09-30,calm,0.014695187297272668,0.054723170847975774,0,False,Research only; not investment advice.
k2_vol_corr_spread_ew,2019-08-31,2019-08-31,2019-09-30,calm,0.022193557061251767,0.037130571448270214,0,False,Research only; not investment advice.
unconditional_erc,2019-08-31,2019-08-31,2019-09-30,all,0.006068123602217366,0.03332881621073058,0,False,Research only; not investment advice.
unconditional_ew,2019-08-31,2019-08-31,2019-09-30,all,0.015919175746742516,0.036529842905641555,0,False,Research only; not investment advice.
always_calm,2019-08-31,2019-08-31,2019-09-30,calm,0.014695187297272668,0.054723170847975774,0,False,Research only; not investment advice.
k2_vol_corr_erc,2019-09-30,2019-09-30,2019-10-31,calm,0.012983610312183341,0.01929000189976472,0,False,Research only; not investment advice.
k2_vol_corr_ew,2019-09-30,2019-09-30,2019-10-31,calm,0.02033449928144259,0.013818650161867299,0,False,Research only; not investment advice.
k2_vol_corr_spread_erc,2019-09-30,2019-09-30,2019-10-31,calm,0.012983610312183341,0.01929000189976472,0,False,Research only; not investment advice.
k2_vol_corr_spread_ew,2019-09-30,2019-09-30,2019-10-31,calm,0.02033449928144259,0.013818650161867299,0,False,Research only; not investment advice.
unconditional_erc,2019-09-30,2019-09-30,2019-10-31,all,0.007613857147773273,0.011309977163556636,0,False,Research only; not investment advice.
unconditional_ew,2019-09-30,2019-09-30,2019-10-31,all,0.018392202728644787,0.01439986182327112,0,False,Research only; not investment advice.
always_calm,2019-09-30,2019-09-30,2019-10-31,calm,0.012983610312183341,0.01929000189976472,0,False,Research only; not investment advice.
k2_vol_corr_erc,2019-10-31,2019-10-31,2019-11-30,calm,0.014235639385585057,0.0378922163745369,0,False,Research only; not investment advice.
k2_vol_corr_ew,2019-10-31,2019-10-31,2019-11-30,calm,0.022531535219420282,0.027258059979489546,0,False,Research only; not investment advice.
k2_vol_corr_spread_erc,2019-10-31,2019-10-31,2019-11-30,calm,0.014235639385585057,0.0378922163745369,0,False,Research only; not investment advice.
k2_vol_corr_spread_ew,2019-10-31,2019-10-31,2019-11-30,calm,0.022531535219420282,0.027258059979489546,0,False,Research only; not investment advice.
unconditional_erc,2019-10-31,2019-10-31,2019-11-30,all,0.006284237084175446,0.031304901011877176,0,False,Research only; not investment advice.
unconditional_ew,2019-10-31,2019-10-31,2019-11-30,all,0.015877956601481072,0.027214293008899562,0,False,Research only; not investment advice.
always_calm,2019-10-31,2019-10-31,2019-11-30,calm,0.014235639385585057,0.0378922163745369,0,False,Research only; not investment advice.
k2_vol_corr_erc,2019-11-30,2019-11-30,2019-12-31,calm,0.018104723692323833,0.03155131399397319,0,False,Research only; not investment advice.
k2_vol_corr_ew,2019-11-30,2019-11-30,2019-12-31,calm,0.029056869122455413,0.009525977438686498,0,False,Research only; not investment advice.
k2_vol_corr_spread_erc,2019-11-30,2019-11-30,2019-12-31,calm,0.018104723692323833,0.03155131399397319,0,False,Research only; not investment advice.
k2_vol_corr_spread_ew,2019-11-30,2019-11-30,2019-12-31,calm,0.029056869122455413,0.009525977438686498,0,False,Research only; not investment advice.
unconditional_erc,2019-11-30,2019-11-30,2019-12-31,all,0.00988635044792556,0.02780676069786306,0,False,Research only; not investment advice.
unconditional_ew,2019-11-30,2019-11-30,2019-12-31,all,0.02585550418050339,0.010907125475301963,0,False,Research only; not investment advice.
always_calm,2019-11-30,2019-11-30,2019-12-31,calm,0.018104723692323833,0.03155131399397319,0,False,Research only; not investment advice.
k2_vol_corr_erc,2019-12-31,2019-12-31,2020-01-31,calm,-0.006909466337480583,0.011795848747813427,0,False,Research only; not investment advice.
k2_vol_corr_ew,2019-12-31,2019-12-31,2020-01-31,calm,-0.0186638255623338,0.00706492279539839,0,False,Research only; not investment advice.
k2_vol_corr_spread_erc,2019-12-31,2019-12-31,2020-01-31,calm,-0.006909466337480583,0.011795848747813427,0,False,Research only; not investment advice.
k2_vol_corr_spread_ew,2019-12-31,2019-12-31,2020-01-31,calm,-0.0186638255623338,0.00706492279539839,0,False,Research only; not investment advice.
unconditional_erc,2019-12-31,2019-12-31,2020-01-31,all,0.00015297081015768713,0.01136741848526527,0,False,Research only; not investment advice.
unconditional_ew,2019-12-31,2019-12-31,2020-01-31,all,-0.011526075286800141,0.008804449987506124,0,False,Research only; not investment advice.
always_calm,2019-12-31,2019-12-31,2020-01-31,calm,-0.006909466337480583,0.011795848747813427,0,False,Research only; not investment advice.
k2_vol_corr_erc,2020-01-31,2020-01-31,2020-02-29,calm,-0.03923184632448345,0.06848567614180098,0,True,Research only; not investment advice.
k2_vol_corr_ew,2020-01-31,2020-01-31,2020-02-29,calm,-0.06301145841449075,0.029850167626812345,0,True,Research only; not investment advice.
k2_vol_corr_spread_erc,2020-01-31,2020-01-31,2020-02-29,calm,-0.03923184632448345,0.06848567614180098,0,True,Research only; not investment advice.
k2_vol_corr_spread_ew,2020-01-31,2020-01-31,2020-02-29,calm,-0.06301145841449075,0.029850167626812345,0,True,Research only; not investment advice.
unconditional_erc,2020-01-31,2020-01-31,2020-02-29,all,-0.016374686487918386,0.030824375117055908,0,True,Research only; not investment advice.
unconditional_ew,2020-01-31,2020-01-31,2020-02-29,all,-0.05306299181428865,0.02625898563307755,0,True,Research only; not investment advice.
always_calm,2020-01-31,2020-01-31,2020-02-29,calm,-0.03923184632448345,0.06848567614180098,0,True,Research only; not investment advice.
k2_vol_corr_erc,2020-02-29,2020-02-29,2020-03-31,calm,-0.09027690467074441,0.025656782527038617,0,True,Research only; not investment advice.
k2_vol_corr_ew,2020-02-29,2020-02-29,2020-03-31,calm,-0.1436038823911386,0.017683458820212994,0,True,Research only; not investment advice.
k2_vol_corr_spread_erc,2020-02-29,2020-02-29,2020-03-31,calm,-0.09027690467074441,0.025656782527038617,0,True,Research only; not investment advice.
k2_vol_corr_spread_ew,2020-02-29,2020-02-29,2020-03-31,calm,-0.1436038823911386,0.017683458820212994,0,True,Research only; not investment advice.
unconditional_erc,2020-02-29,2020-02-29,2020-03-31,all,-0.04198131012742723,0.01828787812493403,0,True,Research only; not investment advice.
unconditional_ew,2020-02-29,2020-02-29,2020-03-31,all,-0.12682190036035915,0.02178574001235649,0,True,Research only; not investment advice.
always_calm,2020-02-29,2020-02-29,2020-03-31,calm,-0.09027690467074441,0.025656782527038617,0,True,Research only; not investment advice.
k2_vol_corr_erc,2020-03-31,2020-03-31,2020-04-30,stress,0.006814357649767395,0.9794826150056868,0,False,Research only; not investment advice.
k2_vol_corr_ew,2020-03-31,2020-03-31,2020-04-30,stress,0.025856604135506535,0.9423512158339953,0,False,Research only; not investment advice.
k2_vol_corr_spread_erc,2020-03-31,2020-03-31,2020-04-30,stress,0.006814357649767395,0.9794826150056868,0,False,Research only; not investment advice.
k2_vol_corr_spread_ew,2020-03-31,2020-03-31,2020-04-30,stress,0.025856604135506535,0.9423512158339953,0,False,Research only; not investment advice.
unconditional_erc,2020-03-31,2020-03-31,2020-04-30,all,0.025026403609349775,0.05492408163633203,0,False,Research only; not investment advice.
unconditional_ew,2020-03-31,2020-03-31,2020-04-30,all,0.07349708924473838,0.04537507348239328,0,False,Research only; not investment advice.
always_calm,2020-03-31,2020-03-31,2020-04-30,calm,0.05543778668292456,0.06400421938376592,0,False,Research only; not investment advice.
k2_vol_corr_erc,2020-04-30,2020-04-30,2020-05-31,stress,0.005908687617808781,0.04133977488081535,0,False,Research only; not investment advice.
k2_vol_corr_ew,2020-04-30,2020-04-30,2020-05-31,stress,0.0374892559327025,0.04124453821534166,0,False,Research only; not investment advice.
k2_vol_corr_spread_erc,2020-04-30,2020-04-30,2020-05-31,stress,0.005908687617808781,0.04133977488081535,0,False,Research only; not investment advice.
k2_vol_corr_spread_ew,2020-04-30,2020-04-30,2020-05-31,stress,0.0374892559327025,0.04124453821534166,0,False,Research only; not investment advice.
unconditional_erc,2020-04-30,2020-04-30,2020-05-31,all,0.014787934191467445,0.05157199122252105,0,False,Research only; not investment advice.
unconditional_ew,2020-04-30,2020-04-30,2020-05-31,all,0.0485250027891012,0.041644977919819366,0,False,Research only; not investment advice.
always_calm,2020-04-30,2020-04-30,2020-05-31,calm,0.028741134427254622,0.06612663621619605,0,False,Research only; not investment advice.
k2_vol_corr_erc,2020-05-31,2020-05-31,2020-06-30,stress,0.0025257996723804395,0.007595662224795462,0,False,Research only; not investment advice.
k2_vol_corr_ew,2020-05-31,2020-05-31,2020-06-30,stress,0.010153949511409072,0.01747714203638357,0,False,Research only; not investment advice.
k2_vol_corr_spread_erc,2020-05-31,2020-05-31,2020-06-30,stress,0.0025257996723804395,0.007595662224795462,0,False,Research only; not investment advice.
k2_vol_corr_spread_ew,2020-05-31,2020-05-31,2020-06-30,stress,0.010153949511409072,0.01747714203638357,0,False,Research only; not investment advice.
unconditional_erc,2020-05-31,2020-05-31,2020-06-30,all,0.006412251117362669,0.010910511101159861,0,False,Research only; not investment advice.
unconditional_ew,2020-05-31,2020-05-31,2020-06-30,all,0.019442098763120017,0.016321416367379382,0,False,Research only; not investment advice.
always_calm,2020-05-31,2020-05-31,2020-06-30,calm,0.01183516796858755,0.015444676206286796,0,False,Research only; not investment advice.
k2_vol_corr_erc,2020-06-30,2020-06-30,2020-07-31,stress,0.007734725368630977,0.011352888133788147,0,False,Research only; not investment advice.
k2_vol_corr_ew,2020-06-30,2020-06-30,2020-07-31,stress,0.0375761028517212,0.007529502319064695,0,False,Research only; not investment advice.
k2_vol_corr_spread_erc,2020-06-30,2020-06-30,2020-07-31,stress,0.007734725368630977,0.011352888133788147,0,False,Research only; not investment advice.
k2_vol_corr_spread_ew,2020-06-30,2020-06-30,2020-07-31,stress,0.0375761028517212,0.007529502319064695,0,False,Research only; not investment advice.
unconditional_erc,2020-06-30,2020-06-30,2020-07-31,all,0.013279816839128352,0.01863593695149019,0,False,Research only; not investment advice.
unconditional_ew,2020-06-30,2020-06-30,2020-07-31,all,0.0360718303474844,0.026205505523633304,0,False,Research only; not investment advice.
always_calm,2020-06-30,2020-06-30,2020-07-31,calm,0.02144417196752462,0.03582260658308126,0,False,Research only; not investment advice.
k2_vol_corr_erc,2020-07-31,2020-07-31,2020-08-31,stress,0.002809261913762257,0.009399382396900012,0,False,Research only; not investment advice.
k2_vol_corr_ew,2020-07-31,2020-07-31,2020-08-31,stress,0.022158856937205207,0.015369129304828453,0,False,Research only; not investment advice.
k2_vol_corr_spread_erc,2020-07-31,2020-07-31,2020-08-31,stress,0.002809261913762257,0.009399382396900012,0,False,Research only; not investment advice.
k2_vol_corr_spread_ew,2020-07-31,2020-07-31,2020-08-31,stress,0.022158856937205207,0.015369129304828453,0,False,Research only; not investment advice.
unconditional_erc,2020-07-31,2020-07-31,2020-08-31,all,0.010524318424953497,0.015041127906094288,0,False,Research only; not investment advice.
unconditional_ew,2020-07-31,2020-07-31,2020-08-31,all,0.033498644063219764,0.019643232870216774,0,False,Research only; not investment advice.
always_calm,2020-07-31,2020-07-31,2020-08-31,calm,0.022105833056517286,0.02595386781576456,0,False,Research only; not investment advice.
k2_vol_corr_erc,2020-08-31,2020-08-31,2020-09-30,stress,-0.0016935776496974178,0.008989346710364556,0,True,Research only; not investment advice.
k2_vol_corr_ew,2020-08-31,2020-08-31,2020-09-30,stress,-0.012808741863225007,0.014031489043552954,0,True,Research only; not investment advice.
k2_vol_corr_spread_erc,2020-08-31,2020-08-31,2020-09-30,stress,-0.0016935776496974178,0.008989346710364556,0,True,Research only; not investment advice.
k2_vol_corr_spread_ew,2020-08-31,2020-08-31,2020-09-30,stress,-0.012808741863225007,0.014031489043552954,0,True,Research only; not investment advice.
unconditional_erc,2020-08-31,2020-08-31,2020-09-30,all,-0.005767361195588665,0.03320761181924893,0,True,Research only; not investment advice.
unconditional_ew,2020-08-31,2020-08-31,2020-09-30,all,-0.023393626319961836,0.025090765171385587,0,True,Research only; not investment advice.
always_calm,2020-08-31,2020-08-31,2020-09-30,calm,-0.01094243423422081,0.0637376166447695,0,True,Research only; not investment advice.
k2_vol_corr_erc,2020-09-30,2020-09-30,2020-10-31,stress,-0.0020023133533619785,0.012569268701189917,0,False,Research only; not investment advice.
k2_vol_corr_ew,2020-09-30,2020-09-30,2020-10-31,stress,-0.010299621689438305,0.01132273012450821,0,False,Research only; not investment advice.
k2_vol_corr_spread_erc,2020-09-30,2020-09-30,2020-10-31,stress,-0.0020023133533619785,0.012569268701189917,0,False,Research only; not investment advice.
k2_vol_corr_spread_ew,2020-09-30,2020-09-30,2020-10-31,stress,-0.010299621689438305,0.01132273012450821,0,False,Research only; not investment advice.
unconditional_erc,2020-09-30,2020-09-30,2020-10-31,all,-0.0036871677204077732,0.019502168726992328,0,False,Research only; not investment advice.
unconditional_ew,2020-09-30,2020-09-30,2020-10-31,all,-0.0035160441473945326,0.023393365707233035,0,False,Research only; not investment advice.
always_calm,2020-09-30,2020-09-30,2020-10-31,calm,-0.0065316341306465315,0.032554234301997,0,False,Research only; not investment advice.
k2_vol_corr_erc,2020-10-31,2020-10-31,2020-11-30,calm,0.05626229389089299,0.9783220278438896,0,False,Research only; not investment advice.
k2_vol_corr_ew,2020-10-31,2020-10-31,2020-11-30,calm,0.10445129636824804,0.9481481481481482,0,False,Research only; not investment advice.
k2_vol_corr_spread_erc,2020-10-31,2020-10-31,2020-11-30,calm,0.05626229389089299,0.9783220278438896,0,False,Research only; not investment advice.
k2_vol_corr_spread_ew,2020-10-31,2020-10-31,2020-11-30,calm,0.10445129636824804,0.9481481481481482,0,False,Research only; not investment advice.
unconditional_erc,2020-10-31,2020-10-31,2020-11-30,all,0.029893037214089657,0.012894680417903157,0,False,Research only; not investment advice.
unconditional_ew,2020-10-31,2020-10-31,2020-11-30,all,0.09641918685902953,0.01880491711730213,0,False,Research only; not investment advice.
always_calm,2020-10-31,2020-10-31,2020-11-30,calm,0.05626229389089299,0.023182122544198394,0,False,Research only; not investment advice.
k2_vol_corr_erc,2020-11-30,2020-11-30,2020-12-31,stress,0.006056034478892911,0.9789699933708986,0,False,Research only; not investment advice.
k2_vol_corr_ew,2020-11-30,2020-11-30,2020-12-31,stress,0.03582819763905467,0.9467331264443495,0,False,Research only; not investment advice.
k2_vol_corr_spread_erc,2020-11-30,2020-11-30,2020-12-31,stress,0.006056034478892911,0.9789699933708986,0,False,Research only; not investment advice.
k2_vol_corr_spread_ew,2020-11-30,2020-11-30,2020-12-31,stress,0.03582819763905467,0.9467331264443495,0,False,Research only; not investment advice.
unconditional_erc,2020-11-30,2020-11-30,2020-12-31,all,0.012341718116713134,0.03650354900501978,0,False,Research only; not investment advice.
unconditional_ew,2020-11-30,2020-11-30,2020-12-31,all,0.0416388513082456,0.04322258852519273,0,False,Research only; not investment advice.
always_calm,2020-11-30,2020-11-30,2020-12-31,calm,0.01953343647142236,0.0514695575762793,0,False,Research only; not investment advice.
k2_vol_corr_erc,2020-12-31,2020-12-31,2021-01-31,stress,-0.00010086747594407143,0.007400041684642082,0,False,Research only; not investment advice.
k2_vol_corr_ew,2020-12-31,2020-12-31,2021-01-31,stress,0.002371848064986513,0.014716142171909094,0,False,Research only; not investment advice.
k2_vol_corr_spread_erc,2020-12-31,2020-12-31,2021-01-31,stress,-0.00010086747594407143,0.007400041684642082,0,False,Research only; not investment advice.
k2_vol_corr_spread_ew,2020-12-31,2020-12-31,2021-01-31,stress,0.002371848064986513,0.014716142171909094,0,False,Research only; not investment advice.
unconditional_erc,2020-12-31,2020-12-31,2021-01-31,all,0.00036155130906122024,0.01589462858250494,0,False,Research only; not investment advice.
unconditional_ew,2020-12-31,2020-12-31,2021-01-31,all,0.008529465309076835,0.02306810773683767,0,False,Research only; not investment advice.
always_calm,2020-12-31,2020-12-31,2021-01-31,calm,0.0006526453755024411,0.027765603613104414,0,False,Research only; not investment advice.
k2_vol_corr_erc,2021-01-31,2021-01-31,2021-02-28,stress,-0.0009411354082901298,0.012135369927884321,0,False,Research only; not investment advice.
k2_vol_corr_ew,2021-01-31,2021-01-31,2021-02-28,stress,0.015415909373275992,0.0084888161518841,0,False,Research only; not investment advice.
k2_vol_corr_spread_erc,2021-01-31,2021-01-31,2021-02-28,stress,-0.0009411354082901298,0.012135369927884321,0,False,Research only; not investment advice.
k2_vol_corr_spread_ew,2021-01-31,2021-01-31,2021-02-28,stress,0.015415909373275992,0.0084888161518841,0,False,Research only; not investment advice.
unconditional_erc,2021-01-31,2021-01-31,2021-02-28,all,0.005475201700335655,0.021631345435439757,0,False,Research only; not investment advice.
unconditional_ew,2021-01-31,2021-01-31,2021-02-28,all,0.025830204513297615,0.02319439934756461,0,False,Research only; not investment advice.
always_calm,2021-01-31,2021-01-31,2021-02-28,calm,0.013187898205516413,0.03531559380683113,0,False,Research only; not investment advice.
k2_vol_corr_erc,2021-02-28,2021-02-28,2021-03-31,stress,-2.0120061986629568e-05,0.007191527573240175,0,False,Research only; not investment advice.
k2_vol_corr_ew,2021-02-28,2021-02-28,2021-03-31,stress,0.0050004332486036805,0.01888217677496801,0,False,Research only; not investment advice.
k2_vol_corr_spread_erc,2021-02-28,2021-02-28,2021-03-31,stress,-2.0120061986629568e-05,0.007191527573240175,0,False,Research only; not investment advice.
k2_vol_corr_spread_ew,2021-02-28,2021-02-28,2021-03-31,stress,0.0050004332486036805,0.01888217677496801,0,False,Research only; not investment advice.
unconditional_erc,2021-02-28,2021-02-28,2021-03-31,all,0.006846302548950533,0.015687802566014333,0,False,Research only; not investment advice.
unconditional_ew,2021-02-28,2021-02-28,2021-03-31,all,0.019115902401736728,0.023709365277480826,0,False,Research only; not investment advice.
always_calm,2021-02-28,2021-02-28,2021-03-31,calm,0.014750735390831467,0.028829452160484378,0,False,Research only; not investment advice.
k2_vol_corr_erc,2021-03-31,2021-03-31,2021-04-30,stress,0.0068510428729783605,0.005430654674861968,0,False,Research only; not investment advice.
k2_vol_corr_ew,2021-03-31,2021-03-31,2021-04-30,stress,0.03601111637291077,0.012757548102726586,0,False,Research only; not investment advice.
k2_vol_corr_spread_erc,2021-03-31,2021-03-31,2021-04-30,stress,0.0068510428729783605,0.005430654674861968,0,False,Research only; not investment advice.
k2_vol_corr_spread_ew,2021-03-31,2021-03-31,2021-04-30,stress,0.03601111637291077,0.012757548102726586,0,False,Research only; not investment advice.
unconditional_erc,2021-03-31,2021-03-31,2021-04-30,all,0.010683982417937594,0.025533852336352376,0,False,Research only; not investment advice.
unconditional_ew,2021-03-31,2021-03-31,2021-04-30,all,0.029201206034349485,0.022964988004917024,0,False,Research only; not investment advice.
always_calm,2021-03-31,2021-03-31,2021-04-30,calm,0.01453883846291173,0.04486966619107353,0,False,Research only; not investment advice.
k2_vol_corr_erc,2021-04-30,2021-04-30,2021-05-31,stress,0.003335411810776549,0.00817147794101818,0,False,Research only; not investment advice.
k2_vol_corr_ew,2021-04-30,2021-04-30,2021-05-31,stress,0.01484473983433458,0.014780799383039564,0,False,Research only; not investment advice.
k2_vol_corr_spread_erc,2021-04-30,2021-04-30,2021-05-31,calm,0.006855288451235668,0.9807813277243369,0,False,Research only; not investment advice.
k2_vol_corr_spread_ew,2021-04-30,2021-04-30,2021-05-31,calm,0.011895609719316157,0.9545454545454546,0,False,Research only; not investment advice.
unconditional_erc,2021-04-30,2021-04-30,2021-05-31,all,0.004874325689913649,0.03552732392844788,0,False,Research only; not investment advice.
unconditional_ew,2021-04-30,2021-04-30,2021-05-31,all,0.009662694069604523,0.017039014193302036,0,False,Research only; not investment advice.
always_calm,2021-04-30,2021-04-30,2021-05-31,calm,0.006855288451235668,0.06453909315147045,0,False,Research only; not investment advice.
k2_vol_corr_erc,2021-05-31,2021-05-31,2021-06-30,calm,0.005617592782881737,0.9821759665472137,0,False,Research only; not investment advice.
k2_vol_corr_ew,2021-05-31,2021-05-31,2021-06-30,calm,0.007537808130772762,0.9562500000000002,0,False,Research only; not investment advice.
k2_vol_corr_spread_erc,2021-05-31,2021-05-31,2021-06-30,calm,0.005617592782881737,0.08158240655658498,0,False,Research only; not investment advice.
k2_vol_corr_spread_ew,2021-05-31,2021-05-31,2021-06-30,calm,0.007537808130772762,0.03873877813318516,0,False,Research only; not investment advice.
unconditional_erc,2021-05-31,2021-05-31,2021-06-30,all,0.0034350646417368952,0.0461625888760608,0,False,Research only; not investment advice.
unconditional_ew,2021-05-31,2021-05-31,2021-06-30,all,0.005976161614091318,0.03361864338896742,0,False,Research only; not investment advice.
always_calm,2021-05-31,2021-05-31,2021-06-30,calm,0.005617592782881737,0.08158240655658498,0,False,Research only; not investment advice.
k2_vol_corr_erc,2021-06-30,2021-06-30,2021-07-31,calm,0.002488477782461009,0.0055815159762178535,0,False,Research only; not investment advice.
k2_vol_corr_ew,2021-06-30,2021-06-30,2021-07-31,calm,0.0011028665262253446,0.0087987212415667,0,False,Research only; not investment advice.
k2_vol_corr_spread_erc,2021-06-30,2021-06-30,2021-07-31,calm,0.002488477782461009,0.0055815159762178535,0,False,Research only; not investment advice.
k2_vol_corr_spread_ew,2021-06-30,2021-06-30,2021-07-31,calm,0.0011028665262253446,0.0087987212415667,0,False,Research only; not investment advice.
unconditional_erc,2021-06-30,2021-06-30,2021-07-31,all,0.0007460850875357786,0.7610811304837931,0,False,Research only; not investment advice.
unconditional_ew,2021-06-30,2021-06-30,2021-07-31,all,0.0029846678447941156,0.01235918888627863,0,False,Research only; not investment advice.
always_calm,2021-06-30,2021-06-30,2021-07-31,calm,0.002488477782461009,0.0055815159762178535,0,False,Research only; not investment advice.
k2_vol_corr_erc,2021-07-31,2021-07-31,2021-08-31,calm,0.009544821579993715,0.028464771346228247,0,False,Research only; not investment advice.
k2_vol_corr_ew,2021-07-31,2021-07-31,2021-08-31,calm,0.015580369457298359,0.01688463531780566,0,False,Research only; not investment advice.
k2_vol_corr_spread_erc,2021-07-31,2021-07-31,2021-08-31,calm,0.009544821579993715,0.028464771346228247,0,False,Research only; not investment advice.
k2_vol_corr_spread_ew,2021-07-31,2021-07-31,2021-08-31,calm,0.015580369457298359,0.01688463531780566,0,False,Research only; not investment advice.
unconditional_erc,2021-07-31,2021-07-31,2021-08-31,all,0.0013695503490748918,0.005095197337607242,0,False,Research only; not investment advice.
unconditional_ew,2021-07-31,2021-07-31,2021-08-31,all,0.015475697170997482,0.014627026491019431,0,False,Research only; not investment advice.
always_calm,2021-07-31,2021-07-31,2021-08-31,calm,0.009544821579993715,0.028464771346228247,0,False,Research only; not investment advice.
k2_vol_corr_erc,2021-08-31,2021-08-31,2021-09-30,calm,-0.013886781554732847,0.04063799641595197,0,True,Research only; not investment advice.
k2_vol_corr_ew,2021-08-31,2021-08-31,2021-09-30,calm,-0.020750922591773142,0.014564108762638799,0,True,Research only; not investment advice.
k2_vol_corr_spread_erc,2021-08-31,2021-08-31,2021-09-30,calm,-0.013886781554732847,0.04063799641595197,0,True,Research only; not investment advice.
k2_vol_corr_spread_ew,2021-08-31,2021-08-31,2021-09-30,calm,-0.020750922591773142,0.014564108762638799,0,True,Research only; not investment advice.
unconditional_erc,2021-08-31,2021-08-31,2021-09-30,all,-0.002330781945756274,0.006360140407000156,0,True,Research only; not investment advice.
unconditional_ew,2021-08-31,2021-08-31,2021-09-30,all,-0.019859856744987713,0.013905306287958507,0,True,Research only; not investment advice.
always_calm,2021-08-31,2021-08-31,2021-09-30,calm,-0.013886781554732847,0.04063799641595197,0,True,Research only; not investment advice.
k2_vol_corr_erc,2021-09-30,2021-09-30,2021-10-31,calm,0.01942420967622019,0.01729116041425284,0,False,Research only; not investment advice.
k2_vol_corr_ew,2021-09-30,2021-09-30,2021-10-31,calm,0.0315495468314233,0.014245607547266758,0,False,Research only; not investment advice.
k2_vol_corr_spread_erc,2021-09-30,2021-09-30,2021-10-31,calm,0.01942420967622019,0.01729116041425284,0,False,Research only; not investment advice.
k2_vol_corr_spread_ew,2021-09-30,2021-09-30,2021-10-31,calm,0.0315495468314233,0.014245607547266758,0,False,Research only; not investment advice.
unconditional_erc,2021-09-30,2021-09-30,2021-10-31,all,0.0030044758906314574,0.006150134268489343,0,False,Research only; not investment advice.
unconditional_ew,2021-09-30,2021-09-30,2021-10-31,all,0.03309060867315944,0.016875482856777715,0,False,Research only; not investment advice.
always_calm,2021-09-30,2021-09-30,2021-10-31,calm,0.01942420967622019,0.01729116041425284,0,False,Research only; not investment advice.
k2_vol_corr_erc,2021-10-31,2021-10-31,2021-11-30,calm,-0.010468306963548741,0.018670149273043272,0,True,Research only; not investment advice.
k2_vol_corr_ew,2021-10-31,2021-10-31,2021-11-30,calm,-0.022306792857886115,0.014580270073246216,0,True,Research only; not investment advice.
k2_vol_corr_spread_erc,2021-10-31,2021-10-31,2021-11-30,calm,-0.010468306963548741,0.018670149273043272,0,True,Research only; not investment advice.
k2_vol_corr_spread_ew,2021-10-31,2021-10-31,2021-11-30,calm,-0.022306792857886115,0.014580270073246216,0,True,Research only; not investment advice.
unconditional_erc,2021-10-31,2021-10-31,2021-11-30,all,-0.0016077040490616158,0.011203939547024058,0,True,Research only; not investment advice.
unconditional_ew,2021-10-31,2021-10-31,2021-11-30,all,-0.020510270340312192,0.016186933717971932,0,True,Research only; not investment advice.
always_calm,2021-10-31,2021-10-31,2021-11-30,calm,-0.010468306963548741,0.018670149273043272,0,True,Research only; not investment advice.
k2_vol_corr_erc,2021-11-30,2021-11-30,2021-12-31,calm,0.017176767050012174,0.012388854977518137,0,False,Research only; not investment advice.
k2_vol_corr_ew,2021-11-30,2021-11-30,2021-12-31,calm,0.028907873915047087,0.010857869044226236,0,False,Research only; not investment advice.
k2_vol_corr_spread_erc,2021-11-30,2021-11-30,2021-12-31,calm,0.017176767050012174,0.012388854977518137,0,False,Research only; not investment advice.
k2_vol_corr_spread_ew,2021-11-30,2021-11-30,2021-12-31,calm,0.028907873915047087,0.010857869044226236,0,False,Research only; not investment advice.
unconditional_erc,2021-11-30,2021-11-30,2021-12-31,all,0.0028053779867631113,0.0034284816573950045,0,False,Research only; not investment advice.
unconditional_ew,2021-11-30,2021-11-30,2021-12-31,all,0.023406915894358733,0.014384503020471744,0,False,Research only; not investment advice.
always_calm,2021-11-30,2021-11-30,2021-12-31,calm,0.017176767050012174,0.012388854977518137,0,False,Research only; not investment advice.
k2_vol_corr_erc,2021-12-31,2021-12-31,2022-01-31,calm,-0.020637342206242425,0.012542388465503018,0,True,Research only; not investment advice.
k2_vol_corr_ew,2021-12-31,2021-12-31,2022-01-31,calm,-0.02908226893499979,0.011472861410053638,0,True,Research only; not investment advice.
k2_vol_corr_spread_erc,2021-12-31,2021-12-31,2022-01-31,calm,-0.020637342206242425,0.012542388465503018,0,True,Research only; not investment advice.
k2_vol_corr_spread_ew,2021-12-31,2021-12-31,2022-01-31,calm,-0.02908226893499979,0.011472861410053638,0,True,Research only; not investment advice.
unconditional_erc,2021-12-31,2021-12-31,2022-01-31,all,-0.004283038899344834,0.023889184303986358,0,True,Research only; not investment advice.
unconditional_ew,2021-12-31,2021-12-31,2022-01-31,all,-0.027688026348866912,0.01289742594287319,0,True,Research only; not investment advice.
always_calm,2021-12-31,2021-12-31,2022-01-31,calm,-0.020637342206242425,0.012542388465503018,0,True,Research only; not investment advice.
k2_vol_corr_erc,2022-01-31,2022-01-31,2022-02-28,calm,-0.01080443639978183,0.020347146091131755,0,False,Research only; not investment advice.
k2_vol_corr_ew,2022-01-31,2022-01-31,2022-02-28,calm,-0.01267182008771461,0.017570492229434097,0,False,Research only; not investment advice.
k2_vol_corr_spread_erc,2022-01-31,2022-01-31,2022-02-28,calm,-0.01080443639978183,0.020347146091131755,0,False,Research only; not investment advice.
k2_vol_corr_spread_ew,2022-01-31,2022-01-31,2022-02-28,calm,-0.01267182008771461,0.017570492229434097,0,False,Research only; not investment advice.
unconditional_erc,2022-01-31,2022-01-31,2022-02-28,all,-0.0015656405809661522,0.007005232874871942,0,False,Research only; not investment advice.
unconditional_ew,2022-01-31,2022-01-31,2022-02-28,all,-0.005951439247667684,0.01826820058065285,0,False,Research only; not investment advice.
always_calm,2022-01-31,2022-01-31,2022-02-28,calm,-0.01080443639978183,0.020347146091131755,0,False,Research only; not investment advice.
k2_vol_corr_erc,2022-02-28,2022-02-28,2022-03-31,calm,0.008907444168126163,0.009804509245505197,0,False,Research only; not investment advice.
k2_vol_corr_ew,2022-02-28,2022-02-28,2022-03-31,calm,0.014407442232999012,0.008933658750689868,0,False,Research only; not investment advice.
k2_vol_corr_spread_erc,2022-02-28,2022-02-28,2022-03-31,calm,0.008907444168126163,0.009804509245505197,0,False,Research only; not investment advice.
k2_vol_corr_spread_ew,2022-02-28,2022-02-28,2022-03-31,calm,0.014407442232999012,0.008933658750689868,0,False,Research only; not investment advice.
unconditional_erc,2022-02-28,2022-02-28,2022-03-31,all,0.0009232001192967447,0.0039060422397754375,0,False,Research only; not investment advice.
unconditional_ew,2022-02-28,2022-02-28,2022-03-31,all,0.013264765709503887,0.011419035192530451,0,False,Research only; not investment advice.
always_calm,2022-02-28,2022-02-28,2022-03-31,calm,0.008907444168126163,0.009804509245505197,0,False,Research only; not investment advice.
k2_vol_corr_erc,2022-03-31,2022-03-31,2022-04-30,calm,-0.04346156924682841,0.01585963329557517,0,True,Research only; not investment advice.
k2_vol_corr_ew,2022-03-31,2022-03-31,2022-04-30,calm,-0.05824193065373071,0.010454082897518754,0,True,Research only; not investment advice.
k2_vol_corr_spread_erc,2022-03-31,2022-03-31,2022-04-30,calm,-0.04346156924682841,0.01585963329557517,0,True,Research only; not investment advice.
k2_vol_corr_spread_ew,2022-03-31,2022-03-31,2022-04-30,calm,-0.05824193065373071,0.010454082897518754,0,True,Research only; not investment advice.
unconditional_erc,2022-03-31,2022-03-31,2022-04-30,all,-0.010582240396345342,0.08889497937689242,0,True,Research only; not investment advice.
unconditional_ew,2022-03-31,2022-03-31,2022-04-30,all,-0.052708841189161186,0.01217386253547129,0,True,Research only; not investment advice.
always_calm,2022-03-31,2022-03-31,2022-04-30,calm,-0.04346156924682841,0.01585963329557517,0,True,Research only; not investment advice.
k2_vol_corr_erc,2022-04-30,2022-04-30,2022-05-31,calm,0.003784640113192488,0.06987497665565107,0,False,Research only; not investment advice.
k2_vol_corr_ew,2022-04-30,2022-04-30,2022-05-31,calm,0.006387602660052159,0.04409712980520287,0,False,Research only; not investment advice.
k2_vol_corr_spread_erc,2022-04-30,2022-04-30,2022-05-31,calm,0.003784640113192488,0.06987497665565107,0,False,Research only; not investment advice.
k2_vol_corr_spread_ew,2022-04-30,2022-04-30,2022-05-31,calm,0.006387602660052159,0.04409712980520287,0,False,Research only; not investment advice.
unconditional_erc,2022-04-30,2022-04-30,2022-05-31,all,0.001351353888692679,0.06001731556277094,0,False,Research only; not investment advice.
unconditional_ew,2022-04-30,2022-04-30,2022-05-31,all,0.0027353403108029747,0.03858952295250647,0,False,Research only; not investment advice.
always_calm,2022-04-30,2022-04-30,2022-05-31,calm,0.003784640113192488,0.06987497665565107,0,False,Research only; not investment advice.
k2_vol_corr_erc,2022-05-31,2022-05-31,2022-06-30,calm,-0.042247007118018376,0.006677998167454395,0,True,Research only; not investment advice.
k2_vol_corr_ew,2022-05-31,2022-05-31,2022-06-30,calm,-0.06362465538280437,0.008651843244754931,0,True,Research only; not investment advice.
k2_vol_corr_spread_erc,2022-05-31,2022-05-31,2022-06-30,calm,-0.042247007118018376,0.006677998167454395,0,True,Research only; not investment advice.
k2_vol_corr_spread_ew,2022-05-31,2022-05-31,2022-06-30,calm,-0.06362465538280437,0.008651843244754931,0,True,Research only; not investment advice.
unconditional_erc,2022-05-31,2022-05-31,2022-06-30,all,-0.013939992664447244,0.0903312404489465,0,True,Research only; not investment advice.
unconditional_ew,2022-05-31,2022-05-31,2022-06-30,all,-0.0626976962739307,0.010301565667324767,0,True,Research only; not investment advice.
always_calm,2022-05-31,2022-05-31,2022-06-30,calm,-0.042247007118018376,0.006677998167454395,0,True,Research only; not investment advice.
k2_vol_corr_erc,2022-06-30,2022-06-30,2022-07-31,stress,0.004030326022038057,0.9894477714223948,0,False,Research only; not investment advice.
k2_vol_corr_ew,2022-06-30,2022-06-30,2022-07-31,stress,0.022246424230506528,0.9605321307760739,0,False,Research only; not investment advice.
k2_vol_corr_spread_erc,2022-06-30,2022-06-30,2022-07-31,stress,0.004030326022038057,0.9894477714223948,0,False,Research only; not investment advice.
k2_vol_corr_spread_ew,2022-06-30,2022-06-30,2022-07-31,stress,0.022246424230506528,0.9605321307760739,0,False,Research only; not investment advice.
unconditional_erc,2022-06-30,2022-06-30,2022-07-31,all,0.01680729350563686,0.1282562772401949,0,False,Research only; not investment advice.
unconditional_ew,2022-06-30,2022-06-30,2022-07-31,all,0.05734121944993451,0.020954581249034834,0,False,Research only; not investment advice.
always_calm,2022-06-30,2022-06-30,2022-07-31,calm,0.04136479138341673,0.020842651116079376,0,False,Research only; not investment advice.
k2_vol_corr_erc,2022-07-31,2022-07-31,2022-08-31,stress,-0.0021449320144711834,0.028551411295740257,0,True,Research only; not investment advice.
k2_vol_corr_ew,2022-07-31,2022-07-31,2022-08-31,stress,-0.0246947985168502,0.02677383278930757,0,True,Research only; not investment advice.
k2_vol_corr_spread_erc,2022-07-31,2022-07-31,2022-08-31,stress,-0.0021449320144711834,0.028551411295740257,0,True,Research only; not investment advice.
k2_vol_corr_spread_ew,2022-07-31,2022-07-31,2022-08-31,stress,-0.0246947985168502,0.02677383278930757,0,True,Research only; not investment advice.
unconditional_erc,2022-07-31,2022-07-31,2022-08-31,all,-0.00823578319997911,0.043027362970454744,0,True,Research only; not investment advice.
unconditional_ew,2022-07-31,2022-07-31,2022-08-31,all,-0.028761285138673605,0.03153611462802003,0,True,Research only; not investment advice.
always_calm,2022-07-31,2022-07-31,2022-08-31,calm,-0.019286009228464705,0.0700511669460686,0,True,Research only; not investment advice.
k2_vol_corr_erc,2022-08-31,2022-08-31,2022-09-30,stress,-0.007766094981905311,0.20306102735136458,0,True,Research only; not investment advice.
k2_vol_corr_ew,2022-08-31,2022-08-31,2022-09-30,stress,-0.04383941471561635,0.008494376033593558,0,True,Research only; not investment advice.
k2_vol_corr_spread_erc,2022-08-31,2022-08-31,2022-09-30,stress,-0.007766094981905311,0.20306102735136458,0,True,Research only; not investment advice.
k2_vol_corr_spread_ew,2022-08-31,2022-08-31,2022-09-30,stress,-0.04383941471561635,0.008494376033593558,0,True,Research only; not investment advice.
unconditional_erc,2022-08-31,2022-08-31,2022-09-30,all,-0.02480156555176796,0.15877281506849306,0,True,Research only; not investment advice.
unconditional_ew,2022-08-31,2022-08-31,2022-09-30,all,-0.06625272224086416,0.009154528425406558,0,True,Research only; not investment advice.
always_calm,2022-08-31,2022-08-31,2022-09-30,calm,-0.047361165957657894,0.008107102147794198,0,True,Research only; not investment advice.
k2_vol_corr_erc,2022-09-30,2022-09-30,2022-10-31,stress,0.003377108595164907,0.06641868264274203,0,False,Research only; not investment advice.
k2_vol_corr_ew,2022-09-30,2022-09-30,2022-10-31,stress,0.025313151013377905,0.030084496555972395,0,False,Research only; not investment advice.
k2_vol_corr_spread_erc,2022-09-30,2022-09-30,2022-10-31,stress,0.003377108595164907,0.06641868264274203,0,False,Research only; not investment advice.
k2_vol_corr_spread_ew,2022-09-30,2022-09-30,2022-10-31,stress,0.025313151013377905,0.030084496555972395,0,False,Research only; not investment advice.
unconditional_erc,2022-09-30,2022-09-30,2022-10-31,all,0.016871797973795226,0.05012832173040958,0,False,Research only; not investment advice.
unconditional_ew,2022-09-30,2022-09-30,2022-10-31,all,0.04780390289057751,0.01876863478184776,0,False,Research only; not investment advice.
always_calm,2022-09-30,2022-09-30,2022-10-31,calm,0.035056903106269334,0.029475912454100823,0,False,Research only; not investment advice.
k2_vol_corr_erc,2022-10-31,2022-10-31,2022-11-30,stress,0.01109338008091779,0.030498750365875127,0,False,Research only; not investment advice.
k2_vol_corr_ew,2022-10-31,2022-10-31,2022-11-30,stress,0.043501662165126825,0.019801647718600053,0,False,Research only; not investment advice.
k2_vol_corr_spread_erc,2022-10-31,2022-10-31,2022-11-30,stress,0.01109338008091779,0.030498750365875127,0,False,Research only; not investment advice.
k2_vol_corr_spread_ew,2022-10-31,2022-10-31,2022-11-30,stress,0.043501662165126825,0.019801647718600053,0,False,Research only; not investment advice.
unconditional_erc,2022-10-31,2022-10-31,2022-11-30,all,0.023144292294254236,0.028890594157249656,0,False,Research only; not investment advice.
unconditional_ew,2022-10-31,2022-10-31,2022-11-30,all,0.04849327409373844,0.01800321608754575,0,False,Research only; not investment advice.
always_calm,2022-10-31,2022-10-31,2022-11-30,calm,0.03893451053689387,0.022208421215940667,0,False,Research only; not investment advice.
k2_vol_corr_erc,2022-11-30,2022-11-30,2022-12-31,stress,0.00103055187717104,0.02949436235724215,0,True,Research only; not investment advice.
k2_vol_corr_ew,2022-11-30,2022-11-30,2022-12-31,stress,-0.009715795351897583,0.016982312681413023,0,True,Research only; not investment advice.
k2_vol_corr_spread_erc,2022-11-30,2022-11-30,2022-12-31,stress,0.00103055187717104,0.02949436235724215,0,True,Research only; not investment advice.
k2_vol_corr_spread_ew,2022-11-30,2022-11-30,2022-12-31,stress,-0.009715795351897583,0.016982312681413023,0,True,Research only; not investment advice.
unconditional_erc,2022-11-30,2022-11-30,2022-12-31,all,-0.00965415966277234,0.03129126871391029,0,True,Research only; not investment advice.
unconditional_ew,2022-11-30,2022-11-30,2022-12-31,all,-0.03234603409631269,0.016134954123978106,0,True,Research only; not investment advice.
always_calm,2022-11-30,2022-11-30,2022-12-31,calm,-0.022093533361081653,0.021225994667799973,0,True,Research only; not investment advice.
k2_vol_corr_erc,2022-12-31,2022-12-31,2023-01-31,stress,0.011238108291992394,0.03853546116150593,0,False,Research only; not investment advice.
k2_vol_corr_ew,2022-12-31,2022-12-31,2023-01-31,stress,0.03667373498117828,0.010853733819375277,0,False,Research only; not investment advice.
k2_vol_corr_spread_erc,2022-12-31,2022-12-31,2023-01-31,stress,0.011238108291992394,0.03853546116150593,0,False,Research only; not investment advice.
k2_vol_corr_spread_ew,2022-12-31,2022-12-31,2023-01-31,stress,0.03667373498117828,0.010853733819375277,0,False,Research only; not investment advice.
unconditional_erc,2022-12-31,2022-12-31,2023-01-31,all,0.026017575443329586,0.04465140778138934,0,False,Research only; not investment advice.
unconditional_ew,2022-12-31,2022-12-31,2023-01-31,all,0.05649218401613386,0.01312865274028975,0,False,Research only; not investment advice.
always_calm,2022-12-31,2022-12-31,2023-01-31,calm,0.04142035114708322,0.02261673465431252,0,False,Research only; not investment advice.
k2_vol_corr_erc,2023-01-31,2023-01-31,2023-02-28,stress,-0.005098006987766589,0.01322504330128379,0,True,Research only; not investment advice.
k2_vol_corr_ew,2023-01-31,2023-01-31,2023-02-28,stress,-0.029296198556358715,0.015539340952723836,0,True,Research only; not investment advice.
k2_vol_corr_spread_erc,2023-01-31,2023-01-31,2023-02-28,stress,-0.005098006987766589,0.01322504330128379,0,True,Research only; not investment advice.
k2_vol_corr_spread_ew,2023-01-31,2023-01-31,2023-02-28,stress,-0.029296198556358715,0.015539340952723836,0,True,Research only; not investment advice.
unconditional_erc,2023-01-31,2023-01-31,2023-02-28,all,-0.009331029691409292,0.013376298895433552,0,True,Research only; not investment advice.
unconditional_ew,2023-01-31,2023-01-31,2023-02-28,all,-0.022657032458738256,0.016763553819015124,0,True,Research only; not investment advice.
always_calm,2023-01-31,2023-01-31,2023-02-28,calm,-0.014079633085774503,0.013272116701722559,0,True,Research only; not investment advice.
k2_vol_corr_erc,2023-02-28,2023-02-28,2023-03-31,stress,0.01175689897885419,0.023812518250447872,0,False,Research only; not investment advice.
k2_vol_corr_ew,2023-02-28,2023-02-28,2023-03-31,stress,0.026896050805694526,0.008070489627337155,0,False,Research only; not investment advice.
k2_vol_corr_spread_erc,2023-02-28,2023-02-28,2023-03-31,stress,0.01175689897885419,0.023812518250447872,0,False,Research only; not investment advice.
k2_vol_corr_spread_ew,2023-02-28,2023-02-28,2023-03-31,stress,0.026896050805694526,0.008070489627337155,0,False,Research only; not investment advice.
unconditional_erc,2023-02-28,2023-02-28,2023-03-31,all,0.013185777062151481,0.023879022703960927,0,False,Research only; not investment advice.
unconditional_ew,2023-02-28,2023-02-28,2023-03-31,all,0.01547587197017935,0.0072144956005676195,0,False,Research only; not investment advice.
always_calm,2023-02-28,2023-02-28,2023-03-31,calm,0.01400995095732015,0.017844574941536295,0,False,Research only; not investment advice.
k2_vol_corr_erc,2023-03-31,2023-03-31,2023-04-30,stress,0.003924601831407454,0.0385887729015288,0,False,Research only; not investment advice.
k2_vol_corr_ew,2023-03-31,2023-03-31,2023-04-30,stress,0.0064714122299244,0.010370083744771039,0,False,Research only; not investment advice.
k2_vol_corr_spread_erc,2023-03-31,2023-03-31,2023-04-30,stress,0.003924601831407454,0.0385887729015288,0,False,Research only; not investment advice.
k2_vol_corr_spread_ew,2023-03-31,2023-03-31,2023-04-30,stress,0.0064714122299244,0.010370083744771039,0,False,Research only; not investment advice.
unconditional_erc,2023-03-31,2023-03-31,2023-04-30,all,0.005673290324233226,0.0484639385861933,0,False,Research only; not investment advice.
unconditional_ew,2023-03-31,2023-03-31,2023-04-30,all,0.006248814175459882,0.01428443325126475,0,False,Research only; not investment advice.
always_calm,2023-03-31,2023-03-31,2023-04-30,calm,0.007392264760526916,0.042612458790373224,0,False,Research only; not investment advice.
k2_vol_corr_erc,2023-04-30,2023-04-30,2023-05-31,stress,-0.002217171090609567,0.024883305936792718,0,False,Research only; not investment advice.
k2_vol_corr_ew,2023-04-30,2023-04-30,2023-05-31,stress,-0.01765772985406522,0.009037328330993718,0,False,Research only; not investment advice.
k2_vol_corr_spread_erc,2023-04-30,2023-04-30,2023-05-31,stress,-0.002217171090609567,0.024883305936792718,0,False,Research only; not investment advice.
k2_vol_corr_spread_ew,2023-04-30,2023-04-30,2023-05-31,stress,-0.01765772985406522,0.009037328330993718,0,False,Research only; not investment advice.
unconditional_erc,2023-04-30,2023-04-30,2023-05-31,all,-0.003626516319837159,0.027433746678136965,0,False,Research only; not investment advice.
unconditional_ew,2023-04-30,2023-04-30,2023-05-31,all,-0.012854020519832404,0.007643499591157576,0,False,Research only; not investment advice.
always_calm,2023-04-30,2023-04-30,2023-05-31,calm,-0.005276067265793609,0.025036493049368273,0,False,Research only; not investment advice.
k2_vol_corr_erc,2023-05-31,2023-05-31,2023-06-30,stress,0.005716196403369895,0.02217382267631183,0,False,Research only; not investment advice.
k2_vol_corr_ew,2023-05-31,2023-05-31,2023-06-30,stress,0.017640916431413724,0.010108457829027301,0,False,Research only; not investment advice.
k2_vol_corr_spread_erc,2023-05-31,2023-05-31,2023-06-30,stress,0.005716196403369895,0.02217382267631183,0,False,Research only; not investment advice.
k2_vol_corr_spread_ew,2023-05-31,2023-05-31,2023-06-30,stress,0.017640916431413724,0.010108457829027301,0,False,Research only; not investment advice.
unconditional_erc,2023-05-31,2023-05-31,2023-06-30,all,0.021666828425298195,0.01860010479597971,0,False,Research only; not investment advice.
unconditional_ew,2023-05-31,2023-05-31,2023-06-30,all,0.04184037270460904,0.012553513161074122,0,False,Research only; not investment advice.
always_calm,2023-05-31,2023-05-31,2023-06-30,calm,0.03582932052871761,0.012666341422549608,0,False,Research only; not investment advice.
k2_vol_corr_erc,2023-06-30,2023-06-30,2023-07-31,stress,0.007117003073800973,0.020948098116014186,0,False,Research only; not investment advice.
k2_vol_corr_ew,2023-06-30,2023-06-30,2023-07-31,stress,0.024147402976800014,0.016910769117086194,0,False,Research only; not investment advice.
k2_vol_corr_spread_erc,2023-06-30,2023-06-30,2023-07-31,stress,0.007117003073800973,0.020948098116014186,0,False,Research only; not investment advice.
k2_vol_corr_spread_ew,2023-06-30,2023-06-30,2023-07-31,stress,0.024147402976800014,0.016910769117086194,0,False,Research only; not investment advice.
unconditional_erc,2023-06-30,2023-06-30,2023-07-31,all,0.014572432049522445,0.017220405686505364,0,False,Research only; not investment advice.
unconditional_ew,2023-06-30,2023-06-30,2023-07-31,all,0.028629016741325182,0.014200341525424216,0,False,Research only; not investment advice.
always_calm,2023-06-30,2023-06-30,2023-07-31,calm,0.021165411599392416,0.014148625020448436,0,False,Research only; not investment advice.
k2_vol_corr_erc,2023-07-31,2023-07-31,2023-08-31,stress,2.9646672658453278e-05,0.010798996864660817,0,True,Research only; not investment advice.
k2_vol_corr_ew,2023-07-31,2023-07-31,2023-08-31,stress,-0.012453457051514554,0.011005399659547688,0,True,Research only; not investment advice.
k2_vol_corr_spread_erc,2023-07-31,2023-07-31,2023-08-31,stress,2.9646672658453278e-05,0.010798996864660817,0,True,Research only; not investment advice.
k2_vol_corr_spread_ew,2023-07-31,2023-07-31,2023-08-31,stress,-0.012453457051514554,0.011005399659547688,0,True,Research only; not investment advice.
unconditional_erc,2023-07-31,2023-07-31,2023-08-31,all,-0.006729929114425654,0.010729022327648812,0,True,Research only; not investment advice.
unconditional_ew,2023-07-31,2023-07-31,2023-08-31,all,-0.01935989111675078,0.009036334987128003,0,True,Research only; not investment advice.
always_calm,2023-07-31,2023-07-31,2023-08-31,calm,-0.01266967712317754,0.009535356344615435,0,True,Research only; not investment advice.
k2_vol_corr_erc,2023-08-31,2023-08-31,2023-09-30,stress,-0.006136902645863109,0.017725182407881426,0,True,Research only; not investment advice.
k2_vol_corr_ew,2023-08-31,2023-08-31,2023-09-30,stress,-0.026166780204995736,0.008279667297499453,0,True,Research only; not investment advice.
k2_vol_corr_spread_erc,2023-08-31,2023-08-31,2023-09-30,stress,-0.006136902645863109,0.017725182407881426,0,True,Research only; not investment advice.
k2_vol_corr_spread_ew,2023-08-31,2023-08-31,2023-09-30,stress,-0.026166780204995736,0.008279667297499453,0,True,Research only; not investment advice.
unconditional_erc,2023-08-31,2023-08-31,2023-09-30,all,-0.01687066175462364,0.015736336670476612,0,True,Research only; not investment advice.
unconditional_ew,2023-08-31,2023-08-31,2023-09-30,all,-0.03151673744862137,0.009033634940575942,0,True,Research only; not investment advice.
always_calm,2023-08-31,2023-08-31,2023-09-30,calm,-0.02584939320259296,0.008287852479888879,0,True,Research only; not investment advice.
k2_vol_corr_erc,2023-09-30,2023-09-30,2023-10-31,stress,0.0006833559788412303,0.009981276017082992,0,True,Research only; not investment advice.
k2_vol_corr_ew,2023-09-30,2023-09-30,2023-10-31,stress,-0.006263974851687746,0.011725013157388534,0,True,Research only; not investment advice.
k2_vol_corr_spread_erc,2023-09-30,2023-09-30,2023-10-31,stress,0.0006833559788412303,0.009981276017082992,0,True,Research only; not investment advice.
k2_vol_corr_spread_ew,2023-09-30,2023-09-30,2023-10-31,stress,-0.006263974851687746,0.011725013157388534,0,True,Research only; not investment advice.
unconditional_erc,2023-09-30,2023-09-30,2023-10-31,all,-0.009582568555636535,0.010715011722692465,0,True,Research only; not investment advice.
unconditional_ew,2023-09-30,2023-09-30,2023-10-31,all,-0.019464510488582352,0.009692120216809832,0,True,Research only; not investment advice.
always_calm,2023-09-30,2023-09-30,2023-10-31,calm,-0.01833029285714028,0.009133369677698604,0,True,Research only; not investment advice.
k2_vol_corr_erc,2023-10-31,2023-10-31,2023-11-30,stress,0.018554891852503804,0.011024928483164706,0,False,Research only; not investment advice.
k2_vol_corr_ew,2023-10-31,2023-10-31,2023-11-30,stress,0.04458162721757068,0.011784456549636087,0,False,Research only; not investment advice.
k2_vol_corr_spread_erc,2023-10-31,2023-10-31,2023-11-30,stress,0.018554891852503804,0.011024928483164706,0,False,Research only; not investment advice.
k2_vol_corr_spread_ew,2023-10-31,2023-10-31,2023-11-30,stress,0.04458162721757068,0.011784456549636087,0,False,Research only; not investment advice.
unconditional_erc,2023-10-31,2023-10-31,2023-11-30,all,0.0391598159719239,0.012069659670136578,0,False,Research only; not investment advice.
unconditional_ew,2023-10-31,2023-10-31,2023-11-30,all,0.06259149729877593,0.010604407506349223,0,False,Research only; not investment advice.
always_calm,2023-10-31,2023-10-31,2023-11-30,calm,0.0558882982087386,0.007254307983265828,0,False,Research only; not investment advice.
k2_vol_corr_erc,2023-11-30,2023-11-30,2023-12-31,stress,0.012179846867044222,0.016541979954114907,0,False,Research only; not investment advice.
k2_vol_corr_ew,2023-11-30,2023-11-30,2023-12-31,stress,0.022007735423821312,0.017630000731074954,0,False,Research only; not investment advice.
k2_vol_corr_spread_erc,2023-11-30,2023-11-30,2023-12-31,stress,0.012179846867044222,0.016541979954114907,0,False,Research only; not investment advice.
k2_vol_corr_spread_ew,2023-11-30,2023-11-30,2023-12-31,stress,0.022007735423821312,0.017630000731074954,0,False,Research only; not investment advice.
unconditional_erc,2023-11-30,2023-11-30,2023-12-31,all,0.025806736672172967,0.020805837880079222,0,False,Research only; not investment advice.
unconditional_ew,2023-11-30,2023-11-30,2023-12-31,all,0.043439770922096804,0.015022288448509998,0,False,Research only; not investment advice.
always_calm,2023-11-30,2023-11-30,2023-12-31,calm,0.036525979807831135,0.023340155042692073,0,False,Research only; not investment advice.
k2_vol_corr_erc,2023-12-31,2023-12-31,2024-01-31,stress,0.0026613293856732616,0.011314214662250181,0,False,Research only; not investment advice.
k2_vol_corr_ew,2023-12-31,2023-12-31,2024-01-31,stress,-0.0006386349463543961,0.014192334328553996,0,False,Research only; not investment advice.
k2_vol_corr_spread_erc,2023-12-31,2023-12-31,2024-01-31,stress,0.0026613293856732616,0.011314214662250181,0,False,Research only; not investment advice.
k2_vol_corr_spread_ew,2023-12-31,2023-12-31,2024-01-31,stress,-0.0006386349463543961,0.014192334328553996,0,False,Research only; not investment advice.
unconditional_erc,2023-12-31,2023-12-31,2024-01-31,all,0.002158106061074902,0.013863611262740176,0,False,Research only; not investment advice.
unconditional_ew,2023-12-31,2023-12-31,2024-01-31,all,-0.0013639517481938966,0.014363656963497012,0,False,Research only; not investment advice.
always_calm,2023-12-31,2023-12-31,2024-01-31,calm,0.001703626195167593,0.015282443911255198,0,False,Research only; not investment advice.
k2_vol_corr_erc,2024-01-31,2024-01-31,2024-02-29,stress,0.0016887725255408381,0.005330982076127587,0,False,Research only; not investment advice.
k2_vol_corr_ew,2024-01-31,2024-01-31,2024-02-29,stress,0.0028552627580660443,0.008088493779901383,0,False,Research only; not investment advice.
k2_vol_corr_spread_erc,2024-01-31,2024-01-31,2024-02-29,stress,0.0016887725255408381,0.005330982076127587,0,False,Research only; not investment advice.
k2_vol_corr_spread_ew,2024-01-31,2024-01-31,2024-02-29,stress,0.0028552627580660443,0.008088493779901383,0,False,Research only; not investment advice.
unconditional_erc,2024-01-31,2024-01-31,2024-02-29,all,0.013565059158174159,0.00682096961885448,0,False,Research only; not investment advice.
unconditional_ew,2024-01-31,2024-01-31,2024-02-29,all,0.026995601775240248,0.009246860041146485,0,False,Research only; not investment advice.
always_calm,2024-01-31,2024-01-31,2024-02-29,calm,0.02192388996046292,0.007597111680837739,0,False,Research only; not investment advice.
k2_vol_corr_erc,2024-02-29,2024-02-29,2024-03-31,stress,0.011837064736334165,0.005798209672572948,0,False,Research only; not investment advice.
k2_vol_corr_ew,2024-02-29,2024-02-29,2024-03-31,stress,0.029130138385340464,0.011346804484375113,0,False,Research only; not investment advice.
k2_vol_corr_spread_erc,2024-02-29,2024-02-29,2024-03-31,stress,0.011837064736334165,0.005798209672572948,0,False,Research only; not investment advice.
k2_vol_corr_spread_ew,2024-02-29,2024-02-29,2024-03-31,stress,0.029130138385340464,0.011346804484375113,0,False,Research only; not investment advice.
unconditional_erc,2024-02-29,2024-02-29,2024-03-31,all,0.015478525206912789,0.009213691234732006,0,False,Research only; not investment advice.
unconditional_ew,2024-02-29,2024-02-29,2024-03-31,all,0.02466362981944953,0.01315910608578973,0,False,Research only; not investment advice.
always_calm,2024-02-29,2024-02-29,2024-03-31,calm,0.019004477276964256,0.009514313920287069,0,False,Research only; not investment advice.
k2_vol_corr_erc,2024-03-31,2024-03-31,2024-04-30,stress,-0.005110542184308508,0.026922330135486602,0,True,Research only; not investment advice.
k2_vol_corr_ew,2024-03-31,2024-03-31,2024-04-30,stress,-0.017499564728420364,0.011198075334156572,0,True,Research only; not investment advice.
k2_vol_corr_spread_erc,2024-03-31,2024-03-31,2024-04-30,stress,-0.005110542184308508,0.026922330135486602,0,True,Research only; not investment advice.
k2_vol_corr_spread_ew,2024-03-31,2024-03-31,2024-04-30,stress,-0.017499564728420364,0.011198075334156572,0,True,Research only; not investment advice.
unconditional_erc,2024-03-31,2024-03-31,2024-04-30,all,-0.013697286365427159,0.014628049880273348,0,True,Research only; not investment advice.
unconditional_ew,2024-03-31,2024-03-31,2024-04-30,all,-0.027607410115606933,0.008863789770009543,0,True,Research only; not investment advice.
always_calm,2024-03-31,2024-03-31,2024-04-30,calm,-0.020340333366133525,0.006931224684068957,0,True,Research only; not investment advice.
k2_vol_corr_erc,2024-04-30,2024-04-30,2024-05-31,stress,0.010208278991506187,0.008305415700993489,0,False,Research only; not investment advice.
k2_vol_corr_ew,2024-04-30,2024-04-30,2024-05-31,stress,0.022678012021110305,0.012234860404827474,0,False,Research only; not investment advice.
k2_vol_corr_spread_erc,2024-04-30,2024-04-30,2024-05-31,stress,0.010208278991506187,0.008305415700993489,0,False,Research only; not investment advice.
k2_vol_corr_spread_ew,2024-04-30,2024-04-30,2024-05-31,stress,0.022678012021110305,0.012234860404827474,0,False,Research only; not investment advice.
unconditional_erc,2024-04-30,2024-04-30,2024-05-31,all,0.02002079406934994,0.00933184648018297,0,False,Research only; not investment advice.
unconditional_ew,2024-04-30,2024-04-30,2024-05-31,all,0.034143833701527335,0.011104502633135931,0,False,Research only; not investment advice.
always_calm,2024-04-30,2024-04-30,2024-05-31,calm,0.02667650133126916,0.009178205531972183,0,False,Research only; not investment advice.
k2_vol_corr_erc,2024-05-31,2024-05-31,2024-06-30,stress,0.0030713546719200956,0.005966460366080019,0,False,Research only; not investment advice.
k2_vol_corr_ew,2024-05-31,2024-05-31,2024-06-30,stress,-0.0021126124642350304,0.009766011946654335,0,False,Research only; not investment advice.
k2_vol_corr_spread_erc,2024-05-31,2024-05-31,2024-06-30,stress,0.0030713546719200956,0.005966460366080019,0,False,Research only; not investment advice.
k2_vol_corr_spread_ew,2024-05-31,2024-05-31,2024-06-30,stress,-0.0021126124642350304,0.009766011946654335,0,False,Research only; not investment advice.
unconditional_erc,2024-05-31,2024-05-31,2024-06-30,all,0.005597422222234783,0.009275565169412001,0,False,Research only; not investment advice.
unconditional_ew,2024-05-31,2024-05-31,2024-06-30,all,0.0035933316889012238,0.01082125535497694,0,False,Research only; not investment advice.
always_calm,2024-05-31,2024-05-31,2024-06-30,calm,0.007239141166001658,0.009222773759051946,0,False,Research only; not investment advice.
k2_vol_corr_erc,2024-06-30,2024-06-30,2024-07-31,stress,0.009841464983380045,0.005775240208257017,0,False,Research only; not investment advice.
k2_vol_corr_ew,2024-06-30,2024-06-30,2024-07-31,stress,0.013698190495351332,0.009973323176540323,0,False,Research only; not investment advice.
k2_vol_corr_spread_erc,2024-06-30,2024-06-30,2024-07-31,stress,0.009841464983380045,0.005775240208257017,0,False,Research only; not investment advice.
k2_vol_corr_spread_ew,2024-06-30,2024-06-30,2024-07-31,stress,0.013698190495351332,0.009973323176540323,0,False,Research only; not investment advice.
unconditional_erc,2024-06-30,2024-06-30,2024-07-31,all,0.015258319031170683,0.007688025255849761,0,False,Research only; not investment advice.
unconditional_ew,2024-06-30,2024-06-30,2024-07-31,all,0.02284079058573632,0.009914576569883869,0,False,Research only; not investment advice.
always_calm,2024-06-30,2024-06-30,2024-07-31,calm,0.019927386190461232,0.00840582285905139,0,False,Research only; not investment advice.
k2_vol_corr_erc,2024-07-31,2024-07-31,2024-08-31,stress,0.00764295747281785,0.010347338754531428,0,False,Research only; not investment advice.
k2_vol_corr_ew,2024-07-31,2024-07-31,2024-08-31,stress,0.011313854492298011,0.0115978838480683,0,False,Research only; not investment advice.
k2_vol_corr_spread_erc,2024-07-31,2024-07-31,2024-08-31,stress,0.00764295747281785,0.010347338754531428,0,False,Research only; not investment advice.
k2_vol_corr_spread_ew,2024-07-31,2024-07-31,2024-08-31,stress,0.011313854492298011,0.0115978838480683,0,False,Research only; not investment advice.
unconditional_erc,2024-07-31,2024-07-31,2024-08-31,all,0.010872625631581995,0.011967200873494484,0,False,Research only; not investment advice.
unconditional_ew,2024-07-31,2024-07-31,2024-08-31,all,0.011460035783088695,0.012423174262919591,0,False,Research only; not investment advice.
always_calm,2024-07-31,2024-07-31,2024-08-31,calm,0.013807935008843548,0.013399008918930266,0,False,Research only; not investment advice.
k2_vol_corr_erc,2024-08-31,2024-08-31,2024-09-30,stress,0.010318249893262398,0.007055546441312207,0,False,Research only; not investment advice.
k2_vol_corr_ew,2024-08-31,2024-08-31,2024-09-30,stress,0.022122140959207514,0.006147885770100914,0,False,Research only; not investment advice.
k2_vol_corr_spread_erc,2024-08-31,2024-08-31,2024-09-30,stress,0.010318249893262398,0.007055546441312207,0,False,Research only; not investment advice.
k2_vol_corr_spread_ew,2024-08-31,2024-08-31,2024-09-30,stress,0.022122140959207514,0.006147885770100914,0,False,Research only; not investment advice.
unconditional_erc,2024-08-31,2024-08-31,2024-09-30,all,0.011596203408489748,0.007407976706483569,0,False,Research only; not investment advice.
unconditional_ew,2024-08-31,2024-08-31,2024-09-30,all,0.017488994856753107,0.0074027678204265,0,False,Research only; not investment advice.
always_calm,2024-08-31,2024-08-31,2024-09-30,calm,0.01246754954332909,0.006954379400579887,0,False,Research only; not investment advice.
k2_vol_corr_erc,2024-09-30,2024-09-30,2024-10-31,stress,-0.0024807898118731266,0.008469719246318296,0,False,Research only; not investment advice.
k2_vol_corr_ew,2024-09-30,2024-09-30,2024-10-31,stress,-0.008318035952716681,0.009083453571005887,0,False,Research only; not investment advice.
k2_vol_corr_spread_erc,2024-09-30,2024-09-30,2024-10-31,stress,-0.0024807898118731266,0.008469719246318296,0,False,Research only; not investment advice.
k2_vol_corr_spread_ew,2024-09-30,2024-09-30,2024-10-31,stress,-0.008318035952716681,0.009083453571005887,0,False,Research only; not investment advice.
unconditional_erc,2024-09-30,2024-09-30,2024-10-31,all,-0.006415070306529054,0.007091495877034375,0,False,Research only; not investment advice.
unconditional_ew,2024-09-30,2024-09-30,2024-10-31,all,-0.011255212162673577,0.006823000810895466,0,False,Research only; not investment advice.
always_calm,2024-09-30,2024-09-30,2024-10-31,calm,-0.009449463870856399,0.005825417920463299,0,False,Research only; not investment advice.
k2_vol_corr_erc,2024-10-31,2024-10-31,2024-11-30,stress,0.006179355775129271,0.006256231518050338,0,False,Research only; not investment advice.
k2_vol_corr_ew,2024-10-31,2024-10-31,2024-11-30,stress,0.010897782216491894,0.009588087039066901,0,False,Research only; not investment advice.
k2_vol_corr_spread_erc,2024-10-31,2024-10-31,2024-11-30,calm,0.02741148442827375,0.9728782129677597,0,False,Research only; not investment advice.
k2_vol_corr_spread_ew,2024-10-31,2024-10-31,2024-11-30,calm,0.035542875635415645,0.9606741573033708,0,False,Research only; not investment advice.
unconditional_erc,2024-10-31,2024-10-31,2024-11-30,all,0.0182220508459039,0.006362618769185543,0,False,Research only; not investment advice.
unconditional_ew,2024-10-31,2024-10-31,2024-11-30,all,0.03266611639934328,0.009664026061946315,0,False,Research only; not investment advice.
always_calm,2024-10-31,2024-10-31,2024-11-30,calm,0.02741148442827375,0.0062448473129629945,0,False,Research only; not investment advice.
k2_vol_corr_erc,2024-11-30,2024-11-30,2024-12-31,calm,-0.017894338049153392,0.9729773839350989,0,True,Research only; not investment advice.
k2_vol_corr_ew,2024-11-30,2024-11-30,2024-12-31,calm,-0.027107392569961683,0.9606741573033708,0,True,Research only; not investment advice.
k2_vol_corr_spread_erc,2024-11-30,2024-11-30,2024-12-31,calm,-0.017894338049153392,0.01661533320690076,0,True,Research only; not investment advice.
k2_vol_corr_spread_ew,2024-11-30,2024-11-30,2024-12-31,calm,-0.027107392569961683,0.015947615908593137,0,True,Research only; not investment advice.
unconditional_erc,2024-11-30,2024-11-30,2024-12-31,all,-0.011027657418949972,0.017212562115839044,0,True,Research only; not investment advice.
unconditional_ew,2024-11-30,2024-11-30,2024-12-31,all,-0.024699079078518517,0.01786586212710707,0,True,Research only; not investment advice.
always_calm,2024-11-30,2024-11-30,2024-12-31,calm,-0.017894338049153392,0.01661533320690076,0,True,Research only; not investment advice.
k2_vol_corr_erc,2024-12-31,2024-12-31,2025-01-31,stress,0.009449694673597664,0.9743673189904041,0,False,Research only; not investment advice.
k2_vol_corr_ew,2024-12-31,2024-12-31,2025-01-31,stress,0.02640100086575782,0.9623484361895602,0,False,Research only; not investment advice.
k2_vol_corr_spread_erc,2024-12-31,2024-12-31,2025-01-31,stress,0.009449694673597664,0.9743673189904041,0,False,Research only; not investment advice.
k2_vol_corr_spread_ew,2024-12-31,2024-12-31,2025-01-31,stress,0.02640100086575782,0.9623484361895602,0,False,Research only; not investment advice.
unconditional_erc,2024-12-31,2024-12-31,2025-01-31,all,0.014519639116616792,0.009377391160038957,0,False,Research only; not investment advice.
unconditional_ew,2024-12-31,2024-12-31,2025-01-31,all,0.024544069109922646,0.012911857818395794,0,False,Research only; not investment advice.
always_calm,2024-12-31,2024-12-31,2025-01-31,calm,0.018784050403394516,0.010890115840873247,0,False,Research only; not investment advice.
k2_vol_corr_erc,2025-01-31,2025-01-31,2025-02-28,stress,0.005785237453995816,0.014504367173088199,0,False,Research only; not investment advice.
k2_vol_corr_ew,2025-01-31,2025-01-31,2025-02-28,stress,0.005292567641959081,0.010274490453348063,0,False,Research only; not investment advice.
k2_vol_corr_spread_erc,2025-01-31,2025-01-31,2025-02-28,stress,0.005785237453995816,0.014504367173088199,0,False,Research only; not investment advice.
k2_vol_corr_spread_ew,2025-01-31,2025-01-31,2025-02-28,stress,0.005292567641959081,0.010274490453348063,0,False,Research only; not investment advice.
unconditional_erc,2025-01-31,2025-01-31,2025-02-28,all,0.0013163009273122785,0.011901487964150269,0,False,Research only; not investment advice.
unconditional_ew,2025-01-31,2025-01-31,2025-02-28,all,-0.005297440731901951,0.007703808123067436,0,False,Research only; not investment advice.
always_calm,2025-01-31,2025-01-31,2025-02-28,calm,-0.0016050866490686278,0.006866090436474163,0,False,Research only; not investment advice.
k2_vol_corr_erc,2025-02-28,2025-02-28,2025-03-31,stress,0.0028230719724151453,0.017707457010793556,0,True,Research only; not investment advice.
k2_vol_corr_ew,2025-02-28,2025-02-28,2025-03-31,stress,0.0002700013703119883,0.007668211559437225,0,True,Research only; not investment advice.
k2_vol_corr_spread_erc,2025-02-28,2025-02-28,2025-03-31,stress,0.0028230719724151453,0.017707457010793556,0,True,Research only; not investment advice.
k2_vol_corr_spread_ew,2025-02-28,2025-02-28,2025-03-31,stress,0.0002700013703119883,0.007668211559437225,0,True,Research only; not investment advice.
unconditional_erc,2025-02-28,2025-02-28,2025-03-31,all,-0.010389143732168243,0.014868228484075601,0,True,Research only; not investment advice.
unconditional_ew,2025-02-28,2025-02-28,2025-03-31,all,-0.02226806742064534,0.011904675886229349,0,True,Research only; not investment advice.
always_calm,2025-02-28,2025-02-28,2025-03-31,calm,-0.021113977019537093,0.00989071336262513,0,True,Research only; not investment advice.
k2_vol_corr_erc,2025-03-31,2025-03-31,2025-04-30,stress,0.0020611125534584886,0.01433778530118586,0,False,Research only; not investment advice.
k2_vol_corr_ew,2025-03-31,2025-03-31,2025-04-30,stress,-0.006150015371568584,0.01396644812834383,0,False,Research only; not investment advice.
k2_vol_corr_spread_erc,2025-03-31,2025-03-31,2025-04-30,stress,0.0020611125534584886,0.01433778530118586,0,False,Research only; not investment advice.
k2_vol_corr_spread_ew,2025-03-31,2025-03-31,2025-04-30,stress,-0.006150015371568584,0.01396644812834383,0,False,Research only; not investment advice.
unconditional_erc,2025-03-31,2025-03-31,2025-04-30,all,0.0007264046208207045,0.0147480002140791,0,False,Research only; not investment advice.
unconditional_ew,2025-03-31,2025-03-31,2025-04-30,all,-0.0028836296014642534,0.015358846326877779,0,False,Research only; not investment advice.
always_calm,2025-03-31,2025-03-31,2025-04-30,calm,-0.0014473621136154237,0.010836414748313192,0,False,Research only; not investment advice.
k2_vol_corr_erc,2025-04-30,2025-04-30,2025-05-31,calm,0.031832884260923906,0.974753509642724,0,False,Research only; not investment advice.
k2_vol_corr_ew,2025-04-30,2025-04-30,2025-05-31,calm,0.0398873880166285,0.9606741573033708,0,False,Research only; not investment advice.
k2_vol_corr_spread_erc,2025-04-30,2025-04-30,2025-05-31,calm,0.031832884260923906,0.974753509642724,0,False,Research only; not investment advice.
k2_vol_corr_spread_ew,2025-04-30,2025-04-30,2025-05-31,calm,0.0398873880166285,0.9606741573033708,0,False,Research only; not investment advice.
unconditional_erc,2025-04-30,2025-04-30,2025-05-31,all,0.019118435701245478,0.016319606104730853,0,False,Research only; not investment advice.
unconditional_ew,2025-04-30,2025-04-30,2025-05-31,all,0.03656883322060853,0.011506485387092051,0,False,Research only; not investment advice.
always_calm,2025-04-30,2025-04-30,2025-05-31,calm,0.031832884260923906,0.014276100220978014,0,False,Research only; not investment advice.
k2_vol_corr_erc,2025-05-31,2025-05-31,2025-06-30,calm,0.026741665164753473,0.02347970478609007,0,False,Research only; not investment advice.
k2_vol_corr_ew,2025-05-31,2025-05-31,2025-06-30,calm,0.03477257711519802,0.009387501035622607,0,False,Research only; not investment advice.
k2_vol_corr_spread_erc,2025-05-31,2025-05-31,2025-06-30,calm,0.026741665164753473,0.02347970478609007,0,False,Research only; not investment advice.
k2_vol_corr_spread_ew,2025-05-31,2025-05-31,2025-06-30,calm,0.03477257711519802,0.009387501035622607,0,False,Research only; not investment advice.
unconditional_erc,2025-05-31,2025-05-31,2025-06-30,all,0.01766968500269308,0.029851435505711444,0,False,Research only; not investment advice.
unconditional_ew,2025-05-31,2025-05-31,2025-06-30,all,0.03234897944427052,0.012198232762651126,0,False,Research only; not investment advice.
always_calm,2025-05-31,2025-05-31,2025-06-30,calm,0.026741665164753473,0.02347970478609007,0,False,Research only; not investment advice.
k2_vol_corr_erc,2025-06-30,2025-06-30,2025-07-31,calm,0.007881236336545451,0.01582939924680918,0,False,Research only; not investment advice.
k2_vol_corr_ew,2025-06-30,2025-06-30,2025-07-31,calm,0.009060780571856865,0.007332764729743639,0,False,Research only; not investment advice.
k2_vol_corr_spread_erc,2025-06-30,2025-06-30,2025-07-31,calm,0.007881236336545451,0.01582939924680918,0,False,Research only; not investment advice.
k2_vol_corr_spread_ew,2025-06-30,2025-06-30,2025-07-31,calm,0.009060780571856865,0.007332764729743639,0,False,Research only; not investment advice.
unconditional_erc,2025-06-30,2025-06-30,2025-07-31,all,0.005255284337442677,0.026151604243585203,0,False,Research only; not investment advice.
unconditional_ew,2025-06-30,2025-06-30,2025-07-31,all,0.009569395460074959,0.009045842177120338,0,False,Research only; not investment advice.
always_calm,2025-06-30,2025-06-30,2025-07-31,calm,0.007881236336545451,0.01582939924680918,0,False,Research only; not investment advice.
k2_vol_corr_erc,2025-07-31,2025-07-31,2025-08-31,calm,0.01867596053620255,0.01555826601724208,0,False,Research only; not investment advice.
k2_vol_corr_ew,2025-07-31,2025-07-31,2025-08-31,calm,0.025768830007547608,0.007087735530272601,0,False,Research only; not investment advice.
k2_vol_corr_spread_erc,2025-07-31,2025-07-31,2025-08-31,calm,0.01867596053620255,0.01555826601724208,0,False,Research only; not investment advice.
k2_vol_corr_spread_ew,2025-07-31,2025-07-31,2025-08-31,calm,0.025768830007547608,0.007087735530272601,0,False,Research only; not investment advice.
unconditional_erc,2025-07-31,2025-07-31,2025-08-31,all,0.012975613026186494,0.03598250201338754,0,False,Research only; not investment advice.
unconditional_ew,2025-07-31,2025-07-31,2025-08-31,all,0.024617108280832082,0.008422031915151255,0,False,Research only; not investment advice.
always_calm,2025-07-31,2025-07-31,2025-08-31,calm,0.01867596053620255,0.01555826601724208,0,False,Research only; not investment advice.
k2_vol_corr_erc,2025-08-31,2025-08-31,2025-09-30,calm,0.01578852172590446,0.012599859741688849,0,False,Research only; not investment advice.
k2_vol_corr_ew,2025-08-31,2025-08-31,2025-09-30,calm,0.021615567336262347,0.009171139586179357,0,False,Research only; not investment advice.
k2_vol_corr_spread_erc,2025-08-31,2025-08-31,2025-09-30,calm,0.01578852172590446,0.012599859741688849,0,False,Research only; not investment advice.
k2_vol_corr_spread_ew,2025-08-31,2025-08-31,2025-09-30,calm,0.021615567336262347,0.009171139586179357,0,False,Research only; not investment advice.
unconditional_erc,2025-08-31,2025-08-31,2025-09-30,all,0.011305884882881178,0.019381164224966954,0,False,Research only; not investment advice.
unconditional_ew,2025-08-31,2025-08-31,2025-09-30,all,0.022486416824064756,0.009625992529564614,0,False,Research only; not investment advice.
always_calm,2025-08-31,2025-08-31,2025-09-30,calm,0.01578852172590446,0.012599859741688849,0,False,Research only; not investment advice.
k2_vol_corr_erc,2025-09-30,2025-09-30,2025-10-31,calm,0.008423523026739526,0.021869755073873995,0,False,Research only; not investment advice.
k2_vol_corr_ew,2025-09-30,2025-09-30,2025-10-31,calm,0.011429164333058265,0.006861741355113524,0,False,Research only; not investment advice.
k2_vol_corr_spread_erc,2025-09-30,2025-09-30,2025-10-31,calm,0.008423523026739526,0.021869755073873995,0,False,Research only; not investment advice.
k2_vol_corr_spread_ew,2025-09-30,2025-09-30,2025-10-31,calm,0.011429164333058265,0.006861741355113524,0,False,Research only; not investment advice.
unconditional_erc,2025-09-30,2025-09-30,2025-10-31,all,0.006443588607080712,0.029111462017554896,0,False,Research only; not investment advice.
unconditional_ew,2025-09-30,2025-09-30,2025-10-31,all,0.010695679456563618,0.008931618580353533,0,False,Research only; not investment advice.
always_calm,2025-09-30,2025-09-30,2025-10-31,calm,0.008423523026739526,0.021869755073873995,0,False,Research only; not investment advice.
k2_vol_corr_erc,2025-10-31,2025-10-31,2025-11-30,calm,0.007802598327674243,0.011138444849249255,0,False,Research only; not investment advice.
k2_vol_corr_ew,2025-10-31,2025-10-31,2025-11-30,calm,0.01013464059853431,0.007186665499372982,0,False,Research only; not investment advice.
k2_vol_corr_spread_erc,2025-10-31,2025-10-31,2025-11-30,calm,0.007802598327674243,0.011138444849249255,0,False,Research only; not investment advice.
k2_vol_corr_spread_ew,2025-10-31,2025-10-31,2025-11-30,calm,0.01013464059853431,0.007186665499372982,0,False,Research only; not investment advice.
unconditional_erc,2025-10-31,2025-10-31,2025-11-30,all,0.005687428907885114,0.03770411390386208,0,False,Research only; not investment advice.
unconditional_ew,2025-10-31,2025-10-31,2025-11-30,all,0.008818869282392526,0.007433892746801205,0,False,Research only; not investment advice.
always_calm,2025-10-31,2025-10-31,2025-11-30,calm,0.007802598327674243,0.011138444849249255,0,False,Research only; not investment advice.
k2_vol_corr_erc,2025-11-30,2025-11-30,2025-12-31,calm,0.006528673875911197,0.014762478968745963,0,False,Research only; not investment advice.
k2_vol_corr_ew,2025-11-30,2025-11-30,2025-12-31,calm,0.0054346141849295464,0.005857916613195305,0,False,Research only; not investment advice.
k2_vol_corr_spread_erc,2025-11-30,2025-11-30,2025-12-31,calm,0.006528673875911197,0.014762478968745963,0,False,Research only; not investment advice.
k2_vol_corr_spread_ew,2025-11-30,2025-11-30,2025-12-31,calm,0.0054346141849295464,0.005857916613195305,0,False,Research only; not investment advice.
unconditional_erc,2025-11-30,2025-11-30,2025-12-31,all,0.004794118204152921,0.01248453614908512,0,False,Research only; not investment advice.
unconditional_ew,2025-11-30,2025-11-30,2025-12-31,all,0.0059784452035391514,0.007116299166234255,0,False,Research only; not investment advice.
always_calm,2025-11-30,2025-11-30,2025-12-31,calm,0.006528673875911197,0.014762478968745963,0,False,Research only; not investment advice.
k2_vol_corr_erc,2025-12-31,2025-12-31,2026-01-31,calm,0.017324514014405722,0.013470804692183114,0,False,Research only; not investment advice.
k2_vol_corr_ew,2025-12-31,2025-12-31,2026-01-31,calm,0.02907699901650899,0.005844398764800523,0,False,Research only; not investment advice.
k2_vol_corr_spread_erc,2025-12-31,2025-12-31,2026-01-31,calm,0.017324514014405722,0.013470804692183114,0,False,Research only; not investment advice.
k2_vol_corr_spread_ew,2025-12-31,2025-12-31,2026-01-31,calm,0.02907699901650899,0.005844398764800523,0,False,Research only; not investment advice.
unconditional_erc,2025-12-31,2025-12-31,2026-01-31,all,0.01133403506698877,0.011552256956467447,0,False,Research only; not investment advice.
unconditional_ew,2025-12-31,2025-12-31,2026-01-31,all,0.028403091369468857,0.007080210140334936,0,False,Research only; not investment advice.
always_calm,2025-12-31,2025-12-31,2026-01-31,calm,0.017324514014405722,0.013470804692183114,0,False,Research only; not investment advice.
k2_vol_corr_erc,2026-01-31,2026-01-31,2026-02-28,calm,0.009638504250454715,0.015392242161487659,0,False,Research only; not investment advice.
k2_vol_corr_ew,2026-01-31,2026-01-31,2026-02-28,calm,0.013801538568037239,0.011458336054441017,0,False,Research only; not investment advice.
k2_vol_corr_spread_erc,2026-01-31,2026-01-31,2026-02-28,calm,0.009638504250454715,0.015392242161487659,0,False,Research only; not investment advice.
k2_vol_corr_spread_ew,2026-01-31,2026-01-31,2026-02-28,calm,0.013801538568037239,0.011458336054441017,0,False,Research only; not investment advice.
unconditional_erc,2026-01-31,2026-01-31,2026-02-28,all,0.007941163287912662,0.015490974107588967,0,False,Research only; not investment advice.
unconditional_ew,2026-01-31,2026-01-31,2026-02-28,all,0.014542645643735362,0.013006543290557664,0,False,Research only; not investment advice.
always_calm,2026-01-31,2026-01-31,2026-02-28,calm,0.009638504250454715,0.015392242161487659,0,False,Research only; not investment advice.
k2_vol_corr_erc,2026-02-28,2026-02-28,2026-03-31,calm,-0.024341267111090067,0.014741683843576754,0,True,Research only; not investment advice.
k2_vol_corr_ew,2026-02-28,2026-02-28,2026-03-31,calm,-0.03172329012777839,0.01046754226916686,0,True,Research only; not investment advice.
k2_vol_corr_spread_erc,2026-02-28,2026-02-28,2026-03-31,calm,-0.024341267111090067,0.014741683843576754,0,True,Research only; not investment advice.
k2_vol_corr_spread_ew,2026-02-28,2026-02-28,2026-03-31,calm,-0.03172329012777839,0.01046754226916686,0,True,Research only; not investment advice.
unconditional_erc,2026-02-28,2026-02-28,2026-03-31,all,-0.012543096518393143,0.017125124071921613,0,True,Research only; not investment advice.
unconditional_ew,2026-02-28,2026-02-28,2026-03-31,all,-0.027043187410563198,0.011845198907195474,0,True,Research only; not investment advice.
always_calm,2026-02-28,2026-02-28,2026-03-31,calm,-0.024341267111090067,0.014741683843576754,0,True,Research only; not investment advice.
k2_vol_corr_erc,2026-03-31,2026-03-31,2026-04-30,calm,0.04613010695067607,0.011987307340446368,0,False,Research only; not investment advice.
k2_vol_corr_ew,2026-03-31,2026-03-31,2026-04-30,calm,0.06384963921657087,0.0160133779503331,0,False,Research only; not investment advice.
k2_vol_corr_spread_erc,2026-03-31,2026-03-31,2026-04-30,calm,0.04613010695067607,0.011987307340446368,0,False,Research only; not investment advice.
k2_vol_corr_spread_ew,2026-03-31,2026-03-31,2026-04-30,calm,0.06384963921657087,0.0160133779503331,0,False,Research only; not investment advice.
unconditional_erc,2026-03-31,2026-03-31,2026-04-30,all,0.025645277023902843,0.01671163303329413,0,False,Research only; not investment advice.
unconditional_ew,2026-03-31,2026-03-31,2026-04-30,all,0.0567325570159127,0.019503781351733303,0,False,Research only; not investment advice.
always_calm,2026-03-31,2026-03-31,2026-04-30,calm,0.04613010695067607,0.011987307340446368,0,False,Research only; not investment advice.
k2_vol_corr_erc,2026-04-30,2026-04-30,2026-05-31,calm,0.016889188921697246,0.02983214206135655,0,False,Research only; not investment advice.
k2_vol_corr_ew,2026-04-30,2026-04-30,2026-05-31,calm,0.02296903131468058,0.015230093641006894,0,False,Research only; not investment advice.
k2_vol_corr_spread_erc,2026-04-30,2026-04-30,2026-05-31,calm,0.016889188921697246,0.02983214206135655,0,False,Research only; not investment advice.
k2_vol_corr_spread_ew,2026-04-30,2026-04-30,2026-05-31,calm,0.02296903131468058,0.015230093641006894,0,False,Research only; not investment advice.
unconditional_erc,2026-04-30,2026-04-30,2026-05-31,all,0.009627434910645223,0.024035410311155976,0,False,Research only; not investment advice.
unconditional_ew,2026-04-30,2026-04-30,2026-05-31,all,0.01816674023199091,0.017465629846008607,0,False,Research only; not investment advice.
always_calm,2026-04-30,2026-04-30,2026-05-31,calm,0.016889188921697246,0.02983214206135655,0,False,Research only; not investment advice.
k2_vol_corr_erc,2026-05-31,2026-05-31,2026-06-30,calm,0.00518536036136894,0.01054498144899745,0,False,Research only; not investment advice.
k2_vol_corr_ew,2026-05-31,2026-05-31,2026-06-30,calm,0.008626339342458265,0.010875363514505321,0,False,Research only; not investment advice.
k2_vol_corr_spread_erc,2026-05-31,2026-05-31,2026-06-30,calm,0.00518536036136894,0.01054498144899745,0,False,Research only; not investment advice.
k2_vol_corr_spread_ew,2026-05-31,2026-05-31,2026-06-30,calm,0.008626339342458265,0.010875363514505321,0,False,Research only; not investment advice.
unconditional_erc,2026-05-31,2026-05-31,2026-06-30,all,0.0022490388113657256,0.009467125872227995,0,False,Research only; not investment advice.
unconditional_ew,2026-05-31,2026-05-31,2026-06-30,all,-0.00012372569609536525,0.011827297959731238,0,False,Research only; not investment advice.
always_calm,2026-05-31,2026-05-31,2026-06-30,calm,0.00518536036136894,0.01054498144899745,0,False,Research only; not investment advice.
k2_vol_corr_erc,2026-06-30,2026-06-30,2026-07-31,calm,0.0016986653948194252,0.009142361370890245,0,False,Research only; not investment advice.
k2_vol_corr_ew,2026-06-30,2026-06-30,2026-07-31,calm,-0.0018513027745877026,0.009579136069980478,0,False,Research only; not investment advice.
k2_vol_corr_spread_erc,2026-06-30,2026-06-30,2026-07-31,calm,0.0016986653948194252,0.009142361370890245,0,False,Research only; not investment advice.
k2_vol_corr_spread_ew,2026-06-30,2026-06-30,2026-07-31,calm,-0.0018513027745877026,0.009579136069980478,0,False,Research only; not investment advice.
unconditional_erc,2026-06-30,2026-06-30,2026-07-31,all,0.00189560025610159,0.008776677155717075,0,False,Research only; not investment advice.
unconditional_ew,2026-06-30,2026-06-30,2026-07-31,all,0.0004595303527852925,0.01199088960500827,0,False,Research only; not investment advice.
always_calm,2026-06-30,2026-06-30,2026-07-31,calm,0.0016986653948194252,0.009142361370890245,0,False,Research only; not investment advice.
k2_vol_corr_erc,2026-07-31,2026-07-31,2026-08-31,calm,0.014046934379726095,0.005972054658723976,0,False,Research only; not investment advice.
k2_vol_corr_ew,2026-07-31,2026-07-31,2026-08-31,calm,0.017502596646168107,0.01158598396196341,0,False,Research only; not investment advice.
k2_vol_corr_spread_erc,2026-07-31,2026-07-31,2026-08-31,calm,0.014046934379726095,0.005972054658723976,0,False,Research only; not investment advice.
k2_vol_corr_spread_ew,2026-07-31,2026-07-31,2026-08-31,calm,0.017502596646168107,0.01158598396196341,0,False,Research only; not investment advice.
unconditional_erc,2026-07-31,2026-07-31,2026-08-31,all,0.010550104757154307,0.0041717875416946385,0,False,Research only; not investment advice.
unconditional_ew,2026-07-31,2026-07-31,2026-08-31,all,0.0243214911279473,0.012261664160085225,0,False,Research only; not investment advice.
always_calm,2026-07-31,2026-07-31,2026-08-31,calm,0.014046934379726095,0.005972054658723976,0,False,Research only; not investment advice.
