Date,VOO,VTI,QQQ,QQQM,IJR,IWM,QUAL,USMV,VLUE,GSEW,IWP,IWO,IJK,IJT,VIOG,VXF,XSD,XBI,LOUP,GTEK,GINN,GVIP,BBC,VEA,EEM,BIL,SGOV,GBIL,SHV
2020-01-02,271.11260986328125,150.1563262939453,208.08888244628906,,75.6917495727539,152.67031860351562,93.51776123046875,58.63902282714844,75.7075424194336,45.86184310913086,74.6121597290039,205.86122131347656,56.518428802490234,90.90864562988281,77.89410400390625,116.74431610107422,106.01725006103516,93.85760498046875,27.441999435424805,,,63.10865783691406,36.29873275756836,36.6751594543457,39.8797721862793,76.36247253417969,,83.47932434082031,91.9687728881836
2020-01-03,269.1319274902344,149.20066833496094,206.18276977539062,,75.64661407470703,152.07177734375,92.91195678710938,58.674781799316406,74.89437103271484,45.680152893066406,74.31690979003906,204.83456420898438,56.258419036865234,90.92743682861328,77.96442413330078,116.47635650634766,104.35935974121094,92.54907989501953,27.200000762939453,,,62.65315628051758,35.74280548095703,36.229312896728516,39.13932800292969,76.36247253417969,,83.4876708984375,91.9687728881836
2020-01-06,270.1404724121094,149.7103729248047,207.5113067626953,,75.574462890625,152.2743682861328,93.13225555419922,58.75519943237305,74.77703094482422,45.70624923706055,74.60733795166016,205.56378173828125,56.27733612060547,90.83824920654297,77.74408721923828,116.81825256347656,103.6333999633789,93.3520278930664,27.200000762939453,,,62.89221954345703,35.67488479614258,36.35316848754883,39.04349899291992,76.3541259765625,,83.47932434082031,91.96044921875
2020-01-07,269.39556884765625,149.3553924560547,207.48239135742188,,75.14147186279297,151.76783752441406,93.00372314453125,58.513916015625,74.8860092163086,45.6612663269043,74.59278869628906,205.19923400878906,56.163875579833984,90.34523010253906,77.47217559814453,116.53182220458984,105.2324447631836,93.5007553100586,27.540000915527344,,,63.09488296508789,35.964012145996094,36.295352935791016,39.01737594604492,76.3541259765625,,83.49601745605469,91.97705841064453
2020-01-08,270.7855224609375,150.09262084960938,209.04190063476562,,75.30386352539062,152.23751831054688,93.3801040649414,58.63902282714844,75.05365753173828,45.825870513916016,74.95582580566406,206.41761779785156,56.27733612060547,90.94152069091797,77.88004302978516,117.03998565673828,105.81124114990234,94.77953338623047,27.81999969482422,,,63.42051696777344,36.31523132324219,36.344905853271484,39.243858337402344,76.37085723876953,,83.49601745605469,91.98542785644531
2020-01-09,272.6570129394531,151.03005981445312,210.81324768066406,,75.28580474853516,152.42169189453125,94.1419677734375,59.00539779663086,75.18779754638672,46.05072021484375,75.58988952636719,207.16598510742188,56.56808090209961,90.91804504394531,77.96442413330078,117.35414123535156,106.40966796875,94.98771667480469,28.040000915527344,,,63.639915466308594,36.19880294799805,36.49351501464844,39.50519943237305,76.3791732788086,,83.49601745605469,91.98542785644531
2020-01-10,271.875732421875,150.59323120117188,210.27407836914062,,74.93399810791016,151.85076904296875,94.01346588134766,58.97859573364258,74.8692398071289,45.973365783691406,75.3624038696289,206.52320861816406,56.360069274902344,90.59406280517578,77.65969848632812,117.0584716796875,106.00745391845703,94.00630187988281,27.954999923706055,,,63.39985656738281,36.0785026550293,36.36967468261719,39.71426773071289,76.3791732788086,,83.50013732910156,91.97705841064453
2020-01-13,273.6745910644531,151.62168884277344,212.699951171875,,75.5564193725586,152.8361053466797,94.79367065429688,59.33604431152344,75.10396575927734,46.271087646484375,75.95291137695312,207.97189331054688,56.81153106689453,91.63175201416016,78.5410385131836,118.13028717041016,107.84192657470703,92.11289978027344,28.549999237060547,,,64.2154312133789,35.22858428955078,36.58434295654297,40.3327522277832,76.3791732788086,,83.50013732910156,91.98542785644531
2020-01-14,273.3110656738281,151.53976440429688,211.8625030517578,,75.83607482910156,153.3978271484375,94.65602111816406,59.3003044128418,75.37223052978516,46.3106575012207,75.91419219970703,209.0752410888672,56.913169860839844,91.86653137207031,78.76603698730469,118.50910949707031,107.99888610839844,94.8191909790039,28.6200008392334,,,64.21247100830078,36.247318267822266,36.609107971191406,40.10626220703125,76.3791732788086,,83.50431823730469,91.98542785644531
2020-01-15,273.9198303222656,151.9129638671875,211.94912719726562,,76.16082000732422,154.1345977783203,94.9405517578125,59.71136474609375,75.0788345336914,46.41588592529297,76.14167022705078,210.54310607910156,57.00536346435547,92.44876098632812,79.26764678955078,118.76781463623047,106.1644058227539,95.51311492919922,28.34000015258789,,,64.59123992919922,36.57233810424805,36.58434295654297,39.79266357421875,76.38754272460938,,83.51263427734375,92.00204467773438
2020-01-16,276.2091979980469,153.2144012451172,213.9803466796875,,77.14405822753906,156.123779296875,95.71160125732422,60.16709899902344,75.69078826904297,46.783748626708984,76.90644073486328,213.5556640625,57.59156799316406,93.66020202636719,80.2380599975586,120.09833526611328,108.16565704345703,96.23677062988281,28.700000762939453,,,65.1156005859375,37.12342071533203,36.782493591308594,40.0452880859375,76.40423583984375,,83.52933502197266,92.01873016357422
2020-01-17,277.1450500488281,153.59666442871094,215.03927612304688,,77.00872039794922,155.7001495361328,95.9778060913086,60.426246643066406,75.75782012939453,46.924076080322266,76.91612243652344,212.75936889648438,57.4993782043457,93.64610290527344,80.2474136352539,119.7934341430664,109.17609405517578,95.43379974365234,28.770000457763672,,,65.44911193847656,37.074913024902344,36.873313903808594,40.27178192138672,76.39588165283203,,83.52099609375,92.01873016357422
2020-01-21,276.5726318359375,153.26904296875,214.9430694580078,,76.28710174560547,154.41085815429688,95.72078704833984,60.578155517578125,75.39737701416016,46.84222412109375,76.79993438720703,211.2722930908203,57.315006256103516,93.07324981689453,79.74114227294922,119.36844635009766,108.47956848144531,93.8873519897461,28.80500030517578,,,65.26512145996094,36.99632263183594,36.576080322265625,39.25257110595703,76.40423583984375,,83.53765106201172,92.02703094482422
2020-01-22,276.6453857421875,153.36004638671875,215.5109405517578,,76.28710174560547,154.30953979492188,95.77586364746094,60.68539047241211,75.79977416992188,46.83772659301758,76.95968627929688,211.53126525878906,57.336280822753906,93.19535064697266,79.85364532470703,119.47003936767578,109.01911926269531,93.66924285888672,29.06100082397461,,,65.29071807861328,36.913856506347656,36.666908264160156,39.574886322021484,76.40423583984375,,83.53765106201172,92.02703094482422
2020-01-23,276.9178161621094,153.5330047607422,216.20411682128906,,76.449462890625,154.20826721191406,95.68407440185547,60.828392028808594,75.8500747680664,46.939361572265625,77.10487365722656,211.49295043945312,57.45210266113281,93.38317108154297,80.097412109375,119.6178970336914,110.38272857666016,92.44993591308594,29.209999084472656,,,65.64094543457031,36.580101013183594,36.576080322265625,39.16545104980469,76.41256713867188,,83.54598236083984,92.04368591308594
2020-01-24,274.3922424316406,152.07675170898438,214.3846435546875,,75.25874328613281,152.31117248535156,94.69271850585938,60.54241943359375,75.33869171142578,46.446475982666016,76.43692779541016,208.6338653564453,56.939170837402344,92.21399688720703,79.09889221191406,118.35204315185547,108.24413299560547,89.96174621582031,28.829999923706055,,,64.96607208251953,35.277099609375,36.43572235107422,38.85186004638672,76.41256713867188,,83.54598236083984,92.05197143554688
2020-01-27,270.0314636230469,149.792236328125,209.95645141601562,,74.42884826660156,150.57981872558594,93.12308502197266,60.11347961425781,73.77943420410156,45.789894104003906,75.26558685302734,206.68621826171875,56.20641326904297,91.38289642333984,78.38163757324219,116.80900573730469,104.17296600341797,89.32730865478516,27.979999542236328,,,63.82289123535156,35.26739501953125,35.66788101196289,37.510337829589844,76.42095947265625,,83.55431365966797,92.06034088134766
2020-01-28,272.9568786621094,151.2394256591797,213.18133544921875,,74.96104431152344,151.83229064941406,93.95840454101562,60.47093963623047,74.52555084228516,46.248592376708984,76.15135192871094,208.86412048339844,56.870635986328125,92.18583679199219,79.14111328125,117.9362564086914,106.3115463256836,90.98279571533203,28.44099998474121,,,64.76634979248047,35.50413131713867,35.973365783691406,37.823936462402344,76.42095947265625,,83.55431365966797,92.06034088134766
2020-01-29,272.684326171875,151.1393280029297,213.5279083251953,,74.44690704345703,150.9666290283203,94.0869140625,60.265403747558594,73.7291488647461,46.08940505981445,75.89483642578125,208.0006561279297,56.664981842041016,91.49090576171875,78.52227020263672,117.51123046875,104.30049896240234,90.77462768554688,28.3439998626709,,,64.7043685913086,35.33531188964844,35.981624603271484,38.00687789916992,76.42926025390625,,83.55431365966797,92.06864929199219
2020-01-30,273.53826904296875,151.5033416748047,214.2884063720703,,74.3656997680664,150.9666290283203,94.21540832519531,60.73899841308594,73.77104187011719,46.169456481933594,76.04488372802734,207.5784912109375,56.6862678527832,91.39229583740234,78.34883117675781,117.80689239501953,103.82959747314453,89.60487365722656,28.3799991607666,,,64.6984634399414,34.85311508178711,35.899051666259766,37.440643310546875,76.42926025390625,,83.57099914550781,92.07695770263672
2020-01-31,268.6323547363281,148.82754516601562,210.8902130126953,,72.59766387939453,147.83551025390625,92.07664489746094,59.997310638427734,72.37946319580078,45.39863586425781,74.51538848876953,203.3859100341797,55.561134338378906,89.1948013305664,76.4783706665039,115.7926254272461,100.15084838867188,88.34590911865234,27.766000747680664,,,63.87797927856445,34.33404541015625,35.28807830810547,36.68277359008789,76.42926025390625,,83.58765411376953,92.09362030029297
2020-02-03,270.58563232421875,150.13816833496094,214.07662963867188,,73.28323364257812,149.48397827148438,92.99456787109375,60.319026947021484,72.71479034423828,45.744911193847656,75.28495025634766,206.0530548095703,56.23952102661133,90.09634399414062,77.17684936523438,117.38188171386719,100.85717010498047,90.32852935791016,28.6299991607666,,,64.98673248291016,35.32754898071289,35.411922454833984,37.092201232910156,76.43597412109375,,83.5684814453125,92.094482421875
2020-02-04,274.7556457519531,152.50454711914062,218.97653198242188,,74.20333862304688,151.740234375,94.36225891113281,60.73008346557617,74.02256774902344,46.23959732055664,76.68375396728516,209.78517150878906,57.10463333129883,91.20916748046875,78.23162841796875,119.38690185546875,103.61376953125,92.90595245361328,29.940000534057617,,,66.04332733154297,36.05327224731445,35.981624603271484,38.05043029785156,76.43597412109375,,83.57682800292969,92.07775115966797
2020-02-05,277.8626708984375,154.00625610351562,219.6985626220703,,75.61957550048828,154.079345703125,95.50967407226562,61.20368957519531,75.60694122314453,46.77925491333008,76.81446075439453,212.27005004882812,57.43790817260742,92.77277374267578,79.4786148071289,119.95975494384766,106.15457916259766,95.2157211303711,29.520000457763672,,,66.35223388671875,36.54711151123047,36.328392028808594,38.26820755004883,76.45269775390625,,83.59349822998047,92.08610534667969
2020-02-06,278.8075866699219,154.43405151367188,221.594970703125,,75.4120864868164,153.72933959960938,95.84929656982422,61.27519989013672,75.69915771484375,46.85122299194336,76.84835815429688,212.39476013183594,57.2133674621582,92.67884063720703,79.4786148071289,119.74723815917969,105.56597900390625,95.31485748291016,29.812000274658203,,,66.63655090332031,36.52867889404297,36.452239990234375,38.30305480957031,76.46106719970703,,83.59349822998047,92.07775115966797
2020-02-07,277.3902282714844,153.55120849609375,220.64198303222656,,74.27547454833984,151.84153747558594,95.21592712402344,61.11432647705078,75.09558868408203,46.581382751464844,76.32077026367188,209.92910766601562,56.68390655517578,91.4580307006836,78.41915130615234,118.71235656738281,103.72169494628906,94.49205780029297,29.670000076293945,,,66.26959991455078,36.21820831298828,36.09720230102539,37.771671295166016,76.46106719970703,,83.59349822998047,92.10279083251953
2020-02-10,279.3799133300781,154.67977905273438,223.30856323242188,,74.5190658569336,152.69796752929688,95.67488861083984,61.47176742553711,75.3805923461914,46.77836608886719,76.91129302978516,211.89590454101562,57.102272033691406,92.08721160888672,78.97701263427734,119.608642578125,104.90869903564453,96.03850555419922,30.03700065612793,,,66.82643127441406,37.110809326171875,36.17977523803711,37.98073959350586,76.45269775390625,,83.61016845703125,92.10279083251953
2020-02-11,279.8886413574219,155.10752868652344,223.3470001220703,,75.13246154785156,153.7570037841797,95.84929656982422,61.579002380371094,75.97579193115234,47.11384963989258,77.32270050048828,213.0663604736328,57.53483963012695,92.6976089477539,79.47392272949219,120.42176818847656,107.13557434082031,95.91954040527344,30.43000030517578,,,67.06549072265625,37.02348709106445,36.42747116088867,38.47727966308594,76.46106719970703,,83.60598754882812,92.11111450195312
2020-02-12,281.6874084472656,156.0814208984375,225.5226593017578,,75.63761138916016,154.81605529785156,96.42759704589844,61.66839599609375,76.62968444824219,47.44483947753906,77.95675659179688,214.5918426513672,57.92010498046875,93.16249084472656,79.96148681640625,121.13322448730469,109.36249542236328,97.15869140625,30.700000762939453,,,67.56230163574219,37.329105377197266,36.576080322265625,38.99995040893555,76.46939086914062,,83.60184478759766,92.10279083251953
2020-02-13,281.4148864746094,156.01768493652344,225.23385620117188,,75.89017486572266,155.22125244140625,96.19810485839844,61.963279724121094,76.31951141357422,47.398067474365234,78.16971588134766,215.33058166503906,58.26519775390625,93.78699493408203,80.3740005493164,121.5582504272461,108.0185317993164,96.0781478881836,30.729999542236328,,,67.77381134033203,36.761531829833984,36.31187057495117,38.48598861694336,76.47775268554688,,83.62686157226562,92.11949920654297
2020-02-14,281.8872985839844,156.2725372314453,225.87884521484375,,75.4842529296875,154.62269592285156,96.38169860839844,62.25815963745117,75.79977416992188,47.45832443237305,78.49887084960938,214.73574829101562,58.27939224243164,93.1765365600586,79.91456604003906,121.650634765625,107.25332641601562,96.24668884277344,30.53499984741211,,,67.91451263427734,36.778995513916016,36.287105560302734,38.5034065246582,76.47775268554688,,83.61852264404297,92.12779998779297
2020-02-18,281.11505126953125,155.90846252441406,225.96548461914062,,75.07835388183594,154.29116821289062,96.11548614501953,62.213478088378906,75.33869171142578,47.34589767456055,78.53276062011719,214.6589813232422,58.1186637878418,92.72579956054688,79.52081298828125,121.63214874267578,106.39982604980469,96.76217651367188,30.299999237060547,,,68.06109619140625,37.086551666259766,36.03941345214844,38.25078582763672,76.48612213134766,,83.63516998291016,92.12779998779297
2020-02-19,282.46868896484375,156.70028686523438,228.13148498535156,,75.36698913574219,155.08314514160156,96.43677520751953,62.18666458129883,75.74108123779297,47.561763763427734,78.97322845458984,216.10768127441406,58.48740768432617,93.092041015625,79.7833480834961,122.30665588378906,108.89159393310547,97.49571228027344,31.049999237060547,,,68.8038558959961,37.265071868896484,36.18803024291992,38.529544830322266,76.48612213134766,,83.62850189208984,92.13613891601562
2020-02-20,281.3603820800781,156.22703552246094,226.01364135742188,,75.76388549804688,155.46070861816406,96.14303588867188,62.06157302856445,75.60694122314453,47.51140594482422,78.76506042480469,216.00216674804688,58.55121612548828,93.37846374511719,80.10208892822266,122.6393051147461,107.92042541503906,96.9604263305664,30.82200050354004,,,68.72319030761719,37.137977600097656,35.9238166809082,37.928470611572266,76.48612213134766,,83.63516998291016,92.13613891601562
2020-02-21,278.4441223144531,154.6251678466797,221.6719970703125,,74.8888931274414,153.8859405517578,95.21592712402344,61.88283157348633,74.8440933227539,47.09856033325195,77.52598571777344,213.17190551757812,57.93192672729492,92.35955047607422,79.23014068603516,121.25332641601562,104.39859008789062,96.41519927978516,30.218000411987305,,,67.84268951416016,36.60144805908203,35.758697509765625,37.710689544677734,76.50284576416016,,83.66018676757812,92.16952514648438
2020-02-24,269.1319274902344,149.5374298095703,213.1235809326172,,72.6788558959961,149.25376892089844,91.92975616455078,60.63178634643555,72.16150665283203,45.72332763671875,75.18816375732422,206.60952758789062,56.220603942871094,89.66436767578125,77.00341796875,117.61286926269531,99.77803802490234,93.10419464111328,28.719999313354492,,,65.16675567626953,35.18977737426758,34.36335754394531,36.29948425292969,76.49445343017578,,83.66018676757812,92.16952514648438
2020-02-25,261.04644775390625,144.968505859375,207.32833862304688,,70.2252426147461,143.94921875,89.12091827392578,59.112632751464844,69.56278991699219,44.23027801513672,72.75836944580078,199.36599731445312,54.358009338378906,86.84239196777344,74.46723937988281,113.65824127197266,96.7957992553711,90.27897644042969,27.780000686645508,,,63.00044250488281,34.141944885253906,33.77713394165039,36.01202392578125,76.49445343017578,,83.6768798828125,92.19451904296875
2020-02-26,259.8926086425781,144.16757202148438,208.3968963623047,,69.33220672607422,142.2823486328125,88.92817687988281,58.907100677490234,68.83343505859375,43.836326599121094,72.2356185913086,197.62945556640625,53.767093658447266,85.99720764160156,73.77342987060547,112.20759582519531,96.1385269165039,90.73497009277344,27.680999755859375,,,62.46918487548828,34.10701370239258,33.80190658569336,36.29948425292969,76.51124572753906,,83.6852035522461,92.19451904296875
2020-02-27,248.37298583984375,137.8511505126953,197.96168518066406,,66.7523422241211,137.27249145507812,85.14634704589844,56.288818359375,65.94124603271484,42.138206481933594,69.64126586914062,190.8271484375,51.85248565673828,82.56953430175781,70.81069946289062,107.8094711303711,91.56703186035156,86.80936431884766,26.1200008392334,,,60.17890548706055,32.579898834228516,32.76985549926758,35.42836380004883,76.52792358398438,,83.75186920166016,92.23616027832031
2020-02-28,246.87393188476562,136.9227752685547,198.11569213867188,,65.66085052490234,134.75843811035156,84.40282440185547,54.75178527832031,65.40474700927734,41.184814453125,69.37020874023438,189.0330810546875,50.968475341796875,81.27356719970703,69.61528778076172,106.78385925292969,93.61732482910156,88.40538787841797,25.99799919128418,,,59.78538513183594,33.03589630126953,32.58821487426758,35.297698974609375,76.51952362060547,,83.77687072753906,92.2945327758789
2020-03-02,257.8939208984375,142.59303283691406,208.33917236328125,,67.33865356445312,139.0867462158203,88.13876342773438,57.78114700317383,68.01187133789062,43.06462860107422,71.6935043334961,193.60943603515625,52.63959884643555,83.34896850585938,71.37792205810547,109.77751922607422,96.16796875,91.89481353759766,27.200000762939453,,,61.97925567626953,35.06365203857422,33.01755142211914,36.06428146362305,76.54217529296875,,83.7868881225586,92.32793426513672
2020-03-03,250.78053283691406,138.916015625,201.65829467773438,,65.92243957519531,136.25033569335938,85.49515533447266,56.78030014038086,65.81551361083984,42.08425521850586,69.9461669921875,189.72384643554688,51.625587463378906,81.72434997558594,70.19657135009766,107.46762084960938,93.4505615234375,89.28765869140625,26.621000289916992,,,60.14938735961914,34.417484283447266,32.75334548950195,35.82035827636719,76.55889129638672,,83.87873077392578,92.41138458251953
2020-03-04,261.1736755371094,144.46788024902344,210.0719757080078,,67.96109008789062,140.12738037109375,88.82719421386719,59.33604431152344,68.4058837890625,43.71220016479492,72.75836944580078,195.9696502685547,53.52598571777344,84.50407409667969,72.53582763671875,110.70149993896484,97.02142333984375,93.48091125488281,27.54599952697754,,,62.31178283691406,35.780643463134766,33.653297424316406,36.45627975463867,76.59239196777344,,83.912109375,92.44480895996094
2020-03-05,252.42489624023438,139.65321350097656,203.68948364257812,,65.5345458984375,135.67013549804688,86.02754974365234,57.87049865722656,66.01673126220703,42.16339874267578,70.4301986694336,190.0308837890625,51.798133850097656,81.76660919189453,70.2059326171875,107.15345001220703,94.3138656616211,91.7956771850586,26.642000198364258,,,60.04117202758789,35.18977737426758,32.76985549926758,35.689693450927734,76.60908508300781,,83.96221160888672,92.52825164794922
2020-03-06,248.19129943847656,137.059326171875,200.25283813476562,,64.36188507080078,132.98104858398438,84.77000427246094,57.35221481323242,64.78439331054688,41.39618682861328,69.07980346679688,186.48104858398438,50.8337287902832,80.41432189941406,69.01052856445312,104.74187469482422,91.39045715332031,89.31739044189453,26.079999923706055,,,58.579246520996094,34.09343338012695,32.290977478027344,34.95796203613281,76.60908508300781,,84.01229095458984,92.55331420898438
2020-03-09,229.04025268554688,126.05560302734375,186.3423614501953,,58.06551742553711,120.05130767822266,78.80350494384766,53.884986877441406,58.66474914550781,38.09978103637695,63.89105987548828,170.29574584960938,46.52235794067383,73.01898193359375,62.611576080322266,94.96621704101562,82.73799896240234,82.12043762207031,23.559999465942383,,,54.006561279296875,31.066356658935547,29.665430068969727,32.57109832763672,76.6425552368164,,84.05406951904297,92.61174774169922
2020-03-10,240.79473876953125,132.30833435058594,196.48880004882812,,59.7884521484375,123.79948425292969,82.87908172607422,55.61861038208008,61.74972152709961,39.45341110229492,66.9258804321289,175.06405639648438,48.49839401245117,75.32914733886719,64.5765151977539,98.41265869140625,88.68289184570312,84.36082458496094,24.51799964904785,,,56.72970962524414,31.347721099853516,30.771793365478516,34.226226806640625,76.62584686279297,,83.9705810546875,92.56166076660156
2020-03-11,228.85586547851562,125.609619140625,187.9307098388672,,56.207275390625,115.92557525634766,78.80350494384766,53.196903228759766,58.362972259521484,37.45939254760742,63.38284683227539,163.75253295898438,45.43505096435547,70.9013442993164,60.94536209106445,92.20353698730469,83.39527893066406,78.55171966552734,23.229999542236328,,,53.79798889160156,29.213241577148438,29.1700439453125,32.63207244873047,76.6425552368164,,84.08744049072266,92.578369140625
2020-03-12,206.7214813232422,113.39543914794922,170.6991424560547,,49.829715728759766,103.11557006835938,71.42340087890625,48.201602935791016,51.748714447021484,33.68628692626953,57.58423614501953,145.58128356933594,40.77382278442383,62.9190788269043,53.90850067138672,82.53875732421875,74.53679656982422,70.16521453857422,20.82699966430664,,,48.692081451416016,25.768970489501953,25.90874671936035,29.365381240844727,76.65094757080078,,84.0707015991211,92.59508514404297
2020-03-13,226.03541564941406,123.71650695800781,185.15826416015625,,53.654449462890625,110.0224609375,77.89476776123047,51.409671783447266,56.88754653930664,36.435829162597656,61.70326614379883,154.1968536376953,44.31937789916992,67.5722885131836,57.73696517944336,88.52610778808594,81.25667572021484,74.58647155761719,21.98900032043457,,,52.052738189697266,26.409311294555664,27.543521881103516,31.482194900512695,76.6677017211914,,84.03732299804688,92.55331420898438
2020-03-16,199.50161743164062,109.63652801513672,162.9785614013672,,47.34003829956055,95.4258804321289,69.96392822265625,46.22671127319336,49.66972351074219,31.99266815185547,54.16218948364258,134.60560607910156,38.77413558959961,57.19060516357422,49.436466217041016,76.69920349121094,69.75929260253906,65.37714385986328,19.46500015258789,,,45.74658966064453,23.197895050048828,24.562944412231445,27.553457260131836,76.676025390625,,84.01229095458984,92.578369140625
2020-03-17,212.56317138671875,115.13380432128906,175.3391571044922,,49.71245193481445,99.80022430419922,73.01143646240234,48.64840316772461,52.36068344116211,33.3687744140625,57.06633758544922,140.525146484375,40.338905334472656,62.18657302856445,53.19918441772461,79.43418884277344,76.65576934814453,67.73648834228516,19.947999954223633,,,47.497745513916016,24.25543212890625,25.677566528320312,29.45249366760254,76.676025390625,,84.03732299804688,92.58671569824219
2020-03-18,200.94369506835938,108.49884796142578,170.0059814453125,,45.10292053222656,92.06451416015625,69.87213134765625,46.405426025390625,49.870914459228516,30.940336227416992,52.826290130615234,130.07717895507812,36.393890380859375,56.20927047729492,48.69428253173828,71.47874450683594,70.12227630615234,65.74394226074219,18.150999069213867,,,43.60191345214844,22.906827926635742,24.15012550354004,26.908830642700195,76.69276428222656,,84.1041488647461,92.68687438964844
2020-03-19,201.1171875,109.29975128173828,171.02642822265625,,46.65447998046875,95.6561050415039,69.8904800415039,45.60117721557617,49.6278076171875,31.731826782226562,53.77981948852539,136.60118103027344,37.92792892456055,59.1533203125,51.05712890625,75.44261932373047,73.87950897216797,69.53077697753906,19.343000411987305,,,45.61870193481445,25.336252212524414,24.50514793395996,27.11789894104004,76.676025390625,,84.120849609375,92.66184997558594
2020-03-20,192.35467529296875,104.84001922607422,164.32627868652344,,44.90446853637695,93.3814468383789,66.14534759521484,43.2062873840332,47.38113784790039,30.258560180664062,51.66947555541992,132.9074249267578,36.38443374633789,56.50507354736328,48.628509521484375,73.08647155761719,71.74090576171875,68.51961517333984,19.27899932861328,,,43.99445343017578,25.55552101135254,24.282222747802734,27.318256378173828,76.70114135742188,,84.1375503540039,92.68687438964844
2020-03-23,186.4491424560547,101.85475158691406,164.4449462890625,,44.30008316040039,92.00005340576172,63.59355926513672,41.65139389038086,46.3835563659668,29.177453994750977,50.64818572998047,132.88821411132812,35.56896209716797,56.091880798339844,48.233917236328125,71.58040618896484,73.07328796386719,67.97441101074219,19.56999969482422,,,43.95313262939453,25.759267807006836,23.868383407592773,26.664920806884766,76.6844253540039,,84.15006256103516,92.66184997558594
2020-03-24,204.22964477539062,111.5205078125,177.1791534423828,,48.151878356933594,100.41725158691406,70.18424224853516,45.2615966796875,51.03616714477539,32.370418548583984,56.05471420288086,145.70602416992188,39.35795974731445,61.346099853515625,52.720027923583984,78.98146057128906,81.42506408691406,73.58523559570312,21.496000289916992,,,48.41169357299805,27.554170608520508,25.991493225097656,28.668487548828125,76.6844253540039,,84.14585876464844,92.69524383544922
2020-03-25,206.84927368164062,113.05867004394531,175.8671417236328,,48.57061004638672,101.66529846191406,71.67926788330078,46.05556869506836,51.768802642822266,33.175331115722656,57.3935546875,146.897216796875,40.41943359375,62.26710891723633,53.354190826416016,81.30061340332031,81.03205108642578,74.58647155761719,22.12299919128418,,,49.68665313720703,27.76761817932129,26.928647994995117,29.678987503051758,76.6844253540039,,84.11250305175781,92.72027587890625
2020-03-26,219.28103637695312,119.92237091064453,185.1283416748047,,51.905941009521484,107.98876953125,75.7029800415039,49.26561737060547,55.10982131958008,35.23473358154297,60.555145263671875,155.3097381591797,42.65757751464844,66.53314208984375,56.99945068359375,85.82368469238281,85.51255798339844,77.55049896240234,23.0,,,52.16358947753906,28.822242736816406,28.07313346862793,30.8027286529541,76.6844253540039,,84.16256713867188,92.7035903930664
2020-03-27,212.54489135742188,116.0990219116211,178.7612762451172,,49.812286376953125,104.05972290039062,73.34967041015625,48.24056625366211,53.023807525634766,34.10895538330078,58.45064163208008,149.4065399169922,41.405731201171875,63.806819915771484,54.59904098510742,83.18537902832031,80.98291015625,75.30021667480469,22.14699935913086,,,49.83949279785156,28.08778953552246,27.210620880126953,29.05177879333496,76.6677017211914,,84.14585876464844,92.7035903930664
2020-03-30,219.4179229736328,119.62049102783203,185.263427734375,,50.98147201538086,106.35244750976562,76.09061431884766,49.787132263183594,54.524723052978516,34.99725341796875,60.15267562866211,153.1657257080078,42.7429313659668,65.43600463867188,56.06465530395508,84.70353698730469,83.38038635253906,77.35222625732422,22.48699951171875,,,50.9813232421875,28.75723648071289,27.766277313232422,29.530895233154297,76.6677017211914,,84.14585876464844,92.67854309082031
2020-03-31,216.15939331054688,117.91007995605469,183.68128967285156,,50.854583740234375,105.81622314453125,74.78934478759766,48.56425857543945,53.422359466552734,34.58937072753906,58.959800720214844,152.06973266601562,42.311431884765625,64.913330078125,55.627784729003906,83.81485748291016,82.50590515136719,76.76734924316406,22.420000076293945,,,50.2191162109375,28.4273624420166,27.65017318725586,29.73125457763672,76.676025390625,,84.129150390625,92.67854309082031
2020-04-01,206.42025756835938,112.46778106689453,175.87677001953125,,47.30173110961914,98.60527038574219,71.67005157470703,46.70297622680664,50.45444869995117,32.8127555847168,56.29280471801758,141.7342987060547,39.96659851074219,60.48251724243164,51.86509323120117,78.75118255615234,77.90748596191406,72.62366485595703,20.996999740600586,,,47.66427993774414,26.470436096191406,26.42275047302246,28.45941925048828,76.66935729980469,,84.14506530761719,92.70698547363281
2020-04-02,211.24880981445312,114.80933380126953,179.4462127685547,,47.96335983276367,99.53900146484375,73.35889434814453,47.74600601196289,51.1497802734375,33.175331115722656,56.884395599365234,143.57066345214844,40.38149642944336,61.30182647705078,52.5791015625,79.38065338134766,79.8038330078125,75.27047729492188,21.070999145507812,,,47.953189849853516,27.195188522338867,26.928647994995117,29.417648315429688,76.677734375,,84.14506530761719,92.70698547363281
2020-04-03,208.1271209716797,112.8519515991211,176.89935302734375,,46.214141845703125,96.71934509277344,72.22377014160156,47.07163619995117,50.250938415527344,32.72211456298828,55.84669876098633,139.9940948486328,39.41653060913086,59.28181838989258,50.92089080810547,77.21448516845703,78.624755859375,74.20977783203125,20.50200080871582,,,47.137733459472656,26.83620834350586,26.397871017456055,28.860137939453125,76.65259552001953,,84.15340423583984,92.67351531982422
2020-04-06,222.28404235839844,120.74555206298828,189.54678344726562,,49.98448944091797,104.12442779541016,77.05962371826172,50.03891372680664,53.99049758911133,35.12416458129883,60.366031646728516,150.9737091064453,42.50584030151367,64.2353286743164,55.23319625854492,83.44458770751953,86.88813018798828,79.70165252685547,22.4060001373291,,,50.662837982177734,28.854259490966797,27.816041946411133,30.436859130859375,76.66097259521484,,84.12834167480469,92.6819076538086
2020-04-07,222.40264892578125,120.88274383544922,189.46958923339844,,50.28358840942383,104.39250946044922,77.29031372070312,49.957977294921875,54.643436431884766,35.450469970703125,60.51150131225586,150.72369384765625,42.8377685546875,64.56021118164062,55.47276306152344,83.8519287109375,86.2396240234375,78.10562133789062,22.73200035095215,,,50.765384674072266,28.126598358154297,27.973613739013672,30.593660354614258,76.64422607421875,,84.07817840576172,92.72366333007812
2020-04-08,229.95120239257812,125.12684631347656,193.492431640625,,52.57662582397461,109.15363311767578,79.87435150146484,51.79228591918945,56.8651237487793,37.12735366821289,62.82449722290039,157.37681579589844,44.91232681274414,67.26297760009766,57.718170166015625,87.8973159790039,89.34452819824219,81.1787109375,23.371999740600586,,,52.50673294067383,29.611032485961914,28.238996505737305,30.907264709472656,76.65259552001953,,84.1366958618164,92.67351531982422
2020-04-09,233.36488342285156,127.46835327148438,193.77220153808594,,55.30469512939453,114.3769302368164,80.69571685791016,53.19499588012695,57.86574172973633,38.07911682128906,63.784610748291016,163.49154663085938,46.088294982910156,70.2576675415039,60.297096252441406,91.16511535644531,88.16546630859375,82.70532989501953,23.81800079345703,,,53.190059661865234,30.523033142089844,28.844417572021484,30.79401397705078,76.6358871459961,,84.07817840576172,92.69024658203125
2020-04-13,231.1012420654297,125.95001220703125,195.86566162109375,,53.40138244628906,111.2799301147461,79.4037094116211,52.08901596069336,57.00928497314453,37.23613739013672,62.8632926940918,160.11691284179688,44.800899505615234,67.9692611694336,58.33354187011719,89.1748046875,89.28559112548828,82.57646179199219,23.674999237060547,,,53.15554428100586,30.387203216552734,28.612205505371094,30.837575912475586,76.65259552001953,,84.10327911376953,92.6819076538086
2020-04-14,238.1569061279297,129.77337646484375,204.38404846191406,,54.33491134643555,113.53565979003906,81.90467071533203,53.58164596557617,58.29820251464844,38.16976547241211,64.98719787597656,164.77024841308594,46.02666091918945,69.43836212158203,59.64885330200195,91.5261459350586,92.90142822265625,85.8775405883789,24.52199935913086,,,54.85153579711914,31.842531204223633,29.12639808654785,31.543174743652344,76.66097259521484,,84.11996459960938,92.69860076904297
2020-04-15,232.972412109375,126.72750854492188,202.03982543945312,,51.842491149902344,108.90401458740234,80.01278686523438,52.26884841918945,56.25458526611328,36.955142974853516,63.833126068115234,158.69398498535156,44.48080825805664,66.1658706665039,56.85383605957031,88.47126007080078,90.17971801757812,83.75609588623047,23.87299919128418,,,53.872398376464844,30.933435440063477,28.180946350097656,30.733041763305664,76.65259552001953,,84.11996459960938,92.69024658203125
2020-04-16,234.14984130859375,127.32202911376953,205.7250213623047,,51.425575256347656,108.08123016357422,80.17889404296875,52.53859329223633,56.093475341796875,36.83730697631836,64.45378875732422,158.75169372558594,44.684715270996094,66.15643310546875,56.802162170410156,88.45275115966797,91.42759704589844,86.01631927490234,23.87299919128418,,,54.32795333862305,31.153675079345703,28.21411895751953,30.8985538482666,76.64422607421875,,84.12834167480469,92.69860076904297
2020-04-17,240.61219787597656,130.92584228515625,207.69302368164062,,53.76392364501953,112.84228515625,82.49528503417969,54.06719207763672,58.060768127441406,38.260398864746094,66.56314086914062,165.27980041503906,46.047996520996094,69.12760925292969,59.183799743652344,91.92420196533203,92.36100006103516,90.75479125976562,24.59000015258789,,,55.681793212890625,32.78364181518555,29.01029396057129,31.58673095703125,76.66097259521484,,84.09490966796875,92.69860076904297
2020-04-20,236.27659606933594,128.80380249023438,205.23301696777344,,52.68538284301758,111.51103973388672,80.99105072021484,52.889278411865234,56.712486267089844,37.53525924682617,65.73880004882812,164.1837921142578,45.34857177734375,67.67733001708984,58.05168914794922,90.85037994384766,90.80854797363281,94.13516998291016,24.270000457763672,,,55.09607696533203,33.624820709228516,28.587326049804688,31.186012268066406,76.65259552001953,,84.12834167480469,92.70698547363281
2020-04-21,229.0566864013672,124.80668640136719,197.6600341796875,,51.561527252197266,108.84852600097656,78.59156799316406,51.56749725341797,54.77911376953125,36.501930236816406,63.33849334716797,159.7322998046875,43.99003601074219,65.9445571899414,56.76927185058594,88.11022186279297,87.06498718261719,91.27027893066406,23.37299919128418,,,53.2147102355957,32.7739372253418,27.998491287231445,30.323610305786133,76.65259552001953,,84.14506530761719,92.70698547363281
2020-04-22,234.09507751464844,127.62386322021484,203.5254669189453,,51.92406463623047,110.17053985595703,80.400390625,52.50263214111328,55.7881965637207,37.25426483154297,65.19084930419922,162.54933166503906,44.8743896484375,66.80152130126953,57.347068786621094,89.73948669433594,91.49635314941406,93.0149917602539,24.538999557495117,,,54.4590950012207,33.2590446472168,28.520973205566406,31.15117835998535,76.65259552001953,,84.1366958618164,92.70698547363281
2020-04-23,234.04945373535156,127.64217376708984,203.09132385253906,,52.57662582397461,111.25218963623047,80.31735229492188,52.10700225830078,55.966278076171875,37.29051971435547,65.2684555053711,164.33761596679688,45.39598846435547,67.47014617919922,57.934261322021484,90.39675903320312,91.65357208251953,92.96542358398438,24.51799964904785,,,54.49656295776367,33.34636688232422,28.47121810913086,31.03793716430664,76.66097259521484,,84.10327911376953,92.69024658203125
2020-04-24,237.44493103027344,129.54470825195312,206.2941436767578,,53.22011184692383,113.16587829589844,81.59093475341797,52.583553314208984,56.788818359375,37.807186126708984,66.28186798095703,167.58726501464844,45.92233657836914,68.33183288574219,58.699951171875,91.66502380371094,93.51061248779297,96.1673583984375,24.9060001373291,,,55.31892395019531,34.869606018066406,28.778076171875,30.99437141418457,76.65259552001953,,84.11996459960938,92.70698547363281
2020-04-27,240.8769073486328,131.84054565429688,207.95350646972656,,55.485984802246094,117.64962005615234,82.9936752319336,53.41978073120117,58.19643783569336,38.777061462402344,67.78993225097656,173.22120666503906,47.617549896240234,70.9969253540039,60.87018966674805,95.1920166015625,95.63294982910156,97.45608520507812,25.81800079345703,,,56.25665283203125,35.34501266479492,29.17615509033203,31.62158203125,76.65259552001953,,84.10327911376953,92.6819076538086
2020-04-28,239.7633056640625,131.42889404296875,204.03677368164062,,56.71860122680664,119.35991668701172,83.00286102294922,53.41079330444336,58.84939193725586,39.06712341308594,67.52809143066406,174.47109985351562,47.875972747802734,72.11284637451172,61.98348617553711,95.69189453125,95.731201171875,94.44249725341797,25.81800079345703,,,55.57233428955078,34.75318145751953,29.40837287902832,31.682558059692383,76.65259552001953,,84.10327911376953,92.70698547363281
2020-04-29,245.9427032470703,135.15158081054688,211.27210998535156,,59.881690979003906,125.23033905029297,85.18086242675781,53.9233283996582,61.07108688354492,40.37238693237305,69.48226928710938,182.1048583984375,49.77033233642578,76.03987884521484,65.36100006103516,99.89466857910156,101.59709167480469,94.9678726196289,27.000999450683594,,,57.501033782958984,35.5215950012207,30.18795394897461,32.60594177246094,76.64422607421875,,84.09490966796875,92.6819076538086
2020-04-30,243.7977294921875,133.39544677734375,211.18531799316406,,57.416465759277344,120.46926879882812,83.97189331054688,53.11407470703125,59.34120178222656,39.55659484863281,68.2166748046875,175.30752563476562,48.24584197998047,72.93685150146484,62.48615264892578,97.00643157958984,97.79459381103516,92.57881164550781,26.285999298095703,,,57.286075592041016,34.35248565673828,29.590835571289062,31.91775894165039,76.66097259521484,,84.11996459960938,92.69860076904297
2020-05-01,237.15283203125,129.7093048095703,205.23301696777344,,55.05091857910156,115.68968963623047,81.96005249023438,52.02607727050781,56.99232864379883,38.024723052978516,66.31098937988281,168.80825805664062,46.78297805786133,70.22000122070312,60.05282974243164,93.69234466552734,92.75404357910156,90.04106140136719,25.136999130249023,,,55.4254150390625,32.958282470703125,28.935644149780273,30.76788330078125,76.64761352539062,,84.11747741699219,92.69943237304688
2020-05-04,237.90135192871094,130.20327758789062,207.62550354003906,,54.851524353027344,116.18891143798828,82.21844482421875,52.1789436340332,56.907527923583984,38.20419692993164,67.00923156738281,170.4042205810547,46.97739791870117,70.01284790039062,59.92129898071289,94.238525390625,93.52046203613281,94.6010971069336,25.28700065612793,,,55.93519973754883,34.452415466308594,28.96053123474121,31.098907470703125,76.64761352539062,,84.11747741699219,92.69107055664062
2020-05-05,240.09193420410156,131.41064453125,209.97940063476562,,54.99654769897461,117.08567810058594,83.00286102294922,52.71842956542969,57.14494705200195,38.44168472290039,68.03239440917969,173.2116241455078,47.61280822753906,70.69556427001953,60.60714340209961,95.21977233886719,95.51502227783203,96.65311431884766,25.65999984741211,,,56.83545684814453,35.673919677734375,29.03516387939453,31.273130416870117,76.64761352539062,,84.13423156738281,92.69943237304688
2020-05-06,238.4763641357422,130.68801879882812,211.27210998535156,,54.34398651123047,116.22589874267578,82.57836151123047,52.05305099487305,56.46656799316406,38.03831481933594,68.27484893798828,173.58656311035156,47.608062744140625,70.32831573486328,60.259517669677734,94.93280792236328,96.53689575195312,97.13884735107422,25.709999084472656,,,57.1914176940918,36.57719039916992,28.861000061035156,31.177303314208984,76.65595245361328,,84.0923843383789,92.6827163696289
2020-05-07,241.2967987060547,132.39849853515625,213.99258422851562,,55.11436462402344,117.81600952148438,83.51045227050781,52.66448974609375,57.136470794677734,38.709083557128906,69.54529571533203,175.84593200683594,48.388099670410156,71.14289093017578,60.964149475097656,96.83979034423828,98.04022216796875,97.28755187988281,25.709999084472656,,,58.81049728393555,36.55778884887695,29.300556182861328,31.429929733276367,76.64761352539062,,84.11747741699219,92.6827163696289
2020-05-08,245.33111572265625,134.88636779785156,216.92532348632812,,57.45271301269531,122.36446380615234,84.90402221679688,53.3928108215332,58.90874481201172,39.511268615722656,70.64606475830078,181.50877380371094,49.76084518432617,73.81739044189453,63.298797607421875,99.89466857910156,101.37110900878906,98.70513153076172,27.239999771118164,,,59.91289520263672,37.498897552490234,29.773279190063477,32.09197998046875,76.64761352539062,,84.11580657958984,92.69107055664062
2020-05-11,245.36770629882812,134.90467834472656,218.86439514160156,,56.401363372802734,121.75433349609375,85.04241943359375,53.23095703125,58.36604690551758,39.384376525878906,71.08246612548828,182.8932342529297,49.794044494628906,72.87095642089844,62.537811279296875,99.8021011352539,100.96826934814453,103.41387176513672,27.211999893188477,,,59.980934143066406,40.012725830078125,29.76498794555664,31.88291358947754,76.65595245361328,,84.10913848876953,92.6743392944336
2020-05-12,240.4296112060547,132.03256225585938,214.28201293945312,,54.30772399902344,117.38150024414062,83.16900634765625,52.322792053222656,56.85664749145508,38.44168472290039,69.51619720458984,177.1822967529297,48.12491226196289,70.08816528320312,60.08102035522461,96.61760711669922,97.91248321533203,101.18342590332031,26.98900032043457,,,58.94854736328125,39.373355865478516,29.366910934448242,31.760953903198242,76.65595245361328,,84.10913848876953,92.6827163696289
2020-05-13,236.16702270507812,129.38002014160156,211.60008239746094,,52.22315216064453,113.45243835449219,81.87699127197266,51.576480865478516,55.03350067138672,37.53525924682617,67.86753845214844,172.22134399414062,46.75926971435547,67.51253509521484,57.84031295776367,93.47016906738281,95.41678619384766,99.17106628417969,26.341999053955078,,,57.91024398803711,38.072296142578125,29.118101119995117,31.69997787475586,76.65595245361328,,84.1133041381836,92.6827163696289
2020-05-14,239.01487731933594,130.77035522460938,214.0022735595703,,52.42254638671875,113.822265625,82.86445617675781,52.07102966308594,56.237632751464844,37.97035217285156,68.82764434814453,172.73092651367188,47.181297302246094,67.71499633789062,58.09397506713867,94.39588928222656,96.6449966430664,98.25904846191406,26.29599952697754,,,58.430870056152344,37.756004333496094,28.90247344970703,31.821931838989258,76.66431427001953,,84.12581634521484,92.69107055664062
2020-05-15,240.09193420410156,131.55694580078125,215.3914337158203,,53.129486083984375,115.63423156738281,83.49201202392578,52.29582595825195,55.97477340698242,38.10630798339844,69.40953826904297,176.28822326660156,47.70051956176758,68.77444458007812,58.98179244995117,95.55303192138672,94.82723999023438,101.77820587158203,26.32699966430664,,,59.0708122253418,39.88271713256836,28.910768508911133,31.386375427246094,76.64761352539062,,84.11747741699219,92.69943237304688
2020-05-18,247.4304962158203,135.9199676513672,219.4046173095703,,56.91798400878906,122.6602783203125,86.0760726928711,53.73448944091797,58.925697326660156,39.783203125,71.45581817626953,184.90264892578125,50.18288040161133,73.32768249511719,62.937095642089844,100.27421569824219,100.604736328125,104.74224090576172,27.5,,,61.14938735961914,40.884952545166016,30.063547134399414,32.614654541015625,76.64761352539062,,84.10913848876953,92.69943237304688
2020-05-19,245.09385681152344,134.4747314453125,218.85476684570312,,55.757869720458984,120.23814392089844,85.07012939453125,53.11407470703125,58.15404510498047,39.3807487487793,71.0776138305664,181.83563232421875,49.711055755615234,72.03752899169922,61.89424514770508,99.08929443359375,100.2903060913086,101.75838470458984,27.60099983215332,,,60.6553840637207,39.91765213012695,29.74010467529297,32.35332107543945,76.64761352539062,,84.1133041381836,92.69943237304688
2020-05-20,249.09176635742188,136.96267700195312,223.22491455078125,,57.4980354309082,123.88062286376953,86.42675018310547,53.58164596557617,59.4090576171875,40.073265075683594,72.33352661132812,186.7389678955078,50.56222152709961,74.22235107421875,63.693389892578125,101.3017807006836,104.01422119140625,104.70259094238281,28.239999771118164,,,61.64438247680664,41.20512771606445,30.279172897338867,32.7801628112793,76.64761352539062,,84.10071563720703,92.69943237304688
2020-05-21,247.30271911621094,136.1394500732422,220.7937774658203,,57.55242156982422,124.1025161743164,85.90992736816406,53.221961975097656,58.95963668823242,39.783203125,71.94561004638672,186.8927764892578,50.747154235839844,74.19407653808594,63.71687698364258,101.5424575805664,101.28266906738281,103.87979125976562,27.8700008392334,,,61.473793029785156,41.156612396240234,29.94744300842285,32.405582427978516,76.65595245361328,,84.12581634521484,92.69107055664062
2020-05-22,247.8594970703125,136.5236053466797,221.5559539794922,,57.78807067871094,124.7033920288086,86.0760726928711,53.41079330444336,58.832427978515625,40.073265075683594,72.44020080566406,188.31568908691406,50.77085876464844,74.71204376220703,64.14434814453125,101.94052124023438,102.3241958618164,105.12886047363281,27.809999465942383,,,61.56451416015625,41.651424407958984,29.864500045776367,31.734819412231445,76.64761352539062,,84.10071563720703,92.69943237304688
2020-05-26,251.04502868652344,138.42611694335938,220.95785522460938,,60.17173767089844,128.2996368408203,87.4603500366211,54.01325607299805,60.85062026977539,40.80746078491211,73.14330291748047,191.76724243164062,51.92076873779297,77.43363189697266,66.43672943115234,104.51402282714844,104.19108581542969,102.65056610107422,28.406999588012695,,,62.24291229248047,40.778228759765625,30.751903533935547,32.43171310424805,76.65595245361328,,84.0923843383789,92.69107055664062
2020-05-27,254.70509338378906,140.6121826171875,222.16368103027344,,62.519142150878906,132.28416442871094,88.45706176757812,54.68761444091797,62.90270233154297,41.62324905395508,73.97735595703125,196.2571563720703,53.09199905395508,80.13639831542969,68.85122680664062,106.69872283935547,105.66492462158203,102.6802978515625,28.56999969482422,,,62.7911491394043,40.55508041381836,31.075332641601562,32.536251068115234,76.64761352539062,,84.10071563720703,92.6827163696289
2020-05-28,254.2032470703125,140.12744140625,221.8743133544922,,60.67020797729492,129.15017700195312,88.19864654541016,55.182159423828125,61.43569564819336,41.5833740234375,74.09857177734375,192.10379028320312,52.57987976074219,77.8338851928711,66.80315399169922,105.41199493408203,102.8252944946289,101.64933776855469,28.422000885009766,,,62.6107063293457,39.69158935546875,31.28268051147461,32.309757232666016,76.64761352539062,,84.0923843383789,92.69107055664062
2020-05-29,255.34410095214844,140.59390258789062,225.1253662109375,,59.94514465332031,128.41055297851562,88.68775939941406,55.40696334838867,61.393306732177734,41.71389389038086,74.97625732421875,191.699951171875,52.4992561340332,77.14640808105469,66.2253646850586,105.67117309570312,105.38978576660156,102.66048431396484,28.75,,,63.33248519897461,39.9244384765625,31.2412052154541,32.867279052734375,76.64761352539062,,84.10913848876953,92.6743392944336
2020-06-01,256.4576110839844,141.54513549804688,225.80067443847656,,60.60676956176758,129.64013671875,88.98307800292969,55.59578323364258,61.647701263427734,41.96769332885742,75.69876861572266,194.07470703125,52.99477767944336,78.02693176269531,67.04270935058594,107.23564910888672,105.43893432617188,103.2056884765625,29.489999771118164,,,63.8432502746582,40.3707389831543,31.921276092529297,33.625144958496094,76.65595245361328,83.57561492919922,84.1141357421875,92.68354034423828
2020-06-02,258.5661315917969,142.61529541015625,227.31524658203125,,61.29558181762695,130.71253967285156,89.67523956298828,55.7486457824707,62.3006591796875,42.48435974121094,76.30003356933594,195.4591827392578,53.52350997924805,78.59195709228516,67.48426818847656,108.17061614990234,107.55145263671875,104.63319396972656,29.94300079345703,,,64.2376708984375,40.82674026489258,32.269588470458984,34.426570892333984,76.65595245361328,83.5781021118164,84.09738159179688,92.68354034423828
2020-06-03,261.9798583984375,144.8379669189453,228.33787536621094,,63.38923645019531,133.8650360107422,91.01338958740234,56.23419952392578,63.79307174682617,43.327335357666016,77.57051086425781,198.36268615722656,54.680519104003906,81.14875793457031,69.6968002319336,110.633056640625,110.01769256591797,103.03718566894531,30.464000701904297,,,64.74251556396484,39.84682083129883,33.01601028442383,35.228004455566406,76.65595245361328,83.57977294921875,84.10574340820312,92.6751708984375
2020-06-04,261.3135986328125,144.38059997558594,226.73643493652344,,64.24118041992188,133.67086791992188,90.49658966064453,55.80259323120117,64.67495727539062,43.27295684814453,76.50371551513672,196.8243865966797,54.33671569824219,81.70909118652344,70.10547637939453,110.23499298095703,110.41073608398438,101.19334411621094,30.290000915527344,,,64.07794189453125,39.26274871826172,32.83354568481445,34.73146438598633,76.65595245361328,83.57977294921875,84.08905029296875,92.66679382324219
2020-06-05,267.9949645996094,148.08505249023438,231.2320098876953,,67.05083465576172,138.83868408203125,92.76683044433594,56.953529357910156,66.87122344970703,44.469444274902344,78.09906768798828,202.6794891357422,55.73319625854492,84.74617767333984,72.75018310546875,113.3824691772461,113.2601318359375,102.0161361694336,31.18000030517578,,,65.798583984375,39.38111877441406,33.48041915893555,35.64614486694336,76.63922882080078,83.57561492919922,84.09738159179688,92.66679382324219
2020-06-08,271.2444152832031,150.0972900390625,233.0264129638672,,68.47379302978516,141.5290069580078,93.60668182373047,57.55598068237305,68.30430603027344,45.18552780151367,78.81188201904297,205.42919921875,56.271400451660156,85.34419250488281,73.243408203125,115.84485626220703,113.43700408935547,103.89962005615234,31.266000747680664,,,66.45133209228516,40.39014434814453,33.878501892089844,35.86392593383789,76.64761352539062,83.57561492919922,84.09738159179688,92.66679382324219
2020-06-09,269.3184814453125,148.72528076171875,234.71458435058594,,66.80610656738281,138.91265869140625,92.674560546875,56.953529357910156,66.83732604980469,44.42865753173828,77.84690856933594,202.57376098632812,55.342002868652344,83.8468246459961,71.9938735961914,113.63237762451172,113.0832748413086,103.72118377685547,31.149999618530273,,,66.14073944091797,40.50463104248047,33.438961029052734,35.62001419067383,76.64761352539062,83.57561492919922,84.09738159179688,92.66679382324219
2020-06-10,267.63897705078125,147.6185760498047,237.5315704345703,,64.37712860107422,135.14080810546875,92.120849609375,56.683780670166016,65.29399871826172,43.92558288574219,77.58987426757812,199.31448364257812,54.58329772949219,81.61019897460938,70.16183471679688,111.67910766601562,112.41513061523438,103.85005187988281,31.510000228881836,,,66.27779388427734,40.498809814453125,33.38090896606445,35.88134765625,76.65595245361328,83.57977294921875,84.10574340820312,92.66679382324219
2020-06-11,252.21340942382812,138.91090393066406,225.76206970214844,,59.120384216308594,124.83282470703125,86.65744018554688,53.8423957824707,60.51142883300781,41.01594543457031,73.39063262939453,185.4121856689453,51.06011962890625,75.52193450927734,64.95232391357422,104.39369201660156,105.15398406982422,98.11033630371094,29.354999542236328,,,62.331661224365234,38.15864562988281,31.54806900024414,34.008445739746094,76.63922882080078,83.57977294921875,84.09738159179688,92.68354034423828
2020-06-12,255.25283813476562,140.83172607421875,227.5564727783203,,60.61583709716797,127.8281478881836,87.58954620361328,54.18408966064453,61.73249053955078,41.6685791015625,74.18585968017578,188.9310302734375,51.828304290771484,77.16526794433594,66.22064971923828,106.25438690185547,106.51976013183594,99.3593978881836,29.836000442504883,,,63.037662506103516,38.77958679199219,32.087127685546875,34.73146438598633,76.65595245361328,83.57977294921875,84.09738159179688,92.68354034423828
2020-06-15,257.58038330078125,142.34092712402344,230.3251953125,,61.95740509033203,130.78353881835938,88.36304473876953,54.57448196411133,62.30971145629883,42.16710662841797,75.40603637695312,194.17640686035156,52.712371826171875,79.2579116821289,67.85067749023438,108.53164672851562,108.29821014404297,102.16482543945312,30.209999084472656,,,64.04342651367188,40.22035598754883,32.18666076660156,34.416046142578125,76.65595245361328,83.57977294921875,84.10574340820312,92.66679382324219
2020-06-16,262.6187744140625,145.07579040527344,234.280517578125,,63.530887603759766,133.9281005859375,90.01190948486328,55.36973571777344,63.477821350097656,42.91038513183594,76.72189331054688,198.37503051757812,53.67198944091797,81.064697265625,69.40554809570312,110.65156555175781,110.0766372680664,103.74099731445312,30.6299991607666,,,65.05115509033203,41.185726165771484,32.617916107177734,34.63508605957031,76.65595245361328,83.57977294921875,84.08905029296875,92.66679382324219
2020-06-17,261.4139404296875,144.3715057373047,235.02333068847656,,62.14841079711914,131.5070343017578,89.61357879638672,55.22514724731445,62.67634963989258,42.756282806396484,76.80929565429688,196.15054321289062,53.23732376098633,79.91836547851562,68.60227966308594,109.55921173095703,110.04718017578125,103.8203125,30.670000076293945,,,65.30062866210938,40.946075439453125,32.69255065917969,34.96803283691406,76.65595245361328,83.58397674560547,84.10574340820312,92.66679382324219
2020-06-18,261.6512451171875,144.49038696289062,235.6600341796875,,61.9028205871582,131.460693359375,89.54874420166016,55.25224685668945,62.51432800292969,42.8016242980957,77.04236602783203,196.36241149902344,53.0092887878418,79.43718719482422,68.19357299804688,109.87396240234375,109.27093505859375,104.93058776855469,30.493999481201172,,,65.55009460449219,41.641719818115234,32.543270111083984,34.985565185546875,76.64761352539062,83.58731842041016,84.10574340820312,92.6751708984375
2020-06-19,260.108642578125,143.6763458251953,235.62144470214844,,61.09333038330078,130.78353881835938,89.02999877929688,54.90885543823242,62.14773178100586,42.448116302490234,76.84329223632812,196.08311462402344,52.938026428222656,78.67293548583984,67.60171508789062,109.26298522949219,108.48489379882812,107.90452575683594,30.406999588012695,,,65.30950164794922,42.30147171020508,32.39399337768555,34.9767951965332,76.64761352539062,83.58815002441406,84.09738159179688,92.6751708984375
2020-06-22,261.83380126953125,144.67333984375,238.44717407226562,,61.629966735839844,132.09144592285156,89.63211059570312,55.026336669921875,62.130680084228516,42.593143463134766,77.50364685058594,198.71205139160156,53.20169448852539,79.55510711669922,68.22177124023438,110.16092681884766,109.4913558959961,111.07423400878906,30.700000762939453,,,65.75814819335938,43.00973129272461,32.767425537109375,35.4061164855957,76.64761352539062,83.58397674560547,84.1141357421875,92.6751708984375
2020-06-23,263.02044677734375,145.24041748046875,240.4765625,,61.820953369140625,132.64797973632812,90.12308502197266,54.990177154541016,62.13920593261719,42.638458251953125,77.44535827636719,200.27210998535156,53.346580505371094,79.9608154296875,68.6304702758789,110.41087341308594,109.98326873779297,112.77957916259766,30.84000015258789,,,66.08157348632812,43.582157135009766,32.925804138183594,35.74782943725586,76.64761352539062,83.58397674560547,84.09738159179688,92.68354034423828
2020-06-24,256.2933654785156,141.2982177734375,235.51902770996094,,59.674468994140625,128.34390258789062,87.69608306884766,53.83345413208008,60.2122917175293,41.353172302246094,75.3089370727539,194.03196716308594,51.81214141845703,77.36148071289062,66.30518341064453,106.90239715576172,106.95305633544922,110.46945190429688,30.16200065612793,,,63.96455001831055,42.758445739746094,32.117244720458984,35.27469253540039,76.64761352539062,83.58397674560547,84.1141357421875,92.6751708984375
2020-06-25,259.0042724609375,143.00723266601562,237.7610321044922,,60.60218811035156,130.2825927734375,88.49273681640625,54.34856033325195,60.76647186279297,41.78190231323242,76.16836547851562,196.8150177001953,52.42972183227539,78.47950744628906,67.39045715332031,108.55943298339844,108.1336441040039,113.19599151611328,30.469999313354492,,,64.3638916015625,43.57245635986328,32.5423583984375,35.42365264892578,76.65595245361328,83.58397674560547,84.10574340820312,92.6751708984375
2020-06-26,252.9344482421875,139.68109130859375,232.14630126953125,,58.79221725463867,126.77623748779297,86.21393585205078,53.51716613769531,59.427852630615234,41.04368209838867,75.02732849121094,191.80746459960938,51.631622314453125,76.05475616455078,65.24628448486328,105.9581527709961,105.74293518066406,109.47797393798828,30.000999450683594,,,63.26346206665039,41.47678756713867,32.05056381225586,34.99431610107422,76.64761352539062,83.57977294921875,84.10574340820312,92.68354034423828
2020-06-29,256.6255798339844,141.7300567626953,234.6782684326172,,61.29344177246094,130.92262268066406,87.5015640258789,54.140708923339844,60.65563201904297,41.6535530090332,75.46917724609375,196.1697998046875,52.52711486816406,79.00318145751953,67.83243560791016,108.30465698242188,106.95305633544922,109.4581527709961,30.34000015258789,,,63.71112823486328,41.156612396240234,32.342315673828125,35.15203094482422,76.64761352539062,83.58815002441406,84.09738159179688,92.6751708984375
2020-06-30,260.04779052734375,143.8249969482422,239.27825927734375,,62.11203384399414,132.81495666503906,88.85399627685547,54.7913703918457,61.62764358520508,42.28163528442383,76.77528381347656,199.21282958984375,53.211185455322266,80.09761047363281,68.73053741455078,109.93028259277344,110.08167266845703,110.99494171142578,30.865999221801758,,,64.82239532470703,41.90562438964844,32.3339729309082,35.03814697265625,76.64761352539062,83.58815002441406,84.09738159179688,92.69190216064453
2020-07-01,261.82781982421875,144.66110229492188,242.07115173339844,,61.220672607421875,131.55343627929688,89.326416015625,55.026336669921875,61.005210876464844,42.36355209350586,77.5376205444336,199.22247314453125,53.21356964111328,79.38999938964844,68.09574890136719,109.93028259277344,108.23204040527344,111.51050567626953,30.68000030517578,,,65.81730651855469,42.121009826660156,32.44233703613281,35.432411193847656,76.64761352539062,83.58479309082031,84.09988403320312,92.6751708984375
2020-07-02,263.1490173339844,145.239990234375,243.71395874023438,,61.56629180908203,132.09144592285156,89.87296295166016,55.198036193847656,61.388893127441406,42.64573287963867,78.0571517944336,200.1661834716797,53.46772384643555,79.8287124633789,68.46253204345703,110.56196594238281,109.50117492675781,111.92692565917969,31.059999465942383,,,66.0500259399414,41.94248962402344,32.767425537109375,36.23849105834961,76.65595245361328,83.58981323242188,84.09988403320312,92.6751708984375
2020-07-06,267.2318420410156,147.52784729003906,249.70562744140625,,62.14841079711914,133.04685974121094,91.16984558105469,55.49626541137695,62.26708984375,43.1281852722168,78.91658782958984,201.22544860839844,53.928524017333984,80.4514389038086,69.02677154541016,112.2061767578125,112.73799896240234,111.95664978027344,32.1510009765625,,,67.3959732055664,41.57380676269531,33.31758499145508,37.798072814941406,76.64761352539062,83.58479309082031,84.09988403320312,92.68354034423828
2020-07-07,264.4610595703125,146.03018188476562,247.9853973388672,,60.89323806762695,130.69076538085938,90.0582275390625,55.107662200927734,61.07341003417969,42.55470657348633,78.33393859863281,199.17430114746094,53.0140380859375,79.05503845214844,67.81364440917969,110.6734390258789,111.97061157226562,114.05858612060547,31.777000427246094,,,66.63770294189453,42.04921340942383,32.8591194152832,37.1672248840332,76.64761352539062,83.58479309082031,84.09988403320312,92.68354034423828
2020-07-08,266.4244689941406,147.22470092773438,251.2518310546875,,61.147918701171875,131.6647491455078,90.55844116210938,55.21610641479492,61.2609977722168,42.718563079833984,79.49923706054688,201.47581481933594,53.515228271484375,79.50792694091797,68.09574890136719,111.8624496459961,114.30228424072266,115.7738037109375,31.88800048828125,,,67.66219329833984,42.757469177246094,33.12586212158203,38.13101577758789,76.64761352539062,83.58479309082031,84.10826110839844,92.6751708984375
2020-07-09,265.0666198730469,146.31500244140625,253.36822509765625,,59.747249603271484,129.00253295898438,89.93782043457031,54.89078140258789,59.999114990234375,42.28163528442383,79.80513763427734,199.4632110595703,53.1328010559082,78.05023956298828,66.97666931152344,110.83135986328125,116.25032043457031,115.10952758789062,32.08599853515625,,,67.55274963378906,42.029808044433594,32.74241638183594,38.13101577758789,76.64761352539062,83.59315490722656,84.09988403320312,92.68354034423828
2020-07-10,267.7273254394531,147.88621520996094,255.0980682373047,,61.075157165527344,131.080322265625,90.85487365722656,55.315513610839844,61.38037109375,42.755882263183594,79.53807830810547,200.34915161132812,53.4653434753418,79.4843521118164,68.21332550048828,112.19689178466797,115.66983795166016,113.9395980834961,32.448001861572266,,,68.25284576416016,41.32155227661133,33.050846099853516,37.885684967041016,76.65595245361328,83.59649658203125,84.11663055419922,92.68354034423828
2020-07-13,265.30517578125,146.28744506835938,249.85060119628906,,60.48395538330078,129.41995239257812,90.08601379394531,54.92692184448242,61.226890563964844,42.436370849609375,77.26084899902344,196.36241149902344,52.67437744140625,78.53143310546875,67.55502319335938,110.10678100585938,113.2201156616211,110.99494171142578,31.670000076293945,,,66.47894287109375,39.817718505859375,32.875789642333984,37.63159942626953,76.65595245361328,83.59315490722656,84.11663055419922,92.69190216064453
2020-07-14,268.85589599609375,148.2078094482422,251.61904907226562,,61.475345611572266,131.56268310546875,91.36437225341797,55.79447937011719,62.08804702758789,43.155494689941406,78.48929595947266,200.1276397705078,53.55323028564453,79.83343505859375,68.37786865234375,111.77887725830078,115.84693908691406,113.82063293457031,31.92799949645996,,,67.38610076904297,41.011085510253906,33.334251403808594,37.684165954589844,76.65595245361328,83.5889663696289,84.11663055419922,92.69190216064453
2020-07-15,271.2413635253906,150.04550170898438,252.13125610351562,,63.8310432434082,136.38626098632812,92.55933380126953,56.201141357421875,63.33285903930664,43.93830108642578,79.65948486328125,206.19448852539062,54.9475212097168,82.30067443847656,70.6772232055664,114.77935028076172,116.64385223388672,116.23979187011719,32.40999984741211,,,68.00731658935547,41.9570426940918,33.709354400634766,37.798072814941406,76.65595245361328,83.5889663696289,84.09988403320312,92.69190216064453
2020-07-16,270.4522705078125,149.37477111816406,250.4110870361328,,63.385372161865234,135.57925415039062,92.11468505859375,56.24633026123047,63.494873046875,43.810874938964844,79.20305633544922,204.26849365234375,54.71949768066406,81.74870300292969,70.11766052246094,114.07334899902344,115.35501861572266,115.30781555175781,32.0260009765625,,,67.28059387207031,41.069297790527344,33.50096130371094,37.26360321044922,76.64761352539062,83.5889663696289,84.10826110839844,92.68354034423828
2020-07-17,271.16802978515625,149.9443817138672,250.7010498046875,,63.39445877075195,135.9781036376953,92.52229309082031,56.81565856933594,63.5545539855957,44.04753494262695,80.1401596069336,206.26190185546875,55.18268585205078,82.01761627197266,70.31986999511719,114.77935028076172,116.52580261230469,117.72700500488281,32.222999572753906,,,67.61486053466797,42.146236419677734,33.66767883300781,37.4738883972168,76.65595245361328,83.5889663696289,84.10826110839844,92.68354034423828
2020-07-20,273.4250793457031,151.0929718017578,257.8135986328125,,62.89421081542969,135.3937530517578,92.94837951660156,56.851810455322266,63.21349334716797,44.02024841308594,81.664794921875,207.36932373046875,55.194549560546875,81.767578125,70.27752685546875,115.54105377197266,119.26087188720703,119.33319091796875,32.95500183105469,,,69.18070220947266,42.77687454223633,33.859397888183594,37.95577621459961,76.65595245361328,83.5889663696289,84.11663055419922,92.69190216064453
2020-07-21,273.993896484375,151.52479553222656,255.12701416015625,,64.29491424560547,137.31390380859375,93.32818603515625,56.94217300415039,63.7762451171875,44.3115234375,81.3540267944336,207.5330047607422,55.550846099853516,82.88091278076172,71.13802337646484,116.18201446533203,117.85396575927734,116.85450744628906,32.73099899291992,,,68.92925262451172,41.787254333496094,33.99277114868164,38.30625534057617,76.65595245361328,83.5889663696289,84.11663055419922,92.69190216064453
2020-07-22,275.5535583496094,152.3149871826172,256.0258483886719,,64.3494644165039,137.38809204101562,94.07850646972656,57.49343490600586,64.30486297607422,44.73934555053711,81.84931182861328,207.66783142089844,55.909515380859375,83.29605102539062,71.48127746582031,116.60003662109375,117.83429718017578,116.28939819335938,32.58000183105469,,,69.4035415649414,41.3603630065918,34.0844612121582,38.13977813720703,76.64761352539062,83.5889663696289,84.10826110839844,92.68354034423828
2020-07-23,272.259765625,150.65194702148438,249.33837890625,,64.7951431274414,137.52725219726562,93.04103088378906,57.204246520996094,64.27076721191406,44.511783599853516,80.9655990600586,206.8300018310547,55.881004333496094,83.8008041381836,71.86683654785156,116.00550079345703,116.52580261230469,113.9395980834961,32.13999938964844,,,68.4806137084961,40.38043975830078,33.801048278808594,37.8331184387207,76.65595245361328,83.5889663696289,84.10826110839844,92.68354034423828
2020-07-24,270.49822998046875,149.48500061035156,246.97071838378906,,63.69459915161133,135.50502014160156,92.08689880371094,56.86084747314453,62.55698776245117,44.12947463989258,80.1741714477539,203.46920776367188,55.45820236206055,82.23462677001953,70.57846069335938,114.32416534423828,115.42388153076172,111.2725601196289,31.739999771118164,,,67.93533325195312,39.352012634277344,33.634334564208984,37.798072814941406,76.64761352539062,83.5889663696289,84.10826110839844,92.68354034423828
2020-07-27,272.47076416015625,150.7713623046875,251.37744140625,,64.42223358154297,136.91502380371094,92.74459075927734,57.05965805053711,62.701927185058594,44.275108337402344,81.51428985595703,207.20559692382812,56.258689880371094,83.6026840209961,71.70697784423828,115.87547302246094,118.8673324584961,114.15770721435547,32.547000885009766,,,68.83558654785156,40.24946594238281,34.10112380981445,38.385108947753906,76.64761352539062,83.5889663696289,84.1250228881836,92.69190216064453
2020-07-28,270.7826843261719,149.66879272460938,248.17872619628906,,63.97654724121094,135.55140686035156,92.04058837890625,56.915069580078125,62.45466232299805,44.06575012207031,80.52862548828125,203.78701782226562,55.51046371459961,82.84318542480469,71.15213012695312,114.71430969238281,115.90597534179688,111.24280548095703,32.082000732421875,,,68.20747375488281,39.13565444946289,33.94275665283203,38.06968688964844,76.65595245361328,83.5889663696289,84.11246490478516,92.69190216064453
2020-07-29,274.05810546875,151.65347290039062,251.03921508789062,,65.59552001953125,138.53831481933594,93.01322937011719,57.4482536315918,63.04296875,44.80306625366211,82.23774719238281,207.24412536621094,56.77888107299805,85.1358413696289,72.92951202392578,117.10167694091797,117.98188018798828,109.4383316040039,32.650001525878906,,,69.36016082763672,38.0975227355957,34.30119705200195,38.683006286621094,76.65595245361328,83.59315490722656,84.10826110839844,92.68354034423828
2020-07-30,273.0580749511719,151.31346130371094,252.353515625,,65.18624114990234,137.99102783203125,92.58712005615234,57.213287353515625,62.51432800292969,44.511783599853516,82.6261978149414,207.87005615234375,56.71235656738281,84.94715118408203,72.8683853149414,116.9251937866211,120.30372619628906,111.00485229492188,32.630001068115234,,,69.25564575195312,38.734954833984375,33.842716217041016,38.192352294921875,76.64761352539062,83.5889663696289,84.11663055419922,92.68354034423828
2020-07-31,275.3426818847656,152.08529663085938,256.85699462890625,,64.76786041259766,136.69236755371094,93.25409698486328,57.29463195800781,62.275634765625,44.48264694213867,82.98064422607422,206.15597534179688,56.50809097290039,84.56975555419922,72.39817810058594,116.29350280761719,119.83151245117188,108.39727783203125,32.15599822998047,,,69.60568237304688,37.66965103149414,33.18422317504883,37.92949676513672,76.65595245361328,83.59315490722656,84.1250228881836,92.69190216064453
2020-08-03,277.07672119140625,153.40846252441406,260.3262634277344,,65.50456237792969,138.9186248779297,93.57831573486328,57.348838806152344,62.62520217895508,44.81216812133789,84.07312774658203,210.98048400878906,57.258670806884766,85.8245849609375,73.57372283935547,118.11421966552734,122.61573791503906,112.9481201171875,32.89500045776367,,,70.7376708984375,39.47813415527344,33.75936508178711,38.192352294921875,76.64761352539062,83.59398651123047,84.13002014160156,92.69693756103516
2020-08-04,278.2419738769531,154.01486206054688,261.2926025390625,,65.88658142089844,139.87403869628906,93.92105102539062,57.60187911987305,63.085609436035156,44.97601318359375,84.25277709960938,211.89532470703125,57.47957992553711,85.91424560546875,73.73827362060547,118.55081939697266,124.57357788085938,112.60111999511719,33.34000015258789,,,71.19221496582031,39.288944244384766,34.02611541748047,38.70052719116211,76.65595245361328,83.59398651123047,84.13002014160156,92.69693756103516
2020-08-05,279.97607421875,155.13583374023438,261.9400634765625,,67.39641571044922,142.65689086914062,94.83811950683594,57.55668258666992,63.29024124145508,45.29459762573242,84.5538330078125,215.5932159423828,58.24679946899414,87.59837341308594,75.10658264160156,120.20429992675781,124.15052032470703,113.41412353515625,33.560001373291016,,,72.04022216796875,39.788604736328125,34.209503173828125,39.12109375,76.64761352539062,83.59398651123047,84.1216812133789,92.68854522705078
2020-08-06,281.8569030761719,155.88926696777344,265.4094543457031,,67.02350616455078,142.60125732421875,95.40316772460938,57.7012825012207,62.97476577758789,45.176273345947266,83.96630859375,215.6702423095703,58.15653991699219,87.40495300292969,74.90438842773438,119.92565155029297,124.2784423828125,112.83907318115234,33.64400100708008,,,73.14261627197266,39.64793014526367,34.284515380859375,39.24375534057617,76.64761352539062,83.59398651123047,84.1133041381836,92.68854522705078
2020-08-07,282.003662109375,156.0178680419922,262.3460693359375,,68.24225616455078,144.8645782470703,95.66255187988281,58.13506317138672,63.69951629638672,45.449344635009766,83.04861450195312,217.4903106689453,58.46056365966797,88.42865753173828,75.83540344238281,120.232177734375,123.9144058227539,112.9481201171875,33.28900146484375,,,72.01753997802734,40.097137451171875,34.14280700683594,38.43767547607422,76.65595245361328,83.59818267822266,84.1133041381836,92.68854522705078
2020-08-10,282.9028015136719,156.4497528076172,261.22503662109375,,68.9244155883789,146.36732482910156,95.8941421508789,58.07181167602539,64.87612915039062,45.749717712402344,82.25230407714844,217.6732940673828,58.38456726074219,88.71640014648438,76.07992553710938,120.40869140625,123.43233489990234,112.93822479248047,32.96500015258789,,,71.68228912353516,40.671504974365234,34.276180267333984,38.53404998779297,76.65595245361328,83.59398651123047,84.1133041381836,92.68854522705078
2020-08-11,280.6181945800781,155.19094848632812,256.277099609375,,68.85165405273438,145.52322387695312,95.41243743896484,57.53861618041992,64.79938507080078,45.513065338134766,81.48516845703125,215.0731964111328,58.21592330932617,88.51355743408203,75.8495101928711,119.67483520507812,121.86804962158203,108.44686126708984,32.744998931884766,,,70.8757095336914,39.187068939208984,34.41788101196289,38.42892074584961,76.64761352539062,83.59398651123047,84.1133041381836,92.68854522705078
2020-08-12,284.46258544921875,157.26751708984375,262.7229309082031,,69.08814239501953,146.1168975830078,96.60743713378906,58.12601852416992,65.12336730957031,45.88627243041992,82.33970642089844,216.74879455566406,58.69572830200195,89.01360321044922,76.36676788330078,120.88248443603516,124.96711730957031,108.79388427734375,33.61800003051758,,,72.09248352050781,39.03669357299805,35.101402282714844,38.94586181640625,76.64761352539062,83.59818267822266,84.1216812133789,92.68017578125
2020-08-13,283.976318359375,157.14805603027344,263.3220520019531,,68.68793487548828,145.81072998046875,96.3758316040039,58.01757049560547,64.45833587646484,45.69511413574219,83.21369934082031,218.1066131591797,58.81211471557617,88.68338775634766,76.04700469970703,121.15184020996094,123.78652954101562,110.29098510742188,33.71900177001953,,,72.38139343261719,39.44709777832031,34.95137023925781,38.83195495605469,76.65595245361328,83.59818267822266,84.1133041381836,92.68017578125
2020-08-14,283.976318359375,157.1021270751953,263.0128479003906,,68.66065979003906,145.71798706054688,96.32950592041016,58.026611328125,64.824951171875,45.7042236328125,82.78154754638672,216.62359619140625,58.60546875,88.419189453125,75.8448257446289,121.03108215332031,122.77315521240234,109.25987243652344,33.36800003051758,,,72.28673553466797,38.92996597290039,34.734649658203125,38.761863708496094,76.64761352539062,83.60235595703125,84.1216812133789,92.68854522705078
2020-08-17,284.893798828125,157.77284240722656,266.0666198730469,,68.76979064941406,146.46939086914062,96.62594604492188,58.297733306884766,64.70559692382812,45.82255554199219,83.85462951660156,219.02142333984375,58.93325424194336,88.80603790283203,76.12222290039062,122.31299591064453,123.71763610839844,113.08694458007812,34.00600051879883,,,73.16036224365234,40.196102142333984,35.001373291015625,39.252525329589844,76.64761352539062,83.60235595703125,84.1216812133789,92.69693756103516
2020-08-18,285.4901428222656,158.01177978515625,268.6275329589844,,67.9421157836914,145.0686798095703,96.67225646972656,58.297733306884766,64.29635620117188,45.7042236328125,83.91777038574219,218.5206756591797,58.662471771240234,87.90028381347656,75.37930297851562,121.85782623291016,122.74365234375,112.09547424316406,33.7239990234375,,,73.8012924194336,40.08937454223633,34.99304962158203,39.208709716796875,76.65595245361328,83.59818267822266,84.1133041381836,92.68854522705078
2020-08-19,284.279052734375,157.39614868164062,266.8204040527344,,67.93302917480469,145.0779571533203,96.3758316040039,57.87298583984375,64.25371551513672,45.45844268798828,83.32052612304688,218.95401000976562,58.379817962646484,87.95689392089844,75.48275756835938,121.35619354248047,122.08446502685547,111.9070816040039,33.505001068115234,,,73.60704803466797,40.03116226196289,34.80131912231445,38.72681427001953,76.65595245361328,83.60399627685547,84.1133041381836,92.68854522705078
2020-08-20,285.17822265625,157.84634399414062,270.52166748046875,,67.3873291015625,144.48426818847656,96.59815216064453,57.87298583984375,63.73358917236328,45.31279373168945,83.65068817138672,218.70367431640625,58.144657135009766,87.33889770507812,75.0266342163086,121.54196166992188,120.39226531982422,111.88725280761719,33.46200180053711,,,74.30121612548828,40.01176071166992,34.69296646118164,38.60415267944336,76.65595245361328,83.59818267822266,84.1133041381836,92.68854522705078
2020-08-21,286.1966857910156,158.24148559570312,272.396484375,,66.95074462890625,143.41754150390625,96.88532257080078,57.80069351196289,63.69951629638672,45.26729202270508,83.44193267822266,217.27842712402344,58.03303146362305,86.90019226074219,74.55645751953125,121.17040252685547,120.9137191772461,110.50911712646484,33.494998931884766,,,74.31798553466797,39.57516098022461,34.509578704833984,38.796905517578125,76.65595245361328,83.59818267822266,84.11749267578125,92.68854522705078
2020-08-24,289.1051025390625,159.7575225830078,274.09735107421875,,68.16041564941406,144.9202423095703,97.9505844116211,58.17121505737305,64.83350372314453,45.786136627197266,83.38365173339844,217.0666046142578,58.53895950317383,87.75404357910156,75.27117919921875,122.16435241699219,122.47801208496094,107.87181091308594,33.650001525878906,,,74.68971252441406,38.40119934082031,34.92635726928711,39.22623825073242,76.65595245361328,83.59818267822266,84.1133041381836,92.68854522705078
2020-08-25,290.1143798828125,160.2904815673828,276.2523193359375,,68.10584259033203,145.0779571533203,98.2840805053711,58.27964782714844,64.72264099121094,45.85349655151367,83.7915267944336,218.15472412109375,58.52233123779297,87.89556884765625,75.4404296875,122.45233917236328,124.64244842529297,109.1706314086914,33.928001403808594,,,75.49333953857422,39.162818908691406,35.001373291015625,39.620506286621094,76.64761352539062,83.60235595703125,84.1133041381836,92.68017578125
2020-08-26,293.077880859375,161.7422637939453,282.1473693847656,,67.53282165527344,144.16888427734375,99.1826171875,58.433292388916016,64.44979858398438,45.91356658935547,84.75775146484375,217.54803466796875,58.486698150634766,87.50402069091797,75.03605651855469,122.92611694335938,124.9769515991211,107.82225036621094,34.45000076293945,,,77.28596496582031,38.556434631347656,35.2597770690918,39.72565460205078,76.64761352539062,83.58981323242188,84.1133041381836,92.68017578125
2020-08-27,293.6651611328125,162.12815856933594,281.2679443359375,,67.7693099975586,144.5214080810547,99.2659912109375,58.70439910888672,64.60326385498047,46.20486068725586,84.46642303466797,217.3265838623047,58.52233123779297,87.52286529541016,75.07836151123047,123.613525390625,122.75347900390625,106.9497299194336,34.16899871826172,,,77.30272674560547,38.12468338012695,34.9013557434082,39.392704010009766,76.64761352539062,83.60651397705078,84.1133041381836,92.68854522705078
2020-08-28,295.57354736328125,163.25828552246094,282.6982116699219,,68.28773498535156,145.745849609375,100.24789428710938,58.97550964355469,65.27684020996094,46.550758361816406,84.96654510498047,219.2332763671875,58.77173614501953,88.09841918945312,75.61441802978516,124.44955444335938,125.53775024414062,107.86190032958984,34.494998931884766,,,77.88153076171875,38.566139221191406,35.143089294433594,39.909645080566406,76.65595245361328,83.59818267822266,84.1133041381836,92.69693756103516
2020-08-31,294.5367736816406,162.89077758789062,284.96917724609375,,67.27816772460938,144.1781768798828,99.65505981445312,58.85802459716797,64.67150115966797,46.380531311035156,85.24333190917969,218.13551330566406,58.34418869018555,87.03228759765625,74.69278717041016,124.50530242919922,124.63260650634766,110.85613250732422,35.012001037597656,,,78.38935089111328,39.24528884887695,34.9013557434082,39.024715423583984,76.65595245361328,83.59818267822266,84.1216812133789,92.68854522705078
2020-09-01,297.2893371582031,164.33331298828125,289.8398132324219,,68.05127716064453,145.82936096191406,100.35905456542969,58.839962005615234,64.56917572021484,46.521629333496094,86.62711334228516,220.6874237060547,58.807373046875,88.09841918945312,75.47805786132812,125.71290588378906,127.51529693603516,108.6253433227539,35.262001037597656,,,79.6524658203125,38.2459602355957,34.95137023925781,39.69060134887695,76.65595245361328,83.58731842041016,84.11246490478516,92.68354034423828
2020-09-02,301.619873046875,166.52935791015625,292.5843200683594,,68.8334732055664,146.98886108398438,102.04500579833984,59.96958541870117,65.92485046386719,47.324485778808594,87.52054595947266,222.43035888671875,59.55795669555664,89.23059844970703,76.58773803710938,126.29814910888672,130.2896728515625,109.68619537353516,35.58100128173828,,,80.19380187988281,38.54673385620117,35.37648391723633,39.585472106933594,76.65595245361328,83.59566497802734,84.11246490478516,92.69190216064453
2020-09-03,291.1786804199219,160.74072265625,277.750244140625,,67.12355041503906,142.6476287841797,98.64537048339844,58.532691955566406,64.3816146850586,46.068321228027344,83.50504302978516,213.4938507080078,57.36081314086914,86.51335906982422,74.2273178100586,121.53268432617188,122.09431457519531,105.59144592285156,33.49700164794922,,,76.7347640991211,37.04289245605469,34.576271057128906,38.83195495605469,76.64761352539062,83.59984588623047,84.12918853759766,92.68354034423828
2020-09-04,288.8482666015625,159.3716278076172,274.0489807128906,,66.76880645751953,141.7386016845703,97.75607299804688,58.17121505737305,64.56917572021484,45.877166748046875,81.75704193115234,210.4701385498047,56.76936340332031,85.56040954589844,73.45616149902344,120.52943420410156,121.30723571777344,104.39175415039062,33.41400146484375,,,75.74083709716797,36.44136047363281,34.6429557800293,38.849483489990234,76.65595245361328,83.59984588623047,84.11246490478516,92.68354034423828
2020-09-08,280.9119873046875,154.89691162109375,260.877197265625,,65.14984130859375,139.01138305664062,95.42172241210938,57.24039840698242,63.40963363647461,44.83036422729492,79.931396484375,207.37892150878906,55.648231506347656,83.66873168945312,71.87154388427734,116.47928619384766,116.11258697509766,102.98387908935547,31.969999313354492,,,73.26586151123047,36.341426849365234,34.217838287353516,38.174827575683594,76.65595245361328,83.59984588623047,84.10408020019531,92.68354034423828
2020-09-09,286.45361328125,157.92909240722656,268.5405578613281,,65.88658142089844,141.1171112060547,96.95016479492188,58.12601852416992,64.01495361328125,45.53126907348633,81.29093933105469,211.4812774658203,56.59598159790039,84.81034851074219,72.79314422607422,118.71800994873047,119.70356750488281,105.26423645019531,32.9010009765625,,,74.57434844970703,37.65413284301758,34.80965805053711,38.744346618652344,76.64761352539062,83.60400390625,84.10408020019531,92.68354034423828
2020-09-10,281.444091796875,155.33798217773438,263.18670654296875,,65.00432586669922,139.2803955078125,95.35685729980469,57.31269836425781,62.94921112060547,44.894073486328125,80.32467651367188,209.0352783203125,55.94514465332031,83.8149642944336,72.05491638183594,117.38964080810547,117.6768798828125,103.61841583251953,32.560001373291016,,,73.72734832763672,37.3688850402832,34.42622375488281,38.12225341796875,76.64761352539062,83.59984588623047,84.11246490478516,92.68354034423828
2020-09-11,281.6550598144531,155.39312744140625,261.3603210449219,,64.55865478515625,138.352783203125,95.43096923828125,57.484405517578125,63.42665481567383,44.994205474853516,79.82942199707031,207.45594787597656,55.909515380859375,83.2064208984375,71.5122299194336,116.99947357177734,117.93267059326172,103.54900360107422,32.68199920654297,,,73.16726684570312,36.99049758911133,34.74298858642578,38.49024963378906,76.63922882080078,83.59984588623047,84.12083435058594,92.68354034423828
2020-09-14,285.31591796875,157.81883239746094,265.9120178222656,,65.67738342285156,141.99830627441406,96.68151092529297,58.2886962890625,64.39864349365234,45.749717712402344,81.54342651367188,213.54205322265625,57.006900787353516,84.5886459350586,72.68524932861328,120.41796875,120.77597045898438,110.68757629394531,33.643001556396484,,,74.80706024169922,39.604270935058594,34.976375579833984,39.112327575683594,76.65595245361328,83.59984588623047,84.11246490478516,92.68354034423828
2020-09-15,286.78387451171875,158.71926879882812,269.6809387207031,,65.69558715820312,142.26731872558594,97.20954132080078,58.559814453125,64.22813415527344,45.90447998046875,82.40286254882812,214.50503540039062,57.320438385009766,84.70657348632812,72.72294616699219,121.40264129638672,122.58622741699219,111.72863006591797,34.29600143432617,,,75.95086669921875,39.746891021728516,35.193111419677734,39.524131774902344,76.63922882080078,83.59984588623047,84.12083435058594,92.68354034423828
2020-09-16,285.6278381347656,158.19552612304688,265.3804931640625,,66.14125061035156,143.61233520507812,97.06130981445312,58.55076599121094,64.86760711669922,46.031917572021484,82.04352569580078,216.18064880371094,57.34418869018555,85.18302917480469,73.05270385742188,121.79280090332031,121.81885528564453,114.17753601074219,34.229000091552734,,,75.48939514160156,40.72002029418945,35.193111419677734,39.471561431884766,76.65595245361328,83.59984588623047,84.11246490478516,92.68354034423828
2020-09-17,283.1322021484375,156.8908233642578,261.23468017578125,,65.61371612548828,142.5641326904297,96.19982147216797,58.243507385253906,64.72264099121094,45.82255554199219,81.41718292236328,214.31243896484375,56.98789596557617,84.47539520263672,72.45912170410156,120.7245101928711,120.2643814086914,113.99908447265625,33.90999984741211,,,74.54969787597656,40.73942565917969,35.24311447143555,39.31385803222656,76.65595245361328,83.59984588623047,84.11246490478516,92.68354034423828
2020-09-18,279.83831787109375,155.3655242919922,257.90069580078125,,65.2408218383789,142.19308471679688,95.30126953125,57.71033477783203,64.12580108642578,45.36742401123047,81.09185028076172,214.35096740722656,56.386940002441406,83.83383178710938,71.9409408569336,120.25074005126953,118.78862762451172,115.24833679199219,33.77899932861328,,,74.30615234375,41.3603630065918,34.99304962158203,39.0071907043457,76.63922882080078,83.59984588623047,84.11246490478516,92.68354034423828
2020-09-21,276.8014831542969,153.49111938476562,258.5191345214844,,62.9760856628418,137.2118377685547,93.7728271484375,57.03255081176758,62.57403564453125,44.511783599853516,81.12583923339844,209.1604766845703,55.382205963134766,81.40434265136719,69.81629180908203,118.56010437011719,117.37982177734375,111.15935516357422,33.270999908447266,,,74.0655517578125,39.352012634277344,34.13915252685547,38.64796829223633,76.63922882080078,83.59984588623047,84.11246490478516,92.68354034423828
2020-09-22,279.5998229980469,155.01637268066406,263.3220520019531,,63.34897232055664,138.26931762695312,94.7732925415039,57.421146392822266,62.62520217895508,44.757537841796875,82.16493225097656,211.70272827148438,55.9783935546875,82.1968994140625,70.60774230957031,119.32180786132812,118.87622833251953,111.84402465820312,33.731998443603516,,,75.57716369628906,39.266632080078125,34.13076400756836,38.35882568359375,76.63922882080078,83.59984588623047,84.11246490478516,92.68354034423828
2020-09-23,273.1222839355469,151.2767333984375,255.28160095214844,,61.649288177490234,134.14991760253906,93.16561126708984,56.30680465698242,61.43998718261719,43.87458801269531,80.69529724121094,205.71176147460938,54.75293731689453,80.015869140625,68.75633239746094,116.02410888671875,115.80464935302734,108.30175018310547,33.20399856567383,,,73.68492889404297,37.30485534667969,33.77882766723633,37.763031005859375,76.63922882080078,83.59984588623047,84.11246490478516,92.68354034423828
2020-09-24,273.8746032714844,151.59829711914062,256.47039794921875,,61.8958854675293,134.14991760253906,93.2958755493164,56.37946701049805,61.60305404663086,43.89653015136719,80.41820526123047,205.16200256347656,54.73152160644531,80.42720794677734,69.0907974243164,115.698974609375,116.749755859375,107.23014068603516,32.970001220703125,,,73.37532806396484,36.68391418457031,33.72854232788086,37.58779525756836,76.64761352539062,83.59984588623047,84.12083435058594,92.68354034423828
2020-09-25,278.2603454589844,154.0377197265625,262.43304443359375,,62.54435729980469,136.3287811279297,94.60768127441406,57.16049575805664,62.11798858642578,44.582122802734375,82.14401245117188,208.97146606445312,55.550392150878906,81.25936126708984,69.78801727294922,118.06775665283203,118.40367889404297,109.94883728027344,33.323001861572266,,,74.90959930419922,37.6832389831543,33.85424041748047,37.62283706665039,76.63922882080078,83.60400390625,84.12918853759766,92.68354034423828
2020-09-28,282.92120361328125,156.83319091796875,267.8833312988281,,64.32532501220703,139.69024658203125,96.1613540649414,57.79621887207031,63.41389846801758,45.2768669128418,83.51982116699219,212.973876953125,56.79061508178711,83.3774642944336,71.5734634399414,120.67805480957031,122.45976257324219,110.07783508300781,34.119998931884766,,,76.04750061035156,37.520240783691406,34.40729522705078,38.043399810791016,76.64761352539062,83.60400390625,84.11246490478516,92.68354034423828
2020-09-29,281.3077697753906,155.9567108154297,266.6755065917969,,63.95999526977539,139.05706787109375,95.88226318359375,57.54191970825195,62.96761703491211,45.13059997558594,83.55870819091797,213.205322265625,56.64063262939453,83.1457748413086,71.45568084716797,120.14231872558594,123.3949966430664,110.82201385498047,34.441001892089844,,,75.8680419921875,37.78996276855469,34.35702133178711,38.01711654663086,76.64761352539062,83.60400390625,84.12918853759766,92.69190216064453
2020-09-30,283.4731140136719,157.12840270996094,268.50189208984375,,64.14266204833984,139.47608947753906,96.51487731933594,57.877952575683594,63.31951141357422,45.45146942138672,84.03994750976562,213.6392822265625,56.93582534790039,83.41999816894531,71.62528991699219,120.86908721923828,123.77897644042969,110.56403350830078,34.779998779296875,,,76.5010757446289,37.820037841796875,34.273231506347656,38.630435943603516,76.63922882080078,83.60400390625,84.11246490478516,92.68354034423828
2020-10-01,285.2698669433594,158.43850708007812,272.7637634277344,,65.05597686767578,141.70147705078125,97.0451889038086,58.1231575012207,63.54262924194336,45.61509323120117,85.12408447265625,216.93763732910156,57.730899810791016,84.53106689453125,72.59104919433594,123.22644805908203,126.81118774414062,111.95315551757812,35.52000045776367,,,77.70110321044922,38.27507400512695,34.47433090209961,38.98966598510742,76.63922882080078,83.6040267944336,84.11248779296875,92.69440460205078
2020-10-02,282.6161804199219,157.2021942138672,265.0905456542969,,65.68618774414062,142.3253631591797,96.27301025390625,57.896114349365234,63.67137908935547,45.71564483642578,84.41431427001953,215.92498779296875,57.95941925048828,84.91405487060547,73.05270385742188,122.98417663574219,123.15874481201172,109.50234985351562,35.07500076293945,,,76.19738006591797,37.39216995239258,34.398921966552734,38.54281997680664,76.63922882080078,83.599853515625,84.11248779296875,92.68608856201172
2020-10-05,287.5550231933594,160.03460693359375,270.7439270019531,,67.15663146972656,146.2548370361328,97.86390686035156,58.65898132324219,64.8042221069336,46.556644439697266,86.06720733642578,222.49269104003906,59.19249725341797,86.81941223144531,74.53666687011719,125.74220275878906,127.65782165527344,114.90998077392578,35.792999267578125,,,77.59065246582031,39.86622619628906,34.93522262573242,39.05976104736328,76.63922882080078,83.60737609863281,84.11248779296875,92.68608856201172
2020-10-06,283.53765869140625,158.0602264404297,265.9120178222656,,67.13837432861328,145.83580017089844,96.71956634521484,58.05049133300781,64.28929138183594,46.16447830200195,85.5907974243164,222.164794921875,58.94255447387695,86.72484588623047,74.55077362060547,125.10863494873047,127.55935668945312,113.99713897705078,35.70899963378906,,,76.8225326538086,39.729427337646484,34.574886322021484,39.12986373901367,76.64761352539062,83.6040267944336,84.12085723876953,92.69440460205078
2020-10-07,288.40264892578125,160.81881713867188,270.5120544433594,,68.09733581542969,149.0203399658203,98.2360610961914,58.74979782104492,65.55086517333984,46.88573455810547,87.33605194091797,226.86158752441406,59.94234085083008,87.73663330078125,75.4034652709961,127.54989624023438,130.65065002441406,117.6485366821289,36.4900016784668,,,78.06494140625,41.069297790527344,34.90169906616211,39.55918502807617,76.63922882080078,83.6040267944336,84.12085723876953,92.68608856201172
2020-10-08,290.9549255371094,162.23037719726562,271.951904296875,,69.12027740478516,150.71498107910156,99.13847351074219,59.30379867553711,66.65798950195312,47.40678787231445,87.83676147460938,228.62646484375,60.487464904785156,88.91861724853516,76.2750015258789,128.7239227294922,132.531005859375,118.22403717041016,36.8120002746582,,,78.32722473144531,41.07899475097656,35.16147994995117,39.88336181640625,76.63922882080078,83.6040267944336,84.11248779296875,92.68608856201172
2020-10-09,293.5442199707031,163.5958251953125,276.1073913574219,,69.485595703125,151.49716186523438,100.09675598144531,59.68522644042969,66.32327270507812,47.57133483886719,89.00353240966797,231.0182647705078,60.86119842529297,89.67980194091797,77.02873992919922,129.7209014892578,136.02590942382812,119.31547546386719,37.222999572753906,,,78.99773406982422,41.46708679199219,35.396114349365234,40.15497970581055,76.63922882080078,83.6040267944336,84.12085723876953,92.68608856201172
2020-10-12,298.28021240234375,166.0222930908203,284.6310119628906,,69.95137786865234,152.51211547851562,101.37134552001953,60.23921585083008,66.87254333496094,47.95526123046875,89.86402130126953,232.4552764892578,61.18018341064453,90.32283782958984,77.57520294189453,130.52224731445312,136.8134765625,119.6131591796875,37.36800003051758,,,80.12577056884766,41.59030532836914,35.57209777832031,40.50544738769531,76.64761352539062,83.6040267944336,84.11248779296875,92.69440460205078
2020-10-13,296.3728942871094,165.14584350585938,284.62127685546875,116.80087280273438,69.16593933105469,151.49716186523438,100.6828842163086,59.830528259277344,66.22885131835938,47.65361022949219,90.62725830078125,232.5998992919922,60.94688034057617,89.66090393066406,77.26898956298828,130.44769287109375,136.33108520507812,121.25032806396484,37.39799880981445,,,80.3476333618164,42.216094970703125,35.178245544433594,40.33897399902344,76.63922882080078,83.6040267944336,84.12085723876953,92.69440460205078
2020-10-14,294.5208740234375,164.04788208007812,282.24395751953125,115.75878143310547,68.7732162475586,149.99798583984375,100.08745574951172,59.558082580566406,66.04862976074219,47.525638580322266,89.95636749267578,229.90916442871094,60.642189025878906,89.03208923339844,76.55765533447266,129.81405639648438,135.5238037109375,119.00790405273438,37.356998443603516,,,79.55977630615234,41.211917877197266,35.10282516479492,40.06735610961914,76.63922882080078,83.6040267944336,84.11248779296875,92.67768096923828
2020-10-15,294.1708068847656,164.10325622558594,280.349853515625,114.9260482788086,69.65912628173828,151.54368591308594,99.95718383789062,59.29471206665039,66.40909576416016,47.65361022949219,89.94664764404297,231.3268585205078,61.056396484375,90.03439331054688,77.37263488769531,130.3079071044922,135.3367919921875,119.23609924316406,37.49300003051758,,,79.28960418701172,41.22840881347656,34.71735382080078,39.778228759765625,76.63922882080078,83.6040267944336,84.11248779296875,92.68608856201172
2020-10-16,293.9219055175781,163.8080291748047,278.8132629394531,114.34039306640625,69.25727081298828,151.17124938964844,99.9385986328125,59.42184066772461,66.49491119384766,47.61704635620117,89.89318084716797,230.8060760498047,60.8469123840332,89.64671325683594,77.02404022216797,129.74884033203125,134.8543701171875,119.6826171875,37.5629997253418,,,79.17916870117188,41.640750885009766,34.826290130615234,39.91841125488281,76.64761352539062,83.6040267944336,84.11248779296875,92.68608856201172
2020-10-19,289.4807434082031,161.46466064453125,274.2615661621094,112.3623275756836,68.49919891357422,149.36485290527344,98.3476791381836,58.522762298583984,65.8684310913086,46.99542999267578,88.8917236328125,227.7102508544922,60.15896987915039,88.60183715820312,76.11482238769531,128.43504333496094,134.63780212402344,117.3707275390625,37.61000061035156,,,78.20199584960938,40.47746658325195,34.67546081542969,39.80451583862305,76.64761352539062,83.6040267944336,84.11248779296875,92.67768096923828
2020-10-20,290.6232604980469,162.02735900878906,274.85107421875,112.78688049316406,68.96499633789062,149.69068908691406,98.83148193359375,58.59541702270508,66.08296203613281,47.1965446472168,88.67781829833984,227.10269165039062,60.33987808227539,88.88550567626953,76.41632080078125,128.17416381835938,134.775634765625,115.81292724609375,37.7599983215332,,,78.5086669921875,39.7750244140625,34.86819076538086,40.24259567260742,76.63922882080078,83.6040267944336,84.12085723876953,92.67768096923828
2020-10-21,290.09808349609375,161.47386169433594,274.63848876953125,112.931640625,68.58140563964844,148.40577697753906,98.98963165283203,58.67715835571289,65.80834197998047,47.11427307128906,87.93400573730469,224.2094268798828,59.7304801940918,88.35598754882812,76.03473663330078,127.26100158691406,132.5506591796875,113.06443786621094,38.20399856567383,,,78.38639068603516,38.785404205322266,34.75087356567383,40.35649871826172,76.63922882080078,83.6040267944336,84.12085723876953,92.67768096923828
2020-10-22,291.6921081542969,162.6178741455078,274.6288757324219,112.62287139892578,69.70479583740234,150.96640014648438,99.53854370117188,58.876949310302734,66.74378204345703,47.525638580322266,88.40072631835938,227.48846435546875,60.59696578979492,89.43395233154297,76.82147979736328,128.82638549804688,134.23414611816406,116.13044738769531,38.58000183105469,,,78.43865966796875,39.76726150512695,34.784393310546875,40.34773254394531,76.64761352539062,83.6040267944336,84.11248779296875,92.67768096923828
2020-10-23,292.68719482421875,163.1529998779297,275.16998291015625,112.89303588867188,70.03358459472656,151.84169006347656,100.05023193359375,59.0585823059082,66.29751586914062,47.80900573730469,89.2563247680664,228.54933166503906,60.977840423583984,89.78382110595703,77.16064453125,129.59043884277344,134.88389587402344,116.7158432006836,38.948001861572266,,,78.8932113647461,39.84488296508789,34.97712326049805,40.58429718017578,76.64761352539062,83.60818481445312,84.11248779296875,92.67768096923828
2020-10-26,287.2970275878906,160.1914520263672,271.0435485839844,111.13690948486328,68.58140563964844,148.56402587890625,97.91040802001953,58.18673324584961,64.70121765136719,46.72119140625,87.7249526977539,224.08401489257812,59.88282775878906,87.98722076416016,75.55421447753906,126.92559814453125,132.30455017089844,115.14812469482422,37.90800094604492,,,77.33230590820312,39.164756774902344,34.32350540161133,40.058597564697266,76.64761352539062,83.60818481445312,84.11248779296875,92.67768096923828
2020-10-27,286.34783935546875,159.5455780029297,273.159912109375,112.01496887207031,67.68635559082031,147.28839111328125,97.47314453125,57.75080871582031,63.57697296142578,46.291542053222656,87.78329467773438,224.10333251953125,59.244876861572266,87.21183013916016,74.92765808105469,126.25466918945312,131.566162109375,116.51740264892578,37.97600173950195,,,77.67446899414062,39.68479537963867,34.06373596191406,40.23383331298828,76.63922882080078,83.60818481445312,84.12085723876953,92.67768096923828
2020-10-28,276.4888000488281,154.25909423828125,262.5103454589844,107.76942443847656,65.61310577392578,142.7537078857422,93.83547973632812,56.04343032836914,61.74038314819336,44.93864059448242,85.39147186279297,217.6706085205078,57.63567352294922,84.6114501953125,72.68053436279297,122.7139663696289,127.52981567382812,113.31249237060547,36.79100036621094,,,74.8928451538086,38.372093200683594,33.06653594970703,39.22623825073242,76.63922882080078,83.60818481445312,84.11248779296875,92.67768096923828
2020-10-29,279.40045166015625,155.716796875,267.10064697265625,109.5255355834961,66.62687683105469,144.4576873779297,94.8774642944336,56.18873977661133,62.452693939208984,45.32257843017578,85.72691345214844,219.37762451171875,58.159385681152344,85.83123016357422,73.72166442871094,123.88801574707031,132.01907348632812,114.31465911865234,38.19499969482422,,,76.5040283203125,38.776676177978516,33.22576141357422,39.620506286621094,76.64761352539062,83.60818481445312,84.11248779296875,92.68608856201172
2020-10-30,276.2584533691406,154.0653839111328,260.3262634277344,106.96856689453125,65.77750396728516,142.54885864257812,94.01224517822266,55.998023986816406,62.64149856567383,44.9569206237793,84.14207458496094,215.23062133789062,57.69281005859375,84.77218627929688,72.83597564697266,121.45612335205078,130.463623046875,111.89360809326172,37.41999816894531,,,74.2529067993164,37.63181686401367,33.05815887451172,39.173667907714844,76.64761352539062,83.60818481445312,84.12085723876953,92.69440460205078
2020-11-02,279.47418212890625,155.67066955566406,260.90618896484375,107.00714111328125,67.16576385498047,145.0908660888672,95.19377899169922,56.806304931640625,63.894500732421875,45.880191802978516,84.73516082763672,218.22994995117188,58.58784866333008,86.31352996826172,74.15033721923828,122.96556091308594,130.42420959472656,111.88369750976562,37.630001068115234,,,74.68280792236328,37.998558044433594,33.460391998291016,39.67308044433594,76.64761352539062,83.61241149902344,84.11248779296875,92.67516326904297
2020-11-03,284.4037780761719,158.659912109375,265.4190979003906,109.44930267333984,68.85539245605469,149.20652770996094,96.98005676269531,57.7598876953125,65.1389389038086,46.794315338134766,86.62141418457031,224.80738830566406,59.7971305847168,88.50728607177734,76.03944396972656,126.09629821777344,133.0429229736328,114.91991424560547,38.775001525878906,,,76.21807861328125,39.031837463378906,34.31512451171875,39.84831237792969,76.64761352539062,83.60820007324219,84.12085723876953,92.69193267822266
2020-11-04,290.8075256347656,162.11962890625,277.2671203613281,113.65531158447266,68.19779968261719,149.37416076660156,99.3338623046875,58.39561462402344,65.21617126464844,47.27880859375,89.77650451660156,229.07974243164062,60.72074890136719,88.78148651123047,76.15249633789062,128.1089324951172,136.67567443847656,121.99449920654297,39.29800033569336,,,79.17029571533203,41.04989242553711,34.66706848144531,41.10124206542969,76.63922882080078,83.60820007324219,84.12085723876953,92.67516326904297
2020-11-05,296.501953125,165.46876525878906,284.4956970214844,116.67542266845703,70.197998046875,153.55494689941406,101.04571533203125,58.89509963989258,66.8124771118164,48.101524353027344,91.75996398925781,235.52212524414062,62.301368713378906,91.14546966552734,78.2959976196289,131.6962432861328,143.36024475097656,121.8853530883789,40.70000076293945,,,81.18477630615234,41.34095764160156,35.50505447387695,41.80217742919922,76.64761352539062,83.60820007324219,84.11248779296875,92.68355560302734
2020-11-06,296.46502685546875,165.3856658935547,284.70831298828125,116.75262451171875,69.51299285888672,152.3538055419922,100.86894226074219,59.09490966796875,66.34901428222656,48.092384338378906,92.29961395263672,233.9886474609375,62.22520446777344,90.37954711914062,77.65531158447266,131.34214782714844,145.73292541503906,118.93843841552734,41.209999084472656,,,81.51213836669922,39.82256317138672,35.580467224121094,41.99494171142578,76.63922882080078,83.60820007324219,84.11248779296875,92.68355560302734
2020-11-09,300.1600341796875,167.35081481933594,278.8905334472656,114.34039306640625,72.8648910522461,157.87545776367188,103.2413330078125,60.05757141113281,68.76063537597656,49.02479934692383,90.22376251220703,236.2743682861328,62.6346435546875,93.52837371826172,80.33582305908203,132.19937133789062,143.6457977294922,119.43456268310547,41.43899917602539,,48.083534240722656,81.02601623535156,40.96257400512695,36.552520751953125,42.28407287597656,76.64761352539062,83.61241149902344,84.11248779296875,92.67516326904297
2020-11-10,299.7729797363281,167.07403564453125,273.8944091796875,112.23399353027344,74.78285217285156,160.80859375,103.0645980834961,60.48440933227539,69.69607543945312,49.225921630859375,88.93060302734375,238.32858276367188,63.1012077331543,95.4857406616211,81.93753814697266,132.7677764892578,139.48143005371094,121.01220703125,40.78499984741211,,47.02519989013672,79.38524627685547,41.27983474731445,36.82065963745117,41.80217742919922,76.63922882080078,83.60820007324219,84.11248779296875,92.67516326904297
2020-11-11,301.8830261230469,168.43028259277344,280.0213317871094,114.928955078125,74.28966522216797,160.743408203125,103.38090515136719,60.7750358581543,69.62741088867188,49.39958953857422,90.73419189453125,241.1350555419922,63.35829162597656,95.4857406616211,82.1024398803711,133.8393096923828,144.22665405273438,122.69898223876953,41.36199951171875,,47.620574951171875,81.02305603027344,41.58448028564453,37.130733489990234,42.07379150390625,76.63922882080078,83.60820007324219,84.12085723876953,92.68355560302734
2020-11-12,299.0911560058594,166.7695770263672,278.70697021484375,114.26319885253906,72.70049285888672,158.27589416503906,102.15283966064453,60.14839172363281,68.4001693725586,48.8054084777832,90.23833465576172,238.5407257080078,62.348976135253906,93.49055480957031,80.38764190673828,132.44166564941406,141.97219848632812,122.76844024658203,40.86800003051758,,47.21285629272461,80.91459655761719,41.804718017578125,36.59442138671875,41.75837707519531,76.63922882080078,83.60820007324219,84.11248779296875,92.68355560302734
2020-11-13,303.1545104980469,169.13148498535156,281.1520080566406,115.35353088378906,74.64588165283203,161.5535125732422,103.77165222167969,60.92942810058594,70.10801696777344,49.76524353027344,90.85089111328125,242.04161071777344,63.46302795410156,95.75995635986328,82.16368103027344,134.3983917236328,143.48828125,124.06827545166016,41.83300018310547,,47.90635299682617,81.78528594970703,42.44700622558594,37.11396408081055,42.34540557861328,76.64761352539062,83.60820007324219,84.12085723876953,92.68355560302734
2020-11-16,306.8309631347656,171.19810485839844,283.345703125,115.85527038574219,76.89266204833984,165.39915466308594,105.0648422241211,61.4107551574707,71.70431518554688,50.432559967041016,91.54607391357422,245.31100463867188,64.44380187988281,98.19957733154297,84.3213119506836,136.54148864746094,146.2842254638672,124.6635971069336,42.599998474121094,,48.153072357177734,81.95487976074219,42.09772491455078,37.59161376953125,42.8711051940918,76.64761352539062,83.60820007324219,84.12085723876953,92.68355560302734
2020-11-17,305.3014221191406,170.81060791015625,282.4469299316406,115.84561920166016,77.32190704345703,166.17196655273438,104.63689422607422,61.029319763183594,71.35245513916016,50.32286834716797,91.71622467041016,246.86370849609375,64.51995086669922,98.61564636230469,84.6416244506836,137.6781768798828,145.59510803222656,125.75505065917969,42.667999267578125,,48.249290466308594,82.60961151123047,42.48290252685547,37.57484436035156,42.82730484008789,76.64761352539062,83.60820007324219,84.11248779296875,92.68355560302734
2020-11-18,301.59735107421875,169.00228881835938,280.3594970703125,115.35157012939453,76.24417877197266,163.84413146972656,103.3995132446289,60.25736618041992,70.91474914550781,49.801815032958984,90.72447204589844,243.28575134277344,63.68202590942383,97.24454498291016,83.5015869140625,137.1377410888672,143.8919219970703,123.37370300292969,42.87799835205078,,47.811092376708984,82.3344955444336,41.79890060424805,37.37373733520508,42.6783447265625,76.64761352539062,83.61241149902344,84.11665344238281,92.68355560302734
2020-11-19,302.8597106933594,169.9433135986328,282.55322265625,115.91316223144531,76.69171905517578,165.1011505126953,103.53907012939453,60.366355895996094,71.13787841796875,50.103477478027344,92.09541320800781,245.63890075683594,64.20572662353516,97.80243682861328,83.93029022216797,138.90814208984375,147.43605041503906,124.09803009033203,43.487998962402344,,48.42076873779297,83.0829086303711,42.17146301269531,37.5999870300293,42.748443603515625,76.64761352539062,83.60820007324219,84.11248779296875,92.68355560302734
2020-11-20,300.8325500488281,169.04843139648438,280.62042236328125,115.19914245605469,76.6095199584961,165.278076171875,102.76687622070312,60.07572937011719,70.79458618164062,49.902366638183594,92.29961395263672,246.93124389648438,64.36761474609375,97.79297637939453,83.93501281738281,139.05718994140625,147.80029296875,125.06049346923828,44.005001068115234,,48.58270263671875,82.99514770507812,42.641048431396484,37.72568893432617,42.98501205444336,76.64761352539062,83.60820007324219,84.1292495727539,92.68355560302734
2020-11-23,302.6109619140625,170.43234252929688,280.63018798828125,115.11228942871094,78.3905029296875,168.3694610595703,103.48323822021484,60.157474517822266,72.4938735961914,50.432559967041016,92.74684143066406,250.335693359375,64.95795440673828,99.57069396972656,85.50376892089844,141.5356903076172,149.8972625732422,125.50698852539062,44.5099983215332,,48.87800979614258,83.62128448486328,42.81083297729492,37.75082015991211,43.098915100097656,76.64761352539062,83.61241149902344,84.11248779296875,92.68355560302734
2020-11-24,307.51275634765625,173.07095336914062,284.5729675292969,116.79122924804688,80.30847930908203,171.53538513183594,105.14856719970703,60.70238494873047,74.24464416503906,51.1912841796875,92.60099792480469,251.68585205078125,65.52925109863281,101.39566802978516,87.03479766845703,143.2501678466797,151.90560913085938,125.08032989501953,45.41299819946289,,49.430519104003906,84.74832916259766,42.865169525146484,38.354164123535156,43.67718505859375,76.64761352539062,83.61241149902344,84.11248779296875,92.68355560302734
2020-11-25,307.00604248046875,173.00640869140625,286.3221435546875,117.44639587402344,79.67827606201172,170.9487762451172,104.77644348144531,60.5933952331543,73.60955810546875,51.06331253051758,93.26701354980469,252.11981201171875,65.16742706298828,100.78104400634766,86.62494659423828,143.85586547851562,151.33460998535156,125.83442687988281,45.29999923706055,,49.440040588378906,84.78973388671875,43.28527069091797,38.27874755859375,43.43185806274414,76.63922882080078,83.6040267944336,84.12085723876953,92.68355560302734
2020-11-27,307.88140869140625,173.6152801513672,288.9604187011719,118.44120788574219,79.54127502441406,171.67503356933594,105.01832580566406,60.684207916259766,73.6524658203125,51.173004150390625,94.64280700683594,255.2156524658203,65.52925109863281,101.06473541259766,86.83222961425781,145.17897033691406,153.4217071533203,130.4383544921875,46.130001068115234,,50.059234619140625,85.26304626464844,45.029720306396484,38.54690170288086,43.84366226196289,76.64761352539062,83.61241149902344,84.11248779296875,92.69193267822266
2020-11-30,306.49920654296875,172.24986267089844,289.5498962402344,118.69206237792969,77.76031494140625,168.55572509765625,104.62757110595703,60.52982711791992,72.93157196044922,50.9444694519043,95.35746002197266,253.24813842773438,64.80561065673828,99.42886352539062,85.45193481445312,143.5856475830078,154.9378662109375,132.1648406982422,45.71799850463867,,49.78297424316406,84.6142349243164,45.58759689331055,37.78435134887695,42.69586944580078,76.63922882080078,83.61241149902344,84.12085723876953,92.67516326904297
2020-12-01,309.8716125488281,174.43643188476562,293.2608947753906,120.34203338623047,78.61881256103516,170.12001037597656,106.06962585449219,60.97483444213867,73.75544738769531,51.32841110229492,95.64425659179688,254.00045776367188,65.4150161743164,100.26095581054688,86.08789825439453,144.56393432617188,156.11920166015625,131.90689086914062,46.60900115966797,,50.24976348876953,85.49969482421875,45.39646530151367,38.5971794128418,43.53700256347656,76.63333892822266,83.60819244384766,84.11248779296875,92.67687225341797
2020-12-02,310.5258483886719,174.58401489257812,293.6378173828125,120.45783996582031,78.98416137695312,170.29693603515625,105.85563659667969,60.7750358581543,74.33045959472656,51.3411979675293,95.00255584716797,253.1517791748047,65.06270599365234,100.38390350341797,86.31874084472656,144.22853088378906,156.837890625,131.78778076171875,47.124000549316406,,50.17831039428711,85.52828216552734,44.74836349487305,38.65583801269531,43.59832763671875,76.64168548583984,83.60819244384766,84.12085723876953,92.67687225341797
2020-12-03,310.4336242675781,174.93463134765625,294.05328369140625,120.63150787353516,79.50474548339844,171.25599670410156,105.96729278564453,60.66606521606445,74.81964874267578,51.5203857421875,95.70262145996094,254.65626525878906,65.4626235961914,101.12147521972656,86.75215148925781,145.55165100097656,156.9855499267578,132.68081665039062,47.21900177001953,,50.459320068359375,85.70085144042969,44.931732177734375,38.789913177490234,44.097755432128906,76.64168548583984,83.6124267578125,84.1292495727539,92.67687225341797
2020-12-04,313.10577392578125,176.68756103515625,295.25164794921875,121.04639434814453,81.4775161743164,175.2413330078125,106.8418197631836,60.97483444213867,76.21855163574219,52.14198684692383,96.79158782958984,259.449462890625,66.59571838378906,103.25847625732422,88.71189880371094,148.169921875,161.12033081054688,135.14151000976562,48.41699981689453,,50.87847137451172,86.94326782226562,45.480873107910156,39.1670036315918,44.55336380004883,76.65011596679688,83.6124267578125,84.11248779296875,92.68521118164062
2020-12-07,312.5252990722656,176.4938201904297,296.9234924316406,121.41307830810547,81.27660369873047,175.40892028808594,106.69297790527344,60.91126251220703,75.62638092041016,51.97744369506836,96.85964965820312,260.82855224609375,66.4624252319336,103.31523132324219,88.7825698852539,148.75697326660156,161.40585327148438,136.40167236328125,48.33100128173828,,50.97944259643555,87.27162170410156,46.19204330444336,38.882102966308594,44.55336380004883,76.63333892822266,83.60819244384766,84.11248779296875,92.68521118164062
2020-12-08,313.42828369140625,177.25955200195312,297.9284973144531,122.160888671875,81.87938690185547,177.6623077392578,107.11163330078125,61.09288787841797,76.20137786865234,52.18769454956055,97.59857940673828,265.3807067871094,66.75759887695312,104.11898040771484,89.53160095214844,150.1638946533203,162.9514617919922,139.0310516357422,48.3489990234375,,51.30619430541992,87.46881866455078,47.45332336425781,38.974266052246094,44.57088088989258,76.63333892822266,83.60819244384766,84.12085723876953,92.67687225341797
2020-12-09,310.6456604003906,175.515869140625,291.1830749511719,119.5025863647461,81.92505645751953,176.3679656982422,106.32081604003906,60.81135559082031,76.11556243896484,51.87688446044922,95.96512603759766,261.8509826660156,66.35767364501953,103.86367797851562,89.3431625366211,147.89036560058594,157.20208740234375,136.213134765625,47.875,,50.795597076416016,86.24020385742188,46.880897521972656,39.0245475769043,44.18537139892578,76.63333892822266,83.60819244384766,84.11248779296875,92.68521118164062
2020-12-10,310.4982604980469,175.77426147460938,292.3524169921875,119.898193359375,82.30867004394531,178.07200622558594,105.98589324951172,60.575225830078125,75.57489013671875,51.9134521484375,97.00547790527344,265.7953796386719,66.51956176757812,104.38373565673828,89.73889923095703,149.70736694335938,157.65501403808594,141.24374389648438,48.25600051879883,,51.14043426513672,87.01819610595703,48.54481887817383,39.10834503173828,44.7548828125,76.63333892822266,83.6124267578125,84.12085723876953,92.69361114501953
2020-12-11,310.1019592285156,175.4604949951172,291.705078125,119.61837005615234,81.64192962646484,177.1967315673828,106.00448608398438,60.684207916259766,75.10287475585938,51.8202018737793,97.16104888916016,264.879150390625,66.50048065185547,104.0433349609375,89.39971160888672,149.129638671875,156.21762084960938,141.16436767578125,48.07699966430664,,50.945152282714844,86.6336441040039,48.469146728515625,38.974266052246094,44.439453125,76.64168548583984,83.6124267578125,84.11248779296875,92.68521118164062
2020-12-14,308.6829528808594,174.9623260498047,293.8214111328125,120.50608825683594,81.45691680908203,177.404052734375,105.41442108154297,60.51270294189453,74.6236343383789,51.62092971801758,97.4510269165039,267.0004577636719,66.59880065917969,104.66694641113281,89.70591735839844,149.66073608398438,158.58041381835938,144.91497802734375,48.310001373291016,,50.92610168457031,87.02115631103516,49.863346099853516,38.98265075683594,44.20841979980469,76.63333892822266,83.6124267578125,84.11248779296875,92.68521118164062
2020-12-15,312.9491882324219,177.36102294921875,296.9621276855469,121.79906463623047,83.60005187988281,181.8408660888672,106.74026489257812,61.14218521118164,75.4353256225586,52.361366271972656,98.58949279785156,272.89959716796875,68.01112365722656,107.01732635498047,91.84939575195312,152.24172973632812,162.6561737060547,145.18292236328125,49.369998931884766,,51.583396911621094,87.94508361816406,50.27277755737305,39.41001892089844,44.686439514160156,76.63333892822266,83.6124267578125,84.11248779296875,92.67687225341797
2020-12-16,313.42828369140625,177.61012268066406,298.59527587890625,122.4552001953125,83.18791198730469,181.18698120117188,106.74026489257812,61.123939514160156,75.21943664550781,52.38880157470703,98.92032623291016,272.4651794433594,67.79163360595703,106.6003189086914,91.64212799072266,151.91563415527344,162.035888671875,143.39688110351562,49.27000045776367,,51.772010803222656,88.55543518066406,49.76826477050781,39.54409408569336,44.89888381958008,76.64168548583984,83.62074279785156,84.11248779296875,92.68521118164062
2020-12-17,315.1329650878906,179.0032958984375,300.5474548339844,123.27532196044922,83.93891906738281,183.34458923339844,107.54325103759766,61.71693801879883,75.25397491455078,52.85226821899414,100.51614379882812,276.9739685058594,68.5550537109375,108.0124282836914,92.73976135253906,154.3196258544922,163.22718811035156,145.51031494140625,49.38999938964844,,52.27879333496094,89.09578704833984,50.568695068359375,39.803871154785156,45.19101333618164,76.64168548583984,83.61741638183594,84.11248779296875,92.68521118164062
2020-12-18,313.8705749511719,178.4958953857422,299.6390075683594,122.9569320678711,83.22454071044922,182.457275390625,107.15108489990234,61.70781326293945,74.33867645263672,52.81843948364258,101.08049011230469,277.5244140625,68.30694580078125,107.4058609008789,92.28750610351562,153.82574462890625,163.29608154296875,146.40333557128906,49.32099914550781,,52.36452865600586,88.70433807373047,50.28636169433594,39.569236755371094,45.137908935546875,76.64168548583984,83.61741638183594,84.11248779296875,92.68521118164062
2020-12-21,312.903076171875,177.9792022705078,299.0784606933594,122.6341323852539,82.93147277832031,182.3639373779297,106.61885833740234,61.19692611694336,73.94145965576172,52.507633209228516,100.9929428100586,278.84710693359375,68.46917724609375,107.58594512939453,92.41471099853516,154.9345703125,163.18675231933594,148.86300659179688,49.02000045776367,,52.2349739074707,88.75364685058594,50.936405181884766,39.125389099121094,44.47398376464844,76.64168548583984,83.61741638183594,84.11248779296875,92.68521118164062
2020-12-22,312.2861022949219,178.01609802246094,299.8917236328125,122.97238159179688,83.45349884033203,184.4375,106.38543701171875,61.00535202026367,73.27656555175781,52.5533447265625,101.95625305175781,283.82916259765625,69.00357055664062,108.67581176757812,93.5064468383789,156.45333862304688,165.7281951904297,150.1345977783203,49.11800003051758,,52.602684020996094,89.2229995727539,52.11716079711914,38.99858474731445,44.11989212036133,76.64168548583984,83.61741638183594,84.11248779296875,92.67687225341797
2020-12-23,312.5357971191406,178.320556640625,298.3814392089844,122.4118423461914,84.25030517578125,186.00669860839844,106.32007598876953,60.96886444091797,73.96736907958984,52.64475631713867,101.4307861328125,284.6884460449219,69.3184814453125,109.23499298095703,93.94598388671875,156.8353729248047,165.16671752929688,150.14451599121094,49.599998474121094,,52.631256103515625,89.29595184326172,52.2267951965332,39.438194274902344,44.571353912353516,76.63333892822266,83.61320495605469,84.11248779296875,92.68521118164062
2020-12-24,313.78485107421875,178.61888122558594,299.6980285644531,122.92405700683594,84.3235855102539,185.88531494140625,106.87097930908203,61.22430419921875,74.07097625732422,52.73558044433594,101.47946166992188,284.1767578125,69.490234375,109.28237915039062,93.87034606933594,156.54513549804688,165.98435974121094,149.0219268798828,49.33300018310547,,52.37100601196289,89.21312713623047,51.57965850830078,39.539642333984375,44.37660598754883,76.64168548583984,83.61320495605469,84.12085723876953,92.68521118164062
2020-12-28,316.5140075683594,179.74899291992188,302.71868896484375,124.17079162597656,84.64412689208984,185.194091796875,107.66462707519531,61.43412399291992,74.1141586303711,52.667694091796875,100.14637756347656,281.376708984375,68.9844970703125,109.19707489013672,93.82308197021484,154.98153686523438,165.86610412597656,145.49534606933594,49.40700149536133,,52.478729248046875,88.91336822509766,50.09231948852539,39.784820556640625,44.50054168701172,76.64168548583984,83.61320495605469,84.12085723876953,92.67687225341797
2020-12-29,315.8480529785156,178.99868774414062,302.9897155761719,124.31578826904297,83.19705963134766,181.6072998046875,107.56190490722656,61.306396484375,74.01053619384766,52.447509765625,99.48469543457031,275.0333557128906,68.24016571044922,107.28267669677734,92.07915496826172,153.32437133789062,162.8912353515625,141.2335968017578,49.08399963378906,,52.28807067871094,89.26834106445312,48.53026580810547,40.09761047363281,45.164466857910156,76.64168548583984,83.61320495605469,84.11248779296875,92.68521118164062
2020-12-30,316.27349853515625,179.48036193847656,302.99945068359375,124.21910095214844,84.0396499633789,183.4567413330078,107.81402587890625,61.388519287109375,74.3472900390625,52.73190689086914,100.01985931396484,278.15203857421875,68.84135437011719,108.32518005371094,93.1519775390625,154.41981506347656,167.17628479003906,143.1310272216797,50.20100021362305,,52.79331588745117,89.75545501708984,49.365623474121094,40.18215560913086,45.76641845703125,76.63333892822266,83.61741638183594,84.1292495727539,92.68521118164062
2020-12-31,317.9757995605469,180.30484008789062,303.7449035644531,124.58637237548828,84.16786193847656,183.1298065185547,108.50493621826172,61.92675018310547,75.04673767089844,53.034645080566406,99.8836441040039,276.8099365234375,68.91767883300781,108.2114486694336,92.95350646972656,154.18576049804688,168.2302703857422,139.85275268554688,49.84000015258789,,52.8123779296875,89.92012786865234,48.113075256347656,39.911617279052734,45.739864349365234,76.64168548583984,83.61741638183594,84.11248779296875,92.69361114501953
2021-01-04,313.66448974609375,177.7388153076172,299.4560546875,122.81775665283203,83.38023376464844,180.73867797851562,106.77759552001953,61.06007385253906,74.3818588256836,52.208980560302734,98.4532470703125,272.7547912597656,67.96339416503906,107.30162811279297,92.23512268066406,151.9105682373047,167.2452392578125,140.02162170410156,49.79999923706055,,52.269012451171875,88.5672607421875,48.345924377441406,40.139888763427734,46.0319938659668,76.64168548583984,83.61741638183594,84.11665344238281,92.68521118164062
2021-01-05,315.7276611328125,179.1746368408203,301.9247741699219,123.79871368408203,85.15702819824219,183.5314483642578,107.20711517333984,61.123939514160156,75.29714965820312,52.60806655883789,99.23168182373047,276.0954284667969,68.8890609741211,109.47191619873047,94.01215362548828,154.1482391357422,170.07237243652344,139.52493286132812,51.0099983215332,,52.91724395751953,89.60261535644531,47.928733825683594,40.59640121459961,47.138526916503906,76.63333892822266,83.61741638183594,84.11248779296875,92.68521118164062
2021-01-06,317.64276123046875,180.78652954101562,297.74237060546875,122.09291076660156,89.29669189453125,191.041259765625,107.70195770263672,61.68043518066406,77.25728607177734,53.43830108642578,99.28034973144531,284.0414733886719,71.32243347167969,113.72721862792969,97.84029388427734,157.47203063964844,172.82073974609375,142.37603759765625,51.25,,52.92583084106445,89.54246520996094,48.95521926879883,41.03601837158203,46.74017333984375,76.64168548583984,83.61320495605469,84.11248779296875,92.69361114501953
2021-01-07,322.3889465332031,183.68597412109375,304.9454345703125,125.11792755126953,90.24005126953125,194.44114685058594,108.91577911376953,62.05448913574219,78.2589340209961,54.19057083129883,102.07300567626953,291.4468994140625,72.54393005371094,115.6226577758789,99.44718170166016,160.7583770751953,179.27294921875,148.2272186279297,52.630001068115234,,54.2232551574707,91.14085388183594,50.87819290161133,41.15436553955078,47.18278884887695,76.64168548583984,83.61741638183594,84.12085723876953,92.69361114501953
2021-01-08,324.2023620605469,184.5753173828125,308.8663635253906,126.74158477783203,89.49820709228516,194.02084350585938,109.44799041748047,62.382896423339844,77.90493774414062,54.328182220458984,103.00713348388672,293.05938720703125,72.62979125976562,114.89292907714844,98.76663208007812,161.01113891601562,178.12042236328125,148.5550537109375,53.56999969482422,,54.77616882324219,91.83109283447266,51.26724624633789,41.54326248168945,48.430965423583984,76.63333892822266,83.61741638183594,84.11248779296875,92.68521118164062
2021-01-11,322.08367919921875,183.47293090820312,304.4031677246094,124.8473129272461,89.91032409667969,193.85267639160156,108.94378662109375,62.0635986328125,78.4403076171875,54.22726058959961,102.72496795654297,292.2193908691406,72.89701080322266,115.31939697265625,99.03601837158203,161.01113891601562,180.73089599609375,147.0847930908203,53.439998626708984,,54.37578201293945,91.10140991210938,50.65503692626953,41.0022087097168,47.77589416503906,76.64168548583984,83.61741638183594,84.12085723876953,92.67687225341797
2021-01-12,322.1113586425781,184.12142944335938,303.919189453125,124.80868530273438,91.45814514160156,197.32736206054688,108.71036529541016,61.68043518066406,79.47647857666016,54.56670379638672,103.50340270996094,296.7379150390625,73.50773620605469,116.79784393310547,100.41131591796875,163.30503845214844,181.58779907226562,148.36631774902344,54.41999816894531,,54.690372467041016,91.29862213134766,51.00043869018555,41.19664001464844,48.24506759643555,76.63333892822266,83.61741638183594,84.11248779296875,92.67687225341797
2021-01-13,322.91632080078125,184.3251953125,305.9715881347656,125.48518371582031,90.65217590332031,195.91693115234375,108.74769592285156,61.67131042480469,79.70964050292969,54.44560241699219,102.95848846435547,295.3475646972656,72.79203796386719,115.92594909667969,99.702392578125,162.47174072265625,181.10516357421875,147.59146118164062,54.31999969482422,,54.75709533691406,91.69303894042969,50.56578063964844,41.12055587768555,48.35129165649414,76.63333892822266,83.61320495605469,84.11248779296875,92.67687225341797
2021-01-14,321.8246154785156,184.14920043945312,304.3354797363281,124.80868530273438,92.80447387695312,199.83062744140625,108.1314697265625,61.324642181396484,81.11712646484375,54.42908477783203,102.85143280029297,301.0247802734375,73.2596435546875,118.50376892089844,101.91422271728516,164.2506866455078,185.0257568359375,152.41943359375,55.481998443603516,,55.06215286254883,91.38046264648438,52.46837615966797,41.433349609375,48.802757263183594,76.64168548583984,83.61320495605469,84.12085723876953,92.67687225341797
2021-01-15,319.5301513671875,182.5465850830078,301.9247741699219,123.80353546142578,91.18338775634766,196.85101318359375,107.5805892944336,61.388519287109375,80.08956909179688,54.09881591796875,102.05355072021484,296.55438232421875,72.44850158691406,116.42822265625,100.09466552734375,162.35003662109375,180.33682250976562,150.7306365966797,54.5,,54.41677474975586,90.33229064941406,52.220001220703125,40.765480041503906,48.112281799316406,76.64168548583984,83.61741638183594,84.12085723876953,92.67687225341797
2021-01-19,322.0558776855469,184.21405029296875,306.329833984375,125.66879272460938,92.05348205566406,199.37290954589844,108.43022918701172,61.70781326293945,80.80628967285156,54.4199104309082,103.10443115234375,302.34747314453125,73.2596435546875,118.10570526123047,101.48887634277344,164.0353240966797,186.86778259277344,153.20425415039062,55.970001220703125,,55.52927017211914,91.04718017578125,53.37165069580078,41.05292510986328,48.90898513793945,76.64168548583984,83.61320495605469,84.11248779296875,92.67687225341797
2021-01-20,326.4320068359375,186.53915405273438,313.45526123046875,128.60682678222656,92.54801940917969,200.2509765625,109.54134368896484,62.26430130004883,81.21212768554688,54.91530990600586,104.18453979492188,303.69915771484375,74.1280288696289,118.78805541992188,102.16941833496094,165.3086395263672,186.6510772705078,153.1148223876953,56.91999816894531,,56.387229919433594,92.5597915649414,52.93796157836914,41.365718841552734,49.76765823364258,76.64168548583984,83.61741638183594,84.12085723876953,92.67687225341797
2021-01-21,326.73736572265625,186.4002227783203,315.9627990722656,129.65061950683594,91.4947738647461,198.51361083984375,109.6253890991211,61.95412826538086,81.51435089111328,54.64927291870117,104.0677490234375,301.2467956542969,73.97533416748047,117.87823486328125,101.27147674560547,164.17576599121094,189.76388549804688,149.78688049316406,57.191001892089844,,56.568359375,92.54499816894531,51.53114700317383,41.45872116088867,49.85618209838867,76.64168548583984,83.61741638183594,84.12085723876953,92.67687225341797
2021-01-22,325.5716247558594,186.09451293945312,315.05279541015625,129.2930145263672,92.6487808227539,200.82070922851562,108.96246337890625,61.799034118652344,80.31407928466797,54.484127044677734,103.89259338378906,305.3019104003906,74.32840728759766,119.17664337158203,102.41520690917969,165.14016723632812,188.85769653320312,151.5551300048828,57.38999938964844,,56.61601257324219,92.26299285888672,52.071556091308594,41.17127990722656,49.42242431640625,76.63333892822266,83.61741638183594,84.11248779296875,92.67687225341797
2021-01-25,326.8945617675781,186.62252807617188,317.6570739746094,130.11456298828125,92.7861557006836,200.62452697753906,109.26121520996094,62.25518798828125,80.12411499023438,54.42908477783203,103.69798278808594,304.9253234863281,73.91807556152344,119.73582458496094,102.74127960205078,164.78436279296875,187.53768920898438,156.10499572753906,58.0099983215332,,56.701812744140625,91.90702056884766,52.86616516113281,41.14591979980469,49.79421615600586,76.64168548583984,83.62159729003906,84.12085723876953,92.67687225341797
2021-01-26,326.4042053222656,185.9462890625,318.121826171875,130.51077270507812,92.7953109741211,199.23281860351562,109.03715515136719,62.20957946777344,79.96868133544922,54.043785095214844,102.2676010131836,302.0289001464844,72.92561340332031,119.46096801757812,102.60424041748047,163.080322265625,186.05023193359375,153.3631591796875,57.869998931884766,,56.53022003173828,90.98604583740234,51.92990493774414,41.16283416748047,49.4312744140625,76.63333892822266,83.62159729003906,84.11248779296875,92.67687225341797
2021-01-27,318.4847106933594,181.48130798339844,309.253662109375,127.04118347167969,92.53885650634766,195.58070373535156,106.53485107421875,60.8228759765625,78.28484344482422,52.58512878417969,99.30956268310547,294.729736328125,70.69261169433594,118.8638916015625,102.18832397460938,158.89517211914062,176.64280700683594,151.29689025878906,56.91999816894531,,55.29094314575195,87.06846618652344,50.997528076171875,40.199058532714844,48.05916213989258,76.63333892822266,83.62159729003906,84.11248779296875,92.68521118164062
2021-01-28,321.15850830078125,182.90785217285156,311.08343505859375,127.65006256103516,90.7071533203125,194.95486450195312,107.72062683105469,61.06007385253906,78.69934844970703,53.28234100341797,100.92479705810547,294.7392578125,71.58009338378906,116.62723541259766,100.3687744140625,160.88006591796875,180.53384399414062,150.64122009277344,55.641998291015625,,55.491127014160156,89.83927917480469,50.44644546508789,40.51185989379883,48.39555358886719,76.64168548583984,83.62159729003906,84.11248779296875,92.67687225341797
2021-01-29,314.7284851074219,179.7027130126953,304.53875732421875,125.03096771240234,89.36082458496094,192.0032958984375,105.43307495117188,60.23899841308594,77.52497100830078,52.45669937133789,99.5041732788086,290.0276794433594,70.23457336425781,114.94029235839844,98.70991516113281,158.3521270751953,176.89889526367188,151.87307739257812,54.665000915527344,,54.490177154541016,88.49823760986328,51.033424377441406,39.62417984008789,47.1916389465332,76.64168548583984,83.62159729003906,84.11248779296875,92.68521118164062
2021-02-01,319.9002380371094,182.76893615722656,312.1484375,128.09461975097656,90.94525909423828,196.72021484375,106.87097930908203,60.8228759765625,78.500732421875,53.208953857421875,101.45999908447266,297.9930725097656,71.69461059570312,117.2717056274414,100.81302642822266,161.7508544921875,183.6762237548828,158.5686798095703,56.25,,55.78666305541992,90.40132904052734,53.33671951293945,40.18215560913086,48.46637725830078,76.64168548583984,83.62161254882812,84.11248779296875,92.67687225341797
2021-02-02,324.4983215332031,185.3905029296875,317.2407531738281,130.1966552734375,91.19255828857422,199.5223846435547,108.48626708984375,61.361141204833984,79.24333953857422,54.080482482910156,103.57149505615234,303.57373046875,72.8302230834961,117.9256362915039,101.41323852539062,164.70944213867188,184.03085327148438,162.1648406982422,56.52000045776367,,56.58742141723633,92.62979888916016,55.07535171508789,40.63021469116211,49.094879150390625,76.63333892822266,83.61742401123047,84.11248779296875,92.67687225341797
2021-02-03,324.822265625,185.6684112548828,315.982177734375,129.71824645996094,91.52226257324219,200.12017822265625,108.28084564208984,61.03271484375,79.60601806640625,54.080482482910156,102.9876937866211,303.9405517578125,72.54393005371094,117.98251342773438,101.46051025390625,165.03717041015625,180.6027069091797,160.00914001464844,56.810001373291016,,56.76854705810547,93.16226196289062,54.869667053222656,40.74011993408203,49.34275436401367,76.63333892822266,83.61742401123047,84.12085723876953,92.69361114501953
2021-02-04,328.4581604003906,188.0213165283203,319.71923828125,131.1002960205078,93.16166687011719,204.2019805908203,109.58802795410156,61.46149444580078,80.6681137084961,54.75934982299805,104.66133880615234,310.17779541015625,73.52682495117188,119.89691925048828,102.99650573730469,167.96768188476562,181.62721252441406,161.6979217529297,57.560001373291016,,57.28331756591797,94.70050811767578,55.55463790893555,40.75701904296875,49.36045837402344,76.64168548583984,83.61742401123047,84.12085723876953,92.68521118164062
2021-02-05,329.7720031738281,189.07733154296875,320.8035583496094,131.62222290039062,94.26985168457031,207.03213500976562,110.18560028076172,61.780792236328125,80.91853332519531,55.094200134277344,105.74141693115234,315.41070556640625,74.32840728759766,121.73548889160156,104.67427825927734,170.30838012695312,182.71084594726562,165.6815185546875,58.880001068115234,,57.81049346923828,94.94702911376953,57.485374450683594,41.061370849609375,49.785369873046875,76.64168548583984,83.62161254882812,84.1292495727539,92.69361114501953
2021-02-08,332.2052001953125,190.7725830078125,322.9528503417969,132.44371032714844,96.88005828857422,212.3188934326172,110.96058654785156,62.0635986328125,82.19650268554688,55.539127349853516,106.59770965576172,322.87408447265625,75.32087707519531,125.41268920898438,107.79826354980469,173.40744018554688,188.79859924316406,172.8440399169922,60.20000076293945,,58.39867401123047,95.59781646728516,60.07197189331055,41.32345962524414,49.8738899230957,76.64168548583984,83.62161254882812,84.1292495727539,92.68521118164062
2021-02-09,331.9368896484375,190.84664916992188,322.88507080078125,132.41468811035156,97.57611846923828,213.31829833984375,110.88587188720703,62.10011291503906,82.19650268554688,55.621707916259766,107.13287353515625,325.01751708984375,75.54988861083984,126.7394790649414,108.97978210449219,174.11898803710938,189.45855712890625,170.72805786132812,60.83100128173828,,58.81812286376953,95.76544952392578,59.47431564331055,41.5601692199707,50.4050178527832,76.64168548583984,83.61742401123047,84.1292495727539,92.69361114501953
2021-02-10,331.80731201171875,190.76332092285156,322.1493225097656,132.08615112304688,97.24641418457031,211.91720581054688,110.97921752929688,61.95412826538086,82.21378326416016,55.78684616088867,107.24964904785156,321.8603515625,75.35902404785156,125.91495513916016,108.11490631103516,174.07217407226562,189.46841430664062,166.9033966064453,61.310001373291016,,58.75139617919922,96.2535400390625,58.552608489990234,41.46717071533203,50.58207321166992,76.63333892822266,83.62161254882812,84.1292495727539,92.69361114501953
2021-02-11,332.3439636230469,191.21722412109375,323.9210510253906,132.82933044433594,97.46621704101562,211.6743621826172,111.5674819946289,61.981510162353516,82.61963653564453,55.97031021118164,107.9988784790039,321.9665222167969,76.03655242919922,126.31298828125,108.60169219970703,174.80247497558594,194.97494506835938,164.73776245117188,62.84000015258789,,59.1041145324707,96.7702407836914,57.48925018310547,41.73770523071289,51.1220588684082,76.64168548583984,83.62161254882812,84.12085723876953,92.68521118164062
2021-02-12,334.0370178222656,192.2084503173828,325.7314147949219,133.65176391601562,97.6585464477539,212.2721710205078,111.8569107055664,62.0635986328125,83.24134826660156,56.23636245727539,109.03031158447266,322.33343505859375,76.33238220214844,126.55941009521484,108.81436157226562,175.67323303222656,197.34898376464844,163.23773193359375,63.209999084472656,,59.62842559814453,97.19522857666016,57.7667350769043,41.93213653564453,51.166324615478516,76.63333892822266,83.62161254882812,84.12085723876953,92.68521118164062
2021-02-16,333.72247314453125,191.8656463623047,324.85040283203125,133.28445434570312,97.42957305908203,210.93643188476562,111.54877471923828,61.616580963134766,83.29313659667969,56.09874725341797,108.03782653808594,317.6603698730469,75.87434387207031,125.47903442382812,107.78881072998047,174.74630737304688,197.80210876464844,159.1051025390625,63.16999816894531,,59.5235595703125,97.64881134033203,56.486045837402344,42.185768127441406,51.290260314941406,76.64168548583984,83.62161254882812,84.12085723876953,92.68521118164062
2021-02-17,333.79644775390625,191.4673309326172,323.2916564941406,132.62733459472656,96.91668701171875,209.28323364257812,111.72620391845703,61.7899169921875,83.43995666503906,55.997840881347656,107.31775665283203,314.763916015625,75.46400451660156,124.61660766601562,107.09879302978516,173.25762939453125,193.6549530029297,159.6614227294922,61.310001373291016,,58.94205093383789,97.27607727050781,57.08855056762695,41.92369842529297,51.30796432495117,76.64168548583984,83.61742401123047,84.12085723876953,92.68521118164062
2021-02-18,332.3716735839844,190.36500549316406,321.87823486328125,132.06678771972656,95.45130920410156,206.0420379638672,111.47410583496094,61.853782653808594,83.0513687133789,55.777652740478516,106.8215103149414,309.33770751953125,74.53836059570312,122.4747085571289,105.21305084228516,171.20721435546875,189.2418212890625,155.50897216796875,60.150001525878906,,58.3033447265625,97.15776062011719,55.55949020385742,41.65315628051758,50.59978103637695,76.63333892822266,83.62161254882812,84.12085723876953,92.68521118164062
2021-02-19,331.76104736328125,190.8003692626953,320.474365234375,131.39993286132812,97.07240295410156,210.33868408203125,111.11930847167969,61.23343276977539,83.88033294677734,56.071231842041016,107.5804672241211,315.7873229980469,75.3494873046875,124.15219116210938,106.78685760498047,174.03475952148438,194.97494506835938,158.02230834960938,61.91999816894531,,58.66559600830078,97.60935974121094,57.2661018371582,41.847599029541016,50.92731475830078,76.64168548583984,83.62161254882812,84.12085723876953,92.68521118164062
2021-02-22,329.1520690917969,188.98472595214844,312.1677551269531,128.10430908203125,97.6585464477539,208.9749755859375,110.41900634765625,60.94149398803711,83.68174743652344,55.63087844848633,104.1456298828125,308.9997863769531,74.08984375,123.44139099121094,105.92670440673828,171.26336669921875,187.41946411132812,153.2737579345703,60.5,,57.32145309448242,95.42031860351562,55.9039192199707,41.72079086303711,49.4312744140625,76.63333892822266,83.62161254882812,84.12085723876953,92.68521118164062
2021-02-23,329.56842041015625,188.9569091796875,311.2384338378906,127.72737121582031,97.1090316772461,207.1348876953125,110.7551498413086,61.041831970214844,83.70763397216797,55.75013732910156,103.2601318359375,304.4620056152344,73.89899444580078,121.51752471923828,104.47579956054688,169.9619140625,186.12901306152344,149.83656311035156,59.59000015258789,,56.882938385009766,95.93306732177734,53.689884185791016,41.73770523071289,49.6525764465332,76.63333892822266,83.62161254882812,84.12085723876953,92.68521118164062
2021-02-24,333.213623046875,191.0782928466797,313.80389404296875,128.77114868164062,99.79251861572266,212.0293426513672,112.01566314697266,61.35201644897461,85.65050506591797,56.39230728149414,103.96072387695312,310.7763671875,75.14908599853516,124.78718566894531,107.302001953125,172.18089294433594,191.94093322753906,152.0916290283203,60.34000015258789,,57.19752883911133,96.90926361083984,54.786224365234375,41.88987350463867,49.333892822265625,76.62494659423828,83.625732421875,84.12085723876953,92.68521118164062
2021-02-25,325.219970703125,186.08526611328125,302.8638916015625,124.21910095214844,96.70603942871094,204.19264221191406,109.27989196777344,60.60392761230469,83.18953704833984,55.043739318847656,100.29231262207031,297.6069030761719,72.69659423828125,120.29496765136719,103.40768432617188,165.91722106933594,179.81471252441406,145.91258239746094,58.18000030517578,,55.37673568725586,93.7450180053711,52.69540786743164,41.17973709106445,48.20965576171875,76.63333892822266,83.61742401123047,84.11248779296875,92.67687225341797
2021-02-26,323.4344482421875,185.3441619873047,304.13214111328125,125.36920928955078,96.24812316894531,203.91244506835938,108.80372619628906,60.01093673706055,82.87866973876953,54.75018310546875,101.20698547363281,299.0840759277344,73.11650085449219,120.08645629882812,103.10520935058594,166.60072326660156,183.6072235107422,147.0252227783203,58.279998779296875,,55.33860778808594,94.19762420654297,52.761383056640625,40.587947845458984,47.56344223022461,76.63333892822266,83.62161254882812,84.1292495727539,92.68521118164062
2021-03-01,331.3262023925781,190.1055908203125,313.28106689453125,128.5005645751953,99.22467041015625,211.16062927246094,111.30603790283203,61.03271484375,84.89061737060547,56.00701141357422,104.0677490234375,309.5501403808594,75.10137939453125,123.61199951171875,106.34259033203125,171.74085998535156,190.5717010498047,150.6014862060547,59.7869987487793,,56.730411529541016,96.53457641601562,54.59412384033203,41.374176025390625,48.83816146850586,76.62494659423828,83.63412475585938,84.12085723876953,92.68521118164062
2021-03-02,328.7635192871094,188.31773376464844,308.2564392089844,126.41299438476562,97.50283813476562,207.09756469726562,110.47504425048828,60.8228759765625,84.42435455322266,55.63087844848633,102.22868347167969,301.5364990234375,73.83219909667969,121.31848907470703,104.29618072509766,168.8477783203125,184.0209503173828,145.8827667236328,59.04999923706055,,55.97731018066406,95.41046142578125,53.89653396606445,41.35727310180664,48.36014938354492,76.62494659423828,83.63412475585938,84.11248779296875,92.67687225341797
2021-03-03,324.4243469238281,185.6035614013672,299.3108215332031,122.78876495361328,97.6494140625,204.85580444335938,108.8970947265625,60.1021614074707,84.35526275634766,54.91530990600586,98.5213623046875,293.7931213378906,72.25762939453125,120.01062774658203,103.2989730834961,165.2524871826172,178.18936157226562,139.01829528808594,57.2599983215332,,54.8333625793457,93.29045867919922,51.98521041870117,41.1036491394043,48.26276779174805,76.63333892822266,83.61742401123047,84.11248779296875,92.68521118164062
2021-03-04,320.4275817871094,182.6670379638672,294.4120178222656,120.72053527832031,95.86345672607422,199.13009643554688,107.36582946777344,59.46356201171875,83.08592224121094,54.03461456298828,95.4075927734375,282.2939758300781,70.22502136230469,116.59880828857422,100.0473861694336,160.71151733398438,168.2007293701172,134.53799438476562,54.66999816894531,,53.25090026855469,91.0422592163086,49.73236846923828,40.689395904541016,47.138526916503906,76.63333892822266,83.625732421875,84.11248779296875,92.67687225341797
2021-03-05,326.3025207519531,185.96481323242188,298.84613037109375,122.7210922241211,98.04322052001953,203.35202026367188,109.9054946899414,60.813758850097656,85.27921295166016,55.10795593261719,96.41957092285156,286.8221435546875,71.65644073486328,118.68379211425781,101.96619415283203,163.08966064453125,172.50550842285156,137.85597229003906,54.7400016784668,,53.727542877197266,92.48583984375,50.4910774230957,41.019107818603516,47.651954650878906,76.63333892822266,83.625732421875,84.12085723876953,92.67687225341797
2021-03-08,324.7019348144531,185.05699157714844,290.38458251953125,119.11621856689453,99.92072296142578,204.31407165527344,109.74676513671875,60.98709487915039,86.02181243896484,55.117130279541016,94.32749938964844,283.172607421875,71.27474975585938,119.51780700683594,102.7979965209961,162.2095947265625,164.1422576904297,134.04129028320312,52.68000030517578,,52.43106460571289,90.71685028076172,49.56840133666992,40.81621170043945,46.36837387084961,76.62494659423828,83.625732421875,84.11248779296875,92.67687225341797
2021-03-09,329.2445373535156,187.92864990234375,301.837646484375,123.9388427734375,100.90071105957031,208.6106719970703,111.09126281738281,61.33375930786133,86.38448333740234,55.65840148925781,97.51913452148438,292.7696838378906,72.66798400878906,122.1051025390625,105.06183624267578,166.2449188232422,174.042236328125,140.26998901367188,55.31999969482422,,54.41392135620117,92.96504974365234,52.692501068115234,41.340354919433594,47.386390686035156,76.62494659423828,83.62161254882812,84.11665344238281,92.68521118164062
2021-03-10,331.280029296875,189.27188110351562,300.9760437011719,123.41695404052734,102.9888687133789,212.23480224609375,111.8569107055664,61.71693801879883,87.38614654541016,56.08958053588867,97.48020935058594,296.3131103515625,73.44095611572266,124.14273834228516,106.84832000732422,167.948974609375,172.1311492919922,140.54812622070312,55.13999938964844,,54.47111129760742,93.43836212158203,53.126182556152344,41.51789474487305,47.1739387512207,76.62494659423828,83.625732421875,84.11248779296875,92.67687225341797
2021-03-11,334.77716064453125,191.7452392578125,307.9079284667969,126.39366149902344,104.3260498046875,216.90505981445312,112.79061126708984,61.8629035949707,87.83515930175781,56.6400146484375,100.1852798461914,305.93914794921875,75.02503204345703,126.3698501586914,108.72930145263672,171.99365234375,180.94757080078125,145.9821319580078,57.380001068115234,,55.85338592529297,95.27143859863281,54.87548828125,41.822242736816406,48.66112518310547,76.63333892822266,83.62161254882812,84.11248779296875,92.67687225341797
2021-03-12,335.2489929199219,192.12501525878906,305.4100341796875,125.27253723144531,105.33350372314453,218.18475341796875,112.66923522949219,62.15483856201172,88.79364013671875,56.90605926513672,99.75715637207031,305.74603271484375,75.33040618896484,126.97639465332031,109.25862121582031,172.7052764892578,179.4010009765625,145.5449981689453,57.459999084472656,,55.605533599853516,95.1087417602539,54.735774993896484,41.92369842529297,47.79359436035156,76.62494659423828,83.62161254882812,84.11248779296875,92.67687225341797
2021-03-15,337.1918640136719,193.46827697753906,308.6727600097656,126.64493560791016,105.13200378417969,218.95999145507812,113.79898834228516,62.59273147583008,89.5794448852539,57.419803619384766,101.38214111328125,308.00531005859375,76.51370239257812,127.38396453857422,109.57527923583984,174.58709716796875,182.70098876953125,147.24375915527344,57.93000030517578,,56.09170913696289,95.5918960571289,55.6759147644043,42.025142669677734,47.90867614746094,76.62494659423828,83.625732421875,84.12085723876953,92.67687225341797
2021-03-16,336.8126525878906,192.69009399414062,310.3669738769531,127.3117446899414,103.50176239013672,215.2985076904297,113.81768798828125,62.70222091674805,89.22539520263672,57.05283737182617,100.50640106201172,303.4482421875,75.58804321289062,125.61168670654297,108.06293487548828,172.26515197753906,184.00128173828125,144.92909240722656,57.630001068115234,,55.85338592529297,95.66093444824219,55.254844665527344,42.0927734375,48.112281799316406,76.62494659423828,83.62996673583984,84.11248779296875,92.67687225341797
2021-03-17,337.9134826660156,193.4219512939453,311.6449279785156,127.82400512695312,104.06959533691406,216.98907470703125,113.82701110839844,62.41938781738281,90.22706604003906,57.2363166809082,100.58423614501953,305.5915832519531,75.86481475830078,126.5783920288086,108.88054656982422,173.3793487548828,185.9122772216797,146.55828857421875,57.900001525878906,,56.12984085083008,95.96759033203125,55.36835861206055,42.31257629394531,48.17424011230469,76.63333892822266,83.62996673583984,84.12085723876953,92.68521118164062
2021-03-18,332.9453125,189.9018096923828,302.0990905761719,123.96782684326172,101.77079010009766,210.3854217529297,112.1650390625,61.97236633300781,89.23402404785156,56.493228912353516,97.75267028808594,293.7449035644531,74.01350402832031,123.17601776123047,105.70458221435547,168.0706787109375,177.34219360351562,139.5646514892578,55.849998474121094,,54.85243225097656,93.32990264892578,52.95446014404297,41.90678405761719,47.28900909423828,76.62494659423828,83.625732421875,84.1292495727539,92.68521118164062
2021-03-19,332.3532409667969,190.14266967773438,303.1640319824219,124.46072387695312,101.9906005859375,211.97325134277344,111.77288055419922,61.83552551269531,89.24266815185547,56.50240707397461,98.63815307617188,297.7516174316406,74.38566589355469,123.74466705322266,106.42768096923828,169.25975036621094,180.37623596191406,144.114501953125,56.43000030517578,,55.15748596191406,93.60599517822266,54.072147369384766,42.050506591796875,47.87326431274414,76.62494659423828,83.62996673583984,84.12085723876953,92.68521118164062
2021-03-22,334.980712890625,191.1708984375,308.8493957519531,126.74144744873047,100.56183624267578,210.37603759765625,112.77193450927734,62.39202880859375,89.64850616455078,56.76844787597656,99.93230438232422,298.0896301269531,74.49063873291016,123.00544738769531,105.73766326904297,169.1473846435547,182.77981567382812,146.19131469726562,56.57500076293945,,55.52927017211914,93.95011901855469,54.414634704589844,42.068336486816406,47.73162841796875,76.62494659423828,83.6266098022461,84.12085723876953,92.69361114501953
2021-03-23,332.51971435546875,188.99395751953125,307.501953125,126.08348846435547,97.0815658569336,202.74490356445312,112.01566314697266,62.32817840576172,87.44658660888672,56.19049072265625,98.66732788085938,288.28009033203125,72.79203796386719,119.04393768310547,102.21670532226562,164.60646057128906,175.21119689941406,137.66546630859375,54.529998779296875,,54.61410903930664,92.79742431640625,51.33905029296875,41.43132019042969,46.819847106933594,76.63333892822266,83.63245391845703,84.12085723876953,92.68521118164062
2021-03-24,330.67864990234375,187.42843627929688,302.31585693359375,124.0513916015625,95.38719940185547,198.05593872070312,111.57678985595703,62.2004508972168,86.65216064453125,55.924434661865234,96.74069213867188,279.1175231933594,72.03814697265625,116.43771362304688,100.12773895263672,160.85198974609375,170.58924865722656,130.5904083251953,52.650001525878906,,53.384361267089844,91.33412170410156,48.609825134277344,41.252952575683594,45.74871826171875,76.62494659423828,83.62996673583984,84.12085723876953,92.68521118164062
2021-03-25,332.5382080078125,188.81517028808594,301.7923583984375,123.83853149414062,97.96370697021484,202.75184631347656,112.05513763427734,62.59798812866211,87.7504653930664,56.43599319458008,96.95679473876953,284.3294372558594,73.16651153564453,119.01887512207031,102.26870727539062,163.23573303222656,171.1608123779297,134.35650634765625,52.79999923706055,,53.42061233520508,91.56584167480469,50.218441009521484,41.51626968383789,45.961177825927734,76.62494659423828,83.625732421875,84.12085723876953,92.68521118164062
2021-03-26,337.9631652832031,191.90089416503906,306.3193664550781,125.735107421875,100.35105895996094,206.4482421875,114.43750762939453,63.660518646240234,89.3206787109375,57.44805145263672,98.73841857910156,288.0592041015625,74.97225952148438,121.73292541503906,104.61737823486328,165.71627807617188,178.23667907714844,132.22006225585938,53.619998931884766,,54.15528106689453,92.60021209716797,49.13471221923828,42.08531951904297,47.156227111816406,76.62494659423828,83.62996673583984,84.12505340576172,92.68521118164062
2021-03-29,337.7587890625,190.9993896484375,306.2320251464844,125.46418762207031,97.87187957763672,200.6368865966797,114.57820129394531,64.00859069824219,88.6353530883789,57.19963455200195,97.50201416015625,279.5176086425781,73.5582275390625,118.73419952392578,102.14381408691406,162.1364288330078,172.90518188476562,128.5434112548828,52.4379997253418,,53.77363967895508,91.89224243164062,47.344661712646484,41.8814811706543,46.828697204589844,76.62494659423828,83.62161254882812,84.12085723876953,92.68521118164062
2021-03-30,336.8953552246094,190.94354248046875,304.6907958984375,125.02873992919922,99.28592681884766,204.01515197753906,113.921630859375,63.44986343383789,89.1471939086914,57.218040466308594,97.58963012695312,283.8753356933594,74.35124969482422,120.25251770019531,103.24579620361328,164.0531768798828,174.235595703125,129.28868103027344,53.27000045776367,,53.8594970703125,91.94548797607422,47.77349853515625,41.83051681518555,46.979183197021484,76.63333892822266,83.62996673583984,84.1292495727539,92.67687225341797
2021-03-31,338.2323303222656,192.10536193847656,309.3534240722656,126.97369384765625,99.65319061279297,206.75704956054688,114.2217788696289,63.3765754699707,88.88691711425781,57.31004333496094,99.36152648925781,290.5907897949219,74.8767318725586,121.68547058105469,104.53697967529297,166.22364807128906,180.12881469726562,134.79368591308594,54.08000183105469,,54.5750846862793,92.99463653564453,49.84297561645508,41.71160888671875,47.21820068359375,76.62494659423828,83.62161254882812,84.12085723876953,92.67687225341797
2021-04-01,341.816162109375,194.51260375976562,314.62677001953125,129.073486328125,101.08558654785156,209.37730407714844,115.45044708251953,63.862037658691406,89.79782104492188,57.954078674316406,101.20153045654297,294.67803955078125,76.10923767089844,123.78270721435547,106.36729431152344,168.89208984375,186.36705017089844,136.16500854492188,55.27000045776367,,55.42424392700195,94.8582763671875,50.07970428466797,42.25519943237305,47.67852020263672,76.63333892822266,83.63079071044922,84.12085723876953,92.67687225341797
2021-04-05,346.7462158203125,196.78045654296875,320.90826416015625,131.69581604003906,101.52635192871094,210.5283660888672,116.87612915039062,64.61314392089844,90.98633575439453,58.49690628051758,101.76618957519531,296.6492004394531,76.52005004882812,124.32359313964844,106.97740173339844,169.34310913085938,189.1165771484375,137.75491333007812,56.0099983215332,,56.034873962402344,95.55838775634766,50.72004699707031,42.892208099365234,47.86441421508789,76.62494659423828,83.62657928466797,84.1292495727539,92.67687225341797
2021-04-06,346.5513000488281,196.85479736328125,320.6852722167969,131.4974365234375,101.42533874511719,209.91070556640625,116.85736846923828,64.59483337402344,90.80415344238281,58.61650848388672,102.58399963378906,295.798828125,76.6251449584961,124.2381591796875,106.74565887451172,170.14178466796875,187.27369689941406,134.14781188964844,56.0,,56.18752670288086,96.13028717041016,49.500484466552734,42.51850509643555,48.12998580932617,76.6165771484375,83.63497161865234,84.11248779296875,92.69361114501953
2021-04-07,346.98760986328125,196.6874542236328,321.46075439453125,131.8602752685547,99.91949462890625,206.52308654785156,116.81987762451172,64.44825744628906,90.67402648925781,58.37730407714844,101.65911102294922,289.76947021484375,75.84172058105469,122.04607391357422,104.89641571044922,168.42230224609375,185.007080078125,130.91831970214844,55.7599983215332,,55.60552978515625,96.0918197631836,48.018959045410156,42.594932556152344,47.42180633544922,76.6165771484375,83.62657928466797,84.1292495727539,92.68521118164062
2021-04-08,348.6773986816406,197.8306884765625,324.814697265625,133.2246856689453,100.44285583496094,208.27308654785156,117.28882598876953,64.56733703613281,90.58727264404297,58.634910583496094,103.13894653320312,293.2962341308594,76.33853149414062,123.01403045654297,105.65313720703125,170.20750427246094,187.4707794189453,131.73313903808594,56.42499923706055,,56.26386260986328,97.44173431396484,48.380855560302734,42.84125518798828,47.81129837036133,76.62494659423828,83.63497161865234,84.11248779296875,92.68521118164062
2021-04-09,351.1842041015625,199.02964782714844,326.7825622558594,134.0181121826172,100.55306243896484,208.30113220214844,118.21739196777344,64.82381439208984,91.09044647216797,58.92013931274414,103.5380859375,292.7262268066406,76.63472747802734,123.16584777832031,105.7335433959961,170.4330291748047,185.81517028808594,128.8116912841797,56.22999954223633,,56.46422576904297,97.71585845947266,47.358245849609375,42.94316864013672,47.40408706665039,76.6165771484375,83.62657928466797,84.12085723876953,92.69361114501953
2021-04-12,351.342041015625,199.08544921875,326.3560485839844,133.91162109375,100.67240142822266,207.48699951171875,118.06732177734375,64.89708709716797,90.73475646972656,59.0489387512207,103.67438507080078,290.5521545410156,76.6920166015625,123.16584777832031,105.8470458984375,170.28268432617188,183.00648498535156,126.24799346923828,55.41999816894531,,56.359275817871094,97.63106536865234,45.85246276855469,42.71384048461914,47.12082290649414,76.6165771484375,83.62657928466797,84.12085723876953,92.68521118164062
2021-04-13,352.29833984375,199.6431121826172,330.1656494140625,135.44052124023438,99.98373413085938,206.9442138671875,118.09546661376953,65.0986099243164,90.02337646484375,59.17774200439453,104.92054748535156,291.8951721191406,76.80667877197266,122.78628540039062,105.51124572753906,171.1941375732422,182.5630340576172,128.0962371826172,55.869998931884766,,56.84587097167969,98.09647369384766,46.286155700683594,43.002620697021484,47.315574645996094,76.6165771484375,83.63079071044922,84.11248779296875,92.68521118164062
2021-04-14,351.1656188964844,199.19700622558594,326.2010192871094,133.78587341308594,101.08558654785156,208.9842987060547,117.81407165527344,65.02532958984375,90.19689178466797,59.12255859375,104.25853729248047,293.87603759765625,76.98819732666016,123.63086700439453,106.10244750976562,171.45718383789062,181.5282440185547,131.48475646972656,55.72999954223633,,56.55009460449219,97.33918762207031,47.7434196472168,43.04508972167969,47.55458450317383,76.6165771484375,83.63079071044922,84.11248779296875,92.68521118164062
2021-04-15,354.9350280761719,201.31617736816406,331.1446838378906,135.798583984375,101.40699768066406,209.89199829101562,119.1084213256836,65.77643585205078,90.61329650878906,59.7481803894043,106.02066040039062,295.41241455078125,77.78121948242188,124.16228485107422,106.66525268554688,172.99813842773438,184.2974853515625,132.63739013671875,55.88999938964844,,57.15118408203125,98.55794525146484,48.44294738769531,43.37633514404297,47.988346099853516,76.62494659423828,83.63079071044922,84.11248779296875,92.67687225341797
2021-04-16,356.1792907714844,201.82728576660156,331.532470703125,136.04046630859375,101.70997619628906,210.22889709472656,119.67118835449219,66.13365936279297,90.98633575439453,59.9413948059082,105.90382385253906,295.5862731933594,78.36402893066406,124.53235626220703,107.01998138427734,172.65989685058594,184.66217041015625,130.71957397460938,55.650001525878906,,57.258995056152344,98.36270904541016,47.18651580810547,43.63114547729492,48.112281799316406,76.62494659423828,83.63497161865234,84.11248779296875,92.67687225341797
2021-04-19,354.4244689941406,200.50746154785156,328.4984130859375,134.81161499023438,100.68159484863281,207.496337890625,119.14595031738281,65.93214416503906,90.37908172607422,59.582576751708984,104.5992660522461,290.2332763671875,77.7238998413086,122.65340423583984,105.38829040527344,170.7901153564453,179.7642059326172,127.90745544433594,54.38999938964844,,56.664581298828125,97.40327453613281,46.24055480957031,43.50374221801758,47.935237884521484,76.6165771484375,83.63497161865234,84.1292495727539,92.67687225341797
2021-04-20,351.82476806640625,198.6671905517578,326.1039123535156,133.77618408203125,98.3126220703125,203.24778747558594,118.37684631347656,66.12451171875,89.19055938720703,59.223758697509766,103.6549301147461,286.05902099609375,76.72071838378906,120.36639404296875,103.30255889892578,167.8961181640625,175.5462646484375,127.48017120361328,53.25,,56.111202239990234,95.99223327636719,46.09793472290039,42.781795501708984,47.54573059082031,76.6165771484375,83.63079071044922,84.12085723876953,92.67687225341797
2021-04-21,355.13006591796875,201.0372314453125,328.89581298828125,134.8889923095703,100.57139587402344,208.21690368652344,119.49296569824219,66.40846252441406,90.68270111083984,59.88618087768555,104.96920013427734,293.2478942871094,78.02962493896484,123.1563720703125,105.67206573486328,171.1847381591797,181.14393615722656,131.93190002441406,54.060001373291016,,56.7122917175293,96.79094696044922,47.69976043701172,43.1724853515625,47.837867736816406,76.6165771484375,83.62657928466797,84.12085723876953,92.67687225341797
2021-04-22,351.8712158203125,199.46649169921875,324.9311218261719,133.3794708251953,99.98373413085938,207.35598754882812,118.61129760742188,66.04206085205078,89.83252716064453,59.57337188720703,105.14445495605469,293.2673034667969,77.83856201171875,122.74832153320312,105.42610931396484,170.79945373535156,178.601318359375,133.6907196044922,53.959999084472656,,56.454681396484375,96.14804077148438,48.66706466674805,42.99412155151367,47.66965866088867,76.62494659423828,83.63497161865234,84.12085723876953,92.67687225341797
2021-04-23,355.6221008300781,201.883056640625,329.0218505859375,134.98574829101562,101.83854675292969,211.26763916015625,119.64303588867188,66.34435272216797,90.46582794189453,60.198997497558594,106.61453247070312,298.1177978515625,79.12836456298828,124.80757141113281,107.20914459228516,173.84381103515625,184.39605712890625,133.4522247314453,55.06999969482422,,57.2465934753418,97.61133575439453,48.467201232910156,43.486759185791016,48.36014938354492,76.62494659423828,83.63497161865234,84.11248779296875,92.68521118164062
2021-04-26,356.3927001953125,202.61732482910156,331.1641845703125,135.8566436767578,102.33438873291016,213.46682739257812,119.62429809570312,66.03290557861328,90.7087173461914,60.355411529541016,107.67571258544922,302.7268981933594,79.64431762695312,125.78499603271484,108.14088439941406,175.80752563476562,188.10145568847656,138.0828399658203,55.79999923706055,,57.656856536865234,98.68415832519531,50.23784637451172,43.55469512939453,48.4221076965332,76.6165771484375,83.62657928466797,84.11248779296875,92.67687225341797
2021-04-27,356.28131103515625,202.5243377685547,329.7294921875,135.16961669921875,102.67413330078125,213.7849578857422,119.53050231933594,65.877197265625,90.8735580444336,60.37382888793945,107.34471893310547,302.62060546875,79.60608673095703,125.86090850830078,108.1077651977539,175.97666931152344,186.5740203857422,138.4703826904297,55.56999969482422,,57.64731216430664,98.65162658691406,50.292179107666016,43.418800354003906,48.39555358886719,76.62494659423828,83.62657928466797,84.11248779296875,92.67687225341797
2021-04-28,356.1142272949219,202.4965057373047,328.6147155761719,134.74388122558594,102.86692810058594,214.1499481201172,119.47422790527344,65.70316314697266,90.68270111083984,60.30021286010742,106.61453247070312,302.4370422363281,79.4627685546875,125.86090850830078,108.09832000732422,175.89207458496094,183.70623779296875,138.80821228027344,55.45000076293945,,57.47557830810547,98.75516510009766,50.57742691040039,43.53771209716797,48.758506774902344,76.6165771484375,83.63079071044922,84.11248779296875,92.67687225341797
2021-04-29,358.4910583496094,203.26791381835938,329.79730224609375,135.26632690429688,102.93121337890625,213.35450744628906,120.59036254882812,66.03290557861328,91.2639389038086,60.54862976074219,106.14723205566406,300.25323486328125,79.1379165649414,125.41488647460938,107.89493560791016,174.92430114746094,181.67605590820312,137.18849182128906,54.54999923706055,,57.380165100097656,98.76305389404297,49.79640197753906,43.58018493652344,48.64341354370117,76.6165771484375,83.63497161865234,84.11248779296875,92.67687225341797
2021-04-30,356.12347412109375,201.7808074951172,327.6356506347656,134.33743286132812,101.49878692626953,210.45352172851562,119.70870208740234,65.90467071533203,90.46582794189453,60.106998443603516,104.79398345947266,296.26263427734375,77.84809112548828,123.91554260253906,106.52810668945312,172.9417724609375,174.24546813964844,135.757568359375,53.66999816894531,,56.76953887939453,97.53048706054688,49.19583511352539,42.98563766479492,47.78474807739258,76.62494659423828,83.63497161865234,84.11248779296875,92.67687225341797
2021-05-03,356.93121337890625,202.1339874267578,325.8907470703125,133.66981506347656,102.64656066894531,211.4828643798828,120.28083801269531,66.30770111083984,91.20320892333984,60.2910041809082,104.26827239990234,295.0644836425781,77.99139404296875,124.49440002441406,106.90645599365234,172.547119140625,171.26927185058594,134.13787841796875,52.909000396728516,,56.63596725463867,96.87967681884766,48.51862335205078,43.435794830322266,47.78474807739258,76.62494659423828,83.63832092285156,84.12085723876953,92.67687225341797
2021-05-04,354.7586669921875,200.6190185546875,320.0261535644531,131.4151611328125,102.17828369140625,208.9561767578125,119.73683166503906,66.04206085205078,91.04704284667969,60.033390045166016,102.3892822265625,288.4746398925781,77.16974639892578,123.1563720703125,105.92745208740234,170.35787963867188,168.1353759765625,128.99058532714844,51.79999923706055,,55.49580001831055,95.52879333496094,46.47340774536133,42.9091911315918,47.244754791259766,76.6165771484375,83.62992858886719,84.12085723876953,92.68521118164062
2021-05-05,354.8236389160156,200.5818328857422,318.9500427246094,130.85394287109375,102.13236999511719,208.1233367919922,119.66182708740234,65.98710632324219,91.74109649658203,59.92300033569336,101.6007308959961,285.9334411621094,76.96910095214844,122.5584945678711,105.44502258300781,169.21157836914062,169.48548889160156,126.81439208984375,51.474998474121094,,55.400386810302734,95.10676574707031,45.767086029052734,43.418800354003906,47.466064453125,76.62494659423828,83.6341323852539,84.11248779296875,92.68521118164062
2021-05-06,357.7111511230469,201.604248046875,321.3540954589844,131.8409423828125,102.8118667602539,208.30113220214844,120.56221008300781,66.50005340576172,92.68669128417969,59.98739242553711,100.5589828491211,284.5227355957031,76.94998931884766,123.06144714355469,105.67679595947266,168.20620727539062,168.94345092773438,124.8965835571289,50.792999267578125,,55.41470718383789,94.99434661865234,44.711490631103516,43.77553939819336,47.91752624511719,76.62494659423828,83.6341323852539,84.11248779296875,92.68521118164062
2021-05-07,360.26434326171875,203.31439208984375,323.9617919921875,132.98275756835938,103.58314514160156,210.92137145996094,121.49076080322266,66.79316711425781,93.57157897949219,60.60383224487305,101.8441162109375,288.32000732421875,77.87676239013672,124.13378143310547,106.86389923095703,170.38607788085938,172.24488830566406,126.93363952636719,51.5099983215332,,55.84596252441406,95.88278198242188,45.50318908691406,44.2851448059082,48.41325378417969,76.6165771484375,83.6316146850586,84.11248779296875,92.68521118164062
2021-05-10,356.7362976074219,200.9257354736328,315.78033447265625,129.60569763183594,101.45291137695312,205.55926513671875,120.39338684082031,66.89393615722656,92.92961120605469,60.11619186401367,99.97486114501953,278.116455078125,76.4722900390625,121.03069305419922,104.11133575439453,166.77798461914062,162.6461944580078,122.31300354003906,50.027000427246094,,54.73728561401367,93.91166687011719,43.810157775878906,44.05582046508789,47.54573059082031,76.6165771484375,83.63832092285156,84.12085723876953,92.67687225341797
2021-05-11,353.607421875,199.30853271484375,315.3440856933594,129.42178344726562,100.78260803222656,204.9041748046875,119.36166381835938,66.24356079101562,91.7237319946289,59.65616989135742,100.0819320678711,278.71551513671875,75.78437805175781,120.47077941894531,103.65728759765625,166.69345092773438,163.838623046875,124.31031036376953,50.25,,54.403343200683594,94.1118392944336,44.54267120361328,43.52922058105469,47.41294860839844,76.6165771484375,83.62992858886719,84.11248779296875,92.67687225341797
2021-05-12,346.0591735839844,194.81935119628906,307.1820983886719,126.04476165771484,97.6790542602539,198.25059509277344,116.72606658935547,65.15357208251953,89.39007568359375,58.28529739379883,97.33650207519531,269.3331604003906,73.61556243896484,116.44718170166016,100.2236328125,161.40353393554688,156.27984619140625,123.33650207519531,47.91999816894531,,53.25841522216797,91.8113784790039,43.88971710205078,42.76480484008789,46.102813720703125,76.60819244384766,83.6341323852539,84.11248779296875,92.67687225341797
2021-05-13,350.172119140625,196.96633911132812,309.55694580078125,126.97369384765625,100.13067626953125,201.9001922607422,118.36743927001953,65.98710632324219,90.90824890136719,58.92013931274414,97.57014465332031,272.1933288574219,74.52322387695312,118.93346405029297,102.2999038696289,162.90684509277344,157.37376403808594,121.70684814453125,47.5880012512207,,53.33950424194336,91.97210693359375,43.01070022583008,43.06207275390625,46.040836334228516,76.60819244384766,83.62992858886719,84.12085723876953,92.68521118164062
2021-05-14,355.5478210449219,200.33087158203125,316.3909912109375,129.8476104736328,102.13236999511719,206.83193969726562,120.02760314941406,66.53669738769531,92.26161193847656,59.9413948059082,99.83857727050781,279.8943176269531,75.89903259277344,121.78984832763672,104.59846496582031,167.11624145507812,162.38006591796875,126.11880493164062,49.47999954223633,,54.48063278198242,94.2518539428711,44.72313690185547,43.75004959106445,46.87295913696289,76.60819244384766,83.6341323852539,84.11248779296875,92.67687225341797
2021-05-17,354.6936950683594,199.9033660888672,314.47161865234375,128.98635864257812,102.38945770263672,207.1126708984375,119.49296569824219,66.27105712890625,92.46113586425781,59.830989837646484,99.02075958251953,278.5994873046875,75.5455322265625,121.32486724853516,104.38561248779297,166.7873992919922,161.7592315673828,125.83063507080078,48.95600128173828,,54.441505432128906,93.87223052978516,45.07241439819336,43.682106018066406,46.828697204589844,76.6165771484375,83.62992858886719,84.11248779296875,92.67687225341797
2021-05-18,351.62982177734375,198.34188842773438,312.34869384765625,128.07679748535156,101.37944030761719,205.54049682617188,118.50813293457031,65.97795104980469,91.28998565673828,59.51817321777344,99.01103973388672,278.4062805175781,74.94361114501953,120.36639404296875,103.59105682373047,166.3081817626953,161.09893798828125,126.37718200683594,49.11000061035156,,54.50830078125,93.63556671142578,45.75059509277344,43.834983825683594,47.457210540771484,76.6165771484375,83.6341323852539,84.12085723876953,92.67687225341797
2021-05-19,350.7013244628906,197.76564025878906,312.70745849609375,128.35743713378906,100.71833038330078,203.95899963378906,118.3393325805664,65.70316314697266,91.02971649169922,59.26054763793945,99.00129699707031,277.1308288574219,74.58053588867188,119.74959564208984,102.9620361328125,165.255859375,164.72552490234375,124.1612548828125,49.150001525878906,,54.403343200683594,93.53697204589844,44.96957015991211,43.44429397583008,47.315574645996094,76.60819244384766,83.62992858886719,84.11248779296875,92.67687225341797
2021-05-20,354.4429626464844,199.9126434326172,318.7562255859375,130.74746704101562,100.92952728271484,205.31591796875,119.69933319091797,66.48174285888672,91.7497787475586,59.92300033569336,101.23075866699219,280.5030517578125,75.30667114257812,120.6416015625,103.69510650634766,167.4075469970703,168.87449645996094,126.76471710205078,50.34000015258789,,55.269676208496094,95.4006118774414,45.948524475097656,44.04732131958008,47.58999252319336,76.60819244384766,83.62992858886719,84.12085723876953,92.67687225341797
2021-05-21,354.1737060546875,199.8011474609375,316.99200439453125,129.9830322265625,101.41616821289062,205.84934997558594,119.52110290527344,66.38097381591797,92.14015197753906,60.00578689575195,101.11394500732422,280.4354553222656,75.37356567382812,120.85037231445312,103.93158721923828,167.63307189941406,168.0762176513672,125.87039947509766,49.970001220703125,,55.033058166503906,95.2240982055664,45.934932708740234,44.038822174072266,47.04115295410156,76.6165771484375,83.62992858886719,84.12085723876953,92.68521118164062
2021-05-24,357.7482604980469,201.81802368164062,322.3233947753906,132.2086181640625,101.93035888671875,207.1875,120.656005859375,66.60079956054688,92.72137451171875,60.51181411743164,102.1069564819336,282.30999755859375,75.77481079101562,121.64749908447266,104.63627624511719,169.12698364257812,171.6240234375,125.04562377929688,50.63199996948242,,55.7581787109375,96.72191619873047,45.41974639892578,44.31062698364258,47.4306526184082,76.60819244384766,83.63665008544922,84.11248779296875,92.68521118164062
2021-05-25,356.9962158203125,201.2603302001953,322.7695007324219,132.46022033691406,100.7734146118164,205.1849365234375,120.49658203125,66.3260269165039,91.91458892822266,60.30021286010742,102.14590454101562,281.1021423339844,75.60285186767578,120.96427154541016,104.0545654296875,168.14044189453125,171.68316650390625,123.47561645507812,50.689998626708984,,55.901302337646484,96.47540283203125,44.85314178466797,44.31062698364258,47.89982223510742,76.60819244384766,83.63832092285156,84.12085723876953,92.68521118164062
2021-05-26,357.64605712890625,201.9852752685547,323.8938903808594,132.8956756591797,102.92203521728516,209.0123748779297,120.7216796875,66.28022766113281,92.4004135131836,60.557823181152344,102.7008056640625,285.8754577636719,76.11878204345703,123.31766510009766,106.0882568359375,170.44244384765625,173.5161590576172,126.1585693359375,51.540000915527344,,56.302024841308594,96.64205169677734,46.27257537841797,44.31062698364258,48.2539176940918,76.60819244384766,83.6341323852539,84.12085723876953,92.68521118164062
2021-05-27,357.8039855957031,202.35708618164062,322.6821594238281,132.46022033691406,103.9228744506836,211.16468811035156,120.7779541015625,66.24356079101562,93.26795196533203,60.78783416748047,102.86634826660156,287.76934814453125,76.51051330566406,124.2381591796875,106.8969955444336,171.66390991210938,175.2703857421875,127.7782974243164,52.43000030517578,,56.507164001464844,97.19325256347656,47.095314025878906,44.39556121826172,48.26276779174805,76.6165771484375,83.62992858886719,84.11248779296875,92.68521118164062
2021-05-28,358.50030517578125,202.70094299316406,323.6999816894531,132.78919982910156,103.61986541748047,211.02435302734375,120.91861724853516,66.48174285888672,93.0423812866211,60.843040466308594,103.27519989013672,288.07855224609375,76.59649658203125,123.92503356933594,106.65108489990234,171.76727294921875,176.1671600341797,127.29137420654297,52.61000061035156,,56.55009460449219,97.33326721191406,46.59080123901367,44.52296829223633,48.57259750366211,76.6165771484375,83.63832092285156,84.12085723876953,92.67687225341797
2021-06-01,358.22174072265625,202.7846221923828,322.62408447265625,132.38278198242188,105.39200592041016,213.4199676513672,120.6747817993164,66.08785247802734,93.40673828125,61.008636474609375,102.68135070800781,288.8418273925781,76.52005004882812,125.6331787109375,107.86183166503906,172.857177734375,175.41818237304688,125.65177917480469,53.11000061035156,,56.75045394897461,97.85587310791016,46.38996505737305,44.76078414916992,49.572914123535156,76.60819244384766,83.63581085205078,84.10404205322266,92.66845703125
2021-06-02,358.82525634765625,203.0541534423828,323.25408935546875,132.595703125,105.07064819335938,213.6726531982422,121.21878814697266,66.30770111083984,93.71905517578125,61.03624725341797,102.80789947509766,287.1219482421875,76.06145477294922,124.8929672241211,107.3226547241211,172.81961059570312,176.03903198242188,126.4367904663086,53.319000244140625,,56.96036148071289,97.73755645751953,46.49280548095703,44.88817596435547,49.6525764465332,76.60819244384766,83.63581085205078,84.10404205322266,92.67687225341797
2021-06-03,357.4604797363281,202.152587890625,319.890380859375,131.2022705078125,104.17996978759766,211.88525390625,120.87173461914062,66.28022766113281,93.7624282836914,60.78783416748047,101.64938354492188,284.48406982421875,75.4499740600586,123.52648162841797,106.32947540283203,171.0719757080078,172.78688049316406,125.95982360839844,52.720001220703125,,56.37071990966797,96.91419982910156,46.2502555847168,44.65036392211914,49.1214485168457,76.60819244384766,83.6316146850586,84.11248779296875,92.66845703125
2021-06-04,360.7008056640625,203.90921020507812,325.31884765625,133.4859161376953,104.55644989013672,212.80235290527344,122.10981750488281,66.78401184082031,94.31763458251953,61.22947311401367,102.983154296875,286.9189758300781,76.14745330810547,124.36153411865234,106.83551788330078,172.4625701904297,177.0442352294922,125.95982360839844,53.209999084472656,,57.09394073486328,98.09253692626953,46.25898361206055,45.07503128051758,49.564056396484375,76.6165771484375,83.6316146850586,84.1082763671875,92.67687225341797
2021-06-07,360.3943786621094,204.07650756835938,326.28814697265625,133.85366821289062,105.57565307617188,215.6565704345703,122.17547607421875,66.73822021484375,94.09208679199219,61.27545928955078,103.51859283447266,291.7213439941406,76.0423355102539,125.36744689941406,107.83346557617188,174.2572021484375,176.18685913085938,131.7729034423828,53.31999969482422,,57.40879440307617,97.75431823730469,48.10531234741211,45.17696762084961,49.316192626953125,76.59986114501953,83.63331604003906,84.11248779296875,92.66845703125
2021-06-08,360.45001220703125,204.4947509765625,326.443359375,133.87295532226562,106.78768920898438,217.93997192382812,122.06291198730469,66.65576171875,93.97931671142578,61.37667465209961,103.98591613769531,294.84228515625,76.86398315429688,126.74343872070312,109.03949737548828,175.6571807861328,176.768310546875,132.6175537109375,53.61000061035156,,57.4851188659668,97.66852569580078,48.548702239990234,45.1514778137207,49.077178955078125,76.59986114501953,83.63998413085938,84.10404205322266,92.67687225341797
2021-06-09,359.8836669921875,203.91848754882812,326.5208740234375,133.98907470703125,105.9980239868164,216.4894561767578,121.82845306396484,66.79316711425781,93.4327621459961,61.17426681518555,103.77171325683594,293.2478942871094,76.52005004882812,125.803955078125,108.04156494140625,174.66123962402344,175.82225036621094,133.85963439941406,53.29999923706055,,57.43741226196289,97.14591979980469,48.78446578979492,44.973121643066406,48.935543060302734,76.59986114501953,83.63581085205078,84.11248779296875,92.66004943847656
2021-06-10,361.545654296875,204.82005310058594,329.92333984375,135.3485870361328,104.33516693115234,214.88401794433594,122.53207397460938,67.35630798339844,93.3360366821289,61.41347122192383,105.17150115966797,293.7400207519531,76.8280258178711,124.393310546875,106.78822326660156,174.77395629882812,177.69467163085938,135.23092651367188,53.47999954223633,,57.79998016357422,97.75727844238281,49.22785568237305,45.11750030517578,49.32763671875,76.59986114501953,83.63581085205078,84.1082763671875,92.66845703125
2021-06-11,362.1768798828125,205.42422485351562,330.7860107421875,135.68247985839844,105.38424682617188,217.15203857421875,122.77665710449219,67.27363586425781,93.64104461669922,61.64347839355469,105.87283325195312,296.8333435058594,77.31578063964844,125.62823486328125,107.87129211425781,176.4464111328125,179.0349578857422,134.97259521484375,54.150001525878906,,57.94976806640625,98.2562255859375,49.55869674682617,45.19395065307617,49.15870666503906,76.60819244384766,83.63581085205078,84.1082763671875,92.66004943847656
2021-06-14,363.0867919921875,205.74024963378906,333.9559020996094,136.92391967773438,104.86890411376953,216.51473999023438,123.0306167602539,67.38388061523438,92.92642211914062,61.569881439208984,106.3598861694336,297.1330261230469,76.97149658203125,125.37176513671875,107.74830627441406,176.0800018310547,182.02096557617188,135.81719970703125,54.90999984741211,,58.245548248291016,98.66938018798828,50.4512939453125,45.26189422607422,49.292076110839844,76.59986114501953,83.63581085205078,84.10404205322266,92.66004943847656
2021-06-15,362.3255310058594,205.20114135742188,331.7748718261719,136.17596435546875,105.0529556274414,215.8961639404297,122.71076965332031,67.13581085205078,93.1181411743164,61.43187713623047,105.4539794921875,294.5713195800781,76.6654281616211,125.43827819824219,107.70577239990234,175.1685791015625,179.79373168945312,132.5877227783203,54.09000015258789,,57.7808952331543,98.1201400756836,49.09008026123047,45.27039337158203,48.95421600341797,76.59986114501953,83.63581085205078,84.10404205322266,92.66845703125
2021-06-16,360.3385925292969,204.17880249023438,330.5631103515625,135.6340789794922,105.01615142822266,215.4369659423828,121.72309112548828,66.6030044555664,92.22053527832031,61.109867095947266,105.24944305419922,293.63360595703125,76.12027740478516,125.09626007080078,107.5638656616211,174.79275512695312,179.6065673828125,132.74671936035156,53.29999923706055,,57.500389099121094,97.64881134033203,49.005672454833984,44.973121643066406,48.28738784790039,76.60819244384766,83.63581085205078,84.09564208984375,92.66845703125
2021-06-17,360.2087097167969,203.9835968017578,334.760498046875,137.34678649902344,103.1664810180664,213.01893615722656,121.93000793457031,66.76837158203125,90.8784408569336,60.962650299072266,106.65209197998047,293.6529541015625,75.65162658691406,123.98486328125,106.61795806884766,174.34173583984375,181.3114471435547,133.53175354003906,53.650001525878906,,58.02896499633789,98.11028289794922,49.08135223388672,44.64187240600586,48.554115295410156,76.59986114501953,83.63331604003906,84.1082763671875,92.66845703125
2021-06-18,355.42718505859375,201.45553588867188,332.1335144042969,136.23399353027344,100.47022247314453,208.18292236328125,120.3497085571289,65.9966812133789,89.1354751586914,60.18060302734375,106.10662078857422,288.8196716308594,74.45613861083984,121.32505798339844,104.36199951171875,171.95516967773438,176.7288818359375,132.73675537109375,52.91999816894531,,57.50325012207031,97.08675384521484,48.819393157958984,43.792518615722656,48.21625518798828,76.60819244384766,83.62744903564453,84.10404205322266,92.65170288085938
2021-06-21,360.4036560058594,204.2345428466797,334.1977233886719,137.1079559326172,102.72479248046875,212.6346435546875,122.04290771484375,66.84186553955078,90.6954345703125,61.091468811035156,107.28526306152344,293.98162841796875,75.91944885253906,123.49085998535156,106.18756866455078,174.6236572265625,177.61886596679688,133.93911743164062,52.7599983215332,,57.675941467285156,98.04322814941406,48.87178421020508,44.395286560058594,48.42074966430664,76.59986114501953,83.62744903564453,84.09986877441406,92.66004943847656
2021-06-22,362.3161926269531,205.39634704589844,337.31298828125,138.39654541015625,103.29531860351562,213.60000610351562,122.80486297607422,67.04397583007812,90.6954345703125,61.390472412109375,108.49311828613281,295.6540222167969,76.14896392822266,124.32683563232422,106.84498596191406,175.74171447753906,178.70297241210938,132.83612060546875,52.790000915527344,,58.0776252746582,98.71373748779297,47.860816955566406,44.4381103515625,48.19847106933594,76.59986114501953,83.63998413085938,84.09564208984375,92.65170288085938
2021-06-23,361.9263000488281,205.31265258789062,337.4779357910156,138.39654541015625,103.47015380859375,214.3029327392578,122.4285659790039,66.70404815673828,90.58213806152344,61.34907531738281,108.56128692626953,297.2489013671875,76.3115463256836,124.61180114746094,107.06726837158203,176.34304809570312,180.26016235351562,133.462158203125,53.612998962402344,,58.27989959716797,99.09829711914062,48.09851837158203,44.198368072509766,48.491878509521484,76.59986114501953,83.6316146850586,84.09564208984375,92.66004943847656
2021-06-24,363.9967041015625,206.70643615722656,339.5645446777344,139.2492218017578,104.85051727294922,217.33006286621094,123.20933532714844,67.13581085205078,91.34905242919922,61.70814514160156,109.36978149414062,301.14459228515625,76.9810562133789,126.23616027832031,108.45108795166016,178.3415069580078,184.69517517089844,136.42337036132812,54.83700180053711,,58.855262756347656,99.87433624267578,49.12403869628906,44.5665397644043,48.93643569946289,76.60819244384766,83.6316146850586,84.09564208984375,92.66845703125
2021-06-25,365.3429260253906,207.48025512695312,339.1470642089844,139.15228271484375,104.96094512939453,217.6956329345703,124.36637115478516,67.57678985595703,91.7673568725586,62.057987213134766,109.94451141357422,301.84063720703125,77.70789337158203,126.5211410522461,108.53630828857422,178.9254150390625,183.9757843017578,137.80459594726562,54.650001525878906,,59.113311767578125,100.27467346191406,49.608177185058594,44.71210861206055,49.345420837402344,76.60819244384766,83.63998413085938,84.10404205322266,92.65170288085938
2021-06-28,366.104248046875,207.71334838867188,343.2716979980469,140.8575439453125,103.88424682617188,215.97117614746094,124.92137908935547,67.70538330078125,91.59306335449219,62.067230224609375,110.5386734008789,302.52691650390625,77.44013214111328,126.09369659423828,108.45581817626953,178.56753540039062,188.97262573242188,136.97982788085938,55.369998931884766,,59.64853286743164,100.272705078125,49.21718215942383,44.42098617553711,49.3898811340332,76.59986114501953,83.6316146850586,84.10404205322266,92.66004943847656
2021-06-29,366.2654113769531,207.72262573242188,344.51397705078125,141.31295776367188,103.64500427246094,214.94021606445312,125.11890411376953,67.67784118652344,91.27061462402344,62.085689544677734,110.7822036743164,301.69561767578125,77.57400512695312,125.97969818115234,108.31851196289062,178.41683959960938,190.4608154296875,134.88314819335938,56.119998931884766,,59.734554290771484,100.18789672851562,48.52056121826172,44.41242980957031,49.35430908203125,76.59986114501953,83.63581085205078,84.10404205322266,92.66004943847656
2021-06-30,366.6007995605469,207.73194885253906,343.97052001953125,141.19662475585938,103.96710205078125,214.96835327148438,124.98719787597656,67.62271881103516,91.55821228027344,62.03031921386719,110.26593780517578,301.2992248535156,77.4018783569336,125.98921966552734,108.27591705322266,177.60693359375,189.5836181640625,134.54531860351562,55.45000076293945,,59.45738220214844,100.248046875,48.4526481628418,44.11275100708008,49.03423309326172,76.59986114501953,83.63581085205078,84.10404205322266,92.66004943847656
2021-07-01,368.6689758300781,208.86004638671875,344.1064758300781,141.19662475585938,104.62046813964844,216.86154174804688,125.73973846435547,68.03610229492188,91.87191772460938,62.31645202636719,110.31466674804688,303.5903015136719,77.96614074707031,126.4356689453125,108.60256958007812,178.5487060546875,186.8831787109375,137.61578369140625,55.099998474121094,,59.30350875854492,100.37032318115234,49.308380126953125,44.241180419921875,48.75861358642578,76.60819244384766,83.6341323852539,84.09564208984375,92.66004943847656
2021-07-02,371.4731140136719,210.01605224609375,348.0562438964844,142.78565979003906,103.51616668701172,214.79966735839844,126.85912322998047,68.45868682861328,91.84579467773438,62.574913024902344,110.7334976196289,300.6032409667969,77.74617004394531,125.40974426269531,107.802490234375,177.99305725097656,187.9180450439453,135.66818237304688,54.71900177001953,,59.419151306152344,100.89292907714844,48.86886978149414,44.403865814208984,48.70526885986328,76.59986114501953,83.6341323852539,84.10404205322266,92.66004943847656
2021-07-06,370.7743835449219,209.55923461914062,349.560546875,143.35731506347656,102.00699615478516,211.67869567871094,126.54873657226562,68.44951629638672,90.59955596923828,62.37184143066406,111.10365295410156,297.7226257324219,77.32534790039062,124.30780792236328,106.92193603515625,176.97593688964844,187.70120239257812,132.74671936035156,54.439998626708984,,59.30445861816406,100.58724975585938,47.4630241394043,44.13844680786133,47.851722717285156,76.59146118164062,83.63746643066406,84.09564208984375,92.65170288085938
2021-07-07,372.0506286621094,209.83889770507812,350.298095703125,143.63832092285156,101.32605743408203,209.71058654785156,127.1789779663086,68.86290740966797,90.59955596923828,62.464134216308594,110.67506408691406,294.590576171875,77.36360168457031,123.75688171386719,106.4532699584961,175.6763153076172,184.46856689453125,130.52085876464844,53.24300003051758,,58.924076080322266,100.18000030517578,46.74894714355469,44.292564392089844,47.79837417602539,76.59146118164062,83.63330841064453,84.10404205322266,92.66004943847656
2021-07-08,369.0882263183594,208.0675811767578,348.18243408203125,142.85348510742188,100.13893127441406,207.77989196777344,126.13481140136719,68.41276550292969,89.60608673095703,61.827232360839844,109.68148040771484,292.39630126953125,76.45502471923828,122.30349731445312,105.12293243408203,173.8964080810547,181.28517150878906,131.07733154296875,52.470001220703125,,58.24549102783203,98.90010833740234,47.09434509277344,43.650386810302734,46.80257797241211,76.59986114501953,83.63330841064453,84.10404205322266,92.66004943847656
2021-07-09,372.9822692871094,210.5847625732422,350.3563537597656,143.7255096435547,102.68798828125,212.16612243652344,127.2448501586914,68.89047241210938,91.15731811523438,62.69490432739258,111.01597595214844,297.8966369628906,77.82270050048828,125.32424926757812,107.58943939208984,177.098388671875,184.5670928955078,132.9553680419922,53.31999969482422,,58.950836181640625,100.55766296386719,48.09366989135742,44.403865814208984,47.61166000366211,76.59986114501953,83.63330841064453,84.10404205322266,92.66004943847656
2021-07-12,374.3330383300781,211.1720733642578,351.7247619628906,144.3164825439453,103.17570495605469,212.3441925048828,127.63050079345703,68.90884399414062,91.57563018798828,62.768760681152344,110.62635803222656,297.7226257324219,77.85138702392578,125.49523162841797,107.79301452636719,177.05126953125,186.27210998535156,130.99783325195312,53.08399963378906,,59.043540954589844,100.56259155273438,47.58915710449219,44.5665397644043,47.6561164855957,76.59986114501953,83.63330841064453,84.10404205322266,92.65170288085938
2021-07-13,373.0660705566406,209.9973907470703,351.7247619628906,144.30682373046875,101.24321746826172,208.34225463867188,127.39533996582031,68.76185607910156,90.68671417236328,62.196441650390625,109.6620101928711,292.3093566894531,76.89495849609375,123.3484115600586,106.05084228515625,174.24484252929688,184.22218322753906,128.8116912841797,52.57600021362305,,58.883934020996094,100.41961669921875,46.57042694091797,44.31824493408203,47.70056915283203,76.59986114501953,83.63746643066406,84.10404205322266,92.66004943847656
2021-07-14,373.5783996582031,209.7084197998047,352.3555603027344,144.53933715820312,100.05614471435547,205.1276092529297,127.51760864257812,69.00989532470703,90.66058349609375,62.0118408203125,108.36647033691406,286.30633544921875,76.14896392822266,121.78099822998047,104.68739318847656,171.7773895263672,182.0539093017578,125.15494537353516,51.779998779296875,,58.46339797973633,99.7688217163086,44.85120391845703,44.42954635620117,47.905067443847656,76.59146118164062,83.63330841064453,84.09564208984375,92.66004943847656
2021-07-15,372.3767395019531,208.97186279296875,349.8807678222656,143.5316925048828,99.60520935058594,203.96546936035156,127.03791046142578,69.07420349121094,90.2509765625,61.910316467285156,107.67488098144531,283.290283203125,75.79508972167969,120.99256134033203,104.01040649414062,171.2688751220703,178.24961853027344,125.1449966430664,50.93899917602539,,57.995079040527344,99.23043823242188,44.55237579345703,44.06993865966797,48.020652770996094,76.59986114501953,83.63330841064453,84.10404205322266,92.65170288085938
2021-07-16,369.4794006347656,207.33108520507812,347.0469665527344,142.388427734375,98.16046905517578,201.4537811279297,126.32295989990234,69.15687561035156,89.11804962158203,61.55953598022461,107.24628448486328,280.22601318359375,75.14473724365234,119.83365631103516,103.0541000366211,169.91275024414062,174.15951538085938,125.1449966430664,50.29999923706055,,57.622344970703125,98.39031982421875,44.74544906616211,43.72744369506836,47.6472282409668,76.59986114501953,83.63746643066406,84.10404205322266,92.65170288085938
2021-07-19,363.9550476074219,204.38507080078125,344.2034912109375,141.24510192871094,96.27399444580078,198.43588256835938,124.71443939208984,68.51380920410156,87.64524841308594,60.645687103271484,106.55470275878906,278.1380615234375,74.32223510742188,118.8172378540039,101.83739471435547,168.19873046875,173.63720703125,125.34375,49.4119987487793,,57.02977752685547,96.80967712402344,44.79492950439453,42.871219635009766,46.8470344543457,76.59146118164062,83.63746643066406,84.10404205322266,92.65170288085938
2021-07-20,369.0975036621094,207.91842651367188,348.2018737792969,142.87286376953125,99.17269897460938,204.5934295654297,126.34174346923828,69.07420349121094,89.362060546875,61.8179931640625,109.02884674072266,286.7316589355469,76.29241943359375,122.15148162841797,105.02824401855469,172.92636108398438,177.2443389892578,128.2453155517578,50.33000183105469,,57.983612060546875,99.04209899902344,45.85246276855469,43.25651931762695,46.9981803894043,76.59146118164062,83.63330841064453,84.10404205322266,92.66004943847656
2021-07-21,372.1996765136719,209.7830047607422,350.8901062011719,143.89991760253906,100.8291244506836,208.11727905273438,127.2824478149414,69.11093139648438,90.46012115478516,62.34414291381836,110.21725463867188,292.18359375,77.11494445800781,123.93733978271484,106.55267333984375,175.27134704589844,182.75363159179688,129.42779541015625,51.38999938964844,,58.64308547973633,100.31116485595703,46.495723724365234,43.88156509399414,47.300479888916016,76.59146118164062,83.64161682128906,84.10404205322266,92.65170288085938
2021-07-22,372.9915466308594,209.96009826660156,353.20965576171875,144.91722106933594,98.94263458251953,204.8089599609375,127.56465911865234,69.33141326904297,89.8936538696289,62.325679779052734,110.43153381347656,288.4717102050781,76.67498779296875,122.18946838378906,104.90042114257812,174.06591796875,179.96450805664062,127.16220092773438,50.959999084472656,,58.67845153808594,100.36933135986328,45.47893142700195,43.94150161743164,47.38938903808594,76.59986114501953,83.63746643066406,84.10404205322266,92.65170288085938
2021-07-23,376.71783447265625,212.05780029296875,357.33416748046875,146.51589965820312,99.75243377685547,205.76490783691406,129.37074279785156,70.04798126220703,90.05924987792969,62.89799880981445,111.90238952636719,289.8926696777344,77.24882507324219,123.01593017578125,105.80467224121094,175.75164794921875,181.09791564941406,125.71141052246094,51.2599983215332,,58.87437057495117,101.08126068115234,44.811424255371094,44.20693588256836,46.686988830566406,76.59146118164062,83.64161682128906,84.10404205322266,92.66004943847656
2021-07-26,377.677490234375,212.48660278320312,357.6156005859375,146.7193603515625,100.63587188720703,206.36476135253906,129.43661499023438,69.91936492919922,90.60829162597656,62.90721893310547,111.44456481933594,289.0321960449219,77.00971984863281,123.54785919189453,106.18812561035156,175.73280334472656,180.30947875976562,123.43585205078125,51.10499954223633,,58.4863395690918,100.79136657714844,43.803367614746094,44.258296966552734,45.79788589477539,76.59986114501953,83.6341323852539,84.08724975585938,92.65170288085938
2021-07-27,376.00048828125,211.3399200439453,353.6754455566406,145.14007568359375,99.68805694580078,203.95608520507812,128.91920471191406,70.02962493896484,90.21610260009766,62.75954055786133,110.43153381347656,284.9627380371094,76.42634582519531,122.56945037841797,105.3406982421875,173.9529266357422,176.0321044921875,122.20368957519531,49.88999938964844,,57.82304763793945,99.9561767578125,43.25034713745117,44.09562301635742,44.87321472167969,76.59146118164062,83.63746643066406,84.08724975585938,92.65170288085938
2021-07-28,375.7956848144531,211.66619873046875,355.0340881347656,145.6632537841797,100.53463745117188,206.95518493652344,128.9568634033203,69.86425018310547,90.3119888305664,62.92567443847656,111.46403503417969,290.33734130859375,77.2105712890625,123.85189056396484,106.44853210449219,175.9965057373047,180.8515167236328,126.4765396118164,51.040000915527344,,58.76924133300781,100.56259155273438,44.82403564453125,44.292564392089844,46.091285705566406,76.59146118164062,83.64161682128906,84.08724975585938,92.66004943847656
2021-07-29,377.4166259765625,212.5985107421875,355.6649169921875,145.91517639160156,101.78616333007812,208.54843139648438,129.55889892578125,70.02962493896484,91.41004180908203,63.3133544921875,111.824462890625,291.8163757324219,78.02352142333984,125.46671295166016,107.78356170654297,176.8629150390625,185.5920867919922,124.37986755371094,51.50299835205078,,58.788352966308594,100.89391326904297,43.68403625488281,44.62648391723633,46.32245635986328,76.59986114501953,83.64083099365234,84.09986877441406,92.66004943847656
2021-07-30,375.572021484375,211.3399200439453,353.811279296875,145.1788330078125,101.46407318115234,207.17074584960938,129.21083068847656,70.02043151855469,90.92201232910156,63.064125061035156,111.32767486572266,290.0472412109375,78.09048461914062,125.65670776367188,108.020263671875,175.6009979248047,188.2136993408203,122.63096618652344,51.20800018310547,,58.56279373168945,99.94039916992188,42.83509063720703,44.335365295410156,45.87790298461914,76.59146118164062,83.63746643066406,84.08724975585938,92.66004943847656
2021-08-02,374.80816650390625,211.0415802001953,353.8404541015625,145.1691131591797,100.81990814208984,206.13978576660156,129.00389099121094,69.9009780883789,90.81744384765625,63.00875473022461,111.2887191772461,289.3803405761719,77.83224487304688,125.25775146484375,107.65571594238281,175.20545959472656,188.88385009765625,123.14769744873047,51.770999908447266,,58.775936126708984,99.87433624267578,43.252288818359375,44.54942321777344,46.206878662109375,76.59146118164062,83.63079071044922,84.08724975585938,92.66004943847656
2021-08-03,377.8358154296875,212.5518798828125,355.98516845703125,146.0508270263672,101.74934387207031,206.99266052246094,129.96336364746094,70.33277130126953,91.89808654785156,63.45183181762695,111.90238952636719,289.3803405761719,78.2052230834961,126.20767211914062,108.31851196289062,175.9117431640625,190.35235595703125,124.03207397460938,51.564998626708984,,58.875335693359375,99.91475677490234,43.271690368652344,44.86622619628906,46.4024772644043,76.59146118164062,83.63912963867188,84.08724975585938,92.66004943847656
2021-08-04,376.02850341796875,211.60092163085938,356.49957275390625,146.27366638183594,99.95490264892578,204.4153289794922,129.76583862304688,70.05715942382812,90.48628234863281,63.13799285888672,112.04850006103516,287.7369689941406,77.79399108886719,124.84927368164062,107.22966003417969,174.94175720214844,192.0869598388672,124.01220703125,52.145999908447266,,59.12955856323242,99.57752990722656,43.187278747558594,44.737796783447266,46.64253234863281,76.59146118164062,83.6433334350586,84.10404205322266,92.65170288085938
2021-08-05,378.3760986328125,213.1112518310547,358.76080322265625,147.19412231445312,101.35365295410156,208.08920288085938,130.6124267578125,70.29603576660156,90.92201232910156,63.497982025146484,112.88621520996094,293.0439147949219,78.23395538330078,126.40716552734375,108.58364868164062,177.1831512451172,194.7480010986328,128.7222900390625,52.209999084472656,,59.621768951416016,100.88800048828125,45.006439208984375,44.968971252441406,46.571414947509766,76.59146118164062,83.63912963867188,84.10404205322266,92.65170288085938
2021-08-06,379.02825927734375,213.37228393554688,357.1885681152344,146.55465698242188,102.59593963623047,209.3638458251953,130.62185668945312,70.25928497314453,91.61048889160156,63.599525451660156,112.16539001464844,292.9279479980469,78.10960388183594,127.46159362792969,109.53520965576172,176.95709228515625,195.48721313476562,126.48648071289062,52.00699996948242,,59.27579116821289,100.85643768310547,44.502891540527344,44.78917694091797,46.180198669433594,76.59986114501953,83.63912963867188,84.09564208984375,92.66004943847656
2021-08-09,378.66497802734375,213.28839111328125,357.8486328125,146.82591247558594,101.7309341430664,208.2110137939453,130.4901580810547,70.33277130126953,91.41004180908203,63.54412078857422,112.25305938720703,292.0676574707031,78.10960388183594,126.50214385986328,108.79667663574219,176.85350036621094,194.72828674316406,126.72496795654297,52.071998596191406,,59.60934829711914,100.78248596191406,44.571781158447266,44.737796783447266,46.33135223388672,76.59986114501953,83.63494110107422,84.10404205322266,92.65170288085938
2021-08-10,379.14007568359375,213.42820739746094,356.0142822265625,146.0799102783203,102.7155990600586,208.62342834472656,130.52777099609375,70.26846313476562,92.02881622314453,63.673370361328125,111.72704315185547,291.1493225097656,77.9756851196289,127.01515197753906,109.19432830810547,176.54275512695312,194.45236206054688,125.68159484863281,51.41999816894531,,59.29490661621094,100.63655090332031,44.198246002197266,44.83197784423828,46.39358139038086,76.59146118164062,83.63494110107422,84.10404205322266,92.65170288085938
2021-08-11,380.05303955078125,213.84776306152344,355.40283203125,145.81829833984375,103.43336486816406,209.64501953125,130.68771362304688,70.36951446533203,92.66500091552734,64.00566864013672,111.57121276855469,291.1493225097656,78.30089569091797,127.41409301757812,109.4547348022461,176.88177490234375,194.50160217285156,124.86677551269531,51.85499954223633,,59.14676284790039,100.70064544677734,44.13518524169922,45.114524841308594,46.518062591552734,76.59146118164062,83.63494110107422,84.10404205322266,92.64331817626953
2021-08-12,381.1615905761719,214.4444122314453,356.6839294433594,146.35113525390625,102.9088363647461,209.14828491210938,130.8100128173828,70.52568817138672,92.24668884277344,64.05181884765625,112.01929473876953,290.6080322265625,78.19568634033203,126.88213348388672,109.10913848876953,177.07952880859375,192.3925323486328,125.98963165283203,51.45600128173828,,59.266231536865234,100.71050262451172,44.50968933105469,45.01178741455078,46.109073638916016,76.59146118164062,83.63079071044922,84.08724975585938,92.64331817626953
2021-08-13,381.9161376953125,214.56561279296875,357.93585205078125,146.85501098632812,102.15424346923828,207.24569702148438,131.32737731933594,70.81966400146484,92.18566131591797,64.04258728027344,111.90238952636719,287.3310241699219,78.10005187988281,126.1221694946289,108.31851196289062,176.0718536376953,192.69801330566406,123.83333587646484,51.40999984741211,,59.09324264526367,100.4787826538086,43.900390625,45.24296569824219,45.993492126464844,76.59986114501953,83.63912963867188,84.09564208984375,92.64331817626953
2021-08-16,382.8291931152344,214.64950561523438,358.0911560058594,146.93251037597656,101.64812469482422,205.31509399414062,132.1080780029297,71.1871109008789,92.13339233398438,64.02413177490234,111.4348373413086,284.2087097167969,78.00439453125,125.57123565673828,107.9066390991211,174.59327697753906,191.04229736328125,121.02120971679688,50.53300094604492,,58.683231353759766,99.90589141845703,42.537235260009766,44.9860954284668,45.57561111450195,76.5831069946289,83.6433334350586,84.08724975585938,92.64331817626953
2021-08-17,380.3045349121094,213.0553436279297,354.93707275390625,145.6342010498047,100.17575073242188,202.8126983642578,130.99810791015625,71.26060485839844,91.366455078125,63.60875701904297,110.43153381347656,280.3323669433594,77.06713104248047,123.76637268066406,106.2591552734375,172.82278442382812,186.53823852539062,122.91913604736328,49.608001708984375,,58.071537017822266,99.16535949707031,43.019432067871094,44.48948287963867,44.739845275878906,76.5831069946289,83.62659454345703,84.09564208984375,92.65170288085938
2021-08-18,376.2148742675781,210.9297332763672,351.5209655761719,144.23899841308594,99.365966796875,201.0413818359375,129.43661499023438,70.4430160522461,90.41656494140625,62.99029541015625,109.64252471923828,278.379638671875,76.38806915283203,122.9019546508789,105.6058120727539,171.45721435546875,185.38511657714844,120.84233856201172,49.91699981689453,,57.7752685546875,98.76797485351562,42.43730545043945,44.378177642822266,44.810977935791016,76.5831069946289,83.63912963867188,84.09564208984375,92.64331817626953
2021-08-19,376.7458190917969,210.77122497558594,353.21923828125,144.91722106933594,98.48252868652344,198.6327667236328,129.99160766601562,70.7553482055664,89.6758041381836,62.87028884887695,109.62303161621094,274.9190979003906,75.90031433105469,121.89501190185547,104.67318725585938,169.8656463623047,186.0553436279297,117.94078063964844,49.527000427246094,,57.30789566040039,98.21678161621094,41.147884368896484,43.8901252746582,44.046348571777344,76.59986114501953,83.63494110107422,84.08724975585938,92.64331817626953
2021-08-20,379.7269592285156,212.66375732421875,356.8780517578125,146.41900634765625,99.9732894897461,201.98794555664062,131.27093505859375,71.27899169921875,90.18126678466797,63.341060638427734,110.76272583007812,279.820068359375,76.76105499267578,123.84236907958984,106.39645385742188,172.1918182373047,188.6966094970703,121.35905456542969,49.95000076293945,,57.928184509277344,98.98885345458984,42.3121452331543,44.03569030761719,44.01078414916992,76.59986114501953,83.6433334350586,84.08724975585938,92.65170288085938
2021-08-23,383.09002685546875,214.72412109375,362.2157287597656,148.5893096923828,101.24321746826172,205.83047485351562,132.0893096923828,71.42597961425781,90.94817352294922,63.82105255126953,112.18484497070312,286.0646667480469,77.49749755859375,125.59022521972656,107.87351989746094,174.90406799316406,193.4175262451172,126.93363952636719,51.10100173950195,,58.98810958862305,100.56653594970703,44.5911865234375,44.498050689697266,44.677608489990234,76.5831069946289,83.63494110107422,84.09564208984375,92.64331817626953
2021-08-24,383.69561767578125,215.48855590820312,363.3221130371094,149.08343505859375,101.95179748535156,207.85488891601562,132.17391967773438,71.19631958007812,91.47976684570312,64.14413452148438,113.40247344970703,289.2449951171875,78.21479034423828,126.18869018554688,108.37059020996094,176.85350036621094,194.08761596679688,126.94357299804688,51.827999114990234,,59.734554290771484,101.59005737304688,44.5533447265625,44.71210861206055,45.691192626953125,76.5831069946289,83.63912963867188,84.09564208984375,92.64331817626953
2021-08-25,384.4035339355469,216.1038818359375,363.7394104003906,149.17066955566406,102.32908630371094,208.5859375,132.39031982421875,71.1871109008789,91.91551208496094,64.49488830566406,114.27915954589844,290.25030517578125,78.61649322509766,126.57816314697266,108.87242126464844,177.77647399902344,194.97470092773438,128.3446807861328,51.98899841308594,,59.93525695800781,102.0219497680664,44.986061096191406,44.746341705322266,45.74454879760742,76.5831069946289,83.63494110107422,84.08724975585938,92.65170288085938
2021-08-26,382.15838623046875,214.65887451171875,361.4295654296875,148.30831909179688,101.19721984863281,206.3740997314453,131.49668884277344,70.84720611572266,91.03530883789062,64.07952117919922,113.66549682617188,287.3503723144531,78.05221557617188,125.33375549316406,107.73148345947266,176.2507781982422,195.49700927734375,127.76836395263672,51.19499969482422,,59.49561309814453,101.21635437011719,44.804630279541016,44.463802337646484,45.30887985229492,76.59146118164062,83.63912963867188,84.09564208984375,92.64331817626953
2021-08-27,385.5494384765625,216.97088623046875,364.94281005859375,149.72293090820312,104.16954803466797,212.19419860839844,132.8230438232422,71.15957641601562,91.96781158447266,64.7164306640625,115.15582275390625,295.57666015625,79.40074157714844,128.71548461914062,110.5862045288086,179.7258758544922,200.45445251464844,131.19654846191406,51.83000183105469,,59.98304748535156,101.97955322265625,46.03874969482422,44.92616271972656,45.86901092529297,76.59146118164062,83.63912963867188,84.08724975585938,92.64331817626953
2021-08-30,387.3194580078125,217.79132080078125,369.03826904296875,151.41847229003906,103.55299377441406,211.32257080078125,133.36862182617188,71.41678619384766,91.54948425292969,64.67951202392578,115.43831634521484,294.8033142089844,79.50595092773438,128.77249145507812,110.53412628173828,179.55636596679688,201.74551391601562,130.79908752441406,52.70000076293945,,60.31756591796875,102.1235122680664,45.81850814819336,44.91759490966797,45.96681594848633,76.59146118164062,83.63912963867188,84.08724975585938,92.64331817626953
2021-08-31,386.65802001953125,217.38108825683594,368.7373962402344,151.273193359375,103.40576934814453,211.73497009277344,132.8700714111328,71.33411407470703,91.61920166015625,64.60567474365234,114.98049926757812,295.42193603515625,79.17121124267578,128.39254760742188,110.3731689453125,179.11376953125,199.65611267089844,132.00144958496094,52.720001220703125,,60.537384033203125,101.76952362060547,46.31914520263672,44.91759490966797,46.598087310791016,76.5831069946289,83.63912963867188,84.07884216308594,92.64331817626953
2021-09-01,387.0679016113281,217.7633514404297,369.34881591796875,151.54446411132812,103.88424682617188,213.1595001220703,132.94528198242188,71.60051727294922,91.052734375,64.6702651977539,115.39936065673828,298.0706481933594,79.52508544921875,129.17149353027344,111.14010620117188,180.0931854248047,200.8190460205078,134.2273406982422,53.70000076293945,,60.91968536376953,102.20732879638672,47.06621170043945,45.311458587646484,47.193782806396484,76.5831069946289,83.64160919189453,84.07884216308594,92.64331817626953
2021-09-02,388.2231140136719,218.49986267089844,369.1741638183594,151.48631286621094,104.32597351074219,214.6403045654297,133.01113891601562,71.9128646850586,91.8022232055664,65.0579833984375,116.06169891357422,300.6419372558594,79.95547485351562,130.00741577148438,111.8360595703125,181.0349578857422,202.52413940429688,135.66818237304688,54.0,,60.990413665771484,101.97757720947266,47.814247131347656,45.525516510009766,46.98039245605469,76.59986114501953,83.63912963867188,84.07884216308594,92.65170288085938
2021-09-03,388.07403564453125,218.4252471923828,370.30963134765625,151.9416961669922,103.68183135986328,213.6468963623047,133.0017547607422,71.89447784423828,91.33161163330078,65.0025863647461,116.37342834472656,299.7235412597656,79.68767547607422,129.3899688720703,111.22534942626953,180.8748321533203,203.51954650878906,133.34295654296875,54.119998931884766,,61.1777458190918,102.17971801757812,46.73535919189453,45.74813461303711,47.229347229003906,76.5831069946289,83.64160919189453,84.09564208984375,92.64331817626953
2021-09-07,386.639404296875,217.4836883544922,370.83367919921875,152.1548309326172,102.7339859008789,212.1754608154297,131.9575958251953,71.1228256225586,90.68671417236328,64.43949890136719,115.44802856445312,297.22967529296875,78.77909088134766,127.97455596923828,110.04177856445312,179.37742614746094,202.65223693847656,132.62744140625,54.02000045776367,,61.235084533691406,102.1353530883789,47.055538177490234,45.6368293762207,47.504966735839844,76.5831069946289,83.64585876464844,84.09564208984375,92.64331817626953
2021-09-08,386.2668151855469,216.97088623046875,369.54290771484375,151.64134216308594,101.86898803710938,209.8605499267578,131.7600860595703,71.4719009399414,90.39913940429688,64.3471908569336,114.71747589111328,293.24700927734375,78.62605285644531,127.11961364746094,109.28429412841797,177.7481689453125,199.3407440185547,131.47479248046875,53.22999954223633,,60.45136642456055,101.65019989013672,46.47146224975586,45.302894592285156,46.811466217041016,76.5831069946289,83.64160919189453,84.07884216308594,92.65170288085938
2021-09-09,384.53399658203125,216.2157745361328,368.27154541015625,151.10842895507812,101.6113052368164,209.7574462890625,131.26148986816406,70.99419403076172,90.08540344238281,64.1349105834961,114.91230773925781,293.8946838378906,78.51129913330078,126.77769470214844,109.16593933105469,177.7481689453125,200.2770538330078,131.9815673828125,53.119998931884766,,60.45136642456055,101.63935852050781,46.85567092895508,45.25151824951172,46.72254943847656,76.5831069946289,83.63495635986328,84.07884216308594,92.65170288085938
2021-09-10,381.5621643066406,214.5003662109375,365.4764709472656,149.9844970703125,100.5806655883789,207.70492553710938,130.584228515625,70.60835266113281,89.47535705566406,63.71950912475586,114.33757781982422,291.2170104980469,78.0330810546875,125.79923248291016,108.16230773925781,176.27903747558594,201.0457763671875,130.88851928710938,53.75400161743164,,60.03084182739258,101.18775177001953,46.575279235839844,45.12309646606445,46.669212341308594,76.59146118164062,83.64585876464844,84.09564208984375,92.64331817626953
2021-09-13,382.45654296875,214.9851837158203,365.2242431640625,149.8682861328125,101.3444595336914,208.8858184814453,130.45252990722656,70.41545867919922,90.45142364501953,63.78413772583008,113.61676025390625,291.6036682128906,78.16697692871094,126.26465606689453,108.56470489501953,176.54275512695312,203.6969451904297,130.2525634765625,53.18899917602539,,59.80909729003906,101.23902130126953,46.36571502685547,45.46558380126953,46.79368209838867,76.59146118164062,83.64160919189453,84.09564208984375,92.64331817626953
2021-09-14,380.4722900390625,213.6892852783203,364.1858215332031,149.44192504882812,100.04692840576172,206.22415161132812,129.85987854003906,70.1122817993164,89.4056167602539,63.405670166015625,113.23686218261719,288.24932861328125,77.6409683227539,124.94427490234375,107.35748291015625,174.59327697753906,203.3421630859375,128.17576599121094,52.676998138427734,,59.49561309814453,100.731201171875,45.716636657714844,45.26865005493164,46.4024772644043,76.5831069946289,83.63746643066406,84.08724975585938,92.64331817626953
2021-09-15,383.6490783691406,215.45132446289062,366.8935241699219,150.527099609375,101.12358856201172,208.08920288085938,130.6782989501953,70.45220947265625,90.56470489501953,63.95029067993164,114.05509185791016,291.31365966796875,78.26262664794922,126.0652084350586,108.346923828125,176.3543701171875,204.2784423828125,129.60667419433594,53.04600143432617,,59.74888610839844,101.27157592773438,46.182334899902344,45.448463439941406,46.39358139038086,76.5831069946289,83.64585876464844,84.08724975585938,92.64331817626953
2021-09-16,382.9875183105469,215.25550842285156,367.145751953125,150.6336669921875,100.74629974365234,208.23915100097656,130.4807586669922,70.26846313476562,90.3119888305664,63.94104766845703,114.79540252685547,292.1643371582031,78.33912658691406,125.80873107910156,108.18596649169922,176.78761291503906,205.60890197753906,130.1730499267578,53.077999114990234,40.434837341308594,59.791900634765625,101.56146240234375,46.463706970214844,45.32002639770508,45.86901092529297,76.59146118164062,83.64585876464844,84.08724975585938,92.65170288085938
2021-09-17,379.233154296875,213.53074645996094,362.7979736328125,148.8896942138672,100.69107818603516,208.5109405517578,129.08851623535156,69.71726989746094,89.76292419433594,63.46106719970703,114.19148254394531,292.5122985839844,77.85138702392578,125.84669494628906,108.22859191894531,176.38262939453125,202.64242553710938,132.0411834716797,53.029998779296875,40.23540496826172,59.54722213745117,100.7154312133789,47.11375045776367,44.754913330078125,45.67340850830078,76.5831069946289,83.64160919189453,84.07884216308594,92.64331817626953
2021-09-20,373.0380859375,209.82958984375,355.3014831542969,145.8789520263672,98.97025299072266,203.5531005859375,127.01904296875,69.0558090209961,88.08098602294922,62.4918212890625,112.21409606933594,284.79833984375,76.65586853027344,123.5003890991211,106.10292053222656,172.7850799560547,197.17430114746094,127.94720458984375,51.35300064086914,39.357906341552734,58.119327545166016,98.88729858398438,45.328548431396484,43.90399932861328,44.44644546508789,76.59146118164062,83.63912963867188,84.07884216308594,92.64331817626953
2021-09-21,372.6748046875,209.8109588623047,355.7386474609375,145.92742919921875,98.78621673583984,203.8624267578125,126.91561126708984,69.01908874511719,87.62779998779297,62.43645095825195,112.41863250732422,286.27734375,76.77062225341797,123.36738586425781,106.0698013305664,173.60443115234375,197.83477783203125,129.42779541015625,51.779998779296875,39.64707946777344,58.29136657714844,99.258056640625,45.97859573364258,44.28218460083008,44.775413513183594,76.5831069946289,83.64160919189453,84.09564208984375,92.64331817626953
2021-09-22,376.27069091796875,211.92723083496094,359.0614013671875,147.30479431152344,100.38739776611328,207.03016662597656,127.75277709960938,69.35897827148438,88.53414916992188,63.027217864990234,113.83106994628906,290.83026123046875,77.66966247558594,125.26726531982422,107.65100860595703,175.7422332763672,203.30584716796875,129.7954864501953,52.88600158691406,40.095802307128906,58.845706939697266,100.34861755371094,45.91067886352539,44.5228385925293,45.33555221557617,76.5831069946289,83.64160919189453,84.07884216308594,92.64331817626953
2021-09-23,380.81695556640625,214.50967407226562,362.3744812011719,148.643310546875,102.09901428222656,210.69468688964844,129.06980895996094,69.83668518066406,89.75423431396484,63.86720657348633,115.1850357055664,296.27264404296875,78.53997802734375,126.93914794921875,109.08546447753906,178.0778045654297,206.0659637451172,132.23001098632812,53.71799850463867,40.61432647705078,59.677207946777344,101.62259674072266,47.0361328125,45.06435012817383,45.691192626953125,76.59146118164062,83.63833618164062,84.07884216308594,92.64331817626953
2021-09-24,381.45037841796875,214.76593017578125,362.71453857421875,148.8275909423828,101.96129608154297,209.67848205566406,129.0489959716797,69.7776870727539,89.85869598388672,63.81907653808594,114.9344253540039,294.211669921875,78.18367767333984,126.25711059570312,108.65938568115234,177.56573486328125,205.37594604492188,129.54705810546875,53.40299987792969,40.414894104003906,59.274593353271484,101.49441528320312,46.16875457763672,44.65176773071289,45.148841857910156,76.5831069946289,83.64160919189453,84.07884216308594,92.6349105834961
2021-09-27,380.3697509765625,214.29832458496094,359.8192443847656,147.644287109375,103.83782958984375,212.86526489257812,128.24696350097656,69.09529876708984,90.81546783447266,63.73575210571289,113.80323028564453,296.8822326660156,78.46145629882812,127.83833312988281,109.94708251953125,178.1881866455078,205.67169189453125,131.07733154296875,53.13999938964844,40.07486343383789,58.989891052246094,101.0210952758789,46.90999984741211,44.65176773071289,45.44224548339844,76.5831069946289,83.64160919189453,84.07884216308594,92.6349105834961
2021-09-28,372.7679443359375,209.80918884277344,349.63720703125,143.59967041015625,102.3587875366211,208.0240020751953,125.51065826416016,68.03484344482422,89.75335693359375,62.56934356689453,110.33158111572266,288.0672912597656,76.91941833496094,125.5046157836914,107.79301452636719,173.783935546875,197.62777709960938,126.93363952636719,51.507999420166016,38.749637603759766,57.54433822631836,98.28284454345703,45.238319396972656,43.663330078125,44.85543441772461,76.5831069946289,83.63746643066406,84.08724975585938,92.6349105834961
2021-09-29,373.35491943359375,209.9495086669922,349.0640563964844,143.2310333251953,102.6730728149414,207.5821533203125,125.68051147460938,68.45902252197266,89.82359313964844,62.62489318847656,109.88301086425781,286.4513854980469,76.75657653808594,125.69512939453125,108.00909423828125,173.0860595703125,194.30572509765625,124.83696746826172,50.7859992980957,38.261024475097656,57.180076599121094,97.69811248779297,44.102195739746094,43.52580642700195,44.43755340576172,76.59146118164062,83.64585876464844,84.07884216308594,92.6349105834961
2021-09-30,368.6256103515625,207.67689514160156,347.78155517578125,142.6879119873047,100.93521881103516,205.6362762451172,124.29352569580078,67.77664947509766,88.39278411865234,61.884307861328125,109.28814697265625,284.0807189941406,75.8467025756836,123.86628723144531,106.66522216796875,171.9826202392578,195.15347290039062,124.91645812988281,51.20000076293945,38.3707160949707,57.132144927978516,97.2267837524414,44.34183883666992,43.396881103515625,44.79319763183594,76.59146118164062,83.64160919189453,84.07884216308594,92.64331817626953
2021-10-01,373.0371398925781,210.5386962890625,349.9383850097656,143.58023071289062,102.92268371582031,208.9546356201172,125.55786895751953,68.15470886230469,89.19155883789062,62.5230598449707,110.26331329345703,288.038330078125,76.67041015625,126.13329315185547,108.31777954101562,174.29318237304688,196.36599731445312,125.3735580444336,51.2599983215332,38.61003494262695,57.45039367675781,98.345947265625,44.600887298583984,43.52580642700195,44.748748779296875,76.59146118164062,83.63581085205078,84.08724975585938,92.6349105834961
2021-10-04,368.4480285644531,207.3682861328125,342.5933532714844,140.65098571777344,102.56216430664062,207.0557098388672,123.50091552734375,67.57377624511719,88.98968505859375,61.93061065673828,107.84487915039062,283.1324462890625,75.78923797607422,124.79023742675781,107.18756866455078,171.53936767578125,190.95407104492188,122.44216918945312,49.698001861572266,37.37355422973633,56.183135986328125,96.29988098144531,43.932403564453125,43.12184143066406,44.09080505371094,76.57472229003906,83.64083862304688,84.08724975585938,92.62651062011719
2021-10-05,372.02764892578125,209.30419921875,347.21795654296875,142.4647979736328,102.83946228027344,207.77017211914062,124.95398712158203,67.9887466430664,89.65679931640625,62.439754486083984,108.94682312011719,284.758056640625,75.99037170410156,124.96172332763672,107.48198699951172,172.68051147460938,192.9847869873047,122.81977844238281,50.369998931884766,37.782386779785156,56.718990325927734,97.13607025146484,43.80045700073242,43.371089935302734,44.4019889831543,76.5831069946289,83.64411926269531,84.07884216308594,92.6349105834961
2021-10-06,373.6820373535156,210.17393493652344,349.4429016113281,143.4347381591797,102.10918426513672,206.6890869140625,125.3313980102539,68.30226135253906,89.33201599121094,62.6804313659668,109.53192901611328,283.62591552734375,76.00953674316406,124.48545837402344,106.9833755493164,172.8125,193.4480743408203,121.51803588867188,50.65999984741211,37.94193649291992,56.75541687011719,97.71192169189453,43.16108703613281,43.053077697753906,44.153038024902344,76.5831069946289,83.63581085205078,84.08724975585938,92.6349105834961
2021-10-07,376.8971862792969,212.19406127929688,352.6490783691406,144.6956329345703,103.66219329833984,209.87583923339844,126.53913116455078,68.91087341308594,90.34146118164062,63.25439453125,110.98495483398438,288.4156494140625,77.2354965209961,126.4000015258789,108.72140502929688,175.70785522460938,196.93772888183594,123.1278305053711,51.7599983215332,38.69977569580078,57.745643615722656,99.28763580322266,43.471553802490234,43.41407012939453,45.01547622680664,76.5831069946289,83.63581085205078,84.07046508789062,92.64331817626953
2021-10-08,376.1868896484375,211.72645568847656,350.8905334472656,143.9875946044922,102.98738861083984,208.296630859375,126.4164810180664,68.625,90.32391357421875,63.08774948120117,110.029296875,285.0386962890625,76.58419799804688,125.33317565917969,107.80966186523438,174.28375244140625,194.73948669433594,122.6607894897461,51.78900146484375,38.390663146972656,57.500244140625,98.79066467285156,43.24549102783203,43.422664642333984,45.18439865112305,76.5831069946289,83.64501953125,84.07046508789062,92.64331817626953
2021-10-11,373.4483337402344,210.20205688476562,348.1993408203125,142.8915557861328,102.4050064086914,207.10272216796875,125.66162109375,68.26538848876953,89.70068359375,62.689693450927734,109.38565826416016,283.2292785644531,76.21065521240234,124.48545837402344,107.14485168457031,173.25575256347656,193.2903594970703,123.28681182861328,51.32400131225586,37.961875915527344,57.17623519897461,97.6251449584961,43.38520431518555,43.29374313354492,45.09549331665039,76.5831069946289,83.63997650146484,84.07884216308594,92.6349105834961
2021-10-12,372.70068359375,210.05239868164062,346.98480224609375,142.4066162109375,102.68232727050781,208.2401885986328,125.38802337646484,68.28382873535156,89.21790313720703,62.819297790527344,110.15605163574219,285.46441650390625,76.71827697753906,125.01882934570312,107.43449401855469,174.57614135742188,192.3046112060547,123.82339477539062,51.292999267578125,38.161312103271484,57.28551483154297,97.63304138183594,43.75388717651367,43.276554107666016,44.864322662353516,76.5831069946289,83.63997650146484,84.07046508789062,92.64331817626953
2021-10-13,373.89703369140625,211.00631713867188,349.76348876953125,143.5026397705078,102.64533233642578,209.2272491455078,126.32212829589844,68.69876861572266,89.19155883789062,63.10626220703125,111.51153564453125,287.53509521484375,77.12056732177734,125.29508209228516,107.69569396972656,176.3019561767578,194.06915283203125,124.22088623046875,51.731998443603516,38.669864654541016,57.789737701416016,98.51751708984375,43.947933197021484,43.757877349853516,45.48670196533203,76.5831069946289,83.63997650146484,84.07884216308594,92.64331817626953
2021-10-14,380.1778564453125,214.513427734375,356.2049560546875,146.16026306152344,104.02272033691406,212.3294219970703,128.60546875,69.70391845703125,90.78035736083984,64.13380432128906,113.57892608642578,291.8313293457031,78.63384246826172,126.94293975830078,109.01580047607422,178.9237823486328,199.28384399414062,126.29767608642578,52.808998107910156,39.33796310424805,58.507720947265625,99.93644714355469,44.43691635131836,44.2306022644043,45.62895202636719,76.57472229003906,83.63997650146484,84.07884216308594,92.64331817626953
2021-10-15,383.140625,215.78533935546875,358.4493103027344,147.10108947753906,103.53276824951172,211.6619873046875,129.32261657714844,69.81455993652344,91.25434875488281,64.43929290771484,113.84222412109375,290.7959899902344,78.7296142578125,126.28572082519531,108.55518341064453,178.95208740234375,199.5894775390625,124.29043579101562,53.380001068115234,39.547367095947266,58.87678146362305,100.80317687988281,43.88777542114258,44.58301544189453,46.180198669433594,76.5831069946289,83.63997650146484,84.07046508789062,92.62651062011719
2021-10-18,384.3089904785156,216.5709228515625,362.0538024902344,148.5657196044922,103.70842742919922,211.53973388671875,130.03970336914062,69.91600036621094,91.0173568725586,64.54113006591797,114.84664916992188,290.8830261230469,79.06485748291016,126.52383422851562,108.69290924072266,179.6499786376953,200.97940063476562,121.69691467285156,54.12300109863281,39.76673889160156,59.15669250488281,101.4175033569336,42.78657913208008,44.419700622558594,46.06461715698242,76.57472229003906,83.64749908447266,84.07884216308594,92.62651062011719
2021-10-19,387.2998352050781,218.15147399902344,364.7935485839844,149.62298583984375,103.87480926513672,212.3294219970703,131.15309143066406,70.47848510742188,91.55281829833984,64.95770263671875,115.4122543334961,292.7311706542969,79.46712493896484,127.1429672241211,109.22950744628906,180.5552978515625,204.2916259765625,122.89925384521484,54.77399826049805,40.384979248046875,59.8641357421875,102.25367736816406,43.01361083984375,44.729122161865234,46.6781005859375,76.57472229003906,83.63997650146484,84.07046508789062,92.62651062011719
2021-10-20,388.8045654296875,219.00253295898438,364.3175964355469,149.4774932861328,104.66053771972656,213.739501953125,131.587158203125,70.86579132080078,92.4920425415039,65.39277648925781,115.6072998046875,293.6213684082031,79.83106994628906,127.66682434082031,109.66639709472656,181.37588500976562,203.82827758789062,122.48191833496094,54.8489990234375,40.305206298828125,59.95998764038086,102.42131042480469,42.76717758178711,44.883846282958984,46.669212341308594,76.57472229003906,83.63997650146484,84.07046508789062,92.6349105834961
2021-10-21,389.7579650878906,219.60107421875,366.54241943359375,150.41831970214844,104.77145385742188,214.2847442626953,132.27587890625,71.19774627685547,92.16727447509766,65.64271545410156,116.88477325439453,295.2760314941406,80.42491149902344,128.00978088378906,109.88482666015625,182.4132080078125,207.39678955078125,123.05825805664062,55.191001892089844,40.57443618774414,60.11336898803711,102.9518051147461,43.158172607421875,44.66036605834961,46.366912841796875,76.57472229003906,83.64836120605469,84.07884216308594,92.62651062011719
2021-10-22,389.36541748046875,219.18026733398438,363.4626159667969,149.1379852294922,104.836181640625,213.777099609375,132.228759765625,71.48361206054688,91.57036590576172,65.73532104492188,116.47521209716797,294.0858459472656,80.5110855102539,127.95258331298828,109.93704986572266,181.37588500976562,204.80418395996094,123.39612579345703,54.525001525878906,40.3450927734375,59.75388717651367,102.2684555053711,42.971893310546875,44.86665725708008,46.26911163330078,76.57472229003906,83.64501953125,84.07046508789062,92.6349105834961
2021-10-25,391.3843078613281,220.5269317626953,367.18365478515625,150.68019104003906,105.71435546875,215.80758666992188,132.94580078125,71.57582092285156,91.72836303710938,65.81861877441406,116.89454650878906,297.29833984375,80.90379333496094,129.04800415039062,110.84880828857422,182.7621612548828,208.00791931152344,123.60478973388672,55.0629997253418,40.504634857177734,60.23798751831055,102.39862823486328,43.1348876953125,44.83226776123047,46.50917434692383,76.5831069946289,83.63160705566406,84.07884216308594,92.62651062011719
2021-10-26,391.7581481933594,220.4427490234375,368.3398742675781,151.08758544921875,104.73448181152344,214.18128967285156,132.58731079101562,71.56659698486328,91.1314697265625,65.74456024169922,116.34843444824219,295.51788330078125,80.5302505493164,128.4288787841797,110.36444854736328,181.66819763183594,207.29815673828125,123.2271957397461,55.11899948120117,40.295230865478516,60.055850982666016,102.18661499023438,43.07473373413086,44.918209075927734,46.26911163330078,76.56633758544922,83.63997650146484,84.07046508789062,92.6349105834961
2021-10-27,390.05712890625,218.93704223632812,369.1948547363281,151.5143280029297,102.68232727050781,210.2425079345703,131.61541748046875,70.81968688964844,89.67436218261719,64.90216827392578,114.86616516113281,290.29278564453125,79.60120391845703,126.06661987304688,108.35099029541016,178.3013458251953,207.43618774414062,121.448486328125,54.2400016784668,39.856483459472656,59.48069381713867,100.5911865234375,42.383941650390625,44.67755889892578,45.89568328857422,76.56633758544922,83.6341323852539,84.07465362548828,92.6349105834961
2021-10-28,393.8704528808594,221.275146484375,373.2947692871094,153.16323852539062,104.66978454589844,214.43515014648438,132.85150146484375,71.28075408935547,90.78910827636719,65.5501708984375,116.34843444824219,297.08538818359375,81.18154907226562,128.95277404785156,110.78709411621094,181.3003387451172,217.6291046142578,125.3735580444336,56.12900161743164,40.27529525756836,60.35013961791992,101.14929962158203,43.41625213623047,45.133094787597656,45.94013977050781,76.5831069946289,83.63581085205078,84.06204223632812,92.6349105834961
2021-10-29,394.5714416503906,221.56503295898438,375.1310729980469,153.9779815673828,104.51263427734375,214.3787078857422,133.87994384765625,71.51128387451172,90.58724212646484,65.5501708984375,117.08956909179688,297.4627685546875,81.59339141845703,129.07662963867188,111.0530014038086,181.4324188232422,218.16140747070312,124.02214050292969,56.108001708984375,40.195526123046875,60.46421432495117,100.81108093261719,43.041748046875,44.79789352416992,45.273311614990234,76.5831069946289,83.63997650146484,84.06204223632812,92.61815643310547
2021-11-01,395.4032897949219,222.6686553955078,376.4135437011719,154.433837890625,106.9345703125,219.93443298339844,133.6157684326172,71.42828369140625,91.7107925415039,65.93896484375,117.89897155761719,305.2133483886719,83.0683822631836,131.5340576171875,112.96199798583984,184.54461669921875,224.3619384765625,128.77195739746094,56.91600036621094,40.84366989135742,61.21574783325195,101.57921600341797,44.54267120361328,45.21904754638672,45.62895202636719,76.5831069946289,83.64248657226562,84.06204223632812,92.61815643310547
2021-11-02,396.9361267089844,223.36070251464844,377.9874267578125,155.083740234375,106.82363891601562,220.39505004882812,134.38006591796875,71.80636596679688,91.93901824951172,66.10560607910156,117.86972045898438,305.4842529296875,82.95343780517578,131.5340576171875,112.97148132324219,184.4031524658203,226.50106811523438,130.43141174316406,57.191001892089844,40.80378341674805,61.091129302978516,101.0950698852539,45.26063537597656,45.11591339111328,45.219970703125,76.56633758544922,83.65087127685547,84.07046508789062,92.62651062011719
2021-11-03,399.3287658691406,224.94122314453125,382.0,156.7714385986328,109.15311431884766,224.3338623046875,135.0216522216797,71.99079132080078,92.82559204101562,66.4018325805664,118.093994140625,310.9996337890625,83.51853942871094,133.9916229248047,115.23185729980469,186.4779510498047,229.62596130371094,133.30319213867188,57.71500015258789,40.84366989135742,61.82924270629883,102.36214447021484,46.472434997558594,45.42532730102539,45.433353424072266,76.56633758544922,83.65087127685547,84.06204223632812,92.61815643310547
2021-11-04,401.1980895996094,225.7922821044922,386.8966979980469,158.75978088378906,108.87581634521484,224.249267578125,136.540771484375,72.08301544189453,92.69392395019531,66.392578125,118.776611328125,312.6445617675781,83.64307403564453,134.26785278320312,115.44554901123047,186.32705688476562,234.1802520751953,132.36911010742188,58.31700134277344,41.2026481628418,62.17434310913086,103.49117279052734,46.37638473510742,45.39095687866211,45.326663970947266,76.57472229003906,83.64248657226562,84.06204223632812,92.6349105834961
2021-11-05,402.5627136230469,226.66204833984375,387.265869140625,158.90524291992188,111.21453857421875,227.31387329101562,136.62567138671875,71.723388671875,93.54537200927734,66.69805145263672,118.52308654785156,315.17974853515625,83.70052337646484,136.630126953125,117.44952392578125,187.53424072265625,235.74761962890625,130.49105834960938,58.1619987487793,41.39210510253906,61.95866394042969,103.40143585205078,46.13383102416992,45.485496520996094,45.273311614990234,76.57472229003906,83.64248657226562,84.07046508789062,92.62651062011719
2021-11-08,403.0487365722656,227.03614807128906,386.74127197265625,158.7016143798828,111.22378540039062,228.01885986328125,136.79550170898438,71.78793334960938,93.88771057128906,66.92948913574219,119.63477325439453,316.7473449707031,83.92081451416016,136.80157470703125,117.57772827148438,188.6093292236328,238.72463989257812,129.68617248535156,58.86000061035156,41.72117233276367,62.259647369384766,104.22675323486328,45.87187194824219,45.51129150390625,45.691192626953125,76.5831069946289,83.6466293334961,84.07046508789062,92.61815643310547
2021-11-09,401.63739013671875,226.38143920898438,384.0792236328125,157.6249542236328,111.06661987304688,226.6934051513672,136.89930725097656,71.74182891845703,93.77359771728516,66.9942855834961,119.9760971069336,315.20880126953125,83.80587005615234,136.48724365234375,117.34503173828125,188.25096130371094,235.84619140625,127.81802368164062,58.70600128173828,41.80094528198242,61.72572326660156,103.86882019042969,45.107337951660156,45.3995475769043,45.51337432861328,76.56633758544922,83.64248657226562,84.07884216308594,92.61815643310547
2021-11-10,398.4035339355469,224.15562438964844,378.4344177246094,155.3067626953125,109.8371810913086,223.1212158203125,135.57830810546875,71.723388671875,93.44881439208984,66.3740463256836,117.46015167236328,308.43548583984375,82.8193588256836,134.9155731201172,116.03913879394531,184.8086700439453,229.37950134277344,125.3934326171875,56.60100173950195,41.01319122314453,60.92337417602539,102.43905639648438,43.98868179321289,44.823673248291016,45.326663970947266,76.56633758544922,83.65087127685547,84.06204223632812,92.61815643310547
2021-11-11,398.5343933105469,224.42684936523438,379.4836120605469,155.72389221191406,110.68762969970703,224.9166717529297,135.78591918945312,71.62193298339844,94.08960723876953,66.50364685058594,117.88922119140625,310.8544616699219,83.30782318115234,135.73475646972656,116.59947204589844,185.99697875976562,235.79690551757812,125.5126724243164,57.93199920654297,41.47188186645508,61.19657516479492,102.72599792480469,44.076969146728516,44.97840118408203,46.109073638916016,76.57472229003906,83.64248657226562,84.06204223632812,92.61815643310547
2021-11-12,401.4971923828125,226.09156799316406,383.4768371582031,157.35336303710938,110.43804168701172,225.14230346679688,137.22950744628906,72.07378387451172,94.47581481933594,66.947998046875,119.32272338867188,311.98663330078125,83.75797271728516,135.85855102539062,116.83692169189453,187.14756774902344,237.1671142578125,125.74120330810547,58.47800064086914,41.92060470581055,61.72667694091797,103.8737564086914,43.92076873779297,45.28780746459961,46.233543395996094,76.57472229003906,83.64248657226562,84.06204223632812,92.62651062011719
2021-11-15,401.68414306640625,226.09156799316406,383.3893737792969,157.32427978515625,110.5119857788086,224.249267578125,137.2861328125,72.11988067626953,94.46704864501953,66.96652221679688,118.88388061523438,309.63531494140625,83.82502746582031,135.8300323486328,116.68022918701172,186.7515106201172,237.13754272460938,123.10794067382812,58.36399841308594,41.870750427246094,61.544551849365234,104.0127944946289,43.138771057128906,45.21045684814453,46.0823974609375,76.57472229003906,83.64248657226562,84.07884216308594,92.61815643310547
2021-11-16,403.2169494628906,227.06422424316406,386.1195068359375,158.46884155273438,110.78932189941406,224.66290283203125,137.84283447265625,72.33197784423828,94.14226531982422,67.27198028564453,120.21987915039062,310.94158935546875,84.18898010253906,136.52536010742188,117.29278564453125,187.88316345214844,241.5341033935547,123.72402954101562,58.494998931884766,42.19981002807617,61.86759948730469,104.80162811279297,43.266841888427734,45.1073112487793,46.14464569091797,76.56633758544922,83.63411712646484,84.07046508789062,92.61815643310547
2021-11-17,402.2449035644531,226.12896728515625,386.3235168457031,158.51727294921875,109.58759307861328,221.72055053710938,136.73890686035156,72.10144805908203,93.62438201904297,66.87393951416016,119.0301513671875,306.8872985839844,83.57601928710938,135.3156280517578,116.38105010986328,185.44998168945312,238.55706787109375,122.15402221679688,57.89899826049805,41.70123291015625,61.440067291259766,103.45074462890625,42.60514831542969,44.995574951171875,45.904571533203125,76.56633758544922,83.64248657226562,84.07046508789062,92.62651062011719
2021-11-18,403.6375427246094,226.48434448242188,390.32635498046875,160.1467742919922,109.40271759033203,220.7804718017578,136.9087371826172,71.93547821044922,93.10648345947266,66.56844329833984,118.39632415771484,304.9520568847656,83.2503433227539,134.6774139404297,115.77320098876953,184.45030212402344,239.9765625,121.448486328125,57.24300003051758,41.40208053588867,61.08058547973633,103.50596618652344,42.05891799926758,45.02996063232422,45.34444046020508,76.57472229003906,83.64248657226562,84.06204223632812,92.6349105834961
2021-11-19,402.88043212890625,225.83900451660156,392.50262451171875,161.0779266357422,108.11781311035156,218.76876831054688,137.22006225585938,71.85247039794922,92.32525634765625,66.25370788574219,117.89897155761719,302.52337646484375,83.21204376220703,133.7154083251953,114.88995361328125,182.97901916503906,241.58338928222656,121.15037536621094,57.125999450683594,41.29239273071289,61.06908416748047,103.3284683227539,41.81636047363281,44.68614959716797,45.273311614990234,76.57472229003906,83.64248657226562,84.06204223632812,92.62651062011719
2021-11-22,401.81494140625,224.75416564941406,387.9460144042969,159.2447509765625,108.82032775878906,217.8380889892578,136.17279052734375,71.57582092285156,93.36104583740234,65.91117858886719,115.85108947753906,298.38201904296875,82.76189422607422,133.9440155029297,115.255615234375,180.45156860351562,236.57565307617188,118.52704620361328,56.32699966430664,40.06589126586914,60.275367736816406,102.00420379638672,40.584190368652344,44.44548797607422,44.908775329589844,76.57472229003906,83.64248657226562,84.06204223632812,92.61815643310547
2021-11-23,402.3384094238281,224.8289794921875,386.17779541015625,158.47853088378906,108.92203521728516,217.4620819091797,136.37094116210938,71.68647003173828,93.93159484863281,65.93896484375,114.61260986328125,296.2920227050781,82.20635986328125,133.62965393066406,114.8757095336914,179.5367431640625,235.74761962890625,118.62640380859375,55.880001068115234,39.52742004394531,59.71171951293945,101.80205535888672,40.36006546020508,44.368133544921875,44.864322662353516,76.56633758544922,83.64752960205078,84.06204223632812,92.62651062011719
2021-11-24,403.3291015625,225.58651733398438,387.42144775390625,158.97315979003906,108.5799789428711,217.69708251953125,136.89930725097656,71.8616943359375,93.79116821289062,66.23518371582031,115.82183074951172,297.8595275878906,82.31172943115234,133.43914794921875,114.60028076171875,180.621337890625,238.94154357910156,119.29218292236328,56.185001373291016,39.81660079956055,60.006961822509766,102.81671142578125,40.82868576049805,44.13606643676758,44.80208969116211,76.57472229003906,83.65087127685547,84.07046508789062,92.60977935791016
2021-11-26,394.5527038574219,220.70462036132812,380.0764465332031,155.9663848876953,104.5033950805664,209.49046325683594,134.0497589111328,70.98564910888672,91.71959686279297,64.8281021118164,113.80323028564453,287.2641296386719,80.19503784179688,128.97183227539062,110.7348403930664,176.2076416015625,231.45953369140625,116.04281616210938,54.98899841308594,39.12855911254883,58.98701858520508,100.62076568603516,39.44709777832031,42.932743072509766,43.29949951171875,76.56633758544922,83.64248657226562,84.07046508789062,92.60977935791016
2021-11-29,399.3193664550781,222.7808380126953,388.3249206542969,159.32237243652344,104.2538070678711,209.35887145996094,135.7198486328125,71.56659698486328,91.99168395996094,65.3650131225586,114.75890350341797,287.2835388183594,80.5110855102539,128.88609313964844,110.79183959960938,176.53775024414062,239.6118621826172,114.32373046875,55.50600051879883,39.56730651855469,59.46152114868164,101.94800567626953,38.89794921875,43.13901901245117,43.46841812133789,76.57472229003906,83.6466293334961,84.07046508789062,92.61815643310547
2021-11-30,391.6739807128906,218.32913208007812,382.62176513671875,157.02359008789062,101.97052764892578,205.09100341796875,133.0684814453125,70.04508209228516,89.72701263427734,63.90238952636719,112.05765533447266,282.62933349609375,78.6434326171875,126.28572082519531,108.71665954589844,172.3126983642578,234.84068298339844,115.53604125976562,54.50899887084961,38.78952407836914,58.47513198852539,99.64655303955078,39.38597106933594,42.717857360839844,43.423973083496094,76.56633758544922,83.64248657226562,84.07046508789062,92.57618713378906
2021-12-01,387.1689453125,215.2522735595703,376.1123352050781,154.433837890625,100.45452117919922,200.47535705566406,131.20973205566406,69.56558990478516,89.18279266357422,62.550838470458984,108.61529541015625,275.1496887207031,77.15885925292969,124.3235092163086,107.06884002685547,167.34262084960938,234.1900634765625,111.42218017578125,53.50299835205078,37.8920783996582,57.39287567138672,97.0128173828125,37.871456146240234,42.494388580322266,43.58400344848633,76.57472229003906,83.64083099365234,84.07046508789062,92.60138702392578
2021-12-02,393.07598876953125,218.75,378.82305908203125,155.4910888671875,103.25545501708984,206.0687255859375,133.02130126953125,70.73668670654297,91.07880401611328,63.930171966552734,110.87767028808594,281.86492919921875,78.96906280517578,127.38109588623047,109.5191879272461,171.53936767578125,233.87460327148438,113.84677124023438,53.54999923706055,38.60006332397461,57.68812942504883,98.4100341796875,38.7281608581543,43.08745574951172,44.11748123168945,76.57472229003906,83.64083099365234,84.07046508789062,92.60977935791016
2021-12-03,389.59912109375,216.21551513671875,372.23583984375,152.8043212890625,102.04447937011719,201.8384552001953,131.8041229248047,70.63526153564453,91.02613830566406,63.300655364990234,108.1569595336914,274.249755859375,77.82930755615234,125.59037780761719,107.83814239501953,167.66322326660156,231.90306091308594,108.83859252929688,52.12699890136719,38.0516242980957,56.43429183959961,96.88658142089844,36.804222106933594,42.87257385253906,43.495094299316406,76.56633758544922,83.64498901367188,84.06204223632812,92.60138702392578
2021-12-06,394.2536315917969,218.9931640625,375.2184753417969,153.98765563964844,104.48489379882812,205.8900604248047,132.81373596191406,71.23465728759766,92.1058120727539,64.10604095458984,108.59577178955078,279.03948974609375,78.94032287597656,128.2097930908203,110.20299530029297,169.91720581054688,231.45953369140625,108.88827514648438,52.86000061035156,38.151336669921875,56.90208053588867,98.34101867675781,36.666446685791016,43.2851448059082,43.83295440673828,76.56633758544922,83.64498901367188,84.06204223632812,92.60138702392578
2021-12-07,402.3570251464844,223.67864990234375,386.5177307128906,158.7016143798828,105.93620300292969,210.66552734375,135.94631958007812,71.97233581542969,93.6156005859375,65.3650131225586,112.16490173339844,288.3575439453125,80.58773040771484,130.84828186035156,112.40164947509766,174.28375244140625,244.7674102783203,114.3138198852539,54.310001373291016,39.58425521850586,58.511558532714844,100.32791137695312,38.48851776123047,44.21342849731445,44.52646255493164,76.56633758544922,83.64334106445312,84.05367279052734,92.59297943115234
2021-12-08,403.4879455566406,224.64193725585938,388.2471618652344,159.3611297607422,106.3614273071289,212.1038055419922,136.11614990234375,72.06456756591797,93.4312744140625,65.827880859375,113.59843444824219,290.8055725097656,81.2581787109375,131.56268310546875,113.0902099609375,176.1981964111328,245.3195037841797,115.95340728759766,54.49700164794922,40.07585906982422,58.963050842285156,101.10098266601562,39.32290267944336,44.27358627319336,44.704288482666016,76.57472229003906,83.64083099365234,84.05367279052734,92.5845947265625
2021-12-09,400.7401428222656,222.50027465820312,382.5344543457031,157.09152221679688,104.64203643798828,207.30014038085938,135.01219177246094,71.80636596679688,92.97480010986328,65.05952453613281,111.17023468017578,282.5907287597656,79.64910888671875,129.0099334716797,110.9200439453125,172.21836853027344,238.61619567871094,111.07438659667969,53.380001068115234,39.09864044189453,58.1520881652832,99.68797302246094,37.849143981933594,43.886810302734375,44.49089813232422,76.56633758544922,83.64498901367188,84.04524230957031,92.60138702392578
2021-12-10,404.5628662109375,224.0153350830078,386.6927490234375,158.73069763183594,104.65129852294922,206.72671508789062,136.1067352294922,72.56249237060547,93.89649200439453,65.2724609375,110.86793518066406,280.92626953125,79.64910888671875,128.67649841308594,110.63987731933594,171.45445251464844,239.04006958007812,109.21620178222656,53.28099822998047,38.94906997680664,57.987205505371094,99.69290161132812,36.979827880859375,43.94697189331055,44.52646255493164,76.57472229003906,83.649169921875,84.05367279052734,92.59297943115234
2021-12-13,400.97381591796875,221.9765625,381.106201171875,156.42225646972656,102.91511535644531,203.7056427001953,135.10089111328125,72.87702941894531,92.77394104003906,64.77256774902344,110.01007080078125,276.59014892578125,79.11572265625,127.00027465820312,109.22950744628906,169.37022399902344,232.8395538330078,110.10057830810547,52.40800094604492,38.44051742553711,57.29509735107422,98.16352844238281,37.24372863769531,43.50002670288086,43.8203239440918,76.57472229003906,83.649169921875,84.06204223632812,92.60138702392578
2021-12-14,398.2445983886719,220.31182861328125,377.1617126464844,154.87030029296875,102.3289566040039,201.95181274414062,134.00328063964844,72.38676452636719,92.5353012084961,64.28192138671875,108.32166290283203,273.3938293457031,78.54012298583984,125.95087432861328,108.11354064941406,167.73867797851562,230.5230255126953,108.08338165283203,52.00699996948242,37.80233383178711,56.82538986206055,97.00985717773438,36.242462158203125,43.276554107666016,43.72111892700195,76.57472229003906,83.64498901367188,84.06204223632812,92.60138702392578
2021-12-15,404.4694519042969,223.7067108154297,385.7599792480469,158.21661376953125,103.65946960449219,205.15769958496094,136.69053649902344,73.4135971069336,93.56946563720703,65.0965576171875,110.23452758789062,279.48602294921875,79.58577728271484,127.88754272460938,109.89905548095703,170.1812744140625,238.53736877441406,112.67423248291016,53.189998626708984,38.4604606628418,57.76481246948242,98.43568420410156,37.76084899902344,43.80945587158203,43.5948600769043,76.57472229003906,83.64498901367188,84.05367279052734,92.59297943115234
2021-12-16,400.8148498535156,221.2003173828125,375.84033203125,154.3368377685547,101.89163208007812,201.00892639160156,134.97784423828125,73.52458190917969,94.1969985961914,64.70775604248047,108.05814361572266,271.2146301269531,78.20435333251953,125.18766784667969,107.66717529296875,166.61642456054688,225.6237335205078,109.64348602294922,51.68000030517578,37.592933654785156,56.87332534790039,96.77911376953125,36.80324935913086,43.81804656982422,43.64897155761719,76.56633758544922,83.65338134765625,84.05367279052734,92.60977935791016
2021-12-17,396.6557922363281,220.1902618408203,373.96527099609375,153.4930419921875,102.14285278320312,202.85704040527344,133.43553161621094,72.71975708007812,93.2689208984375,64.46707916259766,108.81940460205078,275.4375,78.4154052734375,125.9413070678711,108.40324401855469,168.10646057128906,227.4769744873047,114.88020324707031,52.27000045776367,37.762447357177734,57.017112731933594,96.97632598876953,38.42060089111328,43.31093215942383,43.43253707885742,76.57472229003906,83.649169921875,84.05367279052734,92.60138702392578
2021-12-20,392.36566162109375,217.09466552734375,370.3375549316406,152.0260467529297,100.72859954833984,200.0094451904297,131.61883544921875,72.37749481201172,92.17286682128906,63.62466049194336,107.16027069091797,271.7085876464844,77.31217956542969,124.57709503173828,107.24455261230469,165.57901000976562,224.16236877441406,115.05906677246094,51.441001892089844,37.2838134765625,56.029754638671875,95.57316589355469,38.342987060546875,43.100582122802734,42.7832145690918,76.56633758544922,83.6449966430664,84.06204223632812,92.59297943115234
2021-12-21,399.3289794921875,221.34996032714844,378.6258850097656,155.33668518066406,103.66875457763672,205.72341918945312,134.097900390625,72.90478515625,94.13511657714844,64.96695709228516,110.46878814697266,279.86383056640625,79.2308349609375,128.10699462890625,110.15152740478516,170.65281677246094,232.19004821777344,115.84408569335938,53.099998474121094,38.669864654541016,57.419715881347656,98.93165588378906,38.54285430908203,43.6417350769043,43.50468063354492,76.55795288085938,83.64836120605469,84.04524230957031,92.60138702392578
2021-12-22,403.3627624511719,223.53836059570312,383.237060546875,157.2395477294922,104.8783187866211,207.70355224609375,135.223876953125,73.42283630371094,94.83341979980469,65.39277648925781,111.43497467041016,282.13018798828125,80.02706909179688,129.78604125976562,111.57978820800781,172.0203094482422,234.73440551757812,115.78446960449219,53.35499954223633,38.959041595458984,57.93544387817383,99.72345733642578,38.49919128417969,44.086875915527344,43.71210861206055,76.55795288085938,83.649169921875,84.06204223632812,92.60138702392578
2021-12-23,405.8486633300781,225.08151245117188,386.1262512207031,158.491943359375,105.4458999633789,209.3630828857422,136.1417236328125,73.70036315917969,95.63777160644531,65.827880859375,112.2840576171875,285.1424865722656,80.51634216308594,130.558837890625,112.30818939208984,173.35011291503906,237.44647216796875,117.4737319946289,53.979000091552734,39.02884292602539,58.511558532714844,100.84855651855469,39.46067810058594,44.357452392578125,43.93757247924805,76.55795288085938,83.65667724609375,84.06204223632812,92.60138702392578
2021-12-27,411.6365661621094,228.03709411621094,392.50787353515625,161.064697265625,107.0183334350586,211.32431030273438,138.4126739501953,74.53292083740234,96.63655090332031,66.55738067626953,113.36736297607422,287.4670104980469,81.68670654296875,133.09652709960938,114.33629608154297,174.7393341064453,244.43856811523438,114.4429931640625,54.61600112915039,39.56730651855469,58.94915771484375,101.38003540039062,38.44292068481445,44.69786071777344,44.135963439941406,76.56633758544922,83.649169921875,84.04524230957031,92.60138702392578
2021-12-28,411.3269348144531,227.5677947998047,390.6886901855469,160.37542724609375,106.70197296142578,210.03253173828125,138.06253051757812,74.6439208984375,96.71613311767578,66.43640899658203,112.5085220336914,284.4644775390625,81.39891815185547,132.20932006835938,113.79356384277344,173.3756561279297,240.63185119628906,112.49536895751953,53.970001220703125,39.25818634033203,58.45301818847656,101.01419830322266,37.71428298950195,44.69786071777344,43.99166488647461,76.55795288085938,83.649169921875,84.04524230957031,92.59297943115234
2021-12-29,411.8241271972656,227.69923400878906,390.63031005859375,160.3365478515625,107.16717529296875,210.25885009765625,138.43157958984375,74.96770477294922,97.02548217773438,66.64111328125,112.76226043701172,284.5516357421875,81.91693115234375,133.20147705078125,114.41248321533203,173.45144653320312,241.20388793945312,112.0283203125,53.790000915527344,39.14849853515625,58.24189376831055,100.89292907714844,37.39216995239258,44.68914031982422,43.79327392578125,76.55795288085938,83.6449966430664,84.05367279052734,92.60138702392578
2021-12-30,410.6609191894531,227.33316040039062,389.46282958984375,159.71517944335938,106.67406463623047,210.2022705078125,138.06253051757812,74.9306869506836,96.86638641357422,66.62250518798828,112.90575408935547,285.1037292480469,81.71549987792969,132.5050506591797,113.84114837646484,173.6408233642578,239.84288024902344,112.52516174316406,54.03099822998047,39.30804443359375,58.66415023803711,101.08421325683594,37.85496520996094,44.58439636230469,44.294960021972656,76.56633758544922,83.6449966430664,84.06204223632812,92.60138702392578
2021-12-31,409.5352783203125,226.6104278564453,387.0309143066406,158.7831573486328,106.54379272460938,209.74969482421875,137.73135375976562,74.83818054199219,96.76032257080078,66.5201644897461,112.46649932861328,283.8349304199219,81.79224395751953,132.41917419433594,113.86022186279297,173.1673583984375,239.79360961914062,111.25325775146484,53.599998474121094,39.16345977783203,58.299476623535156,100.58428955078125,37.37858963012695,44.56694030761719,44.07840347290039,76.56633758544922,83.65338134765625,84.04524230957031,92.60138702392578
2022-01-03,412.04931640625,228.04647827148438,390.7567443847656,160.42393493652344,107.71614074707031,212.455810546875,137.36233520507812,74.37566375732422,98.20990753173828,66.40850067138672,111.30493927001953,287.3507995605469,81.7250747680664,133.14425659179688,114.52197265625,174.0669708251953,244.951416015625,114.71128845214844,53.882999420166016,39.01887130737305,58.75051498413086,101.18084716796875,38.66994857788086,44.8375129699707,44.39421463012695,76.55795288085938,83.649169921875,84.05367279052734,92.5845947265625
2022-01-04,411.8804016113281,227.61471557617188,385.68853759765625,158.31719970703125,108.5721435546875,212.1352081298828,137.2014617919922,74.12588500976562,99.89814758300781,66.57599639892578,109.71390533447266,284.5128479003906,81.61955261230469,133.7261962890625,114.80763244628906,172.66543579101562,242.1505889892578,110.65703582763672,53.46799850463867,38.161312103271484,58.18431091308594,100.6306381225586,37.143795013427734,45.00335693359375,44.240821838378906,76.56633758544922,83.6416244506836,84.05367279052734,92.5845947265625
2022-01-05,403.9911804199219,222.67776489257812,373.8397521972656,153.5405731201172,105.79015350341797,204.95028686523438,133.89915466308594,73.23780822753906,99.18221282958984,65.20817565917969,105.4678726196289,272.1154479980469,79.14448547363281,129.2708740234375,110.99895477294922,166.66146850585938,228.4622344970703,104.56574249267578,51.22999954223633,36.645626068115234,56.39934158325195,97.43582916259766,34.95013427734375,44.61058044433594,43.51896286010742,76.56633758544922,83.6449966430664,84.03683471679688,92.56782531738281
2022-01-06,403.4471435546875,222.6215057373047,373.5770568847656,153.35610961914062,106.47865295410156,206.11947631835938,134.022216796875,72.9325180053711,99.42086029052734,65.32914733886719,105.68260955810547,272.4737548828125,79.50904083251953,130.06272888183594,111.74165344238281,167.39065551757812,229.69491577148438,104.53592681884766,51.23400115966797,36.486083984375,56.47611618041992,97.52061462402344,34.35927200317383,44.36619186401367,43.71747970581055,76.56633758544922,83.649169921875,84.03683471679688,92.57618713378906
2022-01-07,402.0494384765625,221.60784912109375,369.5301208496094,151.71539306640625,105.28773498535156,203.7339324951172,132.76373291015625,72.66427612304688,99.74788665771484,65.00718688964844,103.95489501953125,267.437255859375,78.36743927001953,127.65853881835938,109.78492736816406,165.80917358398438,222.8408966064453,102.33987426757812,50.895999908447266,35.977535247802734,56.23619079589844,96.88460540771484,33.593772888183594,44.54948425292969,44.1144905090332,76.56633758544922,83.65338134765625,84.04524230957031,92.5845947265625
2022-01-10,401.5240478515625,221.22299194335938,369.7733459472656,151.8610382080078,104.85972595214844,203.0267333984375,132.16758728027344,72.47925567626953,99.85397338867188,64.8080825805664,103.88655853271484,266.429931640625,77.91655731201172,127.0193862915039,109.07556915283203,165.54403686523438,222.33790588378906,102.48892974853516,50.24399948120117,35.95759201049805,56.12104034423828,96.64205169677734,33.20762634277344,44.13924789428711,44.1144905090332,76.55795288085938,83.649169921875,84.03683471679688,92.5845947265625
2022-01-11,405.0419006347656,223.42869567871094,375.32818603515625,153.98715209960938,105.6226577758789,205.1859893798828,133.39768981933594,72.72904205322266,100.64063262939453,65.55245971679688,105.54595947265625,270.2266845703125,78.8087387084961,128.10699462890625,110.03726959228516,167.88311767578125,226.06573486328125,103.23418426513672,51.560001373291016,36.54591369628906,57.07111358642578,98.09253692626953,33.67430114746094,44.66294860839844,45.134117126464844,76.5495834350586,83.649169921875,84.03683471679688,92.56782531738281
2022-01-12,406.251953125,223.7759246826172,376.8164978027344,154.71534729003906,105.20398712158203,203.65846252441406,133.58694458007812,72.8122787475586,100.79973602294922,65.49663543701172,105.09693145751953,267.408203125,78.6072769165039,127.88754272460938,109.9229965209961,167.0308074951172,226.5391082763672,99.96497344970703,51.76900100708008,36.565853118896484,57.10084915161133,98.20099639892578,32.54690933227539,45.143009185791016,45.88304138183594,76.55795288085938,83.64836120605469,84.0284423828125,92.57618713378906
2022-01-13,400.65167236328125,220.50025939941406,367.3899841308594,150.93869018554688,105.1109390258789,201.79156494140625,131.6755828857422,72.07221984863281,101.06489562988281,64.70571899414062,102.2955551147461,262.6623229980469,77.70548248291016,126.98123168945312,109.01368713378906,164.14244079589844,219.8428497314453,97.48075103759766,50.35100173950195,35.259578704833984,55.79475021362305,96.21903228759766,31.396230697631836,44.8200569152832,45.23337173461914,76.56633758544922,83.6449966430664,84.03683471679688,92.57618713378906
2022-01-14,400.7736511230469,220.58480834960938,369.6761169433594,151.72506713867188,105.5947494506836,202.07440185546875,131.43902587890625,71.7669448852539,101.57754516601562,64.58475494384766,101.64154052734375,262.10052490234375,77.2546157836914,127.3247299194336,109.52786254882812,163.8678436279297,223.4325714111328,99.85565185546875,50.630001068115234,35.13991928100586,55.81203079223633,96.28608703613281,32.07149887084961,44.71532440185547,45.21533203125,76.56633758544922,83.65338134765625,84.0284423828125,92.5594253540039
2022-01-18,393.7474060058594,216.29542541503906,360.47332763671875,148.17176818847656,102.84999084472656,195.96437072753906,129.09237670898438,71.02690124511719,99.59762573242188,63.3751220703125,99.00605773925781,252.48284912109375,75.24964904785156,123.47991943359375,106.12861633300781,159.17076110839844,213.3635711669922,93.92333984375,49.316001892089844,34.47182083129883,54.61437225341797,93.94125366210938,30.019493103027344,44.060699462890625,44.41226577758789,76.5495834350586,83.65504455566406,84.0284423828125,92.51750946044922
2022-01-19,389.6104736328125,214.02410888671875,356.5140380859375,146.38540649414062,101.04495239257812,192.77734375,127.90962982177734,70.94364166259766,97.5469970703125,62.807533264160156,98.26421356201172,248.58920288085938,74.31906127929688,121.21888732910156,104.24808502197266,157.3619842529297,207.48580932617188,92.90978240966797,48.875999450683594,34.12281799316406,54.09615707397461,93.1188735961914,29.675065994262695,44.051971435546875,44.60174560546875,76.56633758544922,83.65338134765625,84.0284423828125,92.55104064941406
2022-01-20,385.323486328125,211.52745056152344,351.88348388671875,144.47283935546875,98.90495300292969,189.28857421875,126.24430084228516,70.277587890625,96.0531997680664,62.10968017578125,97.04407501220703,244.20162963867188,73.0335693359375,118.68119049072266,102.0438232421875,154.9376678466797,201.10511779785156,91.38945007324219,48.3849983215332,33.8735237121582,53.70269012451172,91.9937973022461,29.03666114807129,43.77266311645508,44.863426208496094,76.56633758544922,83.649169921875,84.01166534423828,92.5594253540039
2022-01-21,377.7532958984375,207.34146118164062,342.1262512207031,140.42434692382812,97.50930786132812,185.74327087402344,124.16263580322266,69.55604553222656,94.32957458496094,60.98379135131836,94.74049377441406,238.6324462890625,71.61377716064453,116.77312469482422,100.59651947021484,151.49066162109375,196.38121032714844,89.46168518066406,46.540000915527344,32.79658889770508,52.24400329589844,88.66586303710938,28.352657318115234,43.17040252685547,44.21375274658203,76.55795288085938,83.649169921875,84.0284423828125,92.5594253540039
2022-01-24,379.3292236328125,208.67422485351562,343.69244384765625,141.01654052734375,99.8260726928711,190.02403259277344,124.99528503417969,69.87055206298828,94.70083618164062,61.439720153808594,96.61461639404297,246.19686889648438,73.13910675048828,119.80694580078125,102.9388427734375,154.24636840820312,199.4976348876953,91.52854919433594,46.518001556396484,33.095741271972656,52.205623626708984,89.70220947265625,28.958072662353516,42.69035339355469,43.59115219116211,76.56633758544922,83.64083862304688,84.0284423828125,92.54266357421875
2022-01-25,374.7232971191406,205.75521850585938,335.72515869140625,137.68655395507812,98.7188491821289,187.48764038085938,123.19747161865234,68.7419662475586,94.17935180664062,60.5650749206543,93.61798095703125,239.95941162109375,71.52743530273438,117.78438568115234,101.2820816040039,150.8561248779297,191.420654296875,90.80315399169922,45.31800079345703,32.038753509521484,51.20757293701172,87.55655670166016,28.44676971435547,42.46340560913086,43.50994110107422,76.5495834350586,83.65087890625,84.01166534423828,92.54266357421875
2022-01-26,373.87896728515625,204.9574432373047,335.1998291015625,137.6768035888672,97.1650390625,184.78147888183594,122.90416717529297,67.91867065429688,93.33964538574219,60.025394439697266,92.55402374267578,236.1045684814453,70.80793762207031,116.191162109375,99.83953857421875,148.88638305664062,193.7875213623047,89.02445983886719,45.040000915527344,31.749574661254883,50.938865661621094,86.9540786743164,27.889863967895508,42.26265335083008,42.95951461791992,76.55795288085938,83.65338134765625,84.00324249267578,92.54266357421875
2022-01-27,371.984130859375,203.43695068359375,331.82427978515625,136.2690887451172,95.20183563232422,180.5855712890625,122.36481475830078,67.90015411376953,92.34967041015625,59.62528991699219,91.22652435302734,230.0220184326172,69.5704116821289,113.68207550048828,97.75430297851562,146.37689208984375,184.91177368164062,84.97022247314453,43.42900085449219,31.05156135559082,50.075164794921875,86.81307220458984,26.41222381591797,41.98334884643555,42.46324920654297,76.56633758544922,83.649169921875,84.00324249267578,92.5259017944336
2022-01-28,381.10223388671875,208.44895935058594,342.233154296875,140.46316528320312,96.78356170654297,184.10260009765625,125.66710662841797,69.5282974243164,93.7815933227539,60.81630325317383,93.96939086914062,235.7946014404297,71.25881958007812,115.89543151855469,99.33965301513672,149.93751525878906,189.172119140625,88.02083587646484,44.58000183105469,31.629915237426758,51.284339904785156,89.3294906616211,27.144737243652344,42.17536926269531,42.6707878112793,76.5495834350586,83.65667724609375,84.00324249267578,92.5259017944336
2022-01-31,388.0720520019531,212.87901306152344,353.1773376464844,144.95822143554688,98.85844421386719,189.75062561035156,128.15567016601562,70.36085510253906,94.85110473632812,62.2213249206543,97.92259979248047,245.7513427734375,73.30219268798828,118.88152313232422,102.16282653808594,155.50588989257812,201.716552734375,92.84021759033203,46.78900146484375,33.43477249145508,53.23245620727539,92.36553955078125,29.03957176208496,42.847450256347656,44.06938552856445,76.56633758544922,83.65338134765625,83.99906158447266,92.5259017944336
2022-02-01,390.6048889160156,214.50274658203125,355.58013916015625,145.95819091796875,99.50972747802734,191.74957275390625,128.88424682617188,70.46260833740234,95.24002838134766,62.77030563354492,98.94750213623047,248.99595642089844,74.15599060058594,119.75922393798828,103.03883361816406,157.4945526123047,203.44241333007812,94.3406982421875,47.54999923706055,33.84360885620117,53.65470886230469,93.6661376953125,29.630435943603516,43.27515411376953,44.3400764465332,76.55795288085938,83.65670776367188,84.00324249267578,92.53426361083984
2022-02-02,394.3291320800781,215.92005920410156,358.4693603515625,147.14263916015625,99.05380249023438,189.84487915039062,130.64419555664062,71.1749038696289,96.1239242553711,62.98432159423828,98.72299194335938,245.7513427734375,74.17518615722656,119.13911437988281,102.51990509033203,156.12139892578125,205.60215759277344,91.27018737792969,46.970001220703125,33.34502410888672,53.664302825927734,93.61979675292969,28.23623275756836,43.624271392822266,44.26789474487305,76.56633758544922,83.65084838867188,84.00324249267578,92.53426361083984
2022-02-03,385.16412353515625,210.7860107421875,343.9356384277344,141.23989868164062,97.66748046875,186.25244140625,126.65116119384766,70.34233856201172,94.91297912597656,61.746795654296875,95.8630142211914,239.58164978027344,72.75537872314453,117.2501449584961,100.75363159179688,152.0493621826172,195.20767211914062,88.87541961669922,44.93000030517578,32.07863235473633,51.917724609375,90.84505462646484,27.437744140625,42.92601013183594,43.79868698120117,76.56633758544922,83.65084838867188,84.01166534423828,92.54266357421875
2022-02-04,386.9744873046875,212.1844482421875,348.2743225097656,142.86119079589844,97.66748046875,187.0538787841797,126.21588134765625,70.16656494140625,94.1174545288086,62.081764221191406,97.20027160644531,241.85775756835938,73.17748260498047,117.40278625488281,101.01071166992188,154.293701171875,197.62384033203125,90.21688842773438,47.11000061035156,33.175514221191406,52.57700729370117,91.85771942138672,27.822919845581055,43.03948211669922,43.906959533691406,76.5495834350586,83.65003204345703,83.98646545410156,92.50909423828125
2022-02-07,385.6987609863281,211.64950561523438,345.4726257324219,141.84182739257812,97.76982879638672,187.97796630859375,125.69547271728516,70.01856994628906,94.47102355957031,62.12827682495117,97.22955322265625,243.17498779296875,73.09112548828125,117.26921844482422,100.9345474243164,154.7293243408203,197.5054931640625,92.66134643554688,47.36000061035156,33.15556716918945,52.34381103515625,91.59345245361328,28.732013702392578,43.1180305480957,43.816734313964844,76.5495834350586,83.65504455566406,83.99065399169922,92.50909423828125
2022-02-08,388.82244873046875,213.59234619140625,349.35418701171875,143.4339599609375,99.49113464355469,191.1837921142578,126.24430084228516,70.23133087158203,95.14278411865234,62.72379684448242,98.41063690185547,247.9983673095703,74.54930114746094,119.34899139404297,102.7579345703125,156.99266052246094,203.72840881347656,92.35332489013672,48.257999420166016,33.57437515258789,52.82939529418945,92.72643280029297,28.66215705871582,43.3275146484375,44.240821838378906,76.55795288085938,83.65337371826172,83.99486541748047,92.50909423828125
2022-02-09,394.5260314941406,217.0651092529297,356.7572937011719,146.40480041503906,100.6262435913086,194.81402587890625,128.66659545898438,71.06389617919922,96.61005401611328,64.00785827636719,101.33895874023438,254.38113403320312,76.07465362548828,121.21888732910156,104.13383483886719,160.68592834472656,211.6573944091797,96.64605712890625,49.88999938964844,34.87068557739258,54.220909118652344,95.05450439453125,29.98844337463379,44.017051696777344,44.93560791015625,76.5495834350586,83.65504455566406,83.9780502319336,92.50909423828125
2022-02-10,387.5936279296875,213.38584899902344,348.68292236328125,143.2203826904297,99.26782989501953,191.82501220703125,125.84689331054688,69.6392822265625,95.31956481933594,62.90058517456055,99.77718353271484,249.9742889404297,74.87549591064453,119.55889129638672,102.73890686035156,158.55520629882812,204.468017578125,93.76435089111328,48.67399978637695,34.40201950073242,53.29963684082031,93.6681137084961,29.101665496826172,43.5020751953125,44.63784408569336,76.5495834350586,83.65084838867188,83.95286560058594,92.45043182373047
2022-02-11,379.864013671875,209.2467041015625,337.6220397949219,138.64768981933594,98.98867797851562,189.88262939453125,123.23533630371094,68.93621826171875,94.285400390625,61.8398323059082,97.23931884765625,245.39297485351562,73.75306701660156,118.65257263183594,102.13426971435547,155.61004638671875,195.4640655517578,92.76072692871094,47.051998138427734,33.12565612792969,51.965702056884766,91.24834442138672,28.60588264465332,42.89982604980469,43.96110153198242,76.5495834350586,83.64250946044922,83.96125793457031,92.4755630493164
2022-02-14,378.62567138671875,208.4771270751953,338.0404052734375,138.8224639892578,98.78398132324219,189.22254943847656,122.5634994506836,68.60320281982422,93.44569396972656,61.43043518066406,96.59508514404297,244.8408966064453,73.49404907226562,118.15647888183594,101.58678436279297,154.89035034179688,195.76979064941406,91.2304458618164,46.76100158691406,33.05585479736328,51.52425765991211,90.88053894042969,27.96845245361328,42.64670944213867,43.65431213378906,76.54122161865234,83.65084838867188,83.95286560058594,92.45043182373047
2022-02-15,384.70440673828125,212.1844482421875,346.44549560546875,142.171875,100.92398834228516,194.29542541503906,124.7492904663086,69.08423614501953,94.95716857910156,62.51908874511719,99.15247344970703,252.763671875,75.00020599365234,120.82775115966797,103.8481674194336,159.20863342285156,207.88027954101562,95.03628540039062,48.29999923706055,34.31227493286133,53.13648986816406,93.37031555175781,29.459674835205078,43.353702545166016,44.60174560546875,76.55795288085938,83.65084838867188,83.96125793457031,92.45881652832031
2022-02-16,385.16412353515625,212.38162231445312,346.35784912109375,142.171875,101.24032592773438,194.70086669921875,124.99528503417969,68.88997650146484,94.97483825683594,62.52840042114258,98.93775177001953,252.26004028320312,74.93306732177734,120.99948120117188,103.94338989257812,158.97189331054688,209.1229248046875,94.05252075195312,47.83000183105469,34.11283874511719,52.88697814941406,93.01239013671875,29.136594772338867,43.536991119384766,44.92658615112305,76.55795288085938,83.65924835205078,83.9696273803711,92.46720886230469
2022-02-17,376.97467041015625,207.5572967529297,336.0558166503906,137.9680938720703,99.32364654541016,189.712890625,122.22286224365234,68.04817199707031,93.45453643798828,61.11406707763672,95.75564575195312,244.3372344970703,72.98561096191406,118.17555236816406,101.56297302246094,154.388427734375,200.27671813964844,90.03803253173828,46.18199920654297,32.90628433227539,51.505062103271484,90.17649841308594,27.82874298095703,42.87364959716797,44.403236389160156,76.5495834350586,83.65924835205078,83.9696273803711,92.49238586425781
2022-02-18,374.5638122558594,205.89599609375,332.2230529785156,136.41473388671875,98.77470397949219,188.08164978027344,121.4564437866211,67.88166809082031,92.90652465820312,60.58367919921875,94.38911437988281,240.95703125,72.49636840820312,117.52680969238281,101.01547241210938,152.35240173339844,197.6829833984375,88.82572937011719,45.39500045776367,32.27806854248047,50.60298538208008,89.02084350585938,27.33587074279785,42.64670944213867,43.96110153198242,76.55795288085938,83.65924835205078,83.98646545410156,92.50071716308594
2022-02-22,370.46441650390625,203.53079223632812,328.88629150390625,135.04580688476562,97.38833618164062,185.43209838867188,119.88571166992188,67.37287902832031,91.73979187011719,59.92304611206055,93.07137298583984,237.45083618164062,71.58499145507812,115.8763427734375,99.57771301269531,150.0322265625,194.8131866455078,88.12020111083984,44.51499938964844,31.520227432250977,49.806461334228516,87.62754821777344,27.185487747192383,42.2015495300293,43.3385009765625,76.55795288085938,83.65168762207031,83.9696273803711,92.48394775390625
2022-02-23,363.7947692871094,199.785888671875,320.4617919921875,131.52159118652344,95.96478271484375,181.96218872070312,117.93650817871094,66.49404907226562,90.59071350097656,58.825077056884766,90.65064239501953,231.77508544921875,70.41460418701172,113.94918823242188,97.91142272949219,146.79351806640625,190.4443359375,84.56279754638672,43.779998779296875,31.0017032623291,48.79882049560547,85.82898712158203,26.091081619262695,41.808780670166016,42.83320236206055,76.5495834350586,83.65924835205078,83.97382354736328,92.49238586425781
2022-02-24,369.38568115234375,203.28675842285156,331.23077392578125,135.89044189453125,97.58372497558594,186.73329162597656,120.1695785522461,67.17859649658203,90.90007781982422,59.86720275878906,94.50623321533203,241.21852111816406,72.04547119140625,116.50601196289062,100.01094818115234,151.10232543945312,201.10511779785156,88.43818664550781,45.64899826049805,31.889175415039062,50.06556701660156,88.1610107421875,27.437744140625,41.26763153076172,41.94892501831055,76.5495834350586,83.65084838867188,83.98646545410156,92.49238586425781
2022-02-25,377.453125,207.8107452392578,336.3671875,138.0943145751953,99.77027130126953,190.9386749267578,123.13124084472656,68.68644714355469,93.30427551269531,61.32806396484375,96.46820068359375,245.97413635253906,73.93535614013672,118.83380889892578,102.06761932373047,154.67251586914062,203.3141632080078,89.23314666748047,46.65999984741211,32.467533111572266,51.025230407714844,89.8580093383789,27.701641082763672,42.306297302246094,42.724918365478516,76.5495834350586,83.65924835205078,83.98646545410156,92.50071716308594
2022-02-28,376.5055847167969,207.58544921875,337.369140625,138.6282501220703,100.21685791015625,191.71188354492188,122.89468383789062,68.20543670654297,92.8093032836914,61.19779586791992,96.71221923828125,247.10733032226562,73.98332977294922,119.4062271118164,102.53894805908203,155.5911102294922,203.71853637695312,89.262939453125,47.36600112915039,32.27806854248047,51.20757293701172,89.78898620605469,27.646339416503906,41.71276092529297,42.16548156738281,76.5495834350586,83.65924835205078,83.98646545410156,92.49238586425781
2022-03-01,370.8583679199219,204.3473663330078,332.20361328125,136.32733154296875,98.3559799194336,188.1005401611328,121.26719665527344,67.95568084716797,91.06802368164062,60.24871826171875,95.32613372802734,242.4776611328125,72.78414916992188,117.21197509765625,100.8250503540039,152.9395294189453,195.68101501464844,88.52762603759766,45.91600036621094,31.939035415649414,50.45903396606445,87.94901275634766,27.35042381286621,40.89230728149414,41.606040954589844,76.5680160522461,83.6659164428711,84.00324249267578,92.51750946044922
2022-03-02,377.6688537597656,208.2237091064453,337.7778015136719,138.67678833007812,101.01701354980469,192.579345703125,123.5665054321289,68.92699432373047,93.80809783935547,61.37459945678711,96.93670654296875,247.60130310058594,74.52053833007812,120.5415267944336,103.64823150634766,155.9414825439453,200.6119842529297,88.75616455078125,46.810001373291016,32.21824264526367,50.881282806396484,89.65486907958984,27.622085571289062,41.38982391357422,41.678226470947266,76.5680160522461,83.65754699707031,83.98646545410156,92.50071716308594
2022-03-03,375.77392578125,206.63751220703125,332.9526672363281,136.7156982421875,100.28199005126953,190.2975311279297,123.06501007080078,69.14901733398438,93.3573226928711,60.81630325317383,94.90643310546875,242.42921447753906,73.67632293701172,119.08187103271484,102.34850311279297,152.78802490234375,195.7007598876953,86.10301971435547,45.22800064086914,31.22107696533203,49.806461334228516,87.96084594726562,26.39961051940918,40.735191345214844,41.09172058105469,76.57640075683594,83.66168212890625,83.99065399169922,92.51750946044922
2022-03-04,372.734619140625,204.57260131835938,328.1275329589844,134.73513793945312,98.93287658691406,187.31790161132812,121.92955017089844,69.61154174804688,92.25243377685547,60.17427444458008,93.11039733886719,237.24746704101562,72.39082336425781,117.07840728759766,100.66316986083984,149.72923278808594,190.39501953125,83.37036895751953,43.33399963378906,29.944717407226562,48.53011703491211,86.05084991455078,25.537086486816406,39.68779373168945,40.26158142089844,76.57640075683594,83.6659164428711,83.99906158447266,92.50071716308594
2022-03-07,361.73089599609375,198.26536560058594,316.02587890625,129.75462341308594,96.71842193603516,182.6599578857422,118.32444763183594,68.52921295166016,89.75984191894531,58.31330108642578,89.00102996826172,230.42880249023438,69.39772033691406,114.12093353271484,98.16374969482422,144.3218994140625,182.72242736816406,83.23126220703125,41.31999969482422,28.568634033203125,46.793121337890625,82.41922760009766,25.547760009765625,38.518192291259766,38.75471115112305,76.57640075683594,83.6659164428711,83.98646545410156,92.50909423828125
2022-03-08,359.0011901855469,197.14846801757812,314.5569152832031,129.1624298095703,96.99755859375,183.6688690185547,117.45391845703125,67.24336242675781,89.14995574951172,58.006256103515625,88.63985443115234,231.90103149414062,69.5224609375,114.69334411621094,98.66361236572266,145.0416259765625,188.9058837890625,83.78773498535156,41.45399856567383,28.68829345703125,46.850704193115234,82.31766510009766,25.902860641479492,38.75386428833008,38.88103485107422,76.57640075683594,83.6659164428711,83.99486541748047,92.50071716308594
2022-03-09,368.5695495605469,202.620361328125,325.88031005859375,133.6963348388672,99.1375503540039,188.84542846679688,120.59538269042969,68.32566833496094,90.8647232055664,59.46710968017578,92.08551025390625,240.34678649902344,71.74809265136719,117.58403778076172,101.08689880371094,149.7954864501953,194.65538024902344,87.88172912597656,43.43000030517578,29.665510177612305,48.78921890258789,85.53514862060547,27.428041458129883,40.237674713134766,39.98187255859375,76.57640075683594,83.65754699707031,83.98221588134766,92.50071716308594
2022-03-10,366.9279479980469,201.70994567871094,322.2615661621094,132.30799865722656,99.06312561035156,188.5059356689453,119.81002044677734,68.22393035888672,90.26367950439453,59.16004943847656,91.4510269165039,238.8649139404297,71.61377716064453,117.26921844482422,100.77742767333984,149.30308532714844,191.52915954589844,87.42462921142578,41.9370002746582,29.146987915039062,47.95431900024414,85.1535415649414,27.274747848510742,39.7838020324707,39.232933044433594,76.57640075683594,83.6659164428711,83.98646545410156,92.49238586425781
2022-03-11,362.24688720703125,198.9692840576172,315.5783386230469,129.589599609375,97.84427642822266,185.49807739257812,118.05951690673828,67.74291229248047,89.44164276123047,58.257476806640625,89.08885955810547,233.0923309326172,70.63526153564453,115.72369384765625,99.56818389892578,146.32952880859375,187.0419464111328,84.0759048461914,40.40999984741211,28.25951385498047,46.76433563232422,83.87859344482422,26.392818450927734,39.408485412597656,38.41182327270508,76.5680160522461,83.6659164428711,83.98646545410156,92.48394775390625
2022-03-14,359.6015625,197.00762939453125,309.5177917480469,127.10420989990234,96.76495361328125,181.70762634277344,116.9051284790039,67.66889190673828,88.86709594726562,57.69918441772461,87.38068389892578,226.7386016845703,69.81982421875,114.14954376220703,98.05424499511719,143.12867736816406,178.78750610351562,80.55825805664062,38.952999114990234,27.282297134399414,45.75669479370117,82.6824951171875,24.698820114135742,39.66160583496094,37.48243713378906,76.57640075683594,83.6659164428711,83.96125793457031,92.46720886230469
2022-03-15,367.49072265625,201.11865234375,319.226318359375,131.08473205566406,97.77912139892578,184.60232543945312,119.43152618408203,68.88997650146484,90.27251434326172,58.759944915771484,89.48906707763672,231.6975860595703,71.04776000976562,115.93355560302734,99.57771301269531,145.68553161621094,187.86050415039062,81.74073791503906,40.19200134277344,27.900535583496094,46.82191848754883,84.85675048828125,24.868608474731445,40.010746002197266,37.53657150268555,76.55964660644531,83.65754699707031,83.9696273803711,92.46720886230469
2022-03-16,375.7083435058594,206.1494140625,331.0654296875,135.84193420410156,100.22618103027344,190.41064453125,122.01469421386719,69.57453155517578,91.96073913574219,60.323158264160156,93.21778869628906,241.4412841796875,73.39812469482422,119.24405670166016,102.45799255371094,151.026611328125,197.80136108398438,85.64592742919922,42.95000076293945,29.854970932006836,49.54735565185547,88.12355041503906,26.302587509155273,41.36363983154297,40.559349060058594,76.57640075683594,83.6659164428711,83.96125793457031,92.4755630493164
2022-03-17,380.3047790527344,208.9088592529297,335.0733642578125,137.52149963378906,101.46363830566406,193.39967346191406,123.70845794677734,70.38860321044922,92.82696533203125,61.272247314453125,95.26757049560547,246.7876739501953,74.3574447631836,121.00901794433594,103.96243286132812,153.94334411621094,200.6711883544922,88.99464416503906,44.13600158691406,30.473207473754883,50.1711311340332,89.0740966796875,27.522153854370117,41.73895263671875,40.35182189941406,76.57640075683594,83.6659164428711,83.9696273803711,92.50071716308594
2022-03-18,384.5074462890625,211.34910583496094,341.93157958984375,140.36611938476562,101.9753646850586,195.43634033203125,125.57251739501953,70.84188079833984,93.18936157226562,62.06314468383789,97.5809555053711,250.9040069580078,75.19207763671875,122.22061157226562,105.11455535888672,156.50021362304688,205.5824432373047,91.57823181152344,45.70000076293945,31.34073829650879,51.44748306274414,90.62811279296875,28.321611404418945,42.0968132019043,40.92930221557617,76.5680160522461,83.6659164428711,83.9696273803711,92.48394775390625
2022-03-21,384.5262145996094,211.15208435058594,340.98101806640625,140.02001953125,101.40782928466797,193.7108154296875,125.29805755615234,70.71238708496094,93.10981750488281,61.76538848876953,96.53652954101562,247.0298309326172,74.75077819824219,121.0376205444336,104.02433776855469,155.34487915039062,203.9249267578125,88.45805358886719,45.084999084472656,30.792301177978516,50.80451583862305,89.7593994140625,27.039955139160156,41.87211227416992,40.29767990112305,76.5680160522461,83.6659164428711,83.96125793457031,92.45881652832031
2022-03-22,388.991455078125,213.74253845214844,347.68218994140625,142.73231506347656,101.83582305908203,195.65322875976562,126.56598663330078,71.06389617919922,93.90532684326172,62.46326446533203,98.20565795898438,250.72975158691406,75.3359603881836,121.7149887084961,104.61467742919922,157.63662719726562,206.52957153320312,91.6279296875,46.290000915527344,31.47037124633789,51.98488998413086,91.45640563964844,28.001440048217773,42.256813049316406,41.028560638427734,76.5680160522461,83.67012023925781,83.9444580078125,92.45881652832031
2022-03-23,383.9821472167969,210.8313751220703,342.685546875,140.7005157470703,100.0214614868164,192.2587432861328,124.75872802734375,70.19432067871094,92.64134979248047,61.66304397583008,96.43891143798828,245.69325256347656,73.78184509277344,119.27267456054688,102.59608459472656,155.06607055664062,201.71487426757812,89.29276275634766,45.45399856567383,31.011676788330078,51.27474594116211,90.28298950195312,27.401845932006836,41.723472595214844,40.75786209106445,76.58477020263672,83.67427825927734,83.9696273803711,92.45881652832031
2022-03-24,389.689697265625,213.8347625732422,350.30230712890625,143.76278686523438,100.86856079101562,194.46946716308594,126.74400329589844,70.88874053955078,94.04591369628906,62.4260368347168,98.02593994140625,248.9639892578125,74.64596557617188,120.51605987548828,103.57633972167969,157.0565185546875,210.77206420898438,91.19070434570312,46.599998474121094,31.510257720947266,52.03959655761719,91.5323257446289,27.81709861755371,42.05571746826172,40.97441864013672,76.58477020263672,83.67427825927734,83.96125793457031,92.45043182373047
2022-03-25,391.6663513183594,214.748046875,350.0101318359375,143.7044677734375,101.4556655883789,194.73397827148438,127.14253234863281,71.27865600585938,94.8024673461914,62.52302932739258,97.39073181152344,247.0930633544922,74.94391632080078,120.72631072998047,103.77180480957031,156.64898681640625,209.8347930908203,89.05427551269531,45.96900177001953,31.13133430480957,51.650333404541016,91.36864471435547,27.064210891723633,42.11692428588867,40.64958190917969,76.5680160522461,83.6659164428711,83.95286560058594,92.44200134277344
2022-03-28,394.36767578125,216.1414794921875,355.4255676269531,145.85293579101562,101.13880920410156,194.80015563964844,128.0440216064453,71.85421752929688,94.53545379638672,62.91475296020508,98.36795806884766,248.16909790039062,75.22267150878906,120.42049407958984,103.50483703613281,157.49253845214844,210.69314575195312,89.14370727539062,46.7130012512207,31.42051124572754,52.382728576660156,92.01844787597656,26.770233154296875,41.98577117919922,40.78493118286133,76.5680160522461,83.6659164428711,83.9444580078125,92.43364715576172
2022-03-29,399.3562316894531,219.4179229736328,361.5423278808594,148.4194793701172,103.5431137084961,200.01519775390625,130.3785400390625,72.67117309570312,95.80825805664062,64.14580535888672,101.07489013671875,256.1861267089844,76.98163604736328,123.7559585571289,106.32261657714844,161.9189453125,216.81021118164062,92.95947265625,48.237998962402344,32.298011779785156,53.66106414794922,93.69374084472656,28.125627517700195,42.807655334472656,41.47972106933594,76.5680160522461,83.67427825927734,83.94863891601562,92.44200134277344
2022-03-30,396.8713073730469,217.63845825195312,357.54888916015625,146.8445281982422,101.59544372558594,196.00001525878906,129.4770050048828,72.59689331054688,94.97157287597656,63.474308013916016,99.66767883300781,250.88348388671875,75.57830810546875,121.31885528564453,104.2199935913086,158.99012756347656,208.77908325195312,90.10757446289062,47.15999984741211,31.649858474731445,52.94020080566406,92.32707977294922,27.25922393798828,42.650272369384766,41.36241149902344,76.58477020263672,83.68263244628906,83.9444580078125,92.45043182373047
2022-03-31,390.772216796875,214.35264587402344,353.1172180175781,144.8224639892578,100.5330810546875,193.93099975585938,127.75935363769531,72.01203155517578,93.0757064819336,62.61628341674805,98.21160888671875,247.92674255371094,74.27108764648438,119.56034851074219,102.93744659423828,157.0186309814453,204.67477416992188,89.31263732910156,45.941001892089844,31.10141944885254,51.91657257080078,90.93181610107422,27.110780715942383,41.9945182800293,40.739810943603516,76.58477020263672,83.68263244628906,83.96125793457031,92.45881652832031
2022-04-01,391.8546142578125,215.20941162109375,352.4450988769531,144.69607543945312,101.59544372558594,196.10394287109375,127.93018341064453,72.48550415039062,92.96891021728516,62.85877227783203,98.83705139160156,250.90286254882812,74.97277069091797,120.97481536865234,103.876708984375,158.44985961914062,200.560546875,92.67129516601562,45.60599899291992,31.141305923461914,52.34428024291992,91.07380676269531,28.030546188354492,42.36174011230469,41.41655731201172,76.58477020263672,83.68094635009766,83.95286560058594,92.44034576416016
2022-04-04,395.17718505859375,217.035888671875,359.7014465332031,147.6417236328125,101.18539428710938,196.4251251220703,129.04046630859375,72.62474822998047,93.20033264160156,63.21316909790039,100.1367416381836,253.14219665527344,75.03044128417969,120.47782897949219,103.56681823730469,159.57778930664062,204.3590545654297,95.48343658447266,46.689998626708984,31.939035415649414,53.43999099731445,92.78756713867188,28.992033004760742,42.545345306396484,42.14743423461914,76.57640075683594,83.68094635009766,83.9444580078125,92.43199157714844
2022-04-05,390.2921142578125,213.86302185058594,351.714599609375,144.38497924804688,98.9022445678711,191.7769012451172,127.33234405517578,72.4297866821289,91.78510284423828,62.308536529541016,97.86958312988281,246.45326232910156,73.6366958618164,117.69668579101562,101.2496337890625,155.58737182617188,192.91421508789062,92.66134643554688,44.92599868774414,30.901987075805664,52.12321853637695,90.84603118896484,28.204214096069336,42.038238525390625,41.37144088745117,76.5680160522461,83.67594146728516,83.9444580078125,92.4235610961914
2022-04-06,386.3389587402344,211.40570068359375,344.0783996582031,141.1963348388672,97.81195068359375,189.05601501464844,126.1556167602539,72.77328491210938,91.43797302246094,61.75829315185547,95.87602233886719,241.81944274902344,72.53133392333984,116.09109497070312,99.83834838867188,152.91452026367188,186.48146057128906,92.74085235595703,43.45000076293945,29.87491226196289,50.921775817871094,89.03562927246094,28.1275691986084,41.49614334106445,40.83004379272461,76.57640075683594,83.6767807006836,83.9444580078125,92.41519927978516
2022-04-07,388.287353515625,212.2059783935547,344.89654541015625,141.56573486328125,97.7000961303711,188.44192504882812,126.78194427490234,73.28388977050781,91.76729583740234,61.93081283569336,96.36466217041016,241.0827178955078,72.47366333007812,116.13887023925781,99.83358764648438,152.33631896972656,185.75131225585938,91.84651947021484,43.15700149536133,29.565793991088867,50.78722381591797,88.63431549072266,27.653133392333984,41.539859771728516,40.50520706176758,76.57640075683594,83.68094635009766,83.93602752685547,92.44034576416016
2022-04-08,387.3460693359375,211.5469207763672,340.0751953125,139.6603240966797,97.1409683227539,186.9397430419922,126.2600326538086,73.43241119384766,92.33694458007812,61.860870361328125,95.56330108642578,238.14537048339844,72.23336029052734,115.12580108642578,98.87049102783203,151.39793395996094,180.58140563964844,89.76973724365234,42.41999816894531,29.1170711517334,50.312408447265625,88.07423400878906,26.812923431396484,41.5311164855957,40.54130172729492,76.5680160522461,83.68094635009766,83.9444580078125,92.43199157714844
2022-04-11,380.6351013183594,208.24224853515625,332.0299072265625,136.4327392578125,96.51660919189453,185.6832275390625,124.10585021972656,72.54120635986328,92.13221740722656,61.22669219970703,94.30268859863281,236.3616943359375,71.80084991455078,114.19876098632812,98.06472778320312,150.33636474609375,177.67091369628906,86.768798828125,41.880001068115234,28.598548889160156,49.48966598510742,87.27356719970703,25.58850860595703,41.09394454956055,40.03600311279297,76.57640075683594,83.68094635009766,83.92767333984375,92.4235610961914
2022-04-12,379.2420654296875,207.60203552246094,330.6272888183594,135.74252319335938,97.08504486083984,186.2689971923828,123.5744400024414,72.16984558105469,91.90970611572266,60.95622634887695,93.8042984008789,237.01116943359375,71.82005310058594,114.5810546875,98.56057739257812,150.33636474609375,177.789306640625,86.59986877441406,41.542999267578125,28.458948135375977,49.18113327026367,86.92351531982422,25.269306182861328,40.82290267944336,39.90967559814453,76.57640075683594,83.68094635009766,83.95286560058594,92.44873809814453
2022-04-13,383.524658203125,210.32298278808594,337.34796142578125,138.50344848632812,98.66928100585938,189.81182861328125,124.99788665771484,72.68045043945312,92.61287689208984,61.804901123046875,95.91511535644531,241.61590576171875,73.01192474365234,116.4829330444336,100.1673355102539,153.6632843017578,182.41656494140625,89.83928680419922,42.33000183105469,29.166929244995117,50.03752517700195,88.50711059570312,26.24922752380371,41.303794860839844,40.43302536010742,76.57640075683594,83.68515014648438,83.95286560058594,92.4571304321289
2022-04-14,378.8655090332031,207.76206970214844,329.63385009765625,135.334228515625,97.98898315429688,187.96954345703125,123.60289764404297,72.20698547363281,92.04322052001953,61.16140365600586,94.36132049560547,237.8157958984375,72.26221466064453,115.17359924316406,98.98014068603516,151.73919677734375,177.45387268066406,87.21595001220703,40.97999954223633,28.538721084594727,49.140769958496094,87.3524398803711,25.477903366088867,41.102691650390625,39.90967559814453,76.5680160522461,83.68766021728516,83.95286560058594,92.44034576416016
2022-04-18,378.93145751953125,207.40432739257812,329.88702392578125,135.50918579101562,97.63488006591797,186.7035675048828,123.27074432373047,71.69639587402344,92.30133056640625,60.82565689086914,93.25704193115234,234.76214599609375,72.02191162109375,114.49503326416016,98.2935791015625,150.23211669921875,180.1078338623047,83.06234741210938,40.79999923706055,28.17974090576172,48.71209716796875,86.5912094116211,24.093402862548828,40.927825927734375,39.77433395385742,76.57640075683594,83.6893081665039,83.9444580078125,92.44034576416016
2022-04-19,384.9835205078125,211.05734252929688,337.2603454589844,138.44512939453125,99.52660369873047,190.42593383789062,125.80448913574219,72.57833099365234,93.59196472167969,62.1126823425293,95.8369369506836,240.44288635253906,73.95389556884766,116.97990417480469,100.53447723388672,154.0424346923828,183.56103515625,84.06595611572266,42.03900146484375,28.807950973510742,49.65691375732422,88.6185302734375,24.420368194580078,41.11143112182617,39.57581329345703,76.5680160522461,83.6893081665039,83.94863891601562,92.43199157714844
2022-04-20,384.69183349609375,210.78433227539062,332.341552734375,136.4521942138672,100.22554016113281,191.1533966064453,125.74754333496094,72.85684967041016,94.17940521240234,62.18729019165039,95.36785125732422,240.3072052001953,74.54983520507812,117.84003448486328,101.325927734375,153.4737091064453,181.429931640625,84.25476837158203,41.1510009765625,28.488859176635742,49.10520553588867,87.33863830566406,24.414546966552734,41.41746139526367,39.34121322631836,76.58477020263672,83.6893081665039,83.93602752685547,92.44034576416016
2022-04-21,378.9878845214844,207.33839416503906,325.465087890625,133.68154907226562,98.64132690429688,186.8736114501953,123.61238098144531,72.18842315673828,93.30714416503906,61.04949188232422,92.56324005126953,233.79275512695312,72.93504333496094,115.61321258544922,99.39019012451172,149.5117645263672,175.56936645507812,80.6476821899414,39.849998474121094,27.64626121520996,47.81726837158203,85.1525650024414,23.29588508605957,40.927825927734375,38.5832633972168,76.58477020263672,83.6893081665039,83.93602752685547,92.41519927978516
2022-04-22,368.6437072753906,201.6893768310547,316.9425048828125,130.12344360351562,96.20907592773438,182.03643798828125,120.32896423339844,70.42456817626953,90.75260925292969,59.38009262084961,89.94425201416016,227.53038024902344,70.94537353515625,112.4306869506836,96.67729949951172,145.7393341064453,171.59332275390625,79.33600616455078,38.909000396728516,27.06292152404785,46.62542724609375,83.15875244140625,23.099903106689453,40.1758918762207,38.24039077758789,76.57640075683594,83.6893081665039,83.9444580078125,92.40682220458984
2022-04-25,370.65789794921875,202.79092407226562,321.01385498046875,131.82472229003906,96.46068572998047,183.14181518554688,121.32537078857422,70.71235656738281,91.1175308227539,59.69719314575195,91.30258178710938,230.69064331054688,71.46441650390625,113.15702819824219,97.19696807861328,147.22744750976562,175.15499877929688,81.05508422851562,39.4900016784668,27.362070083618164,47.18290328979492,83.63699340820312,23.73151206970215,39.939823150634766,37.960662841796875,76.58477020263672,83.69348907470703,83.93602752685547,92.41519927978516
2022-04-26,360.0596923828125,197.01010131835938,308.8971862792969,126.85699462890625,93.65568542480469,177.36936950683594,118.2507095336914,69.29196166992188,89.13265228271484,58.121055603027344,88.01909637451172,221.63633728027344,69.09027862548828,109.38195037841797,94.12173461914062,142.18499755859375,168.52493286132812,76.20590209960938,37.560001373291016,26.364912033081055,45.514347076416016,81.29314422607422,22.269393920898438,38.85563659667969,37.130523681640625,76.57640075683594,83.69771575927734,83.95286560058594,92.4235610961914
2022-04-27,360.9914855957031,197.39610290527344,308.52703857421875,126.7305908203125,93.292236328125,176.6324005126953,118.1368408203125,69.37552642822266,88.99024963378906,58.14902877807617,87.90182495117188,220.50213623046875,69.28253173828125,108.8371810913086,93.68309020996094,141.9290771484375,167.7849578857422,75.44075012207031,37.316001892089844,26.444683074951172,45.49512481689453,81.75166320800781,21.917207717895508,39.0305061340332,37.56364059448242,76.57640075683594,83.69771575927734,83.95286560058594,92.43199157714844
2022-04-28,370.0368347167969,202.2071990966797,319.48468017578125,131.19281005859375,95.1467056274414,179.9296112060547,121.47718811035156,70.54524993896484,90.60128784179688,59.2215461730957,90.09083557128906,224.1277313232422,70.71469116210938,111.1500244140625,95.58068084716797,144.8105010986328,175.88510131835938,75.70905303955078,38.41999816894531,27.27232551574707,46.56776809692383,83.57291412353516,21.94631576538086,39.642547607421875,38.10503387451172,76.59317779541016,83.70606994628906,83.96125793457031,92.4235610961914
2022-04-29,356.4453430175781,194.77874755859375,305.1081848144531,125.35013580322266,92.64920806884766,174.7334747314453,117.17838287353516,68.1686782836914,87.726318359375,57.291015625,87.15914916992188,217.71994018554688,68.7442626953125,108.31156158447266,93.10140991210938,140.37460327148438,169.6595458984375,73.36395263671875,37.303001403808594,26.57431411743164,45.30865478515625,80.36824035644531,21.39813995361328,39.144168853759766,38.24039077758789,76.57640075683594,83.70606994628906,83.93602752685547,92.43199157714844
2022-05-02,358.6853942871094,196.24746704101562,310.20233154296875,127.41109466552734,93.32951354980469,176.56625366210938,118.2127685546875,67.96443176269531,88.42058563232422,57.61743927001953,88.36111450195312,221.60723876953125,69.32097625732422,109.2959213256836,94.01681518554688,142.0428009033203,176.13174438476562,76.29531860351562,38.35200119018555,26.8535213470459,45.88535690307617,81.15313720703125,22.31402587890625,39.01301956176758,38.186241149902344,76.58477020263672,83.70184326171875,83.9444580078125,92.41773223876953
2022-05-03,360.23858642578125,197.17953491210938,310.5335388183594,127.58610534667969,94.3266372680664,178.07791137695312,118.52591705322266,68.205810546875,89.57769775390625,57.925201416015625,88.10704040527344,222.17918395996094,69.83039093017578,110.337646484375,94.89888763427734,142.53570556640625,178.27273559570312,76.36488342285156,38.4119987487793,26.733858108520508,45.943016052246094,80.94113159179688,22.287830352783203,39.327789306640625,38.465965270996094,76.57640075683594,83.70184326171875,83.9461441040039,92.40091705322266
2022-05-04,371.1661682128906,202.96041870117188,321.0333251953125,131.8636016845703,96.72161865234375,182.8300018310547,122.27433013916016,69.72830200195312,92.23902893066406,59.57594680786133,90.55012512207031,228.20895385742188,71.91618347167969,113.45330047607422,97.56409454345703,146.3175506591797,185.0508270263672,78.08397674560547,39.60599899291992,27.501672744750977,47.038726806640625,82.92704010009766,22.56725311279297,40.00101852416992,38.88103485107422,76.59317779541016,83.70184326171875,83.96293640136719,92.44287109375
2022-05-05,358.1301574707031,195.47544860839844,304.8647766113281,125.39875030517578,93.2642593383789,175.4136505126953,117.3776626586914,67.91803741455078,90.03163146972656,57.54281997680664,86.14282989501953,216.92498779296875,68.82115173339844,108.77027893066406,93.56388854980469,139.73007202148438,174.65185546875,73.38381958007812,36.95199966430664,25.85635757446289,44.85691452026367,79.48275756835938,21.098344802856445,38.7244873046875,37.44633865356445,76.59317779541016,83.7102279663086,83.95870971679688,92.42613220214844
2022-05-06,355.8806457519531,193.90310668945312,301.2122497558594,123.72661590576172,92.26714324951172,172.49436950683594,116.07759094238281,67.53739929199219,89.69341278076172,56.78739929199219,83.96358489990234,212.00039672851562,67.54277038574219,107.43228912353516,92.4530029296875,136.73495483398438,171.74131774902344,69.68730926513672,36.11000061035156,25.188262939453125,43.850589752197266,78.25216674804688,20.03789710998535,38.374759674072266,36.9320182800293,76.59317779541016,83.7102279663086,83.97132873535156,92.45126342773438
2022-05-09,344.39752197265625,187.03013610839844,289.4267272949219,118.97276306152344,89.66716766357422,165.2386016845703,112.65181732177734,66.20984649658203,87.53050994873047,54.735626220703125,79.36084747314453,201.2302703857422,64.80337524414062,104.00125885009766,89.53507232666016,129.76832580566406,161.09564208984375,63.963661193847656,33.540000915527344,23.708473205566406,41.61783981323242,74.0683364868164,18.220680236816406,37.18565368652344,35.86728286743164,76.58477020263672,83.7102279663086,83.98812866210938,92.46802520751953
2022-05-10,345.28228759765625,187.40670776367188,292.9429016113281,120.36296081542969,89.11734008789062,165.28582763671875,112.81315612792969,66.19129943847656,87.30799865722656,54.623714447021484,79.79082489013672,202.27720642089844,64.86106872558594,103.76231384277344,89.13936614990234,129.67355346679688,164.0752716064453,67.27265930175781,33.29999923706055,24.06147003173828,41.89657211303711,74.55841064453125,19.065736770629883,37.369266510009766,36.03872299194336,76.58477020263672,83.7102279663086,83.97132873535156,92.46802520751953
2022-05-11,339.7196044921875,184.017333984375,284.2547912597656,116.76595306396484,87.59835815429688,161.17617797851562,110.87722778320312,65.73640441894531,86.10638427734375,53.84964370727539,77.3770751953125,195.12295532226562,63.457706451416016,101.43994140625,87.21791076660156,126.21392822265625,157.07025146484375,62.41351318359375,31.597999572753906,23.229841232299805,40.68552017211914,73.0152359008789,17.265016555786133,37.17690658569336,35.786067962646484,76.58477020263672,83.7102279663086,83.97132873535156,92.45126342773438
2022-05-12,339.4559631347656,184.2150421142578,283.58270263671875,116.49378204345703,88.71660614013672,163.06564331054688,111.3612289428711,65.94063568115234,86.36449432373047,54.101444244384766,78.59861755371094,198.98121643066406,64.1497573852539,102.94039154052734,88.35743713378906,127.98639678955078,159.10269165039062,64.5002670288086,32.34000015258789,23.652633666992188,41.100738525390625,72.9639663696289,17.803485870361328,37.03701400756836,35.55146026611328,76.59317779541016,83.7102279663086,83.98812866210938,92.46802520751953
2022-05-13,347.4660339355469,189.1484832763672,294.09222412109375,120.63516998291016,90.82271575927734,168.23348999023438,114.08475494384766,67.00823211669922,88.10907745361328,55.64959716796875,82.12641143798828,207.46356201171875,66.05294036865234,105.92225646972656,91.08939361572266,133.28480529785156,169.8173828125,68.16696166992188,34.48699951171875,25.038686752319336,42.8385009765625,75.84619140625,18.987152099609375,38.077484130859375,36.534996032714844,76.60153198242188,83.7102279663086,83.97132873535156,92.4764404296875
2022-05-16,346.2236022949219,188.21644592285156,290.6831359863281,119.43941497802734,90.55244445800781,167.430419921875,113.6956787109375,67.01752471923828,88.0734634399414,55.257904052734375,80.59214782714844,204.92372131347656,65.42816925048828,105.13855743408203,90.32655334472656,131.6355438232422,167.24232482910156,68.02784729003906,33.48500061035156,24.300790786743164,42.3963737487793,74.59883880615234,18.987152099609375,38.129940032958984,36.390625,76.59317779541016,83.7102279663086,83.98812866210938,92.4764404296875
2022-05-17,353.1510925292969,192.2366485595703,298.2123107910156,122.48226165771484,93.25495910644531,172.5510711669922,115.81189727783203,67.63953399658203,90.44107818603516,56.40502166748047,82.39022827148438,211.71926879882812,67.2928695678711,108.2733154296875,93.0584945678711,135.4458465576172,175.03663635253906,71.0089111328125,34.95800018310547,25.01874351501465,43.607421875,76.31455993652344,19.897214889526367,38.86438751220703,37.2839241027832,76.59317779541016,83.71862030029297,83.97972869873047,92.46802520751953
2022-05-18,339.164306640625,184.7140350341797,283.572998046875,116.54237365722656,90.3660659790039,166.5045928955078,110.47868347167969,65.12369537353516,86.93413543701172,54.25999069213867,78.62791442871094,203.08181762695312,64.44774627685547,103.79098510742188,89.15365600585938,130.37496948242188,167.95265197753906,67.44157409667969,33.77000045776367,24.00164031982422,42.050357818603516,73.00931549072266,18.71063995361328,37.937583923339844,36.390625,76.59317779541016,83.71862030029297,83.97132873535156,92.46802520751953
2022-05-19,336.89593505859375,183.8948974609375,282.053466796875,115.78409576416016,89.9094467163086,166.77854919433594,109.49175262451172,64.86376190185547,86.00846862792969,54.29264450073242,79.73217010498047,204.69102478027344,64.51502227783203,103.89612579345703,89.27285766601562,131.22799682617188,169.29446411132812,68.9619140625,33.97999954223633,24.659765243530273,42.4348258972168,73.2982406616211,18.977449417114258,38.33103561401367,36.968116760253906,76.6098861694336,83.72695922851562,83.97972869873047,92.4848403930664
2022-05-20,336.9805908203125,183.8948974609375,281.1768493652344,115.47301483154297,89.55534362792969,166.35345458984375,110.06114196777344,65.29080200195312,85.97286987304688,54.315956115722656,80.00580596923828,204.53594970703125,64.53423309326172,103.69541931152344,89.0869140625,131.0384063720703,169.36355590820312,69.88604736328125,33.7130012512207,24.79936981201172,42.46364974975586,73.32978820800781,19.217092514038086,38.54962158203125,37.12150573730469,76.6098861694336,83.71862030029297,84.01336669921875,92.4848403930664
2022-05-23,343.3716125488281,187.03952026367188,285.8521423339844,117.32984161376953,90.49655151367188,168.36573791503906,111.86416625976562,66.24698638916016,87.45931243896484,55.08070373535156,80.52374267578125,205.8349609375,65.18785858154297,104.77538299560547,90.02616119384766,132.29904174804688,169.42276000976562,69.69725036621094,34.090999603271484,24.9389705657959,42.8385009765625,74.54460906982422,19.000732421875,39.21411895751953,37.40122985839844,76.6098861694336,83.73115539550781,83.98812866210938,92.4848403930664
2022-05-24,340.89617919921875,185.16590881347656,279.7743225097656,114.87999725341797,89.48077392578125,165.87156677246094,110.82980346679688,66.58120727539062,87.13887786865234,54.51180648803711,78.27611541748047,200.95883178710938,64.03443145751953,103.13155364990234,88.72454071044922,129.28494262695312,164.02593994140625,66.97453308105469,32.4900016784668,23.852067947387695,41.68511962890625,72.39796447753906,18.313819885253906,39.0742301940918,36.75155258178711,76.60153198242188,83.7353515625,84.01336669921875,92.51838684082031
2022-05-25,343.73870849609375,187.2278594970703,283.6898498535156,116.47431945800781,91.33523559570312,168.85704040527344,112.06344604492188,66.78543853759766,88.34940338134766,55.22993087768555,79.9276351928711,205.03036499023438,65.39933013916016,105.41573333740234,90.67935943603516,131.9673309326172,166.82791137695312,67.30247497558594,33.08399963378906,24.340675354003906,42.184913635253906,74.16891479492188,18.189632415771484,39.056732177734375,36.9320182800293,76.6098861694336,83.7353515625,84.01336669921875,92.51838684082031
2022-05-26,350.5720520019531,191.05978393554688,291.5500793457031,119.71160888671875,93.25495910644531,172.62660217285156,114.91984558105469,67.6302261352539,90.01383209228516,56.46099090576172,82.32183074951172,210.27484130859375,67.2255859375,108.0248031616211,92.88208770751953,135.37005615234375,173.61585998535156,68.03778076171875,34.08000183105469,24.89908218383789,43.580509185791016,76.22976684570312,18.267250061035156,39.48515701293945,37.50950241088867,76.62666320800781,83.74371337890625,84.02593994140625,92.52674865722656
2022-05-27,359.3631286621094,195.89910888671875,301.0661926269531,123.6488265991211,95.4262924194336,177.2748260498047,118.00395965576172,68.88349914550781,91.69607543945312,57.878570556640625,85.16559600830078,216.8280487060547,69.04224395751953,111.00666046142578,95.46626281738281,139.1424560546875,181.27207946777344,70.64124298095703,35.209999084472656,25.696813583374023,44.70889663696289,78.01057434082031,19.114248275756836,39.97480010986328,37.94261169433594,76.6098861694336,83.74371337890625,84.01336669921875,92.51838684082031
2022-05-31,357.36773681640625,194.28915405273438,300.2674865722656,123.40582275390625,94.38256072998047,175.07351684570312,116.97909545898438,68.19652557373047,91.15312194824219,57.24905014038086,83.7974624633789,213.72596740722656,68.2348403930664,109.89803314208984,94.45071411132812,137.23727416992188,180.25584411621094,68.34583282470703,34.98699951171875,25.63698387145996,44.45323181152344,77.07284545898438,18.77370262145996,39.79118347167969,38.4749870300293,76.60153198242188,83.74371337890625,84.01336669921875,92.49320983886719
2022-06-01,354.3746032714844,193.00869750976562,298.0467224121094,122.36560821533203,94.12162017822266,174.08154296875,115.60310363769531,67.6673583984375,90.30755615234375,56.67548751831055,82.73228454589844,211.79681396484375,67.6292953491211,109.37239074707031,93.92626190185547,136.1472625732422,178.21356201171875,67.10371398925781,34.47999954223633,25.357776641845703,43.876548767089844,77.04325866699219,18.30702781677246,39.43269729614258,38.204288482666016,76.60237121582031,83.74453735351562,84.00664520263672,92.48231506347656
2022-06-02,361.1044921875,196.94418334960938,306.2088928222656,125.7584457397461,95.95747375488281,178.33297729492188,118.33612823486328,68.47502899169922,91.20655822753906,57.906551361083984,85.97669982910156,218.46636962890625,69.55166625976562,112.00060272216797,96.21957397460938,140.241943359375,185.06069946289062,68.33588409423828,35.83000183105469,26.45465660095215,45.242340087890625,78.87336730957031,18.703847885131836,40.26333236694336,38.86298751831055,76.61913299560547,83.75291442871094,84.01081848144531,92.48231506347656
2022-06-03,355.25946044921875,193.79954528808594,298.2415466308594,122.40449523925781,95.06282043457031,176.72686767578125,116.5046157836914,67.89016723632812,89.95153045654297,57.14179611206055,84.48151397705078,216.188232421875,68.76348114013672,110.77728271484375,95.2755355834961,138.3367919921875,179.4369659423828,70.760498046875,34.77000045776367,25.866331100463867,44.18218994140625,77.41303253173828,19.712875366210938,39.642547607421875,38.23135757446289,76.60237121582031,83.75291442871094,84.01081848144531,92.49908447265625
2022-06-06,356.2288513183594,194.37387084960938,299.23504638671875,122.97807312011719,95.66858673095703,177.4921112060547,116.76083374023438,67.89945983886719,90.22744750976562,57.337646484375,84.82355499267578,216.45970153808594,68.9749526977539,111.36029052734375,95.67127227783203,138.83914184570312,178.85479736328125,68.74329376220703,35.0359992980957,26.105648040771484,44.41767120361328,77.57572174072266,19.150150299072266,39.79118347167969,38.43889617919922,76.6107406616211,83.74453735351562,83.99568939208984,92.48231506347656
2022-06-07,359.7114562988281,196.4828338623047,301.8161315917969,123.9210433959961,96.7029800415039,180.35479736328125,117.96603393554688,68.42860412597656,91.09973907470703,57.95317840576172,86.03533172607422,220.0852813720703,70.00341033935547,112.6791763305664,96.84892272949219,140.83905029296875,181.01559448242188,72.14170837402344,35.297000885009766,26.404796600341797,44.93381118774414,78.30245971679688,20.371652603149414,39.887367248535156,38.55620193481445,76.60237121582031,83.74453735351562,84.00243377685547,92.48231506347656
2022-06-08,355.77703857421875,194.27969360351562,299.64410400390625,123.01695251464844,95.09078979492188,177.56771850585938,116.65646362304688,67.58382415771484,89.47978973388672,57.22573471069336,85.0776138305664,217.36126708984375,68.64812469482422,110.78684997558594,95.09911346435547,139.23721313476562,176.70401000976562,72.74787139892578,34.86000061035156,26.33499526977539,44.80885696411133,77.90605926513672,20.564722061157227,39.38898849487305,38.763729095458984,76.6107406616211,83.74453735351562,83.99402618408203,92.47391510009766
2022-06-09,347.40948486328125,189.628662109375,291.6183166503906,119.77965545654297,93.3261489868164,173.88673400878906,113.9063949584961,66.20751953125,87.38544464111328,55.78948211669922,82.92595672607422,212.48654174804688,67.13590240478516,108.55110931396484,93.25397491455078,135.67330932617188,172.25433349609375,69.81649017333984,33.62799835205078,25.457494735717773,43.30657958984375,75.49220275878906,19.938934326171875,38.567115783691406,37.846458435058594,76.61913299560547,83.75291442871094,83.99402618408203,92.46552276611328
2022-06-10,337.2159118652344,183.99847412109375,281.3326416015625,115.50215148925781,90.9708023071289,169.1693878173828,110.45931243896484,65.21114349365234,85.02851104736328,54.1480827331543,79.93181610107422,205.85813903808594,65.10350799560547,105.78394317626953,90.90821838378906,131.37965393066406,166.3148956298828,66.60687255859375,32.49599838256836,24.649795532226562,42.021522521972656,73.2992172241211,18.830947875976562,37.6752815246582,37.4278678894043,76.60237121582031,83.75291442871094,83.96037292480469,92.42353820800781
2022-06-13,324.2174987792969,176.48526000976562,268.2518310546875,110.26222229003906,86.95173645019531,161.2219696044922,105.98380279541016,63.33946228027344,81.45280456542969,51.769893646240234,75.87112426757812,195.51283264160156,62.07903289794922,101.00604248046875,86.67915344238281,124.28036499023438,155.66921997070312,62.920291900634766,30.40999984741211,23.293657302856445,39.65516662597656,69.15286254882812,17.69870376586914,36.38999938964844,36.11747741699219,76.6107406616211,83.74453735351562,83.90154266357422,92.3479995727539
2022-06-14,323.40802001953125,175.98623657226562,268.73876953125,110.42750549316406,86.68069458007812,160.44520568847656,105.69812774658203,62.96698760986328,81.54241943359375,51.55539321899414,75.77330017089844,194.8432159423828,61.924922943115234,100.8432846069336,86.66484832763672,123.92964935302734,156.8433074951172,63.01966094970703,30.3700008392334,23.253768920898438,39.7628173828125,68.7071762084961,17.881103515625,36.05775451660156,36.617977142333984,76.60237121582031,83.74453735351562,83.85108947753906,92.3060073852539
2022-06-15,328.0389099121094,178.54714965820312,275.4496765136719,113.15925598144531,87.51252746582031,162.79441833496094,107.1360092163086,63.42325973510742,82.3579330444336,52.236209869384766,77.35842895507812,198.2301788330078,62.705116271972656,101.8199234008789,87.53257751464844,126.1760025024414,159.84263610839844,65.26539611816406,31.059999465942383,23.78226661682129,40.79124450683594,69.99298095703125,18.278894424438477,36.696022033691406,37.10026931762695,76.6107406616211,83.74034118652344,83.88469696044922,92.3479995727539
2022-06-16,317.2617492675781,172.31439208984375,264.33636474609375,108.60956573486328,83.21309661865234,155.25430297851562,103.38420104980469,62.13823318481445,79.26612854003906,50.2776985168457,73.78699493408203,188.46713256835938,59.574684143066406,96.81222534179688,83.29875946044922,119.96768951416016,149.3153839111328,63.56618118286133,29.28700065612793,22.495929718017578,39.034263610839844,66.48954010009766,17.754976272583008,35.81293869018555,35.96278762817383,76.62749481201172,83.76129150390625,83.90995025634766,92.3479995727539
2022-06-17,318.09002685546875,172.96405029296875,267.5505065917969,109.85391998291016,83.72716522216797,156.466796875,103.43181610107422,62.315147399902344,79.2213363647461,50.55747985839844,74.79481506347656,191.679443359375,60.142974853515625,97.56864166259766,83.72309875488281,121.92024230957031,151.82142639160156,67.18321228027344,29.638999938964844,22.765161514282227,39.7166748046875,67.7181625366211,19.079322814941406,35.69053268432617,36.09927749633789,76.61913299560547,83.76966094970703,83.90154266357422,92.3479995727539
2022-06-21,325.8835144042969,177.1537322998047,274.3006896972656,112.60527038574219,85.03569793701172,159.2706298828125,105.64099884033203,63.73057556152344,81.04057312011719,51.56472396850586,76.21363067626953,194.9402618408203,60.92317581176758,99.11978149414062,85.07716369628906,123.8064193725586,155.54981994628906,69.58792114257812,30.319000244140625,23.223857879638672,40.50579071044922,68.98622131347656,19.982593536376953,36.23975372314453,36.681678771972656,76.63587951660156,83.78639221191406,83.91413116455078,92.35637664794922
2022-06-22,325.19635009765625,177.12550354003906,273.90057373046875,112.46891784667969,84.85810852050781,158.96751403808594,105.46007537841797,63.97266387939453,80.65520477294922,51.53673553466797,76.32125091552734,195.64871215820312,60.663108825683594,98.8038101196289,84.9818115234375,123.7400894165039,153.96875,71.3368148803711,30.110000610351562,23.08425521850586,40.531734466552734,68.83831024169922,20.374561309814453,35.903133392333984,36.0264778137207,76.64427185058594,83.77803039550781,83.93098449707031,92.38993072509766
2022-06-23,328.61309814453125,178.7314910888672,277.9797668457031,114.1148452758789,85.50301361083984,160.87147521972656,106.983642578125,65.00627136230469,80.87029266357422,52.11495590209961,78.3369140625,201.03482055664062,61.279579162597656,100.3549575805664,86.18112182617188,125.82447814941406,154.2355194091797,75.74880981445312,30.90999984741211,23.513031005859375,41.27278137207031,69.45755767822266,21.47090721130371,35.770267486572266,36.135684967041016,76.64427185058594,83.78639221191406,83.92676544189453,92.39835357666016
2022-06-24,338.8443298339844,184.50709533691406,287.5043640136719,118.2442855834961,88.11073303222656,165.85403442382812,110.51644897460938,66.4961929321289,83.40646362304688,53.80636215209961,81.21363067626953,207.6729736328125,63.437164306640625,103.39021301269531,88.72416687011719,130.09776306152344,159.1764678955078,76.57356262207031,32.029998779296875,24.541149139404297,42.70522689819336,72.23625946044922,21.707639694213867,36.833274841308594,36.99106979370117,76.62749481201172,83.76966094970703,83.93517303466797,92.38993072509766
2022-06-27,337.57366943359375,183.93992614746094,285.3965148925781,117.16323852539062,88.83975219726562,166.4697723388672,110.04032135009766,66.42169189453125,83.54983520507812,53.72203826904297,80.9787826538086,208.42022705078125,63.62017059326172,104.0987548828125,89.59415435791016,129.9553680419922,159.6112518310547,76.3152084350586,31.687999725341797,24.30181884765625,42.43531799316406,72.15046691894531,21.597036361694336,36.762393951416016,37.03657150268555,76.62749481201172,83.78639221191406,83.92676544189453,92.33959197998047
2022-06-28,330.2790222167969,180.1494140625,276.70135498046875,113.62789154052734,87.52189636230469,163.3438262939453,107.24077606201172,65.2763442993164,82.5281982421875,52.784969329833984,78.92398071289062,203.99481201171875,62.551021575927734,102.48058319091797,88.04060363769531,127.31539154052734,155.16444396972656,73.59249114990234,30.797000885009766,23.603778839111328,41.40678024291992,70.74830627441406,20.81989097595215,36.56751251220703,36.80907440185547,76.64427185058594,83.78639221191406,83.94358825683594,92.38158416748047
2022-06-29,330.4416809082031,179.84689331054688,276.9550476074219,113.73503112792969,86.73677062988281,161.68609619140625,107.04078674316406,65.54637908935547,81.80230712890625,52.485107421875,78.41519165039062,202.14117431640625,62.08866500854492,101.68585968017578,87.43353271484375,126.16634368896484,151.96270751953125,74.32782745361328,30.268999099731445,23.324562072753906,41.06360626220703,70.51854705810547,20.989681243896484,36.34605407714844,36.663475036621094,76.65263366699219,83.7947769165039,83.93517303466797,92.39835357666016
2022-06-30,327.8331604003906,178.29666137695312,273.5199890136719,112.19621276855469,86.37225341796875,160.42630004882812,106.39327239990234,65.3787612915039,81.12120819091797,52.02593994140625,77.51498413085938,200.2196807861328,61.385520935058594,100.8432846069336,86.4775161743164,124.4950180053711,149.92706298828125,73.80117797851562,29.670000076293945,22.885793685913086,40.56331253051758,69.11441040039062,20.953781127929688,36.142311096191406,36.49057388305664,76.66100311279297,83.8115234375,83.93517303466797,92.42353820800781
2022-07-01,331.19769287109375,180.17776489257812,275.3254089355469,113.0338134765625,87.1854019165039,162.36814880371094,106.95508575439453,66.17024993896484,81.64994812011719,52.70999526977539,78.61087799072266,202.00535583496094,62.10792541503906,101.62841796875,87.46220397949219,126.32779693603516,144.2845458984375,76.05684661865234,29.628999710083008,22.895763397216797,40.923831939697266,70.5727767944336,21.676591873168945,36.22203826904297,36.26307678222656,76.65514373779297,83.80229187011719,83.98229217529297,92.42101287841797
2022-07-05,331.78363037109375,180.82052612304688,280.0388488769531,114.93294525146484,87.2508544921875,163.71324157714844,107.67878723144531,65.95610046386719,81.22874450683594,52.766231536865234,79.74591064453125,204.45095825195312,62.38726043701172,102.56675720214844,88.15055847167969,127.7616958618164,145.974365234375,80.47874450683594,30.15999984741211,23.3843936920166,41.60438537597656,71.1397705078125,23.100872039794922,35.442501068115234,35.98098373413086,76.65514373779297,83.8106689453125,83.9570541381836,92.42941284179688
2022-07-06,332.9839172363281,181.17971801757812,281.83447265625,115.66340637207031,86.26944732666016,162.5007781982422,108.26914978027344,66.37513732910156,81.11225891113281,52.766231536865234,79.51107025146484,203.37371826171875,62.03087615966797,101.66670227050781,87.34748840332031,126.69812774658203,146.4980926513672,80.49862670898438,29.969999313354492,23.24478530883789,41.43087387084961,70.747314453125,23.33663558959961,35.442501068115234,35.76258087158203,76.65514373779297,83.8106689453125,83.97386932373047,92.4378662109375
2022-07-07,337.8699645996094,184.16680908203125,287.8654479980469,118.1663818359375,87.79293823242188,166.3466033935547,110.14506530761719,66.6731185913086,82.5281982421875,53.64706039428711,81.48760986328125,209.47801208496094,63.61055374145508,103.82109832763672,89.16873168945312,129.93634033203125,153.56356811523438,82.93315124511719,31.06999969482422,23.88299560546875,42.53171157836914,72.22935485839844,24.2263240814209,36.018287658691406,36.481475830078125,76.65514373779297,83.81905364990234,83.9654541015625,92.4378662109375
2022-07-08,337.67156982421875,183.9777374267578,288.2264709472656,118.29299926757812,87.61534881591797,166.32763671875,110.01175689697266,66.5613784790039,82.46546936035156,53.4783935546875,81.24298858642578,209.94384765625,63.36011505126953,103.3806381225586,89.03486633300781,129.61346435546875,154.96678161621094,83.89704132080078,31.020000457763672,23.922883987426758,42.524967193603516,72.13567352294922,24.57560157775879,36.10687255859375,36.481475830078125,76.64675903320312,83.81905364990234,83.9654541015625,92.42101287841797
2022-07-11,333.8533935546875,181.65240478515625,282.0686340332031,115.7705307006836,86.42832946777344,162.98387145996094,108.73574829101562,66.3006362915039,81.62309265136719,52.859928131103516,79.81440734863281,204.81976318359375,62.435428619384766,101.85820770263672,87.73468017578125,127.14446258544922,150.5397186279297,80.18064880371094,29.92799949645996,23.234811782836914,41.3441162109375,70.64082336425781,23.2182674407959,35.5045051574707,35.50778579711914,76.65514373779297,83.81905364990234,83.9570541381836,92.40420532226562
2022-07-12,330.7723693847656,180.08322143554688,279.3362121582031,114.67974090576172,86.29750061035156,162.42495727539062,107.67878723144531,65.69538116455078,81.65892028808594,52.47572708129883,78.78700256347656,203.37371826171875,62.127193450927734,101.47523498535156,87.3236083984375,126.35627746582031,150.7571258544922,81.35318756103516,29.822999954223633,22.895763397216797,41.08384704589844,70.07679748535156,23.572399139404297,35.46908187866211,35.37128448486328,76.64675903320312,83.8106689453125,83.9486083984375,92.3957748413086
2022-07-13,329.2319030761719,179.2986602783203,278.76043701171875,114.49468231201172,86.07315826416016,162.28289794921875,107.21216583251953,65.5091323852539,81.19290161132812,52.22272872924805,78.4836654663086,203.49014282226562,62.13682174682617,101.36990356445312,87.22322082519531,126.17585754394531,151.67617797851562,82.71454620361328,29.615999221801758,22.726242065429688,41.08866882324219,70.17244720458984,24.168113708496094,35.42477798461914,35.289390563964844,76.64675903320312,83.80229187011719,83.92337799072266,92.3790054321289
2022-07-14,328.3623962402344,178.50466918945312,279.7558288574219,114.88424682617188,85.27870178222656,160.61570739746094,107.1740951538086,65.34150695800781,80.3863525390625,51.754188537597656,77.7791748046875,201.69479370117188,61.46257400512695,100.73794555664062,86.487060546875,124.52352905273438,154.8185577392578,80.8066635131836,29.40999984741211,22.606576919555664,40.72526168823242,69.43291473388672,23.73151206970215,34.902137756347656,34.97089385986328,76.65514373779297,83.82743072509766,83.94019317626953,92.40420532226562
2022-07-15,334.5716247558594,181.97377014160156,284.8304138183594,116.88079833984375,87.0545654296875,163.9595489501953,109.01192474365234,66.18888854980469,82.32209014892578,52.766231536865234,79.43281555175781,205.64462280273438,62.685855865478516,102.69123077392578,88.24616241455078,127.1729507446289,158.02027893066406,81.85004425048828,30.270000457763672,22.9954833984375,41.468467712402344,71.05496215820312,23.838237762451172,35.43364334106445,35.15289306640625,76.64675903320312,83.81905364990234,83.9486083984375,92.41263580322266
2022-07-18,331.8025207519531,180.71658325195312,282.41998291015625,115.93608856201172,87.04521942138672,163.49537658691406,108.21202087402344,65.350830078125,81.91881561279297,52.58818435668945,79.12947845458984,204.46066284179688,62.551021575927734,102.4327163696289,88.06930541992188,127.04950714111328,157.22972106933594,79.23664093017578,30.399999618530273,23.075260162353516,41.40774154663086,71.23245239257812,23.149383544921875,35.65510559082031,35.39859390258789,76.64675903320312,83.82743072509766,83.94019317626953,92.40420532226562
2022-07-19,340.80926513671875,185.76429748535156,291.1053161621094,119.44223022460938,90.12024688720703,169.26412963867188,111.35442352294922,66.58930969238281,84.23091888427734,54.124969482421875,81.77135467529297,212.03041076660156,64.7085952758789,106.34886932373047,91.30067443847656,131.16136169433594,164.65098571777344,82.81391906738281,31.510000228881836,23.663612365722656,42.69269561767578,73.41361236572266,24.34857177734375,36.576377868652344,35.98098373413086,76.64675903320312,83.8357925415039,83.94019317626953,92.40420532226562
2022-07-20,342.9924621582031,187.26727294921875,295.72125244140625,121.4095458984375,91.42878723144531,171.91644287109375,112.4970932006836,66.43099212646484,84.3205337524414,54.66847229003906,83.2782211303711,215.8734893798828,65.75848388671875,108.31172943115234,93.08365631103516,133.61135864257812,170.23422241210938,83.9864730834961,32.637001037597656,24.3815975189209,43.411808013916016,74.3769760131836,25.125713348388672,36.39920425415039,35.82627868652344,76.64675903320312,83.8357925415039,83.94019317626953,92.41263580322266
2022-07-21,346.46087646484375,189.1199951171875,299.96636962890625,123.15288543701172,91.63439178466797,172.79737854003906,113.42076873779297,66.96177673339844,84.32948303222656,55.099517822265625,84.38389587402344,217.80474853515625,66.47126770019531,109.33625030517578,93.86760711669922,134.58949279785156,172.90231323242188,83.66848754882812,33.04800033569336,24.840309143066406,43.917884826660156,74.82464599609375,24.944284439086914,36.80670166015625,36.235774993896484,76.67190551757812,83.84418487548828,83.9654541015625,92.4378662109375
2022-07-22,343.3042907714844,187.06874084472656,294.7063293457031,121.02971649169922,90.83060455322266,170.04090881347656,112.05907440185547,66.76622772216797,83.54983520507812,54.57476806640625,83.06293487548828,213.57347106933594,65.65254974365234,107.81382751464844,92.50525665283203,132.15847778320312,167.5957794189453,80.17070007324219,32.0099983215332,24.082435607910156,43.015621185302734,73.61080932617188,23.710166931152344,36.68267822265625,35.87178421020508,76.68028259277344,83.86095428466797,83.9654541015625,92.45458221435547
2022-07-25,343.6445007324219,187.32398986816406,293.02783203125,120.35771942138672,91.35401153564453,170.92181396484375,111.88766479492188,66.71968841552734,83.92622375488281,54.73406219482422,82.86725616455078,214.4178009033203,65.97039794921875,108.23512268066406,93.0406494140625,132.42433166503906,166.57797241210938,80.42906951904297,31.88599967956543,23.823163986206055,42.86717224121094,73.73308563232422,23.54911231994629,36.983863830566406,35.99917984008789,76.67190551757812,83.86095428466797,83.9654541015625,92.4378662109375
2022-07-26,339.52386474609375,185.00804138183594,287.2701721191406,117.9813461303711,90.86799621582031,169.87039184570312,110.35455322265625,66.59861755371094,83.30785369873047,54.153072357177734,81.59523010253906,212.61268615722656,65.4406509399414,107.74679565429688,92.533935546875,130.5821075439453,164.5225067138672,80.78678894042969,30.95400047302246,23.21487045288086,42.08732604980469,72.5468521118164,23.809131622314453,36.47893524169922,35.71708297729492,76.67190551757812,83.8525619506836,83.9570541381836,92.45458221435547
2022-07-27,348.4172058105469,189.8667449951172,299.4101257324219,122.95809936523438,92.92423248291016,173.73513793945312,113.16366577148438,67.3994369506836,84.8223876953125,55.32441329956055,84.29582977294922,217.81443786621094,67.0299301147461,110.1788558959961,94.90489196777344,133.95321655273438,172.9517059326172,82.87355041503906,32.00400161743164,24.23201560974121,43.358787536621094,74.45487976074219,24.33304786682129,37.311622619628906,36.381378173828125,76.67190551757812,83.86932373046875,83.99069213867188,92.47145080566406
2022-07-28,352.8214111328125,192.34335327148438,302.3377685546875,124.14627075195312,94.18601989746094,176.1222381591797,114.96338653564453,68.34925079345703,85.55726623535156,56.224002838134766,86.14517211914062,221.16261291503906,68.20504760742188,111.70126342773438,96.0760269165039,135.9284210205078,177.27996826171875,81.97921752929688,32.39400100708008,24.521203994750977,43.87836456298828,74.83155059814453,23.993471145629883,37.55079650878906,36.53607940673828,76.68028259277344,83.86932373046875,84.00749969482422,92.49662780761719
2022-07-29,357.9909973144531,194.96177673339844,307.8514709472656,126.4057846069336,94.95247650146484,177.37258911132812,116.1917495727539,68.73104095458984,85.87090301513672,56.80498123168945,86.99642944335938,222.83184814453125,69.22607421875,112.82151794433594,96.78347778320312,137.31488037109375,180.24449157714844,80.61785888671875,32.73699951171875,24.680755615234375,44.05669403076172,75.9881820678711,23.2949161529541,38.055721282958984,36.36317443847656,76.68868255615234,83.8525619506836,84.03276062011719,92.50503540039062
2022-08-01,356.91363525390625,194.50802612304688,307.66607666015625,126.34733581542969,95.2422103881836,177.30624389648438,115.89657592773438,68.507568359375,85.99638366699219,56.692527770996094,87.03559112548828,222.5601043701172,69.20680236816406,112.90769958496094,97.13243103027344,137.41934204101562,179.75039672851562,78.96834564208984,32.821998596191406,24.680755615234375,44.068260192871094,75.82943725585938,22.530384063720703,38.055721282958984,36.05377960205078,76.6945571899414,83.89110565185547,84.02684783935547,92.48904418945312
2022-08-02,354.6075439453125,193.4587860107422,306.7486877441406,125.9188232421875,94.41036987304688,177.13577270507812,114.91578674316406,68.06989288330078,85.01058959960938,56.54261016845703,87.12362670898438,223.44325256347656,68.66741943359375,112.26619720458984,96.60184478759766,137.4098358154297,181.38092041015625,80.46881103515625,32.939998626708984,24.73061752319336,44.12031555175781,76.24160766601562,23.120277404785156,37.46221923828125,35.88088607788086,76.70295715332031,83.89531707763672,84.01002502441406,92.4806137084961
2022-08-03,360.1457824707031,196.56871032714844,315.1022644042969,129.26913452148438,95.3169937133789,179.74070739746094,116.4012451171875,68.82415771484375,86.02324676513672,57.25477600097656,88.55221557617188,227.1796112060547,69.38982391357422,113.68328094482422,97.81121063232422,139.7838897705078,187.0234375,83.52938079833984,34.130001068115234,25.328937530517578,45.26646041870117,77.55502319335938,24.174903869628906,37.72797393798828,36.1629753112793,76.6945571899414,83.90791320800781,84.02684783935547,92.50582122802734
2022-08-04,359.8623046875,196.37966918945312,316.57586669921875,130.01907348632812,94.49447631835938,179.36181640625,116.67739868164062,68.80553436279297,85.51245880126953,57.17043685913086,88.38587188720703,227.1698760986328,68.86004638671875,112.88854217529297,97.0129165649414,139.54649353027344,186.28231811523438,88.15001678466797,34.36800003051758,25.488492965698242,45.469852447509766,77.28582763671875,25.290651321411133,37.91399002075195,36.41777801513672,76.71134948730469,83.91629791259766,84.04368591308594,92.51426696777344
2022-08-05,359.1156311035156,196.31349182128906,313.98980712890625,128.94772338867188,94.98052215576172,180.7353515625,116.4774398803711,68.92658233642578,85.37802124023438,57.32036209106445,89.0022964477539,229.4311065673828,69.36092376708984,113.28111267089844,97.43360137939453,140.505615234375,185.6597900390625,91.71735382080078,34.15999984741211,25.667985916137695,45.248146057128906,77.36865234375,26.438419342041016,37.648231506347656,36.45417785644531,76.7281265258789,83.91629791259766,84.02264404296875,92.4974365234375
2022-08-08,358.7943115234375,196.49310302734375,312.9748840332031,128.5094757080078,95.5973892211914,182.64878845214844,116.41075134277344,69.12213897705078,85.59310913085938,57.517154693603516,89.34477996826172,231.99314880371094,69.84251403808594,113.75984954833984,97.83988189697266,141.72109985351562,183.1892547607422,93.29730987548828,34.310001373291016,25.797624588012695,45.41202163696289,77.5096664428711,26.74888801574707,37.763404846191406,36.499671936035156,76.73651885986328,83.91629791259766,84.02684783935547,92.4974365234375
2022-08-09,357.3767395019531,195.25477600097656,309.432373046875,127.04857635498047,94.27019500732422,180.15750122070312,115.28715515136719,69.08489990234375,84.9478759765625,57.086097717285156,87.8770751953125,227.6162872314453,68.98526000976562,111.60550689697266,95.81790161132812,139.4325408935547,175.1850128173828,90.1771469116211,32.97700119018555,25.16938591003418,44.494327545166016,76.80857849121094,26.168699264526367,37.53308868408203,36.36317443847656,76.7281265258789,83.93305969238281,84.02684783935547,92.4974365234375
2022-08-10,364.8618469238281,199.70703125,318.0689392089844,130.5352325439453,96.29838562011719,185.30104064941406,118.18193817138672,69.83914184570312,86.59681701660156,58.51043701171875,90.75377655029297,235.06961059570312,70.95984649658203,114.20988464355469,98.30834197998047,144.06668090820312,183.32762145996094,93.15821075439453,34.470001220703125,26.116729736328125,45.965328216552734,78.85858917236328,27.430953979492188,38.42778015136719,36.81816864013672,76.73651885986328,83.9246826171875,84.04368591308594,92.5226821899414
2022-08-11,364.8618469238281,199.71649169921875,316.2635498046875,129.9021759033203,96.95265197753906,185.99256896972656,117.7915267944336,69.55048370361328,87.35855102539062,58.669742584228516,90.51895904541016,235.3122100830078,71.28732299804688,114.8992919921875,98.74334716796875,144.07618713378906,182.9027099609375,90.20695495605469,34.233001708984375,25.867427825927734,45.7783203125,78.90394592285156,26.467525482177734,38.42778015136719,36.963768005371094,76.73651885986328,83.94145965576172,84.0521240234375,92.53949737548828
2022-08-12,371.10882568359375,203.17616271972656,322.42138671875,132.41490173339844,98.6817855834961,189.7910614013672,119.78169250488281,70.52823638916016,88.81932067871094,59.61617660522461,92.11386108398438,240.45574951171875,72.43353271484375,117.18769836425781,100.59803771972656,146.78262329101562,189.19744873046875,93.18801879882812,35.082000732421875,26.425859451293945,46.559120178222656,80.1937026977539,27.777318954467773,38.74668502807617,37.35506820678711,76.75330352783203,83.94984436035156,84.06897735595703,92.54796600341797
2022-08-15,372.6966247558594,203.97018432617188,325.0269470214844,133.447265625,99.10237121582031,190.46359252929688,120.22925567626953,71.03107452392578,88.81034851074219,59.737998962402344,92.34870147705078,241.0962371826172,72.60693359375,117.77176666259766,101.12862396240234,147.2003936767578,189.9385528564453,94.30094146728516,35.152000427246094,26.575441360473633,46.6921501159668,80.30611419677734,28.211008071899414,38.47208023071289,37.182167053222656,76.74491882324219,83.94984436035156,84.06897735595703,92.54796600341797
2022-08-16,373.34869384765625,204.405029296875,324.2657165527344,133.2135467529297,99.54166412353516,190.38780212402344,120.4387435913086,71.35698699951172,89.05231475830078,59.897300720214844,92.27042388916016,240.3975067138672,73.00184631347656,118.1643295288086,101.45846557617188,147.31436157226562,188.6143798828125,91.8067855834961,35.305999755859375,26.22641944885254,46.52153396606445,80.27456665039062,27.37952995300293,38.507503509521484,37.173065185546875,76.75330352783203,83.95824432373047,84.06897735595703,92.55634307861328
2022-08-17,370.7970275878906,202.57118225097656,320.5672302246094,131.6357879638672,98.18639373779297,187.18609619140625,119.41030883789062,70.89139556884766,88.00379180908203,59.2413444519043,91.0571060180664,236.41856384277344,71.8845443725586,116.24935150146484,100.01007843017578,144.73141479492188,183.2189483642578,89.00458526611328,34.53099822998047,25.618127822875977,45.66264724731445,79.0804443359375,26.52088737487793,38.17974090576172,37.01837158203125,76.75330352783203,83.96662139892578,84.06897735595703,92.55634307861328
2022-08-18,371.94049072265625,203.10055541992188,321.3381652832031,131.93768310546875,99.03693389892578,188.42703247070312,119.9816665649414,71.07763671875,88.70281982421875,59.456878662109375,91.3212890625,238.5827178955078,72.45281982421875,117.34089660644531,100.9517822265625,145.29171752929688,189.04920959472656,88.30901336669922,34.68299865722656,25.717849731445312,45.556610107421875,79.39498901367188,26.41901397705078,38.055721282958984,36.80907440185547,76.78688049316406,83.97496795654297,84.11107635498047,92.58157348632812
2022-08-19,366.80865478515625,200.1985626220703,315.07293701171875,129.35678100585938,97.24238586425781,184.38223266601562,118.11527252197266,70.63997650146484,87.8962631225586,58.594783782958984,89.50133514404297,233.2062530517578,71.03690338134766,115.39718627929688,99.13529968261719,142.14846801757812,183.52523803710938,86.71910858154297,33.525001525878906,25.139467239379883,44.45094680786133,78.16341400146484,25.742774963378906,37.48878860473633,36.3085823059082,76.78688049316406,83.97496795654297,84.10688781738281,92.5899658203125
2022-08-22,359.0778503417969,195.91647338867188,306.77801513671875,126.00648498535156,95.08332824707031,180.58375549316406,115.73469543457031,69.62496948242188,85.87090301513672,57.36723327636719,87.56395721435547,228.72264099121094,69.50540924072266,112.61088562011719,96.78347778320312,139.00523376464844,176.68704223632812,85.3875732421875,32.37799835205078,24.471345901489258,43.42626190185547,76.581787109375,25.274158477783203,36.88641357421875,35.990081787109375,76.79530334472656,84.00855255126953,84.10267639160156,92.5899658203125
2022-08-23,358.227294921875,195.54779052734375,306.5242614746094,125.8798599243164,95.01789093017578,180.8773956298828,115.37284088134766,69.14073944091797,85.83506774902344,57.29225158691406,87.41717529296875,229.47959899902344,69.5439224243164,112.45767211914062,96.77869415283203,139.20465087890625,178.2879180908203,87.22589874267578,32.25299835205078,24.53117561340332,43.325050354003906,76.87464904785156,25.86890411376953,36.95728302001953,36.181175231933594,76.77848815917969,83.98340606689453,84.11107635498047,92.59838104248047
2022-08-24,359.3141174316406,196.3701934814453,307.4123229980469,126.17205810546875,95.27960205078125,182.2604217529297,115.72515869140625,69.23387145996094,86.12183380126953,57.60149002075195,88.12165832519531,231.9446258544922,70.02552032470703,112.99388122558594,97.08464050292969,140.31565856933594,179.75039672851562,89.064208984375,32.400001525878906,24.750560760498047,43.72895050048828,77.51656341552734,26.61305809020996,37.00157928466797,36.17208480834961,76.80366516113281,84.00016784667969,84.11528015136719,92.5899658203125
2022-08-25,364.5498962402344,199.21551513671875,312.84796142578125,128.46075439453125,97.08350372314453,185.09268188476562,117.7534408569336,69.80191040039062,87.67221069335938,58.52918243408203,89.54047393798828,235.3509979248047,71.21992492675781,114.97589111328125,98.8819580078125,142.9271240234375,186.31198120117188,88.80587005615234,33.209999084472656,25.488492965698242,44.48661804199219,78.47994232177734,26.555816650390625,37.43564224243164,36.954673767089844,76.81208038330078,84.02112579345703,84.1279296875,92.60679626464844
2022-08-26,352.05584716796875,192.6175079345703,300.0249328613281,123.2308120727539,94.0084457397461,179.01136779785156,113.38267517089844,67.96747589111328,84.9030532836914,56.6644287109375,86.23323059082031,227.15045166015625,68.86004638671875,111.03101348876953,95.54542541503906,138.16954040527344,176.72657775878906,84.50318145751953,31.82699966430664,24.521203994750977,42.926937103271484,75.99508666992188,25.128625869750977,36.4434928894043,36.40867233276367,76.81208038330078,84.02112579345703,84.1279296875,92.6152114868164
2022-08-29,349.7309265136719,191.2090301513672,297.0679931640625,121.96469116210938,93.12985229492188,177.3631134033203,112.28761291503906,67.57637023925781,84.49081420898438,56.270851135253906,85.47978973388672,225.180419921875,68.33026885986328,109.92987823486328,94.53204345703125,136.97305297851562,173.50506591796875,83.43000030517578,31.349000930786133,24.202098846435547,42.5394287109375,75.52177429199219,24.799724578857422,36.35491943359375,36.181175231933594,76.81208038330078,84.02532958984375,84.11107635498047,92.60679626464844
2022-08-30,345.931640625,189.08218383789062,293.7597961425781,120.62067413330078,91.71852111816406,174.88133239746094,111.14491271972656,66.9897232055664,83.63945770263672,55.64302062988281,84.6480941772461,221.8710479736328,67.29000854492188,108.54153442382812,93.19361114501953,135.2352294921875,171.4990692138672,82.57543182373047,30.983999252319336,23.9328556060791,42.0622673034668,74.74575805664062,24.225353240966797,36.05373001098633,35.75347900390625,76.82044219970703,84.02532958984375,84.1194839477539,92.62358093261719
2022-08-31,343.2097473144531,187.69264221191406,292.0519714355469,120.00711059570312,90.84930419921875,173.82040405273438,110.22124481201172,66.5613784790039,82.8060302734375,55.27756881713867,84.13927459716797,220.91030883789062,66.8276596069336,107.5265884399414,92.49568939208984,134.58949279785156,169.0187225341797,83.17163848876953,30.950000762939453,24.012632369995117,42.044918060302734,74.41937255859375,24.585304260253906,35.841121673583984,35.88088607788086,76.83724212646484,84.03368377685547,84.1279296875,92.62358093261719
2022-09-01,344.26824951171875,187.80606079101562,292.1788635253906,119.9583969116211,89.76507568359375,171.92588806152344,110.44979095458984,67.21319580078125,82.93148040771484,55.1463737487793,83.34672546386719,217.8241424560547,66.33643341064453,106.21480560302734,91.25286102294922,132.78521728515625,163.2180938720703,84.98014068603516,30.59000015258789,23.33453369140625,41.787540435791016,73.97664642333984,25.177139282226562,35.362770080566406,35.598785400390625,76.85320281982422,84.0572280883789,84.1160888671875,92.62445831298828
2022-09-02,340.6580810546875,185.9438934326172,288.0508117675781,118.34169006347656,89.10147094726562,170.59027099609375,109.33567810058594,66.35650634765625,82.36689758300781,54.75279998779297,82.86725616455078,216.02877807617188,65.66217803955078,105.2764663696289,90.53105926513672,131.9495391845703,162.10147094726562,83.20145416259766,30.132999420166016,23.135093688964844,41.19084548950195,73.54967498779297,24.824947357177734,35.14131164550781,35.27118682861328,76.86161804199219,84.0572280883789,84.14985656738281,92.62445831298828
2022-09-06,339.5144958496094,185.18768310546875,285.9819641113281,117.46516418457031,87.95184326171875,168.9041748046875,109.2309341430664,66.21684265136719,81.6768569946289,54.55134582519531,82.68134307861328,214.4954071044922,65.31541442871094,103.84021759033203,89.3408203125,130.9904327392578,161.17259216308594,80.82654571533203,29.839000701904297,22.84989356994629,40.87081527709961,72.78943634033203,23.93720054626465,34.990718841552734,34.852596282958984,76.86161804199219,84.06565856933594,84.14985656738281,92.63286590576172
2022-09-07,345.6008605957031,188.60955810546875,291.7591247558594,119.80255889892578,89.475341796875,172.57948303222656,111.17349243164062,67.54843139648438,82.7791519165039,55.71798324584961,84.69700622558594,219.50306701660156,66.84693908691406,105.736083984375,90.8800048828125,133.90574645996094,164.97708129882812,84.25476837158203,30.60099983215332,23.234811782836914,41.720062255859375,74.2458267211914,25.133480072021484,35.291908264160156,35.1619873046875,76.8700180053711,84.08242797851562,84.14985656738281,92.63286590576172
2022-09-08,347.85968017578125,190.10305786132812,293.2718200683594,120.39666748046875,89.87725067138672,174.01934814453125,112.02098083496094,67.83708953857422,83.38853454589844,56.28958511352539,85.86139678955078,221.9390106201172,67.68492126464844,106.5307846069336,91.61614990234375,135.54861450195312,167.55624389648438,86.8681640625,31.020000457763672,23.543949127197266,42.22710418701172,75.14412689208984,25.93293571472168,35.345054626464844,34.97089385986328,76.88683319091797,84.09923553466797,84.16671752929688,92.63286590576172
2022-09-09,353.227783203125,193.2602996826172,299.68328857421875,122.95809936523438,91.60635375976562,177.51467895507812,113.9730453491211,68.53548431396484,84.7327880859375,57.23603820800781,87.56395721435547,226.46144104003906,68.97563934326172,108.4553451538086,93.38957977294922,138.5209197998047,171.3311004638672,87.4544448852539,32.099998474121094,24.331735610961914,43.29227066040039,76.86873626708984,25.947490692138672,36.25747299194336,35.48958206176758,76.88683319091797,84.09083557128906,84.15829467773438,92.63286590576172
2022-09-12,357.1120910644531,195.33987426757812,303.2452697753906,124.47740936279297,92.71861267089844,179.6649169921875,114.66818237304688,68.93589782714844,85.61100769042969,57.76078414916992,88.42501068115234,229.0041046142578,69.50540924072266,109.79583740234375,94.38385009765625,140.12574768066406,172.12164306640625,88.12020111083984,32.37200164794922,24.581035614013672,43.80125045776367,77.6319351196289,26.583951950073242,36.71811294555664,36.01738357543945,76.87841033935547,84.09083557128906,84.15829467773438,92.63286590576172
2022-09-13,341.5369567871094,186.94589233398438,286.61627197265625,117.68914794921875,89.1668930053711,172.63638305664062,109.45945739746094,66.68242645263672,81.963623046875,55.436859130859375,84.65788269042969,219.70687866210938,66.8276596069336,105.5254135131836,90.82264709472656,134.4850311279297,163.30703735351562,83.60885620117188,30.707000732421875,23.35447883605957,41.83573913574219,74.46375274658203,25.768970489501953,35.46021270751953,34.90719223022461,76.8952407836914,84.11601257324219,84.1076889038086,92.58233642578125
2022-09-14,342.8128662109375,187.67373657226562,288.89013671875,118.64359283447266,89.20428466796875,173.3088836669922,109.58325958251953,66.68242645263672,81.82918548583984,55.51183319091797,85.04927062988281,221.2499542236328,66.8276596069336,105.64990234375,90.83221435546875,135.08326721191406,165.31304931640625,84.55286407470703,30.84000015258789,23.603778839111328,41.97358322143555,74.87689971923828,26.00473403930664,35.619667053222656,35.0800895690918,76.8952407836914,84.10762786865234,84.1076889038086,92.58233642578125
2022-09-15,338.9851989746094,185.66978454589844,284.0789794921875,116.62757873535156,88.43787384033203,172.0490264892578,108.04063415527344,65.90953826904297,81.57826232910156,54.98706817626953,84.14907836914062,219.03724670410156,66.28825378417969,104.60623168945312,90.01482391357422,133.9817352294922,163.4157257080078,85.65586853027344,30.71299934387207,23.33453369140625,41.655479431152344,74.57715606689453,26.02122688293457,35.274192810058594,34.706993103027344,76.92045593261719,84.1328353881836,84.12454986572266,92.59075927734375
2022-09-16,336.3200378417969,183.9777374267578,282.3419494628906,115.8289566040039,87.82097625732422,169.54827880859375,107.22168731689453,65.72329711914062,80.94197845458984,54.29364013671875,82.84768676757812,214.67010498046875,65.22874450683594,103.8115005493164,89.25000762939453,131.57920837402344,163.6726837158203,82.74433898925781,30.059999465942383,22.855876922607422,40.928653717041016,73.31401824951172,24.850175857543945,35.04386901855469,34.38850402832031,76.92045593261719,84.1328353881836,84.13298034667969,92.60758972167969
2022-09-19,338.90020751953125,185.2822265625,284.54058837890625,116.84881591796875,88.8210678100586,170.99758911132812,107.94540405273438,66.0492172241211,81.47969818115234,54.68721389770508,83.42499542236328,216.21316528320312,66.02819061279297,104.79772186279297,90.18689727783203,132.65228271484375,164.80458068847656,81.71092987060547,29.979999542236328,22.885793685913086,41.07420349121094,73.892822265625,24.25640106201172,35.177146911621094,34.49769592285156,76.92045593261719,84.14122009277344,84.14141082763672,92.59075927734375
2022-09-20,335.0820007324219,183.12701416015625,282.2725524902344,115.90216827392578,87.72752380371094,168.66737365722656,106.42182922363281,65.24840545654297,79.83074188232422,53.80636215209961,82.17253112792969,213.05908203125,64.96868133544922,103.65829467773438,89.17350006103516,130.51560974121094,162.40029907226562,81.47244262695312,29.40999984741211,22.546743392944336,40.35124206542969,72.8900146484375,24.25543212890625,34.59071731567383,34.30660629272461,76.91207885742188,84.15801239013672,84.14985656738281,92.60758972167969
2022-09-21,329.1846008300781,179.99815368652344,277.2181091308594,113.82342529296875,86.70874786376953,166.0908660888672,104.72686767578125,64.4010238647461,78.5582046508789,52.94425582885742,80.83202362060547,210.26412963867188,64.14993286132812,102.3944091796875,88.2222671508789,128.50242614746094,161.9649658203125,78.6304931640625,29.1200008392334,22.267526626586914,39.74394607543945,71.50460052490234,23.33663558959961,34.14644241333008,33.73331069946289,76.92887878417969,84.16641998291016,84.13298034667969,92.60758972167969
2022-09-22,326.4060363769531,177.98472595214844,273.8061218261719,112.4278335571289,84.87681579589844,162.34921264648438,103.67938995361328,64.18684387207031,77.83228302001953,52.06342697143555,78.74787902832031,204.79061889648438,62.50284194946289,100.08686065673828,86.16679382324219,125.1597671508789,156.63209533691406,77.5970458984375,28.25,21.669204711914062,39.05953598022461,70.1773681640625,23.06594467163086,33.98651123046875,33.56950759887695,76.96246337890625,84.1748046875,84.17515563964844,92.62445831298828
2022-09-23,320.98126220703125,174.9147491455078,269.3481140136719,110.671142578125,83.04486083984375,158.4844512939453,102.16535186767578,63.56293869018555,76.17436981201172,51.13572311401367,77.50521850585938,199.75384521484375,61.19287109375,98.16230010986328,84.45550537109375,122.45733642578125,154.11903381347656,76.16614532470703,27.610000610351562,21.190547943115234,38.27873229980469,68.33148193359375,22.382909774780273,32.87583923339844,32.741416931152344,76.96246337890625,84.19163513183594,84.17092895507812,92.63286590576172
2022-09-26,317.87188720703125,172.9972381591797,268.23370361328125,110.00751495361328,81.7718734741211,156.314453125,101.0361328125,62.88173294067383,74.86675262451172,50.407958984375,76.5166244506836,197.54502868652344,60.29165267944336,96.80071258544922,83.35128021240234,120.40860748291016,152.46673583984375,74.586181640625,27.290000915527344,20.9741268157959,37.872711181640625,67.501220703125,22.28491973876953,32.351600646972656,32.341026306152344,76.94569396972656,84.19163513183594,84.17515563964844,92.63286590576172
2022-09-27,316.97412109375,172.7409210205078,268.3411865234375,110.20269012451172,81.83763122558594,156.84768676757812,100.892578125,62.498085021972656,74.77632904052734,50.332847595214844,76.84027862548828,199.3751220703125,60.620426177978516,97.16584777832031,83.54728698730469,121.10418701171875,154.9995880126953,76.73255157470703,27.354000091552734,21.123727798461914,37.89971923828125,67.68461608886719,22.801074981689453,32.15612030029297,32.30461883544922,76.97089385986328,84.20006561279297,84.18783569335938,92.62445831298828
2022-09-28,323.2001953125,176.3766326904297,273.6790771484375,112.43758392333984,84.0641860961914,161.8083953857422,103.29456329345703,63.620948791503906,76.38597106933594,51.56299591064453,79.09593963623047,206.4522247314453,62.48670959472656,100.01008605957031,86.00779724121094,124.87772369384766,158.09642028808594,80.68742370605469,28.190000534057617,21.502717971801758,38.87474060058594,69.70508575439453,24.1516170501709,32.87583923339844,32.586727142333984,76.97932434082031,84.20006561279297,84.20891571044922,92.65814208984375
2022-09-29,316.4604797363281,172.71241760253906,265.78961181640625,109.24628448486328,82.39190673828125,158.1807098388672,101.17009735107422,62.57293701171875,74.89387512207031,50.511268615722656,77.69349670410156,202.52915954589844,61.30698013305664,97.98261260986328,84.30989074707031,121.92369842529297,153.41656494140625,78.3622055053711,27.149999618530273,21.004045486450195,37.805206298828125,68.2979507446289,23.389995574951172,32.46711730957031,31.85873031616211,76.99610900878906,84.22525787353516,84.24263000488281,92.68343353271484
2022-09-30,311.6383972167969,170.36769104003906,261.28271484375,107.30416107177734,81.91278839111328,157.02857971191406,99.46669006347656,61.8524055480957,74.0257568359375,50.0511360168457,76.91873168945312,201.10792541503906,60.93952560424805,97.69432830810547,83.97893524169922,121.1232681274414,150.5275115966797,78.81929016113281,26.847999572753906,20.904312133789062,37.475372314453125,67.73491668701172,23.845998764038086,32.30717849731445,31.740434646606445,76.99610900878906,84.23363494873047,84.22579193115234,92.64971160888672
2022-10-03,319.8778076171875,174.69644165039062,267.41241455078125,109.82207489013672,83.9796142578125,161.1894989013672,102.23234558105469,63.37767028808594,76.29554748535156,51.45030975341797,79.15479278564453,206.705322265625,62.786468505859375,100.12538146972656,86.1756591796875,124.20114135742188,156.34515380859375,79.47513580322266,27.610000610351562,21.432903289794922,38.279701232910156,69.2386703491211,23.785846710205078,33.02689743041992,32.25912857055664,76.9750747680664,84.2395248413086,84.22579193115234,92.6758804321289
2022-10-04,329.588623046875,180.30665588378906,275.8201599121094,113.29640197753906,87.17384338378906,167.57839965820312,105.1893310546875,64.72512817382812,79.07173156738281,53.28144836425781,82.23429107666016,214.5612030029297,65.31996154785156,103.77681732177734,89.26929473876953,129.6517333984375,163.39964294433594,82.47604370117188,29.079999923706055,22.460166931152344,39.938499450683594,71.74229431152344,25.089818954467773,34.34193801879883,33.314720153808594,77.00030517578125,84.24794006347656,84.24264526367188,92.70120239257812
2022-10-05,329.0190734863281,179.9649658203125,275.67352294921875,113.16954040527344,86.61955261230469,166.34060668945312,105.20849609375,64.45376586914062,78.85470581054688,53.084251403808594,82.03814697265625,213.4416961669922,65.26195526123047,103.26753234863281,88.74649810791016,129.05140686035156,164.54730224609375,82.14814758300781,29.040000915527344,22.539955139160156,39.743682861328125,71.79850006103516,25.083026885986328,33.93320083618164,33.33291244506836,77.00030517578125,84.24794006347656,84.2511215209961,92.70963287353516
2022-10-06,325.5542907714844,178.2467498779297,273.50311279296875,112.3497543334961,86.15921020507812,165.4075164794922,104.30891418457031,63.47123718261719,77.986572265625,52.50204086303711,81.70469665527344,212.56561279296875,64.8074722290039,102.69100952148438,88.3484115600586,128.27955627441406,163.27099609375,82.14814758300781,29.030000686645508,22.400325775146484,39.608665466308594,71.44054412841797,25.187808990478516,33.364540100097656,33.13271713256836,77.01715087890625,84.27320098876953,84.26799774169922,92.71806335449219
2022-10-07,316.4130554199219,173.14906311035156,263.08160400390625,108.00682830810547,84.02659606933594,160.54202270507812,101.38063049316406,62.07699203491211,76.13275909423828,51.055904388427734,79.13517761230469,205.5469207763672,62.99920654296875,99.95243835449219,85.97420501708984,124.15350341796875,154.0101776123047,78.60069274902344,27.674999237060547,21.373064041137695,38.258480072021484,69.21205139160156,24.03228187561035,32.84029769897461,32.441123962402344,77.01715087890625,84.28158569335938,84.26799774169922,92.72649383544922
2022-10-10,314.04937744140625,171.7726287841797,260.4517822265625,106.90403747558594,84.0359878540039,159.64698791503906,100.78730773925781,62.00213623046875,75.46357727050781,50.66150665283203,78.05635833740234,203.9212188720703,62.79615783691406,99.84674072265625,85.91185760498047,122.78132629394531,149.3599853515625,77.15982818603516,27.15999984741211,20.754709243774414,37.60942840576172,67.88084411621094,23.61314582824707,32.61817169189453,31.986127853393555,77.02558135986328,84.28158569335938,84.27645874023438,92.7349624633789
2022-10-11,311.98004150390625,170.67144775390625,256.87359619140625,105.55723571777344,84.25206756591797,159.69461059570312,100.20356750488281,61.96469497680664,75.37316131591797,50.351619720458984,77.2521743774414,203.3760986328125,62.82515335083008,99.71221923828125,85.83992767333984,122.16191864013672,146.26316833496094,77.77593231201172,26.908000946044922,20.04659652709961,36.995094299316406,66.6275634765625,23.828535079956055,32.2360954284668,31.47653579711914,77.02558135986328,84.28998565673828,84.27645874023438,92.7349624633789
2022-10-12,311.0118713378906,170.206298828125,256.7856140136719,105.50843811035156,83.69779205322266,159.25662231445312,99.81121063232422,61.52490234375,75.03858184814453,50.126258850097656,77.01677703857422,202.4318389892578,62.477027893066406,99.0780258178711,85.22600555419922,122.0475845336914,143.96778869628906,78.20320892333984,26.770999908447266,20.026649475097656,36.966163635253906,66.55459594726562,23.952722549438477,32.15612030029297,31.512935638427734,77.02558135986328,84.27320098876953,84.27645874023438,92.74340057373047
2022-10-13,319.15643310546875,174.43060302734375,262.807861328125,107.89948272705078,85.83979034423828,163.19851684570312,101.9069595336914,62.825592041015625,77.24505615234375,51.243717193603516,78.17404174804688,206.7735137939453,63.695438385009766,101.54753112792969,87.28363037109375,124.15350341796875,148.52890014648438,79.5645523071289,27.219999313354492,20.176252365112305,37.67982864379883,67.63433837890625,24.24281883239746,32.8225212097168,31.603927612304688,77.05084228515625,84.29843139648438,84.2511215209961,92.74340057373047
2022-10-14,311.9704895019531,170.3202362060547,254.90850830078125,104.69841766357422,83.86688232421875,158.828125,99.35186767578125,61.693321228027344,75.91573333740234,49.95722961425781,75.9085693359375,200.37779235839844,61.79047775268555,98.90505981445312,85.12525177001953,120.71350860595703,141.6229248046875,77.3287582397461,26.118999481201172,19.50802993774414,36.58039474487305,65.92647552490234,23.551054000854492,32.262752532958984,31.1307373046875,77.05084228515625,84.31524658203125,84.2511215209961,92.74340057373047
2022-10-17,319.89678955078125,174.86732482910156,263.3260192871094,108.07514953613281,86.18738555908203,163.8936004638672,101.96436309814453,62.88173294067383,77.10037231445312,51.21554946899414,78.30154418945312,207.1920623779297,63.76313400268555,101.7012710571289,87.46107482910156,124.75381469726562,145.46177673339844,80.19058990478516,27.19499969482422,20.395668029785156,37.84956741333008,67.97946166992188,24.187517166137695,33.11574172973633,31.986127853393555,77.05084228515625,84.30683135986328,84.2511215209961,92.7349624633789
2022-10-18,323.66534423828125,177.00318908691406,265.4082946777344,109.03157806396484,87.192626953125,165.83599853515625,103.13187408447266,63.60224914550781,78.03179931640625,51.92921447753906,79.53727722167969,209.69386291503906,64.63341522216797,102.72942352294922,88.25727081298828,126.55480194091797,145.72891235351562,80.56819915771484,27.440000534057617,20.635028839111328,38.21025848388672,68.62139892578125,24.269983291625977,33.33787536621094,31.99522590637207,77.05084228515625,84.32366180419922,84.24264526367188,92.75182342529297
2022-10-19,321.425048828125,175.49380493164062,264.4404602050781,108.62168884277344,85.89616394042969,163.01759338378906,102.28973388671875,63.040809631347656,77.4259262084961,51.3000602722168,78.15443420410156,205.5761260986328,63.202274322509766,100.7115478515625,86.59294128417969,124.09632873535156,145.68931579589844,76.62324523925781,27.128999710083008,20.196199417114258,37.63161087036133,68.0100326538086,23.072734832763672,32.955806732177734,31.4128360748291,77.05084228515625,84.32366180419922,84.23423767089844,92.74340057373047
2022-10-20,318.7861328125,173.9749755859375,263.0912780761719,108.00682830810547,84.63727569580078,160.94192504882812,101.48587799072266,62.526153564453125,77.35357666015625,50.86809539794922,77.4581298828125,203.75576782226562,62.31265640258789,99.25099182128906,85.43704986572266,122.94330596923828,146.26316833496094,76.2356948852539,27.381999969482422,20.246065139770508,37.54095458984375,67.86310577392578,23.17363929748535,32.866947174072266,31.6130313873291,77.08451080322266,84.3404769897461,84.2511215209961,92.76026153564453
2022-10-21,326.44659423828125,177.98094177246094,269.26019287109375,110.60281372070312,86.65713500976562,164.4363250732422,104.06012725830078,63.6490364074707,79.68665313720703,51.93861389160156,79.04691314697266,208.03900146484375,63.53105163574219,101.74932098388672,87.48985290527344,125.33509063720703,151.63565063476562,78.34231567382812,27.759000778198242,20.505374908447266,38.24883270263672,68.77423095703125,23.86637306213379,33.480045318603516,32.09532165527344,77.09294128417969,84.35733795166016,84.28491973876953,92.77713012695312
2022-10-24,330.4239807128906,179.8984375,272.22247314453125,111.81298065185547,87.4087142944336,165.1409454345703,105.33287048339844,64.50055694580078,80.71755981445312,52.4644775390625,79.68437957763672,208.30178833007812,63.927513122558594,102.55647277832031,88.15656280517578,125.62096405029297,151.0617218017578,77.98461151123047,27.983999252319336,20.4056396484375,38.15239715576172,68.90734100341797,23.812042236328125,33.42673110961914,30.875944137573242,77.08451080322266,84.36573791503906,84.26799774169922,92.77713012695312
2022-10-25,335.79669189453125,183.154541015625,277.8536071777344,114.0674057006836,89.46617126464844,169.64456176757812,107.60087585449219,65.26786804199219,81.81175231933594,53.581947326660156,81.82238006591797,214.6584930419922,65.78414154052734,105.11246490478516,90.43961334228516,129.3182373046875,155.44480895996094,80.07134246826172,29.040000915527344,21.0738582611084,39.193965911865234,70.43378448486328,24.42230796813965,34.17310333251953,31.1307373046875,77.08451080322266,84.35733795166016,84.28491973876953,92.79402160644531
2022-10-26,333.29071044921875,182.0248565673828,271.7139892578125,111.54949951171875,89.84195709228516,170.48248291015625,107.14154052734375,65.33335876464844,82.3905029296875,53.657073974609375,81.70469665527344,215.76828002929688,65.9001693725586,105.38151550292969,90.67460632324219,129.35633850097656,154.12889099121094,81.40287780761719,29.097000122070312,20.924259185791016,39.277870178222656,70.2109375,24.734716415405273,34.51963424682617,31.640331268310547,77.1013412475586,84.35733795166016,84.28491973876953,92.80244445800781
2022-10-27,331.506103515625,181.1705322265625,266.7671813964844,109.50977325439453,90.13318634033203,170.52056884765625,106.21327209472656,65.30528259277344,82.1644287109375,53.66175842285156,81.78316497802734,215.0966033935547,65.56172180175781,105.13166046142578,90.62186431884766,129.54690551757812,152.42715454101562,80.39926147460938,28.96500015258789,20.88436508178711,38.81302261352539,69.92792510986328,24.329166412353516,34.28860855102539,31.394630432128906,77.12660217285156,84.3993911743164,84.31024932861328,92.8193130493164
2022-10-28,339.2425231933594,185.38534545898438,274.9305114746094,112.8962631225586,92.01215362548828,174.39578247070312,108.73009490966797,67.04578399658203,84.14485168457031,54.746360778808594,83.2836685180664,219.82765197753906,66.69310760498047,107.562744140625,92.51163482666016,131.81483459472656,158.3734588623047,83.23126220703125,29.565000534057617,21.09380531311035,39.50257873535156,71.1723403930664,25.44782829284668,34.5551643371582,31.20353889465332,77.11820220947266,84.3993911743164,84.31871032714844,92.81088256835938
2022-10-31,336.9358215332031,184.18923950195312,271.7336730957031,111.5982894897461,91.99333953857422,174.55767822265625,107.7156982421875,66.61531829833984,83.71981811523438,54.5022087097168,83.02867889404297,220.2559356689453,66.67375946044922,107.3609619140625,92.44925689697266,131.49082946777344,155.21728515625,81.63142395019531,29.233999252319336,20.94420623779297,39.12645721435547,70.81932830810547,25.1043701171875,34.27083969116211,31.112537384033203,77.11820220947266,84.3993911743164,84.31871032714844,92.79402160644531
2022-11-01,335.5783996582031,183.61965942382812,268.9571533203125,110.44666290283203,92.3597412109375,174.79568481445312,107.67743682861328,66.54048156738281,84.14485168457031,54.61489486694336,83.3719482421875,220.6842498779297,67.0218505859375,107.81255340576172,92.73225402832031,131.92916870117188,157.44338989257812,82.29719543457031,29.378000259399414,21.043941497802734,39.271121978759766,70.83905029296875,25.45558738708496,34.56406021118164,31.685834884643555,77.12494659423828,84.4086685180664,84.32294464111328,92.82109069824219
2022-11-02,327.01611328125,178.7877960205078,259.73797607421875,106.70883178710938,89.25008392333984,168.9971160888672,104.67256927490234,65.20235443115234,82.40858459472656,53.15936279296875,80.43954467773438,212.55584716796875,64.76880645751953,103.9305648803711,89.44196319580078,127.55537414550781,154.06956481933594,80.66756439208984,28.329999923706055,20.166276931762695,38.23533630371094,68.68055725097656,24.689117431640625,34.03982162475586,31.421932220458984,77.15027618408203,84.425537109375,84.33140563964844,92.82109069824219
2022-11-03,323.53240966796875,177.07911682128906,254.6641082763672,104.63008880615234,88.74276733398438,167.8640594482422,103.7155990600586,64.77191925048828,81.52238464355469,52.915218353271484,80.10610961914062,211.5142822265625,64.61407470703125,103.1137924194336,88.58821868896484,126.79302978515625,151.88296508789062,80.12100982666016,28.06999969482422,19.887022018432617,37.8167839050293,67.67475891113281,24.614412307739258,33.764381408691406,31.603927612304688,77.17558288574219,84.45927429199219,84.33987426757812,92.86334228515625
2022-11-04,328.26922607421875,179.357421875,258.7603454589844,106.22087860107422,90.13318634033203,170.13018798828125,105.39986419677734,65.29593658447266,83.05065155029297,53.49742889404297,80.42971801757812,212.6337127685547,65.4456787109375,104.42062377929688,89.78730010986328,127.66969299316406,158.69004821777344,79.45523834228516,28.700000762939453,19.747392654418945,38.53816223144531,67.32077026367188,24.313642501831055,35.052757263183594,32.941612243652344,77.19246673583984,84.46770477294922,84.35680389404297,92.871826171875
2022-11-07,331.42071533203125,180.99014282226562,261.6053466796875,107.4114990234375,91.01629638671875,170.90139770507812,106.6152114868164,65.79188537597656,83.84642028808594,53.910606384277344,80.94953918457031,213.70452880859375,66.1515884399414,105.4295654296875,90.8664779663086,128.4034423828125,161.0052490234375,78.62055206298828,28.91200065612793,19.95484161376953,38.721405029296875,68.00707244873047,23.8527889251709,35.20380401611328,32.95981979370117,77.18402099609375,84.47615814208984,84.36531066894531,92.8802719116211
2022-11-08,333.2242431640625,181.93946838378906,263.51171875,108.2117691040039,91.14781188964844,170.9680633544922,107.24681854248047,66.29717254638672,84.1900634765625,54.30500793457031,81.5575942993164,213.9868621826172,66.3449935913086,105.89077758789062,91.06312561035156,128.81317138671875,163.86459350585938,79.35587310791016,28.917999267578125,20.285959243774414,38.88534927368164,68.86791229248047,23.975038528442383,35.63029861450195,33.196414947509766,77.19246673583984,84.48456573486328,84.38221740722656,92.88872528076172
2022-11-09,326.4180908203125,178.0189208984375,257.4308166503906,105.73290252685547,89.03401947021484,166.2739715576172,105.02664184570312,65.5205078125,82.48997497558594,53.234493255615234,79.74322509765625,207.09475708007812,64.69145202636719,103.44049072265625,89.00070190429688,125.34461975097656,158.69004821777344,76.71266174316406,28.315000534057617,19.747392654418945,37.834136962890625,66.8839340209961,22.94466781616211,35.132720947265625,32.62311935424805,77.23465728759766,84.50985717773438,84.42455291748047,92.92254638671875
2022-11-10,344.282958984375,188.09078979492188,276.4263000488281,113.44279479980469,94.27628326416016,176.5095977783203,111.80195617675781,67.831787109375,86.17047119140625,56.23944091796875,85.32357025146484,220.43118286132812,68.9751968383789,110.08987426757812,94.71792602539062,133.9779052734375,174.29293823242188,82.59532165527344,31.170000076293945,21.682239532470703,40.57308578491211,70.93766784667969,24.980182647705078,37.087493896484375,33.80611038208008,77.24309539794922,84.51830291748047,84.44147491455078,92.96483612060547
2022-11-11,347.5768737792969,190.0083465576172,281.5197448730469,115.609375,94.7929916381836,177.95684814453125,113.40008544921875,67.45750427246094,87.0205078125,56.89677047729492,86.58872985839844,222.87457275390625,69.52638244628906,110.916259765625,95.58128356933594,135.88372802734375,178.6363983154297,84.22496032714844,32.66299819946289,22.465152740478516,41.54714584350586,71.75511169433594,25.619558334350586,37.78055953979492,34.725196838378906,77.23465728759766,84.52674102783203,84.44998168945312,92.95637512207031
2022-11-14,344.7860412597656,188.29013061523438,279.05609130859375,114.59442138671875,93.86290740966797,175.96688842773438,112.47181701660156,67.27970123291016,86.44175720214844,56.23944091796875,85.53935241699219,220.59666442871094,68.71409606933594,109.84967803955078,94.48291778564453,134.03506469726562,176.8851318359375,83.53931427001953,32.000999450683594,22.121070861816406,41.084224700927734,71.17134857177734,25.607913970947266,37.34518051147461,34.515899658203125,77.23465728759766,84.52674102783203,84.43303680419922,92.94794464111328
2022-11-15,347.6338195800781,190.19818115234375,282.9177551269531,116.18516540527344,95.0748291015625,178.5757598876953,113.7350082397461,67.64463806152344,86.95719909667969,56.90615463256836,86.95160675048828,224.4029083251953,70.0291976928711,111.37750244140625,95.94578552246094,136.42686462402344,183.18760681152344,83.3207015991211,32.790000915527344,22.894010543823242,41.93291091918945,72.17517852783203,25.60015106201172,37.576202392578125,35.30759048461914,77.25152587890625,84.52674102783203,84.44147491455078,92.97332000732422
2022-11-16,344.9949645996094,188.2616729736328,279.05609130859375,114.57489013671875,93.50590515136719,175.4336395263672,112.12732696533203,67.62592315673828,85.43798065185547,56.19248962402344,85.53935241699219,220.40194702148438,68.91717529296875,109.51336669921875,94.22872161865234,133.53958129882812,174.99539184570312,80.97560119628906,31.660999298095703,22.150989532470703,41.21731948852539,71.12995147705078,24.799724578857422,37.43403244018555,34.74338912963867,77.25997924804688,84.51830291748047,84.45844268798828,92.98175048828125
2022-11-17,343.9982604980469,187.47373962402344,278.4401550292969,114.35041046142578,93.1301040649414,173.8054656982422,111.92633819580078,67.57913208007812,85.60979461669922,55.70418930053711,84.3722915649414,217.97804260253906,68.32730102539062,108.75424194335938,93.50444793701172,132.0435333251953,176.6377716064453,80.03160095214844,31.507999420166016,21.871734619140625,40.968502044677734,70.35292053222656,24.155498504638672,37.38960647583008,34.80709457397461,77.28530883789062,84.56049346923828,84.48381805419922,92.99022674560547
2022-11-18,345.51702880859375,188.35655212402344,278.4499816894531,114.46753692626953,93.76895141601562,174.9290008544922,112.34742736816406,68.2341537475586,86.25184631347656,56.06101989746094,84.79399871826172,219.2338104248047,68.69475555419922,109.39806365966797,94.04644775390625,132.62477111816406,178.49786376953125,80.49862670898438,31.365999221801758,21.8348331451416,40.8913459777832,70.65859985351562,24.213712692260742,37.45179748535156,34.606895446777344,77.28530883789062,84.56049346923828,84.48381805419922,92.99867248535156
2022-11-21,344.3019104003906,187.55918884277344,275.5855407714844,113.18904876708984,93.46831512451172,174.01492309570312,111.73495483398438,68.5055160522461,85.96247100830078,55.93894577026367,84.32323455810547,217.60813903808594,68.27896881103516,108.94641876220703,93.73468780517578,131.6051788330078,174.21376037597656,79.3658218383789,30.702999114990234,21.50670623779297,40.31269073486328,69.9693374633789,23.959514617919922,37.149696350097656,34.17009353637695,77.29373931884766,84.57734680175781,84.48381805419922,92.99867248535156
2022-11-22,348.8868408203125,190.01783752441406,279.5546875,114.76030731201172,94.60506439208984,175.8716278076172,113.56275939941406,69.12310028076172,87.37318420410156,56.64323043823242,85.45108795166016,219.90550231933594,69.48768615722656,110.22441101074219,94.77069091796875,133.4252166748047,179.10137939453125,80.4588851928711,31.201000213623047,21.702186584472656,40.68881607055664,71.05303192138672,24.19915771484375,37.700592041015625,34.25199890136719,77.31061553955078,84.60265350341797,84.50077056884766,93.0240249633789
2022-11-23,351.0701599121094,191.1759490966797,282.36053466796875,116.0387954711914,94.71783447265625,176.3286895751953,114.2900390625,69.3757553100586,87.5811767578125,56.9531135559082,86.1277847290039,220.97633361816406,69.61339569091797,110.66644287109375,95.06326293945312,134.16848754882812,181.3968048095703,80.48867797851562,31.702999114990234,21.989421844482422,41.23853302001953,71.72257232666016,24.25543212890625,38.13597106933594,34.534095764160156,77.32747650146484,84.61949920654297,84.54310607910156,93.0578842163086
2022-11-25,351.03216552734375,191.31834411621094,280.50299072265625,115.1994857788086,94.92450714111328,176.70001220703125,114.07952117919922,69.57225036621094,87.78916931152344,57.028236389160156,86.33373260498047,221.07369995117188,69.86482238769531,110.93547058105469,95.34625244140625,134.48294067382812,179.31907653808594,80.54830932617188,31.781999588012695,21.87672233581543,41.12377166748047,71.71566772460938,24.140945434570312,38.295902252197266,34.370304107666016,77.32747650146484,84.62796020507812,84.55158233642578,93.06633758544922
2022-11-28,345.47906494140625,188.21420288085938,276.38714599609375,113.48184204101562,93.09253692626953,173.1389617919922,112.52922821044922,68.8143081665039,86.21566772460938,56.173702239990234,84.79399871826172,216.7222900390625,68.52069091796875,108.54283905029297,93.52843475341797,131.91012573242188,174.67880249023438,79.14720916748047,30.959999084472656,21.542612075805664,40.621307373046875,70.7404556274414,23.5918025970459,37.762779235839844,34.21560287475586,77.33594512939453,84.64482116699219,84.55158233642578,93.07476043701172
2022-11-29,344.87152099609375,187.91993713378906,274.2950439453125,112.68156433105469,93.43073272705078,173.64356994628906,112.46224975585938,68.74880981445312,86.6678237915039,56.23099136352539,84.65669250488281,216.86830139160156,68.54969787597656,108.74464416503906,93.65314483642578,132.17694091796875,173.86746215820312,79.47513580322266,30.878000259399414,21.417943954467773,40.495933532714844,70.69410705566406,23.72083854675293,37.86052703857422,34.952693939208984,77.36124420166016,84.64482116699219,84.55158233642578,93.10012817382812
2022-11-30,355.4841003417969,193.71054077148438,286.7989196777344,117.83450317382812,95.67609405517578,178.40435791015625,116.02215576171875,70.42378997802734,88.52164459228516,57.798255920410156,87.4811782836914,223.38075256347656,70.51270294189453,112.0981674194336,96.19039154052734,136.25535583496094,183.8999786376953,83.09217071533203,31.97599983215332,22.40531349182129,42.12580108642578,73.28646850585938,24.70172882080078,38.57136154174805,35.96278762817383,77.36124420166016,84.65327453613281,84.5685043334961,93.1086196899414
2022-12-01,355.5315856933594,193.82444763183594,287.1508483886719,117.95162200927734,95.5633544921875,178.01397705078125,115.99346160888672,70.51736450195312,88.2322769165039,57.90812301635742,88.14807891845703,223.37107849121094,70.48368835449219,112.06934356689453,96.41584014892578,136.3411102294922,182.05970764160156,82.56549072265625,32.35499954223633,22.855113983154297,42.34761428833008,73.34464263916016,24.389320373535156,38.900108337402344,35.844486236572266,77.37814331054688,84.68962097167969,84.60247039794922,93.15949249267578
2022-12-02,355.01904296875,193.6440887451172,286.0071105957031,117.45391082763672,95.94853973388672,179.05181884765625,115.95516204833984,70.64833068847656,87.96097564697266,57.8452033996582,88.00098419189453,224.8993682861328,70.54170989990234,112.55940246582031,96.75157928466797,136.6460418701172,180.94171142578125,85.11927032470703,32.46699905395508,22.734437942504883,42.52892303466797,73.14152526855469,25.2547550201416,38.86457443237305,35.98098373413086,77.38662719726562,84.69808959960938,84.62792205810547,93.15100860595703
2022-12-05,348.6969909667969,189.8374786376953,281.2069091796875,115.54106903076172,93.27105712890625,174.11965942382812,114.0508041381836,69.64710998535156,86.40558624267578,56.586883544921875,85.81394958496094,218.6984100341797,68.74310302734375,109.40766906738281,93.83061218261719,132.5390167236328,178.30987548828125,82.35681915283203,31.520000457763672,22.121070861816406,41.57608413696289,71.35181427001953,24.401933670043945,38.27814483642578,35.57148742675781,77.39510345458984,84.72344970703125,84.62792205810547,93.15949249267578
2022-12-06,343.656494140625,186.98965454101562,275.38018798828125,113.23785400390625,92.3785400390625,171.45367431640625,112.19429779052734,69.09501647949219,85.36564636230469,55.87321472167969,84.17613983154297,214.23020935058594,67.68910217285156,108.01435852050781,92.7610092163086,130.4140625,174.12472534179688,80.0812759399414,30.41699981689453,21.61142921447754,40.87109375,70.31150817871094,23.48798942565918,38.02046585083008,35.5259895324707,77.42050170898438,84.74039459228516,84.64491271972656,93.17640686035156
2022-12-07,342.9919738769531,186.6858673095703,274.25592041015625,112.6132583618164,91.99333953857422,170.94903564453125,112.0507583618164,69.1698989868164,85.447021484375,55.83564376831055,84.17613983154297,214.09393310546875,67.76647186279297,107.65884399414062,92.70346069335938,130.0424346923828,174.3720703125,80.57810974121094,30.28700065612793,21.467809677124023,40.68881607055664,70.23755645751953,23.750917434692383,38.02046585083008,35.316688537597656,77.42050170898438,84.73189544677734,84.65341186523438,93.21038055419922
2022-12-08,345.6974182128906,188.2996368408203,277.5016784667969,113.93077087402344,92.42549133300781,172.18682861328125,112.9981460571289,69.6190414428711,85.9172592163086,56.2957878112793,85.25493621826172,215.758544921875,68.43367767333984,108.10084533691406,93.0727767944336,131.40509033203125,179.03213500976562,81.06502532958984,30.68600082397461,21.921602249145508,41.41212844848633,70.70099639892578,23.947874069213867,38.23371887207031,35.744388580322266,77.47127532958984,84.77420043945312,84.68739318847656,93.24424743652344
2022-12-09,343.17236328125,186.7238311767578,275.7321472167969,113.27689361572266,91.43905639648438,170.07302856445312,111.94549560546875,68.97338104248047,85.37468719482422,55.882606506347656,84.30363464355469,212.67266845703125,67.64073181152344,107.10150146484375,91.98881530761719,129.98529052734375,177.06324768066406,79.02796936035156,30.52400016784668,21.78197479248047,41.0263671875,70.489990234375,23.251256942749023,38.260372161865234,35.50778579711914,77.46279907226562,84.77420043945312,84.69586181640625,93.24424743652344
2022-12-12,348.0704650878906,189.41030883789062,279.1929931640625,114.64320373535156,92.42549133300781,172.0725555419922,113.81156921386719,69.98397827148438,86.56836700439453,56.73712921142578,85.75511169433594,215.982421875,68.34664916992188,108.07201385498047,92.91451263427734,131.9863739013672,179.7445068359375,81.01535034179688,30.884000778198242,22.061229705810547,41.2771110534668,71.10726928710938,23.663597106933594,38.358097076416016,35.39859390258789,77.47127532958984,84.79112243652344,84.70436096191406,93.24424743652344
2022-12-13,350.6429138183594,190.82473754882812,282.1943054199219,115.92167663574219,92.73872375488281,173.49781799316406,114.80220031738281,70.01876831054688,87.03128051757812,57.206661224365234,86.7640609741211,218.61582946777344,68.90127563476562,108.86351013183594,93.5092544555664,133.13937377929688,183.4250946044922,82.29719543457031,31.709999084472656,22.39035415649414,41.923274993896484,71.66340637207031,24.010934829711914,38.855690002441406,35.6517333984375,77.47127532958984,84.7995834350586,84.72984313964844,93.27819061279297
2022-12-14,348.526123046875,189.76150512695312,280.10223388671875,114.93597412109375,92.03115844726562,172.35951232910156,114.34100341796875,69.75554656982422,86.57563018798828,56.84043502807617,86.24285888671875,217.3474578857422,68.59099578857422,107.79339599609375,92.81858825683594,132.52000427246094,180.74380493164062,82.56549072265625,31.329999923706055,22.470142364501953,41.82682800292969,71.19995880126953,24.17975425720215,38.837921142578125,35.670204162597656,77.49663543701172,84.7995834350586,84.73831939697266,93.26970672607422
2022-12-15,339.95440673828125,185.0341033935547,270.6974182128906,111.2567138671875,89.8140869140625,168.04547119140625,111.38158416748047,68.39239501953125,84.50717163085938,55.45063781738281,83.75489807128906,211.22007751464844,66.85537719726562,104.84332275390625,90.353271484375,129.04185485839844,173.5409698486328,80.18064880371094,29.975000381469727,21.602453231811523,40.43806457519531,69.49800109863281,23.48798942565918,37.82498550415039,34.84796905517578,77.5135726928711,84.83096313476562,84.76378631591797,93.31475830078125
2022-12-16,335.9010925292969,182.91720581054688,268.1163024902344,110.14412689208984,88.99331665039062,166.79241943359375,110.08443450927734,67.71553802490234,83.3863525390625,54.82148361206055,82.87969970703125,209.9516143798828,66.07966613769531,103.96601104736328,89.5427017211914,127.71732330322266,171.85899353027344,80.4489517211914,29.434999465942383,21.293275833129883,40.06194305419922,68.868896484375,23.564634323120117,37.531768798828125,34.9495964050293,77.5135726928711,84.8394775390625,84.7807846069336,93.3318099975586
2022-12-19,333.00592041015625,181.0756072998047,264.3483581542969,108.59846496582031,88.36122131347656,164.53497314453125,108.90260314941406,67.33009338378906,82.57537841796875,54.28622817993164,81.67013549804688,206.42933654785156,65.38155364990234,103.70570373535156,89.19256591796875,125.65907287597656,168.53271484375,78.7994155883789,29.007999420166016,20.954177856445312,39.4640007019043,68.10173034667969,23.021316528320312,37.450862884521484,34.97730255126953,77.52293395996094,84.8394775390625,84.78926849365234,93.34025573730469
2022-12-20,333.5133361816406,181.45529174804688,264.1426086425781,108.4810791015625,88.6536865234375,165.4054718017578,109.0755386352539,67.36769104003906,82.54802703857422,54.41769027709961,81.90614318847656,207.95144653320312,65.75969696044922,103.99494171142578,89.44451904296875,126.31658935546875,167.95819091796875,80.27007293701172,28.996000289916992,20.914283752441406,39.4350700378418,68.10665893554688,23.374473571777344,37.63065719604492,34.96807098388672,77.53141021728516,84.8564224243164,84.79774475097656,93.35730743408203
2022-12-21,338.501708984375,184.19873046875,267.9742736816406,110.05608367919922,90.03109741210938,168.25592041015625,111.02606964111328,68.17616271972656,83.64148712158203,55.20648956298828,83.32220458984375,211.6688690185547,66.97174072265625,105.58565521240234,90.88983917236328,128.42250061035156,171.9600372314453,82.05872344970703,29.47100067138672,21.143674850463867,40.08123016357422,69.1331558227539,23.96921730041504,38.00822067260742,35.28218460083008,77.53987884521484,84.8564224243164,84.81475830078125,93.37428283691406
2022-12-22,333.74224853515625,181.5861358642578,261.4183349609375,107.40496063232422,88.91786193847656,166.055908203125,109.31576538085938,67.67791748046875,82.63915252685547,54.47403335571289,81.94548797607422,208.49783325195312,66.1378402709961,104.20702362060547,89.70951080322266,126.61048889160156,166.5218963623047,82.29719543457031,28.600000381469727,20.68489646911621,39.3964958190918,68.01791381835938,23.978919982910156,37.675601959228516,34.96807098388672,77.59081268310547,84.90735626220703,84.85720825195312,93.41682434082031
2022-12-23,335.6116638183594,182.587646484375,262.0062255859375,107.63973999023438,89.50277709960938,166.8115692138672,109.95953369140625,68.03516387939453,83.1220932006836,54.79330825805664,82.2208251953125,208.9856719970703,66.61295318603516,104.9975814819336,90.29723358154297,127.0318832397461,165.94737243652344,80.36943817138672,28.624000549316406,20.719802856445312,39.309696197509766,68.38375091552734,23.305587768554688,37.86438751220703,34.921878814697266,77.59081268310547,84.90735626220703,84.85720825195312,93.40831756591797
2022-12-27,334.2763977050781,181.8245849609375,258.3019714355469,106.03536987304688,89.45560455322266,165.6924285888672,109.61363220214844,68.15736389160156,83.11299133300781,54.7847900390625,81.76847076416016,207.05377197265625,66.63236236572266,104.77584838867188,90.10454559326172,126.24657440185547,162.47055053710938,78.04421997070312,28.374000549316406,20.597118377685547,38.90892028808594,68.0484390258789,22.46247100830078,37.936302185058594,35.43923568725586,77.59081268310547,84.93281555175781,84.86572265625,93.40831756591797
2022-12-28,330.175048828125,179.5353240966797,254.89161682128906,104.67557525634766,87.7574234008789,163.11932373046875,108.15310668945312,67.44290161132812,81.84638977050781,54.0842399597168,80.71626281738281,204.01939392089844,65.5075912475586,102.90553283691406,88.37017059326172,124.3790054321289,159.90499877929688,78.3323974609375,27.90999984741211,20.287912368774414,38.44538116455078,67.22200012207031,22.710845947265625,37.504798889160156,34.921878814697266,77.61630249023438,84.94126892089844,84.88275146484375,93.42532348632812
2022-12-29,336.0313415527344,182.83566284179688,261.1046142578125,107.26799774169922,89.69145202636719,167.25155639648438,110.04601287841797,68.15736389160156,83.13121795654297,55.059326171875,82.56501007080078,209.7272186279297,66.56448364257812,104.86258697509766,90.22016906738281,127.54905700683594,165.30349731445312,81.75067138671875,28.94499969482422,20.99609375,39.53664016723633,68.63819122314453,23.964366912841797,38.09811782836914,35.50390625,77.6502456665039,84.9752426147461,84.9083023071289,93.47636413574219
2022-12-30,335.1061706542969,182.36825561523438,260.9478759765625,107.1506118774414,89.2857894897461,166.78285217285156,109.4983139038086,67.78134155273438,83.04920959472656,54.85105514526367,82.21099090576172,209.30767822265625,66.22514343261719,104.187744140625,89.79620361328125,127.24256896972656,165.65020751953125,82.47604370117188,28.944000244140625,20.864431381225586,39.41109848022461,68.4527816772461,24.245729446411133,37.72953796386719,35.01426315307617,77.64176177978516,84.9752426147461,84.92533874511719,93.46785736083984
2023-01-03,333.8184814453125,181.62425231933594,259.1839294433594,106.38755798339844,89.1537094116211,165.8645782470703,109.19084930419922,67.84713745117188,83.05831146240234,54.65225601196289,81.63078308105469,207.48309326171875,65.71121215820312,103.69606018066406,89.30001068115234,126.51473236083984,163.3026123046875,81.01535034179688,28.81999969482422,20.986120223999023,39.45938491821289,67.98236083984375,23.830474853515625,37.936302185058594,35.30990219116211,77.6502456665039,84.9921875,84.92533874511719,93.48484802246094
2023-01-04,336.2221374511719,183.23629760742188,260.41864013671875,106.93539428710938,90.22921752929688,167.93075561523438,110.0748291015625,68.22317504882812,84.36135864257812,55.409603118896484,82.66334533691406,209.8443145751953,66.52571868896484,104.5251693725586,89.89736938476562,128.43017578125,166.82894897460938,82.71454620361328,29.52899932861328,21.255428314208984,40.29763412475586,69.16284942626953,24.3941707611084,38.502655029296875,36.37233352661133,77.64176177978516,84.98372650146484,84.91680145263672,93.49332427978516
2023-01-05,332.54998779296875,181.09010314941406,256.34197998046875,105.36038208007812,89.44615173339844,166.1324005126953,108.79690551757812,67.59331512451172,83.9330825805664,54.699588775634766,81.51278686523438,207.3464813232422,65.73060607910156,103.50323486328125,89.03502655029297,126.6200942993164,163.69882202148438,81.99909973144531,28.959999084472656,20.721797943115234,39.951900482177734,68.42615509033203,23.750917434692383,38.07114028930664,36.261470794677734,77.66722106933594,85.01768493652344,84.95091247558594,93.51033782958984
2023-01-06,340.1135559082031,185.08677673339844,263.41741943359375,108.138671875,91.55000305175781,169.86294555664062,111.59297943115234,69.05988311767578,86.06536102294922,55.9492073059082,82.99771881103516,212.3421173095703,67.214111328125,105.95199584960938,91.24150085449219,129.30166625976562,171.2270050048828,82.63506317138672,29.868999481201172,21.21253776550293,40.66653823852539,69.69934844970703,24.067209243774414,39.1229362487793,37.01903533935547,77.65872955322266,85.03465270996094,84.95091247558594,93.52735137939453
2023-01-09,339.8656005859375,185.1630859375,265.12255859375,108.92127990722656,91.54057312011719,170.14988708496094,111.50650024414062,68.56161499023438,85.8466567993164,56.10068130493164,83.44023132324219,213.3763427734375,67.20442962646484,106.00021362304688,91.22705078125,129.98165893554688,175.3873291015625,80.75697326660156,30.8799991607666,21.639442443847656,41.014198303222656,70.23486328125,23.94301986694336,39.293739318847656,37.296199798583984,77.67569732666016,85.03465270996094,84.95091247558594,93.53585052490234
2023-01-10,342.2882080078125,186.6224822998047,267.3666076660156,109.8310775756836,92.71985626220703,172.66561889648438,112.31361389160156,68.75904083251953,86.45718383789062,56.498294830322266,84.39410400390625,216.859619140625,67.7668228149414,107.1474609375,92.28213500976562,131.59063720703125,178.39862060546875,83.05239868164062,31.1560001373291,21.764122009277344,41.54051208496094,70.8187026977539,24.57075309753418,39.39262390136719,37.564109802246094,77.66722106933594,85.03465270996094,84.95940399169922,93.52735137939453
2023-01-11,346.6566467285156,189.08343505859375,271.9921875,111.75829315185547,93.76705932617188,174.81781005859375,113.9278335571289,69.36068725585938,87.15882110595703,57.265113830566406,85.78067779541016,219.3964385986328,68.4746322631836,108.19829559326172,93.2022933959961,133.64015197753906,180.1519012451172,83.84734344482422,31.722999572753906,22.091283798217773,42.081321716308594,71.71713256835938,24.820098876953125,39.68928527832031,37.72117233276367,77.66722106933594,85.03465270996094,84.95940399169922,93.55287170410156
2023-01-12,347.95379638671875,189.9991455078125,273.4621276855469,112.31591796875,95.0878677368164,177.75442504882812,114.4659194946289,69.17269134521484,87.5324478149414,57.473384857177734,86.05603790283203,223.31874084472656,69.06611633300781,109.83724212646484,94.38261413574219,135.2299346923828,181.92498779296875,87.36499786376953,32.231998443603516,22.25386619567871,42.52651596069336,72.5208969116211,26.286094665527344,40.264625549316406,37.905941009521484,77.72663116455078,85.0940170288086,85.01052856445312,93.60389709472656
2023-01-13,349.3081970214844,190.8099365234375,275.3437194824219,113.08875274658203,95.67278289794922,178.92140197753906,114.71574401855469,69.25728607177734,87.43220520019531,57.624855041503906,86.57722473144531,225.11404418945312,69.49274444580078,110.68561553955078,95.13416290283203,136.15895080566406,183.8169403076172,87.32526397705078,32.268001556396484,22.432405471801758,42.84906768798828,73.0702133178711,26.54999542236328,40.47138595581055,38.1553840637207,77.73516845703125,85.10253143310547,85.03606414794922,93.60389709472656
2023-01-17,348.77410888671875,190.55239868164062,275.90228271484375,113.32355499267578,95.3331298828125,178.70138549804688,114.47553253173828,68.93767547607422,86.92192077636719,57.5775146484375,86.85256958007812,224.89939880371094,69.27941131591797,110.22286987304688,94.69094848632812,136.32176208496094,184.92636108398438,86.31170654296875,32.26599884033203,22.711688995361328,43.037384033203125,72.91537475585938,26.176462173461914,40.588253021240234,37.942893981933594,77.73516845703125,85.0940170288086,85.02755737304688,93.62935638427734
2023-01-18,343.1084899902344,187.54776000976562,272.3156433105469,111.83655548095703,93.83309936523438,175.81263732910156,112.88052368164062,67.72493743896484,85.4457015991211,56.706565856933594,85.85932922363281,221.64056396484375,68.40677642822266,108.30435943603516,93.1589126586914,134.2817840576172,184.83724975585938,85.238525390625,31.844999313354492,22.61194610595703,42.51686477661133,72.0169448852539,25.790313720703125,40.40845489501953,37.68421936035156,77.74361419677734,85.1195068359375,85.0616226196289,93.63793182373047
2023-01-19,340.6382141113281,186.02157592773438,269.6402282714844,110.74089050292969,93.03119659423828,174.12911987304688,111.91004180908203,67.31129455566406,84.80786895751953,56.11014938354492,84.59078216552734,218.92811584472656,67.70864868164062,107.2824478149414,92.30138397216797,132.6728515625,179.15142822265625,84.3541259765625,31.30699920654297,22.262842178344727,42.1692008972168,71.75263214111328,25.664186477661133,40.36351013183594,37.97061538696289,77.7775650024414,85.1364517211914,85.07011413574219,93.66342163085938
2023-01-20,346.90460205078125,189.5889892578125,277.0194396972656,113.7833251953125,94.42743682861328,176.998779296875,114.15845489501953,68.02574920654297,86.12914276123047,57.151512145996094,86.5280532836914,222.79185485839844,68.72672271728516,108.77674865722656,93.52025604248047,135.60345458984375,184.2230682373047,86.44087982177734,32.34199905395508,22.944093704223633,43.14651107788086,73.28618621826172,26.172578811645508,40.777034759521484,38.55263900756836,77.78605651855469,85.15342712402344,85.0956802368164,93.68042755126953
2023-01-23,351.1299133300781,191.9927215576172,283.1736755371094,116.2779312133789,95.46521759033203,179.1892547607422,115.67657470703125,68.35478973388672,87.44131469726562,57.95619583129883,88.05229949951172,226.3532257080078,69.40547180175781,109.88543701171875,94.51749420166016,137.7392120361328,193.58375549316406,86.60980224609375,33.61199951171875,23.499666213989258,44.00310516357422,74.42921447753906,26.354982376098633,40.94783020019531,38.82980728149414,77.78605651855469,85.15342712402344,85.08716583251953,93.68042755126953
2023-01-24,350.7579040527344,191.67796325683594,282.5954895019531,116.06269836425781,95.13501739501953,178.806640625,115.59971618652344,68.34539794921875,87.18617248535156,57.804725646972656,87.48193359375,225.37747192382812,69.35699462890625,109.64443969726562,94.37300109863281,137.0496368408203,191.83053588867188,88.25932312011719,33.229000091552734,23.29619026184082,43.6708984375,74.28423309326172,26.75956153869629,40.9388427734375,38.857521057128906,77.7945556640625,85.17886352539062,85.1042251586914,93.68891906738281
2023-01-25,350.8819580078125,191.77334594726562,281.96832275390625,115.8181381225586,95.3708724975586,179.30401611328125,115.4651870727539,68.44881439208984,87.92426300048828,57.86151885986328,87.48193359375,225.85557556152344,69.51213073730469,109.76011657714844,94.39224243164062,137.3082275390625,192.49417114257812,88.33881378173828,33.130001068115234,23.302173614501953,43.62164306640625,74.41836547851562,26.477230072021484,41.145606994628906,38.89447021484375,77.80302429199219,85.18737030029297,85.1042251586914,93.72294616699219
2023-01-26,354.6303405761719,193.74781799316406,287.46600341796875,118.06818389892578,96.0501480102539,180.36578369140625,116.70469665527344,68.55220794677734,88.58033752441406,58.467403411865234,88.5931625366211,227.36790466308594,70.1036148071289,110.48316955566406,94.94629669189453,138.7064666748047,195.78282165527344,88.03077697753906,33.72800064086914,23.86871910095215,44.38456344604492,75.40161895751953,26.438419342041016,41.27145767211914,39.26401138305664,77.84547424316406,85.21284484863281,85.13823699951172,93.74844360351562
2023-01-27,355.64129638671875,194.53001403808594,290.3275146484375,119.22254180908203,96.43695831298828,181.34146118164062,116.98333740234375,68.34539794921875,88.5074462890625,58.62834167480469,88.92752075195312,228.460693359375,70.19086456298828,110.6085205078125,95.16790008544922,139.90362548828125,195.7332763671875,88.82572937011719,34.21500015258789,23.978437423706055,44.75154113769531,75.73001861572266,26.948753356933594,41.22651290893555,39.07924270629883,77.85396575927734,85.22129821777344,85.15530395507812,93.75696563720703
2023-01-30,351.19671630859375,191.92593383789062,284.45745849609375,116.79644012451172,95.3708724975586,178.81619262695312,115.40754699707031,68.01636505126953,87.5051040649414,57.889923095703125,87.65894317626953,224.7725372314453,69.3860855102539,109.33592224121094,94.09355163574219,137.83493041992188,190.03762817382812,86.5501937866211,33.35499954223633,23.519615173339844,43.84858703613281,74.41836547851562,26.271541595458984,40.88490676879883,38.29396438598633,77.85396575927734,85.24676513671875,85.16381072998047,93.76544189453125
2023-01-31,356.18505859375,194.99740600585938,288.7203674316406,118.58666229248047,97.77662658691406,183.1588592529297,117.3292465209961,68.81544494628906,89.00862121582031,58.82714080810547,89.3798599243164,230.22674560546875,70.96658325195312,111.83287811279297,96.13141632080078,141.03375244140625,194.25735473632812,88.33881378173828,34.1150016784668,23.759000778198242,44.43864440917969,75.54264068603516,26.811954498291016,41.13661193847656,38.210819244384766,77.86246490478516,85.24676513671875,85.16381072998047,93.77395629882812
2023-02-01,360.0860900878906,197.37245178222656,294.8942565917969,121.13019561767578,99.29553985595703,186.0381317138672,118.74168395996094,69.23849487304688,89.63736724853516,59.4803581237793,91.17945098876953,234.22714233398438,71.96527862548828,113.61642456054688,97.63453674316406,143.53338623046875,204.4105224609375,89.17350769042969,35.47700119018555,24.51605796813965,45.388916015625,76.61958312988281,27.10787010192871,41.50518798828125,38.68198013305664,77.86756896972656,85.2586898803711,85.19286346435547,93.79955291748047
2023-02-02,365.24609375,200.31988525390625,305.47796630859375,125.4150390625,101.58802795410156,189.70169067382812,121.25910186767578,69.14449310302734,90.70349884033203,60.190372467041016,92.900390625,239.0568389892578,72.50826263427734,115.84342956542969,99.88919830322266,146.55978393554688,208.41236877441406,91.38945007324219,37.375999450683594,25.125492095947266,46.554542541503906,77.73005676269531,27.67641830444336,41.4962043762207,38.45101547241211,77.90164184570312,85.30126953125,85.22706604003906,93.83366394042969
2023-02-03,361.3450012207031,198.25,300.048828125,123.25303649902344,101.31446838378906,188.429443359375,119.86587524414062,68.60862731933594,89.61003875732422,59.38568878173828,91.55316925048828,236.76393127441406,72.1592025756836,115.66024780273438,99.60977172851562,144.71141052246094,204.469970703125,89.81940460205078,36.374000549316406,24.40733528137207,45.8447380065918,76.91642761230469,27.321317672729492,41.02873992919922,37.76736068725586,77.91865539550781,85.30982208251953,85.21851348876953,93.81661987304688
2023-02-06,359.2562255859375,196.76199340820312,297.5107116699219,122.15738677978516,99.63516235351562,185.7032470703125,118.8089599609375,68.46761322021484,88.55300903320312,59.00701141357422,90.65829467773438,233.2221221923828,71.48047637939453,113.98278045654297,98.05366516113281,142.92042541503906,200.83465576171875,89.13375854492188,35.696998596191406,24.118078231811523,45.217018127441406,76.15113830566406,27.055477142333984,40.588253021240234,37.21304702758789,77.92720031738281,85.30982208251953,85.21851348876953,93.81661987304688
2023-02-07,363.8916931152344,199.24203491210938,303.6747741699219,124.72045135498047,100.33329772949219,187.08070373535156,120.25984191894531,68.78724670410156,89.364013671875,59.60342788696289,91.85801696777344,235.50527954101562,72.13011169433594,114.7540283203125,98.93529510498047,144.34744262695312,206.55014038085938,89.7498779296875,36.1870002746582,24.510072708129883,45.842803955078125,77.45785522460938,27.06226921081543,40.9658088684082,37.36086654663086,77.93570709228516,85.32683563232422,85.23560333251953,93.82513427734375
2023-02-08,359.9048156738281,197.11495971679688,298.27508544921875,122.499755859375,98.81437683105469,184.34500122070312,118.58795166015625,68.11975860595703,88.46189880371094,59.1016845703125,90.97294616699219,231.89517211914062,71.44166564941406,113.19221496582031,97.417724609375,142.72886657714844,202.5086669921875,86.63961791992188,35.40700149536133,24.06421661376953,45.18997573852539,76.9637680053711,26.37050437927246,40.72309112548828,37.31467056274414,77.93570709228516,85.33538055419922,85.23560333251953,93.84222412109375
2023-02-09,356.8240661621094,195.19769287109375,295.63897705078125,121.4334487915039,97.5407485961914,181.67620849609375,117.3965072631836,67.70613098144531,87.9971694946289,58.524192810058594,90.30426788330078,228.7046356201172,70.69508361816406,111.65934753417969,96.09770202636719,140.61236572265625,203.41998291015625,85.54655456542969,35.172000885009766,24.17792510986328,44.756370544433594,76.34344482421875,25.973684310913086,40.75905990600586,37.490211486816406,77.96129608154297,85.36944580078125,85.26979064941406,93.8763427734375
2023-02-10,357.6920471191406,195.55059814453125,293.6986083984375,120.64103698730469,97.76717376708984,182.03973388671875,117.57906341552734,68.33599090576172,88.72613525390625,58.656742095947266,89.87154388427734,228.9582977294922,71.034423828125,112.02568054199219,96.45423126220703,140.21966552734375,200.6068572998047,85.07952880859375,34.37200164794922,23.74603271484375,44.26868438720703,75.91246032714844,25.778671264648438,40.64218521118164,37.12989807128906,77.96978759765625,85.37798309326172,85.26126098632812,93.8763427734375
2023-02-13,361.82196044921875,197.8780517578125,298.4025573730469,122.58779907226562,99.03137969970703,184.230224609375,119.28939056396484,68.90946197509766,89.61003875732422,59.23990249633789,91.11062622070312,231.91473388671875,71.76165008544922,113.37538146972656,97.43218994140625,141.94357299804688,203.7072296142578,85.0198974609375,34.77199935913086,23.848770141601562,44.79016876220703,76.57027435302734,25.54387664794922,40.99277877807617,37.434776306152344,77.98682403564453,85.39498901367188,85.26979064941406,93.90191650390625
2023-02-14,361.68841552734375,197.95433044433594,300.6074523925781,123.46826171875,98.71060943603516,184.1441650390625,119.12602996826172,68.36419677734375,89.4915771484375,59.27208709716797,91.73015594482422,232.2952117919922,71.86831665039062,113.11509704589844,97.40328979492188,142.65225219726562,206.95626831054688,85.33788299560547,35.88100051879883,24.128053665161133,45.03160095214844,77.15016174316406,25.585599899291992,41.02873992919922,37.3701057434082,77.98682403564453,85.38648986816406,85.27835083007812,93.90191650390625
2023-02-15,362.8998107910156,198.8414306640625,302.9103698730469,124.41719818115234,99.64460754394531,186.00938415527344,119.1836929321289,68.53341674804688,89.71026611328125,59.726497650146484,93.10689544677734,234.89056396484375,72.25615692138672,114.08881378173828,98.19820404052734,144.86460876464844,206.4312744140625,85.5167465209961,36.569000244140625,24.36943244934082,45.36863708496094,77.34346008300781,25.53999900817871,40.82197952270508,37.055992126464844,78.00389099121094,85.41204071044922,85.27835083007812,93.91044616699219
2023-02-16,357.8541564941406,196.189697265625,297.2265930175781,122.0791244506836,98.98419952392578,184.230224609375,117.5406265258789,68.1385726928711,89.04508972167969,59.09221267700195,91.74983978271484,232.25619506835938,71.91678619384766,113.27898406982422,97.54780578613281,143.02578735351562,201.71621704101562,84.23489379882812,36.090999603271484,23.866724014282227,44.65110778808594,76.40360260009766,25.098548889160156,40.63319396972656,37.06523132324219,78.04647827148438,85.44612884521484,85.31254577636719,93.95314025878906
2023-02-17,356.92901611328125,195.61740112304688,295.1294250488281,121.20845031738281,99.15401458740234,184.73719787597656,117.06982421875,68.47700500488281,88.68968200683594,58.81768035888672,91.06147003173828,232.8513641357422,71.78104400634766,113.45252227783203,97.55261993408203,142.41285705566406,198.58607482910156,86.25208282470703,35.479000091552734,23.609384536743164,44.31599807739258,75.59490966796875,25.818450927734375,40.69612121582031,36.65873336791992,78.05500793457031,85.45464324951172,85.33818054199219,93.96161651611328
2023-02-21,349.8423156738281,191.56346130371094,288.1422119140625,118.3812255859375,96.19165802001953,179.284912109375,114.5523910522461,67.60272979736328,86.58476257324219,57.59645462036133,88.74068450927734,225.6214141845703,70.06482696533203,110.35782623291016,94.9559326171875,138.55325317382812,191.4541015625,82.24750518798828,34.35900115966797,23.050819396972656,43.288475036621094,74.12940216064453,24.474700927734375,40.1837158203125,36.19680404663086,78.05500793457031,85.4716796875,85.34671020507812,93.96161651611328
2023-02-22,349.4035339355469,191.4013214111328,288.3577575683594,118.39099884033203,96.5595932006836,179.7727508544922,114.29295349121094,67.34888458251953,86.38429260253906,57.5775146484375,88.8390121459961,226.47027587890625,70.2005615234375,110.71453857421875,95.06190490722656,139.08001708984375,191.38478088378906,83.10209655761719,34.380001068115234,23.154552459716797,43.298126220703125,74.43118286132812,24.70172882080078,39.949989318847656,36.02127456665039,78.0805435180664,85.48870086669922,85.35528564453125,93.98722839355469
2023-02-23,351.1585693359375,192.4219512939453,290.8763427734375,119.42798614501953,97.15396118164062,181.0544891357422,115.40754699707031,67.36769104003906,86.68500518798828,57.785797119140625,89.30120086669922,228.26556396484375,70.65628051757812,111.28334045410156,95.76529693603516,139.74082946777344,196.07998657226562,82.94309997558594,34.48500061035156,23.469743728637695,43.53473663330078,75.21916961669922,24.69202995300293,40.1837158203125,36.19680404663086,78.10612487792969,85.52279663085938,85.38947296142578,94.0213623046875
2023-02-24,347.40057373046875,190.27577209472656,286.0058288574219,117.44208526611328,96.40864562988281,179.3614044189453,114.0623550415039,66.83182525634766,85.93778991699219,57.24617385864258,88.1998291015625,226.23609924316406,70.4429702758789,110.73381805419922,95.21607971191406,138.28506469726562,193.9503173828125,80.95572662353516,33.702999114990234,22.890230178833008,42.697452545166016,74.553466796875,23.965335845947266,39.554443359375,35.38380813598633,78.11463165283203,85.53131866455078,85.39802551269531,94.0299072265625
2023-02-27,348.602294921875,190.9530029296875,288.053955078125,118.3029556274414,96.62562561035156,179.99270629882812,114.24493408203125,66.85063171386719,85.8922348022461,57.388179779052734,88.65217590332031,227.2996063232422,70.54962158203125,111.12910461425781,95.5340347290039,138.6873321533203,195.0002899169922,81.61155700683594,34.00400161743164,22.980998992919922,42.9639892578125,74.60377502441406,24.03228187561035,39.994930267333984,35.56857681274414,78.12313842773438,85.53984832763672,85.40658569335938,94.04698944091797
2023-02-28,347.2861022949219,190.3139190673828,287.68157958984375,118.166015625,96.59732055664062,180.0022735595703,114.10079193115234,66.40878295898438,85.4092788696289,57.24617385864258,88.46531677246094,227.39718627929688,70.36540222167969,110.75310516357422,95.31725311279297,138.62986755371094,196.44647216796875,82.32701110839844,34.22700119018555,23.130615234375,42.95529556274414,74.62547302246094,24.247669219970703,39.70726776123047,35.31913375854492,78.13167572021484,85.55685424804688,85.40658569335938,94.04698944091797
2023-03-01,346.0176086425781,190.77175903320312,285.3688049316406,117.1779556274414,96.82376098632812,180.2318878173828,113.76449584960938,66.06095123291016,85.5094985961914,57.02843475341797,88.39647674560547,228.33387756347656,70.60779571533203,110.98448181152344,95.50993347167969,138.78309631347656,197.3776092529297,82.57543182373047,33.73099899291992,23.180484771728516,42.81333923339844,74.39370727539062,24.511568069458008,39.95897674560547,36.076698303222656,78.13591766357422,85.56369018554688,85.4297103881836,94.06407928466797
2023-03-02,348.602294921875,191.06747436523438,287.7305603027344,118.2442626953125,97.11620330810547,180.6623077392578,114.86947631835938,66.6343994140625,86.03801727294922,57.492313385009766,89.45854949951172,229.007080078125,71.08293151855469,111.26406860351562,95.68821716308594,139.3769073486328,197.86297607421875,81.89973449707031,33.96699905395508,23.342071533203125,43.15906524658203,74.86314392089844,24.279685974121094,40.02189636230469,36.20603942871094,78.16156768798828,85.60639953613281,85.45542907714844,94.10686492919922
2023-03-03,354.1249084472656,194.1770477294922,293.6790466308594,120.6214828491211,98.24832916259766,183.17800903320312,116.6566390991211,67.2360610961914,87.12239074707031,58.33486557006836,90.87462615966797,232.56837463378906,71.87800598144531,112.50772094726562,96.78662109375,141.53175354003906,201.48841857910156,83.06234741210938,35.02899932861328,23.589435577392578,44.0513916015625,76.15704345703125,24.507686614990234,40.60622787475586,36.52939224243164,78.17865753173828,85.61495208740234,85.47256469726562,94.11544799804688
2023-03-06,354.5540466308594,193.9195098876953,294.01226806640625,120.7682113647461,96.02183532714844,180.4997100830078,116.77194213867188,67.26429748535156,86.65764617919922,58.11712646484375,90.2452392578125,229.37783813476562,71.16048431396484,110.32894134521484,94.91255187988281,139.7695770263672,198.4672393798828,81.65131378173828,34.89500045776367,23.409896850585938,43.83989715576172,76.05646514892578,23.97600746154785,40.507347106933594,36.40005111694336,78.18717193603516,85.60639953613281,85.48113250732422,94.12394714355469
2023-03-07,349.0697326660156,191.02932739257812,290.4058532714844,119.2812271118164,95.06898498535156,178.4048614501953,115.13848876953125,66.4463882446289,85.19969177246094,57.17991638183594,89.1832046508789,227.1824951171875,70.4429702758789,109.22023010253906,94.03575134277344,138.16061401367188,196.5653839111328,81.55193328857422,34.244998931884766,23.180484771728516,43.19672775268555,75.20240020751953,23.949810028076172,39.77019119262695,35.79030990600586,78.18717193603516,85.63204956054688,85.45542907714844,94.10686492919922
2023-03-08,349.6134338378906,191.27734375,291.8563232421875,119.86820220947266,95.2293701171875,178.490966796875,115.5324478149414,66.4651870727539,85.48218536376953,57.23670196533203,89.47820281982422,227.15325927734375,70.36540222167969,109.47090148925781,94.12247467041016,138.10311889648438,200.96343994140625,80.71723937988281,34.56999969482422,23.3350887298584,43.27398681640625,75.29312896728516,23.730541229248047,39.97695541381836,35.9381217956543,78.20427703857422,85.64056396484375,85.44684600830078,94.11544799804688
2023-03-09,343.2135314941406,187.5000457763672,286.7995300292969,117.75511932373047,93.05948638916016,173.52647399902344,113.62997436523438,65.71311950683594,83.65972137451172,56.01548767089844,87.45245361328125,221.48443603515625,69.05640411376953,107.10890197753906,92.19058227539062,134.272216796875,197.02101135253906,78.23301696777344,33.797000885009766,22.83637046813965,42.374900817871094,73.44004821777344,22.830183029174805,39.58140563964844,35.14360809326172,78.22137451171875,85.66620635986328,85.48971557617188,94.16673278808594
2023-03-10,338.2918395996094,184.34274291992188,282.7719421386719,116.1605453491211,90.72921752929688,168.52378845214844,111.75631713867188,64.9798355102539,82.42955780029297,54.77532196044922,85.11198425292969,214.45938110351562,67.28202056884766,104.63123321533203,89.83474731445312,130.06788635253906,191.6819305419922,75.1823959350586,32.94499969482422,22.297752380371094,41.4536018371582,71.58004760742188,21.93661117553711,39.19485855102539,34.958831787109375,78.23845672607422,85.68331146240234,85.54971313476562,94.20948791503906
2023-03-13,337.71954345703125,183.57968139648438,284.8690490722656,116.95293426513672,88.53104400634766,165.77850341796875,111.71786499023438,65.20545196533203,81.0809555053711,54.36824417114258,84.8759536743164,212.44943237304688,66.27360534667969,102.4620361328125,88.04740142822266,128.48760986328125,191.23617553710938,77.36849975585938,32.9119987487793,22.432405471801758,41.63129425048828,70.75163269042969,22.528444290161133,38.97010803222656,35.01426315307617,78.25552368164062,85.7089614868164,85.70402526855469,94.32073974609375
2023-03-14,343.327880859375,186.8514404296875,291.4152526855469,119.61384582519531,90.33297729492188,168.84901428222656,113.70684051513672,65.81653594970703,82.18354034423828,55.16346740722656,86.2822036743164,216.9766845703125,67.6213607788086,104.70835876464844,90.06118774414062,130.65211486816406,196.69412231445312,78.53111267089844,33.617000579833984,22.705703735351562,42.29667663574219,72.31082916259766,22.76808738708496,39.4285888671875,35.03274154663086,78.26409149169922,85.72602081298828,85.66114044189453,94.2693862915039
2023-03-15,341.21044921875,185.41110229492188,292.94403076171875,120.26929473876953,88.8895492553711,166.06544494628906,113.15914916992188,65.72252655029297,80.86224365234375,54.32943344116211,84.98413848876953,213.01535034179688,66.21542358398438,102.9440689086914,88.26899719238281,128.71746826171875,192.66259765625,77.55731964111328,33.12799835205078,22.36857032775879,42.01854705810547,71.39366149902344,22.40328598022461,38.250938415527344,34.4322395324707,78.30680084228516,85.76018524169922,85.7468490600586,94.36349487304688
2023-03-16,347.0477294921875,188.6160888671875,300.6662902832031,123.4584732055664,90.30467987060547,168.33245849609375,115.1480941772461,66.37117767333984,82.247314453125,55.16346740722656,86.36087799072266,216.1278076171875,67.14624786376953,104.82404327392578,90.14788818359375,130.71910095214844,199.1507110595703,77.7361831665039,34.18299865722656,23.021892547607422,42.85389709472656,72.9686279296875,22.426570892333984,38.84425735473633,34.958831787109375,78.34095001220703,85.77725982666016,85.72118377685547,94.35493469238281
2023-03-17,343.2515869140625,186.18373107910156,299.2453308105469,122.90084838867188,87.73856353759766,163.78887939453125,114.32178497314453,65.77891540527344,80.88959503173828,54.26411437988281,84.91529846191406,211.307861328125,65.72091674804688,102.10535430908203,87.94141387939453,127.83636474609375,196.31773376464844,76.01708984375,33.83599853515625,22.89222526550293,42.39711380004883,71.96467590332031,21.97930145263672,38.394775390625,34.74634552001953,78.35803985595703,85.78582763671875,85.78117370605469,94.42337799072266
2023-03-20,346.3514404296875,187.8052520751953,300.3072814941406,123.29689025878906,89.0216293334961,165.91241455078125,115.31145477294922,66.54041290283203,81.8372573852539,54.879451751708984,85.85932922363281,213.96177673339844,66.85537719726562,103.6864242553711,89.3963394165039,129.1005859375,199.9253387451172,76.29531860351562,33.992000579833984,22.83138084411621,42.61246871948242,72.44397735595703,21.99773597717285,38.98130416870117,34.87568283081055,78.36663818359375,85.79438018798828,85.77256774902344,94.40625762939453
2023-03-21,350.8819580078125,190.48561096191406,304.59637451171875,125.09075164794922,90.51223754882812,168.97335815429688,116.58938598632812,66.6343994140625,82.85784912109375,55.61787414550781,87.45245361328125,217.70849609375,67.92195892333984,105.45068359375,90.8320083618164,131.8779296875,201.78964233398438,75.54013061523438,34.516998291015625,23.237340927124023,43.45360565185547,73.89566802978516,21.855113983154297,39.48661804199219,35.18980026245117,78.36663818359375,85.81998443603516,85.75543975830078,94.38059997558594
2023-03-22,345.0637512207031,187.08033752441406,300.4544982910156,123.36548614501953,88.08763122558594,164.1810760498047,114.6580810546875,65.72252655029297,81.12651824951172,54.43451690673828,85.60368347167969,211.854248046875,66.34146881103516,102.64521026611328,88.53880310058594,128.36309814453125,198.33868408203125,72.66836547851562,34.058998107910156,22.811433792114258,42.74283981323242,72.72799682617188,20.88295555114746,39.33320999145508,35.3283805847168,78.3836898803711,85.81144714355469,85.76402282714844,94.41482543945312
2023-03-23,345.88409423828125,187.42129516601562,304.0173034667969,124.89470672607422,87.35767364501953,163.45240783691406,115.43392944335938,65.8075180053711,80.95826721191406,54.35025405883789,85.72283935546875,211.7163848876953,66.20045471191406,101.95207214355469,87.89324188232422,127.97044372558594,203.8720703125,73.25464630126953,34.30099868774414,23.19744300842285,43.09049987792969,72.8522720336914,20.84511947631836,39.36028289794922,35.81801986694336,78.4178695678711,85.84559631347656,85.83259582519531,94.47467803955078
2023-03-24,348.18927001953125,188.59925842285156,305.1362609863281,125.33582305908203,88.28551483154297,164.93087768554688,115.92546081542969,66.73303985595703,81.43633270263672,54.63331985473633,85.70315551757812,212.9678955078125,66.65750885009766,103.07347869873047,88.81936645507812,128.52198791503906,199.7864990234375,73.7216796875,33.74399948120117,22.979999542236328,43.010345458984375,72.95877075195312,20.71607780456543,39.22492980957031,35.72563171386719,78.4349594116211,85.87977600097656,85.85830688476562,94.48324584960938
2023-03-27,348.7639465332031,189.07809448242188,303.0456237792969,124.49281311035156,89.23226165771484,166.76463317871094,115.88690948486328,66.93138122558594,82.03392028808594,55.02534484863281,86.22520446777344,215.402587890625,67.34789276123047,104.15623474121094,89.67891693115234,129.73265075683594,198.99317932128906,74.47686767578125,33.909000396728516,22.980998992919922,43.1387825012207,73.20927429199219,21.077972412109375,39.56782150268555,35.5316276550293,78.4263687133789,85.8626937866211,85.82401275634766,94.48324584960938
2023-03-28,348.1509094238281,188.8099365234375,301.4360046386719,123.82621765136719,89.29854583740234,166.5246124267578,115.5688705444336,66.98805236816406,82.04310607910156,55.047176361083984,86.22520446777344,215.03103637695312,67.46458435058594,103.98221588134766,89.59197998046875,129.7038116455078,196.4446563720703,73.98003387451172,33.4900016784668,22.86529541015625,43.05669403076172,73.13037109375,20.81018829345703,39.621971130371094,36.03974533081055,78.44349670410156,85.88832092285156,85.83259582519531,94.49180603027344
2023-03-29,353.1024169921875,191.52980041503906,306.93231201171875,126.10041809082031,89.90447235107422,168.41595458984375,117.13021087646484,67.63025665283203,83.6243896484375,55.89860916137695,87.58447265625,217.53408813476562,68.22306060791016,104.63959503173828,89.94930267333984,131.63510131835938,203.66380310058594,75.83822631835938,34.51300048828125,23.254295349121094,43.76553726196289,74.22408294677734,21.40784454345703,40.073143005371094,36.14137268066406,78.44349670410156,85.89685821533203,85.8497314453125,94.50035095214844
2023-03-30,355.2094421386719,192.56411743164062,309.8375244140625,127.27674865722656,89.87606048583984,168.1855010986328,117.82415008544922,67.9419174194336,84.07486724853516,56.19097137451172,87.97846221923828,217.60255432128906,68.4272689819336,104.55259704589844,89.9589614868164,132.04823303222656,204.86370849609375,74.19865417480469,34.9900016784668,23.48969078063965,44.11416244506836,74.78424072265625,20.975126266479492,40.569419860839844,36.501678466796875,78.46058654785156,85.91395568847656,85.85830688476562,94.51744842529297
2023-03-31,360.1704406738281,195.4659423828125,314.9903869628906,129.40386962890625,91.55181884765625,171.2769775390625,119.57826232910156,68.69745635986328,85.12294006347656,57.113590240478516,89.68245697021484,221.77764892578125,69.5357894897461,106.28306579589844,91.49449920654297,134.70974731445312,206.876708984375,75.72891998291016,35.45399856567383,23.937541961669922,44.8027229309082,75.91542053222656,21.267160415649414,40.758914947509766,36.455482482910156,78.44349670410156,85.9225082397461,85.8411636352539,94.5260009765625
2023-04-03,361.59735107421875,195.98309326171875,314.2248229980469,129.06080627441406,91.63703155517578,171.353759765625,120.11798858642578,68.97134399414062,85.62858581542969,57.13258361816406,89.68245697021484,222.4522705078125,69.72052764892578,106.53440856933594,91.73592376708984,134.296630859375,203.57455444335938,76.57356262207031,35.29100036621094,23.88368034362793,44.727394104003906,75.97657775878906,21.5591983795166,41.0927848815918,36.52939224243164,78.4623794555664,85.93279266357422,85.85492706298828,94.51829528808594
2023-04-04,359.5574035644531,194.6710662841797,313.16485595703125,128.63929748535156,89.81925201416016,168.34878540039062,119.02889251708984,68.79190063476562,84.65408325195312,56.601016998291016,88.76644897460938,218.58033752441406,68.5147705078125,104.29157257080078,89.7368392944336,132.38455200195312,198.64608764648438,75.09296417236328,35.095001220703125,23.759000778198242,44.53908157348633,75.15505981445312,20.908180236816406,41.08376693725586,36.52939224243164,78.470947265625,85.94994354248047,85.89791870117188,94.55261993408203
2023-04-05,358.6859130859375,193.9623565673828,310.0731201171875,127.31595611572266,89.12813568115234,166.69741821289062,118.90361022949219,69.20743560791016,84.59893035888672,56.40168380737305,87.51551055908203,215.93055725097656,68.18416595458984,103.6052017211914,89.19603729248047,130.84719848632812,195.0464324951172,74.9041519165039,34.43000030517578,23.321125030517578,44.034976959228516,74.71126556396484,20.607412338256836,40.767948150634766,36.24300003051758,78.51383209228516,85.98423767089844,85.95819091796875,94.60414123535156
2023-04-06,360.0554504394531,194.60398864746094,312.16363525390625,128.2275848388672,89.15652465820312,166.94703674316406,119.18311309814453,69.44353485107422,84.55294036865234,56.4206657409668,87.51551055908203,216.07723999023438,68.02857208251953,103.49884796142578,88.9449462890625,130.9432830810547,194.094482421875,76.38477325439453,34.375,23.27025604248047,44.26868438720703,74.73493194580078,21.086700439453125,40.90329360961914,36.39081573486328,78.52239990234375,86.0099105834961,85.95819091796875,94.60414123535156
2023-04-10,360.4481201171875,195.0445556640625,311.9870300292969,128.13934326171875,90.29264831542969,168.7327880859375,119.60717010498047,69.37744140625,85.4355239868164,56.800357818603516,88.29366302490234,218.6487274169922,68.85511779785156,104.82329559326172,90.21005249023438,132.24044799804688,198.5072784423828,75.6693115234375,34.85900115966797,23.252302169799805,44.315032958984375,75.14420318603516,20.87907600402832,40.93938446044922,36.42776870727539,78.53096771240234,86.01852416992188,85.932373046875,94.59552764892578
2023-04-11,360.4960021972656,195.24566650390625,309.98480224609375,127.30615234375,90.91749572753906,170.0672607421875,119.828857421875,69.54742431640625,85.91356658935547,57.113590240478516,88.815673828125,220.53585815429688,69.41909790039062,105.26798248291016,90.50941467285156,133.20127868652344,196.9603271484375,76.39469146728516,34.814998626708984,23.339078903198242,44.37876892089844,75.23593139648438,21.026548385620117,41.119850158691406,36.64949035644531,78.53956604003906,86.01852416992188,85.92373657226562,94.61273956298828
2023-04-12,359.0594787597656,194.42201232910156,307.2464294433594,126.16905212402344,90.1695556640625,168.81915283203125,119.2216567993164,69.57576751708984,85.31600189208984,56.838321685791016,88.42169952392578,219.03009033203125,69.18571472167969,104.70726776123047,90.18108367919922,132.22125244140625,191.79383850097656,75.56993103027344,34.40800094604492,23.247312545776367,44.06684112548828,74.80791473388672,20.685029983520508,41.35446548461914,36.39081573486328,78.55672454833984,86.03565979003906,85.94097137451172,94.62130737304688
2023-04-13,363.71392822265625,196.95034790039062,313.2630615234375,128.70791625976562,90.93643951416016,171.05615234375,120.61917114257812,70.01020812988281,85.65616607666016,57.311031341552734,89.47563171386719,222.11985778808594,69.64274597167969,105.82868194580078,91.069580078125,133.7105255126953,194.37210083007812,78.92860412597656,34.93899917602539,23.57946014404297,44.78050994873047,75.93614196777344,21.87742805480957,41.95903778076172,36.88969802856445,78.599609375,86.08711242675781,85.9925537109375,94.67282104492188
2023-04-14,362.9669494628906,196.4044952392578,312.674072265625,128.45306396484375,90.20742797851562,169.46240234375,120.47460174560547,69.556884765625,85.5642318725586,57.04999923706055,89.1407470703125,220.54563903808594,69.37046813964844,104.97796630859375,90.41285705566406,132.81695556640625,193.10281372070312,77.69641876220703,34.63399887084961,23.4108943939209,44.62117004394531,75.77045440673828,21.279775619506836,41.75150680541992,36.69568634033203,78.599609375,86.09569549560547,85.96675109863281,94.6556625366211
2023-04-17,364.2024230957031,197.18978881835938,312.9391174316406,128.55105590820312,90.75656127929688,171.6417999267578,120.638427734375,69.8779525756836,86.0055160522461,57.395503997802734,89.613525390625,223.2344970703125,69.7885971069336,105.47099304199219,90.84744262695312,134.10447692871094,194.481201171875,81.31344604492188,34.63600158691406,23.429845809936523,44.791133880615234,76.15704345703125,22.789432525634766,41.71540832519531,36.85274124145508,78.61675262451172,86.09569549560547,85.9753646850586,94.66423797607422
2023-04-18,364.451416015625,197.28553771972656,312.958740234375,128.5216827392578,90.27371215820312,170.91212463378906,120.83120727539062,69.7457504272461,86.0331039428711,57.454349517822266,89.81051635742188,222.99984741210938,69.74971771240234,104.84262084960938,90.28730010986328,133.9507293701172,195.0464324951172,80.81659698486328,34.816001892089844,23.376981735229492,44.73222351074219,76.275390625,22.669126510620117,41.87782669067383,36.80655288696289,78.62535095214844,86.1128158569336,86.00116729736328,94.68138122558594
2023-04-19,364.4322509765625,197.38133239746094,312.8114318847656,128.5216827392578,90.54827117919922,171.13294982910156,120.53240966796875,69.57576751708984,85.27923583984375,57.400245666503906,89.46577453613281,222.60873413085938,69.72052764892578,104.96830749511719,90.306640625,134.1140594482422,192.54750061035156,81.83016204833984,34.36899948120117,23.095705032348633,44.609580993652344,75.88682556152344,22.965042114257812,41.71540832519531,36.43700408935547,78.63392639160156,86.1385498046875,86.00116729736328,94.69000244140625
2023-04-20,362.3731384277344,196.15548706054688,310.42645263671875,127.50221252441406,90.14115905761719,170.24969482421875,120.52278900146484,69.50019836425781,84.36905670166016,57.094608306884766,89.06193542480469,221.80697631835938,69.59412384033203,104.88128662109375,90.15213012695312,133.162841796875,190.5939483642578,80.111083984375,34.11600112915039,23.027877807617188,44.14796829223633,75.44795989990234,22.589569091796875,41.733455657958984,36.3815803527832,78.6939697265625,86.1728515625,86.04418182373047,94.74148559570312
2023-04-21,362.5838928222656,196.32786560058594,310.75042724609375,127.61981964111328,89.96127319335938,170.47055053710938,120.33966827392578,69.6890869140625,84.23117065429688,57.094608306884766,89.23921966552734,222.6771697998047,69.61358642578125,104.65895080566406,90.06520080566406,133.1916961669922,189.71139526367188,81.75067138671875,34.18899917602539,22.95905303955078,44.236812591552734,75.34638214111328,23.187223434448242,41.86880874633789,36.03974533081055,78.68541717529297,86.1814193725586,86.0613784790039,94.75006866455078
2023-04-24,363.0627746582031,196.4044952392578,310.10260009765625,127.38452911376953,90.00862121582031,170.3553009033203,120.52278900146484,69.81185913085938,84.25874328613281,57.18952560424805,89.28848266601562,222.4620819091797,69.71080780029297,104.64926147460938,89.94930267333984,132.8842010498047,188.20408630371094,80.70729064941406,34.04199981689453,22.80146026611328,44.24550247192383,75.41739654541016,22.78070068359375,41.95001220703125,35.95659637451172,78.6939697265625,86.18998718261719,86.07859802246094,94.7586669921875
2023-04-25,357.3259582519531,193.129150390625,304.2528076171875,124.96331787109375,87.6417007446289,166.15017700195312,118.46027374267578,69.25467681884766,82.95328521728516,56.07421112060547,87.03288269042969,217.05499267578125,68.40780639648438,101.98106384277344,87.65083312988281,129.66537475585938,180.64779663085938,79.50494384765625,32.900001525878906,22.0633544921875,43.2247314453125,74.04656219482422,22.310144424438477,41.291297912597656,35.28218460083008,78.68541717529297,86.18998718261719,86.0958251953125,94.78443145751953
2023-04-26,355.7361145019531,192.25762939453125,306.0981140136719,125.6985092163086,86.82748413085938,164.546875,117.56393432617188,68.39522552490234,82.07067108154297,55.59486770629883,86.55023193359375,215.07994079589844,67.79519653320312,101.01434326171875,86.96517181396484,128.8582763671875,181.1039276123047,78.84910583496094,32.970001220703125,22.143150329589844,43.1281623840332,73.92427062988281,22.169464111328125,41.300323486328125,35.48543167114258,78.7025375366211,86.18998718261719,86.10440826416016,94.79297637939453
2023-04-27,362.7945251464844,195.86814880371094,314.42120361328125,129.1392364501953,88.18136596679688,166.7454071044922,120.33966827392578,69.30187225341797,83.06358337402344,56.38365173339844,87.60416412353516,217.23098754882812,68.72870635986328,102.5127944946289,87.91157531738281,130.7703399658203,175.0350799560547,78.30256652832031,33.44499969482422,22.438390731811523,43.796443939208984,75.6116714477539,22.033634185791016,41.82368469238281,35.96583938598633,78.72825622558594,86.2157211303711,86.11300659179688,94.8101806640625
2023-04-28,365.89752197265625,197.57284545898438,316.5902404785156,130.06065368652344,88.9955825805664,168.20474243164062,121.62151336669922,69.71743774414062,84.19440460205078,56.8867301940918,88.39214324951172,219.2158660888672,69.17599487304688,103.121826171875,88.60692596435547,131.82728576660156,176.7605438232422,79.69373321533203,33.222999572753906,22.472305297851562,43.949989318847656,76.41642761230469,22.32954978942871,41.832706451416016,36.15061569213867,78.72825622558594,86.2157211303711,86.12159729003906,94.81876373291016
2023-05-01,365.6485290527344,197.4770965576172,316.22711181640625,129.8645782470703,88.96719360351562,168.30078125,121.86246490478516,69.93465423583984,84.0013427734375,56.838321685791016,88.5005111694336,220.0567626953125,69.3315658569336,103.2765121459961,88.87732696533203,131.92337036132812,178.64463806152344,81.55193328857422,33.29100036621094,22.402482986450195,44.01759338378906,76.52983856201172,22.936904907226562,41.79661178588867,36.0305061340332,78.7308578491211,86.22603607177734,86.1026382446289,94.80842590332031
2023-05-02,361.5494689941406,195.06369018554688,313.4691162109375,128.71771240234375,87.31034088134766,164.84451293945312,120.18545532226562,69.33966827392578,82.61311340332031,55.97264862060547,87.19048309326172,216.0283660888672,68.41751861572266,101.53638458251953,87.46734619140625,129.54043579101562,177.97030639648438,79.22669982910156,32.645999908447266,22.043405532836914,43.25467300415039,75.34638214111328,22.451799392700195,41.35446548461914,35.679443359375,78.7136459350586,86.2432632446289,86.13715362548828,94.83425903320312
2023-05-03,359.0306701660156,193.92405700683594,311.41778564453125,127.92369079589844,87.33875274658203,165.44932556152344,119.40476989746094,69.08465576171875,82.0615005493164,55.60436248779297,87.02301025390625,217.46568298339844,68.39808654785156,101.74906158447266,87.50596618652344,129.58851623535156,176.55227661132812,82.68473815917969,32.37900161743164,22.087291717529297,43.22087097167969,74.52980041503906,23.32111358642578,41.435672760009766,35.6240119934082,78.72225952148438,86.2432632446289,86.13715362548828,94.85148620605469
2023-05-04,356.4065246582031,192.47793579101562,310.3184814453125,127.53160095214844,86.28782653808594,163.59640502929688,118.04582214355469,68.70690155029297,81.00424194335938,55.19620132446289,86.40248107910156,214.91371154785156,67.38677978515625,100.87899780273438,86.69474029541016,128.15684509277344,173.06166076660156,83.44988250732422,32.189998626708984,22.143150329589844,42.98427200317383,73.65010833740234,23.515155792236328,41.37251281738281,35.910404205322266,78.74807739257812,86.2862777709961,86.18898010253906,94.9031982421875
2023-05-05,362.9478454589844,196.03097534179688,316.9141845703125,130.2077178955078,88.37071990966797,167.48468017578125,120.03125762939453,69.50019836425781,82.61311340332031,56.116920471191406,87.72238159179688,219.77320861816406,68.6897964477539,103.24750518798828,88.69383239746094,131.1066131591797,176.63162231445312,84.84103393554688,32.992000579833984,22.45734214782715,43.91136169433594,75.09489440917969,24.180723190307617,42.040245056152344,36.39081573486328,78.76531219482422,86.29489135742188,86.18033599853516,94.89457702636719
2023-05-08,363.1488952636719,196.24169921875,317.6993408203125,130.55079650878906,87.9825439453125,167.10064697265625,120.04090118408203,69.3585433959961,82.47520446777344,56.10742950439453,87.87010955810547,219.39187622070312,68.4369888305664,102.70613861083984,88.40412139892578,131.26034545898438,177.25633239746094,84.46343231201172,33.659000396728516,22.601970672607422,44.06684112548828,75.5041732788086,24.064298629760742,42.05830001831055,36.40929412841797,78.77391815185547,86.30348205566406,86.18033599853516,94.9031982421875
2023-05-09,361.5782775878906,195.43724060058594,315.68731689453125,129.70779418945312,87.4618148803711,166.6014404296875,119.55899810791016,69.18854522705078,82.07987976074219,55.94416809082031,87.67311096191406,218.8736572265625,68.27166748046875,102.09708404541016,87.8633041381836,131.03936767578125,174.23184204101562,85.36770629882812,33.71500015258789,22.517189025878906,43.80610275268555,75.3167953491211,24.507686614990234,41.895870208740234,36.18756103515625,78.78252410888672,86.3121109008789,86.18033599853516,94.9031982421875
2023-05-10,363.1584777832031,196.29913330078125,319.12249755859375,131.0801239013672,87.77425384521484,167.4462890625,120.13727569580078,69.50019836425781,81.6937484741211,55.99637985229492,88.11634826660156,220.6140899658203,68.60227966308594,102.82213592529297,88.41377258300781,131.58705139160156,176.60183715820312,86.72904205322266,34.040000915527344,22.776521682739258,44.087120056152344,75.90753173828125,24.454326629638672,41.832706451416016,36.169090270996094,78.79113006591797,86.32933044433594,86.20624542236328,94.93765258789062
2023-05-11,362.65087890625,196.04055786132812,320.1628112792969,131.53102111816406,87.17779541015625,166.15977478027344,120.011962890625,69.31132507324219,81.21568298339844,55.7562255859375,87.79132080078125,218.49234008789062,68.07719421386719,102.0680923461914,87.90191650390625,130.8760528564453,174.98550415039062,85.46707153320312,34.1150016784668,22.871280670166016,43.99827575683594,76.05250549316406,24.039072036743164,41.643218994140625,36.03974533081055,78.84281921386719,86.38097381591797,86.2494125366211,94.97211456298828
2023-05-12,362.1624755859375,195.58087158203125,319.0145568847656,131.0115203857422,86.92216491699219,165.82376098632812,120.11798858642578,69.37744140625,81.05021667480469,55.7562255859375,87.6829605102539,218.09141540527344,68.19388580322266,101.93273162841797,87.6121826171875,130.462890625,176.1853485107422,84.8907241821289,33.534000396728516,22.7515869140625,43.776161193847656,75.99333953857422,23.766443252563477,41.5529899597168,35.61477279663086,78.86003875732422,86.39817810058594,86.258056640625,94.97211456298828
2023-05-15,363.41705322265625,196.4140625,320.7419738769531,131.77613830566406,87.88786315917969,167.84951782226562,120.638427734375,69.3490982055664,81.9144058227539,56.050472259521484,88.53004455566406,220.7998809814453,68.62173461914062,103.01548767089844,88.64554595947266,132.12513732910156,180.8460693359375,86.99734497070312,34.09600067138672,23.140588760375977,44.350765228271484,76.6974868774414,24.429100036621094,41.9139289855957,36.270713806152344,78.86865997314453,86.38957214355469,86.26670837402344,94.98075866699219
2023-05-16,361.01324462890625,194.89129638671875,321.1051025390625,131.9035186767578,86.72334289550781,165.40133666992188,119.6457290649414,68.58411407470703,80.64569091796875,55.28636932373047,87.27911376953125,217.86659240722656,67.6688003540039,101.90374755859375,87.6798095703125,129.8575439453125,180.93533325195312,84.49324798583984,33.7599983215332,22.9321231842041,43.853416442871094,76.14915466308594,23.767412185668945,41.480796813964844,36.01203536987305,78.86003875732422,86.4153823852539,86.27533721923828,94.98075866699219
2023-05-17,365.3229675292969,197.41961669921875,324.99176025390625,133.46212768554688,88.80623626708984,169.08799743652344,121.1492691040039,68.82967376708984,81.92359161376953,55.9935302734375,88.41183471679688,221.56256103515625,68.57310485839844,104.18521881103516,89.63059997558594,132.55751037597656,186.19107055664062,85.19876098632812,34.654998779296875,23.37498664855957,44.43285369873047,77.5111083984375,23.813982009887695,41.697357177734375,36.17832565307617,78.87723541259766,86.42401123046875,86.258056640625,94.99797058105469
2023-05-18,368.8952941894531,199.38291931152344,331.02801513671875,135.97164916992188,89.6109848022461,170.11529541015625,122.43110656738281,68.97134399414062,82.54873657226562,56.51274490356445,89.76127624511719,223.05853271484375,69.15656280517578,104.99729919433594,90.3935546875,133.8065948486328,191.52609252929688,84.19514465332031,35.66999816894531,23.798898696899414,44.71677780151367,78.73893737792969,23.451120376586914,41.61613845825195,35.98431396484375,78.9202880859375,86.44981384277344,86.28394317626953,95.0238037109375
2023-05-19,368.31103515625,198.90406799316406,330.28204345703125,135.6481170654297,88.93877410888672,169.078369140625,122.13233947753906,69.0657730102539,82.46601104736328,56.3447380065918,89.37712860107422,222.2371826171875,68.71897888183594,104.56227111816406,89.87203979492188,132.85537719726562,191.39715576171875,84.83111572265625,35.64400100708008,23.684192657470703,44.6810417175293,78.22611999511719,23.77808380126953,41.86880874633789,36.01203536987305,78.9202880859375,86.45840454101562,86.2926025390625,95.0238037109375
2023-05-22,368.5121154785156,199.2488250732422,331.39117431640625,136.1970672607422,89.62044525146484,171.14256286621094,122.28652954101562,68.90523529052734,82.62230682373047,56.50325393676758,89.8006820678711,224.78915405273438,69.02042388916016,105.35499572753906,90.65430450439453,134.35426330566406,193.5986328125,86.91786193847656,36.1349983215332,23.903629302978516,45.13010025024414,78.66595458984375,24.451414108276367,41.9048957824707,36.30766296386719,78.92892456054688,86.467041015625,86.28394317626953,95.0238037109375
2023-05-23,364.3939208984375,197.14190673828125,327.1903381347656,134.39341735839844,89.50682830810547,170.33607482910156,120.81192016601562,68.25355529785156,82.18101501464844,55.946067810058594,88.31334686279297,222.8727264404297,68.23277282714844,105.12297821044922,90.47081756591797,133.2301025390625,191.05014038085938,86.93770599365234,35.79399871826172,23.452787399291992,44.54391098022461,77.67679595947266,24.622173309326172,41.31836700439453,35.744110107421875,78.92892456054688,86.4842300415039,86.30123901367188,95.04104614257812
2023-05-24,361.6644592285156,195.6191864013672,325.51202392578125,133.73663330078125,88.40858459472656,168.53114318847656,119.95415496826172,67.72469329833984,81.1053695678711,55.3195915222168,87.5549087524414,220.81942749023438,67.69796752929688,103.88555908203125,89.40849304199219,132.01943969726562,186.21087646484375,85.24844360351562,35.51100158691406,23.292198181152344,44.065879821777344,77.39276885986328,24.279685974121094,40.73184585571289,35.47618865966797,78.92892456054688,86.4842300415039,86.3185043334961,95.04104614257812
2023-05-25,364.8153381347656,196.95034790039062,333.4326477050781,136.9617156982422,88.10560607910156,167.21588134765625,121.94921112060547,67.48857879638672,80.76520538330078,55.3670539855957,87.98831176757812,219.68519592285156,67.69796752929688,103.962890625,89.49540710449219,131.31800842285156,194.6497802734375,83.02259063720703,36.0,23.532581329345703,44.2464714050293,78.23006439208984,23.39969825744629,40.64161682128906,35.402286529541016,78.98057556152344,86.53589630126953,86.36167907714844,95.0841293334961
2023-05-26,369.5560302734375,199.5457305908203,341.9519958496094,140.4808349609375,89.08077239990234,169.11679077148438,123.6358413696289,67.78136444091797,81.92359161376953,55.946067810058594,88.9535903930664,222.18832397460938,68.1744384765625,105.21965026855469,90.63499450683594,133.46067810058594,208.00721740722656,83.77780151367188,37.04999923706055,24.58687400817871,44.99297332763672,79.50621032714844,23.67523956298828,41.020599365234375,36.0305061340332,78.9978256225586,86.56171417236328,86.35305786132812,95.10134887695312
2023-05-30,369.6709899902344,199.61276245117188,343.5027770996094,141.08856201171875,88.6642074584961,168.4927520751953,123.65512084960938,67.5263442993164,81.85923767089844,55.882469177246094,89.1407470703125,221.0834197998047,68.02857208251953,104.53325653076172,90.06520080566406,133.5087432861328,207.065185546875,82.61518096923828,37.28499984741211,24.472169876098633,44.983314514160156,79.2685317993164,23.303647994995117,40.66868591308594,35.61477279663086,79.00641632080078,86.57890319824219,86.35305786132812,95.1099624633789
2023-05-31,367.6597900390625,198.41561889648438,341.549560546875,140.26515197753906,87.50914764404297,166.83181762695312,122.4985580444336,67.46968841552734,81.1053695678711,55.57588195800781,88.47095489501953,219.58741760253906,67.22148132324219,103.31519317626953,88.93525695800781,132.43260192871094,202.0375518798828,83.39025115966797,37.1619987487793,24.420303344726562,44.84038543701172,79.08509826660156,23.601505279541016,40.27165985107422,35.28218460083008,79.02365112304688,86.57890319824219,86.37031555175781,95.12720489501953
2023-06-01,371.1841735839844,200.3980712890625,345.4952392578125,141.93157958984375,88.25708770751953,168.6367950439453,123.58766174316406,67.69635772705078,81.67535400390625,56.010616302490234,89.43623352050781,222.0611572265625,67.84380340576172,104.31090545654297,89.82376098632812,133.83543395996094,207.18417358398438,84.54293823242188,37.60599899291992,24.807310104370117,45.345458984375,80.0456771850586,23.884807586669922,40.89426803588867,35.910404205322266,79.06771850585938,86.64115142822266,86.41104125976562,95.18950653076172
2023-06-02,376.6336364746094,203.7117156982422,348.08636474609375,143.0294647216797,91.89266967773438,174.75244140625,125.37067413330078,68.47077941894531,83.1279296875,57.18857955932617,91.06145477294922,228.86648559570312,69.9150161743164,108.23587036132812,93.15555572509766,137.79408264160156,206.92633056640625,85.88441467285156,37.790000915527344,25.06963539123535,46.01180648803711,80.9796142578125,24.247669219970703,41.49884796142578,36.52939224243164,79.0763931274414,86.64115142822266,86.41972351074219,95.19817352294922
2023-06-05,375.9057312011719,203.17539978027344,348.3316650390625,143.07850646972656,89.99916076660156,172.4098358154297,124.76348114013672,68.32910919189453,82.61311340332031,56.99968719482422,90.9826431274414,226.2851104736328,69.24407196044922,106.06072235107422,91.417236328125,136.7371368408203,202.51353454589844,86.16263580322266,37.926998138427734,25.078611373901367,45.90557861328125,80.80603790283203,24.475669860839844,41.23716354370117,36.52014923095703,79.0763931274414,86.65843963623047,86.42840576171875,95.19817352294922
2023-06-06,376.6815490722656,204.10438537597656,348.2728271484375,143.07850646972656,92.56486511230469,176.95101928710938,125.05264282226562,68.07412719726562,83.67036437988281,57.350887298583984,91.4160385131836,231.7019805908203,70.53733825683594,108.69989776611328,93.65776824951172,139.2737579345703,205.38931274414062,87.56373596191406,38.29499816894531,25.20528793334961,46.343048095703125,81.16403198242188,25.0306339263916,41.59810256958008,36.843502044677734,79.09366607666016,86.68437957763672,86.45439910888672,95.21548461914062
2023-06-07,375.44610595703125,203.7021484375,342.3642272949219,140.6572723388672,94.83673095703125,180.2618408203125,124.31314849853516,68.1594467163086,84.96087646484375,57.55307388305664,91.0660400390625,235.07931518554688,71.38333892822266,111.25220489501953,95.79205322265625,140.23463439941406,207.62049865722656,87.6531753540039,38.10200119018555,24.77638816833496,45.932613372802734,80.06637573242188,25.092727661132812,41.201072692871094,36.685218811035156,79.10234069824219,86.6930160522461,86.45439910888672,95.23278045654297
2023-06-08,377.6966857910156,204.65980529785156,346.61407470703125,142.3138885498047,94.23812103271484,179.58792114257812,124.84478759765625,68.54817199707031,84.9701156616211,57.67361068725586,91.41111755371094,234.67782592773438,71.15917205810547,110.69965362548828,95.2415771484375,140.2154083251953,209.01869201660156,87.56373596191406,38.266998291015625,24.83623504638672,46.20012283325195,80.75772094726562,24.92584991455078,41.62516784667969,36.945926666259766,79.14556121826172,86.72761535644531,86.51509857177734,95.29336547851562
2023-06-09,378.3287658691406,204.88009643554688,347.9390869140625,142.90200805664062,93.45896911621094,178.13418579101562,125.018798828125,68.52922058105469,84.83136749267578,57.569210052490234,91.27308654785156,233.0033721923828,70.75955200195312,110.0405044555664,94.74903869628906,139.4755859375,208.58238220214844,87.1066665649414,38.52000045776367,24.806312561035156,46.277381896972656,80.90564727783203,24.59209632873535,41.607120513916016,37.113525390625,79.15418243408203,86.73624420166016,86.51509857177734,95.29336547851562
2023-06-12,381.80535888671875,206.7188720703125,353.81829833984375,145.34291076660156,93.69652557373047,178.87550354003906,126.45913696289062,68.88951110839844,85.58993530273438,57.929901123046875,92.42656707763672,234.59950256347656,71.07145690917969,110.29254913330078,95.0001449584961,140.5997314453125,214.96856689453125,88.05065155029297,39.08599853515625,25.190324783325195,46.85391616821289,81.74392700195312,24.884132385253906,41.79661178588867,37.18800735473633,79.16284942626953,86.75355529785156,86.52374267578125,95.3106460571289
2023-06-13,384.3241882324219,208.24159240722656,356.5370178222656,146.4995880126953,94.4471664428711,180.92608642578125,127.25177764892578,69.12653350830078,86.58904266357422,58.461463928222656,93.42230987548828,237.36082458496094,71.7634506225586,111.32974243164062,95.81135559082031,142.32923889160156,218.63763427734375,89.66043090820312,39.65999984741211,25.51150131225586,47.35512161254883,82.2025146484375,25.642841339111328,42.20267105102539,37.560447692871094,79.18014526367188,86.76216125488281,86.53241729736328,95.32799530029297
2023-06-14,384.6210021972656,208.24159240722656,359.1281433105469,147.55825805664062,93.30693817138672,178.98143005371094,127.85111999511719,69.12653350830078,86.08949279785156,58.39501953125,93.25471496582031,234.77572631835938,71.29562377929688,110.0307846069336,94.48828887939453,141.59901428222656,219.5995330810547,88.32887268066406,39.59000015258789,25.514493942260742,47.4777717590332,82.30803680419922,25.121835708618164,42.310951232910156,37.839778900146484,79.1974105834961,86.77946472167969,86.54110717773438,95.3366470336914
2023-06-15,389.55328369140625,210.77947998046875,363.40740966796875,149.2835235595703,94.16210174560547,180.45436096191406,129.359130859375,70.08411407470703,87.05158996582031,59.11640548706055,94.3983383178711,236.6754150390625,71.9486312866211,110.88385009765625,95.51199340820312,143.14596557617188,217.13034057617188,88.62699890136719,39.95199966430664,25.83367347717285,48.04465103149414,83.41161346435547,24.911298751831055,42.707984924316406,38.193599700927734,79.23202514648438,86.8227310180664,86.59309387207031,95.40585327148438
2023-06-16,388.1166687011719,209.98460388183594,361.12054443359375,148.33270263671875,93.72502899169922,179.0102996826172,129.0498046875,70.06515502929688,87.079345703125,59.045223236083984,94.00399017333984,235.0205535888672,71.60749816894531,110.48641967773438,94.89390563964844,142.32923889160156,215.8114776611328,87.1165771484375,39.79800033569336,25.61324119567871,47.846675872802734,82.96485137939453,24.4892520904541,42.58165740966797,38.06324768066406,79.24066162109375,86.8227310180664,86.61044311523438,95.41452026367188
2023-06-20,386.3257751464844,208.95033264160156,360.6036071777344,148.1824951171875,93.36396789550781,178.23046875,128.47946166992188,69.53421020507812,85.95999145507812,58.537391662597656,93.27442169189453,234.26654052734375,71.0909423828125,109.95326232910156,94.66212463378906,141.339599609375,213.8883056640625,87.08975219726562,39.16400146484375,25.47459602355957,47.44687271118164,82.86129760742188,24.688146591186523,42.009742736816406,37.318363189697266,79.25794219970703,86.84862518310547,86.61044311523438,95.41452026367188
2023-06-21,384.209228515625,207.80108642578125,355.6893005371094,146.2289581298828,93.24993896484375,177.81651306152344,128.11212158203125,69.51524353027344,85.30316162109375,58.385520935058594,92.92936706542969,234.07066345214844,71.19813537597656,109.88540649414062,94.4110336303711,140.5421142578125,209.82965087890625,86.61276245117188,38.52000045776367,25.05467414855957,46.92924499511719,82.22026824951172,24.303939819335938,42.0734977722168,37.141456604003906,79.25794219970703,86.85728454589844,86.63645935058594,95.42317199707031
2023-06-22,385.60748291015625,208.35650634765625,359.8861083984375,147.87815856933594,92.26175689697266,176.49754333496094,128.4601287841797,69.57212829589844,85.03487396240234,58.224159240722656,92.78147888183594,232.7291717529297,70.93501281738281,109.04206848144531,93.81227111816406,139.8887176513672,211.08995056152344,86.04634857177734,38.597999572753906,25.136465072631836,46.91958236694336,82.53289031982422,24.054595947265625,41.81850051879883,37.01110076904297,79.29253387451172,86.891845703125,86.65377044677734,95.45777893066406
2023-06-23,382.71514892578125,206.6328125,356.31842041015625,146.3860321044922,90.77949523925781,173.84039306640625,127.64811706542969,69.03170776367188,84.33181762695312,57.77802658081055,91.8251724243164,228.9200439453125,70.18453216552734,107.09368896484375,92.16085815429688,138.1015625,206.00917053222656,84.58558654785156,38.03099822998047,24.811298370361328,46.3797492980957,82.04273986816406,23.67038917541504,41.14460372924805,36.471065521240234,79.30120849609375,86.90912628173828,86.6797866821289,95.4664306640625
2023-06-26,381.1348571777344,205.9117889404297,351.5417785644531,144.50125122070312,91.35907745361328,174.01368713378906,126.9617691040039,69.19290161132812,84.72035217285156,58.04599380493164,91.96321105957031,228.51856994628906,70.64259338378906,107.6268310546875,92.61476135253906,138.38018798828125,207.18011474609375,82.64781951904297,37.83599853515625,24.68462371826172,46.09196090698242,81.6305160522461,22.964073181152344,41.272098541259766,36.59210968017578,79.3098373413086,86.91776275634766,86.6797866821289,95.4837417602539
2023-06-27,385.3585205078125,208.4209442138672,357.5862731933594,146.94557189941406,92.94589233398438,176.52642822265625,128.68243408203125,69.63850402832031,85.83971405029297,58.73259353637695,93.26457214355469,231.759765625,71.61725616455078,109.23594665527344,94.05369567871094,140.75347900390625,214.90049743652344,82.39938354492188,38.87200164794922,25.050683975219727,46.71195602416992,82.58614349365234,22.94466781616211,41.60905075073242,36.96455001831055,79.32709503173828,86.9264144897461,86.6884765625,95.50102996826172
2023-06-28,385.53094482421875,208.593994140625,358.2840270996094,147.24005126953125,93.0599136352539,177.3928985595703,128.38278198242188,69.27822875976562,85.78421783447266,58.63723373413086,93.78707122802734,233.2873077392578,71.68547821044922,109.57521057128906,94.1309814453125,141.39724731445312,213.35243225097656,83.4527359008789,38.9119987487793,25.235210418701172,46.83749771118164,82.68180084228516,23.363800048828125,41.61814880371094,36.741085052490234,79.33576965332031,86.95233917236328,86.6884765625,95.50970458984375
2023-06-29,387.0077209472656,209.59381103515625,357.566650390625,146.93576049804688,94.59918212890625,179.43386840820312,128.95310974121094,69.75226593017578,86.21900939941406,59.06635284423828,94.20116424560547,235.85289001464844,72.55293273925781,111.40730285644531,95.75465393066406,142.49342346191406,215.9027557373047,82.10128021240234,38.981998443603516,25.14543914794922,46.84232711791992,83.12165832519531,22.845705032348633,41.56351852416992,36.545555114746094,79.36170959472656,86.98694610595703,86.70579528808594,95.52699279785156
2023-06-30,391.59405517578125,211.76644897460938,363.08038330078125,149.193603515625,94.68470001220703,180.2907257080078,130.37408447265625,70.47283172607422,86.76480865478516,59.61945343017578,95.26591491699219,237.6154327392578,73.09872436523438,111.40730285644531,96.02590942382812,143.48641967773438,219.59426879882812,82.67761993408203,39.52899932861328,25.497535705566406,47.449764251708984,84.18183135986328,23.246402740478516,42.05528259277344,36.834197998046875,79.38764953613281,86.98694610595703,86.74913787841797,95.57891082763672
2023-07-03,392.3439636230469,212.4009246826172,363.9354248046875,149.566650390625,95.2833023071289,180.65655517578125,130.20013427734375,70.39698791503906,87.40312957763672,59.77392578125,95.00959014892578,237.84068298339844,73.23517608642578,112.0567626953125,96.43280792236328,144.0552520751953,221.14230346679688,82.41928100585938,39.779998779296875,25.58930206298828,47.62938690185547,84.23213195800781,23.252225875854492,42.12813949584961,37.24386978149414,79.40762329101562,87.02771759033203,86.74129486083984,95.57198333740234
2023-07-05,391.46905517578125,211.7568359375,363.9255676269531,149.5175323486328,93.8675537109375,178.85626220703125,130.08413696289062,70.28321075439453,86.87583923339844,59.552696228027344,94.7335433959961,234.67782592773438,72.65038299560547,110.39915466308594,95.02806091308594,142.84046936035156,215.81346130371094,82.48881530761719,39.17499923706055,25.404773712158203,47.509639739990234,84.3346939086914,23.258047103881836,41.67279815673828,37.02041244506836,79.4162826538086,87.03639221191406,86.75872039794922,95.58934783935547
2023-07-06,388.27691650390625,209.87255859375,361.15399169921875,148.3690185546875,92.57530975341797,175.9680633544922,129.0594482421875,69.9134521484375,85.96923828125,58.980533599853516,93.68850708007812,231.22120666503906,71.89989471435547,108.91606140136719,93.78801727294922,140.81590270996094,212.59828186035156,81.2069320678711,38.32099914550781,24.906055450439453,46.748653411865234,83.31495666503906,22.88742446899414,40.93514633178711,36.26622772216797,79.44232177734375,87.07112121582031,86.80223083496094,95.64147186279297
2023-07-07,387.3730773925781,209.6129913330078,359.95489501953125,147.94686889648438,93.48748016357422,177.8261260986328,128.4601287841797,69.5057601928711,86.15423583984375,59.05204391479492,93.92510986328125,233.23837280273438,72.47494506835938,109.84664154052734,94.39836120605469,142.11740112304688,214.50357055664062,81.26654815673828,38.54499816894531,24.9678955078125,47.030643463134766,83.42245483398438,23.07855796813965,41.28120803833008,36.6759033203125,79.45101165771484,87.07979583740234,86.81962585449219,95.64147186279297
2023-07-10,388.41143798828125,210.5263214111328,360.0728454589844,147.97633361816406,94.71320343017578,180.86834716796875,129.2914581298828,69.79967498779297,86.80179595947266,59.552696228027344,95.57154083251953,237.72314453125,73.43985748291016,111.34912872314453,95.63842010498047,144.31558227539062,219.70338439941406,83.70116424560547,39.08300018310547,25.1953125,47.397621154785156,84.00234985351562,23.67426872253418,41.39048767089844,36.70384216308594,79.46837615966797,87.08848571777344,86.81962585449219,95.65885925292969
2023-07-11,390.9017333984375,212.17984008789062,361.85174560546875,148.65367126464844,95.58736419677734,182.72645568847656,130.1614532470703,70.29270935058594,87.92119598388672,60.25835037231445,96.57713317871094,239.86766052246094,74.1903305053711,112.14398956298828,96.56842041015625,146.26303100585938,220.50721740722656,83.30368041992188,39.73400115966797,25.65413475036621,48.034996032714844,85.25777435302734,23.619935989379883,41.79118728637695,37.07627868652344,79.47703552246094,87.0971908569336,86.82833099365234,95.65885925292969
2023-07-12,393.978515625,213.80453491210938,366.42193603515625,150.5482940673828,96.6325454711914,184.7192840576172,131.360107421875,70.42542266845703,88.02294921875,60.534912109375,97.13908386230469,241.87503051757812,74.79460144042969,113.42354583740234,97.6244125366211,147.37171936035156,224.91317749023438,84.24771118164062,40.05500030517578,25.694032669067383,48.605735778808594,85.70256805419922,23.792638778686523,42.59259033203125,37.90494918823242,79.4944076538086,87.11457824707031,86.84575653076172,95.6849136352539
2023-07-13,397.1898193359375,215.61184692382812,372.643310546875,153.0809783935547,97.17414855957031,186.21151733398438,132.6071014404297,70.51077270507812,88.50398254394531,60.9449577331543,98.01652526855469,244.31329345703125,75.08700561523438,114.20873260498047,98.19599151611328,149.02999877929688,230.02377319335938,84.14833068847656,41.02299880981445,26.31244468688965,49.551177978515625,86.61875915527344,23.95660400390625,43.24827575683594,38.398433685302734,79.5291519165039,87.14926147460938,86.8892593383789,95.7370376586914
2023-07-14,396.87255859375,215.29461669921875,372.564697265625,153.1104278564453,96.35702514648438,184.39195251464844,132.6747589111328,70.47283172607422,87.44938659667969,60.56351089477539,97.533447265625,242.61920166015625,74.57044219970703,113.4041519165039,97.58566284179688,147.6223907470703,224.000244140625,83.88996124267578,40.237998962402344,26.17579460144043,49.02099609375,86.36925506591797,23.43074607849121,42.98417663574219,38.18428421020508,79.53784942626953,87.15792846679688,86.90666961669922,95.74574279785156
2023-07-17,398.2571105957031,216.11175537109375,376.0439453125,154.45533752441406,97.12664794921875,186.3655548095703,133.41908264160156,70.52024841308594,87.4123764038086,60.82099151611328,98.4404525756836,245.5274658203125,75.1357421875,114.54798126220703,98.51570129394531,149.00108337402344,229.8351593017578,85.22154998779297,41.13999938964844,26.511932373046875,49.27594757080078,87.35546112060547,23.89645004272461,42.96596908569336,38.23084259033203,79.54649353027344,87.17528533935547,86.924072265625,95.75440979003906
2023-07-18,401.2762145996094,217.83255004882812,379.12030029296875,155.79037475585938,98.46638488769531,188.66647338867188,134.1537628173828,70.70039367675781,88.19869995117188,61.18336486816406,98.90381622314453,247.76986694335938,75.78875732421875,116.05046844482422,99.90105438232422,150.63040161132812,230.19241333007812,85.04268646240234,41.42399978637695,26.606687545776367,49.573387145996094,88.01326751708984,23.92361831665039,43.275604248046875,37.95150375366211,79.54649353027344,87.18395233154297,86.93277740478516,95.76309967041016
2023-07-19,402.1414794921875,218.39976501464844,379.03179931640625,155.62350463867188,99.00798797607422,189.465576171875,134.1828155517578,71.03221893310547,89.03130340576172,61.45989990234375,98.90381622314453,247.27047729492188,75.83749389648438,116.05046844482422,99.8429183959961,151.24740600585938,227.74134826660156,85.22154998779297,41.34199905395508,26.598709106445312,49.749149322509766,88.18289184570312,24.047801971435547,43.2664909362793,37.87702178955078,79.56387329101562,87.20132446289062,86.9501724243164,95.78046417236328
2023-07-20,399.51666259765625,216.82313537597656,370.2943115234375,152.14840698242188,98.26685333251953,187.8096923828125,133.2064208984375,71.46834564208984,88.89253997802734,61.28824996948242,97.56302642822266,244.9203338623047,75.49635314941406,115.12959289550781,98.98069763183594,149.53134155273438,219.43551635742188,83.800537109375,40.11800003051758,25.7788143157959,48.952430725097656,86.9678726196289,23.569486618041992,43.011497497558594,37.59769058227539,79.60723876953125,87.23601531982422,86.96757507324219,95.82392883300781
2023-07-21,399.564697265625,216.80393981933594,369.1837463378906,151.70664978027344,97.90579223632812,187.2127685546875,133.32244873046875,71.87602996826172,89.03130340576172,61.42462158203125,97.63202667236328,244.17616271972656,75.5743408203125,115.03265380859375,98.8741226196289,149.31919860839844,221.19189453125,84.43653106689453,40.06399917602539,25.893518447875977,48.942771911621094,86.7449951171875,23.60732650756836,43.066139221191406,37.54182815551758,79.60723876953125,87.24474334716797,86.99369812011719,95.83261108398438
2023-07-24,401.2569274902344,217.57301330566406,369.7734680175781,151.95205688476562,98.46638488769531,187.67486572265625,133.91213989257812,71.9803237915039,89.43833923339844,61.478981018066406,97.24754333496094,243.86282348632812,75.47686004638672,115.44947814941406,99.43604278564453,149.3770751953125,220.1598663330078,82.896240234375,40.082000732421875,25.859607696533203,49.10694122314453,86.80120849609375,23.08534812927246,43.020606994628906,38.053932189941406,79.61595916748047,87.26210021972656,87.00239562988281,95.84130859375
2023-07-25,402.4396057128906,218.1209716796875,372.2796936035156,153.0220947265625,98.43788146972656,187.65560913085938,134.74346923828125,72.11306762695312,89.36432647705078,61.612483978271484,97.67147827148438,244.61679077148438,75.72053527832031,115.59488677978516,99.50385284423828,149.48312377929688,224.28802490234375,82.63788604736328,40.2400016784668,26.013212203979492,49.126258850097656,86.9442138671875,22.755474090576172,43.14810562133789,38.37050247192383,79.62464904785156,87.2707748413086,86.99369812011719,95.85000610351562
2023-07-26,402.5357666015625,218.28439331054688,371.0412902832031,152.4429168701172,99.16001892089844,189.13824462890625,134.69509887695312,71.90447235107422,89.66036987304688,61.71737289428711,97.77005767822266,245.40017700195312,75.96420288085938,115.94385528564453,99.6782455444336,150.20616149902344,220.0904083251953,82.52857971191406,40.02899932861328,25.877561569213867,49.29332733154297,86.84854125976562,22.755474090576172,43.2027473449707,38.59397506713867,79.63333892822266,87.28814697265625,87.01111602783203,95.86737060546875
2023-07-27,399.80511474609375,216.60203552246094,370.1568298339844,152.08950805664062,98.10533142089844,186.69287109375,134.09576416015625,71.35458374023438,89.40132904052734,61.173828125,96.60670471191406,242.28628540039062,74.99930572509766,114.85818481445312,98.73851013183594,148.2587127685547,220.2491912841797,81.2566146850586,39.70399856567383,25.763853073120117,48.855857849121094,86.07041931152344,22.201478958129883,43.020606994628906,38.11910629272461,79.6767349243164,87.32284545898438,87.05461120605469,95.902099609375
2023-07-28,403.6990966796875,218.86123657226562,376.8990783691406,154.8381805419922,99.04598999023438,189.1093292236328,135.26544189453125,71.50627899169922,89.7436294555664,61.51712417602539,97.64189910888672,245.5764617919922,75.67179870605469,116.03108978271484,99.94949340820312,150.47610473632812,224.7841796875,83.2837905883789,40.46099853515625,26.35633087158203,49.697967529296875,87.35347747802734,22.964073181152344,43.375770568847656,39.0408935546875,79.68541717529297,87.34022521972656,87.07200622558594,95.92818450927734
2023-07-31,404.4779052734375,219.52455139160156,377.09564208984375,155.0345001220703,99.92015838623047,191.30435180664062,135.3041229248047,71.44937896728516,90.00264739990234,61.755531311035156,98.12498474121094,248.75889587402344,75.86671447753906,117.14584350585938,100.8214111328125,151.97047424316406,227.24517822265625,83.76078796386719,40.87300109863281,26.539859771728516,49.940364837646484,88.03988647460938,23.366710662841797,43.375770568847656,39.05951690673828,79.69408416748047,87.34022521972656,87.06330871582031,95.945556640625
2023-08-01,403.22796630859375,218.9285125732422,376.2209167480469,154.6025848388672,99.42606353759766,190.42828369140625,135.3041229248047,71.28822326660156,89.77136993408203,61.593406677246094,97.61231231689453,247.3585968017578,75.69129943847656,116.38003540039062,100.23043060302734,151.2570343017578,225.29025268554688,82.7770004272461,41.09000015258789,26.601701736450195,49.642913818359375,88.08623504638672,23.147441864013672,42.89310836791992,38.5660285949707,79.71500396728516,87.35938262939453,87.0833969116211,95.96037292480469
2023-08-02,397.6417541503906,215.82333374023438,367.9651184082031,151.20602416992188,98.59941101074219,187.83851623535156,133.19677734375,71.09857940673828,88.81851959228516,60.88774108886719,95.92645263671875,243.1186065673828,74.83358001708984,115.66272735595703,99.54258728027344,148.6250762939453,216.3889923095703,81.54478454589844,39.78300094604492,25.61423683166504,48.469566345214844,86.24990844726562,22.732189178466797,42.06438446044922,37.64424514770508,79.72372436523438,87.3855209350586,87.10960388183594,95.97782135009766
2023-08-03,396.5168151855469,215.19845581054688,367.3753662109375,150.92132568359375,98.22885131835938,187.3090362548828,132.9454345703125,70.83312225341797,88.50398254394531,60.67794418334961,95.7095718383789,242.2960968017578,74.59970092773438,115.33316040039062,99.14539337158203,148.20086669921875,217.13323974609375,80.7597427368164,39.625,25.509506225585938,48.5535888671875,86.55859375,22.55270004272461,41.93689727783203,37.7932243347168,79.75859832763672,87.41169738769531,87.14458465576172,96.01273345947266
2023-08-04,394.57464599609375,214.28515625,365.6554260253906,150.2537841796875,98.21935272216797,186.93356323242188,132.20111083984375,70.44440460205078,88.53175354003906,60.38232421875,94.94056701660156,241.2972869873047,74.72637939453125,115.0423583984375,99.05821228027344,147.97911071777344,217.1431884765625,80.7100601196289,39.439998626708984,25.414749145507812,48.21171951293945,86.1364974975586,22.410076141357422,42.05528259277344,37.746673583984375,79.77606964111328,87.42913818359375,87.15331268310547,96.03889465332031
2023-08-07,398.1321105957031,215.92910766601562,368.7513122558594,151.49069213867188,98.77995300292969,187.05873107910156,133.6800994873047,71.07015228271484,89.34583282470703,60.84959411621094,95.56168365478516,240.4551544189453,75.29168701171875,115.5657958984375,99.494140625,148.422607421875,218.5225067138672,78.19595336914062,39.564998626708984,25.574338912963867,48.319881439208984,87.00634002685547,21.368064880371094,42.392234802246094,37.690799713134766,79.77606964111328,87.43785858154297,87.17081451416016,96.03889465332031
2023-08-08,396.41107177734375,214.92929077148438,365.6160583496094,150.2047119140625,98.10533142089844,185.88417053222656,133.1484375,70.8899917602539,89.05904388427734,60.458621978759766,94.34903717041016,238.79051208496094,74.65816497802734,114.74183654785156,98.75788116455078,147.12109375,214.6226348876953,78.83192443847656,38.84700012207031,25.135467529296875,48.04851531982422,86.1364974975586,21.40784454345703,42.0734977722168,37.23456573486328,79.7934799194336,87.44657897949219,87.17081451416016,96.05633544921875
2023-08-09,393.77655029296875,213.39112854003906,361.59625244140625,148.535888671875,97.4021987915039,184.43045043945312,132.317138671875,70.99430084228516,88.53175354003906,60.29650115966797,93.9941177368164,236.14663696289062,74.33650970458984,113.90821838378906,98.07005310058594,145.70384216308594,211.02044677734375,78.76235961914062,38.43199920654297,24.959917068481445,47.61876678466797,85.21044921875,21.45538330078125,42.109920501708984,37.32767868041992,79.80219268798828,87.47272491455078,87.18827056884766,96.0650863647461
2023-08-10,394.00738525390625,213.42959594726562,362.2645568847656,148.87945556640625,97.03162384033203,183.61212158203125,132.16249084472656,70.95636749267578,88.13395690917969,60.26789474487305,94.08285522460938,235.52972412109375,74.2682876586914,113.65618896484375,97.64378356933594,145.4339141845703,209.4922332763672,79.43810272216797,38.347999572753906,25.095569610595703,47.78583526611328,85.44023895263672,21.69211769104004,42.237422943115234,37.383544921875,79.8458023071289,87.49891662597656,87.24071502685547,96.10869598388672
2023-08-11,393.6419677734375,213.2277069091797,359.95489501953125,147.9075927734375,96.94611358642578,183.87210083007812,131.6404266357422,71.23130798339844,88.11544799804688,60.220218658447266,93.91524505615234,235.8332977294922,74.3170166015625,113.48169708251953,97.47908782958984,145.31820678710938,205.9000244140625,79.36853790283203,37.79100036621094,24.796337127685547,47.35029220581055,85.05758666992188,21.60867691040039,42.000640869140625,36.834197998046875,79.85448455810547,87.50761413574219,87.24071502685547,96.12614440917969
2023-08-14,395.86297607421875,214.28515625,363.99444580078125,149.60592651367188,96.51854705810547,183.55441284179688,133.06143188476562,71.30717468261719,88.2727279663086,60.27743148803711,94.48706817626953,236.19558715820312,74.61917114257812,113.15211486816406,97.40158081054688,145.5303192138672,210.454833984375,79.52753448486328,38.29100036621094,24.896080017089844,47.59269714355469,85.62860107421875,21.412694931030273,41.82761001586914,36.657283782958984,79.86324310302734,87.53378295898438,87.25819396972656,96.1435775756836
2023-08-15,391.3247985839844,211.8529510498047,360.1318664550781,148.01559448242188,95.41632843017578,181.1282958984375,131.882080078125,70.70039367675781,86.94058227539062,59.476402282714844,93.48146057128906,233.93360900878906,73.64452362060547,112.00828552246094,96.4424819946289,143.6696014404297,206.57481384277344,79.31884002685547,37.70500183105469,24.584880828857422,47.01615905761719,84.73016357421875,21.085731506347656,41.244781494140625,36.2382926940918,79.87193298339844,87.54248809814453,87.27564239501953,96.1610107421875
2023-08-16,388.4306945800781,210.10330200195312,356.31842041015625,146.39584350585938,94.30463409423828,178.9139862060547,131.08944702148438,70.49180603027344,85.98772430419922,59.11403274536133,92.64347076416016,230.6630401611328,73.18643951416016,110.74813842773438,95.19274139404297,142.10777282714844,202.2482147216797,77.58977508544922,37.19499969482422,24.247745513916016,46.39712905883789,84.15323638916016,20.633609771728516,40.91693878173828,35.912410736083984,79.88938903808594,87.5599136352539,87.28440856933594,96.16975402832031
2023-08-17,385.2867126464844,208.38246154785156,352.42633056640625,144.80552673339844,93.31644439697266,176.80563354492188,130.2291259765625,70.0272216796875,85.39566802978516,58.618160247802734,91.15476989746094,227.0399627685547,72.0850830078125,109.42982482910156,94.07866668701172,140.3723907470703,198.82460021972656,76.46686553955078,36.15700149536133,23.85774803161621,46.02822494506836,83.5250244140625,20.36874008178711,40.64373016357422,35.99620819091797,79.92427062988281,87.59477233886719,87.3193359375,96.21339416503906
2023-08-18,385.6424255371094,208.62281799316406,351.984130859375,144.60922241210938,93.79154205322266,177.76834106445312,130.3644256591797,70.18840789794922,85.80271911621094,58.72305679321289,91.50970458984375,228.48916625976562,72.37747955322266,110.07929229736328,94.601806640625,141.07618713378906,199.21163940429688,77.04322814941406,36.303001403808594,23.83380889892578,45.89205551147461,83.6630859375,20.575395584106445,40.64373016357422,35.754119873046875,79.9329605102539,87.60350036621094,87.33686065673828,96.22209167480469
2023-08-21,388.1903991699219,209.82449340820312,357.655029296875,147.0044708251953,93.344970703125,177.50840759277344,131.6211395263672,70.19789123535156,85.99697875976562,58.7898063659668,91.7364501953125,228.8220977783203,72.54317474365234,109.93388366699219,94.45648193359375,141.35577392578125,203.65733337402344,77.8978271484375,36.7140007019043,24.013347625732422,46.29862594604492,84.86921691894531,20.84996795654297,40.77122116088867,35.83792495727539,79.94170379638672,87.61224365234375,87.33686065673828,96.23084259033203
2023-08-22,387.10382080078125,209.2669219970703,357.1439514160156,146.7590789794922,93.16443634033203,176.97889709472656,131.04112243652344,70.04618835449219,85.53443145751953,58.63723373413086,91.72660064697266,229.09632873535156,72.28975677490234,110.0307846069336,94.73743438720703,140.7772979736328,203.07188415527344,77.87796020507812,36.42300033569336,24.04925537109375,46.01663589477539,84.66999816894531,20.95475196838379,40.68015670776367,35.763431549072266,79.95040893554688,87.62091827392578,87.35432434082031,96.248291015625
2023-08-23,391.2767639160156,211.554931640625,362.775634765625,149.1150360107422,94.1526107788086,178.86585998535156,132.43310546875,70.51077270507812,86.1357421875,59.123573303222656,92.84062957763672,231.5345458984375,73.0110092163086,111.16494750976562,95.70620727539062,142.57054138183594,207.904541015625,78.36488342285156,36.97800064086914,24.398359298706055,46.83749771118164,85.54279327392578,21.06244659423828,41.11728286743164,36.33140563964844,79.96784973144531,87.64710998535156,87.37181091308594,96.2657241821289
2023-08-24,386.0750427246094,208.71896362304688,355.02105712890625,145.85592651367188,93.21192932128906,176.3916473388672,130.64480590820312,69.998779296875,85.2013931274414,58.5514030456543,91.4801254272461,228.02896118164062,72.23128509521484,109.95326232910156,94.50492095947266,140.5941619873047,200.4123992919922,77.3313980102539,36.00699996948242,23.980432510375977,46.10354995727539,84.5388412475586,20.65883445739746,40.59819412231445,36.19173812866211,79.9940185546875,87.68197631835938,87.39801025390625,96.3093490600586
2023-08-25,388.6325988769531,210.14173889160156,357.7729797363281,147.06336975097656,93.43997192382812,177.14260864257812,131.42779541015625,70.47283172607422,85.44193267822266,58.847015380859375,92.21955108642578,229.39984130859375,72.61140441894531,110.40886688232422,95.06681823730469,141.29794311523438,201.53370666503906,78.19595336914062,36.4379997253418,23.992401123046875,46.395198822021484,85.18973541259766,20.876163482666016,40.853179931640625,36.228981018066406,80.01143646240234,87.69071197509766,87.40674591064453,96.3093490600586
2023-08-28,391.1902160644531,211.4876251220703,360.4659729003906,148.1824951171875,94.20010375976562,178.72146606445312,132.29779052734375,70.74778747558594,86.1820068359375,59.24754333496094,92.78147888183594,230.77076721191406,73.14746856689453,111.17464447021484,95.7449722290039,142.3295135498047,204.1634521484375,78.43444061279297,36.54499816894531,24.234779357910156,46.6926383972168,85.9313735961914,20.904298782348633,41.28120803833008,36.582794189453125,80.02887725830078,87.70813751220703,87.40674591064453,96.31807708740234
2023-08-29,396.7475280761719,214.56396484375,368.3385314941406,151.32382202148438,95.46382904052734,181.2149200439453,134.28909301757812,71.30717468261719,87.24585723876953,59.962738037109375,94.2898941040039,234.43299865722656,74.11236572265625,112.6480484008789,96.95594024658203,144.6144256591797,209.47239685058594,78.79218292236328,37.38199996948242,24.656694412231445,47.6168327331543,87.0931167602539,20.998411178588867,41.80939483642578,37.04834747314453,80.02020263671875,87.72559356689453,87.44170379638672,96.34423828125
2023-08-30,398.4012756347656,215.5157012939453,370.3926696777344,152.23678588867188,95.88191986083984,181.89845275878906,134.68544006347656,71.40198516845703,87.31986999511719,60.153465270996094,94.93070983886719,236.07809448242188,74.3170166015625,113.287841796875,97.32408142089844,145.4339141845703,209.13502502441406,79.17971801757812,37.4900016784668,24.846208572387695,47.79742431640625,87.48070526123047,21.0178165435791,41.80029296875,36.927303314208984,80.03761291503906,87.72559356689453,87.45045471191406,96.35297393798828
2023-08-31,397.89178466796875,215.28500366210938,371.5032653808594,152.58033752441406,95.75840759277344,181.5807647705078,134.71446228027344,70.99430084228516,87.38462829589844,60.01042175292969,94.85185241699219,235.6668243408203,74.29755401611328,113.06488800048828,97.44034576416016,145.69422912597656,211.49679565429688,78.70275115966797,37.847999572753906,24.995824813842773,47.7259635925293,87.67596435546875,20.832504272460938,41.6636962890625,36.471065521240234,80.08992004394531,87.7691879272461,87.49413299560547,96.40532684326172
2023-09-01,398.7378234863281,215.99636840820312,371.1101379394531,152.52142333984375,96.7370834350586,183.73728942871094,135.0237579345703,71.13652038574219,88.0322036743164,60.2106819152832,95.57154083251953,237.6840057373047,74.8920669555664,114.27658081054688,98.14755249023438,147.15000915527344,212.6181182861328,80.62062072753906,38.02199935913086,25.10554313659668,48.015682220458984,88.11779022216797,21.279775619506836,41.72743606567383,36.89937210083008,80.10305786132812,87.79629516601562,87.51432037353516,96.43246459960938
2023-09-05,396.9975280761719,214.7081756591797,371.5819396972656,152.69813537597656,93.9435806274414,179.8671112060547,134.26011657714844,70.63402557373047,87.09785461425781,59.61945343017578,94.70394134521484,233.29713439941406,73.18643951416016,111.22310638427734,95.60933685302734,145.0193634033203,210.79225158691406,79.14991760253906,37.9900016784668,25.10554313659668,47.737552642822266,87.94322967529297,20.829593658447266,41.354061126708984,36.601417541503906,80.12055206298828,87.8050537109375,87.5318603515625,96.43246459960938
2023-09-06,394.2572937011719,213.36228942871094,368.3090515136719,151.40234375,93.6300048828125,179.1931915283203,133.3707733154297,70.39698791503906,86.87583923339844,59.419185638427734,94.52650451660156,233.1796417236328,73.04024505615234,111.08740234375,95.50276184082031,144.49871826171875,209.23423767089844,79.38841247558594,37.553001403808594,24.948945999145508,47.40244674682617,87.52507781982422,20.785932540893555,41.19013595581055,36.39657974243164,80.12055206298828,87.82257843017578,87.54064178466797,96.44999694824219
2023-09-07,393.08428955078125,212.6316680908203,365.6750183105469,150.2537841796875,92.96488952636719,177.4602813720703,132.85845947265625,70.64350128173828,86.54279327392578,59.20939636230469,94.07299041748047,230.7022247314453,72.47494506835938,110.21498107910156,94.65023803710938,143.62139892578125,203.1115264892578,78.2655029296875,37.189998626708984,24.806312561035156,47.03547286987305,87.24105072021484,20.606443405151367,41.02621078491211,35.9682731628418,80.16435241699219,87.8663330078125,87.58452606201172,96.50257110595703
2023-09-08,393.6227722167969,212.86239624023438,366.18609619140625,150.46975708007812,92.60382080078125,177.06553649902344,132.8488006591797,70.8520736694336,86.9035873413086,59.22846984863281,93.56033325195312,229.60552978515625,72.45545196533203,109.7787857055664,94.48555755615234,143.48641967773438,201.5535888671875,78.15618896484375,36.99700164794922,24.626773834228516,46.937931060791016,87.4964828491211,20.514272689819336,40.97157287597656,36.042762756347656,80.17311096191406,87.87513732910156,87.59329986572266,96.51136016845703
2023-09-11,396.20916748046875,214.1986541748047,370.50079345703125,152.26622009277344,92.58482360839844,177.48919677734375,133.29347229003906,71.11756896972656,86.95909118652344,59.36006546020508,93.98426055908203,230.1538543701172,72.72834777832031,109.90479278564453,94.63086700439453,144.13235473632812,200.48182678222656,78.3350830078125,37.2760009765625,24.78636360168457,47.395687103271484,87.73809814453125,20.747127532958984,41.43601608276367,36.48968505859375,80.17311096191406,87.88387298583984,87.59329986572266,96.52884674072266
2023-09-12,394.0843200683594,213.16041564941406,366.392578125,150.57774353027344,92.58482360839844,177.3158416748047,132.4717559814453,70.82364654541016,87.079345703125,59.32382583618164,93.59976959228516,229.71322631835938,72.78681945800781,109.8369369506836,94.36930084228516,143.83351135253906,199.04295349121094,78.6331787109375,36.82400131225586,24.626773834228516,47.161983489990234,87.56354522705078,20.76555824279785,41.25387954711914,36.37795639038086,80.19940185546875,87.89263153076172,87.61082458496094,96.53761291503906
2023-09-13,394.5457763671875,213.18922424316406,367.7881164550781,151.16673278808594,92.0432357788086,176.15098571777344,132.7037811279297,70.97533416748047,86.84807586669922,59.13310241699219,93.22513580322266,228.06813049316406,72.39698028564453,109.38134765625,93.85584259033203,142.80189514160156,198.85440063476562,77.7984619140625,36.72600173950195,24.561939239501953,47.03160858154297,87.48661804199219,20.491958618164062,41.17192459106445,36.33140563964844,80.20812225341797,87.91889190673828,87.61961364746094,96.55513763427734
2023-09-14,397.95904541015625,215.01580810546875,370.7956237792969,152.38401794433594,93.6300048828125,178.6348419189453,133.56407165527344,71.50627899169922,87.77317810058594,59.686195373535156,93.6983642578125,230.6042938232422,73.25467681884766,110.82566833496094,95.41556549072266,144.21914672851562,202.68484497070312,77.71896362304688,37.1619987487793,24.668664932250977,47.39086151123047,87.84559631347656,20.499719619750977,41.72743606567383,36.573486328125,80.23442077636719,87.94515228271484,87.6634750366211,96.59893035888672
2023-09-15,392.99774169921875,212.48744201660156,364.4465026855469,149.70407104492188,92.7463607788086,176.76712036132812,131.5341339111328,70.95636749267578,87.0423355102539,59.161720275878906,92.6138916015625,227.65684509277344,72.33850860595703,109.63336944580078,94.36930084228516,142.90792846679688,198.04071044921875,76.62586212158203,36.5880012512207,24.297618865966797,46.894474029541016,86.81895446777344,20.400758743286133,41.636375427246094,36.4338264465332,80.25189971923828,87.96266174316406,87.6634750366211,96.60769653320312
2023-09-18,393.430419921875,212.50668334960938,364.826416015625,149.9351043701172,92.166748046875,175.5925750732422,131.90142822265625,71.05118560791016,86.9128189086914,59.0282096862793,92.37725830078125,226.58949279785156,72.46519470214844,109.21656036376953,94.01084899902344,142.1270294189453,197.62460327148438,75.47314453125,36.23899841308594,24.34250259399414,46.71002197265625,86.8978500366211,20.00782012939453,41.480499267578125,36.38726806640625,80.26067352294922,87.97142791748047,87.68982696533203,96.62519836425781
2023-09-19,392.6420593261719,211.96835327148438,364.0487976074219,149.63031005859375,91.97669982910156,174.90904235839844,131.7371063232422,71.11756896972656,86.81104278564453,58.91377258300781,92.09137725830078,225.4046630859375,72.25077056884766,108.72219848632812,93.60395812988281,141.72213745117188,196.13504028320312,75.51288604736328,35.98400115966797,24.10112190246582,46.55937194824219,86.6700439453125,19.93020248413086,41.489662170410156,36.173118591308594,80.26945495605469,87.98018646240234,87.6985855102539,96.62519836425781
2023-09-20,388.9691467285156,210.09365844726562,358.802734375,147.47698974609375,91.23558044433594,173.1568603515625,130.47080993652344,71.15547180175781,86.20975494384766,58.71352767944336,91.49983978271484,223.103515625,71.73420715332031,107.66560363769531,92.45111083984375,140.5170135498047,193.15594482421875,73.87324523925781,35.555999755859375,23.828821182250977,46.108375549316406,85.859375,19.39173126220703,41.35213088989258,36.024139404296875,80.2781982421875,88.0064697265625,87.71611785888672,96.64274597167969
2023-09-21,382.5944519042969,206.56996154785156,352.22784423828125,144.69442749023438,89.89584350585938,170.4709014892578,127.99612426757812,70.28321075439453,85.08114624023438,57.683624267578125,89.64639282226562,219.3335723876953,70.42819213867188,106.134033203125,91.22075653076172,137.76931762695312,188.9752197265625,73.23726654052734,34.694000244140625,23.333093643188477,45.11465072631836,84.39090728759766,19.32672691345215,40.664451599121094,35.400299072265625,80.3219985961914,88.03273010253906,87.74244689941406,96.68653869628906
2023-09-22,381.67144775390625,206.13577270507812,352.277099609375,144.78292846679688,89.5917739868164,170.0857696533203,128.17010498046875,70.24528503417969,84.73885345458984,57.53105163574219,89.5970687866211,218.81460571289062,70.38919067382812,106.02740478515625,91.13355255126953,137.6632537841797,191.26914978027344,72.50192260742188,34.775001525878906,23.48969078063965,45.10403060913086,84.4895248413086,19.051185607910156,40.71030044555664,35.819297790527344,80.33074188232422,88.05022430419922,87.751220703125,96.70407104492188
2023-09-25,383.2579650878906,206.96556091308594,353.9503173828125,145.47117614746094,90.00985717773438,170.84632873535156,128.59547424316406,70.33061218261719,85.04413604736328,57.64400863647461,89.9322738647461,219.44129943847656,70.86676788330078,106.73502349853516,91.84076690673828,138.0874786376953,192.4210968017578,71.42869567871094,34.832000732421875,23.57946014404297,45.101131439208984,84.95995330810547,18.693174362182617,40.55442810058594,35.6610107421875,80.33949279785156,88.06776428222656,87.77752685546875,96.71283721923828
2023-09-26,377.63323974609375,203.9840850830078,348.6353454589844,143.2490692138672,88.7008285522461,168.64968872070312,126.89727020263672,69.48904418945312,83.87914276123047,56.85908889770508,88.87531280517578,217.0814971923828,69.92086029052734,105.4284896850586,90.79446411132812,136.29425048828125,188.7269744873047,72.7503662109375,34.2400016784668,23.14657211303711,44.65496826171875,83.76861572265625,18.91341209411621,39.97677993774414,35.1582145690918,80.3482437133789,88.06776428222656,87.79508972167969,96.72160339355469
2023-09-27,377.7197570800781,204.19639587402344,349.4522705078125,143.6128387451172,89.57923126220703,170.22633361816406,127.1980972290039,69.26030731201172,84.10282135009766,56.897369384765625,89.61617279052734,219.25978088378906,70.48822021484375,106.56671905517578,91.49200439453125,137.50904846191406,190.5442657470703,73.52545166015625,34.733001708984375,23.21040916442871,44.674278259277344,83.96585083007812,19.035661697387695,39.88508987426758,35.214080810546875,80.3745346069336,88.09398651123047,87.78630065917969,96.7391357421875
2023-09-28,379.92327880859375,205.54721069335938,352.37548828125,144.7632598876953,90.68679809570312,171.76425170898438,128.11026000976562,69.36515808105469,84.62474822998047,57.289825439453125,90.47560119628906,221.43800354003906,71.08491516113281,107.76334381103516,92.7945785522461,138.93386840820312,193.7914581298828,73.30683135986328,35.25600051879883,23.444807052612305,45.07312774658203,84.61872863769531,19.02692985534668,40.21517562866211,35.307193756103516,80.40080261230469,88.12027740478516,87.8389663696289,96.78291320800781
2023-09-29,379.0159912109375,204.94898986816406,352.6313781738281,144.9402618408203,90.0661849975586,170.9517822265625,127.88706970214844,68.98391723632812,84.5501708984375,57.17496109008789,90.23851013183594,219.93678283691406,70.66429138183594,106.70292663574219,91.67671203613281,138.64369201660156,194.64549255371094,72.5615463256836,35.50600051879883,23.499666213989258,45.10403060913086,84.3346939086914,19.038572311401367,40.08681106567383,35.33513259887695,80.40955352783203,88.14656829833984,87.8389663696289,96.78291320800781
2023-10-02,378.9870300292969,204.67880249023438,355.5743103027344,146.1594696044922,88.75809478759766,168.3691864013672,128.1976318359375,68.53597259521484,83.77661895751953,56.610191345214844,89.75447082519531,217.26791381835938,69.81328582763672,105.5549545288086,90.95735931396484,136.92189025878906,194.46673583984375,70.20642852783203,35.4109992980957,23.62933349609375,44.95627212524414,84.26270294189453,18.27404022216797,39.46331787109375,35.1582145690918,80.42185974121094,88.15709686279297,87.86277770996094,96.80490112304688
2023-10-03,373.8909912109375,201.70700073242188,349.33416748046875,143.5440216064453,87.38319396972656,165.53515625,126.58676147460938,68.10708618164062,82.85396575927734,55.89228439331055,88.1443099975586,213.52955627441406,68.89376831054688,104.20268249511719,89.51866912841797,134.23275756835938,189.52139282226562,70.1070556640625,34.57400131225586,23.100690841674805,44.09001922607422,82.79818725585938,18.443828582763672,38.96819305419922,34.692665100097656,80.43946075439453,88.16588592529297,87.86277770996094,96.813720703125
2023-10-04,376.64166259765625,203.16397094726562,354.088134765625,145.53018188476562,87.5550537109375,165.61251831054688,127.57654571533203,68.53597259521484,82.85396575927734,56.29335403442383,88.96420288085938,213.8336944580078,69.1285400390625,104.23185729980469,89.66449737548828,135.0162811279297,191.21954345703125,69.4412612915039,35.17900085449219,23.36002540588379,44.44733810424805,83.37709045410156,18.18769073486328,38.986534118652344,34.590248107910156,80.4482650756836,88.1834945678711,87.88917541503906,96.84889221191406
2023-10-05,376.32318115234375,203.0578155517578,353.0447998046875,145.0582275390625,87.44049072265625,165.73826599121094,127.63477325439453,68.40253448486328,82.7793960571289,56.14116287231445,88.81603240966797,213.7257537841797,69.1285400390625,104.3486099243164,89.8589096069336,134.91957092285156,188.9553985595703,71.69701385498047,35.11800003051758,23.180484771728516,44.37683868408203,83.47669219970703,19.0017032623291,39.34412384033203,34.720603942871094,80.50102233886719,88.23626708984375,87.95085906982422,96.90170288085938
2023-10-06,380.8111877441406,205.47967529296875,358.960205078125,147.47698974609375,87.9847183227539,167.33419799804688,129.43966674804688,68.8504867553711,83.33858489990234,56.70113754272461,90.16936492919922,216.28672790527344,69.71543884277344,105.35065460205078,90.53936004638672,136.6703643798828,193.3644561767578,71.77651977539062,35.94900131225586,23.672222137451172,45.033531188964844,84.9609375,18.989091873168945,39.7567253112793,35.2234001159668,80.50102233886719,88.24503326416016,87.9420394897461,96.9104995727539
2023-10-09,383.3494873046875,206.7725830078125,360.7908935546875,148.2635955810547,88.7294692993164,168.3014678955078,130.4391632080078,69.41280364990234,84.00961303710938,57.1041259765625,90.80157470703125,217.09132385253906,70.40017700195312,106.22622680664062,91.27815246582031,137.55062866210938,191.77560424804688,71.21009063720703,35.840999603271484,23.709129333496094,44.935028076171875,85.39388275146484,18.760120391845703,39.72922134399414,35.05580139160156,80.50981903076172,88.2538070678711,87.95085906982422,96.9193115234375
2023-10-10,385.3280944824219,208.05587768554688,362.7889709472656,149.06988525390625,89.6938247680664,170.20693969726562,130.9534912109375,69.69872283935547,84.56881713867188,57.576995849609375,91.68074798583984,219.6326141357422,70.98710632324219,107.27690887451172,92.18218231201172,139.0499267578125,195.221435546875,71.64732360839844,36.29499816894531,23.998384475708008,45.48548889160156,86.033935546875,18.963865280151367,40.2335205078125,35.55859375,80.50981903076172,88.2538070678711,87.96846008300781,96.9280776977539
2023-10-11,386.95916748046875,208.87600708007812,365.37762451171875,150.1514434814453,89.80838012695312,169.9167938232422,131.8850860595703,69.82262420654297,84.8763656616211,57.71961975097656,91.81903839111328,218.38648986816406,71.17295837402344,107.22826385498047,92.32798767089844,139.22406005859375,195.77755737304688,70.87220764160156,36.63999938964844,23.968463897705078,45.6834602355957,86.4106674194336,18.458383560180664,40.40772247314453,35.78205108642578,80.52740478515625,88.27140045166016,87.96846008300781,96.9368896484375
2023-10-12,384.6331481933594,207.19715881347656,364.1078796386719,149.6106719970703,88.11839294433594,166.0768280029297,131.4871826171875,69.32701873779297,83.86982727050781,57.022762298583984,90.34716033935547,213.24497985839844,69.84261322021484,105.29229736328125,90.45187377929688,136.486572265625,193.91064453125,68.28854370117188,36.31999969482422,23.778949737548828,45.11851501464844,85.80118560791016,17.791841506958008,40.059303283691406,35.38167953491211,80.56257629394531,88.31537628173828,88.00370788574219,96.98968505859375
2023-10-13,382.6063232421875,206.02964782714844,359.5310974121094,147.75233459472656,87.09675598144531,164.69363403320312,130.76910400390625,69.51764678955078,83.450439453125,56.84663391113281,89.7347183227539,211.28257751464844,69.5100326538086,104.1248550415039,89.5284194946289,135.20974731445312,185.72799682617188,69.16301727294922,35.630001068115234,23.41189193725586,44.580604553222656,85.02997589111328,17.965513229370117,39.70171356201172,35.2513313293457,80.58019256591797,88.31537628173828,88.02135467529297,97.00726318359375
2023-10-16,386.61175537109375,208.42251586914062,363.5960388183594,149.46316528320312,88.653076171875,167.3535919189453,132.2149658203125,70.15621185302734,84.41969299316406,57.61050033569336,90.91023254394531,214.8443145751953,70.65450286865234,105.76898193359375,90.7823715209961,137.4732208251953,189.81930541992188,69.7691879272461,36.066001892089844,23.838794708251953,45.27206802368164,85.98067474365234,18.025665283203125,40.01346206665039,35.51203155517578,80.58897399902344,88.34172821044922,88.04776763916016,97.01605224609375
2023-10-17,386.6213684082031,208.69268798828125,362.4051208496094,148.96173095703125,89.68424987792969,169.22036743164062,132.0015106201172,70.14667510986328,84.71792602539062,57.80672836303711,91.51280975341797,217.042236328125,71.46640014648438,106.76129150390625,91.8711166381836,138.78875732421875,189.32278442382812,69.8586196899414,36.3650016784668,23.76897430419922,45.21991729736328,85.80020904541016,18.044099807739258,40.02262878417969,35.418922424316406,80.59774780273438,88.35054016113281,88.04776763916016,97.02488708496094
2023-10-18,381.4481506347656,205.60508728027344,357.6510925292969,146.9853973388672,87.97516632080078,165.73826599121094,130.3130340576172,69.62249755859375,83.5902328491211,56.92608642578125,89.7446060180664,212.34226989746094,69.89152526855469,104.71829986572266,90.0436019897461,135.4805908203125,184.87396240234375,68.05998992919922,35.611000061035156,23.280229568481445,44.162445068359375,84.57434844970703,17.55122947692871,39.34412384033203,34.87888717651367,80.60655975341797,88.36811065673828,88.05659484863281,97.03365325927734
2023-10-19,378.2148742675781,203.6656951904297,354.3046875,145.58920288085938,86.60981750488281,163.09768676757812,128.99330139160156,68.87907409667969,82.82599639892578,56.28473663330078,88.74687957763672,209.05528259277344,68.93289947509766,103.12281036376953,88.77989959716797,133.56533813476562,180.69329833984375,66.66877746582031,35.46900177001953,22.961050033569336,43.65061950683594,83.83763885498047,17.09619903564453,39.02321243286133,34.674049377441406,80.64173889160156,88.40328216552734,88.10942077636719,97.07764434814453
2023-10-20,373.5049743652344,201.14736938476562,349.01910400390625,143.44570922851562,85.59771728515625,160.98907470703125,127.57654571533203,68.34536743164062,82.04312896728516,55.538116455078125,87.53184509277344,206.30787658691406,68.14056396484375,101.91646575927734,87.64256286621094,131.79515075683594,177.7340087890625,66.49984741210938,34.83300018310547,22.557086944580078,43.09049987792969,82.78536224365234,17.018583297729492,38.65644454956055,34.255062103271484,80.65933990478516,88.42086791992188,88.11825561523438,97.10404205322266
2023-10-23,372.8486022949219,200.59738159179688,350.0723571777344,143.8685302734375,84.8243408203125,159.62525939941406,127.50859832763672,67.96412658691406,81.19501495361328,55.22222137451172,87.18611907958984,204.6594696044922,67.53409576416016,101.09925842285156,87.18569946289062,130.6827850341797,175.1223602294922,65.04901885986328,34.698001861572266,22.462329864501953,43.097259521484375,82.7912826538086,16.658628463745117,38.67478942871094,34.22712326049805,80.66814422607422,88.4384536743164,88.12705993652344,97.12162780761719
2023-10-24,375.637939453125,202.11224365234375,353.47784423828125,145.2548828125,85.33039093017578,161.0181121826172,128.440185546875,68.47877502441406,81.91265869140625,55.58597183227539,87.86770629882812,207.0634002685547,67.88623809814453,101.89700317382812,87.59398651123047,131.95960998535156,177.44607543945312,66.66877746582031,35.233001708984375,22.814424514770508,43.65061950683594,83.70943450927734,17.149560928344727,38.867332458496094,34.66473388671875,80.67693328857422,88.44721984863281,88.15350341796875,97.13043975830078
2023-10-25,370.3392028808594,199.11151123046875,344.82623291015625,141.7152099609375,84.2991943359375,158.358154296875,126.4120864868164,68.3262939453125,81.03658294677734,54.82976150512695,85.81302642822266,202.63819885253906,66.75152587890625,100.90470886230469,86.84546661376953,129.11572265625,169.96847534179688,65.0887451171875,33.72200012207031,22.11322593688965,42.68972396850586,81.96385192871094,16.761472702026367,38.52808380126953,34.2085075378418,80.68570709228516,88.44721984863281,88.15350341796875,97.13043975830078
2023-10-26,365.7933044433594,197.0466766357422,338.2513427734375,138.89328002929688,84.51878356933594,158.76438903808594,124.32574462890625,68.06896209716797,80.76630401611328,54.7531852722168,85.20056915283203,202.3045654296875,66.99610900878906,100.78797149658203,86.78714752197266,129.18344116210938,169.57125854492188,65.76448822021484,33.369998931884766,21.913738250732422,42.2145881652832,81.07921600341797,16.862375259399414,38.24384307861328,34.0409049987793,80.72091674804688,88.5,88.1975326538086,97.19203186035156
2023-10-27,364.17193603515625,195.9852752685547,339.8753662109375,139.70936584472656,83.64995574951172,156.89764404296875,123.87937927246094,67.24931335449219,80.10458374023438,54.159706115722656,84.61774444580078,200.23423767089844,66.30157470703125,100.28206634521484,86.106689453125,127.75184631347656,170.03799438476562,63.71741485595703,32.970001220703125,21.813995361328125,41.94418716430664,80.60090637207031,16.379207611083984,38.12465286254883,34.012969970703125,80.7472915649414,88.5,88.20635223388672,97.20963287353516
2023-10-30,368.5537414550781,198.2430877685547,343.70416259765625,141.26290893554688,84.18460845947266,157.76812744140625,125.43199920654297,67.89742279052734,80.66378784179688,54.572269439697266,84.95361328125,200.97994995117188,66.68306732177734,100.564208984375,86.47608947753906,128.79652404785156,165.61900329589844,64.78072357177734,33.22200012207031,22.060361862182617,42.33626937866211,81.7311019897461,16.82744789123535,38.647274017333984,34.366790771484375,80.75607299804688,88.51757049560547,88.23277282714844,97.21842193603516
2023-10-31,370.783203125,199.5263671875,345.3478698730469,141.91183471679688,84.87208557128906,159.13198852539062,125.99480438232422,68.38347625732422,81.50255584716797,55.078643798828125,85.63520812988281,203.099365234375,67.25041961669922,101.2354736328125,87.08848571777344,129.94761657714844,168.61795043945312,65.81417083740234,33.584999084472656,22.222944259643555,42.63467788696289,82.23308563232422,17.327110290527344,38.72980499267578,34.1712532043457,80.75607299804688,88.53515625,88.2416000366211,97.21842193603516
2023-11-01,374.8657531738281,201.52366638183594,351.342041015625,144.46826171875,85.24446105957031,160.0411834716797,127.29513549804688,68.81236267089844,82.22020721435547,55.2796630859375,85.8426513671875,203.70767211914062,67.73950958251953,101.67324829101562,87.33150482177734,130.70211791992188,169.16412353515625,67.17556762695312,34.05799865722656,22.342636108398438,43.11077880859375,83.34454345703125,17.570634841918945,39.12406539916992,34.487831115722656,80.78081512451172,88.5501480102539,88.2513198852539,97.25199127197266
2023-11-02,381.9886169433594,205.5278778076172,357.7200012207031,147.0050506591797,87.5168685913086,164.3067169189453,129.87632751464844,69.74637603759766,83.78594970703125,56.504905700683594,87.84795379638672,207.79933166503906,69.02093505859375,103.8621826171875,89.23678588867188,133.91355895996094,174.5563201904297,67.8314437866211,35.11000061035156,22.80146026611328,44.078433990478516,84.92149353027344,17.818038940429688,40.00428771972656,35.09303665161133,80.80734252929688,88.5854721069336,88.3044204711914,97.29618072509766
2023-11-03,385.5211486816406,207.84359741210938,361.92279052734375,148.7650604248047,89.96116638183594,168.77545166015625,130.9923095703125,70.26104736328125,85.22122192382812,57.496585845947266,89.95203399658203,213.58837890625,70.13606262207031,106.24568176269531,91.35591888427734,137.11534118652344,180.623779296875,71.01134490966797,35.994998931884766,23.494678497314453,44.96689224243164,86.2449722290039,18.795047760009766,40.51775360107422,35.80998611450195,80.81616973876953,88.59431457519531,88.32211303710938,97.32269287109375
2023-11-06,386.2642517089844,207.93045043945312,363.399169921875,149.3255157470703,89.05408477783203,166.6668243408203,131.4484100341797,70.37541961669922,84.77384948730469,57.16059875488281,89.33958435058594,211.155029296875,69.56873321533203,105.4284896850586,90.70462036132812,135.68373107910156,179.28317260742188,69.4412612915039,35.97200012207031,23.290205001831055,44.863563537597656,86.0990219116211,18.234264373779297,40.38938522338867,36.098628997802734,80.82496643066406,88.61199951171875,88.32211303710938,97.31383514404297
2023-11-07,387.35491943359375,208.5479736328125,366.8343200683594,150.76107788085938,88.40482330322266,166.0768280029297,132.03062438964844,70.32775115966797,84.63404083251953,57.21324920654297,90.22862243652344,211.60638427734375,69.3437271118164,104.69883728027344,90.08248901367188,136.2641143798828,179.88890075683594,71.07095336914062,36.24399948120117,23.764986038208008,45.0625,86.22428131103516,18.578689575195312,40.08681106567383,36.033447265625,80.8426742553711,88.61199951171875,88.33984375,97.3403549194336
2023-11-08,387.67340087890625,208.51901245117188,367.07049560546875,150.87905883789062,87.57416534423828,164.3067169189453,132.4381561279297,70.40402221679688,83.85118103027344,57.155818939208984,90.11998748779297,209.192626953125,69.02093505859375,103.71624755859375,89.18817138671875,135.42254638671875,179.1044158935547,68.99409484863281,36.9379997253418,23.739051818847656,45.02193832397461,86.29823303222656,17.953868865966797,39.995113372802734,35.79136276245117,80.85149383544922,88.6296157836914,88.36640167236328,97.34918975830078
2023-11-09,384.7490234375,206.74362182617188,364.24566650390625,149.7384796142578,86.39019775390625,161.7628936767578,131.58419799804688,69.85122680664062,83.0030746459961,56.62934112548828,89.0926284790039,205.96444702148438,68.3948974609375,102.70448303222656,88.17723083496094,133.5556640625,175.7777557373047,66.17191314697266,36.729000091552734,23.593425750732422,44.43864440917969,85.86627960205078,16.968130111694336,39.97677993774414,35.456172943115234,80.8956527709961,88.67379760742188,88.40178680419922,97.38452911376953
2023-11-10,390.7522888183594,209.8216094970703,372.4347839355469,153.03236389160156,87.29727172851562,163.57162475585938,133.71908569335938,70.45166015625,84.21466827392578,57.36640167236328,90.21875,208.55482482910156,69.26548767089844,103.94001007080078,89.3631591796875,135.14205932617188,183.81143188476562,66.5296401977539,37.64699935913086,24.057233810424805,45.00262451171875,87.38898468017578,16.838119506835938,40.18767547607422,35.70756530761719,80.90449523925781,88.67379760742188,88.41062927246094,97.4110107421875
2023-11-13,390.3565979003906,209.69615173339844,371.2732849121094,152.61941528320312,87.29727172851562,163.629638671875,133.4958953857422,70.47071838378906,83.88848114013672,57.289825439453125,90.31754302978516,208.83935546875,69.2948226928711,104.0178451538086,89.54785919189453,135.05499267578125,182.6495819091797,66.85758209228516,37.849998474121094,24.094141006469727,45.00745391845703,87.54973602294922,16.876928329467773,40.242679595947266,35.69825744628906,80.9133071899414,88.68260955810547,88.41062927246094,97.41986083984375
2023-11-14,397.8558044433594,214.34686279296875,379.2655029296875,155.87393188476562,92.04261779785156,172.6154327392578,135.86363220214844,71.27130889892578,86.13455963134766,58.909446716308594,93.17237091064453,219.70130920410156,71.67181396484375,109.50475311279297,94.10688781738281,141.0135955810547,192.8182830810547,70.46479034423828,39.617000579833984,24.96590232849121,46.28221130371094,89.1681137084961,17.871402740478516,41.333797454833984,36.647972106933594,80.92217254638672,88.7179183959961,88.45489501953125,97.45524597167969
2023-11-15,398.7243957519531,214.87753295898438,379.55096435546875,156.00177001953125,92.1762924194336,172.91526794433594,135.7375030517578,71.21412658691406,86.77763366699219,59.15642166137695,93.36994934082031,219.89755249023438,71.77942657470703,109.42691802978516,94.16521453857422,141.5455780029297,195.85699462890625,70.6535873413086,39.57699966430664,24.995824813842773,46.451210021972656,89.35647583007812,18.15373420715332,41.297115325927734,36.955230712890625,80.93984985351562,88.7179183959961,88.46376037597656,97.46405792236328
2023-11-16,399.2842102050781,214.73281860351562,379.8758239746094,156.13938903808594,90.82048034667969,170.1199188232422,135.65985107421875,71.21412658691406,86.18115234375,58.95827102661133,92.97482299804688,216.59091186523438,71.08491516113281,107.95791625976562,92.73626708984375,139.89149475097656,194.67526245117188,69.689697265625,39.11800003051758,24.898075103759766,46.275447845458984,88.89295196533203,17.848115921020508,41.20542526245117,36.601417541503906,80.97516632080078,88.76206970214844,88.4991455078125,97.51705169677734
2023-11-17,399.8730163574219,215.27313232421875,379.96435546875,156.17872619628906,91.83257293701172,172.45098876953125,135.7375030517578,71.24272918701172,86.77763366699219,59.26266098022461,93.63667297363281,219.39712524414062,71.53488159179688,108.95022583007812,93.71807098388672,141.36180114746094,196.63157653808594,72.20381164550781,39.24700164794922,25.035722732543945,46.56999206542969,89.33576202392578,18.551523208618164,41.71888732910156,36.647972106933594,80.99283599853516,88.77973175048828,88.50798034667969,97.52588653564453
2023-11-20,402.88427734375,216.8941192626953,384.59033203125,158.0665740966797,92.18584442138672,173.45692443847656,136.84373474121094,71.49050903320312,87.17840576171875,59.57951354980469,94.46643829345703,221.06515502929688,71.87724304199219,109.38800811767578,94.1554946899414,142.3387908935547,200.3951873779297,73.0285873413086,39.834999084472656,25.51349639892578,47.08086013793945,90.16812896728516,18.718399047851562,41.90226364135742,37.104209899902344,80.99283599853516,88.78856658935547,88.52569580078125,97.53472137451172
2023-11-21,401.8321838378906,216.3055419921875,382.3561096191406,157.1521453857422,91.08782958984375,171.2225799560547,136.59141540527344,71.70973205566406,86.51667785644531,59.52973175048828,94.38742065429688,218.38648986816406,71.6424789428711,108.25950622558594,93.07649230957031,141.19735717773438,195.72792053222656,71.54795837402344,39.4379997253418,25.275108337402344,46.757347106933594,90.17108154296875,18.200305938720703,41.73722839355469,36.871437072753906,81.01933288574219,88.81504821777344,88.54338836669922,97.57007598876953
2023-11-22,403.56951904296875,217.23182678222656,383.92108154296875,157.80111694335938,91.57476806640625,172.29624938964844,136.98927307128906,72.205322265625,86.92675018310547,59.76233673095703,94.861572265625,219.9564208984375,72.0435562133789,108.91130828857422,93.54307556152344,142.14527893066406,196.9890594482422,72.34293365478516,39.78099822998047,25.389812469482422,47.02195358276367,90.8742446899414,18.340015411376953,41.81975173950195,36.79695129394531,81.05467987060547,88.85037231445312,88.57879638671875,97.60541534423828
2023-11-24,403.79144287109375,217.46340942382812,383.3797607421875,157.574951171875,92.01396942138672,173.45692443847656,136.98927307128906,72.39595031738281,87.29022979736328,59.92411422729492,95.24681091308594,221.37918090820312,72.44458770751953,109.42691802978516,94.16521453857422,142.6773223876953,197.45578002929688,73.19752502441406,39.715999603271484,25.495542526245117,47.24406814575195,91.14545440673828,18.626230239868164,42.09481430053711,36.81557083129883,81.06350708007812,88.87686157226562,88.60535430908203,97.61424255371094
2023-11-27,403.0869140625,217.18359375,383.0451354980469,157.41761779785156,91.77527618408203,172.87657165527344,136.58172607421875,72.19580841064453,87.00131225585938,59.80732727050781,95.1085205078125,220.86895751953125,72.24894714355469,109.00859832763672,93.76665496826172,142.75469970703125,197.2174835205078,72.77021026611328,39.744998931884766,25.534442901611328,47.099212646484375,91.02513885498047,18.569957733154297,41.98479080200195,36.666595458984375,81.07234191894531,88.87686157226562,88.61421203613281,97.63192749023438
2023-11-28,403.48260498046875,217.31866455078125,384.049072265625,157.83059692382812,91.29788208007812,172.2091827392578,136.48468017578125,72.11956024169922,86.88014221191406,59.797760009765625,94.8813247680664,219.5345001220703,71.6424789428711,108.21085357666016,92.92095947265625,142.56124877929688,196.4826202392578,72.57147979736328,39.7869987487793,25.637178421020508,47.29428482055664,90.9393310546875,18.630111694335938,42.05813980102539,36.97385787963867,81.09003448486328,88.88570404052734,88.62303161621094,97.65843963623047
2023-11-29,403.2220153808594,217.41517639160156,383.6750183105469,157.7125701904297,91.58431243896484,173.11839294433594,136.41677856445312,72.04328918457031,87.59779357910156,60.07151412963867,95.6024398803711,220.81005859375,71.87724304199219,108.36651611328125,93.17369079589844,143.8284454345703,199.3227081298828,73.38633728027344,40.28099822998047,25.993263244628906,47.563716888427734,91.15728759765625,18.837738037109375,42.159000396728516,36.75971221923828,81.09886169433594,88.91217041015625,88.64075469970703,97.67613220214844
2023-11-30,404.7855529785156,218.31248474121094,382.71038818359375,157.27012634277344,91.88983917236328,173.776123046875,136.8922882080078,72.76764678955078,88.21289825439453,60.5539665222168,96.05683135986328,221.5950469970703,72.3565673828125,108.78485107421875,93.52365112304688,144.52491760253906,197.97216796875,75.04582977294922,40.290000915527344,26.075054168701172,47.56758499145508,91.71154022216797,19.034690856933594,42.140663146972656,36.834197998046875,81.13419342041016,88.93865966796875,88.68501281738281,97.71143341064453
2023-12-01,407.1598815917969,220.15541076660156,383.8029479980469,157.74212646484375,94.57284545898438,178.8541717529297,137.70738220214844,73.27278137207031,89.17284393310547,61.40397644042969,97.90408325195312,227.41357421875,73.93144226074219,111.42129516601562,95.97329711914062,148.1329345703125,200.57391357421875,77.34133911132812,40.57400131225586,26.385257720947266,48.11804962158203,92.3584976196289,19.595478057861328,42.57160568237305,36.99248123168945,81.15103149414062,88.96793365478516,88.71612548828125,97.74252319335938
2023-12-04,405.1137390136719,219.3642120361328,380.239990234375,156.2672119140625,95.80451202392578,180.76931762695312,137.00869750976562,73.23465728759766,88.98645782470703,61.37718200683594,97.88433074951172,229.70960998535156,74.39118957519531,112.81245422363281,97.16893005371094,148.96482849121094,200.05755615234375,78.69281005859375,40.43899917602539,25.993263244628906,47.938419342041016,91.5734634399414,20.01849365234375,42.1956787109375,36.573486328125,81.15103149414062,88.97679901123047,88.72502136230469,97.75139617919922
2023-12-05,404.98822021484375,218.93966674804688,381.1946716308594,156.68019104003906,94.35321807861328,178.3512420654297,136.94078063964844,72.98684692382812,88.62297821044922,60.87941360473633,97.10394287109375,226.94261169433594,73.58906555175781,111.36289978027344,95.67193603515625,147.33009338378906,197.35650634765625,78.30525207519531,40.11199951171875,25.893518447875977,47.69892120361328,91.19378662109375,19.96124839782715,42.05813980102539,36.35002517700195,81.1688003540039,88.99453735351562,88.73393249511719,97.76911926269531
2023-12-06,403.2992248535156,218.01336669921875,378.9898986816406,155.74610900878906,94.15272521972656,178.03201293945312,136.5429229736328,72.91061401367188,88.43659210205078,60.85070037841797,96.80760192871094,226.3931121826172,73.43255615234375,111.1683349609375,95.54557037353516,147.11724853515625,196.43292236328125,79.04060363769531,40.15299987792969,25.723957061767578,47.641944885253906,90.49554443359375,20.244550704956055,42.140663146972656,36.30347442626953,81.17768096923828,88.99453735351562,88.7428207397461,97.78687286376953
2023-12-07,406.4552307128906,219.7598114013672,384.2851867675781,157.99774169921875,95.21255493164062,179.31846618652344,137.58120727539062,72.9677963256836,89.23809051513672,61.15700912475586,97.13359069824219,227.6883087158203,73.73579406738281,112.17037200927734,96.36212158203125,148.00718688964844,201.40809631347656,80.01445007324219,40.95100021362305,25.873571395874023,47.95773696899414,91.4363784790039,20.599653244018555,42.34238052368164,36.480377197265625,81.21320343017578,89.03886413574219,88.79615020751953,97.83124542236328
2023-12-08,408.18292236328125,220.81153869628906,385.9978942871094,158.66635131835938,95.8140640258789,180.68228149414062,138.28961181640625,72.93920135498047,89.8625259399414,61.36760330200195,97.51884460449219,229.40542602539062,74.0390396118164,112.8708267211914,97.03286743164062,149.13893127441406,204.34747314453125,78.82198333740234,41.16699981689453,26.054107666015625,48.26097106933594,92.20662689208984,20.611295700073242,42.44324493408203,36.322086334228516,81.23091125488281,89.04776763916016,88.78721618652344,97.83124542236328
2023-12-11,409.76580810546875,221.71849060058594,389.29510498046875,160.02322387695312,96.32965087890625,181.0594940185547,139.48318481445312,73.6825942993164,90.83180236816406,61.94194030761719,98.4968032836914,230.13150024414062,74.37163543701172,113.39617919921875,97.57721710205078,149.80636596679688,209.05447387695312,78.36488342285156,41.80099868774414,26.45607566833496,48.450252532958984,92.623779296875,20.151412963867188,42.562435150146484,36.53623962402344,81.24869537353516,89.06548309326172,88.79615020751953,97.83124542236328
2023-12-12,411.80224609375,222.5579376220703,392.3955993652344,161.33094787597656,96.19599914550781,180.87574768066406,140.57000732421875,73.99712371826172,90.52423095703125,62.074989318847656,99.16853332519531,230.84779357910156,74.39118957519531,113.29888916015625,97.3730697631836,149.8450469970703,208.60763549804688,79.57722473144531,42.060001373291016,26.486997604370117,48.642433166503906,93.25101470947266,20.451210021972656,42.57160568237305,36.545555114746094,81.24869537353516,89.0743408203125,88.80504608154297,97.8578872680664
2023-12-13,417.4098205566406,226.01219177246094,397.3858337402344,163.3367462158203,99.42322540283203,186.99844360351562,142.19052124023438,74.94065856933594,91.9315414428711,63.310760498046875,101.01578521728516,238.13809204101562,75.98563385009766,116.87901306152344,100.44483947753906,154.00445556640625,213.62246704101562,83.42291259765625,42.558998107910156,26.931854248046875,49.566627502441406,94.21256256103516,21.31761360168457,43.25928497314453,36.9086799621582,81.2575454711914,89.08324432373047,88.85839080810547,97.89337158203125
2023-12-14,418.635498046875,227.35336303710938,397.04132080078125,163.18927001953125,102.2398681640625,192.20223999023438,142.09352111816406,74.18772888183594,94.05648803710938,64.07655334472656,102.12213134765625,243.92721557617188,77.46270751953125,119.77812194824219,103.03057861328125,157.67054748535156,222.42080688476562,84.94332122802734,43.29899978637695,27.479448318481445,50.26194763183594,94.27962493896484,21.931760787963867,43.63520812988281,37.44872283935547,81.29303741455078,89.1322250366211,88.89395904541016,97.94149017333984
2023-12-15,417.99853515625,227.04457092285156,398.96063232421875,163.83824157714844,101.37098693847656,190.58688354492188,141.9673614501953,73.73977661132812,93.5066146850586,63.789390563964844,101.78628540039062,242.38673400878906,76.7681884765625,118.85389709472656,102.45704650878906,156.5581512451172,222.6888885498047,85.18180084228516,43.409000396728516,27.5512638092041,50.1508903503418,94.42559051513672,22.169464111328125,43.1859245300293,37.22525405883789,81.31967163085938,89.14109802246094,88.90283966064453,97.95040893554688
2023-12-18,420.3631896972656,228.0287628173828,401.4735107421875,165.05136108398438,101.227783203125,190.6546173095703,142.95716857910156,74.1781997680664,93.34817504882812,63.847755432128906,102.10237884521484,242.43580627441406,76.9051513671875,119.2041244506836,102.63203430175781,156.9644012451172,221.9355010986328,83.84403228759766,43.492000579833984,27.529321670532227,50.2831916809082,94.92362213134766,21.84638214111328,43.334556579589844,37.20663070678711,81.3294906616211,89.15003204345703,88.9117202758789,97.9682388305664
2023-12-19,422.9208068847656,229.69801330566406,403.5248718261719,165.84962463378906,103.28060150146484,194.34951782226562,143.6072998046875,74.32115936279297,94.28016662597656,64.40199279785156,102.97167205810547,246.85121154785156,77.82461547851562,121.82111358642578,104.82891845703125,159.16017150878906,223.2872314453125,85.97093963623047,43.88600158691406,27.603130340576172,50.92250442504883,95.38616180419922,22.46343994140625,43.75257110595703,37.5232048034668,81.3294906616211,89.17674255371094,88.92060089111328,97.9682388305664
2023-12-20,416.81622314453125,226.27268981933594,397.5286560058594,163.4055938720703,101.48373413085938,190.5478973388672,141.73751831054688,73.30529022216797,92.6441650390625,63.310760498046875,101.0554428100586,241.3761749267578,76.58694458007812,119.62041473388672,102.98084259033203,156.1171112060547,215.97218322753906,82.15444946289062,43.053001403808594,27.136329650878906,50.0745964050293,93.94629669189453,21.65432357788086,43.29739761352539,36.84772872924805,81.34732818603516,89.18565368652344,88.9561767578125,97.99497985839844
2023-12-21,420.876953125,228.7747039794922,402.1540222167969,165.3174591064453,103.16859436035156,193.79031372070312,142.99314880371094,73.85157012939453,93.7323226928711,64.06697845458984,102.55914306640625,246.0673828125,77.70586395263672,121.53152465820312,104.51276397705078,158.87559509277344,223.02880859375,84.15214538574219,43.81700134277344,27.6739501953125,50.9031867980957,95.03111267089844,22.163551330566406,44.03125762939453,37.540287017822266,81.40081024169922,89.23909759521484,89.0095443725586,98.05738830566406
2023-12-22,421.8557434082031,229.2979736328125,402.7555847167969,165.58355712890625,103.7142562866211,195.5959930419922,142.7887420654297,74.19657897949219,94.20135498046875,64.30626678466797,103.0933609008789,248.5555877685547,77.97087097167969,122.35057067871094,105.23483276367188,159.75949096679688,224.26121520996094,87.08409881591797,43.7400016784668,27.654001235961914,50.85490417480469,94.9966049194336,23.002851486206055,44.13343048095703,37.360023498535156,81.40971374511719,89.24803161621094,89.0184326171875,98.07524871826172
2023-12-26,423.60992431640625,230.4317169189453,405.22119140625,166.57888793945312,104.90130615234375,198.13949584960938,143.43115234375,74.378662109375,95.13943481445312,64.69649505615234,103.80565643310547,251.7420654296875,78.55977630615234,123.59866333007812,106.35694122314453,161.28443908691406,227.88890075683594,88.912841796875,44.15999984741211,27.836999893188477,51.20220947265625,95.43787384033203,23.916149139404297,44.32851028442383,37.65412521362305,81.42755889892578,89.2569351196289,89.0184326171875,98.09306335449219
2023-12-27,424.3852233886719,230.86776733398438,406.04608154296875,166.89425659179688,105.40867614746094,198.8384552001953,143.70367431640625,74.5128402709961,95.2051010131836,64.7571792602539,103.99362182617188,253.315673828125,78.53033447265625,124.08618927001953,106.7862777709961,161.67294311523438,227.66029357910156,90.27447509765625,44.279998779296875,27.933000564575195,51.42464065551758,95.54322814941406,24.156644821166992,44.579322814941406,37.87232208251953,81.42755889892578,89.26586151123047,89.05327606201172,98.09306335449219
2023-12-28,424.45306396484375,230.75149536132812,405.8487243652344,166.82528686523438,105.06404876708984,198.0812530517578,143.66177368164062,74.63742065429688,95.2613754272461,64.81501007080078,103.99362182617188,252.0469207763672,78.471435546875,123.58890533447266,106.24960327148438,161.60496520996094,226.87515258789062,90.30428314208984,44.150001525878906,28.072999954223633,51.53976058959961,95.76485443115234,24.276405334472656,44.5050048828125,38.16643142700195,81.48103332519531,89.31928253173828,89.0890121459961,98.15544891357422
2023-12-29,423.31915283203125,229.8697052001953,404.0923156738281,166.0959930419922,103.62810516357422,194.84854125976562,143.31118774414062,74.78118896484375,94.89553833007812,64.6126708984375,103.34066772460938,248.05401611328125,77.75493621826172,122.01905822753906,104.99087524414062,159.7012176513672,223.41641235351562,88.74388122558594,43.797000885009766,27.8700008392334,51.20903778076172,95.25202178955078,23.80807113647461,44.4957160949707,38.14745330810547,81.48103332519531,89.32819366455078,89.0979232788086,98.1822280883789
2024-01-02,420.615234375,228.32896423339844,397.254150390625,163.29718017578125,103.13030242919922,193.6932830810547,142.26901245117188,75.0687026977539,95.02687072753906,64.39106750488281,101.6984634399414,245.72317504882812,77.20527648925781,121.14151000976562,104.06392669677734,157.96258544921875,216.8368682861328,89.67813873291016,42.374000549316406,27.090999603271484,50.4256477355957,94.08622741699219,23.97262191772461,44.00338363647461,37.701560974121094,81.48998260498047,89.34600830078125,89.11579132080078,98.17330169677734
2024-01-03,417.4946594238281,226.13897705078125,393.0506591796875,161.54296875,100.38285064697266,188.5286102294922,141.3534393310547,74.89619445800781,94.07941436767578,63.523921966552734,99.5813980102539,238.75027465820312,75.49746704101562,118.22606658935547,101.6440658569336,154.04824829101562,210.2374267578125,87.66053771972656,41.220001220703125,26.604999542236328,49.76323318481445,93.3746337890625,23.473129272460938,43.650390625,37.49284744262695,81.51670837402344,89.35494995117188,89.1247329711914,98.1822280883789
2024-01-04,416.1766052246094,225.55758666992188,391.02783203125,160.74473571777344,100.17223358154297,188.1597442626953,140.8567352294922,74.7524185180664,93.58222198486328,63.43718719482422,99.8188247680664,238.7994384765625,75.3895034790039,118.0798110961914,101.59527587890625,153.9511260986328,206.5998077392578,88.90289306640625,41.08700180053711,26.490999221801758,49.6881103515625,93.24642181396484,24.028120040893555,43.75257110595703,37.36951446533203,81.54345703125,89.39947509765625,89.15156555175781,98.2267837524414
2024-01-05,416.70965576171875,225.89671325683594,391.4916076660156,160.9517059326172,99.93289947509766,187.6063690185547,140.98336791992188,74.61824798583984,94.10753631591797,63.56245422363281,99.73967742919922,237.57005310058594,75.52693176269531,117.51426696777344,101.14643096923828,154.0968017578125,207.12655639648438,88.75382995605469,41.17599868774414,26.549999237060547,49.6959114074707,93.72545623779297,23.695127487182617,43.78044509887695,37.41695022583008,81.5523681640625,89.40837860107422,89.17835235595703,98.2356948852539
2024-01-08,422.66986083984375,229.12351989746094,399.58294677734375,164.28268432617188,101.55076599121094,190.98472595214844,143.0676727294922,75.19329071044922,95.06438446044922,64.3043441772461,101.62922668457031,243.41195678710938,76.67528533935547,119.33765411376953,102.60029602050781,157.04957580566406,213.67630004882812,92.8486099243164,42.459999084472656,27.15999984741211,50.593448638916016,95.25202178955078,25.114730834960938,44.23561477661133,37.52130889892578,81.56129455566406,89.43509674072266,89.1872787475586,98.25354766845703
2024-01-09,421.6425476074219,228.69720458984375,400.372314453125,164.59805297851562,100.41155242919922,189.27613830566406,142.96054077148438,75.04953002929688,94.32332611083984,64.02493286132812,101.67867279052734,241.48434448242188,76.25324249267578,118.32357788085938,101.8001937866211,156.0879669189453,213.30857849121094,93.02751922607422,42.391998291015625,27.190000534057617,50.411014556884766,95.48458099365234,25.275386810302734,43.836181640625,36.99003219604492,81.57020568847656,89.44403076171875,89.1961898803711,98.26244354248047
2024-01-10,424.4239807128906,229.87936401367188,403.08587646484375,165.72149658203125,100.77532958984375,189.38291931152344,143.81764221191406,75.24120330810547,94.1169204711914,64.18873596191406,102.08428955078125,241.57286071777344,76.55750274658203,118.73310089111328,102.16120910644531,156.64163208007812,211.86740112304688,91.96406555175781,42.40999984741211,27.3799991607666,50.64514923095703,96.01530456542969,25.054365158081055,44.077701568603516,36.9046516418457,81.58804321289062,89.46185302734375,89.20512390136719,98.2802734375
2024-01-11,424.2786560058594,229.72434997558594,403.9245910644531,166.0959930419922,100.11478424072266,187.89761352539062,144.16827392578125,75.1645278930664,93.63851928710938,64.0730972290039,102.17333221435547,239.7632598876953,76.58694458007812,118.34308624267578,101.90751647949219,155.88400268554688,210.73440551757812,89.91666412353516,42.82500076293945,27.43199920654297,50.56905746459961,96.33929443359375,24.4146671295166,44.03125762939453,37.05644226074219,81.63262176513672,89.51530456542969,89.25874328613281,98.34270477294922
2024-01-12,424.4724426269531,229.7631072998047,404.1318054199219,166.15513610839844,99.90418243408203,187.58694458007812,144.51889038085938,75.52870178222656,93.3852310180664,63.96711730957031,102.02493286132812,239.1731719970703,76.67528533935547,118.33332061767578,101.79041290283203,155.38864135742188,208.83604431152344,89.86698150634766,42.60900115966797,27.409000396728516,50.43930435180664,96.42079162597656,24.517873764038086,44.18917465209961,37.18925857543945,81.65044403076172,89.52420043945312,89.2855224609375,98.36943817138672
2024-01-16,423.02838134765625,228.69720458984375,404.0923156738281,166.12557983398438,98.91817474365234,185.26673889160156,143.8955841064453,75.30828094482422,92.88805389404297,63.58171463012695,101.46104431152344,237.2652130126953,76.36121368408203,117.54353332519531,101.12690734863281,154.12596130371094,209.0646514892578,88.51530456542969,42.3129997253418,27.15999984741211,49.94664001464844,96.19419860839844,23.970672607421875,43.39958572387695,36.287994384765625,81.65933227539062,89.5330810546875,89.29447937011719,98.36943817138672
2024-01-17,420.67340087890625,227.3211669921875,401.8129577636719,165.18934631347656,97.97998809814453,183.94644165039062,143.3209228515625,75.14537048339844,92.0906982421875,63.148136138916016,100.84768676757812,235.5441131591797,75.98822784423828,116.97799682617188,100.62928009033203,152.96038818359375,206.64950561523438,87.79969024658203,41.71900177001953,26.850000381469727,49.40421676635742,96.05307006835938,23.707786560058594,42.92582702636719,35.74722671508789,81.67718505859375,89.5420150756836,89.29447937011719,98.38726806640625
2024-01-18,424.41424560546875,229.32704162597656,407.5163879394531,167.62350463867188,98.89901733398438,185.0337677001953,144.78182983398438,75.51912689208984,92.2689208984375,63.485374450683594,101.9952392578125,236.70462036132812,76.7439956665039,118.09931182861328,101.5562515258789,153.9511260986328,212.98052978515625,86.52752685546875,42.2239990234375,27.190000534057617,49.79054260253906,97.01014709472656,23.256977081298828,43.31597900390625,36.04132843017578,81.7128677368164,89.57764434814453,89.34806060791016,98.41400909423828
2024-01-19,429.60888671875,232.1177978515625,415.5977783203125,170.8756866455078,99.88504028320312,186.81031799316406,146.8856201171875,76.0749740600586,93.5165786743164,64.05384826660156,102.87571716308594,238.91746520996094,77.57826232910156,119.33765411376953,102.6881103515625,155.7091827392578,219.5998992919922,86.51758575439453,42.97800064086914,27.8700008392334,50.37881851196289,98.25346374511719,23.25892448425293,43.455318450927734,36.42081069946289,81.7217788696289,89.60437774658203,89.35698699951172,98.44075775146484
2024-01-22,430.587646484375,233.12559509277344,416.1405029296875,171.0826416015625,101.88580322265625,190.80027770996094,147.40185546875,76.20914459228516,93.87303924560547,64.42961883544922,104.0826416015625,243.9332275390625,78.51069641113281,121.41452026367188,104.45423126220703,158.03057861328125,223.3070831298828,88.4655990600586,43.152000427246094,28.1299991607666,50.63344955444336,98.46217346191406,24.069013595581055,43.566795349121094,36.09824752807617,81.73068237304688,89.61328887939453,89.34806060791016,98.45855712890625
2024-01-23,431.8669128417969,233.5519256591797,417.86737060546875,171.84144592285156,101.36885833740234,190.2469482421875,147.07069396972656,76.53498840332031,94.22950744628906,64.50090789794922,103.86500549316406,243.59884643554688,78.13772583007812,120.65397644042969,103.80046844482422,157.70033264160156,225.41416931152344,88.68424987792969,43.1349983215332,28.2549991607666,50.833438873291016,98.44329071044922,24.150802612304688,43.492469787597656,36.41132736206055,81.7396011352539,89.63109588623047,89.36591339111328,98.45855712890625
2024-01-24,432.22552490234375,233.51316833496094,420.18621826171875,172.74813842773438,100.5838851928711,188.68397521972656,147.3336944580078,76.19957733154297,93.9386978149414,64.14056396484375,103.21207427978516,241.42535400390625,77.49974822998047,119.66915130615234,102.92229461669922,156.58335876464844,223.61520385742188,87.1834945678711,43.43899917602539,28.19499969482422,50.83148956298828,98.79212951660156,23.950225830078125,43.761863708496094,36.81926727294922,81.74852752685547,89.6400146484375,89.3837890625,98.46747589111328
2024-01-25,434.6580505371094,234.81166076660156,420.6993408203125,172.9452362060547,101.33056640625,190.2469482421875,147.7622528076172,76.5925064086914,95.2051010131836,64.66084289550781,103.75617980957031,243.0087432861328,77.99049377441406,120.44921112060547,103.53702545166016,157.3506622314453,221.31930541992188,87.9587173461914,43.32899856567383,28.158000946044922,50.99050521850586,99.27812194824219,24.290037155151367,43.87333297729492,36.866703033447266,81.79309844970703,89.6845474243164,89.41954803466797,98.52098846435547
2024-01-26,434.3963928222656,234.61785888671875,418.19293212890625,171.94003295898438,101.47415924072266,190.25662231445312,147.41162109375,76.6500015258789,94.25765228271484,64.62230682373047,103.57810974121094,242.71368408203125,77.98067474365234,120.46871185302734,103.64435577392578,157.58380126953125,215.34605407714844,87.7003173828125,43.231998443603516,27.913999557495117,50.997337341308594,99.68858337402344,24.431217193603516,44.05912399291992,36.895164489746094,81.80201721191406,89.6845474243164,89.42845916748047,98.52992248535156
2024-01-29,437.5557556152344,236.74972534179688,422.4754333496094,173.6942138671875,102.6707992553711,193.5864715576172,148.75572204589844,76.87041473388672,94.58596801757812,65.1715087890625,104.91365051269531,248.06385803222656,78.73643493652344,121.9605484008789,104.87380981445312,160.2354278564453,218.9439239501953,90.2446517944336,43.834999084472656,28.309999465942383,51.55146408081055,100.37236022949219,25.288043975830078,44.31922149658203,36.91413879394531,81.81092071533203,89.69344329833984,89.44630432128906,98.53883361816406
2024-01-30,437.24566650390625,236.4202117919922,419.6632080078125,172.5115966796875,102.15386199951172,191.93612670898438,148.75572204589844,77.1291732788086,95.09253692626953,65.22931671142578,104.57728576660156,245.31007385253906,78.66773223876953,121.58027648925781,104.69816589355469,159.22523498535156,213.56695556640625,88.22705841064453,43.47700119018555,28.048999786376953,51.20903778076172,100.46279907226562,24.77394676208496,44.26349639892578,36.62003707885742,81.81983947753906,89.72019958496094,89.45526885986328,98.5477294921875
2024-01-31,430.12249755859375,232.4375762939453,411.44366455078125,169.12149047851562,99.55956268310547,187.24717712402344,146.58372497558594,76.40082550048828,94.08877563476562,64.40070343017578,102.74712371826172,240.33367919921875,77.44084930419922,118.83062744140625,102.2685317993164,155.77716064453125,209.33299255371094,86.89525604248047,42.7140007019043,27.573999404907227,50.36613464355469,99.14495849609375,24.714553833007812,44.01267623901367,36.42081069946289,81.82877349853516,89.72019958496094,89.47312927246094,98.57447814941406
2024-02-01,435.7822570800781,235.5675048828125,416.2885437011719,171.20089721679688,100.66044616699219,189.732421875,148.33689880371094,77.2729263305664,94.90491485595703,65.12332153320312,104.21124267578125,244.76918029785156,78.66773223876953,120.23470306396484,103.50775146484375,157.81686401367188,209.19386291503906,88.42584991455078,42.90999984741211,27.84000015258789,50.88904571533203,100.30179595947266,25.37177848815918,44.477142333984375,36.77183151245117,81.86994171142578,89.77206420898438,89.51261138916016,98.63983917236328
2024-02-02,440.2596435546875,237.58303833007812,423.3240661621094,174.10809326171875,100.22010040283203,188.7324981689453,150.2848663330078,77.00459289550781,94.49217224121094,65.2774887084961,105.08182525634766,243.94308471679688,78.95237731933594,119.91293334960938,103.2540512084961,157.91403198242188,209.39263916015625,87.43196868896484,44.263999938964844,28.197999954223633,51.28708267211914,102.09172821044922,25.154651641845703,44.16130447387695,36.66747283935547,81.88787841796875,89.78105163574219,89.50360870361328,98.61299896240234
2024-02-05,438.65093994140625,236.458984375,422.77142333984375,173.8223114013672,98.64054107666016,186.33460998535156,150.1972198486328,76.54457092285156,93.66665649414062,64.76683044433594,104.320068359375,241.09095764160156,78.30458068847656,118.17731475830078,101.59527587890625,155.95199584960938,211.0524444580078,87.86927032470703,43.91400146484375,27.954999923706055,50.99050521850586,101.83332824707031,25.51490592956543,43.87333297729492,36.71490478515625,81.88787841796875,89.7989273071289,89.50360870361328,98.62194061279297
2024-02-06,440.0173645019531,237.26327514648438,421.9228515625,173.48719787597656,99.19577026367188,188.0141143798828,150.46014404296875,76.69790649414062,94.08877563476562,65.09442138671875,105.44784545898438,243.6283416748047,78.82477569580078,118.54784393310547,101.9367904663086,157.28268432617188,209.2137451171875,89.21102142333984,43.83300018310547,27.993999481201172,51.42268753051758,101.50436401367188,25.87321662902832,44.14272689819336,37.549774169921875,81.90577697753906,89.80790710449219,89.52156066894531,98.64878845214844
2024-02-07,443.63226318359375,239.1334991455078,426.2645263671875,175.24143981933594,98.9085922241211,187.57723999023438,152.2230682373047,77.03334045410156,94.25765228271484,65.54727172851562,106.51627349853516,243.56932067871094,79.4823989868164,118.78185272216797,102.2295150756836,157.8071746826172,213.0402069091797,87.53134155273438,44.63199996948242,28.09000015258789,51.59634017944336,102.40081787109375,25.632722854614258,44.170597076416016,37.597206115722656,81.91473388671875,89.8258056640625,89.53948974609375,98.66671752929688
2024-02-08,443.9327697753906,239.72457885742188,427.0539245605469,175.5863494873047,100.25838470458984,190.42169189453125,152.58346557617188,76.9183349609375,94.29515838623047,65.69951629638672,107.65396118164062,247.88682556152344,80.32648468017578,120.47845458984375,103.59555053710938,159.87608337402344,219.11288452148438,88.67432403564453,46.13999938964844,28.649999618530273,51.87340545654297,102.52604675292969,26.023160934448242,44.09627914428711,37.388484954833984,81.95056915283203,89.85262298583984,89.57537841796875,98.71146392822266
2024-02-09,446.4524841308594,241.1877899169922,431.2574768066406,177.291259765625,101.47415924072266,193.5185089111328,153.53794860839844,77.00459289550781,94.6422348022461,65.88448333740234,108.18817901611328,252.77471923828125,81.05281066894531,122.2823257446289,105.19579315185547,161.77978515625,224.400390625,90.48318481445312,46.310001373291016,29.139999389648438,52.39923858642578,102.87886047363281,26.753408432006836,44.25419998168945,37.549774169921875,81.9594955444336,89.87950134277344,89.60226440429688,98.72042846679688
2024-02-12,446.2489318847656,241.42034912109375,429.57012939453125,176.60140991210938,103.28346252441406,197.0327911376953,153.5282440185547,76.94709777832031,95.68351745605469,66.13501739501953,108.02989196777344,256.80694580078125,81.5435562133789,123.84241485595703,106.49354553222656,163.4309844970703,225.13583374023438,92.53057861328125,46.150001525878906,29.048999786376953,52.72118377685547,102.63238525390625,27.586868286132812,44.36566925048828,37.84386444091797,81.97743225097656,89.87950134277344,89.60226440429688,98.72936248779297
2024-02-13,439.9592590332031,237.55398559570312,422.87017822265625,173.842041015625,99.56913757324219,188.92665100097656,151.61920166015625,76.3720703125,93.88241577148438,65.12332153320312,106.22938537597656,246.6673126220703,79.9437026977539,119.75691986083984,102.92229461669922,158.61337280273438,216.94618225097656,88.17738342285156,45.26300048828125,28.260000228881836,51.524147033691406,101.7110824584961,26.164342880249023,43.57607650756836,37.13233947753906,81.97743225097656,89.89738464355469,89.59330749511719,98.71146392822266
2024-02-14,444.1459045410156,240.18002319335938,427.47821044921875,175.76376342773438,101.43587493896484,193.3146514892578,153.15811157226562,76.75540924072266,94.74542999267578,65.79778289794922,108.05957794189453,253.35496520996094,81.2294692993164,122.03857421875,104.94210052490234,161.90606689453125,222.25360107421875,90.58257293701172,46.55799865722656,28.854999542236328,52.5885009765625,103.16112518310547,26.970537185668945,44.114864349365234,37.663612365722656,81.99530029296875,89.915283203125,89.61125946044922,98.74727630615234
2024-02-15,447.1502380371094,242.03082275390625,428.7510986328125,176.28607177734375,103.96315002441406,198.46957397460938,154.0443878173828,77.29210662841797,95.76793670654297,66.55606842041016,108.98947143554688,259.17724609375,82.79988098144531,124.6517105102539,107.27413940429688,164.56739807128906,222.0846405029297,92.69955444335938,46.4900016784668,29.062999725341797,52.984588623046875,103.90253448486328,27.4914493560791,44.6071891784668,37.84386444091797,82.04010772705078,89.96004486083984,89.65612030029297,98.80101776123047
2024-02-16,444.863037109375,240.76141357421875,424.8633728027344,174.67970275878906,102.79523468017578,195.77076721191406,152.87562561035156,77.10999298095703,95.29888916015625,66.25160217285156,108.43548583984375,255.15475463867188,81.99504089355469,123.22811889648438,105.99591827392578,163.0716552734375,218.39730834960938,92.58027648925781,45.900001525878906,29.07200050354004,52.70166778564453,103.54275512695312,27.882862091064453,44.644351959228516,38.02412414550781,82.0580062866211,89.968994140625,89.65612030029297,98.80101776123047
2024-02-20,442.4208679199219,239.24977111816406,421.6564025878906,173.359130859375,101.78050231933594,193.07192993164062,151.736083984375,77.07167053222656,95.13005828857422,65.99048614501953,107.48580169677734,251.22084045410156,81.31779479980469,121.98004150390625,104.78597259521484,161.1193389892578,216.06161499023438,91.81498718261719,45.191001892089844,28.614999771118164,52.134857177734375,102.50617218017578,27.078615188598633,44.80227279663086,38.0810432434082,82.06697082519531,89.98688507080078,89.6830062866211,98.81890106201172
2024-02-21,442.86663818359375,239.29820251464844,419.9690856933594,172.6396942138672,101.47415924072266,192.159423828125,151.9795379638672,77.31126403808594,95.32704162597656,66.15428924560547,106.8526382446289,248.88014221191406,81.26872253417969,121.77527618408203,104.76647186279297,160.2257080078125,215.60443115234375,91.90443420410156,44.28499984741211,28.06999969482422,51.89779281616211,102.08576965332031,26.94717025756836,44.83013153076172,38.14745330810547,82.07594299316406,89.9958267211914,89.69197845458984,98.82785034179688
2024-02-22,452.17034912109375,244.02700805664062,432.2640075683594,177.74459838867188,101.72306823730469,193.61563110351562,155.8949432373047,78.1067123413086,95.80545806884766,66.94435119628906,108.74217987060547,253.1484832763672,83.20230102539062,122.30183410644531,105.3323974609375,162.38201904296875,220.43475341796875,93.57415771484375,45.90999984741211,28.957000732421875,52.835323333740234,104.63003540039062,27.522605895996094,45.30388641357422,38.53642272949219,82.12069702148438,90.0316390991211,89.72785186767578,98.86367797851562
2024-02-23,452.3739013671875,244.1917266845703,430.9910888671875,177.2025909423828,102.0293960571289,194.05247497558594,156.08978271484375,78.3846206665039,96.03060913085938,67.05033111572266,109.17747497558594,253.3943328857422,83.32990264892578,122.9941177368164,105.6056137084961,162.93563842773438,216.82693481445312,94.17047882080078,46.05699920654297,28.902000427246094,52.861663818359375,104.52666473388672,27.708576202392578,45.378204345703125,38.5174446105957,82.1296615600586,90.0584716796875,89.72785186767578,98.88156127929688
2024-02-26,450.71661376953125,243.45529174804688,430.76409912109375,177.13357543945312,102.05812072753906,195.275634765625,155.9436798095703,78.02046966552734,95.67413330078125,66.80945587158203,109.29618072509766,256.1087341308594,83.4869384765625,123.43289184570312,106.24960327148438,163.4407196044922,219.38124084472656,96.7446517944336,46.54600143432617,29.086000442504883,53.04019546508789,104.41535949707031,28.531322479248047,45.27602005004883,38.3466796875,82.1296615600586,90.06744384765625,89.74578857421875,98.88156127929688
2024-02-27,451.55010986328125,244.13357543945312,431.8001403808594,177.5474853515625,102.919677734375,198.04244995117188,155.9339141845703,78.04920196533203,96.03060913085938,67.03107452392578,109.64242553710938,260.337646484375,83.76175689697266,124.21293640136719,106.7765121459961,164.8394012451172,218.6954345703125,102.2607192993164,46.72600173950195,29.219999313354492,53.45188903808594,104.23846435546875,30.168054580688477,45.35962677001953,38.42257308959961,82.1475830078125,90.0853271484375,89.7547607421875,98.89949035644531
2024-02-28,450.8523254394531,243.72662353515625,429.50103759765625,176.59156799316406,102.24958038330078,196.41151428222656,155.59303283691406,78.1067123413086,95.82423400878906,67.08887481689453,109.79081726074219,258.4297180175781,83.97769927978516,123.23788452148438,105.93737030029297,164.1789093017578,217.16485595703125,100.90902709960938,46.76300048828125,28.84000015258789,53.08897399902344,103.76041412353516,29.867191314697266,45.11810302734375,37.91976547241211,82.156494140625,90.09428405761719,89.76371765136719,98.90846252441406
2024-02-29,452.519287109375,244.75376892089844,433.18157958984375,178.06982421875,102.76652526855469,197.78033447265625,156.1092529296875,78.00128173828125,96.46211242675781,67.43572998046875,110.4140625,259.6296081542969,84.86103820800781,123.74491882324219,106.58136749267578,165.06280517578125,222.2635040283203,97.81804656982422,47.242000579833984,29.229999542236328,53.429447174072266,104.93018341064453,29.27715301513672,45.22028732299805,37.93873596191406,82.19236755371094,90.12112426757812,89.79960632324219,98.96217346191406
2024-03-01,456.8803405761719,247.0018768310547,439.70404052734375,180.81936645507812,103.29302978515625,199.87722778320312,158.15457153320312,78.3846206665039,97.45648193359375,67.90786743164062,111.02742004394531,263.17010498046875,85.65605926513672,124.67122650146484,107.27413940429688,166.5780029296875,230.63206481933594,100.90902709960938,48.48899841308594,29.65999984741211,53.978702545166016,106.08702087402344,30.524415969848633,45.70332336425781,38.403602600097656,82.2148208618164,90.14808654785156,89.82841491699219,98.98734283447266
2024-03-04,456.337646484375,246.75961303710938,438.13507080078125,180.10975646972656,102.76652526855469,199.69277954101562,158.0377197265625,78.48048400878906,97.92550659179688,68.13910675048828,111.23518371582031,264.3011169433594,86.55904388427734,124.12520599365234,106.80577850341797,166.59744262695312,230.37364196777344,100.11392211914062,48.4739990234375,29.469999313354492,53.85968017578125,105.74414825439453,30.125215530395508,45.58256530761719,38.31821823120117,82.22381591796875,90.15706634521484,89.83743286132812,98.99630737304688
2024-03-05,451.7633056640625,244.1432647705078,430.270751953125,176.90689086914062,102.31659698486328,197.78033447265625,156.32350158691406,77.98212432861328,97.4095687866211,67.65542602539062,109.75125122070312,259.845947265625,86.0879135131836,123.09162902832031,105.77149200439453,164.48973083496094,224.947021484375,98.8516845703125,47.31999969482422,28.834999084472656,53.12019348144531,104.74333190917969,29.806827545166016,45.47108840942383,37.976680755615234,82.22381591796875,90.16605377197266,89.8464126586914,99.01429748535156
2024-03-06,454.1571044921875,245.58714294433594,432.97442626953125,178.05010986328125,102.68036651611328,199.25592041015625,157.46304321289062,78.52838897705078,98.28197479248047,68.10055541992188,110.86913299560547,262.49151611328125,86.8142318725586,123.64740753173828,106.25938415527344,166.1311798095703,230.56248474121094,99.50764465332031,48.33000183105469,29.31100082397461,53.715293884277344,105.4281005859375,30.261526107788086,46.0191650390625,38.52693176269531,82.24178314208984,90.18405151367188,89.85541534423828,99.03228759765625
2024-03-07,458.6539001464844,247.98057556152344,439.546142578125,180.73068237304688,103.48450469970703,200.91598510742188,159.3038787841797,78.81590270996094,98.93863677978516,68.69793701171875,111.9969253540039,264.77325439453125,87.72704315185547,124.62247467041016,107.30342864990234,167.3939208984375,238.67262268066406,98.18577575683594,48.558998107910156,29.579999923706055,54.27137756347656,106.55811309814453,29.67732810974121,46.54865646362305,38.76411437988281,82.27774810791016,90.22896575927734,89.90045928955078,99.06824493408203
2024-03-08,455.87249755859375,246.54641723632812,433.2013244628906,178.1190948486328,103.3983383178711,200.78977966308594,157.40464782714844,78.71049499511719,98.5727767944336,68.5245132446289,111.10655975341797,264.084716796875,86.94183349609375,124.1544418334961,106.8350601196289,166.91796875,231.60604858398438,98.34480285644531,47.68000030517578,29.202999114990234,54.193328857421875,105.98664855957031,29.628644943237305,46.418601989746094,38.726165771484375,82.2867431640625,90.23794555664062,89.91848754882812,99.07723999023438
2024-03-11,455.4945068359375,246.14915466308594,431.593017578125,177.46865844726562,102.92927551269531,199.19766235351562,156.96633911132812,78.9884033203125,99.0324478149414,68.62085723876953,110.75041961669922,261.3409118652344,86.28422546386719,123.27688598632812,105.8983383178711,165.83984375,230.10533142089844,96.2377700805664,47.277000427246094,28.989999771118164,53.93967819213867,105.04844665527344,28.82050323486328,46.186370849609375,38.811546325683594,82.29573822021484,90.25590515136719,89.9274673461914,99.08622741699219
2024-03-12,460.3692626953125,248.58132934570312,437.7799072265625,179.981689453125,102.65165710449219,198.92584228515625,159.25518798828125,79.31423950195312,99.257568359375,68.84245300292969,111.55174255371094,262.09814453125,87.03999328613281,123.140380859375,105.77149200439453,166.29635620117188,232.02346801757812,95.61161041259766,47.939998626708984,29.23200035095215,54.427467346191406,106.63066101074219,28.577085494995117,46.53936004638672,39.23846435546875,82.32270812988281,90.264892578125,89.93648529052734,99.10420989990234
2024-03-13,459.6714782714844,248.27130126953125,434.4150085449219,178.6118621826172,102.73780059814453,199.70249938964844,159.02145385742188,79.2088394165039,99.17316436767578,68.86174011230469,111.49239349365234,263.17010498046875,87.52091979980469,123.43289184570312,106.2203369140625,166.6848602294922,225.60296630859375,96.50611877441406,47.33000183105469,29.040000915527344,54.339664459228516,106.58395385742188,29.063919067382812,46.54865646362305,39.11513137817383,82.32270812988281,90.27388000488281,89.93648529052734,99.11320495605469
2024-03-14,458.66357421875,247.3119659423828,433.3198547363281,178.1880645751953,101.16783142089844,196.1299591064453,158.7681884765625,78.93090057373047,98.06622314453125,68.26435852050781,110.61193084716797,258.449462890625,86.66702270507812,121.97029113769531,104.76647186279297,164.29547119140625,220.1962127685547,93.87232971191406,46.66400146484375,28.61400032043457,53.70553970336914,106.08702087402344,28.032808303833008,46.24211120605469,38.9159049987793,82.3586654663086,90.30982971191406,89.97249603271484,99.15814971923828
2024-03-15,455.50421142578125,245.8487548828125,428.16900634765625,176.04957580566406,101.54117584228516,196.49887084960938,157.27801513671875,78.76799011230469,97.99117279052734,68.05238342285156,109.95899963378906,258.2428894042969,86.37256622314453,122.27257537841797,105.05919647216797,164.12062072753906,218.4867401123047,94.13074493408203,46.2760009765625,28.3700008392334,53.334815979003906,105.61493682861328,28.40961456298828,46.20193099975586,38.678733825683594,82.37664031982422,90.32779693603516,89.98152160644531,99.17613220214844
2024-03-18,458.3534851074219,247.09878540039062,432.2525939941406,177.7231903076172,101.21569061279297,195.3727569580078,158.1643524169922,78.95006561279297,98.31012725830078,68.3125228881836,110.2260971069336,256.3152160644531,86.2547836303711,122.1068115234375,104.82500457763672,163.7709503173828,218.25704956054688,92.38150024414062,46.67100143432617,28.604000091552734,53.578712463378906,106.27287292480469,27.63262939453125,46.21127700805664,38.745140075683594,82.3856201171875,90.33678436279297,89.99051666259766,99.18511199951172
2024-03-19,460.9216003417969,248.52322387695312,433.3295593261719,178.15765380859375,101.91451263427734,196.1979217529297,159.08961486816406,79.42925262451172,98.73225402832031,68.70757293701172,110.88892364501953,256.9742431640625,86.94183349609375,123.06237030029297,105.8105239868164,164.6160125732422,216.84523010253906,93.27599334716797,46.349998474121094,28.639999389648438,53.69480895996094,107.03813934326172,27.876047134399414,46.2860221862793,38.555397033691406,82.40360260009766,90.35476684570312,90.008544921875,99.19409942626953
2024-03-20,464.94366455078125,251.04266357421875,438.4674377441406,180.2904510498047,103.59938049316406,200.0811004638672,160.64797973632812,79.64009094238281,99.94236755371094,69.20858001708984,112.06616973876953,261.2227783203125,88.01167297363281,124.66146850585938,107.25463104248047,167.5784454345703,221.9158935546875,94.57798767089844,47.143001556396484,29.170000076293945,54.32015609741211,107.84416198730469,28.447586059570312,46.79055404663086,38.991798400878906,82.41261291503906,90.36373138427734,90.02653503417969,99.22107696533203
2024-03-21,466.49420166015625,252.0795135498047,440.5423278808594,181.11000061035156,104.80538177490234,202.3799285888672,161.5021514892578,79.7940902709961,100.65995788574219,69.76742553710938,112.74750518798828,264.09039306640625,89.08816528320312,126.3502426147461,108.69873046875,169.26852416992188,226.8572998046875,94.61773681640625,48.060001373291016,29.472999572753906,54.61867904663086,108.75054931640625,28.49237632751465,46.81858444213867,39.03923797607422,82.43955993652344,90.39969635009766,90.08055877685547,99.25704956054688
2024-03-22,465.88458251953125,251.37063598632812,441.0462341308594,181.27786254882812,103.48030853271484,199.5867156982422,160.66261291503906,79.59196472167969,100.18785095214844,69.34626770019531,112.04439544677734,261.03765869140625,88.62611389160156,125.08049011230469,107.59812927246094,167.62364196777344,225.27642822265625,92.9877700805664,47.77299880981445,29.479999542236328,54.134796142578125,108.52395629882812,27.986072540283203,46.65974426269531,38.76411437988281,82.44857025146484,90.41765594482422,90.08955383300781,99.28400421142578
2024-03-25,464.67901611328125,250.806640625,439.4455871582031,180.69529724121094,103.25946807861328,200.0441131591797,160.037841796875,79.3416976928711,100.06511688232422,69.2206802368164,111.78689575195312,261.68768310546875,88.53763580322266,124.58235931396484,107.12895202636719,167.7891845703125,224.89862060546875,92.10321807861328,47.737998962402344,29.360000610351562,54.23234939575195,108.21784973144531,27.749469757080078,46.59434127807617,38.792572021484375,82.466552734375,90.43563842773438,90.08955383300781,99.28400421142578
2024-03-26,463.376220703125,250.3592987060547,438.0227966308594,180.1028594970703,103.1058349609375,199.6840057373047,159.42286682128906,79.33208465576172,100.02733612060547,69.15306854248047,112.02457427978516,261.579345703125,88.43932342529297,124.49444580078125,107.08985900878906,167.80868530273438,223.8745574951172,92.12309265136719,47.88999938964844,29.356000900268555,54.29088592529297,107.94255065917969,27.597578048706055,46.65974426269531,38.76411437988281,82.47551727294922,90.44462585449219,90.1166000366211,99.30200958251953
2024-03-27,467.4207458496094,252.5666961669922,439.5147705078125,180.76441955566406,105.5831527709961,204.0344696044922,160.25262451171875,80.25611877441406,101.77409362792969,70.14801788330078,113.00498962402344,266.64093017578125,89.54039764404297,126.8386001586914,109.17182922363281,170.3407745361328,229.93948364257812,94.32951354980469,47.926998138427734,29.41699981689453,54.612823486328125,108.29338073730469,28.199302673339844,46.96807098388672,38.83052444458008,82.52945709228516,90.48954010009766,90.17060089111328,99.36492156982422
2024-03-28,467.3624267578125,252.7319793701172,438.70458984375,180.38919067382812,106.12084197998047,204.67684936523438,160.4381103515625,80.44861602783203,102.26507568359375,70.33154296875,113.0346908569336,266.67047119140625,89.70751953125,127.68836212158203,109.89515686035156,170.69137573242188,230.76470947265625,94.30963897705078,47.75,29.44499969482422,54.7581901550293,108.59452056884766,28.362876892089844,46.874637603759766,38.97283172607422,82.52945709228516,90.49853515625,90.85504913330078,99.3738784790039
2024-04-01,466.7499084472656,252.5375213623047,439.6333312988281,180.8038787841797,105.03584289550781,202.749755859375,159.96951293945312,80.15985107421875,101.85907745361328,69.93550109863281,112.3315658569336,264.6025085449219,89.3634262084961,126.79953002929688,108.97634887695312,169.18185424804688,232.51455688476562,93.27599334716797,47.93000030517578,29.469999313354492,54.60307312011719,108.35002899169922,27.85657501220703,46.687774658203125,39.03923797607422,82.55203247070312,90.5256118774414,90.164306640625,99.38472747802734
2024-04-02,463.697021484375,250.20370483398438,435.83917236328125,179.21417236328125,103.20185852050781,199.02218627929688,158.97378540039062,79.7459716796875,100.82990264892578,69.3559341430664,110.94512939453125,259.3636474609375,88.22303771972656,124.64096069335938,107.05075073242188,166.73741149902344,227.38424682617188,90.1253890991211,47.099998474121094,29.214000701904297,53.978702545166016,107.66029357910156,26.8342227935791,46.39813232421875,39.162567138671875,82.57012176513672,90.54365539550781,90.18238830566406,99.3937759399414
2024-04-03,464.1150207519531,250.5926971435547,436.8174133300781,179.6190185546875,103.86439514160156,200.32635498046875,159.02259826660156,79.56309509277344,100.78269958496094,69.49115753173828,111.15308380126953,261.03765869140625,88.57695770263672,125.61769104003906,108.08686065673828,167.5554656982422,229.49203491210938,90.48318481445312,47.5880012512207,29.239999771118164,54.08601379394531,108.44544219970703,26.941328048706055,46.65040588378906,39.19103240966797,82.57012176513672,90.55270385742188,90.20950317382812,99.40278625488281
2024-04-04,458.39825439453125,247.587890625,430.1381530761719,176.86412048339844,102.99060821533203,198.32147216796875,156.77735900878906,78.87006378173828,99.7252197265625,68.76668548583984,109.78645324707031,257.6797180175781,87.62335968017578,124.68980407714844,107.2169418334961,165.70510864257812,225.90281677246094,88.94265747070312,46.909000396728516,28.770000457763672,53.36408996582031,106.98745727539062,26.327919006347656,46.276676177978516,39.04872512817383,82.6062240600586,90.59781646728516,90.25472259521484,99.46600341796875
2024-04-05,463.26922607421875,250.08702087402344,435.2068176269531,178.9574737548828,103.33628845214844,198.98326110839844,158.67120361328125,79.25505828857422,100.1312255859375,69.31729125976562,111.10359191894531,258.7333679199219,88.65560913085938,125.3735122680664,107.871826171875,167.23406982421875,227.0760498046875,89.6284408569336,47.321998596191406,29.030000686645508,53.744564056396484,108.64222717285156,26.656044006347656,46.444854736328125,39.13410568237305,82.62428283691406,90.60685729980469,90.25472259521484,99.47502136230469
2024-04-08,463.4539489746094,250.37875366210938,435.3352966308594,179.02658081054688,104.08524322509766,200.07334899902344,158.57354736328125,79.20696258544922,100.0462417602539,69.40421295166016,111.47000122070312,260.0529479980469,88.87189483642578,126.00837707519531,108.26278686523438,168.12033081054688,229.03468322753906,89.84709167480469,47.49300003051758,29.094999313354492,53.84211730957031,108.42855072021484,26.74854278564453,46.669090270996094,39.390262603759766,82.63333129882812,90.62490844726562,90.25472259521484,99.48406982421875
2024-04-09,464.027587890625,250.7385711669922,436.9458312988281,179.6584930419922,104.56533813476562,200.86167907714844,158.59307861328125,79.2261962890625,100.45223999023438,69.68435668945312,111.73738861083984,260.73236083984375,88.72442626953125,126.3307113647461,108.45829772949219,168.3930206298828,234.02581787109375,91.07951354980469,47.582000732421875,29.274999618530273,54.11528015136719,107.9246597290039,27.130218505859375,46.678428649902344,39.65589141845703,82.64234161376953,90.63394927978516,90.2818374633789,99.49309539794922
2024-04-10,459.5357360839844,247.93795776367188,433.1319580078125,178.1082763671875,101.45429229736328,195.55735778808594,157.05067443847656,78.4561767578125,98.42222595214844,68.65076446533203,110.32123565673828,254.91250610351562,87.28910064697266,122.9218978881836,105.66276550292969,164.95523071289062,224.79917907714844,89.39984893798828,47.02000045776367,28.8439998626709,53.36408996582031,107.40487670898438,26.64825439453125,45.97769546508789,39.11513137817383,82.6604232788086,90.65199279785156,90.25472259521484,99.48406982421875
2024-04-11,462.8511657714844,249.62026977539062,440.0482482910156,180.9816131591797,101.8863754272461,196.8810272216797,158.4466552734375,78.29254913330078,98.44110107421875,68.65076446533203,110.70745086669922,256.8722229003906,87.30876159667969,123.63494110107422,106.2394790649414,165.9095916748047,230.06871032714844,90.72171783447266,47.7140007019043,29.184999465942383,53.75431823730469,107.97236633300781,27.33274269104004,46.1458740234375,39.35231399536133,82.68751525878906,90.68807220458984,90.29087829589844,99.52921295166016
2024-04-12,456.5412292480469,246.02230834960938,433.0331115722656,178.05892944335938,100.3500747680664,193.3772735595703,156.33807373046875,77.44551086425781,96.73212432861328,67.61720275878906,108.77633666992188,251.4659423828125,86.00125885009766,121.87680053710938,104.84172058105469,162.87112426757812,221.87611389160156,87.61085510253906,46.36399841308594,28.58799934387207,52.53484344482422,106.00553131103516,26.40873146057129,45.34236145019531,38.45103454589844,82.69652557373047,90.69712829589844,90.31800079345703,99.53823852539062
2024-04-15,450.7466125488281,242.99807739257812,425.90924072265625,175.12632751464844,99.41868591308594,190.5450897216797,154.40518188476562,76.98348999023438,96.24115753173828,66.94103240966797,107.11261749267578,247.21180725097656,84.99848175048828,120.77310180664062,103.84471130371094,159.9008026123047,217.42189025878906,85.82186889648438,45.34400177001953,28.034000396728516,51.81291961669922,104.44417572021484,25.690166473388672,45.183528900146484,38.204376220703125,82.714599609375,90.71517181396484,90.31800079345703,99.54727172851562
2024-04-16,449.9396667480469,242.2687530517578,425.9488220214844,175.1361846923828,98.88097381591797,189.84432983398438,154.55162048339844,76.92574310302734,95.5802230834961,66.61259460449219,106.96405792236328,247.40878295898438,84.64457702636719,120.23587799072266,103.4635009765625,159.3262176513672,217.95877075195312,85.08639526367188,44.72700119018555,27.9060001373291,51.56999969482422,104.33585357666016,25.38346290588379,44.7070198059082,37.701560974121094,82.72361755371094,90.71517181396484,90.34512329101562,99.55630493164062
2024-04-17,447.22698974609375,240.84901428222656,420.7516174316406,173.02316284179688,98.0647964477539,187.8394317626953,153.46803283691406,76.92574310302734,95.19309997558594,66.37110900878906,105.98365020751953,244.23788452148438,83.89742279052734,119.00518798828125,102.3589859008789,158.01148986816406,213.20628356933594,84.13227081298828,44.04199981689453,27.760000228881836,51.342689514160156,103.64810180664062,25.062152862548828,44.73505783081055,37.673095703125,82.73265838623047,90.74224853515625,90.36323547363281,99.5743408203125
2024-04-18,446.2062072753906,240.3530731201172,418.3506774902344,172.0653533935547,98.26643371582031,187.68370056152344,153.13613891601562,77.00274658203125,95.22142791748047,66.34213256835938,105.46867370605469,243.1743621826172,83.59266662597656,118.74148559570312,102.21236419677734,157.75828552246094,208.96084594726562,82.96942901611328,43.584999084472656,27.510000228881836,51.042213439941406,102.89376831054688,24.70676612854004,44.68833923339844,37.82489013671875,82.77780151367188,90.76931762695312,90.38130187988281,99.61949157714844
2024-04-19,442.47271728515625,238.46658325195312,409.69537353515625,168.4810791015625,99.11141967773438,187.97569274902344,150.88111877441406,77.48401641845703,95.58966064453125,66.37207794189453,104.67642211914062,241.5494842529297,83.41571044921875,119.3666000366211,102.61312103271484,157.59271240234375,202.418701171875,82.32340240478516,42.481998443603516,26.86400032043457,50.534912109375,101.75679779052734,24.221881866455078,44.716365814208984,37.673095703125,82.78683471679688,90.79640197753906,90.39936828613281,99.63754272460938
2024-04-22,446.3131103515625,240.81011962890625,413.8155212402344,170.17941284179688,99.96600341796875,190.07794189453125,152.1697235107422,77.84015655517578,96.29779815673828,66.8830795288086,105.6766586303711,244.13938903808594,84.13336181640625,120.48983001708984,103.60035705566406,159.25802612304688,205.43125915527344,83.23777770996094,42.77299880981445,27.010000228881836,51.344642639160156,102.7188491821289,24.511058807373047,45.202213287353516,38.0810432434082,82.80490112304688,90.80543518066406,90.40840911865234,99.64659118652344
2024-04-23,451.94244384765625,243.67877197265625,419.9908447265625,172.69729614257812,101.74235534667969,193.260498046875,153.9171142578125,78.12890625,97.0625991821289,67.54959106445312,107.57804870605469,248.52151489257812,85.4605484008789,122.79492950439453,105.68233489990234,161.93621826171875,209.48779296875,84.17202758789062,43.814998626708984,27.475000381469727,52.169979095458984,104.8248291015625,24.952129364013672,45.66002655029297,38.39411926269531,82.81392669677734,90.81444549560547,90.42650604248047,99.66463470458984
2024-04-24,451.6119384765625,243.7371063232422,421.4136657714844,173.27987670898438,101.50230407714844,192.39427185058594,153.80970764160156,78.30217742919922,97.36474609375,67.64617919921875,107.43941497802734,247.43832397460938,85.51953125,122.45307922363281,105.39887237548828,161.56614685058594,214.29994201660156,83.42660522460938,44.27399826049805,27.67799949645996,52.203147888183594,104.44417572021484,24.59187126159668,45.52922058105469,38.52693176269531,82.81392669677734,90.82347869873047,90.43553161621094,99.68270111083984
2024-04-25,449.74517822265625,242.57994079589844,419.3782958984375,172.450439453125,100.68614959716797,191.22637939453125,153.34112548828125,78.17704010009766,96.77935028076172,67.46263122558594,107.40969848632812,246.04978942871094,85.27375793457031,122.15028381347656,104.9590072631836,160.85519409179688,219.36065673828125,81.71712493896484,44.0369987487793,27.700000762939453,51.78950119018555,104.66084289550781,24.049541473388672,45.3330192565918,38.61231994628906,82.85907745361328,90.86863708496094,90.47169494628906,99.70979309082031
2024-04-26,454.2467041015625,244.83595275878906,425.85003662109375,175.116455078125,101.44469451904297,193.0561065673828,155.2642364501953,77.89789581298828,96.4677505493164,67.6287841796875,107.92466735839844,249.2305450439453,85.52936553955078,123.15631103515625,105.8484878540039,162.16018676757812,223.3973388671875,82.97936248779297,44.790000915527344,28.239999771118164,52.525089263916016,105.67855834960938,24.923892974853516,45.66937255859375,39.05820846557617,82.85907745361328,90.88667297363281,90.4807357788086,99.72784423828125
2024-04-29,455.8314514160156,245.79867553710938,427.5791015625,175.81748962402344,102.1744384765625,194.61334228515625,155.1861572265625,78.23477935791016,97.07203674316406,68.04222869873047,108.4099349975586,251.8401336669922,86.0307388305664,124.05491638183594,106.6988754272461,162.9977264404297,227.32460021972656,84.99693298339844,44.88100051879883,28.479999542236328,52.837276458740234,105.7928466796875,25.5606689453125,45.92163848876953,39.43769073486328,82.87715148925781,90.88667297363281,90.49430847167969,99.73690032958984
2024-04-30,448.6271057128906,241.75338745117188,419.5166015625,172.48007202148438,100.2348403930664,190.66189575195312,153.22398376464844,77.43589782714844,95.31584930419922,67.02796173095703,106.39957427978516,246.5027618408203,84.38896179199219,121.70098876953125,104.70486450195312,159.62811279296875,223.20840454101562,84.10244750976562,43.91400146484375,27.8439998626709,51.87145233154297,104.6230697631836,25.40585708618164,45.276954650878906,38.88744354248047,82.88616180419922,90.89569091796875,90.49884796142578,99.74592590332031
2024-05-01,447.1686706542969,241.15048217773438,416.4833068847656,171.26556396484375,100.57091522216797,191.0609130859375,152.4723358154297,77.32999420166016,94.5699462890625,66.8154525756836,106.41938781738281,245.77407836914062,84.37914276123047,122.03308868408203,104.86126708984375,160.28060913085938,216.06971740722656,86.7958755493164,43.27000045776367,27.719999313354492,51.900718688964844,104.21758270263672,26.382444381713867,45.22090148925781,38.925392150878906,82.90248107910156,90.93013000488281,90.51518249511719,99.7767333984375
2024-05-02,451.3397216796875,243.6495819091797,421.79901123046875,173.43783569335938,102.09764099121094,194.5743865966797,153.6242218017578,77.6187744140625,95.1647720336914,67.31775665283203,107.12251281738281,250.46148681640625,85.52936553955078,123.77166748046875,106.42517852783203,162.76400756835938,219.85780334472656,87.79969024658203,44.05699920654297,28.179000854492188,52.93482971191406,105.41915130615234,26.55283546447754,45.8842658996582,39.93101501464844,82.94781494140625,90.96640014648438,90.56058502197266,99.82205200195312
2024-05-03,456.93988037109375,246.53770446777344,430.2764892578125,176.94314575195312,102.86578369140625,196.50143432617188,155.40090942382812,78.07115173339844,95.77850341796875,67.80072784423828,107.69688415527344,252.9529266357422,86.4043197631836,124.78746795654297,107.25601959228516,164.0787353515625,224.80914306640625,89.42967224121094,45.01499938964844,28.760000228881836,53.60115432739258,106.67439270019531,27.155532836914062,46.30470275878906,40.29153060913086,82.95690155029297,90.98455047607422,90.5969009399414,99.8402099609375
2024-05-06,461.5483703613281,249.18267822265625,434.98944091796875,178.90805053710938,103.95082092285156,199.0416717529297,157.499755859375,78.54279327392578,96.56216430664062,68.41410827636719,109.251708984375,257.0297546386719,87.83963012695312,126.11582946777344,108.53648376464844,166.41604614257812,228.67674255371094,90.0260009765625,45.85100173950195,29.0,54.2811279296875,108.10057067871094,27.22271728515625,46.669090270996094,40.32947540283203,82.95690155029297,90.99359130859375,90.60598754882812,99.84927368164062
2024-05-07,462.2094421386719,249.4063262939453,435.05865478515625,178.90805053710938,104.2964859008789,199.4893341064453,158.00733947753906,79.04331970214844,96.45831298828125,68.54451751708984,108.88526916503906,258.3001403808594,88.23286437988281,126.81904602050781,109.07408905029297,166.1336212158203,227.8913116455078,89.87691497802734,45.79800033569336,28.893999099731445,54.08503723144531,108.00218200683594,27.360004425048828,46.73448944091797,40.10178756713867,82.96598052978516,90.99359130859375,90.61506652832031,99.85836029052734
2024-05-08,462.2289123535156,249.2312774658203,434.8017272949219,178.79946899414062,103.95082092285156,198.33119201660156,158.00733947753906,79.06256103515625,96.63771057128906,68.44792175292969,108.16234588623047,256.1336975097656,87.6528549194336,125.98883819580078,108.31167602539062,165.2571258544922,228.7861328125,88.56498718261719,45.5369987487793,28.642000198364258,53.920166015625,108.22480773925781,26.757307052612305,46.687774658203125,40.11127853393555,82.98409271240234,91.02079772949219,90.61506652832031,99.87647247314453
2024-05-09,464.88311767578125,250.6996307373047,435.7502746582031,179.19444274902344,105.19906616210938,200.35556030273438,158.5247344970703,79.52459716796875,97.29864501953125,68.96953582763672,108.9347915649414,257.9259033203125,88.54747009277344,127.5614013671875,109.58236694335938,166.7568817138672,229.5516815185547,88.435791015625,45.33100128173828,28.840999603271484,54.18942642211914,108.82211303710938,26.703754425048828,47.03347396850586,40.23460006713867,83.0294189453125,91.0479736328125,90.66050720214844,99.91275024414062
2024-05-10,465.456787109375,250.9330291748047,436.7778625488281,179.609130859375,104.64214324951172,198.8470001220703,159.0616455078125,79.8037338256836,97.48748016357422,69.13375091552734,109.251708984375,255.95643615722656,88.40982818603516,126.86791229248047,109.2109375,166.1336212158203,228.19952392578125,87.60092163085938,45.720001220703125,28.89900016784668,54.002113342285156,108.92447662353516,25.85082244873047,47.052154541015625,40.31999206542969,83.0294189453125,91.07518005371094,90.67865753173828,99.93087768554688
2024-05-13,465.4859924316406,251.06918334960938,437.7856750488281,180.0435791015625,104.95901489257812,199.26553344726562,158.96401977539062,79.8037338256836,97.7424087524414,69.01783752441406,108.88526916503906,256.55712890625,87.98710632324219,126.90697479248047,109.16204071044922,166.338134765625,229.40255737304688,89.33027648925781,45.435001373291016,29.149999618530273,54.310394287109375,108.21984100341797,26.244184494018555,47.04281234741211,40.62357711791992,83.04759979248047,91.08425903320312,90.67865753173828,99.94902801513672
2024-05-14,467.6929626464844,252.29440307617188,440.6015930175781,181.18896484375,106.00563049316406,201.3288116455078,159.66688537597656,79.88072967529297,98.1484146118164,69.26899719238281,109.51907348632812,259.4718933105469,88.63593292236328,128.0399932861328,110.22747802734375,167.94503784179688,233.43917846679688,90.22477722167969,46.43199920654297,29.09000015258789,54.90842819213867,108.84198760986328,26.66577911376953,47.36982727050781,40.841773986816406,83.056640625,91.08425903320312,90.687744140625,99.95808410644531
2024-05-15,473.390380859375,255.39642333984375,447.4883117675781,184.0030975341797,106.46652221679688,203.83982849121094,162.25381469726562,80.41974639892578,99.15869903564453,69.99346160888672,111.15308380126953,263.8738098144531,89.5797119140625,129.1241455078125,111.04854583740234,169.88304138183594,238.25135803222656,92.04357147216797,47.933998107910156,29.739999771118164,55.574745178222656,110.85454559326172,27.191558837890625,47.8463249206543,41.27817916870117,83.0656967163086,91.10237884521484,90.70590209960938,99.98526763916016
2024-05-16,472.48614501953125,254.7060089111328,446.5793151855469,183.6476287841797,106.01524353027344,202.37020874023438,161.62905883789062,80.73737335205078,98.724365234375,69.96930694580078,110.80648803710938,261.3823547363281,88.63593292236328,128.23533630371094,110.44253540039062,168.74359130859375,237.0880889892578,92.02369689941406,47.439998626708984,29.70800018310547,55.45084762573242,109.89746856689453,27.0805606842041,47.57537841796875,41.363563537597656,83.10198974609375,91.14769744873047,90.74222564697266,100.01248168945312
2024-05-17,473.18621826171875,255.06578063964844,446.3619689941406,183.56863403320312,105.99601745605469,202.51620483398438,161.59976196289062,80.92025756835938,98.8282241821289,70.0321044921875,110.92532348632812,261.106689453125,88.75390625,128.28414916992188,110.32522583007812,168.8896942138672,237.23721313476562,90.62232208251953,47.18600082397461,29.7450008392334,55.372798919677734,110.05349731445312,26.544071197509766,47.74354934692383,41.5438232421875,83.11105346679688,91.1567611694336,90.76947784423828,100.03063201904297
2024-05-20,473.6529541015625,255.32835388183594,449.4743347167969,184.84239196777344,105.8327865600586,202.96389770507812,162.14645385742188,80.79513549804688,98.57330322265625,70.05139923095703,111.20262145996094,263.2730407714844,89.156982421875,128.6943817138672,110.81394958496094,169.44480895996094,240.3392791748047,91.70565032958984,47.88999938964844,29.940000534057617,55.53962326049805,110.43513488769531,26.813777923583984,47.762237548828125,41.39202880859375,83.12919616699219,91.16580963134766,90.76947784423828,100.04877471923828
2024-05-21,474.92657470703125,255.85348510742188,450.3536376953125,185.20774841308594,105.77518463134766,202.7692413330078,162.29286193847656,80.74700164794922,98.5827407836914,69.95868682861328,110.72724914550781,262.7019348144531,88.98987579345703,128.64553833007812,110.66734313964844,168.87994384765625,239.49415588378906,91.00994110107422,47.380001068115234,29.600000381469727,55.402069091796875,110.61502838134766,26.389259338378906,47.68749237060547,41.1358757019043,83.13826751708984,91.18397521972656,90.79673767089844,100.05781555175781
2024-05-22,473.54595947265625,254.98805236816406,450.2648010253906,185.15834045410156,105.03584289550781,201.0563201904297,161.79501342773438,80.69886779785156,98.38446044921875,69.67276000976562,110.36084747314453,260.7226257324219,88.38034057617188,127.49301147460938,109.74852752685547,167.9060821533203,244.33615112304688,91.60627746582031,47.15700149536133,29.663999557495117,55.192317962646484,109.82192993164062,26.663833618164062,47.23902893066406,41.00305938720703,83.1563949584961,91.19303894042969,90.79673767089844,100.07594299316406
2024-05-23,470.0263977050781,252.81948852539062,448.2392578125,184.34866333007812,103.51871490478516,197.75698852539062,161.40452575683594,79.77483367919922,97.04370880126953,68.79566192626953,108.95459747314453,257.118408203125,87.4267349243164,126.17440795898438,108.60489654541016,165.32530212402344,239.0765838623047,88.7737045288086,46.70800018310547,29.424999237060547,54.495758056640625,109.00994873046875,25.695035934448242,46.977413177490234,40.6994743347168,83.21080017089844,91.25650024414062,90.85121154785156,100.13036346435547
2024-05-24,473.22509765625,254.64764404296875,452.4779968261719,186.1062469482422,104.48851776123047,199.94680786132812,162.5564422607422,79.90959167480469,97.64799499511719,69.24967193603516,110.01422882080078,260.3582763671875,88.24270629882812,127.6004638671875,109.79740142822266,166.76663208007812,244.44552612304688,88.28669738769531,47.45000076293945,29.53499984741211,55.0176887512207,110.36357879638672,25.795324325561523,47.3604850769043,40.81332015991211,83.2198486328125,91.26554870605469,90.8693618774414,100.13941955566406
2024-05-28,473.6042785644531,254.64764404296875,454.18731689453125,186.79742431640625,104.10443878173828,199.67428588867188,162.95668029785156,79.14920806884766,96.91151428222656,68.75703430175781,109.07343292236328,260.525634765625,87.58402252197266,127.26837158203125,109.47484588623047,166.1043701171875,247.79611206054688,88.5848617553711,47.801998138427734,29.604000091552734,54.925010681152344,110.25226593017578,25.6453800201416,47.36982727050781,40.75639343261719,83.21080017089844,91.27460479736328,90.85121154785156,100.13036346435547
2024-05-29,470.26947021484375,252.55694580078125,450.98602294921875,185.51380920410156,102.83696746826172,196.72531127929688,161.6583709716797,78.47543334960938,95.85403442382812,67.9649429321289,107.99398040771484,257.118408203125,86.46330261230469,126.08651733398438,108.43875885009766,164.1858673095703,243.11322021484375,86.94496154785156,47.47600173950195,29.290000915527344,54.38453674316406,109.76131439208984,25.130308151245117,46.55697250366211,40.14922332763672,83.22894287109375,91.27460479736328,90.87847900390625,100.13941955566406
2024-05-30,467.109619140625,251.32203674316406,446.1543884277344,183.5093994140625,104.09483337402344,198.5939483642578,160.77001953125,78.61017608642578,96.76045227050781,68.129150390625,107.389892578125,258.7333679199219,87.19081115722656,127.18047332763672,109.42596435546875,164.565673828125,244.31625366210938,88.41590881347656,46.72200012207031,29.052000045776367,54.35625076293945,108.9642333984375,25.9326114654541,46.977413177490234,40.03538131713867,83.24706268310547,91.292724609375,90.89662170410156,100.1666259765625
2024-05-31,471.17364501953125,253.25706481933594,445.3244934082031,183.52914428710938,105.28547668457031,200.2679901123047,161.79501342773438,79.69783782958984,98.29948425292969,68.80532836914062,107.61766815185547,259.5999450683594,87.86912536621094,128.37208557128906,110.3936538696289,165.18893432617188,244.4156951904297,88.5848617553711,45.50199890136719,28.670000076293945,54.486000061035156,108.97119140625,25.817718505859375,47.388511657714844,39.64640808105469,83.26522064208984,91.32898712158203,90.93296813964844,100.20288848876953
2024-06-03,471.68890380859375,253.3348846435547,447.7155456542969,184.14132690429688,104.9110107421875,199.13897705078125,161.94142150878906,79.486083984375,97.67632293701172,68.40928649902344,106.91455078125,258.762939453125,86.90569305419922,127.70787048339844,109.81694793701172,164.22483825683594,244.2764892578125,90.86084747314453,45.641998291015625,28.575000762939453,54.6362419128418,108.59749603271484,26.539203643798828,47.50997543334961,40.063838958740234,83.27888488769531,91.34718322753906,90.94939422607422,100.2229232788086
2024-06-04,472.2625732421875,253.30575561523438,448.9407958984375,184.6152801513672,103.33628845214844,196.56959533691406,162.3319091796875,79.87110137939453,97.31752014160156,68.31267547607422,106.6966781616211,255.37538146972656,85.67682647705078,125.61769104003906,108.21393585205078,162.50106811523438,240.6077423095703,90.61238098144531,45.28499984741211,28.493000030517578,54.547462463378906,107.7855224609375,26.223735809326172,47.36982727050781,39.50410079956055,83.2970962524414,91.36542510986328,90.96760559082031,100.24113464355469
2024-06-05,477.91131591796875,256.40777587890625,457.9913024902344,188.3279266357422,104.47891235351562,199.5769500732422,164.39166259765625,80.06360626220703,97.94068145751953,68.80532836914062,108.20195007324219,260.4566650390625,86.94501495361328,127.42466735839844,109.44551086425781,164.85784912109375,249.95362854003906,93.5443344116211,46.362998962402344,29.0,55.281097412109375,109.68279266357422,27.21103286743164,47.696834564208984,40.13973617553711,83.30620574951172,91.38362121582031,90.96760559082031,100.25023651123047
2024-06-06,477.8044128417969,256.1841125488281,457.8332214355469,188.29830932617188,103.74917602539062,198.14627075195312,164.3233642578125,80.1213607788086,97.68576049804688,68.68941497802734,107.99398040771484,258.4183044433594,86.47312927246094,126.64326477050781,108.9665756225586,164.1469268798828,247.77622985839844,92.2522964477539,46.39699935913086,29.049999237060547,55.396217346191406,109.26537322998047,26.658964157104492,47.818302154541016,40.338958740234375,83.3153076171875,91.38362121582031,90.99497985839844,100.27757263183594
2024-06-07,477.1821594238281,255.69790649414062,457.4281005859375,188.1304473876953,102.67374420166016,195.82017517089844,164.1476593017578,79.97696685791016,97.47804260253906,68.5058822631836,107.51863861083984,255.44435119628906,86.0307388305664,125.12931823730469,107.65678405761719,162.76400756835938,242.98397827148438,90.83103942871094,46.06999969482422,28.799999237060547,54.94842529296875,108.98013305664062,26.150711059570312,47.229679107666016,39.883583068847656,83.35174560546875,91.42005157470703,91.0223617553711,100.30488586425781
2024-06-10,478.7475280761719,256.5535583496094,459.2757873535156,188.8710174560547,102.21284484863281,196.49171447753906,164.8114776611328,80.15985107421875,97.89347839355469,68.7280502319336,108.37030029296875,257.14794921875,86.47312927246094,125.04142761230469,107.3244400024414,163.71841430664062,246.77203369140625,91.4273681640625,46.513999938964844,29.099000930786133,55.32499694824219,109.70366668701172,26.385364532470703,47.295082092285156,40.12076187133789,83.3699722290039,91.43826293945312,91.0223617553711,100.32308959960938
2024-06-11,479.8363952636719,256.9911804199219,462.4276428222656,190.1743927001953,101.81388092041016,195.8202362060547,165.5695343017578,80.09320831298828,97.41014099121094,68.54451751708984,108.46446990966797,256.4192199707031,86.145263671875,124.58696746826172,107.16804504394531,163.21197509765625,247.86572265625,91.89450073242188,46.667999267578125,29.165000915527344,55.08500671386719,109.07454681396484,26.53433609008789,46.76252365112305,39.98702621459961,83.37905883789062,91.45645904541016,91.04060363769531,100.33219909667969
2024-06-12,483.8323974609375,259.4125061035156,468.484375,192.6330108642578,103.41361236572266,198.82626342773438,166.6846923828125,80.00625610351562,97.53357696533203,68.96953582763672,109.72340393066406,260.48211669921875,87.51388549804688,126.8003921508789,109.04476165771484,165.53955078125,254.69622802734375,93.24617004394531,47.66899871826172,29.632999420166016,55.68693542480469,110.07337951660156,27.073745727539062,47.33245086669922,40.38822937011719,83.39728546142578,91.47467803955078,91.05886840820312,100.3686294555664
2024-06-13,484.74627685546875,259.52923583984375,471.0237121582031,193.70928955078125,102.40174865722656,197.0890350341797,167.13470458984375,79.99661254882812,97.1632308959961,68.71839141845703,108.88081359863281,258.4407653808594,87.14957427978516,125.48802185058594,107.92069244384766,163.99107360839844,254.03004455566406,93.24617004394531,47.165000915527344,29.465999603271484,55.366947174072266,110.03858947753906,26.97443199157715,46.669090270996094,40.29270935058594,83.4063949584961,91.4837875366211,91.08623504638672,100.37773132324219
2024-06-14,485.13525390625,259.334716796875,473.4642028808594,194.70655822753906,100.87909698486328,193.95611572265625,167.39878845214844,80.0545654296875,96.49852752685547,68.34166717529297,108.3653564453125,254.59483337402344,85.89909362792969,123.50967407226562,106.20037078857422,162.0628204345703,249.77468872070312,91.18885040283203,46.70800018310547,29.4689998626709,55.05866622924805,109.45818328857422,26.147789001464844,46.24864196777344,40.34046936035156,83.45194244384766,91.52931213378906,91.12271881103516,100.42328643798828
2024-06-17,488.9853820800781,261.3087463378906,479.2640380859375,197.09613037109375,101.8331527709961,195.58602905273438,168.7291717529297,80.68247985839844,97.09677124023438,68.82464599609375,109.20792388916016,256.6065368652344,86.8147964477539,124.85142517089844,107.27557373046875,163.25094604492188,251.6239776611328,90.03593444824219,47.25400161743164,29.600000381469727,55.315242767333984,110.61502838134766,25.412673950195312,46.41682052612305,40.598388671875,83.46105194091797,91.53838348388672,91.12271881103516,100.43238067626953
2024-06-18,490.28814697265625,261.97003173828125,479.4122619628906,197.1553497314453,101.86206817626953,195.9276123046875,169.4138946533203,80.8370361328125,97.50508880615234,69.01783752441406,109.5846176147461,257.5532531738281,87.09049224853516,124.98853302001953,107.37332153320312,163.50416564941406,251.93218994140625,89.15137481689453,47.45000076293945,29.739999771118164,55.44694519042969,111.26600646972656,24.431217193603516,46.60369110107422,40.9709358215332,83.47927856445312,91.5656967163086,91.15007781982422,100.4596939086914
2024-06-20,488.9270324707031,261.3087463378906,475.7168884277344,195.62484741210938,101.46695709228516,195.0980224609375,168.66065979003906,81.28141784667969,97.76148986816406,69.0951156616211,109.23767852783203,255.7781982421875,86.64741516113281,124.21482849121094,106.6988754272461,163.04641723632812,246.44395446777344,89.3402328491211,46.83599853515625,29.510000228881836,55.368900299072266,110.76311492919922,24.324113845825195,46.60369110107422,40.90407180786133,83.49748229980469,91.5748291015625,91.1591796875,100.47789001464844
2024-06-21,487.8575439453125,260.9100646972656,474.4423522949219,195.05215454101562,101.61151885986328,195.5372314453125,168.29872131347656,81.2717514038086,97.92292022705078,69.20137786865234,109.62425994873047,256.6163635253906,86.982177734375,124.21482849121094,106.72821044921875,163.3775634765625,246.6825714111328,91.81498718261719,46.87699890136719,29.430999755859375,55.30060958862305,110.26519012451172,24.835289001464844,46.293426513671875,40.76077651977539,83.5248031616211,91.61125183105469,91.2048110961914,100.5234375
2024-06-24,486.54498291015625,260.47247314453125,469.0409851074219,192.9060516357422,102.30537414550781,196.3863067626953,167.69224548339844,81.75476837158203,98.51168060302734,69.45549774169922,109.52513885498047,256.57696533203125,87.3957290649414,124.85142517089844,107.51993560791016,163.9034423828125,241.7832489013672,93.28278350830078,46.297000885009766,29.354999542236328,55.29670333862305,110.01473236083984,25.076757431030273,46.69892883300781,40.76077651977539,83.54304504394531,91.6203384399414,91.21392822265625,100.53255462646484
2024-06-25,488.5672912597656,261.3281555175781,474.40478515625,195.1016082763672,101.42842102050781,195.7421875,168.45526123046875,81.35870361328125,97.92292022705078,69.11602020263672,109.38636016845703,256.7347412109375,86.6277084350586,124.29316711425781,106.8357162475586,163.24119567871094,243.91212463378906,92.62601470947266,46.814998626708984,29.416000366210938,55.39133834838867,110.2751235961914,24.495481491088867,46.76494598388672,40.66525650024414,83.54304504394531,91.63855743408203,91.22305297851562,100.55075073242188
2024-06-26,489.1116943359375,261.3184814453125,475.3844909667969,195.52688598632812,101.47660064697266,195.22491455078125,168.09332275390625,81.02059173583984,97.47661590576172,68.74745178222656,109.09888458251953,255.86688232421875,86.40126037597656,124.38130950927734,106.87480926513672,163.1340789794922,244.0911407470703,91.7403564453125,47.10100173950195,29.48900032043457,55.36499786376953,110.27711486816406,23.91225242614746,46.45374298095703,40.579280853271484,83.5521240234375,91.64765930175781,91.25041961669922,100.55075073242188
2024-06-27,489.8701171875,261.9505920410156,476.6116027832031,196.01150512695312,101.95842742919922,197.20611572265625,167.99549865722656,81.19447326660156,97.42912292480469,68.98023223876953,109.55487823486328,259.3677978515625,86.8443374633789,124.75347900390625,107.22669982910156,164.215087890625,243.5639190673828,92.4070816040039,47.55500030517578,29.750999450683594,55.51036071777344,110.15288543701172,24.292959213256836,46.5669059753418,40.60793685913086,83.57034301757812,91.65678405761719,91.25041961669922,100.57807159423828
2024-06-28,487.9811096191406,261.0547180175781,474.1375427246094,194.94337463378906,102.78721618652344,198.01622009277344,167.036865234375,81.1075210571289,98.24579620361328,69.01419067382812,109.38636016845703,258.8944091796875,86.75572204589844,125.78181457519531,108.08177947998047,164.92051696777344,246.1901397705078,92.2578125,47.5890007019043,29.945999145507812,55.36402130126953,109.88553619384766,24.595767974853516,46.60462951660156,40.68436050415039,83.59768676757812,91.69317626953125,91.29602813720703,100.62359619140625
2024-07-01,489.1031799316406,261.5816955566406,476.91839599609375,196.1499786376953,101.98735046386719,196.3570556640625,166.71405029296875,80.91432189941406,97.94190216064453,68.6213607788086,108.79159545898438,257.0404357910156,85.82032012939453,125.03749084472656,107.49343872070312,163.82618713378906,245.28489685058594,92.58619689941406,47.965999603271484,29.84000015258789,55.368900299072266,110.04256439208984,24.874235153198242,46.64234924316406,40.779884338378906,83.62696075439453,91.72884368896484,91.30611419677734,100.63824462890625
2024-07-02,492.2742919921875,263.09423828125,481.9258728027344,198.1972198486328,102.52701568603516,197.0304718017578,167.72161865234375,81.16548156738281,98.20780181884766,68.88323974609375,109.31697845458984,257.6124267578125,86.0566177368164,125.59574127197266,108.00333404541016,164.33428955078125,250.2588348388672,90.91439819335938,48.30400085449219,30.06999969482422,55.52986526489258,110.72434997558594,23.92685890197754,46.74608612060547,40.90407180786133,83.63609313964844,91.73798370361328,91.3335952758789,100.6565170288086
2024-07-03,494.4989013671875,264.1774597167969,485.9436950683594,199.83895874023438,102.47884368896484,196.98167419433594,168.45526123046875,81.02059173583984,98.03685760498047,68.95113372802734,109.73329162597656,257.5434265136719,86.53910064697266,125.6153335571289,107.95430755615234,164.68603515625,252.66622924804688,90.42680358886719,48.641998291015625,30.43600082397461,55.95912551879883,111.6993179321289,23.935623168945312,47.30247116088867,41.505882263183594,83.66352081298828,91.76543426513672,91.36104583740234,100.68395233154297
2024-07-05,497.45526123046875,265.5534362792969,491.0105895996094,201.945556640625,101.69823455810547,196.0447235107422,169.6290740966797,81.2621078491211,97.73298645019531,68.97053527832031,110.04058837890625,257.75048828125,85.87940216064453,124.8612060546875,107.39534759521484,164.09002685546875,253.9097137451172,91.2626953125,49.040000915527344,30.639999389648438,56.333744049072266,111.55621337890625,24.096275329589844,47.604244232177734,41.677825927734375,83.69097900390625,91.80198669433594,91.39766693115234,100.72055053710938
2024-07-08,497.93328857421875,265.91448974609375,492.1783447265625,202.44992065429688,102.36318969726562,197.42083740234375,169.45298767089844,81.320068359375,98.5971450805664,69.07722473144531,110.2091064453125,259.52557373046875,86.2535629272461,125.6251220703125,107.9935302734375,164.68603515625,259.3313293457031,92.77527618408203,49.27299880981445,30.709999084472656,56.4469108581543,111.76392364501953,24.72136878967285,47.39677810668945,41.687381744384766,83.70925903320312,91.8203125,91.40684509277344,100.74795532226562
2024-07-09,498.4797668457031,265.8462219238281,492.6039123535156,202.59832763671875,101.70787048339844,196.56201171875,169.51168823242188,81.15583801269531,98.89151000976562,68.92202758789062,109.44583892822266,258.1153564453125,85.62340545654297,124.66533660888672,107.12078094482422,163.81642150878906,257.82916259765625,93.90971374511719,48.83399963378906,30.49799919128418,56.45276641845703,112.01437377929688,25.649274826049805,47.2364616394043,41.85932159423828,83.70925903320312,91.8203125,91.42517852783203,100.74795532226562
2024-07-10,503.2802734375,268.4224853515625,497.74005126953125,204.7246551513672,102.7968521118164,198.4846649169922,170.85182189941406,81.79341125488281,99.89807891845703,69.46519470214844,109.94147491455078,260.3144836425781,86.61786651611328,125.92874908447266,108.26809692382812,165.2332000732422,264.96185302734375,95.01431274414062,48.88999938964844,30.584999084472656,57.01274490356445,112.88201141357422,26.012449264526367,47.896583557128906,42.09813690185547,83.72757720947266,91.83856964111328,91.4434814453125,100.75712585449219
2024-07-11,498.96759033203125,267.22216796875,486.82452392578125,200.21478271484375,106.22759246826172,205.61904907226562,169.27694702148438,82.13152313232422,100.51533508300781,70.16352081298828,110.7939682006836,268.69671630859375,88.55758666992188,129.55245971679688,111.53350067138672,169.0144805908203,261.6192932128906,97.48221588134766,48.39699935913086,30.465999603271484,57.147377014160156,112.69715118408203,27.40966033935547,48.0851936340332,42.34650802612305,83.73672485351562,91.85685729980469,91.4617919921875,100.78453826904297
2024-07-12,502.05084228515625,268.9884948730469,489.68450927734375,201.43125915527344,107.24909210205078,208.01998901367188,170.51925659179688,82.74978637695312,101.41744995117188,70.76487731933594,112.16190338134766,272.0595397949219,89.43392181396484,130.94314575195312,112.5533218383789,170.8123016357422,264.70318603515625,98.47733306884766,48.819000244140625,30.690000534057617,57.63711929321289,112.90486145019531,27.821521759033203,48.566131591796875,42.51844787597656,83.77330780029297,91.9026107788086,91.5167236328125,100.83940887451172
2024-07-15,503.57293701171875,270.1400451660156,491.000732421875,201.9554443359375,108.71390533447266,211.97268676757812,171.1648406982422,82.86569213867188,101.7308349609375,70.95885467529297,112.59805297851562,277.31573486328125,89.83760833740234,133.1075897216797,114.44588470458984,172.81529235839844,267.3990173339844,99.41275024414062,49.03300094604492,30.5939998626709,57.731746673583984,112.92474365234375,28.48556137084961,48.19835662841797,42.069480895996094,83.7916030883789,91.9026107788086,91.53506469726562,100.85771942138672
2024-07-16,506.43170166015625,272.3649597167969,491.1887512207031,202.01478576660156,112.58795166015625,219.20469665527344,172.24085998535156,83.67715454101562,103.6490249633789,72.14215087890625,114.27330017089844,285.76708984375,92.10225677490234,137.6421356201172,118.4271240234375,177.260986328125,272.55206298828125,101.35322570800781,49.24100112915039,30.950000762939453,58.459529876708984,113.51309967041016,29.414438247680664,48.481258392333984,42.30829620361328,83.7916030883789,91.92088317871094,91.54422760009766,100.86685180664062
2024-07-17,499.35791015625,268.5201110839844,476.7699279785156,196.1203155517578,112.06755065917969,216.9111328125,169.4432373046875,83.84138488769531,103.53506469726562,71.6572036743164,111.6960220336914,280.6488952636719,90.0246810913086,136.07510375976562,117.06407928466797,174.47628784179688,257.2919616699219,99.31324005126953,47.17499923706055,29.600000381469727,57.40590286254883,110.46992492675781,28.32588005065918,48.20778274536133,41.620513916015625,83.81905364990234,91.93004608154297,91.5533676147461,100.8759994506836
2024-07-18,495.6014404296875,266.1780090332031,474.5136413574219,195.13131713867188,110.3425521850586,212.7144317626953,168.3183135986328,83.377685546875,102.9653091430664,70.98795318603516,110.1496353149414,274.6629943847656,89.09912872314453,133.93026733398438,115.20095825195312,171.77960205078125,255.13331604003906,97.06426239013672,46.327999114990234,29.09000015258789,56.64690017700195,109.75235748291016,27.337608337402344,47.73625946044922,41.22885513305664,83.82819366455078,91.94831085205078,91.57169342041016,100.894287109375
2024-07-19,492.29376220703125,264.5189514160156,470.3077087402344,193.41038513183594,109.58123016357422,211.631103515625,167.05642700195312,82.74011993408203,101.76881408691406,70.62909698486328,110.17937469482422,273.4007263183594,88.50836944580078,133.20553588867188,114.78907775878906,171.28128051757812,247.63259887695312,97.03441619873047,45.790000915527344,28.88599967956543,56.26740264892578,109.3279800415039,27.050378799438477,47.45335388183594,40.8276481628418,83.85564422607422,91.9848861694336,91.59917449951172,100.94915771484375
2024-07-22,497.4065246582031,267.2807312011719,477.3142395019531,196.3082275390625,111.18095397949219,214.99822998046875,169.31605529785156,83.11686706542969,102.17713928222656,71.26923370361328,111.49775695800781,277.8285217285156,89.76868438720703,135.40914916992188,116.2894058227539,173.67510986328125,257.24224853515625,98.40766906738281,46.30099868774414,29.066999435424805,57.091766357421875,110.8446044921875,27.881887435913086,47.91544723510742,41.17154312133789,83.8739242553711,92.003173828125,91.60831451416016,100.95831298828125
2024-07-23,496.5771484375,267.0855407714844,475.6319274902344,195.60601806640625,112.04826354980469,217.28201293945312,168.7291717529297,82.71113586425781,101.132568359375,70.98795318603516,111.50767517089844,280.7475280761719,89.8573226928711,136.31016540527344,117.33866119384766,174.456787109375,253.16363525390625,99.27344512939453,46.1870002746582,29.200000762939453,56.98835754394531,111.57012176513672,28.388195037841797,47.670249938964844,40.80854415893555,83.8739242553711,92.01231384277344,91.63579559326172,100.97659301757812
2024-07-24,485.2101745605469,261.0741882324219,458.5708312988281,188.6236114501953,109.98597717285156,212.61683654785156,164.7967987060547,82.41165924072266,100.62928009033203,70.06653594970703,108.29595947265625,274.1896667480469,87.78958892822266,133.3622283935547,114.74007415771484,170.12832641601562,241.64398193359375,98.55693054199219,44.27199935913086,28.041000366210938,55.65864562988281,108.45636749267578,28.010412216186523,47.07614517211914,40.21628189086914,83.9013671875,92.02146911621094,91.65409851074219,100.98575592041016
2024-07-25,482.7611389160156,260.069091796875,453.51385498046875,186.4774627685547,111.3833236694336,215.27149963378906,163.55447387695312,82.5468978881836,100.42987823486328,70.18292236328125,108.80150604248047,276.22113037109375,88.2818832397461,135.1936798095703,116.22076416015625,171.97500610351562,235.62548828125,100.48748016357422,43.89699935913086,27.924999237060547,55.371822357177734,108.0886459350586,28.614086151123047,46.78380584716797,40.053890228271484,83.9013671875,92.03975677490234,91.66326904296875,100.994873046875
2024-07-26,488.17626953125,263.1820983886719,458.16510009765625,188.45547485351562,113.46489715576172,218.83383178710938,165.66737365722656,83.44530487060547,101.81629943847656,71.14314270019531,109.30704498291016,281.023681640625,89.89669036865234,137.6421356201172,118.50555419921875,174.69125366210938,240.74864196777344,101.04474639892578,44.09700012207031,28.301000595092773,55.8440055847168,109.03181457519531,28.97726058959961,47.39677810668945,40.46464920043945,83.94709777832031,92.06717681884766,91.69989776611328,101.04975128173828
2024-07-29,488.53729248046875,263.20159912109375,459.08544921875,188.8115234375,112.74214935302734,216.40359497070312,165.64781188964844,83.55155944824219,101.58838653564453,71.21102142333984,109.28721618652344,278.2624816894531,89.60130310058594,136.95655822753906,117.8583755493164,173.8021240234375,240.76856994628906,99.78094482421875,44.0629997253418,28.204999923706055,55.94351577758789,109.04075622558594,28.335615158081055,47.20817184448242,40.3309211730957,83.94709777832031,92.09463500976562,91.72737884521484,101.06804656982422
2024-07-30,485.98095703125,262.1086730957031,452.7815246582031,186.22032165527344,113.37818145751953,217.2234649658203,164.9728546142578,83.8220443725586,101.74981689453125,71.43411254882812,108.99976348876953,278.5188293457031,89.6505355834961,137.4168701171875,118.17216491699219,173.85098266601562,230.920166015625,98.5071792602539,43.13199996948242,27.895000457763672,55.584503173828125,108.4643325805664,27.77381134033203,47.31189727783203,40.1494140625,83.95625305175781,92.09463500976562,91.72737884521484,101.07717895507812
2024-07-31,493.64019775390625,265.99261474609375,466.1809997558594,191.6301727294922,114.0431137084961,218.48245239257812,168.03463745117188,84.0828857421875,102.16764831542969,71.90937805175781,110.0108642578125,280.02764892578125,90.438232421875,138.5823211669922,119.12333679199219,175.3263702392578,241.15652465820312,98.57684326171875,44.66299819946289,28.797000885009766,56.38057327270508,110.50172424316406,28.095121383666992,48.009742736816406,41.028255462646484,83.97453308105469,92.10379791259766,91.7731704711914,101.0863265991211
2024-08-01,486.9078063964844,261.8256530761719,454.8894348144531,187.1104278564453,110.84366607666016,211.3773193359375,166.15647888183594,84.13119506835938,100.34439086914062,70.92005157470703,107.78050231933594,271.3396911621094,88.4591293334961,134.4689178466797,115.73045349121094,170.5191650390625,225.40904235839844,98.18875122070312,42.55699920654297,27.701000213623047,55.18158721923828,107.68016815185547,27.23440170288086,46.78380584716797,40.31180953979492,83.99478149414062,92.13408660888672,91.77589416503906,101.11203002929688
2024-08-02,478.0093688964844,256.555908203125,444.0926513671875,182.64012145996094,107.06599426269531,203.90135192871094,163.8674774169922,83.93798828125,96.87834167480469,69.63007354736328,105.28250885009766,261.4683532714844,85.71202087402344,129.92459106445312,111.73941802978516,165.07684326171875,211.93959045410156,95.99947357177734,40.888999938964844,26.628999710083008,53.72407531738281,104.58928680419922,26.383419036865234,45.9633674621582,39.7386589050293,84.04071807861328,92.18000793457031,91.87712097167969,101.20391082763672
2024-08-05,463.65673828125,249.02218627929688,430.8515319824219,177.38848876953125,103.76052856445312,197.34278869628906,159.0939178466797,82.06389617919922,94.31442260742188,67.9327392578125,102.96293640136719,253.5494842529297,83.50643157958984,125.84060668945312,108.18964385986328,160.22080993652344,205.761962890625,92.97429656982422,39.7140007019043,25.850000381469727,52.12120056152344,101.87307739257812,25.3980655670166,44.88831329345703,38.6114501953125,84.04071807861328,92.18920135498047,91.88631439208984,101.20391082763672
2024-08-06,468.2815856933594,251.5497283935547,434.96832275390625,178.93133544921875,104.95553588867188,199.4899444580078,160.80575561523438,82.59521484375,94.87471008300781,68.70864868164062,104.43992614746094,257.12921142578125,84.5403060913086,127.39781188964844,109.65074157714844,161.88182067871094,206.58763122558594,93.97938537597656,40.349998474121094,26.26099967956543,52.82752227783203,103.78327178955078,25.707693099975586,44.96375274658203,38.8311653137207,84.05908203125,92.20755767822266,91.86793518066406,101.20391082763672
2024-08-07,465.0324401855469,249.62725830078125,430.2577209472656,176.97308349609375,103.94364929199219,197.12806701660156,159.4851531982422,82.57589721679688,94.14350891113281,68.24309539794922,103.29006958007812,252.84927368164062,83.74275207519531,125.63493347167969,108.01314544677734,160.28919982910156,200.37022399902344,91.9095230102539,39.941001892089844,26.395000457763672,52.376800537109375,103.01799774169922,24.75934410095215,45.1806526184082,39.069984436035156,84.07744598388672,92.20755767822266,91.8955307006836,101.2222671508789
2024-08-08,475.88232421875,255.4727020263672,443.41973876953125,182.3434295654297,106.285400390625,201.9201202392578,163.59359741210938,83.65784454345703,96.21363067626953,69.62037658691406,106.68019104003906,259.5452880859375,85.59385681152344,128.7493438720703,110.76862335205078,164.58831787109375,214.2475128173828,94.53665161132812,41.8120002746582,27.41699981689453,53.85285186767578,106.53128051757812,25.260780334472656,45.95393753051758,39.958370208740234,84.08663940429688,92.2351303100586,91.90473175048828,101.2314453125
2024-08-09,477.92156982421875,256.575439453125,445.7354431152344,183.302734375,106.0830307006836,201.50047302246094,164.5913543701172,83.870361328125,96.25161743164062,69.81436157226562,106.98749542236328,260.087646484375,85.60371398925781,128.77874755859375,110.77842712402344,164.6371612548828,213.11346435546875,95.07402038574219,42.1870002746582,27.5049991607666,54.0294303894043,107.23890686035156,25.124467849731445,46.114253997802734,40.17807388305664,84.10503387451172,92.2626953125,91.94154357910156,101.26821899414062
2024-08-12,478.16552734375,256.4095764160156,446.6953430175781,183.767578125,104.79168701171875,199.68511962890625,164.86526489257812,83.75443267822266,95.59638977050781,69.4845962524414,106.6306381225586,258.65777587890625,85.02276611328125,127.70142364501953,109.68016052246094,163.41583251953125,213.30247497558594,95.34270477294922,42.3650016784668,27.56800079345703,53.91333770751953,107.203125,25.085519790649414,46.13311004638672,40.31180953979492,84.13258361816406,92.28105163574219,91.94154357910156,101.29576110839844
2024-08-13,486.1077880859375,260.674072265625,457.7790832519531,188.28733825683594,106.58414459228516,202.97418212890625,167.32052612304688,84.4499740600586,96.95431518554688,70.37690734863281,108.52397155761719,262.7995910644531,86.2535629272461,129.55245971679688,111.45503997802734,166.31773376464844,221.9372100830078,96.47714233398438,43.599998474121094,28.270000457763672,54.9962272644043,109.2643814086914,25.518802642822266,46.88753890991211,40.76077651977539,84.14176940917969,92.29943084716797,91.96916198730469,101.32331085205078
2024-08-14,487.6591491699219,261.415771484375,457.9275817871094,188.35659790039062,106.07339477539062,201.7151641845703,167.7313690185547,84.990966796875,97.03030395507812,70.62909698486328,108.91055297851562,260.93572998046875,86.07633972167969,128.59263610839844,110.72941589355469,166.1907196044922,219.33087158203125,95.62132263183594,44.15800094604492,28.2549991607666,55.04988479614258,110.2820816040039,25.235464096069336,47.06671905517578,40.541072845458984,84.15095520019531,92.31780242919922,91.96916198730469,101.32331085205078
2024-08-15,496.03070068359375,265.94378662109375,469.4963073730469,193.1236114501953,108.56935119628906,206.94639587402344,170.72467041015625,85.58987426757812,98.63511657714844,71.62809753417969,110.95255279541016,267.8289489746094,87.81912994384766,131.75604248046875,113.20051574707031,170.0208282470703,231.13905334472656,97.2334213256836,45.7140007019043,28.97100067138672,56.193260192871094,112.61963653564453,26.00076675415039,47.641963958740234,40.99004364013672,84.16014862060547,92.3270034790039,91.96916198730469,101.33250427246094
2024-08-16,497.0747375488281,266.5781555175781,470.0999450683594,193.35108947753906,108.88735961914062,207.49293518066406,170.82249450683594,85.87004089355469,99.10992431640625,71.78328704833984,111.27967834472656,268.1346130371094,87.7108154296875,131.83441162109375,113.44566345214844,170.36282348632812,230.48245239257812,97.29313659667969,46.040000915527344,29.094999313354492,56.44300842285156,112.95555877685547,25.82940101623535,47.924869537353516,41.46767044067383,84.20610809326172,92.36371612548828,92.00592041015625,101.3784408569336
2024-08-19,501.85565185546875,269.0958557128906,476.27508544921875,195.892822265625,109.8028793334961,210.030517578125,172.07460021972656,86.4110107421875,100.0785140991211,72.3458251953125,112.3304214477539,271.6059265136719,88.55758666992188,133.03903198242188,114.26936340332031,172.26812744140625,233.72544860839844,100.35810852050781,46.23899841308594,29.483999252319336,57.09664535522461,113.95338439941406,26.662860870361328,48.481258392333984,41.86888122558594,84.20610809326172,92.37291717529297,92.03355407714844,101.3875961303711
2024-08-20,501.0263671875,268.4419860839844,475.275634765625,195.46754455566406,108.54044342041016,207.58078002929688,172.03543090820312,86.47863006591797,99.51826477050781,72.03448486328125,111.38871765136719,268.86444091796875,87.76004028320312,131.6287384033203,113.08283996582031,170.5680389404297,231.56675720214844,100.33821868896484,46.112998962402344,29.23900032043457,56.77666091918945,113.34912109375,26.756330490112305,48.34923553466797,41.54409408569336,84.2244644165039,92.3821029663086,92.042724609375,101.4151611328125
2024-08-21,502.7825927734375,269.7886962890625,477.49237060546875,196.41700744628906,109.79324340820312,210.2842559814453,173.2777557373047,86.90367126464844,100.18296813964844,72.60770416259766,112.88552856445312,272.8484802246094,89.11884307861328,133.54830932617188,114.7596664428711,172.8739013671875,236.7794647216797,101.3233871459961,46.715999603271484,29.6299991607666,57.19225311279297,113.93549346923828,27.208112716674805,48.77360534667969,41.70648193359375,84.24282836914062,92.40966033935547,92.07954406738281,101.43354797363281
2024-08-22,498.71392822265625,267.5051574707031,469.9217834472656,193.28182983398438,108.96446228027344,208.4298858642578,171.9376220703125,86.69116973876953,99.71768188476562,72.3458251953125,111.86454010009766,269.8407287597656,88.49850463867188,132.40243530273438,113.82810974121094,171.203125,229.8059844970703,99.65158081054688,45.61800003051758,29.166000366210938,56.60105514526367,113.20600128173828,26.45449447631836,48.434112548828125,41.190643310546875,84.24282836914062,92.40966033935547,92.07954406738281,101.451904296875
2024-08-23,504.1095886230469,270.8914489746094,475.0182800292969,195.3587646484375,112.22171783447266,215.08607482910156,173.5125274658203,87.18383026123047,101.48391723632812,73.27696228027344,113.44063568115234,277.3255920410156,90.35946655273438,136.27098083496094,117.01506042480469,175.60972595214844,237.50564575195312,101.01490020751953,46.33000183105469,29.70599937438965,57.59906768798828,114.6977767944336,27.054271697998047,49.36771011352539,41.87843322753906,84.27958679199219,92.4463882446289,92.13472747802734,101.49783325195312
2024-08-26,502.8704833984375,270.2083740234375,470.4066467285156,193.47964477539062,112.18318939208984,215.15435791015625,173.25819396972656,87.25144958496094,101.3604736328125,73.17994689941406,112.71701049804688,277.31573486328125,89.87699890136719,135.88902282714844,116.92678833007812,175.17002868652344,233.29771423339844,101.20396423339844,45.641998291015625,29.27199935913086,57.20981216430664,113.88082885742188,27.581026077270508,49.169677734375,41.524986267089844,84.28877258300781,92.46477508544922,92.12552642822266,101.50702667236328
2024-08-27,503.54364013671875,270.4523010253906,471.8119812011719,194.08294677734375,111.48932647705078,213.4854736328125,173.8842315673828,87.42534637451172,101.16105651855469,73.17994689941406,112.76658630371094,275.61956787109375,89.53237915039062,135.16429138183594,116.0932846069336,174.47628784179688,234.83963012695312,100.57703399658203,45.779998779296875,29.375999450683594,57.22346878051758,114.4701919555664,27.132165908813477,49.35828399658203,41.58230209350586,84.30717468261719,92.47396087646484,92.15313720703125,101.525390625
2024-08-28,500.66534423828125,268.8031005859375,466.4580993652344,191.897216796875,111.14240264892578,212.04100036621094,172.5538787841797,87.31907653808594,100.9046630859375,72.70469665527344,111.51758575439453,272.966796875,88.9218978881836,134.73338317871094,115.68144226074219,173.14747619628906,231.9049835205078,100.04962158203125,45.07899856567383,29.190000534057617,56.77568054199219,113.49024963378906,26.88777732849121,49.113094329833984,41.32438278198242,84.31632995605469,92.48316192626953,92.17156219482422,101.54375457763672
2024-08-29,500.7434387207031,269.06658935546875,465.7752990722656,191.58074951171875,111.72061920166016,213.55377197265625,172.57345581054688,87.60887908935547,101.29400634765625,73.16057586669922,112.08260345458984,275.1856384277344,89.05975341796875,135.31121826171875,116.33844757080078,174.28089904785156,235.60560607910156,100.41781616210938,45.25400161743164,29.285999298095703,57.08298873901367,114.17501068115234,27.03382682800293,49.24512481689453,41.343482971191406,84.31632995605469,92.4923324584961,92.17156219482422,101.55292510986328
2024-08-30,505.4560852050781,271.6623840332031,471.3270263671875,193.92469787597656,112.2699203491211,214.79324340820312,173.90380859375,88.21746826171875,102.58545684814453,73.7716064453125,112.78640747070312,276.9212951660156,89.68991088867188,135.90859985351562,116.69145965576172,175.404541015625,238.95802307128906,100.76612091064453,46.18600082397461,29.812999725341797,57.69565200805664,115.31794738769531,27.285032272338867,49.405433654785156,41.42945861816406,84.36227416992188,92.53826904296875,92.21757507324219,101.5896987915039
2024-09-03,495.23065185546875,265.8169250488281,457.01708984375,187.99063110351562,109.06083679199219,208.2249298095703,170.15731811523438,87.72479248046875,100.87619018554688,72.57861328125,109.84233856201172,267.3457336425781,86.97234344482422,131.38388061523438,112.87691497802734,170.5386962890625,221.20106506347656,98.17879486083984,43.95199966430664,28.530000686645508,56.036190032958984,112.5013656616211,26.31818199157715,48.547279357910156,40.60793685913086,84.39547729492188,92.578857421875,92.22956848144531,101.62198638916016
2024-09-04,494.0012512207031,265.2216796875,455.82952880859375,187.4664764404297,108.79100799560547,207.87356567382812,169.93231201171875,87.78276824951172,100.51533508300781,72.51071166992188,109.44583892822266,267.4048767089844,86.6277084350586,130.99212646484375,112.6121597290039,169.8743133544922,222.04666137695312,98.03946685791016,43.61800003051758,28.229999542236328,55.98644256591797,112.4238510131836,26.46812629699707,48.396392822265625,40.598388671875,84.40473175048828,92.58807373046875,92.26651000976562,101.64964294433594
2024-09-05,492.7815856933594,264.40191650390625,456.255126953125,187.6939239501953,108.32843017578125,206.8390350341797,168.94435119628906,87.14520263671875,99.68917846679688,72.06455993652344,109.03941345214844,265.5509338378906,86.15508270263672,130.0617218017578,111.78845977783203,169.12193298339844,219.98744201660156,97.60163116455078,43.6619987487793,28.319000244140625,55.831321716308594,111.86927032470703,26.478836059570312,48.40582275390625,40.655704498291016,84.4139633178711,92.61577606201172,92.29422760009766,101.66808319091797
2024-09-06,484.5758972167969,260.010498046875,444.03326416015625,182.66978454589844,106.46852111816406,202.90586853027344,166.9390411376953,86.2854232788086,98.43570709228516,71.18580627441406,107.40382385253906,260.087646484375,84.97354125976562,128.07359313964844,109.99394989013672,166.2493438720703,210.78564453125,96.04923248291016,42.362998962402344,27.684999465942383,54.71623611450195,109.6321029663086,25.96376609802246,47.500511169433594,39.91060256958008,84.46009063720703,92.65266418457031,92.34043884277344,101.7142333984375
2024-09-09,490.0301208496094,262.791748046875,449.7434387207031,184.9840545654297,106.20830535888672,203.471923828125,168.79762268066406,87.0582504272461,99.4137954711914,71.99667358398438,108.88081359863281,262.06982421875,85.33785247802734,127.84831237792969,109.92530059814453,167.32411193847656,214.4166259765625,97.41255187988281,43.00199890136719,27.920000076293945,55.47133255004883,110.80783081054688,26.90335464477539,48.009742736816406,40.24494552612305,84.46009063720703,92.66189575195312,92.35891723632812,101.7142333984375
2024-09-10,492.0498352050781,263.81640625,453.8997802734375,186.65548706054688,105.85175323486328,203.30599975585938,169.21824645996094,87.2611312866211,98.96747589111328,72.04515838623047,109.2773208618164,261.53729248046875,85.44615173339844,127.48594665527344,109.57229614257812,167.33389282226562,215.1229248046875,97.62152099609375,43.19200134277344,28.110000610351562,55.486942291259766,110.781005859375,27.35708236694336,47.82114028930664,40.09210205078125,84.48778533935547,92.68035125732422,92.36815643310547,101.7511215209961
2024-09-11,497.0844421386719,266.44146728515625,463.7564392089844,190.68075561523438,106.04448699951172,203.90135192871094,170.97897338867188,87.17416381835938,99.1668930053711,72.28762817382812,110.5560531616211,263.43072509765625,86.12555694580078,127.92667388916016,109.99394989013672,168.42822265625,223.79747009277344,98.4176254272461,44.5629997253418,28.75,56.17277145385742,112.49043273925781,27.339557647705078,48.09461975097656,40.38822937011719,84.48778533935547,92.68035125732422,92.37738800048828,101.74190521240234
2024-09-12,501.35809326171875,268.65667724609375,468.3086853027344,192.6291046142578,107.4032974243164,206.5267333984375,172.22129821777344,87.68614959716797,99.77464294433594,72.69499969482422,111.468017578125,266.7737731933594,86.74586486816406,129.738525390625,111.56291198730469,170.1967315673828,222.31521606445312,98.57684326171875,45.08000183105469,29.075000762939453,56.58641815185547,113.76057434082031,27.2412166595459,48.528411865234375,40.722572326660156,84.49699401855469,92.6895751953125,92.39586639404297,101.76034545898438
2024-09-13,504.0217590332031,270.5303649902344,470.4066467285156,193.47964477539062,110.197998046875,211.62135314941406,172.9647216796875,88.23678588867188,100.9426498413086,73.32544708251953,112.75666809082031,273.3908386230469,88.16374206542969,132.9019317626953,114.31840515136719,173.3233642578125,227.2593536376953,100.71635437011719,45.31700134277344,29.250999450683594,57.1854248046875,115.00885772705078,28.172040939331055,48.66044235229492,40.91362380981445,84.54314422607422,92.74493408203125,92.44206237792969,101.81571197509766
2024-09-16,504.7828063964844,271.0671081542969,468.3284912109375,192.64886474609375,110.65092468261719,212.3826141357422,173.2973175048828,88.70048522949219,102.10115814208984,73.82010650634766,113.64881134033203,273.7853088378906,88.81359100341797,133.04884338378906,114.58316802978516,174.27114868164062,224.55352783203125,100.78601837158203,45.244998931884766,29.27899932861328,57.338584899902344,115.1648941040039,27.850730895996094,49.047080993652344,41.047359466552734,84.5616226196289,92.76339721679688,92.46977233886719,101.85260009765625
2024-09-17,505.0170593261719,271.3403625488281,468.5758972167969,192.75765991210938,111.50862121582031,214.13937377929688,173.2777557373047,88.18848419189453,102.27208709716797,74.01408386230469,114.0254898071289,275.8069152832031,89.31575775146484,134.22409057617188,115.50492858886719,175.17002868652344,225.49856567382812,100.45762634277344,45.334999084472656,29.277999877929688,57.458587646484375,115.1957015991211,27.648208618164062,48.81132507324219,41.09511947631836,84.57083129882812,92.76339721679688,92.46977233886719,101.86181640625
2024-09-18,503.3777160644531,270.6572570800781,466.54718017578125,191.897216796875,111.65316772460938,214.1783905029297,172.52452087402344,87.75377655029297,102.13915252685547,73.84918975830078,113.83714294433594,275.8069152832031,89.26653289794922,134.2730712890625,115.61280059814453,175.22865295410156,224.7723388671875,100.31831359863281,45.27799987792969,29.198999404907227,57.392242431640625,115.32291412353516,27.859495162963867,48.64158248901367,40.95183563232422,84.58927917480469,92.79107666015625,92.50669860839844,101.89871215820312
2024-09-19,512.1592407226562,275.2438049316406,478.34344482421875,196.7532501220703,113.83110046386719,218.58981323242188,175.07765197753906,88.17884063720703,103.38313293457031,74.86760711669922,115.75028228759766,281.8125915527344,90.81239318847656,137.46583557128906,118.40750885009766,178.72659301757812,233.57626342773438,101.93041229248047,46.404998779296875,29.950000762939453,58.42733383178711,117.65350341796875,28.612136840820312,49.57518005371094,41.82111358642578,84.60773468017578,92.80952453613281,92.52519226074219,101.91717529296875
2024-09-20,511.1542663574219,274.66802978515625,477.4330139160156,196.4071044921875,112.7035903930664,216.2474822998047,174.51026916503906,88.18848419189453,102.90833282470703,74.58924865722656,115.66108703613281,280.0769348144531,90.31024169921875,136.1240997314453,117.28962707519531,177.54432678222656,229.8557586669922,101.1144027709961,46.41600036621094,29.875999450683594,58.216609954833984,117.64356994628906,28.418378829956055,49.12506866455078,41.73514175415039,84.64463806152344,92.846435546875,92.58062744140625,101.96330261230469
2024-09-23,512.412841796875,275.3511962890625,478.6985168457031,196.91226196289062,112.69396209716797,215.4569091796875,175.12655639648438,88.54592895507812,103.3546371459961,74.98399353027344,116.29550170898438,278.8639831542969,91.00932312011719,136.48643493652344,117.49555206298828,177.6322784423828,230.80047607421875,98.72079467773438,46.895999908447266,29.93600082397461,58.49562454223633,117.8323974609375,27.313268661499023,49.323646545410156,42.05992889404297,84.65386962890625,92.87413024902344,92.5898666381836,101.98175048828125
2024-09-24,513.88623046875,276.0439758300781,481.007568359375,197.84336853027344,112.72286987304688,215.81805419921875,175.18524169921875,88.36238098144531,103.5825424194336,75.06280517578125,116.56312561035156,279.6430358886719,90.83209228515625,136.69216918945312,117.53475952148438,177.88632202148438,233.08021545410156,98.24305725097656,47.09400177001953,30.291000366210938,58.967803955078125,118.7447509765625,27.464187622070312,49.626243591308594,43.49281311035156,84.6631088256836,92.88333129882812,92.59912109375,101.99095916748047
2024-09-25,512.8421630859375,275.136474609375,481.4535217285156,198.0810546875,111.26608276367188,213.18565368652344,174.92327880859375,88.00141143798828,102.85421752929688,74.58601379394531,116.11146545410156,277.0257873535156,89.95758056640625,135.04449462890625,116.0246353149414,176.40113830566406,232.20416259765625,97.28759765625,47.5,30.073999404907227,58.485870361328125,118.67618560791016,27.03090476989746,49.31418991088867,43.0342903137207,84.6815414428711,92.88333129882812,92.61759948730469,102.00942993164062
2024-09-26,514.88134765625,276.3660888671875,485.07073974609375,199.52720642089844,111.98237609863281,214.32167053222656,175.71800231933594,88.26339721679688,103.92613220214844,75.1085433959961,116.2603759765625,278.3497009277344,90.58927917480469,135.6147003173828,116.76990509033203,177.52481079101562,242.7068328857422,97.72551727294922,48.277000427246094,30.677000045776367,59.45851516723633,118.90675354003906,27.177928924560547,50.411109924316406,44.61046600341797,84.6815414428711,92.89257049560547,92.62682342529297,102.01862335205078
2024-09-27,514.2149047851562,276.0929870605469,482.37518310546875,198.4178466796875,112.82449340820312,215.77105712890625,175.3255615234375,88.37015533447266,104.39508056640625,75.30606842041016,116.37948608398438,280.0294189453125,90.65837097167969,136.5780792236328,117.58230590820312,178.0802764892578,241.56201171875,97.96438598632812,48.14699935913086,30.56100082397461,59.55120086669922,118.47740936279297,27.150667190551758,50.09904861450195,44.52449035644531,84.709228515625,92.92948150634766,92.66378784179688,102.05553436279297
2024-09-30,516.4562377929688,277.1795349121094,483.6833190917969,198.9428253173828,113.211669921875,216.31944274902344,175.92404174804688,88.60301971435547,104.35679626464844,75.3887939453125,116.42913055419922,280.60247802734375,90.73734283447266,137.1286163330078,117.80851745605469,178.2958221435547,239.17274475097656,98.33262634277344,47.5989990234375,30.440000534057617,59.53948974609375,118.87495422363281,27.205190658569336,49.938297271728516,43.808048248291016,84.71849060058594,92.92948150634766,92.6545181274414,102.05553436279297
2024-10-01,511.63092041015625,274.6540222167969,476.94439697265625,196.1792755126953,111.75006866455078,213.3815155029297,174.78590393066406,88.44778442382812,103.71558380126953,74.9849624633789,115.54566192626953,276.92694091796875,90.07603454589844,135.54586791992188,116.68728637695312,176.1600799560547,230.88011169433594,97.50656127929688,46.888999938964844,30.283000946044922,59.04194641113281,118.3501968383789,26.805988311767578,49.588417053222656,44.12328338623047,84.7378921508789,92.96652221679688,92.68147277832031,102.07776641845703
2024-10-02,511.71905517578125,274.7127685546875,477.6183166503906,196.47645568847656,111.23704528808594,213.0877227783203,175.0802459716797,88.2828140258789,103.62944030761719,74.85846710205078,116.07176971435547,277.41107177734375,90.17472839355469,135.18212890625,116.19551849365234,176.30702209472656,233.4087371826172,97.62596893310547,47.27799987792969,30.454999923706055,59.37657165527344,118.6324462890625,26.852724075317383,49.5033073425293,44.9925651550293,84.7471923828125,92.96652221679688,92.69071197509766,102.07776641845703
2024-10-03,510.7501525878906,274.12542724609375,477.2615661621094,196.31796264648438,110.40461730957031,211.657958984375,175.00173950195312,87.98200225830078,103.35189056396484,74.60546112060547,115.982421875,274.8619384765625,90.01679992675781,134.24819946289062,115.31033325195312,175.53305053710938,232.9607391357422,96.18284606933594,47.03799819946289,30.389999389648438,58.80780792236328,118.2170181274414,26.498310089111328,49.039955139160156,44.45762252807617,84.7657241821289,92.97578430175781,92.69998931884766,102.07776641845703
2024-10-04,515.4579467773438,276.7781982421875,482.9400329589844,198.65557861328125,112.06948852539062,214.61544799804688,175.8357696533203,88.3992691040039,104.12711334228516,75.2477035522461,117.382080078125,279.4859313964844,90.8064193725586,136.2438507080078,117.19873046875,178.0802764892578,237.18173217773438,97.04874420166016,48.13600158691406,30.927000045776367,59.682899475097656,120.02185821533203,26.97443199157715,49.333091735839844,44.86838912963867,84.78423309326172,93.01286315917969,92.69998931884766,102.11483764648438
2024-10-07,510.818603515625,274.2526550292969,477.76702880859375,196.52597045898438,111.00474548339844,212.93104553222656,174.2462158203125,87.43861389160156,103.83999633789062,74.70277404785156,116.42913055419922,276.81829833984375,90.18460083007812,135.1329803466797,116.06766510009766,176.64991760253906,235.73822021484375,95.87432098388672,47.9119987487793,30.91699981689453,59.328765869140625,118.94551849365234,26.975406646728516,49.058868408203125,45.240936279296875,84.80278015136719,93.02212524414062,92.69071197509766,102.10556030273438
2024-10-08,515.6536865234375,276.5628356933594,484.9022521972656,199.46778869628906,110.87892150878906,213.0779571533203,176.00253295898438,88.14695739746094,103.99311828613281,74.99470520019531,117.42178344726562,278.1125793457031,90.36225891113281,135.00515747070312,116.22502899169922,177.0417938232422,236.7636260986328,96.64067077636719,48.63999938964844,31.089000701904297,59.43998336791992,119.80619049072266,27.405765533447266,48.983219146728516,44.12328338623047,84.80278015136719,93.0313949584961,92.71855163574219,102.13335418701172
2024-10-09,519.1771850585938,278.4912109375,488.7176513671875,201.0426788330078,111.18865966796875,213.54800415039062,177.15052795410156,88.91354370117188,105.05545043945312,75.57853698730469,118.6229019165039,278.80419921875,91.00382232666016,135.24111938476562,116.3037109375,178.13905334472656,239.86961364746094,95.85440826416016,49.237998962402344,31.30500030517578,59.68875503540039,120.52574920654297,27.024089813232422,49.00212860107422,43.884464263916016,84.81204986572266,93.04991149902344,92.71855163574219,102.14260864257812
2024-10-10,518.3060913085938,277.9136962890625,488.1626892089844,200.84458923339844,110.43365478515625,212.36305236816406,176.86598205566406,88.64183044433594,104.37593078613281,75.39366912841797,118.45414733886719,276.72930908203125,90.45109558105469,134.05160522460938,115.4480209350586,177.75698852539062,238.6352081298828,95.76483917236328,49.35300064086914,31.41900062561035,59.52973556518555,120.36473846435547,26.87122344970703,48.917022705078125,43.97043991088867,84.82133483886719,93.0684585571289,92.73709869384766,102.15188598632812
2024-10-11,521.3890991210938,280.0671691894531,488.92572021484375,201.10211181640625,112.47603607177734,216.68177795410156,178.01394653320312,89.28227233886719,105.42870330810547,76.2304916381836,120.27072143554688,282.85516357421875,91.95137786865234,136.5289306640625,117.55281066894531,180.8822021484375,243.47341918945312,98.21320343017578,50.152000427246094,31.71299934387207,60.080936431884766,121.64283752441406,27.944204330444336,49.16289138793945,44.28567886352539,84.86762237548828,93.10551452636719,92.77420043945312,102.19818878173828
2024-10-14,525.656494140625,282.2500915527344,493.0285339355469,202.80577087402344,113.2406997680664,218.278076171875,179.74081420898438,89.87419128417969,106.18476104736328,76.67811584472656,121.07476806640625,285.048583984375,92.4942398071289,137.60047912597656,118.31013488769531,182.0774688720703,246.21107482910156,98.60134887695312,50.659000396728516,31.825000762939453,60.384342193603516,122.34648895263672,28.49140167236328,49.26690673828125,44.10417556762695,84.85836791992188,93.10551452636719,92.78347778320312,102.20743560791016
2024-10-15,521.6533203125,280.3119201660156,486.4383239746094,200.10169982910156,113.38590240478516,218.45436096191406,177.53317260742188,89.50545501708984,105.27556610107422,76.3472671508789,120.12181854248047,284.5447082519531,91.95137786865234,137.2563934326172,117.93638610839844,181.72476196289062,239.5908660888672,98.8402099609375,49.37099838256836,31.083999633789062,59.66143798828125,121.20355987548828,28.712425231933594,48.567142486572266,43.168025970458984,84.88616943359375,93.12406158447266,92.78347778320312,102.21672821044922
2024-10-16,523.845703125,281.74114990234375,486.497802734375,200.10169982910156,114.91526794433594,222.0484161376953,178.4849090576172,89.95181274414062,106.36660766601562,76.8240737915039,120.8166732788086,289.2082214355469,92.52384185791016,138.94729614257812,119.40185546875,183.69395446777344,241.11399841308594,99.77576446533203,49.970001220703125,31.094999313354492,60.01752471923828,121.64383697509766,29.634489059448242,48.75627517700195,43.50237274169922,84.88616943359375,93.14258575439453,92.81131744384766,102.23524475097656
2024-10-17,523.924072265625,281.6823425292969,486.834716796875,200.2799835205078,114.72168731689453,221.44125366210938,178.19053649902344,90.09737396240234,106.13692474365234,76.75596618652344,120.57844543457031,287.9336853027344,92.69165802001953,138.5049285888672,119.16581726074219,183.55679321289062,241.97015380859375,98.83026885986328,50.05500030517578,31.059999465942383,59.82240676879883,121.77303314208984,29.418333053588867,48.73735427856445,43.43549728393555,84.90470886230469,93.14258575439453,92.80204772949219,102.23524475097656
2024-10-18,525.9403076171875,282.7884826660156,490.0257873535156,201.5874481201172,114.3635482788086,220.98097229003906,178.98532104492188,90.11678314208984,106.07949829101562,76.97976684570312,121.16411590576172,287.0938720703125,92.68177795410156,137.6791534423828,118.43799591064453,183.95848083496094,241.95025634765625,99.3577651977539,50.17300033569336,31.28499984741211,60.3404426574707,122.38922882080078,29.745485305786133,49.011592864990234,43.86536407470703,84.9324951171875,93.17964935302734,92.84842681884766,102.28155517578125
2024-10-21,525.1278686523438,281.89776611328125,490.9672546386719,201.9539337158203,112.3501968383789,217.50440979003906,178.54379272460938,89.70923614501953,104.8544692993164,76.36672973632812,120.63800811767578,284.1198425292969,91.8033218383789,135.76214599609375,116.8938217163086,181.96971130371094,241.1438751220703,97.68571472167969,50.1150016784668,31.22599983215332,59.99118423461914,121.92608642578125,29.095077514648438,48.453678131103516,43.5596809387207,84.9510269165039,93.19816589355469,92.84842681884766,102.29083251953125
2024-10-22,524.7657470703125,281.57464599609375,491.50238037109375,202.17184448242188,111.6919937133789,216.68177795410156,177.96490478515625,89.35989379882812,104.56734466552734,76.0066909790039,119.89350891113281,282.35125732421875,90.92486572265625,134.73974609375,116.0086441040039,181.01939392089844,241.16380310058594,97.80513763427734,49.84700012207031,31.06999969482422,59.95801544189453,121.93006134033203,29.10773468017578,48.20780563354492,43.46415710449219,84.96029663085938,93.20745849609375,92.8669662475586,102.29083251953125
2024-10-23,519.979736328125,279.0295715332031,483.9706726074219,199.11119079589844,110.98538970947266,214.7035675048828,176.4636993408203,89.17552947998047,104.57691192626953,75.67584991455078,118.9107666015625,279.27850341796875,90.24380493164062,133.8058319091797,115.14312744140625,179.5792236328125,238.9736785888672,96.21269989013672,49.3129997253418,30.725000381469727,59.26633071899414,120.95111083984375,28.625768661499023,47.74446105957031,43.20623779296875,84.96029663085938,93.20745849609375,92.8669662475586,102.29083251953125
2024-10-24,521.1541748046875,279.7735595703125,487.8951110839844,200.6959991455078,111.29513549804688,215.17367553710938,176.33616638183594,88.8553237915039,104.35679626464844,75.76051330566406,119.63540649414062,279.77252197265625,90.38200378417969,134.09092712402344,115.20213317871094,180.2943878173828,240.12847900390625,96.78997039794922,49.94300079345703,31.025999069213867,59.48095703125,120.83980560302734,28.47874641418457,47.91466522216797,43.139373779296875,84.96954345703125,93.23524475097656,92.87625885009766,102.30934143066406
2024-10-25,520.9486694335938,279.5092468261719,490.8681335449219,201.91433715820312,110.80147552490234,214.36083984375,176.37538146972656,88.3022232055664,103.81128692626953,75.41215515136719,119.84387969970703,279.4859313964844,89.97732543945312,133.7468719482422,115.0447769165039,179.65762329101562,242.8163604736328,96.69043731689453,50.39400100708008,31.180999755859375,59.50046920776367,120.71656036376953,28.408641815185547,47.76336669921875,43.101158142089844,85.00662231445312,93.27234649658203,92.90408325195312,102.34638214111328
2024-10-28,522.5733642578125,280.644775390625,490.94744873046875,201.9737548828125,112.47603607177734,217.85696411132812,176.69918823242188,88.44778442382812,104.6439208984375,75.89966583251953,120.66777038574219,283.9024353027344,90.71759033203125,135.59500122070312,116.38238525390625,181.90110778808594,245.72325134277344,98.02410125732422,50.4739990234375,31.29199981689453,60.1980094909668,121.11112976074219,28.917869567871094,48.11324691772461,43.29220962524414,85.00662231445312,93.27234649658203,92.91336059570312,102.37419128417969
2024-10-29,523.4053955078125,281.0166931152344,495.66461181640625,203.85568237304688,111.96302032470703,217.15188598632812,177.15052795410156,88.36044311523438,103.94527435302734,75.68071746826172,121.17404174804688,283.3985900878906,90.93473052978516,134.58245849609375,115.77259826660156,182.01866149902344,251.3678436279297,98.09376525878906,50.94599914550781,31.597999572753906,60.24093246459961,122.08509826660156,28.78155517578125,47.952491760253906,43.15847396850586,85.02513122558594,93.29084777832031,92.93191528320312,102.37419128417969
2024-10-30,521.8294677734375,280.32171630859375,491.9186706542969,202.36996459960938,112.09852600097656,216.8580780029297,176.23805236816406,87.95289611816406,103.59115600585938,75.56394958496094,120.3402099609375,281.9560241699219,90.50044250488281,134.54315185546875,115.54639434814453,181.92071533203125,240.66604614257812,97.95442962646484,51.25,31.56999969482422,59.94923400878906,121.47090148925781,28.242145538330078,47.71608352661133,42.738162994384766,85.03440856933594,93.29084777832031,92.94117736816406,102.40198516845703
2024-10-31,511.5624694824219,275.0945129394531,479.50128173828125,197.23916625976562,110.26909637451172,213.2542266845703,173.09825134277344,87.32215881347656,102.99779510498047,74.82927703857422,118.43429565429688,277.08502197265625,89.48381805419922,132.25257873535156,113.73666381835938,179.37347412109375,228.4610137939453,96.57099914550781,49.50699996948242,30.993000030517578,58.86341857910156,118.98129272460938,27.680339813232422,47.37566375732422,42.46113586425781,85.05291748046875,93.30936431884766,92.96900939941406,102.42049407958984
2024-11-01,513.7841796875,276.2691345214844,483.049072265625,198.6951904296875,110.62724304199219,214.448974609375,173.75567626953125,87.3027572631836,103.25618743896484,74.92657470703125,118.51371002197266,280.1973876953125,89.78977966308594,132.8031005859375,114.15958404541016,180.09844970703125,233.36888122558594,98.80040740966797,49.632999420166016,31.21500015258789,59.154136657714844,119.79924011230469,28.03377914428711,47.479679107666016,42.499351501464844,85.08921813964844,93.36054229736328,92.99044036865234,102.46422576904297
2024-11-04,512.6685180664062,275.7698974609375,481.641845703125,198.12069702148438,111.31448364257812,215.53599548339844,173.55941772460938,87.27363586425781,103.07434844970703,74.8390121459961,118.61296844482422,281.4620361328125,90.15497589111328,133.40277099609375,114.6710205078125,180.26502990722656,232.19419860839844,98.75064849853516,49.566001892089844,31.229999542236328,59.10048294067383,119.32218170166016,28.469982147216797,47.545867919921875,42.738162994384766,85.1078109741211,93.36984252929688,93.01837921142578,102.48281860351562
2024-11-05,518.8345336914062,279.2743225097656,487.78607177734375,200.6563720703125,113.6085433959961,219.59034729003906,175.3255615234375,88.04022979736328,104.35679626464844,75.83153533935547,121.22367095947266,286.856689453125,91.48747253417969,136.27334594726562,117.12005615234375,183.55679321289062,235.84774780273438,100.14402770996094,51.47999954223633,31.72599983215332,59.924842834472656,121.23237609863281,28.762083053588867,48.04705810546875,43.32086944580078,85.1078109741211,93.38845825195312,93.02767944335938,102.48281860351562
2024-11-06,531.7540893554688,287.0857849121094,501.035888671875,206.09423828125,120.41323852539062,232.3115692138672,178.82830810546875,89.70923614501953,107.52464294433594,77.96257019042969,125.53181457519531,302.2008972167969,94.87297821044922,144.34432983398438,124.29004669189453,192.1389617919922,245.72325134277344,101.95541381835938,52.94900131225586,32.15399932861328,61.12480545043945,125.45526123046875,29.796113967895508,47.43239974975586,42.78592300415039,85.12640380859375,93.38845825195312,93.03700256347656,102.48281860351562
2024-11-07,535.8942260742188,289.0924377441406,508.92431640625,209.34312438964844,119.57110595703125,231.48895263671875,180.51596069335938,89.88389587402344,107.58206176757812,78.23502349853516,127.407958984375,303.21856689453125,94.9815444946289,143.331787109375,123.2376708984375,192.75619506835938,248.4907989501953,102.52271270751953,54.290000915527344,33.27000045776367,61.88087844848633,125.81305694580078,29.913928985595703,48.15106964111328,43.73162841796875,85.1357192993164,93.40707397460938,93.04632568359375,102.51072692871094
2024-11-08,538.2627563476562,290.4433288574219,509.5190124511719,209.6105499267578,120.26805114746094,233.19293212890625,180.94764709472656,90.69898986816406,107.83089447021484,78.58534240722656,129.46275329589844,306.0048828125,95.46519470214844,144.3738555908203,124.16220092773438,194.1767578125,250.43206787109375,103.68717956542969,54.64400100708008,33.029998779296875,61.75893020629883,126.31694030761719,30.230371475219727,47.51750946044922,42.652191162109375,85.18222045898438,93.4535903930664,93.08356475830078,102.56655883789062
2024-11-11,538.7031860351562,291.25579833984375,509.2217102050781,209.49168395996094,122.21363067626953,236.69886779785156,180.78085327148438,90.57283782958984,108.63482666015625,79.10108184814453,130.9418182373047,309.8680725097656,96.18570709228516,146.58575439453125,126.16863250732422,197.3607940673828,243.47341918945312,103.0402603149414,54.90800094604492,33.06999969482422,62.50914764404297,127.1269302368164,30.510786056518555,47.498592376708984,42.32740783691406,85.17292022705078,93.44429779052734,93.0742416381836,102.55725860595703
2024-11-12,537.0882568359375,290.11053466796875,508.29998779296875,209.12518310546875,120.3357925415039,232.54660034179688,180.604248046875,90.37877655029297,107.55335235595703,78.61454010009766,130.2370147705078,304.4635314941406,95.20854949951172,144.65892028808594,124.51626586914062,195.1466827392578,238.75465393066406,100.03453826904297,54.255001068115234,32.8650016784668,62.00575256347656,126.36165618896484,29.042495727539062,46.723182678222656,41.524986267089844,85.18222045898438,93.4535903930664,93.08356475830078,102.56655883789062
2024-11-13,537.3623046875,289.97344970703125,507.6459655761719,208.8280487060547,119.31944274902344,230.2452392578125,180.16268920898438,90.37877655029297,107.82132720947266,78.59506225585938,129.77049255371094,301.2524108886719,94.65582275390625,143.40060424804688,123.38518524169922,193.86326599121094,233.53814697265625,99.53691101074219,53.92399978637695,32.650001525878906,61.61259460449219,126.59323120117188,28.508930206298828,46.45840835571289,41.25751495361328,85.20083618164062,93.48152160644531,93.11151123046875,102.58516693115234
2024-11-14,533.9464721679688,287.8297424316406,504.11798095703125,207.35218811035156,117.7803955078125,227.1408233642578,179.11288452148438,89.39871215820312,107.1896743774414,77.96257019042969,128.16233825683594,296.0158386230469,93.7082748413086,141.34597778320312,121.64434051513672,191.7471160888672,231.676513671875,96.50132751464844,53.18000030517578,32.34000015258789,60.9238395690918,125.2833251953125,27.605365753173828,46.49623489379883,41.028255462646484,85.20083618164062,93.48152160644531,93.11151123046875,102.5944595336914
2024-11-15,527.0560913085938,284.1784973144531,492.1069030761719,202.40957641601562,116.66726684570312,223.75241088867188,176.1791534423828,88.44778442382812,106.20390319824219,77.3203353881836,127.01087951660156,290.4334411621094,92.34619903564453,139.90086364746094,120.22802734375,189.0333251953125,224.15042114257812,91.39559936523438,51.81800079345703,31.75,60.202884674072266,123.41587829589844,25.831350326538086,46.36384963989258,41.028255462646484,85.22872924804688,93.52802276611328,93.13943481445312,102.6130599975586
2024-11-18,529.2386474609375,285.3335876464844,495.5259094238281,203.84579467773438,116.725341796875,224.19309997558594,176.5912322998047,88.77767944335938,106.84513092041016,77.78742218017578,127.44764709472656,290.8681945800781,92.57319641113281,139.91070556640625,120.21820068359375,190.20896911621094,227.56504821777344,91.52498626708984,52.4900016784668,31.885000228881836,60.59799575805664,123.71402740478516,25.412673950195312,46.675899505615234,41.4963264465332,85.238037109375,93.53730773925781,93.1580810546875,102.63166809082031
2024-11-19,531.1668701171875,286.6452331542969,498.9349670410156,205.24240112304688,116.9866943359375,225.8579559326172,177.00335693359375,88.66124725341797,106.2613296508789,77.87499237060547,128.7579803466797,295.21551513671875,92.61268615722656,140.63815307617188,120.9853515625,191.85487365722656,229.77508544921875,92.72925567626953,53.41999816894531,32.34700012207031,60.89066696166992,125.10244750976562,25.64732551574707,46.619163513183594,41.46767044067383,85.26593017578125,93.54664611816406,93.17668914794922,102.65027618408203
2024-11-20,531.3624877929688,286.81170654296875,498.6476135253906,205.14337158203125,117.14154815673828,226.15170288085938,177.48411560058594,89.24347686767578,106.56758880615234,78.12799835205078,129.3833465576172,295.808349609375,93.49114227294922,141.2083282470703,121.43778228759766,192.70721435546875,229.88461303710938,93.5652847290039,53.380001068115234,32.40800094604492,61.02529525756836,125.31413269042969,25.47693634033203,46.48678207397461,41.41990661621094,85.27523803710938,93.56523895263672,93.17668914794922,102.66887664794922
2024-11-21,534.0443725585938,288.8183288574219,500.44134521484375,205.9060516357422,119.03873443603516,229.58909606933594,178.65171813964844,90.20411682128906,108.01273345947266,79.18864440917969,131.3190155029297,301.2029724121094,95.00128936767578,143.479248046875,123.36553192138672,195.94021606445312,236.3654022216797,93.85391998291016,55.459999084472656,33.0989990234375,61.378456115722656,126.32389831542969,25.43311882019043,46.60025405883789,41.33393478393555,85.28453063964844,93.56523895263672,93.17668914794922,102.66887664794922
2024-11-22,535.8353881835938,290.2475891113281,501.24407958984375,206.2032012939453,121.04241180419922,233.82948303222656,179.30909729003906,90.68928527832031,109.22819519042969,79.91844177246094,133.37380981445312,306.5284729003906,96.65949249267578,145.82879638671875,125.40145111083984,199.29080200195312,239.97915649414062,95.78473663330078,56.02299880981445,33.7400016784668,61.88087844848633,126.87847137451172,26.138051986694336,46.80828857421875,41.343482971191406,85.31244659423828,93.5931625366211,93.20464324951172,102.70608520507812
2024-11-25,537.55810546875,291.66693115234375,502.0368347167969,206.53005981445312,123.2977294921875,237.38438415527344,180.29025268554688,91.09684753417969,110.42449951171875,80.59959411621094,134.41612243652344,310.796875,98.16964721679688,148.0996856689453,127.60459899902344,201.85760498046875,247.6545867919922,97.16815185546875,56.14099884033203,33.749000549316406,62.51988220214844,126.73633575439453,26.523624420166016,47.03524398803711,41.37214660644531,85.32173919677734,93.60245513916016,93.23257446289062,102.72470092773438
2024-11-26,540.5725708007812,292.73388671875,504.7323913574219,207.63943481445312,122.10716247558594,235.6411895751953,181.0751953125,91.76638793945312,109.6014404296875,80.53148651123047,134.54518127441406,308.9986267089844,97.65638732910156,146.58575439453125,126.14893341064453,200.56442260742188,244.8870391845703,98.38239288330078,55.683998107910156,33.58300018310547,62.28086471557617,127.24021911621094,26.550886154174805,46.751548767089844,41.200199127197266,85.32173919677734,93.62106323242188,93.23257446289062,102.7339859008789
2024-11-27,538.8500366210938,291.9018859863281,500.7584533691406,206.02493286132812,122.1749038696289,235.96438598632812,180.78085327148438,91.6402359008789,109.20903778076172,80.22982788085938,133.91983032226562,309.304931640625,97.29118347167969,146.5955810546875,126.06043243408203,200.3880615234375,242.14935302734375,99.5269546508789,54.880001068115234,33.25299835205078,62.344276428222656,126.64788818359375,26.968591690063477,46.99741744995117,41.25751495361328,85.34966278076172,93.63967895507812,93.26982879638672,102.7525863647461
2024-11-29,541.6883544921875,293.52679443359375,505.1585388183594,207.80783081054688,122.4749755859375,236.86534118652344,181.80125427246094,91.74698638916016,109.6492919921875,80.50228881835938,134.27716064453125,311.58721923828125,97.47872924804688,146.9986572265625,126.49319458007812,200.85833740234375,246.70883178710938,99.14875793457031,55.125,33.520999908447266,62.79401397705078,127.38135528564453,26.739778518676758,47.564788818359375,41.32438278198242,85.36824035644531,93.67691040039062,93.30708312988281,102.79911041259766
2024-12-02,543.2151489257812,294.08477783203125,510.65863037109375,210.08599853515625,122.76536560058594,236.7478485107422,182.478271484375,91.36853790283203,109.2664794921875,80.41471099853516,134.3367156982422,310.7276306152344,97.17274475097656,147.4705047607422,126.85708618164062,200.76034545898438,251.54701232910156,98.8402099609375,55.54499816894531,33.847999572753906,63.00279235839844,126.80094146728516,26.833250045776367,47.612064361572266,41.48677444458008,85.39160919189453,93.69371032714844,93.3248519897461,102.81404876708984
2024-12-03,543.3424072265625,294.08477783203125,512.2244873046875,210.7298126220703,121.85547637939453,235.06341552734375,182.51754760742188,91.03862762451172,108.62523651123047,80.19091033935547,135.17056274414062,308.9689636230469,97.1233901977539,146.5955810546875,126.01123809814453,200.48605346679688,256.6540222167969,97.2278823852539,56.09000015258789,34.08599853515625,63.03498458862305,127.27799987792969,26.125396728515625,47.81064987182617,41.572750091552734,85.4102554321289,93.70304870605469,93.33418273925781,102.8420639038086
2024-12-04,546.76806640625,296.0621337890625,518.5570678710938,213.32493591308594,122.28140258789062,235.90562438964844,183.33192443847656,91.28120422363281,108.09886932373047,80.47309112548828,136.7290496826172,311.073486328125,97.57742309570312,146.86099243164062,126.26697540283203,202.94508361816406,257.67938232421875,98.32266998291016,57.65399932861328,35.119998931884766,63.4808235168457,128.90196228027344,26.21984100341797,47.820106506347656,41.677825927734375,85.4195785522461,93.72172546386719,93.35287475585938,102.8420639038086
2024-12-05,545.85791015625,295.2398376464844,517.1199951171875,212.76034545898438,120.51971435546875,233.1537628173828,182.55677795410156,91.08714294433594,107.59162902832031,80.04496002197266,135.98452758789062,306.6767578125,96.53118133544922,144.45249938964844,124.14252471923828,200.71136474609375,252.20407104492188,96.86959075927734,57.051998138427734,34.83700180053711,63.39302444458008,128.64353942871094,25.601564407348633,48.037593841552734,41.95485305786133,85.42893981933594,93.73108673095703,93.36222076416016,102.87006378173828
2024-12-06,546.9442138671875,296.0621337890625,521.7479858398438,214.66209411621094,120.52938842773438,233.98619079589844,182.9492645263672,90.75720977783203,107.5342025756836,79.8795166015625,137.50331115722656,309.2653503417969,96.5706558227539,144.2067413330078,124.0638427734375,201.77923583984375,256.604248046875,98.67102813720703,57.57600021362305,35.069000244140625,63.74422836303711,128.8711395263672,26.601518630981445,47.97140121459961,41.88798141479492,85.46627807617188,93.77776336669922,93.41829681396484,102.91675567626953
2024-12-09,544.0960693359375,294.1728515625,517.6849365234375,212.99806213378906,120.38419342041016,232.81100463867188,182.07598876953125,89.9615249633789,106.91211700439453,79.44163513183594,134.59481811523438,306.1827087402344,95.99817657470703,143.5283966064453,123.3556900024414,199.6239013671875,258.3364562988281,97.77528381347656,56.867000579833984,34.46200180053711,63.50033187866211,126.17779541015625,26.368812561035156,47.857933044433594,42.74771499633789,85.47562408447266,93.78710174560547,93.42767333984375,102.93544006347656
2024-12-10,542.5496826171875,293.06671142578125,515.9209594726562,212.24526977539062,119.95830535888672,231.80235290527344,181.6638946533203,89.66071319580078,105.90723419189453,78.79940795898438,132.67898559570312,304.10784912109375,95.42571258544922,143.29246520996094,123.05078887939453,197.5175323486328,251.8755340576172,96.95915222167969,54.79999923706055,33.630001068115234,62.95889663696289,125.10343933105469,26.458389282226562,47.508052825927734,42.05992889404297,85.49427032470703,93.80577850341797,93.42767333984375,102.93544006347656
2024-12-11,546.660400390625,295.42584228515625,525.1571655273438,216.05873107910156,120.67459869384766,232.85018920898438,182.6156463623047,89.46663665771484,105.5722427368164,78.96483612060547,133.97933959960938,305.8072814941406,96.08700561523438,144.02976989746094,123.97532653808594,199.42796325683594,258.84417724609375,96.51129150390625,56.45899963378906,34.262001037597656,63.66619110107422,127.07524871826172,26.2607364654541,47.84847640991211,42.231876373291016,85.50360870361328,93.80577850341797,93.4556884765625,102.95411682128906
2024-12-12,543.8416748046875,293.74212646484375,521.7679443359375,214.67201232910156,119.70662689208984,229.82411193847656,181.26161193847656,89.21434020996094,105.38085174560547,78.67292022705078,133.33412170410156,301.2622375488281,95.69220733642578,142.6534881591797,122.73606872558594,197.72328186035156,256.32550048828125,93.75438690185547,56.402000427246094,33.9900016784668,63.193031311035156,126.33781433105469,24.886892318725586,47.38511657714844,42.02172088623047,85.52228546142578,93.81511688232422,93.47439575195312,102.96343994140625
2024-12-13,543.8024291992188,293.5953063964844,525.76171875,216.33607482910156,118.8935546875,228.2474365234375,180.49632263183594,88.94265747070312,105.0745849609375,78.35179901123047,132.6888885498047,299.4936828613281,95.08025360107422,141.37545776367188,121.69351196289062,196.90032958984375,261.552001953125,92.95817565917969,57.16999816894531,34.03200149536133,63.01547622680664,126.63993072509766,24.391298294067383,47.26218795776367,42.05992889404297,85.55029296875,93.86181640625,93.48373413085938,102.991455078125
2024-12-16,545.9362182617188,294.78955078125,533.3330078125,219.4066162109375,119.31944274902344,229.58909606933594,180.44728088378906,88.58361053466797,104.39508056640625,78.08908081054688,133.1058349609375,302.5961608886719,95.08025360107422,142.13243103027344,122.32298278808594,198.09556579589844,263.9710998535156,94.3117446899414,58.30699920654297,34.29999923706055,63.4593620300293,127.7123031616211,24.873260498046875,47.0636100769043,41.83066940307617,85.55963134765625,93.87116241455078,93.50242614746094,103.01947021484375
2024-12-17,543.6458740234375,293.3310546875,530.9843139648438,218.48545837402344,117.6371078491211,226.960693359375,179.78591918945312,88.19175720214844,103.72824096679688,77.57334899902344,132.0417022705078,299.1449890136719,94.04258728027344,140.04421997070312,120.65094757080078,195.7148895263672,258.13739013671875,94.14253997802734,57.316001892089844,33.95000076293945,63.321800231933594,127.15177917480469,24.817764282226562,46.950130462646484,41.73061752319336,85.5689926147461,93.87116241455078,93.51174926757812,103.01947021484375
2024-12-18,527.6825561523438,284.2568054199219,511.82806396484375,210.62086486816406,112.84994506835938,216.91259765625,175.09176635742188,86.32009887695312,100.87580871582031,75.1211929321289,126.54743194580078,286.5339050292969,90.40235900878906,134.80157470703125,115.95945739746094,187.1425323486328,246.67893981933594,89.50458526611328,54.44900131225586,32.7140007019043,61.082855224609375,122.97956848144531,23.270606994628906,45.78701400756836,40.75923156738281,85.5689926147461,93.89177703857422,93.53980255126953,103.03539276123047
2024-12-19,527.4867553710938,283.8554382324219,509.5486755371094,209.6105499267578,112.43960571289062,215.9500274658203,174.88511657714844,86.35910034179688,100.23015594482422,74.91683959960938,126.69646453857422,285.4334411621094,90.29354095458984,134.24969482421875,115.53655242919922,186.49591064453125,244.0010223388672,89.38514709472656,53.77799987792969,32.604000091552734,60.85456848144531,123.23101043701172,23.594839096069336,45.67353820800781,40.895225524902344,85.58113861083984,93.91053771972656,93.54915618896484,103.06353759765625
2024-12-20,533.45703125,287.0857849121094,513.998291015625,211.51231384277344,113.16258239746094,217.97340393066406,176.57774353027344,87.18768310546875,101.76235961914062,75.99696350097656,129.0610809326172,288.3581237792969,90.6100845336914,134.90997314453125,115.96929931640625,189.0235595703125,247.34597778320312,90.84820556640625,55.0,33.09000015258789,61.46625900268555,124.57669067382812,23.924278259277344,45.6572265625,41.06036376953125,85.61863708496094,93.92926788330078,93.57720184326172,103.09163665771484
2024-12-23,537.275634765625,288.7169189453125,519.006103515625,213.54579162597656,112.96717834472656,217.47247314453125,177.9161376953125,87.158447265625,102.17674255371094,76.0830307006836,128.6835479736328,287.32708740234375,90.73869323730469,134.38766479492188,115.60250091552734,188.53810119628906,253.6493377685547,91.45832061767578,54.95199966430664,33.13999938964844,61.74874496459961,125.5853271484375,24.07769012451172,45.92596435546875,41.29349136352539,85.61863708496094,93.94803619384766,93.5865249633789,103.10100555419922
2024-12-24,542.8037109375,291.7808532714844,526.0438232421875,216.4521942138672,113.91484069824219,219.41726684570312,179.24468994140625,87.80181884765625,102.9572982788086,76.65030670166016,129.86587524414062,290.182373046875,91.36187744140625,135.78701782226562,116.72657775878906,190.42474365234375,256.66705322265625,91.54789733886719,55.367000579833984,33.349998474121094,62.309776306152344,126.68566131591797,24.08457374572754,46.10832977294922,41.41977310180664,85.63740539550781,93.97615814208984,93.59589385986328,103.12913513183594
2024-12-26,542.7937622070312,291.94781494140625,525.6863403320312,216.28353881835938,114.68665313720703,221.66653442382812,179.35292053222656,87.84081268310547,103.27529907226562,76.78723907470703,129.89566040039062,293.6325988769531,91.81690216064453,136.6739501953125,117.55484771728516,191.24037170410156,258.7585754394531,92.21475219726562,55.72600173950195,33.22999954223633,62.64165115356445,126.62486267089844,24.49662208557129,46.290687561035156,41.274070739746094,85.6561508178711,93.98552703857422,93.61459350585938,103.14788055419922
2024-12-27,537.1676635742188,288.78570556640625,518.6983032226562,213.4168243408203,113.13327026367188,218.43502807617188,177.65042114257812,87.4118881225586,102.64892578125,76.18083190917969,128.0675506591797,288.4474182128906,90.76835632324219,134.5650634765625,115.83915710449219,188.76412963867188,255.16319274902344,90.92085266113281,54.737998962402344,32.970001220703125,61.81492614746094,125.1547622680664,23.927228927612305,46.175514221191406,41.08950424194336,85.6936264038086,94.0136489868164,93.6519775390625,103.1760025024414
2024-12-30,531.18798828125,285.59405517578125,511.79974365234375,210.5501251220703,112.32237243652344,216.75546264648438,175.74127197265625,86.4858169555664,101.46363067626953,75.47663879394531,126.69646453857422,285.8597412109375,90.08582305908203,133.60914611816406,114.971435546875,186.87744140625,249.31695556640625,89.46772003173828,53.86000061035156,32.560001373291016,61.12450408935547,124.48998260498047,23.42864227294922,45.88758087158203,40.75923156738281,85.6936264038086,94.0136489868164,93.66131591796875,103.2041244506836
2024-12-31,529.0474243164062,284.6022033691406,507.4521179199219,208.7547149658203,112.56663513183594,217.03048706054688,175.24923706054688,86.5540542602539,101.77201080322266,75.52554321289062,125.93144989013672,285.3541564941406,89.94732666015625,133.40220642089844,114.68549346923828,186.68093872070312,247.44454956054688,89.63692474365234,53.34299850463867,32.3120002746582,60.7896614074707,123.65476989746094,23.545669555664062,45.89717483520508,40.62323760986328,85.71239471435547,94.0417709350586,93.76361846923828,103.2135009765625
2025-01-02,527.721923828125,284.0621032714844,506.45947265625,208.35792541503906,112.32237243652344,217.20726013183594,174.78671264648438,86.42733764648438,101.62744140625,75.4081802368164,126.64679718017578,286.3257141113281,90.07591247558594,133.60914611816406,114.93199157714844,187.19189453125,251.03994750976562,91.10000610351562,54.125,32.314998626708984,60.876583099365234,124.74313354492188,23.901660919189453,45.80120086669922,40.5649528503418,85.73114776611328,94.06053161621094,93.69791412353516,103.23226165771484
2025-01-03,534.5361938476562,287.7938232421875,514.747802734375,211.74046325683594,113.5533676147461,220.43875122070312,176.44981384277344,86.85624694824219,102.62965393066406,76.19062042236328,129.05116271972656,292.2544860839844,91.27284240722656,135.36331176757812,116.44062805175781,190.37564086914062,257.7527160644531,91.97588348388672,55.986000061035156,32.85100173950195,61.90579605102539,126.25011444091797,24.5084228515625,46.06993865966797,40.94379806518555,85.74052429199219,94.0886459350586,93.72605895996094,103.26039123535156
2025-01-06,537.6487426757812,289.40435791015625,520.6637573242188,214.19053649902344,113.5436019897461,220.5271759033203,177.13870239257812,86.37858581542969,103.17893981933594,76.26885986328125,129.4187774658203,292.64117431640625,91.53993225097656,135.31402587890625,116.2828598022461,191.37791442871094,263.7084655761719,91.77681732177734,57.54600143432617,33.30699920654297,62.32064437866211,127.09130859375,24.2969913482666,46.52103805541992,41.08950424194336,85.74989318847656,94.0886459350586,93.72605895996094,103.27913665771484
2025-01-07,531.600341796875,286.1734924316406,511.3728942871094,210.38148498535156,112.70339965820312,218.75917053222656,175.80032348632812,86.22261810302734,102.87056732177734,75.906982421875,127.46149444580078,290.5095520019531,90.58041381835938,134.2694091796875,115.43486022949219,189.0785369873047,259.3960266113281,92.43372344970703,56.2140007019043,32.89500045776367,61.714176177978516,125.6989517211914,24.239952087402344,46.367469787597656,40.79808807373047,85.76862335205078,94.10738372802734,93.73544311523438,103.2978515625
2025-01-08,532.317138671875,286.4385986328125,511.4622802734375,210.46083068847656,112.73271179199219,217.76715087890625,176.14476013183594,86.7587661743164,102.58146667480469,76.14170837402344,127.86885070800781,288.7547302246094,90.99586486816406,134.5749053955078,115.78984832763672,188.8427276611328,254.91419982910156,91.87635040283203,56.137001037597656,32.90999984741211,61.52947235107422,125.87935638427734,23.86625862121582,46.30988693237305,40.60381317138672,85.7873764038086,94.12615203857422,93.76361846923828,103.2978515625
2025-01-10,524.2166137695312,282.1372985839844,503.4419860839844,207.16758728027344,110.47590637207031,212.97393798828125,173.54673767089844,85.47201538085938,101.20343780517578,75.00716400146484,126.1301498413086,282.399658203125,89.79894256591797,132.04229736328125,113.45294189453125,185.6786651611328,249.00819396972656,89.01984405517578,55.516998291015625,32.444000244140625,60.385684967041016,124.35343933105469,22.294776916503906,45.61883544921875,39.91413116455078,85.81552124023438,94.16362762451172,93.791748046875,103.32600402832031
2025-01-13,524.8941040039062,282.598876953125,501.8240051269531,206.4633026123047,110.9253158569336,213.38644409179688,173.84194946289062,85.94966125488281,101.93582153320312,75.37883758544922,126.09041595458984,281.9337158203125,90.22429656982422,132.19993591308594,113.68958282470703,186.00289916992188,246.74737548828125,88.71128845214844,54.560001373291016,31.950000762939453,60.1436882019043,124.13416290283203,21.723419189453125,45.49406433105469,39.642147064208984,85.82488250732422,94.1823959350586,93.8011474609375,103.34473419189453
2025-01-14,525.561767578125,283.2372131347656,501.3475341796875,206.2748565673828,112.43960571289062,215.81253051757812,173.83209228515625,86.40782928466797,102.93802642822266,76.05368041992188,127.35221099853516,284.2436828613281,91.36187744140625,134.07235717773438,115.37571716308594,188.16473388671875,248.5400848388672,86.25289154052734,55.470001220703125,32.279998779296875,60.36988067626953,125.06706237792969,21.152061462402344,45.66682434082031,40.0889778137207,85.84363555908203,94.1917495727539,93.81050872802734,103.35413360595703
2025-01-15,535.1743774414062,288.43212890625,512.8817138671875,210.94688415527344,114.3349380493164,220.05567932128906,176.59742736816406,86.93423461914062,104.39315795898438,76.8791732788086,129.3194122314453,290.1030578613281,92.53901672363281,136.30934143066406,117.2688980102539,191.45652770996094,256.83642578125,88.13401794433594,56.95000076293945,32.95000076293945,61.533424377441406,127.64447784423828,21.870929718017578,46.23309326171875,40.613525390625,85.8530044555664,94.20113372802734,93.82926940917969,103.37285614013672
2025-01-16,534.3790893554688,288.2160949707031,509.2884826660156,209.51849365234375,114.66712188720703,220.4976806640625,176.61709594726562,87.45088195800781,104.79788970947266,77.67726135253906,130.60108947753906,290.896240234375,93.31059265136719,136.76266479492188,117.79149627685547,192.7339630126953,254.70504760742188,87.47711944580078,57.4739990234375,33.09000015258789,61.61639404296875,128.34613037109375,21.45789909362793,46.38666534423828,40.5649528503418,85.8530044555664,94.20113372802734,93.8480453491211,103.38224029541016
2025-01-17,539.5045166015625,290.8774108886719,517.8843994140625,213.04981994628906,115.27281951904297,221.45045471191406,177.81773376464844,87.58737182617188,105.71336364746094,78.02935791015625,131.44561767578125,292.1355285644531,93.765625,137.61013793945312,118.43241882324219,193.99172973632812,263.320068359375,87.5567398071289,58.558998107910156,33.428001403808594,62.15174102783203,128.9570770263672,21.466751098632812,46.61701965332031,40.8855094909668,85.89990234375,94.24800109863281,93.87620544433594,103.4291000366211
2025-01-21,544.4139404296875,293.76458740234375,520.9218139648438,214.3592071533203,117.19747161865234,225.7034454345703,179.24468994140625,88.41594696044922,106.90830993652344,79.01720428466797,133.6413116455078,299.19451904296875,95.58572387695312,140.0048370361328,120.47350311279297,197.39166259765625,267.3337707519531,90.08480834960938,59.849998474121094,33.749000549316406,63.01106262207031,130.1780242919922,22.09121322631836,47.51921844482422,41.322635650634766,85.89990234375,94.25737762451172,93.87620544433594,103.44783782958984
2025-01-22,547.5067749023438,295.1983337402344,527.5822143554688,217.0671844482422,116.18140411376953,224.2301025390625,180.79957580566406,88.35747528076172,106.59992980957031,78.83136749267578,134.32687377929688,298.4013977050781,95.38789367675781,138.88136291503906,119.40858459472656,196.75294494628906,268.3197326660156,90.7815170288086,60.63199996948242,34.16299819946289,63.274784088134766,131.7806854248047,22.43343734741211,47.413639068603516,41.351776123046875,85.91864013671875,94.276123046875,93.89496612548828,103.44783782958984
2025-01-23,550.5408935546875,296.74993896484375,528.7039184570312,217.54330444335938,116.57221221923828,225.2516326904297,181.6754150390625,88.65966033935547,107.29376983642578,79.2030258178711,135.04222106933594,300.3247985839844,95.2593002319336,139.33470153808594,119.76355743408203,197.5488739013672,268.987060546875,92.543212890625,60.40700149536133,34.290000915527344,63.655059814453125,132.74148559570312,22.798280715942383,47.7399787902832,41.44891357421875,85.91864013671875,94.2854995727539,93.9231185913086,103.46659088134766
2025-01-24,548.8814697265625,295.8857421875,525.7161254882812,216.29347229003906,116.32796478271484,224.62301635742188,181.1735382080078,88.64990997314453,107.00466918945312,79.08566284179688,134.82363891601562,298.153564453125,95.00210571289062,138.78286743164062,119.3198471069336,197.04771423339844,262.4834289550781,92.02565002441406,60.06700134277344,34.3650016784668,63.787418365478516,132.6238555908203,22.586849212646484,48.00870895385742,41.72090530395508,85.95613098144531,94.3136215209961,93.95126342773438,103.50410461425781
2025-01-27,541.2423706054688,291.76123046875,510.4100646972656,210.0045623779297,116.03487396240234,222.4719696044922,179.6481475830078,89.58574676513672,106.79266357421875,78.84114837646484,131.75360107421875,292.2544860839844,93.01382446289062,137.75796508789062,118.32394409179688,194.18824768066406,240.36331176757812,92.1749267578125,55.349998474121094,33.25299835205078,63.0160026550293,126.65476989746094,22.614383697509766,47.92233657836914,40.96322250366211,85.96549987792969,94.3136215209961,93.96064758300781,103.52283477783203
2025-01-28,545.7786865234375,294.265380859375,517.9539184570312,213.07958984375,115.96648406982422,222.71749877929688,180.78973388671875,89.332275390625,105.75190734863281,78.64555358886719,133.9990234375,294.0292053222656,93.4490737915039,138.27041625976562,118.86626434326172,195.46568298339844,241.9468994140625,92.74225616455078,57.290000915527344,34.08599853515625,63.527645111083984,128.7567596435547,22.602582931518555,47.87434387207031,41.26435089111328,85.96549987792969,94.34174346923828,93.96064758300781,103.53219604492188
2025-01-29,543.3829345703125,293.0083923339844,516.981201171875,212.7125701904297,115.5952377319336,222.2067413330078,180.23863220214844,89.2153091430664,105.84827423095703,78.35211944580078,133.40289306640625,293.6424865722656,92.93468475341797,138.0733184814453,118.91556549072266,195.1512451171875,243.1719207763672,92.14508056640625,57.79999923706055,33.946998596191406,63.33207702636719,128.53150939941406,22.55537986755371,47.87434387207031,41.274070739746094,85.97489166259766,94.34174346923828,93.97005462646484,103.54157257080078
2025-01-30,546.220458984375,294.8447570800781,519.1847534179688,213.60528564453125,116.68944549560547,224.4658203125,181.9214324951172,90.0731430053711,106.93721771240234,79.22258758544922,135.0323028564453,297.1026306152344,93.98323059082031,139.5712127685547,120.09881591796875,197.224609375,247.31509399414062,93.10057830810547,59.20600128173828,34.20899963378906,64.1726303100586,130.25975036621094,22.88088607788086,48.39262771606445,41.97346115112305,85.98426055908203,94.36051940917969,93.98880767822266,103.55094909667969
2025-01-31,543.3043212890625,293.2343444824219,518.4303588867188,213.2581329345703,115.71247100830078,222.45230102539062,180.44528198242188,89.63448333740234,106.0024642944336,78.6357650756836,133.80030822753906,294.3662414550781,93.2809066772461,138.5857696533203,119.30997467041016,195.79978942871094,247.74331665039062,92.23465728759766,59.20399856567383,34.20500183105469,63.659996032714844,129.52719116210938,22.63896942138672,47.93193054199219,41.49748229980469,86.01236724853516,94.37924194335938,94.0169448852539,103.58844757080078
2025-02-03,539.740234375,291.09344482421875,514.28125,211.5916748046875,114.17862701416016,219.84945678710938,179.5596160888672,90.04390716552734,105.36643981933594,78.13695526123047,133.34329223632812,291.4910888671875,92.44999694824219,137.20608520507812,117.96898651123047,193.86399841308594,243.0922393798828,90.99052429199219,58.249000549316406,34.01599884033203,62.999210357666016,128.89031982421875,22.10891342163086,47.33686065673828,41.19635772705078,86.0368423461914,94.40088653564453,94.02165985107422,103.60066223144531
2025-02-04,543.3239135742188,293.20477294921875,520.59423828125,214.21038818359375,115.45845031738281,222.89430236816406,180.40594482421875,90.0146484375,105.68445587158203,78.20540618896484,135.2608184814453,295.00079345703125,92.96436309814453,138.98977661132812,119.48746490478516,195.55410766601562,246.9167022705078,92.13513946533203,59.224998474121094,34.3650016784668,63.66691207885742,130.0574188232422,22.68027114868164,47.91273498535156,41.93460464477539,86.0368423461914,94.41970825195312,94.03108978271484,103.61009216308594
2025-02-05,545.5527954101562,294.55999755859375,522.9566650390625,215.15272521972656,116.49404907226562,225.32037353515625,181.1931915283203,90.76526641845703,106.55175018310547,78.76290893554688,136.23448181152344,298.6293640136719,93.8447494506836,140.21176147460938,120.6509780883789,197.36219787597656,252.81272888183594,94.25511932373047,60.779998779296875,34.72200012207031,64.05904388427734,130.853759765625,23.454212188720703,48.373435974121094,41.827754974365234,86.0462417602539,94.41970825195312,94.0405044555664,103.6195068359375
2025-02-06,547.5166625976562,295.2867126464844,525.6863403320312,216.28353881835938,116.07394409179688,224.5836944580078,181.42938232421875,90.77501678466797,106.01210021972656,78.67488861083984,136.95977783203125,296.9638366699219,93.96344757080078,139.60076904296875,120.0199203491211,197.18528747558594,245.9307098388672,92.9313735961914,60.45800018310547,35.04199981689453,64.16472625732422,131.88035583496094,23.098220825195312,48.574989318847656,42.002601623535156,86.0650634765625,94.43851470947266,94.0687484741211,103.63832092285156
2025-02-07,542.1948852539062,292.64508056640625,519.0556640625,213.61521911621094,114.4521713256836,221.98081970214844,180.00242614746094,90.3753433227539,105.44355010986328,78.32278442382812,136.7312469482422,293.6623229980469,93.01382446289062,138.08316040039062,118.75780487060547,195.34779357910156,241.2696533203125,90.8113784790039,60.07099914550781,34.720001220703125,63.720252990722656,131.75576782226562,22.161033630371094,48.191070556640625,41.963748931884766,86.0838851928711,94.46674346923828,94.09701538085938,103.66654205322266
2025-02-10,546.0733032226562,294.5207214355469,525.3389282226562,216.10499572753906,114.57918548583984,222.98269653320312,181.32115173339844,90.7555160522461,105.87718963623047,78.65531921386719,138.02284240722656,295.0206298828125,93.00393676757812,138.11273193359375,118.60004425048828,196.21246337890625,238.85943603515625,89.91559600830078,60.92599868774414,35.54999923706055,64.21115112304688,133.03948974609375,21.623111724853516,48.498207092285156,42.468868255615234,86.09329223632812,94.48554992675781,94.08759307861328,103.67593383789062
2025-02-11,546.5642700195312,294.36358642578125,524.0882568359375,215.6487274169922,114.37401580810547,221.68617248535156,181.48843383789062,90.88224792480469,106.33973693847656,78.5477294921875,136.4828643798828,291.223388671875,92.15322875976562,137.18638610839844,117.95912170410156,194.7581787109375,236.78785705566406,88.63166809082031,59.7239990234375,35.08399963378906,63.74790954589844,132.51324462890625,20.956361770629883,48.690162658691406,42.303733825683594,86.10269165039062,94.48554992675781,94.10641479492188,103.67593383789062
2025-02-12,544.7576293945312,293.3913879394531,524.3958740234375,215.78758239746094,112.9378662109375,219.6431427001953,180.927490234375,90.5118179321289,106.40719604492188,78.1271743774414,136.214599609375,289.6272277832031,91.57949829101562,135.58010864257812,116.78573608398438,193.69692993164062,237.49497985839844,89.54734802246094,59.41999816894531,35.07600021362305,63.93656539916992,132.45941162109375,21.293670654296875,48.7861442565918,42.536865234375,86.11211395263672,94.4949722290039,94.11583709716797,103.67593383789062
2025-02-13,550.5113525390625,296.455322265625,531.9398193359375,218.8328399658203,114.48148345947266,222.11834716796875,182.8464813232422,91.33065795898438,107.83341217041016,78.72378540039062,137.46644592285156,293.13690185546875,92.50933074951172,137.63970947265625,118.4126968383789,195.74081420898438,240.79159545898438,90.34358215332031,60.54999923706055,35.20000076293945,64.81958770751953,134.59530639648438,21.513954162597656,49.41960906982422,42.8088493347168,86.13093566894531,94.51377868652344,94.12525939941406,103.70418548583984
2025-02-14,550.531005859375,296.4160461425781,534.1732177734375,219.7751922607422,114.39354705810547,221.9513702392578,182.16746520996094,90.60928344726562,107.93942260742188,78.67488861083984,137.68505859375,293.0377502441406,92.25214385986328,137.33419799804688,117.98870086669922,196.04541015625,242.9229278564453,90.98058319091797,60.540000915527344,35.25,65.164306640625,135.6417999267578,21.960418701171875,49.43879699707031,43.139122009277344,86.15913391113281,94.55140686035156,94.16291046142578,103.75121307373047
2025-02-18,552.1216430664062,297.2507629394531,535.3841552734375,220.3009490966797,115.10674285888672,223.1693115234375,182.62998962402344,90.81401824951172,109.34636688232422,79.19324493408203,138.69847106933594,294.7627868652344,93.1819839477539,138.20144653320312,118.67891693115234,196.98876953125,251.03994750976562,90.90096282958984,60.94599914550781,35.494998931884766,65.45964050292969,135.37867736816406,21.720468521118164,49.77472686767578,43.411109924316406,86.1779556274414,94.57022094726562,94.18175506591797,103.75121307373047
2025-02-19,553.4570922851562,297.6730041503906,535.5330810546875,220.3108673095703,114.66712188720703,222.4031982421875,183.24998474121094,91.38914489746094,109.4330825805664,79.19324493408203,136.64183044433594,294.0787353515625,92.56867980957031,137.82693481445312,118.61975860595703,195.7310028076172,253.80868530273438,92.0953140258789,59.43000030517578,35.255001068115234,65.24332427978516,135.56805419921875,21.837493896484375,49.34282302856445,43.343109130859375,86.18737030029297,94.57022094726562,94.2005844116211,103.77942657470703
2025-02-20,551.1300048828125,296.07232666015625,533.2599487304688,219.3982391357422,113.36773681640625,220.27178955078125,182.74807739257812,91.36965942382812,109.25962829589844,78.9291763305664,134.0884246826172,291.2432861328125,91.31240844726562,135.90530395507812,116.80545806884766,193.24493408203125,254.1572723388672,92.284423828125,58.150001525878906,34.84199905395508,64.96676635742188,133.9683837890625,21.78045654296875,49.53478240966797,43.74137878417969,86.20619201660156,94.58905029296875,94.21000671386719,103.7888412475586
2025-02-21,541.7529907226562,290.6024475097656,522.1923217773438,214.8650665283203,110.35867309570312,213.9266815185547,179.69735717773438,90.7165298461914,107.5828628540039,77.68704223632812,129.57772827148438,280.7637939453125,88.55256652832031,131.44114685058594,113.0289535522461,187.3392791748047,245.6219482421875,91.26920318603516,55.599998474121094,34.029998779296875,63.71827697753906,130.76406860351562,21.387094497680664,49.179656982421875,43.6151008605957,86.23442840576172,94.62667846679688,94.23823547363281,103.82646179199219
2025-02-24,539.1902465820312,289.1195983886719,516.0282592773438,212.31576538085938,109.9483413696289,212.3845672607422,179.1265869140625,91.16492462158203,107.3804931640625,77.60880279541016,128.02781677246094,278.0968322753906,88.35472106933594,131.2144775390625,112.73314666748047,185.8751678466797,239.3076171875,89.68668365478516,54.349998474121094,33.560001373291016,63.0485954284668,128.96507263183594,20.60528564453125,49.13166427612305,42.944847106933594,86.24382781982422,94.6360855102539,94.24765014648438,103.84529876708984
2025-02-25,536.509765625,287.685791015625,509.526611328125,209.6672821044922,110.0558090209961,211.5791778564453,178.9395751953125,91.71084594726562,107.15884399414062,77.57945251464844,126.61699676513672,275.82647705078125,88.1469955444336,131.11593627929688,112.62467956542969,184.2734832763672,232.4554443359375,88.27335357666016,53.099998474121094,33.11399841308594,62.622886657714844,127.78600311279297,20.073265075683594,49.48678970336914,42.97399139404297,86.24382781982422,94.64549255371094,94.2759017944336,103.86412048339844
2025-02-26,536.8436279296875,287.78399658203125,510.75750732421875,210.17318725585938,109.83111572265625,211.84437561035156,178.65420532226562,91.02845764160156,107.00466918945312,77.5696792602539,127.39196014404297,276.9071350097656,88.65150451660156,131.2342071533203,112.76272583007812,184.93182373046875,236.9471893310547,87.8354263305664,54.65399932861328,33.40999984741211,62.98735809326172,129.1095733642578,20.080148696899414,49.563575744628906,43.40139389038086,86.26262664794922,94.64549255371094,94.28532409667969,103.86412048339844
2025-02-27,528.22265625,283.32562255859375,496.5730895996094,204.39015197753906,108.28749084472656,208.61288452148438,176.0955352783203,90.9602279663086,106.0024642944336,76.87525939941406,124.61003112792969,271.21630859375,87.20726013183594,129.20411682128906,111.16534423828125,182.1608123779297,221.40037536621094,86.69082641601562,53.03099822998047,32.57099914550781,61.80405807495117,126.4693832397461,19.738908767700195,48.97809982299805,42.55629348754883,86.27205657958984,94.67371368408203,94.29475402832031,103.87351989746094
2025-02-28,536.43115234375,287.69561767578125,504.4147644042969,207.57427978515625,109.21561431884766,210.8326873779297,178.68373107910156,92.1884994506836,107.12030792236328,77.85330963134766,126.14009094238281,274.4284973144531,88.10742950439453,130.51480102539062,112.1908187866211,184.56826782226562,225.7626495361328,88.29326629638672,53.400001525878906,32.779998779296875,62.111244201660156,128.06605529785156,20.00541114807129,49.0164909362793,41.97346115112305,86.2908706665039,94.69254302978516,94.32298278808594,103.9111557006836
2025-03-03,527.1917114257812,282.53997802734375,493.3768615722656,203.10061645507812,106.67548370361328,205.06707763671875,176.2530059814453,92.04228210449219,105.59773254394531,76.96329498291016,123.42771911621094,265.307373046875,86.0202407836914,127.56826782226562,109.63700103759766,179.881103515625,217.0480499267578,85.19786834716797,51.529998779296875,31.889999389648438,61.00004959106445,124.67935180664062,18.863676071166992,49.38121795654297,41.604339599609375,86.30879211425781,94.7142562866211,94.34188842773438,103.92814636230469
2025-03-04,520.8389892578125,279.01446533203125,491.887939453125,202.37648010253906,105.0537109375,202.74905395507812,174.44224548339844,90.97972106933594,103.29457092285156,75.75048828125,122.40436553955078,263.3938903808594,84.73428344726562,125.91268920898438,108.32557678222656,177.72911071777344,217.55599975585938,85.72537231445312,51.18299865722656,32.020999908447266,60.61286163330078,123.18931579589844,19.03675651550293,49.246849060058594,41.95403289794922,86.30879211425781,94.72367095947266,94.36077117919922,103.93756103515625
2025-03-05,526.6810913085938,282.1864318847656,498.30023193359375,204.9753875732422,106.14793395996094,204.76258850097656,176.30218505859375,91.33065795898438,104.22933959960938,76.48402404785156,124.15301513671875,266.6755676269531,86.06969451904297,127.01641082763672,109.3510513305664,179.9499053955078,222.02783203125,87.4074478149414,52.6510009765625,32.56999969482422,61.970001220703125,125.14878845214844,19.68777084350586,50.40819549560547,43.20711898803711,86.31822204589844,94.72367095947266,94.3702163696289,103.95645904541016
2025-03-06,517.12744140625,276.9423828125,484.59228515625,199.44033813476562,104.7899398803711,201.62933349609375,173.41879272460938,90.73603057861328,103.506591796875,75.32014465332031,119.62245178222656,260.974853515625,84.15066528320312,124.85824584960938,107.2212142944336,175.3708038330078,214.56814575195312,86.65101623535156,49.191001892089844,31.100000381469727,60.71064758300781,119.94014739990234,19.80184555053711,49.937889099121094,42.93513488769531,86.32767486572266,94.75199127197266,94.36077117919922,103.96591186523438
2025-03-07,519.9158935546875,278.24847412109375,488.1557922363281,200.86875915527344,105.32727813720703,202.28741455078125,174.0190887451172,91.4573745727539,104.80752563476562,75.9167709350586,120.75508117675781,262.03558349609375,84.45730590820312,125.1341781616211,107.6649398803711,175.83265686035156,222.01788330078125,86.88988494873047,49.349998474121094,31.118000030517578,61.16895294189453,119.25244140625,19.758575439453125,50.46577453613281,43.14883804321289,86.36541748046875,94.78031158447266,94.41746520996094,104.01307678222656
2025-03-10,506.1695861816406,270.6672058105469,469.23663330078125,193.30020141601562,102.85553741455078,197.1995391845703,170.1318817138672,90.80426025390625,103.22712707519531,74.5376968383789,115.9662094116211,255.34344482421875,82.53826904296875,121.95112609863281,104.95333099365234,169.6813507080078,210.7337188720703,85.8348617553711,45.766998291015625,29.586999893188477,58.952491760253906,114.74945831298828,19.04855728149414,49.30442428588867,42.11916732788086,86.37484741210938,94.78031158447266,94.43633270263672,104.02252197265625
2025-03-11,502.0162353515625,268.7718811035156,468.114990234375,192.566162109375,102.28888702392578,197.17990112304688,168.03573608398438,89.5369873046875,101.42507934570312,73.77481079101562,115.79731750488281,256.4042663574219,82.08323669433594,121.72447967529297,104.84488677978516,169.8582305908203,208.3434295654297,85.76519775390625,47.16999816894531,29.97800064086914,59.08484649658203,116.14879608154297,19.407501220703125,49.1700553894043,42.468868255615234,86.3843002319336,94.79917907714844,94.44580078125,104.04141235351562
2025-03-12,504.45135498046875,270.09765625,473.3956604003906,194.7980499267578,101.83946990966797,197.52366638183594,168.3900146484375,88.8448715209961,101.18415832519531,73.62809753417969,117.01937103271484,256.8603210449219,82.14259338378906,121.43868255615234,104.38143920898438,170.791748046875,211.16197204589844,86.74058532714844,48.5890007019043,30.44700050354004,59.41474914550781,117.94879150390625,19.933622360229492,49.53478240966797,42.701995849609375,86.39373779296875,94.79917907714844,94.43633270263672,104.04141235351562
2025-03-13,497.8629455566406,266.3069763183594,464.8790588378906,191.2667236328125,100.12977600097656,194.57701110839844,165.4868927001953,88.65966033935547,101.07817077636719,72.70872497558594,114.15797424316406,252.39889526367188,80.73794555664062,119.24110412597656,102.50798034667969,167.40164184570312,209.9170684814453,85.56613159179688,47.29399871826172,29.834999084472656,58.39936447143555,115.97238159179688,19.353412628173828,49.16046142578125,42.52714920043945,86.41259765625,94.8274917602539,94.45524597167969,104.05082702636719
2025-03-14,508.0843505859375,272.0126037597656,476.11541748046875,195.88917541503906,102.58197784423828,199.28184509277344,168.6557159423828,89.67346954345703,102.87056732177734,74.29318237304688,117.8340835571289,259.0018005371094,82.85482025146484,122.44386291503906,105.17027282714844,172.01019287109375,218.2133331298828,86.72068786621094,49.11199951171875,30.799999237060547,59.7871208190918,119.2574234008789,19.623849868774414,50.10105514526367,43.30426025390625,86.43147277832031,94.85580444335938,94.48358917236328,104.09803009033203
2025-03-17,511.9626770019531,274.2614440917969,479.202392578125,197.15884399414062,103.67619323730469,201.79627990722656,170.34837341308594,90.90174102783203,104.42206573486328,75.32014465332031,120.00993347167969,262.4718017578125,84.23969268798828,123.67569732666016,106.26475524902344,174.48646545410156,222.1573028564453,87.87522888183594,49.87200164794922,31.440000534057617,60.646446228027344,120.76739501953125,19.80577850341797,50.69612503051758,44.04250717163086,86.45034790039062,94.86524200439453,94.48358917236328,104.09803009033203
2025-03-18,506.56231689453125,271.3055114746094,471.0332336425781,193.90530395507812,103.03235626220703,200.04405212402344,168.623291015625,90.42730712890625,104.2368392944336,74.84089660644531,117.78158569335938,259.41583251953125,83.06088256835938,122.31304931640625,105.37734985351562,172.5506591796875,218.71128845214844,85.76519775390625,48.43000030517578,30.964000701904297,59.9362678527832,118.68732452392578,19.26490592956543,50.628944396972656,43.819087982177734,86.45034790039062,94.87467956542969,94.49302673339844,104.10745239257812
2025-03-19,511.8841857910156,274.3891296386719,477.3363342285156,196.3950958251953,104.42388153076172,203.15478515625,170.2211456298828,90.83816528320312,104.8283920288086,75.49620056152344,120.1083755493164,264.41986083984375,84.4576187133789,124.69274139404297,107.08316802978516,175.51821899414062,221.16134643554688,87.04913330078125,49.41299819946289,31.454999923706055,60.63557815551758,121.01954650878906,19.643518447875977,50.859291076660156,43.925941467285156,86.45979309082031,94.8935546875,94.50719451904297,104.11690521240234
2025-03-20,510.7059020996094,273.73114013671875,475.7183532714844,195.7106475830078,103.92410278320312,201.86520385742188,169.5800018310547,90.52513122558594,104.3144302368164,75.13431549072266,119.66091918945312,262.37457275390625,83.83353424072266,123.82380676269531,106.67889404296875,174.32920837402344,217.83485412597656,86.18321990966797,49.35900115966797,31.273000717163086,60.15949630737305,121.08433532714844,19.648433685302734,50.46577453613281,43.51796340942383,86.47867584228516,94.8935546875,94.52137756347656,104.13578033447266
2025-03-21,510.83355712890625,273.83917236328125,477.28668212890625,196.4149169921875,103.25774383544922,200.61500549316406,169.25454711914062,90.4077377319336,103.7228775024414,75.07563781738281,120.18793487548828,261.0838317871094,83.38777923583984,123.10298156738281,105.98867797851562,174.1326904296875,216.56004333496094,86.71073150634766,49.5890007019043,31.2549991607666,60.03997802734375,120.99961853027344,19.225568771362305,50.188079833984375,43.30426025390625,86.50700378417969,94.92186737060547,94.58748626708984,104.17353057861328
2025-03-24,519.798095703125,278.9064636230469,487.76043701171875,200.5758514404297,105.84481811523438,205.60598754882812,172.18394470214844,91.01423645019531,105.2259750366211,76.13194274902344,123.7775650024414,268.6395263671875,85.84444427490234,126.62811279296875,108.94678497314453,178.95741271972656,223.76742553710938,88.4078140258789,51.097999572753906,31.854999542236328,61.03264617919922,123.77236938476562,19.69760513305664,50.255577087402344,43.498531341552734,86.50700378417969,94.94074249267578,94.56858825683594,104.18299102783203
2025-03-25,521.0352783203125,279.3777770996094,490.5438232421875,201.81777954101562,105.20783996582031,204.46409606933594,172.45025634765625,90.82837677001953,105.1386947631836,76.30950927734375,123.69801330566406,267.5076599121094,85.9236831665039,126.12451934814453,108.65097045898438,178.53643798828125,222.69081115722656,86.67589569091797,50.685001373291016,31.979999542236328,60.94078826904297,123.6119155883789,19.03872299194336,50.52555847167969,43.37225341796875,86.51643371582031,94.95018005371094,94.56858825683594,104.1924057006836
2025-03-26,514.95751953125,276.1076354980469,481.51751708984375,198.13174438476562,104.64927673339844,202.38694763183594,170.99049377441406,91.112060546875,104.81867218017578,75.66199493408203,121.34137725830078,262.9305419921875,84.84394073486328,125.15682983398438,107.68465423583984,176.19972229003906,216.2211151123047,84.68517303466797,48.71500015258789,31.27899932861328,60.050846099853516,120.95775604248047,18.419178009033203,49.918094635009766,43.109981536865234,86.52586364746094,94.96905517578125,94.57804870605469,104.20187377929688
2025-03-27,513.5406494140625,274.9398193359375,478.7738342285156,196.95936584472656,104.17889404296875,201.42222595214844,170.7044677734375,91.43488311767578,104.13986206054688,75.3382339477539,119.56148529052734,261.2625732421875,84.0910873413086,124.36688232421875,107.0705337524414,174.15878295898438,210.9177703857422,85.1330795288086,47.65399932861328,30.94499969482422,59.748600006103516,119.92221069335938,18.7535343170166,49.975948333740234,43.32368469238281,86.54474639892578,94.97848510742188,94.58748626708984,104.2207260131836
2025-03-28,503.2837829589844,269.4605712890625,466.16876220703125,191.8327178955078,101.92501068115234,197.3270263671875,167.29173278808594,90.72075653076172,102.6270751953125,74.18053436279297,116.9662094116211,255.76210021972656,82.38726806640625,121.92794036865234,104.97401428222656,170.5502166748047,201.46743774414062,84.00833129882812,46.178001403808594,30.086000442504883,58.344051361083984,117.45742797851562,18.350339889526367,49.40705108642578,42.51743698120117,86.57304382324219,95.0068130493164,94.6252670288086,104.24905395507812
2025-03-31,506.3480224609375,270.8500671386719,466.1488952636719,191.7731170654297,102.47378540039062,196.38198852539062,168.5542449951172,91.62073516845703,103.42227172851562,74.6024169921875,116.82701110839844,253.7068634033203,82.49624633789062,122.93511962890625,105.69593048095703,169.84031677246094,200.1416015625,80.7236328125,45.41299819946289,29.679000854492188,58.15144729614258,117.48931884765625,17.248926162719727,49.011722564697266,42.44944381713867,86.57304382324219,95.0068130493164,94.63472747802734,104.25849151611328
2025-04-01,508.210205078125,271.7665710449219,469.90655517578125,193.34291076660156,102.69917297363281,196.40167236328125,168.94876098632812,91.55226135253906,103.30589294433594,74.82806396484375,117.8710708618164,253.83592224121094,83.07079315185547,123.05360412597656,105.88382720947266,170.7473907470703,200.94908142089844,77.79728698730469,46.13100051879883,30.01799964904785,58.233428955078125,118.10626220703125,16.255687713623047,49.185279846191406,42.58543395996094,86.59294128417969,95.03142547607422,94.6565170288086,104.28121185302734
2025-04-02,511.2744140625,273.91497802734375,473.33612060546875,194.7338409423828,104.21808624267578,199.50259399414062,169.905517578125,91.73812103271484,103.9944076538086,75.55406951904297,119.88961791992188,258.65130615234375,84.60621643066406,124.8902359008789,107.58477783203125,173.83343505859375,203.6007537841797,80.21600341796875,47.016998291015625,30.358999252319336,58.88433837890625,119.75975036621094,16.96373748779297,49.320274353027344,42.643714904785156,86.60240173339844,95.04090881347656,94.64704132080078,104.29069519042969
2025-04-03,486.8886413574219,260.1280517578125,447.99676513671875,184.4308319091797,96.91744995117188,186.69529724121094,162.36009216308594,90.66207885742188,98.796630859375,71.8062973022461,112.56120300292969,242.01089477539062,79.06880950927734,116.41808319091797,100.32609558105469,161.67662048339844,179.37680053710938,77.77738189697266,42.75899887084961,28.368999481201172,56.02289581298828,112.80892181396484,16.127843856811523,48.288551330566406,41.740333557128906,86.61187744140625,95.05982971191406,94.68495178222656,104.30015563964844
2025-04-04,458.6700744628906,244.86293029785156,420.1722106933594,173.1541748046875,92.73303985595703,178.36709594726562,153.36474609375,85.3013916015625,92.94912719726562,67.62682342529297,105.08364868164062,230.66244506835938,75.05693054199219,111.62904357910156,96.14295196533203,153.1678466796875,166.79629516601562,73.31816864013672,39.47200012207031,26.5,52.43843078613281,105.07769775390625,15.065766334533691,45.2319450378418,39.418724060058594,86.64029693603516,95.0882339477539,94.74185180664062,104.34752655029297
2025-04-07,456.7388916015625,244.06466674804688,421.1861877441406,173.3826446533203,91.45909118652344,176.75265502929688,152.47705078125,84.33293914794922,92.60002899169922,67.09703063964844,105.50126647949219,229.1532745361328,74.502197265625,110.74034118652344,95.09469604492188,151.97483825683594,169.83676147460938,72.65127563476562,40.108001708984375,26.299999237060547,51.67491912841797,105.65577697753906,14.790412902832031,44.24843215942383,37.951934814453125,86.64977264404297,95.09772491455078,94.7513198852539,104.35699462890625
2025-04-08,450.0192565917969,240.21144104003906,413.6012268066406,170.29275512695312,88.74462890625,172.09634399414062,150.33668518066406,83.56014251708984,90.67024993896484,65.94915771484375,103.75120544433594,222.56065368652344,73.00640106201172,107.50157928466797,92.71138763427734,148.31695556640625,160.1272430419922,69.47608184814453,39.91699981689453,25.775999069213867,50.89165115356445,104.05610656738281,13.905348777770996,44.01702117919922,37.41767501831055,86.66870880126953,95.09772491455078,94.7513198852539,104.37593078613281
2025-04-09,491.75592041015625,264.5824279785156,463.24615478515625,190.2827911376953,96.58425903320312,186.7248077392578,163.38587951660156,87.90347290039062,97.73961639404297,71.35989379882812,114.89794921875,243.7384796142578,80.3664779663086,117.08953094482422,100.79087829589844,163.4020538330078,191.90745544433594,74.53251647949219,46.231998443603516,28.934999465942383,55.7048454284668,115.04447174072266,15.026430130004883,47.30503845214844,40.011268615722656,86.66870880126953,95.11666107177734,94.74185180664062,104.37593078613281
2025-04-10,474.9666748046875,253.69281005859375,443.54327392578125,182.56297302246094,92.33126831054688,178.87899780273438,158.50352478027344,86.69047546386719,94.2679672241211,68.96112060546875,110.45316314697266,233.8495330810547,77.12725067138672,112.68559265136719,96.65718841552734,155.97781372070312,174.0734405517578,71.2776870727539,43.303001403808594,27.55500030517578,53.71260070800781,109.95543670654297,14.593731880187988,46.36973571777344,39.32158660888672,86.67816925048828,95.11666107177734,94.7513198852539,104.37593078613281
2025-04-11,483.3317565917969,257.94024658203125,451.7146911621094,185.81187438964844,93.49740600585938,181.4877166748047,161.2159423828125,88.02085876464844,95.44134521484375,70.0108871459961,111.89498901367188,238.2677764892578,78.3456802368164,114.30497741699219,98.25923919677734,158.40325927734375,176.21673583984375,73.98506164550781,44.277000427246094,28.020000457763672,54.86824035644531,111.74746704101562,15.440443992614746,47.642520904541016,40.55524444580078,86.71604919433594,95.16400909423828,94.79869079589844,104.42329406738281
2025-04-14,488.189208984375,260.3152770996094,454.7765197753906,187.20281982421875,94.52635192871094,183.62391662597656,162.5968017578125,89.12625122070312,96.62442779541016,70.85462951660156,112.98878479003906,240.77972412109375,79.157958984375,115.59850311279297,99.49539184570312,160.10894775390625,178.42977905273438,76.18479919433594,44.270999908447266,28.2810001373291,55.55866241455078,112.43516540527344,16.127843856811523,48.1921272277832,40.924373626708984,86.71604919433594,95.1734619140625,94.77973937988281,104.43277740478516
2025-04-15,486.8197021484375,259.8619384765625,455.283447265625,187.3617706298828,94.30097198486328,183.85031127929688,162.19241333007812,88.87191009521484,96.52745819091797,70.77613830566406,113.6848373413086,240.8194580078125,79.17777252197266,115.47014617919922,99.46573638916016,160.1582489013672,178.0010986328125,76.18479919433594,44.4010009765625,28.545000076293945,55.599159240722656,113.4398193359375,16.20651626586914,48.51996612548828,40.8855094909668,86.73499298095703,95.1829605102539,94.79869079589844,104.44223022460938
2025-04-16,476.1194763183594,254.4615020751953,441.5550842285156,181.71847534179688,93.3699951171875,182.0882110595703,158.80926513671875,87.87413787841797,95.12133026123047,69.78522491455078,111.85521697998047,237.45364379882812,77.95934295654297,114.07786560058594,98.19001770019531,158.40325927734375,172.3887176513672,74.78134155273438,43.64400100708008,27.993999481201172,54.5274772644043,111.52021789550781,15.950830459594727,48.41389846801758,40.4095344543457,86.74447631835938,95.2018814086914,94.8271484375,104.461181640625
2025-04-17,476.7796325683594,254.99365234375,441.4755554199219,181.6787109375,94.36956024169922,183.57469177246094,159.22354125976562,88.07955932617188,95.66439056396484,70.25616455078125,112.68053436279297,239.14151000976562,78.63294982910156,115.2430191040039,99.02070617675781,159.61599731445312,172.25914001464844,75.57764434814453,43.709999084472656,28.200000762939453,54.97985076904297,112.46906280517578,16.363861083984375,48.9345817565918,40.720375061035156,86.78236389160156,95.23975372314453,94.86505126953125,104.50852966308594
2025-04-21,465.41925048828125,248.93296813964844,430.5505065917969,177.24752807617188,92.48805236816406,179.8929443359375,155.70233154296875,86.27961730957031,93.99644470214844,68.91206359863281,109.40910339355469,233.08502197265625,76.5031967163086,112.5177230834961,96.8846435546875,155.9186553955078,169.11898803710938,75.15959167480469,42.21900177001953,27.511999130249023,54.007930755615234,109.44513702392578,16.88506507873535,48.70316696166992,40.710662841796875,86.79183197021484,95.23975372314453,94.8555908203125,104.51800537109375
2025-04-22,477.16387939453125,255.2696075439453,441.85333251953125,181.8178253173828,94.72235107421875,184.5492706298828,159.5589141845703,88.06977844238281,96.03289031982422,70.54068756103516,112.47171020507812,239.33016967773438,78.46455383300781,115.45039367675781,99.16905212402344,160.1483917236328,173.1563262939453,77.27970123291016,43.43899917602539,28.05699920654297,55.47174072265625,112.84381103515625,17.593116760253906,49.65774917602539,41.322635650634766,86.79183197021484,95.24923706054688,94.88402557373047,104.52747344970703
2025-04-23,484.82940673828125,259.6156005859375,451.8737487792969,185.86154174804688,95.92768859863281,187.28594970703125,161.43292236328125,88.4023666381836,97.44869232177734,71.3059310913086,115.29570007324219,244.1356201171875,79.78202819824219,116.98091125488281,100.48432159423828,163.11611938476562,180.17430114746094,78.73291778564453,45.27299880981445,29.0,56.46045684814453,115.4042739868164,17.9471435546875,49.802391052246094,41.798614501953125,86.810791015625,95.27764892578125,94.8745346069336,104.53694915771484
2025-04-24,495.0172424316406,265.08502197265625,464.5881652832031,191.13723754882812,97.87779998779297,191.03659057617188,164.53988647460938,88.93061828613281,98.97117614746094,72.728515625,118.60690307617188,249.8644561767578,81.6047134399414,119.04463958740234,102.59072875976562,167.1585235595703,191.6781768798828,80.51461791992188,47.34000015258789,29.940000534057617,57.75042724609375,118.39530181884766,18.350339889526367,50.438777923583984,42.284305572509766,86.810791015625,95.27764892578125,94.89349365234375,104.54642486572266
2025-04-25,498.66278076171875,266.7110900878906,469.767333984375,193.3031463623047,97.83858489990234,191.0956573486328,165.43740844726562,88.8327865600586,98.4475326538086,72.63040924072266,119.4620361328125,250.60911560058594,81.26791381835938,119.22238159179688,102.52149200439453,167.612060546875,194.07064819335938,79.87759399414062,48.03499984741211,30.3700008392334,58.28577423095703,119.3620834350586,18.020898818969727,50.55448532104492,42.20659255981445,86.84866333007812,95.31554412841797,94.92194366455078,104.58431243896484
2025-04-28,498.96820068359375,267.09539794921875,469.61822509765625,193.25344848632812,98.18158721923828,191.90289306640625,165.5853729248047,89.16539764404297,98.9905776977539,72.84625244140625,119.94927978515625,251.472900390625,81.63443756103516,119.49885559082031,102.94673156738281,168.20362854003906,193.99090576171875,80.99239349365234,48.19200134277344,30.315000534057617,58.4457893371582,119.55144500732422,18.251998901367188,50.90160369873047,42.284305572509766,86.85812377929688,95.31554412841797,94.94087219238281,104.59378814697266
2025-04-29,501.9930419921875,268.7017822265625,472.7198181152344,194.54505920410156,98.81855010986328,193.0349578857422,166.58155822753906,89.85992431640625,99.29119110107422,73.307373046875,120.65526580810547,253.2203369140625,82.17926025390625,120.22956085205078,103.49063110351562,169.31776428222656,190.9504852294922,81.5000228881836,48.53200149536133,30.420000076293945,58.88730239868164,120.17137908935547,18.37984275817871,51.05588150024414,42.400875091552734,86.85812377929688,95.32498931884766,94.9598617553711,104.59378814697266
2025-04-30,502.2393493652344,268.85943603515625,472.6601867675781,194.58482360839844,98.1227798461914,191.82412719726562,167.0550079345703,90.52513122558594,99.4560546875,73.35641479492188,120.6055679321289,251.740966796875,82.18916320800781,119.43960571289062,102.67972564697266,168.45013427734375,192.35604858398438,82.5650634765625,48.04100036621094,30.365999221801758,58.77470397949219,120.04181671142578,18.773202896118164,50.97874069213867,42.50772476196289,86.86759948730469,95.3534164428711,94.9598617553711,104.6221923828125
2025-05-01,505.7962341308594,270.53472900390625,478.8334655761719,196.8699493408203,98.73035430908203,193.01528930664062,167.094482421875,89.9088363647461,99.5627212524414,73.48396301269531,121.03312683105469,253.49835205078125,82.74388885498047,120.6343994140625,103.8466567993164,169.662841796875,194.73855590820312,82.11714172363281,48.70800018310547,30.590999603271484,58.84878158569336,121.02154541015625,18.763368606567383,50.7666130065918,42.498008728027344,86.88851165771484,95.36766815185547,94.9836196899414,104.63360595703125
2025-05-02,513.0479736328125,274.7525939941406,485.9411926269531,199.9399871826172,100.96464538574219,197.3565673828125,169.9252471923828,90.8088150024414,101.28886413574219,74.76919555664062,124.39405822753906,259.70379638671875,84.9231948852539,123.65594482421875,106.40795135498047,173.32073974609375,203.461181640625,83.11250305175781,49.68199920654297,31.329999923706055,60.1308479309082,123.93682861328125,19.225568771362305,51.69227981567383,43.71223831176758,86.9170150756836,95.39616394042969,94.99314880371094,104.65259552001953
2025-05-05,510.36798095703125,273.1955261230469,483.058349609375,198.8272247314453,100.2394790649414,195.840576171875,169.35317993164062,90.73054504394531,100.90096282958984,74.47486877441406,124.42388916015625,258.135009765625,84.88357543945312,122.93511962890625,105.87393951416016,172.7587432861328,201.3478240966797,82.26644897460938,49.80699920654297,31.549999237060547,59.9254035949707,123.6487808227539,18.684696197509766,51.7886962890625,44.04250717163086,86.9170150756836,95.40567016601562,94.99314880371094,104.66210174560547
2025-05-06,506.02288818359375,270.9781799316406,478.5650634765625,196.92958068847656,99.61231994628906,193.70436096191406,167.7060089111328,90.33926391601562,100.34821319580078,74.0235595703125,122.38545227050781,254.44154357910156,84.24959564208984,122.19454193115234,105.08280944824219,171.14175415039062,199.23443603515625,76.81187438964844,49.66699981689453,31.200000762939453,59.3001708984375,122.83450317382812,16.86539649963379,51.77906036376953,43.86766052246094,86.93601989746094,95.40567016601562,95.02167510986328,104.67160034179688
2025-05-07,508.3088073730469,272.10162353515625,480.4438781738281,197.73435974121094,99.74950408935547,194.34423828125,168.63316345214844,90.79902648925781,100.77489471435547,74.35713958740234,123.66817474365234,255.35504150390625,84.48731994628906,122.4315185546875,105.29047393798828,171.56573486328125,201.1085662841797,76.99104309082031,49.56999969482422,31.110000610351562,59.38808059692383,123.25908660888672,16.688385009765625,51.59585189819336,43.36254119873047,86.93601989746094,95.4151611328125,95.02167510986328,104.69064331054688
2025-05-08,511.6981506347656,274.2401428222656,485.4044189453125,199.73133850097656,101.57221984863281,198.04563903808594,169.1262969970703,90.38817596435547,101.82219696044922,74.98503875732422,126.0645751953125,260.5873718261719,85.38876342773438,124.17928314208984,107.03097534179688,174.87852478027344,206.5514678955078,77.67784881591797,51.09000015258789,31.555999755859375,60.13776397705078,124.5567626953125,17.258758544921875,51.42229461669922,43.33340072631836,86.95503234863281,95.44367980957031,95.03118896484375,104.70012664794922
2025-05-09,511.0183410644531,273.9346618652344,485.0863342285156,199.66180419921875,101.5428237915039,197.68141174316406,168.58384704589844,90.12403869628906,101.89008331298828,75.07333374023438,125.73644256591797,259.80303955078125,85.23027038574219,124.21878814697266,107.03097534179688,174.6419219970703,210.04052734375,76.03550720214844,50.395999908447266,31.434999465942383,60.08837890625,124.08831787109375,16.993240356445312,51.759769439697266,43.62481689453125,86.98352813720703,95.4721908569336,95.05973052978516,104.7286376953125
2025-05-12,528.0340576171875,283.099609375,504.84881591796875,207.7194061279297,105.36465454101562,204.6314239501953,173.92974853515625,90.81858825683594,104.78959655761719,77.27098846435547,130.43975830078125,269.66217041015625,88.261474609375,128.474609375,110.35374450683594,181.25767517089844,226.9474334716797,79.08129119873047,52.88399887084961,32.7400016784668,62.108280181884766,128.2624053955078,17.63245391845703,52.010467529296875,44.567054748535156,86.98352813720703,95.4721908569336,95.05021667480469,104.73812866210938
2025-05-13,531.5023803710938,285.0213317871094,512.5430908203125,210.89874267578125,105.8546142578125,205.3795928955078,174.2355194091797,90.15339660644531,105.03202819824219,77.5653076171875,132.90576171875,271.0025939941406,88.74686431884766,129.1262969970703,111.25367736816406,182.82530212402344,233.60653686523438,77.19011688232422,54.74800109863281,33.16999816894531,62.463863372802734,129.71356201171875,17.317764282226562,52.09724426269531,44.6447639465332,87.0025405883789,95.49118041992188,95.0692367553711,104.74763488769531
2025-05-14,532.1624755859375,285.2085876464844,515.6148071289062,212.1605224609375,104.77667236328125,203.55841064453125,174.30458068847656,89.48820495605469,104.13986206054688,77.25135803222656,133.43276977539062,269.1756896972656,88.55864715576172,127.8426284790039,110.14608001708984,182.2633514404297,235.29124450683594,76.01559448242188,54.88199996948242,33.28300094604492,62.4006462097168,130.16307067871094,16.934234619140625,51.8851203918457,44.9847526550293,87.0025405883789,95.50068664550781,95.07875061035156,104.74763488769531
2025-05-15,534.7735595703125,286.3714599609375,516.1814575195312,212.438720703125,105.50183868408203,204.8874053955078,175.49801635742188,91.05337524414062,105.52659606933594,77.79096221923828,133.08473205566406,270.03948974609375,88.71714782714844,128.7017059326172,110.43286895751953,182.3816375732422,233.97537231445312,77.21998596191406,54.07899856567383,33.290000915527344,62.44410705566406,129.92486572265625,17.2095890045166,52.43473434448242,44.96532440185547,87.0120620727539,95.50068664550781,95.08824920654297,104.76663970947266
2025-05-16,538.2220458984375,288.33258056640625,518.4281005859375,213.3130340576172,106.31519317626953,206.58058166503906,176.6914825439453,91.92398834228516,106.23450469970703,78.66414642333984,134.3873291015625,273.19677734375,89.7968978881836,129.9458770751953,111.63935852050781,184.2845458984375,234.8526153564453,78.6532974243164,54.24100112915039,33.58000183105469,63.05649948120117,130.91854858398438,17.455440521240234,52.550437927246094,44.93618392944336,87.05005645751953,95.5386962890625,95.12629699707031,104.80467224121094
2025-05-19,538.7738037109375,288.5592041015625,518.9251708984375,213.55148315429688,105.62922668457031,205.7143096923828,177.2142333984375,92.33484649658203,106.15692901611328,78.59546661376953,134.07911682128906,272.0152587890625,89.43036651611328,129.35342407226562,111.41190338134766,183.68309020996094,231.732421875,79.35005187988281,53.922000885009766,33.459999084472656,62.94982147216797,130.97935485839844,17.74554443359375,52.97469711303711,45.033321380615234,87.05005645751953,95.54820251464844,95.12629699707031,104.80467224121094
2025-05-20,536.8623657226562,287.6131591796875,517.1954956054688,212.81626892089844,105.45284271240234,205.8225860595703,176.51394653320312,92.1881103515625,105.96296691894531,78.35018920898438,133.19412231445312,272.75,89.17281341552734,129.0571746826172,110.92733001708984,183.30844116210938,231.8918914794922,81.02225494384766,54.04800033569336,33.459999084472656,62.98933410644531,130.68731689453125,18.429012298583984,53.225399017333984,44.9847526550293,87.06908416748047,95.56720733642578,95.13581848144531,104.82366180419922
2025-05-21,527.8863525390625,282.6069030761719,510.0081481933594,209.8455810546875,102.54236602783203,200.04405212402344,173.71275329589844,90.97510528564453,103.76167297363281,76.66271209716797,129.84312438964844,265.16455078125,86.96380615234375,125.91715240478516,108.54402923583984,178.45755004882812,224.2858123779297,78.96186065673828,53.03900146484375,33.060001373291016,62.062843322753906,128.57138061523438,17.799633026123047,52.93613052368164,44.86818313598633,87.07856750488281,95.57669830322266,95.15483856201172,104.83318328857422
2025-05-22,528.1327514648438,282.5576477050781,510.9624938964844,210.30259704589844,102.44438171386719,200.0341796875,173.41688537597656,90.544677734375,103.25741577148438,76.5547866821289,130.10165405273438,265.3233642578125,86.7359619140625,125.75917053222656,108.10890197753906,178.8321990966797,225.7013397216797,78.88223266601562,53.82500076293945,33.15999984741211,62.03914260864258,128.83450317382812,17.934358596801758,52.878273010253906,44.722476959228516,87.09758758544922,95.59569549560547,95.17387390136719,104.85218048095703
2025-05-23,524.5660400390625,280.9020080566406,506.2306213378906,208.30560302734375,101.90540313720703,199.40415954589844,171.631591796875,90.4077377319336,102.79194641113281,76.16234588623047,129.37579345703125,264.8269348144531,86.64682006835938,125.1469497680664,107.60454559326172,178.17164611816406,222.45155334472656,78.67320251464844,53.75199890136719,32.957000732421875,61.65886306762695,128.0750274658203,17.789798736572266,53.06147766113281,44.90704345703125,87.13560485839844,95.62420654296875,95.202392578125,104.89970397949219
2025-05-27,535.344970703125,286.67694091796875,518.139892578125,213.2236328125,104.49247741699219,204.46409606933594,175.15281677246094,91.31747436523438,104.49867248535156,77.65361785888672,131.78211975097656,271.11181640625,88.52893829345703,128.2277374267578,110.14608001708984,182.3717803955078,229.48947143554688,78.9320068359375,54.946998596191406,33.540000915527344,62.8638916015625,130.44712829589844,17.42593765258789,53.803932189941406,44.80018615722656,87.13560485839844,95.63372039794922,95.22140502929688,104.89970397949219
2025-05-28,532.29052734375,284.99176025390625,515.8433837890625,212.27976989746094,103.23814392089844,202.30819702148438,173.9790496826172,90.63272857666016,103.65501403808594,77.06495666503906,131.08607482910156,268.6593933105469,87.30060577392578,126.60836029052734,108.830810546875,180.74497985839844,226.79791259765625,78.40445709228516,54.86199951171875,33.38999938964844,62.315704345703125,129.84912109375,17.49477767944336,53.31217956542969,44.596195220947266,87.14508819580078,95.6622085571289,95.2309341430664,104.9091796875
2025-05-29,534.3399658203125,285.90826416015625,516.857421875,212.7069854736328,103.71830749511719,202.90869140625,174.47222900390625,90.94576263427734,103.78107452392578,77.18267822265625,130.9766845703125,268.867919921875,87.46900177001953,126.94407653808594,109.17694091796875,181.01116943359375,226.32937622070312,80.08661651611328,54.40800094604492,33.130001068115234,62.45201110839844,129.5869903564453,18.212663650512695,53.52430725097656,44.76133346557617,87.15458679199219,95.6622085571289,95.2309341430664,104.9377212524414
2025-05-30,533.7882690429688,285.6717834472656,516.042236328125,212.3691864013672,103.25774383544922,201.8750762939453,174.63990783691406,91.47400665283203,103.75199127197266,77.18267822265625,132.1898193359375,267.6963195800781,87.26097106933594,126.63797760009766,108.9989242553711,180.7055206298828,220.43789672851562,78.82251739501953,54.14500045776367,33.16600036621094,62.256439208984375,129.71058654785156,17.888139724731445,53.591800689697266,44.21735763549805,87.18307495117188,95.69071960449219,95.26898956298828,104.95671081542969
2025-06-02,536.8917846679688,287.1302490234375,520.1181030273438,214.038330078125,102.90496063232422,202.50509643554688,175.4191436767578,91.6305160522461,103.81985473632812,77.3592758178711,132.64720153808594,269.7813720703125,87.40956115722656,126.79598236083984,108.8901596069336,181.00131225585938,223.67771911621094,80.86299133300781,55.130001068115234,33.505001068115234,62.626834869384766,130.3853302001953,18.694530487060547,54.20890808105469,44.53791046142578,87.1983642578125,95.71742248535156,95.28328704833984,104.97293853759766
2025-06-03,539.9364013671875,289.111083984375,524.183837890625,215.7074737548828,104.56108093261719,205.7733612060547,176.51394653320312,91.64030456542969,105.08051300048828,77.95774841308594,134.1387481689453,274.3583984375,88.4595947265625,128.35610961914062,110.3834228515625,183.60421752929688,231.75233459472656,81.9578857421875,55.821998596191406,33.7859992980957,63.1997184753418,131.40493774414062,19.323909759521484,53.81357955932617,44.6447639465332,87.21743774414062,95.72694396972656,95.28328704833984,104.99200439453125
2025-06-04,539.5916137695312,289.08148193359375,525.6452026367188,216.27377319335938,104.28669738769531,205.19256591796875,177.17478942871094,91.24901580810547,104.83808135986328,78.10002136230469,134.228271484375,273.83221435546875,88.48931121826172,127.95124816894531,110.24497985839844,183.7718505859375,235.72987365722656,82.09724426269531,56.349998474121094,34.055999755859375,63.60962677001953,131.81756591796875,19.25507164001465,54.09320068359375,45.198455810546875,87.21743774414062,95.73650360107422,95.32146453857422,105.00153350830078
2025-06-05,537.0692138671875,287.48504638671875,521.688720703125,214.62452697753906,104.25729370117188,205.28114318847656,176.71119689941406,91.08271026611328,104.74110412597656,77.91851043701172,133.5421600341797,274.2392883300781,88.43978118896484,128.13888549804688,110.2548599243164,183.79156494140625,231.85205078125,82.17686462402344,56.66400146484375,34.28499984741211,63.26392364501953,131.8265380859375,19.431102752685547,54.09320068359375,45.431583404541016,87.22695922851562,95.74600982666016,95.31193542480469,105.03014373779297
2025-06-06,542.5572509765625,290.835693359375,526.7883911132812,216.75067138671875,105.51162719726562,208.59864807128906,177.9342498779297,91.70877075195312,105.97267150878906,78.60527801513672,135.0237274169922,278.57806396484375,89.17281341552734,129.6990509033203,111.51079559326172,185.96066284179688,234.56353759765625,83.86897277832031,57.2130012512207,34.465999603271484,64.084716796875,132.86605834960938,20.193241119384766,54.26676559448242,45.577293395996094,87.25557708740234,95.77464294433594,95.3405532836914,105.03968811035156
2025-06-09,543.1385498046875,291.0721740722656,527.5638427734375,217.10836791992188,106.63858795166016,210.03591918945312,177.2832794189453,91.10226440429688,106.47693634033203,78.61507415771484,134.40724182128906,279.8787841796875,89.03412628173828,130.53834533691406,112.39093017578125,186.32546997070312,240.43507385253906,83.8789291381836,57.31399917602539,34.582000732421875,64.39289093017578,132.60293579101562,20.00147819519043,54.286048889160156,45.96584701538086,87.27462768554688,95.78416442871094,95.35010528564453,105.06832885742188
2025-06-10,546.2323608398438,292.60955810546875,531.0530395507812,218.5291290283203,107.28536224365234,211.16796875,178.67398071289062,91.22944641113281,107.80548858642578,78.94866180419922,134.4171600341797,280.69293212890625,88.88555145263672,130.982666015625,112.80628204345703,186.83816528320312,245.02069091796875,84.88424682617188,56.82400131225586,34.52000045776367,64.71587371826172,132.4355010986328,20.307315826416016,54.41139602661133,46.22812271118164,87.2841796875,95.79370880126953,95.35964965820312,105.07785034179688
2025-06-11,544.7249145507812,291.8310241699219,529.263671875,217.80384826660156,106.63858795166016,210.30169677734375,178.1019287109375,91.04358673095703,107.2236328125,78.74263763427734,134.56634521484375,279.9482727050781,88.41996002197266,130.2816162109375,112.09425354003906,186.1874237060547,244.85121154785156,83.97846984863281,57.4640007019043,34.584999084472656,64.5489501953125,132.90292358398438,19.884450912475586,54.401756286621094,46.42239761352539,87.2841796875,95.81278228759766,95.37875366210938,105.08738708496094
2025-06-12,546.7841796875,292.7672424316406,530.5062866210938,218.30062866210938,106.22699737548828,209.46493530273438,178.71347045898438,91.76746368408203,107.41757202148438,78.93885040283203,134.3773956298828,278.5284729003906,88.6478042602539,129.649658203125,111.3525619506836,185.7930450439453,244.352783203125,83.96851348876953,57.47999954223633,34.61000061035156,64.57266235351562,132.92884826660156,19.854949951171875,54.826019287109375,46.50010681152344,87.29373168945312,95.82231903076172,95.38829040527344,105.10646057128906
2025-06-13,540.6951293945312,289.3081970214844,523.8458862304688,215.53857421875,104.16910552978516,205.6355438232422,175.84323120117188,90.98489379882812,106.16661834716797,78.01660919189453,132.6273651123047,273.0081481933594,87.11239624023438,127.2008285522461,109.67139434814453,182.75631713867188,236.50743103027344,83.21204376220703,56.33000183105469,34.08399963378906,63.51085662841797,130.8268585205078,19.520591735839844,54.16069793701172,45.76185989379883,87.3318862915039,95.86044311523438,95.43599700927734,105.14459991455078
2025-06-16,545.9170532226562,292.16607666015625,531.132568359375,218.56887817382812,105.21952819824219,208.05995178222656,177.44259643554688,91.02906799316406,107.47095489501953,78.63471984863281,134.67079162597656,276.6671447753906,88.1026611328125,128.3627166748047,110.2350845336914,185.10287475585938,244.99078369140625,82.98310852050781,57.79399871826172,34.595001220703125,64.48475646972656,132.70758056640625,19.527475357055664,54.43068313598633,46.32286834716797,87.3318862915039,95.86044311523438,95.43599700927734,105.14459991455078
2025-06-17,541.2665405273438,289.7319641113281,525.9533081054688,216.41290283203125,104.10812377929688,205.86849975585938,175.74241638183594,90.4204330444336,106.43607330322266,77.9381332397461,133.5062255859375,273.6751708984375,87.50730895996094,127.36311340332031,109.43406677246094,183.42674255371094,241.2525177001953,81.71900177001953,57.52199935913086,34.45000076293945,63.59085464477539,132.31289672851562,19.146896362304688,53.7460823059082,45.714778900146484,87.35093688964844,95.8699722290039,95.44554901123047,105.15414428710938
2025-06-18,541.1581420898438,289.84033203125,525.8638305664062,216.3930206298828,104.54088592529297,206.95437622070312,174.54635620117188,90.08667755126953,106.78754425048828,77.97737884521484,134.13330078125,275.1860656738281,87.74545288085938,127.73921966552734,109.7900619506836,184.59017944335938,244.71165466308594,82.27641296386719,58.176998138427734,34.50199890136719,63.743961334228516,132.31988525390625,19.252120971679688,53.890716552734375,45.7049674987793,87.3700180053711,95.88905334472656,95.46463775634766,105.18276977539062
2025-06-20,539.660400390625,289.17022705078125,523.7167358398438,215.439208984375,104.39334869384766,206.52001953125,173.6171875,90.11613464355469,107.07067108154297,78.1932144165039,133.526123046875,274.50018310546875,87.6859130859375,127.66004180908203,109.60218048095703,184.0577392578125,243.44564819335938,81.9977035522461,57.518001556396484,34.12799835205078,63.3389892578125,132.1394805908203,18.999385833740234,53.4543342590332,45.44015884399414,87.38907623291016,95.92720794677734,95.50282287597656,105.22090911865234
2025-06-23,545.2175903320312,291.94927978515625,529.1017456054688,217.70382690429688,105.78998565673828,209.047119140625,175.55459594726562,90.97016143798828,107.9493408203125,78.83091735839844,134.7902069091797,277.24371337890625,88.35072326660156,129.3128204345703,111.0558853149414,185.8423614501953,243.74900817871094,81.89517211914062,57.81999969482422,34.48899841308594,63.871376037597656,132.97169494628906,18.871543884277344,53.86252975463867,45.8128547668457,87.40815734863281,95.94628143310547,95.52191162109375,105.23998260498047
2025-06-24,551.2080688476562,295.3590393066406,537.1927490234375,221.03701782226562,106.85221862792969,211.71238708496094,177.54144287109375,91.44136047363281,109.40402221679688,79.64859008789062,137.1890106201172,281.9056701660156,89.23383331298828,130.6291046142578,112.34148406982422,188.49452209472656,253.28941345214844,83.4381103515625,59.9379997253418,35.486000061035156,65.31838989257812,135.63284301757812,19.5078067779541,54.572017669677734,46.99961471557617,87.40815734863281,95.95579528808594,95.54100036621094,105.24951934814453
2025-06-25,551.4839477539062,295.01409912109375,538.5661010742188,221.61412048339844,105.78998565673828,209.24453735351562,177.30419921875,90.65603637695312,108.76943969726562,78.98855590820312,136.22354125976562,278.4266052246094,88.64839935302734,129.233642578125,111.31299591064453,186.63108825683594,253.83828735351562,82.890625,60.415000915527344,35.5099983215332,65.13072967529297,134.25244140625,19.48125457763672,54.29988479614258,47.038848876953125,87.41769409179688,95.96531677246094,95.53144836425781,105.25904846191406
2025-06-26,555.8488159179688,297.556640625,543.6018676757812,223.68368530273438,107.36366271972656,212.64031982421875,178.29269409179688,90.99961853027344,109.75550079345703,79.68799591064453,137.4676971435547,282.8996887207031,89.70020294189453,131.09426879882812,112.76671600341797,189.21568298339844,257.2512512207031,83.29875946044922,61.68899917602539,35.91600036621094,65.81620788574219,136.02752685546875,19.412416458129883,54.89274215698242,47.35270309448242,87.42723083496094,95.97488403320312,95.550537109375,105.27814483642578
2025-06-27,558.6075439453125,298.9067687988281,545.4629516601562,224.4597930908203,107.68822479248047,212.7093963623047,179.49864196777344,91.3039321899414,109.93122100830078,80.00324249267578,136.7809295654297,283.3072509765625,90.15664672851562,131.60890197753906,113.18206787109375,189.56173706054688,255.56472778320312,82.63180541992188,61.3390007019043,35.86800003051758,66.00980377197266,136.84678649902344,19.087892532348633,55.23291015625,47.166351318359375,87.46534729003906,96.01302337646484,95.57917022705078,105.31629943847656
2025-06-30,561.3995971679688,300.422119140625,548.9959106445312,225.96224975585938,107.49151611328125,213.01541137695312,180.71449279785156,92.14815521240234,110.52676391601562,80.3283462524414,138.03506469726562,284.1521301269531,90.27571105957031,131.66827392578125,113.41300201416016,190.54058837890625,255.98385620117188,82.55216217041016,62.61000061035156,36.08000183105469,66.54811096191406,137.91323852539062,18.999385833740234,55.407840728759766,47.313472747802734,87.47490692138672,96.01302337646484,95.5887222290039,105.31629943847656
2025-07-01,561.142578125,300.422119140625,544.3682250976562,223.98219299316406,109.13402557373047,215.20687866210938,181.31744384765625,92.54080963134766,112.15718841552734,81.11644744873047,137.0397186279297,283.52593994140625,90.88099670410156,132.48971557617188,114.2653579711914,191.4008026123047,255.68446350097656,82.70149230957031,61.00600051879883,35.790000915527344,66.33674621582031,136.69927978515625,19.137062072753906,55.36897277832031,47.4017448425293,87.49022674560547,96.03886413574219,95.59639739990234,105.32681274414062
2025-07-02,563.6331787109375,301.9838562011719,548.159912109375,225.57418823242188,110.61917877197266,218.1880340576172,181.8215789794922,91.6671371459961,112.45008087158203,81.32333374023438,137.5672607421875,286.80621337890625,91.6152572631836,133.98414611816406,115.57362365722656,193.46728515625,261.27301025390625,84.4036865234375,61.11399841308594,35.73899841308594,66.71701049804688,136.96339416503906,19.854949951171875,55.543914794921875,47.60771179199219,87.4997787475586,96.03886413574219,95.62511444091797,105.33639526367188
2025-07-03,568.505615234375,304.4747619628906,553.553955078125,227.77310180664062,111.21915435791016,220.211669921875,182.8397216796875,92.4328384399414,113.05538940429688,81.77649688720703,139.33895874023438,290.3052062988281,92.3098373413086,134.95407104492188,116.41606903076172,195.27667236328125,264.5462341308594,84.85163879394531,62.22999954223633,36.409000396728516,67.1427230834961,138.05674743652344,19.982791900634766,55.61194610595703,47.823482513427734,87.54762268066406,96.08668518066406,95.6442642211914,105.37467956542969
2025-07-07,563.9495239257812,302.07281494140625,549.384033203125,226.0418243408203,109.33074188232422,216.90475463867188,181.48550415039062,92.11869812011719,111.70808410644531,81.22482299804688,138.881103515625,286.0805969238281,91.4961929321289,132.72726440429688,114.31490325927734,193.328857421875,257.45086669921875,83.19921112060547,61.79899978637695,35.98500061035156,66.4404525756836,137.7587432861328,19.658267974853516,54.921897888183594,47.14673614501953,87.55718231201172,96.1058349609375,95.6442642211914,105.39380645751953
2025-07-08,563.5738525390625,302.05303955078125,549.6925659179688,226.21099853515625,110.17658233642578,218.40521240234375,181.69308471679688,91.83403015136719,112.5477066040039,81.24452209472656,138.19430541992188,287.40264892578125,91.67479705810547,133.50909423828125,114.76091766357422,193.86277770996094,262.98944091796875,84.32405853271484,61.845001220703125,36.22999954223633,66.70121002197266,137.57437133789062,19.987709045410156,55.32037353515625,47.440975189208984,87.55718231201172,96.1249771118164,95.6729965209961,105.41295623779297
2025-07-09,566.9144287109375,303.95086669921875,553.5838623046875,227.8228759765625,111.09127807617188,220.77435302734375,182.81007385253906,92.01072692871094,112.68438720703125,81.5794677734375,139.0403594970703,291.18988037109375,92.17091369628906,134.6670379638672,116.04934692382812,195.50408935546875,265.8835144042969,87.46965789794922,62.53499984741211,36.29899978637695,67.20001983642578,138.2102508544922,21.23171615600586,55.69941329956055,47.36251449584961,87.56675720214844,96.11540222167969,95.6729965209961,105.42252349853516
2025-07-10,568.5748901367188,304.76141357421875,552.7876586914062,227.48455810546875,112.1928482055664,221.90957641601562,182.8001708984375,91.73584747314453,113.27992248535156,81.79620361328125,138.3535919189453,291.498046875,92.48844909667969,135.9041748046875,116.86206817626953,195.91934204101562,266.9413757324219,87.97734069824219,61.43299865722656,35.9109992980957,67.2898941040039,138.3089141845703,21.172712326049805,55.73828887939453,47.490013122558594,87.58589935302734,96.13453674316406,95.69216918945312,105.4321060180664
2025-07-11,566.529052734375,303.4764099121094,551.543701171875,226.98707580566406,110.96342468261719,218.8494110107422,181.7425079345703,91.03888702392578,112.35245513916016,81.22482299804688,136.87049865722656,286.9255065917969,91.53588104248047,134.50869750976562,115.7222900390625,193.70455932617188,264.0971984863281,86.62353515625,61.33599853515625,35.599998474121094,66.61824035644531,137.6192169189453,20.838354110717773,55.27177810668945,47.33308792114258,87.60504150390625,96.17281341552734,95.7113037109375,105.4607925415039
2025-07-14,567.6458129882812,304.1683349609375,553.5440063476562,227.79299926757812,111.25849151611328,220.3202667236328,181.78204345703125,91.52971649169922,112.25482940673828,81.45140075683594,138.30380249023438,289.5894775390625,92.06177520751953,135.2410430908203,116.44580078125,195.3459014892578,261.2430419921875,87.86783599853516,61.685001373291016,35.72600173950195,66.93036651611328,138.5570831298828,21.33497428894043,55.339813232421875,47.4017448425293,87.6146011352539,96.17281341552734,95.74002838134766,105.47994232177734
2025-07-15,565.184814453125,302.56707763671875,554.0515747070312,228.0218505859375,108.996337890625,216.0064697265625,180.5167694091797,90.48915100097656,110.80012512207031,80.42684936523438,136.97003173828125,285.344970703125,90.5733871459961,132.70745849609375,114.11668395996094,192.26100158691406,262.0813293457031,85.51859283447266,61.849998474121094,35.7599983215332,66.65972900390625,138.31289672851562,20.715429306030273,54.785831451416016,47.745018005371094,87.62419128417969,96.182373046875,95.72088623046875,105.47994232177734
2025-07-16,567.0429077148438,303.71368408203125,554.6188354492188,228.27061462402344,109.72415924072266,218.1781768798828,181.26803588867188,91.09778594970703,110.6634521484375,80.77165222167969,137.80613708496094,289.0825500488281,90.9901351928711,133.6377410888672,115.11771392822266,194.08029174804688,264.5263366699219,87.41989135742188,62.09000015258789,35.84199905395508,67.01728057861328,138.25807189941406,21.23663330078125,55.04824447631836,47.970603942871094,87.64329528808594,96.2110824584961,95.7496109008789,105.50865936279297
2025-07-17,570.4428100585938,305.6905822753906,559.1072387695312,230.09144592285156,111.01260375976562,221.04087829589844,182.35536193847656,91.32357025146484,111.28828430175781,81.40213775634766,139.17971801757812,293.0983581542969,92.14115905761719,135.31033325195312,116.29713439941406,196.40383911132812,268.38836669921875,87.71852111816406,62.71200180053711,36.066001892089844,67.61288452148438,139.19595336914062,21.511987686157227,55.17459487915039,48.24522399902344,87.64329528808594,96.22064971923828,95.7687759399414,105.51821899414062
2025-07-18,570.185791015625,305.52252197265625,558.56982421875,229.89244079589844,110.02906799316406,219.47132873535156,181.91053771972656,91.24502563476562,111.26876068115234,81.50066375732422,139.98593139648438,291.010986328125,92.08161926269531,134.03363037109375,115.30602264404297,196.2555389404297,269.965087890625,85.876953125,62.86399841308594,36.20199966430664,67.60794067382812,140.07302856445312,21.24646759033203,55.04824447631836,48.1373405456543,87.68157196044922,96.2493667602539,95.80707550048828,105.55651092529297
2025-07-21,571.2037963867188,305.8684997558594,561.4658813476562,231.05657958984375,109.77333068847656,218.5828857421875,182.29605102539062,91.26466369628906,111.32733154296875,81.2740707397461,139.1896514892578,288.7346496582031,91.3572769165039,133.50909423828125,114.84020233154297,195.13824462890625,271.0528564453125,85.47876739501953,63.62300109863281,36.27299880981445,67.61387634277344,139.35543823242188,21.280885696411133,55.407840728759766,48.45119094848633,87.70072174072266,96.2589340209961,95.80707550048828,105.5660629272461
2025-07-22,571.2037963867188,306.224365234375,558.559814453125,229.89244079589844,110.9732666015625,220.3992462158203,182.70132446289062,92.07945251464844,112.13765716552734,82.06218719482422,139.34893798828125,289.2813415527344,92.3792953491211,134.2216796875,115.56370544433594,196.40383911132812,267.1509094238281,86.3348617553711,62.801998138427734,36.11199951171875,67.83808135986328,138.48831176757812,21.34972381591797,55.670257568359375,48.480613708496094,87.71028137207031,96.278076171875,95.80707550048828,105.57565307617188
2025-07-23,576.0565185546875,308.8042297363281,561.1076049804688,230.9371795654297,112.27153778076172,223.76539611816406,184.10498046875,92.24633026123047,113.7485580444336,82.63356018066406,140.7025909423828,294.390625,93.19294738769531,135.67649841308594,116.65393829345703,198.58897399902344,266.57208251953125,87.81806182861328,63.354000091552734,36.314998626708984,68.66678619384766,140.23150634765625,22.057777404785156,56.85597610473633,48.971012115478516,87.71985626220703,96.28763580322266,95.83580017089844,105.585205078125
2025-07-24,576.4518432617188,308.6954650878906,562.3018798828125,231.42471313476562,110.47164916992188,220.67564392089844,184.00613403320312,92.27576446533203,112.80155181884766,82.42668914794922,140.1153564453125,291.0208435058594,92.6571273803711,133.67735290527344,115.11771392822266,196.88833618164062,265.065185546875,87.09139251708984,63.44200134277344,36.099998474121094,68.51863098144531,140.1597442626953,21.91518211364746,56.45749282836914,48.706199645996094,87.71985626220703,96.29718780517578,95.82623291015625,105.59476470947266
2025-07-25,578.7448120117188,310.0694274902344,563.6553344726562,231.9719696044922,111.05194854736328,221.49496459960938,184.7376251220703,92.52118682861328,112.86988830566406,82.89955139160156,141.64817810058594,292.2435607910156,93.88752746582031,134.4394073486328,115.64300537109375,198.19345092773438,264.91552734375,87.21084594726562,63.933998107910156,36.33000183105469,68.61444091796875,140.7447967529297,21.856178283691406,56.389461517333984,48.55907440185547,87.7485580444336,96.31632995605469,95.86454010009766,105.63304901123047
2025-07-28,578.6063842773438,309.98046875,565.4168090820312,232.7182159423828,110.94375610351562,221.23831176757812,184.62887573242188,91.70640563964844,112.3817367553711,82.50550079345703,141.6979522705078,292.1640319824219,93.67916107177734,134.4394073486328,115.68264770507812,197.9561767578125,269.7056884765625,86.17559051513672,64.28900146484375,36.31999969482422,68.3408432006836,141.0836639404297,22.028274536132812,55.55363082885742,48.235416412353516,87.75811004638672,96.34503936767578,95.87410736083984,105.64260864257812
2025-07-29,577.1041259765625,309.00189208984375,564.541015625,232.36996459960938,110.50115203857422,219.8267059326172,183.88751220703125,92.05979919433594,112.07909393310547,82.3478775024414,140.8618621826172,290.205810546875,93.63946533203125,134.08311462402344,115.47451782226562,196.90809631347656,268.4382629394531,85.44890594482422,64.552001953125,36.2400016784668,67.87759399414062,139.9923095703125,21.492319107055664,55.53419494628906,48.255035400390625,87.7677001953125,96.34503936767578,95.89325714111328,105.66177368164062
2025-07-30,576.4024047851562,308.64605712890625,565.2974853515625,232.628662109375,109.72415924072266,218.7112274169922,183.1461639404297,91.62787628173828,111.59093475341797,81.92426300048828,141.75765991210938,291.1600341796875,93.58985900878906,134.05343627929688,115.26638793945312,196.54226684570312,269.7755126953125,85.84709167480469,65.13999938964844,36.03099822998047,67.6375732421875,140.58631896972656,21.762754440307617,55.116275787353516,47.901947021484375,87.77723693847656,96.36418151855469,95.90284729003906,105.65219116210938
2025-07-31,574.2379760742188,307.3017883300781,562.3018798828125,231.40484619140625,108.46521759033203,216.56912231445312,181.99949645996094,90.91126251220703,110.27293395996094,81.2740707397461,140.7623291015625,288.4165344238281,92.3098373413086,132.31158447265625,113.95811462402344,195.52386474609375,264.8057556152344,85.26972961425781,64.25,35.72100067138672,67.2049560546875,140.52850341796875,21.300554275512695,54.640045166015625,47.62732696533203,87.78682708740234,96.3737564086914,95.89325714111328,105.66177368164062
2025-08-01,564.7796630859375,302.211181640625,551.2251586914062,226.87762451171875,106.67516326904297,212.15660095214844,180.23011779785156,90.6462173461914,108.90611267089844,80.33819580078125,138.52276611328125,282.7506103515625,91.0794448852539,130.11447143554688,112.21376037597656,191.46011352539062,261.15325927734375,85.53849792480469,62.06999969482422,34.96200180053711,65.97918701171875,138.13449096679688,21.094039916992188,54.4456672668457,47.27424240112305,87.82427215576172,96.40447235107422,95.98648834228516,105.75300598144531
2025-08-04,573.3682861328125,306.9459228515625,561.3961181640625,231.05657958984375,108.47505950927734,216.90475463867188,183.31419372558594,91.65733337402344,110.01909637451172,81.4415512084961,141.36949157714844,289.89764404296875,92.26022338867188,132.380859375,113.88874053955078,195.1085662841797,267.0111999511719,86.4244384765625,63.45100021362305,35.69499969482422,67.15654754638672,140.27236938476562,21.372343063354492,55.20375061035156,47.7646369934082,87.83386993408203,96.4236831665039,95.99607849121094,105.77220153808594
2025-08-05,570.6107788085938,305.59173583984375,557.5845947265625,229.4447021484375,108.996337890625,218.01034545898438,181.76226806640625,90.87200164794922,110.36080932617188,81.12629699707031,139.9262237548828,291.2296447753906,92.15109252929688,132.9845733642578,114.33473205566406,194.82183837890625,265.5841369628906,86.45430755615234,62.9379997253418,35.391998291015625,67.01728057861328,138.22817993164062,21.615243911743164,55.300941467285156,47.901947021484375,87.83386993408203,96.43327331542969,95.99607849121094,105.76258850097656
2025-08-06,574.8507080078125,307.6576232910156,564.6007690429688,232.35008239746094,108.98650360107422,217.72409057617188,183.2548828125,91.37264251708984,110.39984893798828,81.16571044921875,140.39404296875,290.0765380859375,91.97248077392578,132.8657989501953,114.44375610351562,194.9108428955078,267.02117919921875,85.73758697509766,65.2699966430664,35.57699966430664,67.37286376953125,138.4524383544922,21.202213287353516,55.728572845458984,48.12752914428711,87.86268615722656,96.44288635253906,96.00569915771484,105.7914047241211
2025-08-07,574.5048217773438,307.4797058105469,566.5115966796875,233.17591857910156,108.77011108398438,217.01333618164062,181.99949645996094,90.8916244506836,110.55606079101562,80.85047149658203,139.65748596191406,289.3210754394531,91.58549499511719,132.35116577148438,113.73015594482422,194.9108428955078,267.02117919921875,84.93128204345703,64.91400146484375,35.52000045776367,67.20001983642578,138.46937561035156,20.671175003051758,56.127052307128906,48.5296516418457,87.86268615722656,96.44288635253906,96.02494049072266,105.80101776123047
2025-08-08,578.9028930664062,309.41705322265625,571.7960815429688,235.3350372314453,109.06517791748047,217.4871826171875,183.5118865966797,91.13703918457031,111.72761535644531,80.88494873046875,137.9853057861328,289.7982177734375,91.50611114501953,132.52931213378906,114.06713104248047,194.38681030273438,269.55596923828125,85.04077911376953,64.56999969482422,35.45600128173828,67.42225646972656,138.94679260253906,20.68592643737793,56.389461517333984,48.490421295166016,87.8914794921875,96.49092102050781,96.05375671386719,105.83942413330078
2025-08-11,577.7168579101562,308.70538330078125,570.1041870117188,234.64849853515625,108.996337890625,217.43780517578125,183.16592407226562,90.94071197509766,111.6299819946289,80.65343475341797,137.62696838378906,289.98712158203125,91.0794448852539,132.7767333984375,114.01757049560547,193.86277770996094,268.63787841796875,84.77201843261719,64.09400177001953,35.082000732421875,67.23063659667969,138.8072509765625,20.705595016479492,56.16592788696289,48.353111267089844,87.90106964111328,96.5005111694336,96.07296752929688,105.84904479980469
2025-08-12,583.884033203125,312.4813232421875,577.2697143554688,237.58370971679688,112.49774932861328,223.89370727539062,185.0736846923828,91.12724304199219,113.7485580444336,81.67108917236328,139.59776306152344,297.7504577636719,93.23263549804688,136.6958770751953,117.46664428710938,198.18356323242188,281.2120056152344,86.52399444580078,65.55999755859375,35.70000076293945,68.29837036132812,141.34878540039062,21.384145736694336,56.79765319824219,48.94158935546875,87.91069793701172,96.5005111694336,96.07296752929688,105.86824035644531
2025-08-13,585.9200439453125,313.9936218261719,577.558349609375,237.7130584716797,114.8779296875,228.24700927734375,186.52676391601562,91.8536605834961,114.93964385986328,82.53013610839844,140.4736785888672,302.98895263671875,94.26458740234375,139.06124877929688,119.43896484375,201.01136779785156,285.60296630859375,89.11213684082031,65.5999984741211,35.810001373291016,69.0322494506836,141.5889892578125,22.146284103393555,57.0600700378418,49.53006362915039,87.92029571533203,96.51971435546875,96.10181427001953,105.88744354248047
2025-08-14,585.9298095703125,313.529052734375,577.110595703125,237.49916076660156,113.25508117675781,225.30532836914062,186.4378204345703,91.5395278930664,115.12512969970703,81.9439697265625,139.12994384765625,298.655029296875,92.92504119873047,136.854248046875,117.75406646728516,198.63841247558594,284.3056640625,89.16191864013672,64.16600036621094,35.46500015258789,68.9532241821289,141.43748474121094,22.195453643798828,56.96288299560547,48.921974182128906,87.92989349365234,96.52931213378906,96.10181427001953,105.88744354248047
2025-08-15,584.664794921875,312.8173522949219,574.57275390625,236.45938110351562,112.55677032470703,224.20962524414062,185.9435577392578,91.80457305908203,114.1781234741211,81.8060531616211,139.20957946777344,297.57147216796875,92.4487533569336,135.99322509765625,116.81251525878906,198.12425231933594,280.2140808105469,90.26685333251953,63.941001892089844,35.540000915527344,69.23966979980469,141.05377197265625,22.569149017333984,57.215576171875,48.98081970214844,87.96830749511719,96.55812072753906,96.13063049316406,105.916259765625
2025-08-18,584.4572143554688,312.9359436035156,574.3438110351562,236.37977600097656,112.72396087646484,225.02894592285156,185.93370056152344,91.7554931640625,114.45148468017578,81.81590270996094,140.1651153564453,299.0128479003906,92.83573913574219,136.3297119140625,117.34771728515625,198.7174835205078,283.0682067871094,89.79900360107422,64.32099914550781,35.917999267578125,69.36017608642578,141.54612731933594,22.406885147094727,57.15726089477539,49.26525115966797,87.96830749511719,96.58694458007812,96.14985656738281,105.92587280273438
2025-08-19,581.2649536132812,311.03814697265625,566.5513916015625,233.1858673095703,112.86166381835938,223.30145263671875,185.38999938964844,92.37393951416016,115.07632446289062,81.93412017822266,139.11004638671875,294.8280334472656,92.7265853881836,136.0526123046875,117.18913269042969,197.19483947753906,275.0446472167969,88.39543151855469,62.847999572753906,35.43000030517578,68.6529541015625,140.26239013671875,21.713584899902344,57.089229583740234,48.86312484741211,87.98748779296875,96.58694458007812,96.14985656738281,105.95468139648438
2025-08-20,579.7330932617188,310.21771240234375,563.1876220703125,231.80284118652344,112.3305435180664,222.51173400878906,184.99461364746094,92.84513092041016,114.2659912109375,81.91442108154297,138.97068786621094,293.8538818359375,92.24038696289062,135.56764221191406,116.77286529541016,196.51260375976562,273.3282470703125,88.81350708007812,62.59299850463867,35.042999267578125,68.46924591064453,139.66041564941406,21.811925888061523,57.23501205444336,48.794471740722656,88.0067138671875,96.60614013671875,96.16907501220703,105.96427154541016
2025-08-21,577.4500732421875,309.150146484375,560.5802001953125,230.75808715820312,112.24202728271484,223.06451416015625,184.41140747070312,92.59972381591797,114.00238800048828,81.65828704833984,138.60240173339844,295.3448791503906,92.1907730102539,135.6369171142578,116.76294708251953,196.53237915039062,273.91705322265625,89.51032257080078,62.441001892089844,34.992000579833984,68.27959442138672,139.2039337158203,22.259374618530273,56.96288299560547,48.68658447265625,88.0067138671875,96.60614013671875,96.16907501220703,105.95468139648438
2025-08-22,586.2857666015625,314.50762939453125,569.2284545898438,234.290283203125,116.54995727539062,231.81060791015625,187.18902587890625,92.80587005615234,116.59934997558594,83.1950912475586,140.9912567138672,305.4441833496094,94.4233627319336,140.3577423095703,120.81660461425781,202.70213317871094,285.4433288574219,90.50576782226562,64.08100128173828,35.935001373291016,69.86094665527344,141.62586975097656,22.692073822021484,57.88618850708008,49.657569885253906,88.03551483154297,96.64454650878906,96.21712493896484,106.0218734741211
2025-08-25,583.8049926757812,312.99530029296875,567.5863647460938,233.603759765625,115.44837951660156,229.3723602294922,186.2401123046875,91.9616470336914,116.12096405029297,82.55475616455078,140.0854949951172,302.20367431640625,93.52039337158203,138.71487426757812,119.58763122558594,201.19924926757812,282.7289123535156,88.38546752929688,64.14900207519531,35.77899932861328,69.39573669433594,141.3198699951172,22.10694694519043,57.16698455810547,49.373138427734375,88.04508972167969,96.66374969482422,96.22673034667969,106.0218734741211
2025-08-26,586.137451171875,314.4186706542969,569.8653564453125,234.57882690429688,115.84180450439453,231.26766967773438,186.88259887695312,91.95182037353516,116.32598114013672,82.74192810058594,140.98129272460938,304.83782958984375,94.12567138671875,139.45712280273438,120.12281799316406,202.45492553710938,287.3194885253906,89.49041748046875,64.33999633789062,35.94499969482422,69.6150131225586,142.90658569335938,22.500308990478516,57.18642044067383,49.245635986328125,88.0547103881836,96.66374969482422,96.24595642089844,106.03148651123047
2025-08-27,587.4815063476562,315.2588195800781,570.7412109375,234.9171600341797,116.80567169189453,232.9063262939453,187.16928100585938,92.33466339111328,116.9605712890625,82.99807739257812,141.7676239013672,306.7463684082031,94.65157318115234,140.47653198242188,120.95536804199219,203.56234741210938,288.14776611328125,89.87863159179688,65.125,36.28499984741211,69.45993041992188,142.76007080078125,22.5445613861084,57.118385314941406,48.95139694213867,88.0643081665039,96.67337799072266,96.24595642089844,106.05071258544922
2025-08-28,589.55712890625,316.40545654296875,574.31396484375,236.38970947265625,116.57946014404297,233.18270874023438,187.50535583496094,92.30521392822266,117.23394012451172,83.22465515136719,143.3601837158203,308.46600341796875,95.21715545654297,140.27857971191406,120.78687286376953,204.7488250732422,292.68841552734375,89.87863159179688,67.40599822998047,37.25,69.88662719726562,143.8125762939453,22.490476608276367,57.35163879394531,49.13774490356445,88.07392120361328,96.68296813964844,96.25556182861328,106.060302734375
2025-08-29,586.1572265625,314.52740478515625,567.6660766601562,233.6335906982422,116.0975341796875,232.146240234375,186.77389526367188,92.53099822998047,116.84342193603516,82.9783706665039,142.2454071044922,305.8617248535156,94.37374114990234,139.5165252685547,119.97416687011719,203.50302124023438,285.5929870605469,89.44063568115234,65.93000030517578,36.5629997253418,69.55574035644531,142.91854858398438,22.32329750061035,57.0600700378418,48.90235900878906,88.11231994628906,96.74058532714844,96.30361938476562,106.10832214355469
2025-09-02,581.8382568359375,312.3428955078125,562.9088745117188,231.68344116210938,115.22216796875,230.89256286621094,185.44932556152344,92.29540252685547,116.24788665771484,82.42668914794922,141.20025634765625,304.0724182128906,94.1157455444336,138.53671264648438,119.21101379394531,202.5439453125,282.1800231933594,92.45683288574219,64.99299621582031,36.150001525878906,69.17546844482422,142.03150939941406,22.814998626708984,56.554683685302734,48.86312484741211,88.13351440429688,96.7502212524414,96.32098388671875,106.13529968261719
2025-09-03,584.81298828125,313.66741943359375,567.3375854492188,233.45449829101562,115.08447265625,230.66552734375,186.49710083007812,92.33466339111328,115.90618133544922,82.24935913085938,140.98129272460938,303.714599609375,93.94705963134766,138.36846923828125,118.95331573486328,202.01991271972656,281.4414978027344,93.22332763671875,65.5510025024414,36.125999450683594,69.20905303955078,142.97335815429688,23.119853973388672,56.6810302734375,49.04947280883789,88.14314270019531,96.75985717773438,96.34025573730469,106.15457916259766
2025-09-04,589.626220703125,316.4450378417969,572.4727783203125,235.60366821289062,116.80567169189453,233.5479736328125,188.1379852294922,92.48191833496094,117.14607238769531,82.85029602050781,142.11599731445312,307.273193359375,95.40569305419922,140.00146484375,120.40034484863281,204.27423095703125,286.1119689941406,93.04415130615234,66.01100158691406,36.30099868774414,69.69896697998047,144.6278533935547,23.11001968383789,57.030914306640625,48.892547607421875,88.16242980957031,96.77912139892578,96.34989929199219,106.17385864257812
2025-09-05,588.0152587890625,315.8617858886719,573.298828125,235.9618682861328,117.16958618164062,234.7128143310547,187.04075622558594,92.26594543457031,117.56587219238281,83.00792694091797,142.11599731445312,308.9729919433594,95.93158721923828,139.93218994140625,120.44990539550781,205.45082092285156,289.02593994140625,95.0350341796875,67.16699981689453,37.060001373291016,70.03775024414062,144.57801818847656,23.97640037536621,57.30304718017578,49.48102569580078,88.19131469726562,96.79840850830078,96.40775299072266,106.2316665649414
2025-09-08,589.5372924804688,316.8700256347656,576.095458984375,237.08621215820312,116.99253845214844,235.18663024902344,187.52513122558594,92.344482421875,117.09725952148438,83.00792694091797,143.071533203125,310.19561767578125,96.04073333740234,139.9717559814453,120.38050842285156,206.45933532714844,292.66845703125,93.99977111816406,68.80500030517578,37.49100112915039,70.43087005615234,145.61257934570312,23.97541618347168,57.857025146484375,49.93218994140625,88.2009506225586,96.82732391357422,96.41738891601562,106.2509536743164
2025-09-09,590.9703979492188,317.2752990722656,577.7275390625,237.7926483154297,115.96965789794922,233.80462646484375,187.81178283691406,92.51136016845703,117.23394012451172,82.90941619873047,143.11134338378906,308.9630432128906,95.10801696777344,138.85340881347656,119.45877838134766,205.50027465820312,293.5466613769531,94.54727172851562,69.61900329589844,37.749000549316406,70.7479248046875,147.25111389160156,24.1917667388916,57.70151901245117,50.206809997558594,88.2105941772461,96.82732391357422,96.41738891601562,106.24131774902344
2025-09-10,592.6801147460938,318.0858154296875,577.9166259765625,237.8623046875,115.68443298339844,233.3900146484375,187.38674926757812,92.02053833007812,117.5365982055664,82.85029602050781,142.81271362304688,307.83978271484375,95.05839538574219,138.3882598876953,119.11189270019531,205.3025360107422,296.2610778808594,93.4721908569336,70.76899719238281,37.88100051879883,70.54346466064453,149.1118927001953,23.798404693603516,57.74039840698242,50.55009078979492,88.22024536132812,96.83695983886719,96.4366683959961,106.26058959960938
2025-09-11,597.5131225585938,321.03143310546875,581.2803955078125,239.2553253173828,118.12361907958984,237.70384216308594,189.36370849609375,93.16907501220703,119.3622817993164,84.06202697753906,144.58445739746094,313.8238220214844,96.83453369140625,141.23855590820312,121.63922882080078,208.44671630859375,299.0353698730469,95.26398468017578,71.48600006103516,38.45000076293945,71.47686767578125,149.62918090820312,24.29502296447754,58.38185501098633,51.28568649291992,88.22987365722656,96.85623168945312,96.45594787597656,106.27986145019531
2025-09-12,597.3846435546875,320.5668640136719,583.8480224609375,240.2900848388672,116.51061248779297,235.2754669189453,188.61245727539062,92.4132080078125,118.76673889160156,83.48078918457031,143.5592498779297,311.00079345703125,95.65375518798828,139.36805725097656,119.94442749023438,206.48899841308594,298.13726806640625,93.6911849975586,71.33000183105469,38.209999084472656,71.1993179321289,149.59527587890625,23.7197322845459,58.13887405395508,51.25625991821289,88.25875854492188,96.88514709472656,96.4752426147461,106.29914093017578
2025-09-15,600.4978637695312,322.1286315917969,588.843994140625,242.37957763671875,116.61880493164062,236.27249145507812,189.2351837158203,92.12852478027344,118.83507537841797,83.42168426513672,143.81805419921875,312.49188232421875,95.86212921142578,139.4274444580078,119.98406982421875,207.05259704589844,302.5482177734375,93.00433349609375,72.86000061035156,38.52000045776367,71.69910430908203,150.9667205810547,23.601722717285156,58.60538864135742,51.62895965576172,88.26841735839844,96.88514709472656,96.48487091064453,106.31841278076172
2025-09-16,599.7070922851562,321.6937255859375,588.3463745117188,242.16065979003906,116.47467041015625,235.88343811035156,189.05584716796875,91.74616241455078,118.87433624267578,83.10643768310547,143.06991577148438,312.6082763671875,95.48939514160156,139.30245971679688,119.99398803710938,206.7559814453125,305.4222412109375,93.31291198730469,72.77899932861328,38.77000045776367,71.85714721679688,151.24180603027344,23.7197322845459,58.537357330322266,52.011470794677734,88.27806091308594,96.90442657470703,96.51380920410156,106.33769226074219
2025-09-17,599.015380859375,321.40704345703125,587.172119140625,241.67311096191406,116.4450454711914,236.48728942871094,189.55128479003906,92.199462890625,119.26698303222656,83.30345916748047,142.97030639648438,313.4940185546875,95.35023498535156,139.25286865234375,119.7561264038086,206.93392944335938,307.7774353027344,93.3427734375,73.05000305175781,38.67599868774414,72.07444763183594,151.18698120117188,23.734481811523438,58.333255767822266,52.23705291748047,88.28767395019531,96.91405487060547,96.53309631347656,106.34732818603516
2025-09-18,601.8320922851562,323.4333801269531,592.466552734375,243.89195251464844,119.09085083007812,242.37744140625,190.27468872070312,92.32758331298828,121.71121978759766,83.88470458984375,144.34500122070312,322.29144287109375,96.65232849121094,142.47654724121094,122.75918579101562,210.67141723632812,320.17193603515625,96.23951721191406,74.56999969482422,39.540000915527344,72.8448715209961,152.1258544921875,24.835895538330078,58.51791763305664,52.109554290771484,88.29730224609375,96.93331909179688,96.53309631347656,106.35696411132812
2025-09-19,604.6389770507812,324.6492004394531,596.4771728515625,245.55357360839844,117.73832702636719,240.53614807128906,190.9584197998047,92.47540283203125,120.8277587890625,83.79602813720703,144.10592651367188,320.8583679199219,96.07583618164062,140.97877502441406,121.38153839111328,209.70242309570312,318.0662841796875,95.16443634033203,74.84500122070312,39.31999969482422,72.7559814453125,152.44180297851562,24.157346725463867,58.251319885253906,51.99185562133789,88.33585357666016,96.97188568115234,96.55237579345703,106.39551544189453
2025-09-22,607.5841064453125,326.05279541015625,600.0083618164062,246.96022033691406,118.04437255859375,241.93197631835938,192.0186767578125,92.57394409179688,120.78850555419922,83.8255844116211,144.70362854003906,323.3861999511719,96.15534210205078,141.58383178710938,121.96629333496094,210.27589416503906,323.0375671386719,96.88406372070312,75.47100067138672,39.54999923706055,73.15205383300781,153.8471221923828,24.973573684692383,58.56381607055664,52.24686050415039,88.34548950195312,96.97188568115234,96.57164764404297,106.4051513671875
2025-09-23,604.4016723632812,324.3032531738281,596.02294921875,245.3164825439453,117.80743408203125,241.38751220703125,191.116943359375,92.77103424072266,121.2007827758789,83.85514068603516,143.63772583007812,322.5103759765625,96.03607177734375,141.45489501953125,121.8275375366211,209.3365936279297,321.8993225097656,96.35631561279297,74.89099884033203,39.08000183105469,72.55843353271484,151.98333740234375,24.830978393554688,58.475929260253906,52.276283264160156,88.34548950195312,96.99114227294922,96.5909423828125,106.4051513671875
2025-09-24,602.3855590820312,323.11712646484375,593.9305419921875,244.45974731445312,116.83007049560547,239.17005920410156,190.45303344726562,92.7907485961914,121.3283920288086,83.45651245117188,141.90438842773438,317.84295654296875,95.03217315673828,139.85792541503906,120.40034484863281,207.42013549804688,319.4431457519531,97.0234603881836,73.28099822998047,38.72999954223633,72.47941589355469,151.3733673095703,25.646223068237305,58.06577682495117,52.0997428894043,88.3647689819336,97.00079345703125,96.5909423828125,106.41477966308594
2025-09-25,599.5095825195312,321.3872985839844,591.3699340820312,243.4037628173828,115.8132095336914,236.88327026367188,189.56121826171875,92.24874877929688,121.08299255371094,82.81353759765625,140.73887634277344,314.5986633300781,94.45568084716797,138.82635498046875,119.36958312988281,205.66526794433594,317.4263000488281,95.45021057128906,72.8499984741211,38.52000045776367,71.94603729248047,149.92718505859375,25.224340438842773,57.67515182495117,51.79569625854492,88.3647689819336,97.01044464111328,96.5909423828125,106.42442321777344
2025-09-26,603.0377807617188,323.40374755859375,593.801025390625,244.43980407714844,116.95841217041016,238.9126434326172,190.8494110107422,93.16522979736328,122.3394546508789,83.6048812866211,141.98410034179688,317.65386962890625,95.41981506347656,139.98687744140625,120.47962951660156,207.43003845214844,317.6659240722656,97.53128051757812,73.33499908447266,38.45100021362305,72.21075439453125,150.04977416992188,26.361156463623047,58.01694869995117,51.69761657714844,88.3936538696289,97.03933715820312,96.619873046875,106.46297454833984
2025-09-29,604.7327270507812,324.22344970703125,596.5509643554688,245.54559326171875,117.06700897216797,239.18983459472656,191.60250854492188,93.34260559082031,122.55541229248047,83.94120025634766,142.60169982910156,318.3305969238281,95.30054473876953,140.16542053222656,120.54918670654297,207.94558715820312,315.5691833496094,98.97508239746094,74.62000274658203,39.040000915527344,72.8448715209961,153.00990295410156,26.608976364135742,58.30990982055664,52.16839599609375,88.4032974243164,97.0489730834961,96.63914489746094,106.47260284423828
2025-09-30,606.9627685546875,325.2840576171875,598.1849975585938,246.1831817626953,117.3138198852539,239.52642822265625,192.7321319580078,93.7564926147461,122.75174713134766,84.11925506591797,141.8645477294922,318.4997863769531,95.31047821044922,140.3538818359375,120.98638916015625,207.54901123046875,318.6244201660156,99.77165985107422,73.88200378417969,39.0099983215332,72.93179321289062,152.74977111816406,26.842042922973633,58.514984130859375,52.374366760253906,88.4032974243164,97.0489730834961,96.63914489746094,106.48223114013672
2025-10-01,609.1334228515625,326.41400146484375,601.0545043945312,247.3885955810547,117.65935516357422,240.0511016845703,194.05995178222656,93.58897399902344,124.47938537597656,84.10935974121094,141.4063262939453,318.5097351074219,95.49933624267578,140.36378479003906,120.81746673583984,208.21327209472656,319.4431457519531,100.95657348632812,74.93499755859375,39.224998474121094,73.67061614990234,154.0045928955078,26.837125778198242,58.95443344116211,52.78629684448242,88.42361450195312,97.06541442871094,96.6652603149414,106.50834655761719
2025-10-02,609.8074340820312,326.8898010253906,603.5255126953125,248.3848114013672,118.01476287841797,241.56570434570312,194.57522583007812,93.45101165771484,124.60700988769531,84.40611267089844,142.91053771972656,321.9431457519531,95.6683120727539,140.93907165527344,121.21492767333984,209.61122131347656,328.52899169921875,102.15144348144531,76.54000091552734,39.78499984741211,74.16349029541016,154.15109252929688,27.324893951416016,59.081390380859375,53.031494140625,88.43327331542969,97.0750961303711,96.67495727539062,106.51803588867188
2025-10-03,609.85693359375,327.0682067871094,600.9848022460938,247.37863159179688,118.54786682128906,243.3574981689453,194.68421936035156,93.766357421875,125.06837463378906,84.67318725585938,142.38255310058594,323.8937072753906,95.8670883178711,141.25653076171875,121.68193817138672,210.28541564941406,329.3576965332031,103.15711975097656,76.0,39.79999923706055,74.44499206542969,153.862060546875,27.677936553955078,59.628257751464844,53.18842315673828,88.45259857177734,97.11376953125,96.7039794921875,106.55669403076172
2025-10-06,611.9384155273438,328.29730224609375,605.498291015625,249.22161865234375,118.24181365966797,244.32763671875,195.02113342285156,93.69737243652344,124.8720474243164,84.79188537597656,143.04002380371094,326.1627197265625,96.03607177734375,141.0779571533203,121.46333312988281,211.05873107910156,336.2569885253906,103.19695281982422,77.09100341796875,40.20899963378906,74.96553039550781,154.0454559326172,27.70252227783203,59.74544143676758,53.43362045288086,88.4719467163086,97.11376953125,96.71365356445312,106.54702758789062
2025-10-07,609.7578735351562,326.7213134765625,602.3099975585938,247.90663146972656,116.73133850097656,241.7042999267578,194.0302276611328,93.85503387451172,123.89041900634766,84.3764419555664,141.97413635253906,322.6696472167969,94.98247528076172,139.5305938720703,120.21134948730469,208.48097229003906,329.6672058105469,103.23678588867188,76.0510025024414,39.529998779296875,74.27806091308594,153.34678649902344,27.540260314941406,59.22787094116211,53.021690368652344,88.4719467163086,97.13311767578125,96.73301696777344,106.55669403076172
2025-10-08,613.2962646484375,328.8920593261719,609.2147216796875,250.7557830810547,117.79756164550781,244.23855590820312,194.90223693847656,94.04227447509766,124.59719848632812,84.86112976074219,143.60784912109375,326.3916320800781,96.1454086303711,140.75062561035156,121.11556243896484,210.9298553466797,338.6233215332031,104.98926544189453,78.03600311279297,40.29600143432617,74.9289779663086,154.8866424560547,28.499080657958984,59.41341781616211,53.44343185424805,88.49126434326172,97.14278411865234,96.73301696777344,106.57604217529297
2025-10-09,611.6410522460938,327.7521667480469,608.4774169921875,250.4569091796875,116.4450454711914,242.66455078125,193.9906005859375,93.50027465820312,123.5272216796875,84.27751922607422,143.2691650390625,325.16754150390625,95.12162017822266,139.3123779296875,119.77413940429688,209.65087890625,338.533447265625,106.06464385986328,78.24400329589844,40.16999816894531,74.65438842773438,154.23281860351562,29.14812660217285,58.905609130859375,52.89418411254883,88.49126434326172,97.15245819091797,96.74266815185547,106.58573150634766
2025-10-10,595.1978149414062,318.97003173828125,587.3546142578125,241.75003051757812,112.8119888305664,235.3983612060547,189.2738494873047,92.62321472167969,120.04246520996094,82.3090591430664,139.18487548828125,315.8028259277344,92.54728698730469,135.43405151367188,116.53485107421875,203.1172637939453,315.1198425292969,104.54118347167969,75.06199645996094,38.43000030517578,72.0349349975586,149.36305236816406,28.518749237060547,57.79233932495117,50.942405700683594,88.52996063232422,97.20081329345703,96.7910385131836,106.6340560913086
2025-10-13,604.21728515625,324.054931640625,599.8190307617188,246.89048767089844,115.09252166748047,241.9517822265625,191.12686157226562,92.90899658203125,121.82901763916016,83.248779296875,141.61550903320312,325.9139099121094,94.46562194824219,137.83445739746094,118.67119598388672,207.9356689453125,338.3937072753906,104.81998443603516,77.3550033569336,39.564998626708984,73.42170715332031,152.71090698242188,28.743947982788086,58.397804260253906,52.423404693603516,88.53962707519531,97.19113159179688,96.7910385131836,106.62438201904297
2025-10-14,603.3649291992188,323.9558410644531,595.8236694335938,245.27664184570312,116.8399429321289,245.4066619873047,191.27548217773438,93.32289123535156,122.76155090332031,83.86206817626953,142.00399780273438,328.750244140625,95.06199645996094,139.92735290527344,120.50943756103516,209.6707000732422,338.912841796875,104.6706314086914,75.93000030517578,38.98500061035156,73.30416107177734,151.8876495361328,28.74591636657715,58.57358169555664,51.9526252746582,88.53962707519531,97.20081329345703,96.80072784423828,106.6534194946289
2025-10-15,606.0211791992188,325.4922180175781,600.0282592773438,246.9403076171875,117.82717895507812,247.81224060058594,191.94932556152344,92.87943267822266,124.0474853515625,84.05001831054688,142.4124298095703,333.3877868652344,95.08187866210938,141.11764526367188,121.36396789550781,210.8108673095703,349.1968688964844,107.90673828125,76.55000305175781,39.404998779296875,73.82568359375,152.72885131835938,30.145299911499023,58.983734130859375,52.80591583251953,88.54928588867188,97.22014617919922,96.7910385131836,106.64373016357422
2025-10-16,602.0169067382812,322.9051208496094,597.806396484375,246.06362915039062,116.28707885742188,242.59524536132812,190.54220581054688,91.97281646728516,123.01677703857422,83.09050750732422,140.66915893554688,326.2920837402344,93.99846649169922,139.2627716064453,119.83375549316406,207.58868408203125,347.2298889160156,107.4487075805664,76.48999786376953,39.32099914550781,73.06809997558594,151.3275146484375,29.98402214050293,59.23763656616211,53.14918899536133,88.55895233154297,97.22982025146484,96.82975006103516,106.66305541992188
2025-10-17,605.3571166992188,324.4217224121094,601.7320556640625,247.66754150390625,116.08963012695312,240.9618377685547,191.70159912109375,92.69219970703125,123.56649017333984,83.42682647705078,140.6591796875,322.4706115722656,94.05809020996094,139.24295043945312,119.70458221435547,206.91448974609375,342.6370849609375,107.33917236328125,76.0,39.361000061035156,73.02760314941406,151.16505432128906,29.607378005981445,59.286460876464844,53.139381408691406,88.57830047607422,97.25882720947266,96.83942413330078,106.71143341064453
2025-10-20,611.7103881835938,328.03961181640625,609.3143310546875,250.8055877685547,117.9259033203125,245.6640625,193.83204650878906,93.24406433105469,124.91131591796875,84.28740692138672,142.04385375976562,328.740234375,95.09180450439453,141.37554931640625,121.70181274414062,209.97804260253906,349.8658447265625,109.69904327392578,77.00399780273438,39.93000030517578,74.28202056884766,152.338134765625,30.890722274780273,59.80403518676758,53.865169525146484,88.59761810302734,97.26850128173828,96.84910583496094,106.7210922241211
2025-10-21,611.6311645507812,327.99993896484375,609.1549682617188,250.73585510253906,118.26156616210938,244.50582885742188,194.34732055664062,93.35246276855469,126.08924865722656,84.65341186523438,142.9204864501953,327.446533203125,95.6683120727539,141.67311096191406,122.05952453613281,210.3250732421875,344.10479736328125,109.09164428710938,76.72200012207031,39.77000045776367,74.29288482666016,151.9085693359375,30.73337745666504,59.266929626464844,53.26689147949219,88.59761810302734,97.28784942626953,96.86846160888672,106.73075103759766
2025-10-22,608.5386962890625,326.00762939453125,603.286376953125,248.31504821777344,117.39279174804688,240.8925323486328,193.07894897460938,93.30318450927734,125.07817840576172,84.05990600585938,141.0775909423828,320.7091369628906,94.3463363647461,140.33404541015625,120.80753326416016,207.0433807373047,331.1549377441406,106.86122131347656,75.447998046875,39.24599838256836,73.37429809570312,149.83348083496094,29.64179801940918,59.286460876464844,53.21784591674805,88.61697387695312,97.29751586914062,96.87812042236328,106.7500991821289
2025-10-23,611.97802734375,328.0990905761719,608.35791015625,250.43698120117188,118.55773162841797,243.94155883789062,194.30767822265625,93.05682373046875,125.88311767578125,84.55448913574219,142.731201171875,325.6054382324219,95.98637390136719,141.52432250976562,121.90054321289062,209.81942749023438,343.3259582519531,107.1001968383789,77.48400115966797,39.900001525878906,74.04002380371094,151.8148956298828,29.624095916748047,59.589195251464844,53.688629150390625,88.62664031982422,97.30719757080078,96.88780975341797,106.75977325439453
2025-10-24,617.0427856445312,330.77532958984375,614.8541259765625,253.05703735351562,119.5943374633789,246.92129516601562,195.0706787109375,93.12580108642578,127.44389343261719,84.83146667480469,143.43850708007812,330.0638427734375,96.71196746826172,142.52615356445312,122.70539093017578,211.71307373046875,344.7437438964844,107.92665100097656,79.4800033569336,40.47700119018555,74.84107208251953,153.6776885986328,30.059743881225586,59.784507751464844,54.04171371459961,88.6556167602539,97.33619689941406,96.92649841308594,106.77909088134766
2025-10-27,624.4269409179688,334.4626159667969,625.80419921875,257.5997619628906,119.60421752929688,247.78253173828125,197.36959838867188,93.54954528808594,128.474609375,85.3853988647461,144.74346923828125,332.0442810058594,97.30833435058594,142.903076171875,123.11280059814453,213.21017456054688,353.1007995605469,111.11296844482422,80.75,41.220001220703125,75.80805206298828,155.50758361816406,31.360788345336914,60.22395324707031,54.63999938964844,88.6556167602539,97.34587860107422,96.92649841308594,106.80810546875
2025-10-28,626.1019897460938,334.9780578613281,630.6165161132812,259.5821838378906,118.91313934326172,246.45602416992188,197.320068359375,92.85973358154297,128.38624572753906,84.6454849243164,143.31895446777344,330.20318603515625,96.3740234375,142.08970642089844,122.10921478271484,211.60401916503906,349.8758544921875,111.52122497558594,81.08999633789062,41.11399841308594,75.65989685058594,154.84976196289062,31.511249542236328,60.21418762207031,54.62038040161133,88.6653060913086,97.35554504394531,96.94585418701172,106.81777954101562
2025-10-29,626.3596801757812,334.7401428222656,633.4561767578125,260.7975769042969,117.373046875,244.3573455810547,196.51742553710938,91.6870346069336,127.90525817871094,83.78292846679688,142.18333435058594,329.27764892578125,95.93667602539062,139.9174346923828,120.19147491455078,210.29531860351562,353.01092529296875,110.48566436767578,82.41999816894531,41.15999984741211,75.03070831298828,155.748779296875,31.18181037902832,59.87239456176758,54.934234619140625,88.69429016113281,97.3652114868164,96.93617248535156,106.80810546875
2025-10-30,619.708984375,331.1420593261719,623.7715454101562,256.74298095703125,116.0995101928711,242.3873748779297,194.91213989257812,91.88412475585938,127.18868255615234,83.28834533691406,139.82240295410156,325.7945251464844,94.86320495605469,138.2510528564453,118.8897933959961,207.64816284179688,347.7391357421875,111.43160247802734,80.73500061035156,40.638999938964844,74.23856353759766,153.40957641601562,31.512231826782227,59.59895706176758,54.36537551879883,88.69429016113281,97.37488555908203,96.93617248535156,106.81777954101562
2025-10-31,621.4931030273438,332.4703063964844,626.780517578125,257.9783020019531,116.29695892333984,243.7534637451172,194.51577758789062,91.82499694824219,128.0132293701172,83.70380401611328,141.47605895996094,329.0985412597656,95.51921844482422,138.4990234375,119.21769714355469,209.92849731445312,351.722900390625,112.22817993164062,81.7249984741211,41.22999954223633,74.71661376953125,154.733154296875,31.723665237426758,59.550132751464844,54.23787307739258,88.7136459350586,97.40389251708984,96.98455047607422,106.83710479736328
2025-11-03,622.7122192382812,332.8469543457031,629.7796020507812,259.2434997558594,116.53389739990234,242.97142028808594,194.2383270263672,91.40125274658203,128.17030334472656,83.5059585571289,141.217041015625,326.9290466308594,95.39994049072266,138.79656982421875,119.40648651123047,209.3137969970703,347.2298889160156,109.39037322998047,82.69000244140625,41.38600158691406,74.78279113769531,155.26040649414062,30.433439254760742,59.69661331176758,54.581153869628906,88.72624969482422,97.43106842041016,96.99036407470703,106.86717987060547
2025-11-04,615.49658203125,328.8226623535156,616.996337890625,253.9834747314453,115.11227416992188,238.77406311035156,192.751953125,91.47023010253906,125.91256713867188,82.75419616699219,138.38790893554688,319.63427734375,94.52525329589844,137.0111846923828,118.12468719482422,205.3182830810547,328.38922119140625,107.5781478881836,79.29000091552734,40.2599983215332,73.36441802978516,152.38897705078125,29.88863182067871,58.905609130859375,53.58074188232422,88.73595428466797,97.43106842041016,97.00009155273438,106.87689971923828
2025-11-05,617.35009765625,330.23016357421875,621.0116577148438,255.6072998046875,117.03739929199219,242.2190704345703,193.5149383544922,91.59834289550781,127.78744506835938,83.21712493896484,138.8760528564453,325.3267822265625,95.12162017822266,139.25286865234375,119.74433898925781,207.5093536376953,338.4735412597656,108.7431411743164,80.33000183105469,40.58599853515625,74.08842468261719,153.55906677246094,29.452983856201172,59.276702880859375,54.06132888793945,88.74564361572266,97.45046997070312,97.00009155273438,106.8865966796875
2025-11-06,610.7886352539062,326.4735107421875,609.4439086914062,250.8753204345703,115.44792938232422,237.9326171875,191.51332092285156,90.9972152709961,127.03163146972656,82.4079818725586,137.2622528076172,318.3604736328125,94.29664611816406,137.7650146484375,118.7308120727539,204.20785522460938,331.8638000488281,108.82280731201172,79.56999969482422,40.150001525878906,72.93673706054688,151.345458984375,29.530672073364258,59.003265380859375,53.659202575683594,88.75537109375,97.46017456054688,97.01950073242188,106.90599060058594
2025-11-07,611.4329223632812,327.1871643066406,607.5209350585938,250.10824584960938,116.4450454711914,239.17994689941406,191.453857421875,91.63775634765625,127.88561248779297,83.09050750732422,138.95574951171875,319.4949645996094,95.38999938964844,138.69740295410156,119.16801452636719,206.22047424316406,326.2126159667969,108.49420928955078,78.91500091552734,40.0099983215332,72.73721313476562,151.853759765625,29.196313858032227,59.18880844116211,53.50227737426758,88.78443908691406,97.48929595947266,97.058349609375,106.94482421875
2025-11-10,620.9281005859375,331.97467041015625,620.9617919921875,255.6072998046875,117.59024047851562,241.57559204101562,194.1293182373047,92.03193664550781,129.0537567138672,83.63456726074219,140.3204803466797,323.3960876464844,96.12553405761719,139.5305938720703,120.0324935913086,208.42149353027344,333.6709899902344,109.61937713623047,81.58499908447266,40.880001068115234,73.87210845947266,155.05209350585938,30.328214645385742,59.91145324707031,54.4438362121582,88.8038558959961,97.49900817871094,97.06803131103516,106.95452117919922
2025-11-11,622.3553466796875,332.7874755859375,619.307861328125,254.919921875,118.0641098022461,241.7834930419922,194.73377990722656,92.92871856689453,129.0537567138672,83.95109558105469,140.0316162109375,322.5800476074219,95.8670883178711,139.77857971191406,120.31070709228516,208.332275390625,325.20416259765625,113.52262878417969,80.23699951171875,40.31999969482422,74.06372833251953,153.838134765625,31.466012954711914,60.28254699707031,54.502685546875,88.79415130615234,97.50871276855469,97.08259582519531,106.95452117919922
2025-11-12,622.6626586914062,332.9064025878906,618.8197021484375,254.74061584472656,117.97526550292969,241.1895294189453,195.2193145751953,93.18492889404297,130.23170471191406,84.09452819824219,139.76263427734375,321.26641845703125,96.2149887084961,139.619873046875,120.27096557617188,208.30252075195312,325.7033996582031,113.62220001220703,79.83200073242188,40.185001373291016,74.13188171386719,154.18698120117188,31.710880279541016,60.67317199707031,54.51249313354492,88.8038558959961,97.51840209960938,97.08745574951172,106.96421813964844
2025-11-13,612.5231323242188,327.0087585449219,606.1858520507812,249.5304412841797,115.45779418945312,234.4084014892578,193.13841247558594,92.7414779663086,128.33717346191406,82.77397918701172,136.5350341796875,309.2544860839844,93.95870208740234,136.56480407714844,117.46888732910156,202.72068786621094,310.8365478515625,111.43160247802734,76.1520004272461,39.20000076293945,72.40039825439453,150.04977416992188,30.940874099731445,59.960289001464844,53.87498092651367,88.81356048583984,97.5280990600586,97.0971450805664,106.97392272949219
2025-11-14,612.3646240234375,326.95916748046875,606.64404296875,249.6997833251953,115.35908508300781,235.0914764404297,192.61322021484375,92.83015441894531,128.25863647460938,82.63549041748047,136.31588745117188,310.6178894042969,93.8692398071289,136.38626098632812,117.26021575927734,202.47280883789062,309.5085754394531,113.52262878417969,76.29000091552734,39.16400146484375,72.0734634399414,149.82054138183594,31.803321838378906,59.88215637207031,53.90440368652344,88.85234069824219,97.55722045898438,97.11656951904297,107.00302124023438
2025-11-17,606.6257934570312,323.559326171875,601.4630126953125,247.58782958984375,112.84162139892578,230.4189453125,190.5719451904297,92.34728240966797,126.04016876220703,81.43167114257812,133.7557373046875,305.10455322265625,92.259033203125,133.4105682373047,114.8357162475586,198.427734375,300.9319152832031,114.33912658691406,75.29299926757812,38.619998931884766,71.10252380371094,149.03713989257812,32.33238983154297,59.11068344116211,53.26689147949219,88.85234069824219,97.5669174194336,97.13599395751953,107.01274108886719
2025-11-18,601.63037109375,321.3687744140625,594.1397705078125,244.57928466796875,112.75276184082031,231.12181091308594,189.33331298828125,92.29801940917969,125.66716766357422,81.4385986328125,133.7059326171875,305.48272705078125,92.32860565185547,133.48001098632812,115.0841293334961,198.7945556640625,295.9696044921875,114.68762969970703,75.0009994506836,38.111000061035156,70.82892608642578,147.99960327148438,33.18992233276367,58.50522232055664,53.002071380615234,88.87177276611328,97.5669174194336,97.13599395751953,107.03211975097656
2025-11-19,603.8109130859375,322.4194641113281,597.686767578125,246.01382446289062,112.62442016601562,231.08221435546875,190.0071258544922,91.82499694824219,125.47083282470703,81.2743911743164,134.22393798828125,306.48785400390625,92.61685943603516,133.5494384765625,115.04438781738281,198.9036102294922,299.10479736328125,114.01052856445312,75.125,38.06800079345703,70.74200439453125,148.80491638183594,33.2292594909668,58.30990982055664,52.81571960449219,88.87177276611328,97.5863265991211,97.14569854736328,107.04182434082031
2025-11-20,594.6527099609375,317.2850036621094,583.5385131835938,240.19595336914062,110.62033081054688,226.8056640625,187.63885498046875,91.28299713134766,122.37872314453125,80.13288116455078,131.2154998779297,299.2428894042969,90.89732360839844,131.92271423339844,113.52410888671875,194.7792205810547,287.4029541015625,113.34339141845703,72.50399780273438,36.95800018310547,69.33251953125,144.4783477783203,33.101417541503906,57.51890563964844,52.089935302734375,88.89115142822266,97.60574340820312,97.15540313720703,107.0515365600586
2025-11-21,600.56982421875,320.9524841308594,587.9224853515625,241.9990997314453,114.10527801513672,233.2303924560547,190.23501586914062,92.33743286132812,125.0487289428711,81.41881561279297,133.0584259033203,307.03521728515625,92.85541534423828,136.06886291503906,117.06147766113281,198.6260223388672,294.95123291015625,116.1513442993164,71.9800033569336,36.849998474121094,70.33110809326172,145.05343627929688,33.93730926513672,58.368507385253906,52.08012771606445,88.91056060791016,97.62515258789062,97.19425201416016,107.09033966064453
2025-11-24,609.5001220703125,325.7499084472656,602.9575805664062,248.1955108642578,115.59601593017578,237.4871368408203,191.91957092285156,92.24874877929688,126.59969329833984,81.9727554321289,134.18408203125,314.558837890625,93.76984405517578,137.55670166015625,118.60163879394531,201.90768432617188,307.77130126953125,119.06881713867188,73.95800018310547,37.81399917602539,71.59046173095703,149.0570831298828,35.62876510620117,58.65170669555664,52.629371643066406,88.91056060791016,97.63485717773438,97.21366119384766,107.10004425048828
2025-11-25,615.1694946289062,329.23895263671875,606.6740112304688,249.7197265625,118.57748413085938,242.66455078125,194.20860290527344,93.28347778320312,128.43531799316406,83.13998413085938,136.5350341796875,320.9181213378906,95.578857421875,141.06805419921875,121.56270599365234,206.0420379638672,310.06768798828125,120.85116577148438,74.7979965209961,38.17399978637695,72.43792724609375,149.97203063964844,36.08998489379883,59.20833969116211,52.81571960449219,88.92996215820312,97.65425872802734,97.2233657836914,107.10974884033203
2025-11-26,619.421630859375,331.4989013671875,612.034423828125,251.96119689941406,119.23893737792969,244.81271362304688,195.54632568359375,93.5396957397461,129.6230926513672,83.65433502197266,137.2124481201172,324.1524353027344,96.1851577758789,141.71278381347656,122.11914825439453,207.4597930908203,315.3594665527344,122.32483673095703,75.8280029296875,38.57699966430664,72.89722442626953,151.78897094726562,36.89146041870117,59.84309768676758,53.19823455810547,88.93965911865234,97.66397094726562,97.23307037353516,107.12914276123047
2025-11-28,622.8510131835938,333.35247802734375,616.996337890625,253.93368530273438,119.32779693603516,246.2481231689453,196.2795867919922,93.94373321533203,131.21331787109375,84.19344329833984,138.26837158203125,326.5408935546875,96.78154754638672,141.92108154296875,122.02971649169922,209.02627563476562,320.8409729003906,122.63351440429688,76.9990005493164,39.43000030517578,73.43948364257812,153.3388214111328,37.20221710205078,60.12629699707031,53.276695251464844,88.96874237060547,97.69308471679688,97.27190399169922,107.15824890136719
2025-12-01,619.986572265625,331.7170104980469,614.923828125,253.16661071777344,118.68608093261719,243.1496124267578,195.87332153320312,93.18492889404297,130.79122924804688,83.65433502197266,137.22239685058594,320.7290344238281,95.96649169921875,140.6911163330078,121.03606414794922,207.57875061035156,316.9469909667969,119.33766174316406,76.66500091552734,39.20899963378906,72.92192077636719,152.31822204589844,35.982791900634766,59.82356643676758,53.237464904785156,88.9794692993164,97.71546173095703,97.28748321533203,107.17967224121094
2025-12-02,621.0372314453125,332.1134338378906,619.7362670898438,255.11917114257812,118.73543548583984,242.70413208007812,196.6264190673828,92.91886138916016,131.5666961669922,83.6048812866211,137.09288024902344,321.0773010253906,95.87703704833984,140.55224609375,121.05595397949219,207.38047790527344,324.8147888183594,117.95359802246094,77.23999786376953,39.652000427246094,72.97821807861328,152.29229736328125,34.72304916381836,60.01887512207031,53.257080078125,89.0086441040039,97.73493194580078,97.30695343017578,107.19911193847656
2025-12-03,623.207763671875,333.6002502441406,621.2507934570312,255.73680114746094,120.3841323852539,247.11929321289062,197.31015014648438,93.21448516845703,132.88206481933594,84.33687591552734,137.78025817871094,326.8792724609375,96.2547378540039,142.60549926757812,122.88424682617188,210.13668823242188,336.8061218261719,121.30919647216797,77.23999786376953,39.8849983215332,73.6004867553711,152.39195251464844,36.7203483581543,60.34114456176758,53.29631423950195,89.01836395263672,97.74468231201172,97.32642364501953,107.21858978271484
2025-12-04,623.7330932617188,334.1256103515625,620.6729125976562,255.48776245117188,120.28540802001953,249.28726196289062,197.46868896484375,93.13565826416016,132.23422241210938,84.63361358642578,138.6269989013672,331.54669189453125,97.03003692626953,142.69476318359375,122.85444641113281,211.41566467285156,338.2838439941406,122.72312927246094,77.6719970703125,39.779998779296875,73.86519622802734,152.93017578125,37.55624008178711,60.49739074707031,53.28650665283203,89.02812194824219,97.76414489746094,97.32642364501953,107.21858978271484
2025-12-05,624.9027099609375,334.59149169921875,623.20361328125,256.5537109375,120.07808685302734,248.24781799316406,197.9443359375,93.20465087890625,132.82318115234375,84.78199768066406,138.71665954589844,329.5563049316406,97.12942504882812,142.30792236328125,122.48678588867188,211.2371826171875,341.4289245605469,122.8824462890625,78.13999938964844,40.34000015258789,73.97977447509766,154.12619018554688,37.855194091796875,60.58527755737305,53.688629150390625,89.04756164550781,97.79335021972656,97.36536407470703,107.25751495361328
2025-12-08,623.0491943359375,333.61016845703125,622.0079956054688,256.05560302734375,119.58446502685547,248.3468017578125,196.74533081054688,92.52467346191406,132.80352783203125,84.32698059082031,138.58714294433594,329.86480712890625,96.61256408691406,141.78221130371094,122.1688232421875,210.88027954101562,343.5356750488281,123.13137817382812,79.06999969482422,40.349998474121094,73.62320709228516,154.3354949951172,39.62139129638672,60.45832443237305,53.57093048095703,89.05728149414062,97.79335021972656,97.36536407470703,107.26725769042969
2025-12-09,622.543701171875,333.273193359375,622.775146484375,256.3744201660156,120.1373291015625,248.86158752441406,196.6066131591797,92.29801940917969,132.9998779296875,84.22805786132812,138.11892700195312,330.0638427734375,96.4734115600586,142.30792236328125,122.59609985351562,210.8406219482422,342.4773254394531,120.67193603515625,79.1500015258789,40.430999755859375,73.65283203125,154.5128936767578,38.696990966796875,60.38996887207031,53.482662200927734,89.0767593383789,97.80308532714844,97.37508392333984,107.27699279785156
2025-12-10,626.5678100585938,335.7511901855469,625.3258666992188,257.41046142578125,122.50669860839844,252.24717712402344,197.52813720703125,92.49510955810547,135.728759765625,85.19744110107422,139.60324096679688,332.8304748535156,98.12337493896484,144.66867065429688,124.77217864990234,213.57699584960938,344.81365966796875,121.52825927734375,78.93000030517578,40.917999267578125,74.26324462890625,156.209228515625,39.15034103393555,61.07355499267578,54.0809440612793,89.0767593383789,97.80308532714844,97.40430450439453,107.30619049072266
2025-12-11,628.1041259765625,336.8811950683594,623.3032836914062,256.5736389160156,123.85922241210938,255.2071075439453,199.18295288085938,93.27362823486328,136.0330810546875,85.88987731933594,141.01780700683594,337.6969299316406,99.06763458251953,146.4044647216797,126.0042953491211,215.42108154296875,344.2046203613281,122.49410247802734,79.47000122070312,40.70000076293945,74.34029388427734,157.26870727539062,39.385372161865234,61.327457427978516,53.8259391784668,89.08648681640625,97.82254028320312,97.4140396118164,107.32565307617188
2025-12-12,621.3246459960938,333.0352478027344,611.3867797851562,251.61251831054688,122.53632354736328,251.29684448242188,197.6966094970703,93.25390625,134.26614379882812,85.029296875,138.6967315673828,331.31781005859375,97.57670593261719,144.79759216308594,124.73242950439453,211.8915557861328,327.62042236328125,122.6036376953125,76.30000305175781,39.53499984741211,73.53233337402344,154.47601318359375,39.28703689575195,61.014957427978516,53.19823455810547,89.12539672851562,97.86148071289062,97.44324493408203,107.35485076904297
2025-12-15,620.4226684570312,332.3810729980469,608.3179931640625,250.40711975097656,122.14143371582031,249.39613342285156,197.87498474121094,93.39187622070312,134.45266723632812,84.90070343017578,137.80018615722656,327.45648193359375,97.22882080078125,144.2322235107422,124.21573638916016,210.11685180664062,324.0360107421875,122.31487274169922,75.9800033569336,39.15999984741211,73.20440673828125,153.12950134277344,39.139522552490234,61.36651611328125,53.04130554199219,89.12539672851562,97.86148071289062,97.45298767089844,107.37432861328125
2025-12-16,618.6881713867188,331.4195861816406,609.5235595703125,250.895263671875,121.24083709716797,248.2161407470703,196.99134826660156,92.719970703125,133.46815490722656,84.40611267089844,137.35935974121094,326.6166687011719,96.71882629394531,143.2085723876953,123.29165649414062,209.34353637695312,322.3486022949219,121.48843383789062,75.66799926757812,38.97999954223633,73.01773071289062,152.56837463378906,39.04118347167969,60.99542999267578,52.70604705810547,89.13514709472656,97.87123107910156,97.46271514892578,107.3840560913086
2025-12-17,611.8888549804688,327.8017272949219,598.2247924804688,246.25291442871094,120.88378143310547,245.57408142089844,195.1724090576172,92.78924560546875,132.36215209960938,84.00054168701172,135.8634033203125,320.9115905761719,95.93192291259766,142.50228881835938,122.58616638183594,207.38047790527344,313.2826843261719,120.42300415039062,73.55000305175781,38.32500076293945,72.0734634399414,149.85044860839844,37.93976974487305,60.56575012207031,52.32801055908203,89.14488220214844,97.89068603515625,97.48218536376953,107.39379119873047
2025-12-18,616.5076293945312,330.3193664550781,606.8931884765625,249.80938720703125,121.13174438476562,247.03416442871094,196.57388305664062,92.868408203125,133.4385223388672,84.28740692138672,136.83079528808594,323.4349670410156,96.65906524658203,142.711181640625,122.80476379394531,208.78831481933594,318.57452392578125,119.49697875976562,75.5260009765625,38.994998931884766,72.66708374023438,151.38531494140625,37.92698669433594,61.044254302978516,52.92491149902344,89.15951538085938,97.89068603515625,97.50166320800781,107.41326904296875
2025-12-19,622.0084838867188,333.2632751464844,614.8043212890625,253.13671875,121.37969207763672,249.1001434326172,197.63739013671875,93.13558959960938,134.88023376464844,84.82157135009766,138.36666870117188,328.7510681152344,97.81450653076172,143.31800842285156,123.3115234375,211.07855224609375,326.66192626953125,122.90235137939453,76.87000274658203,39.45000076293945,73.4493637084961,153.38864135742188,38.81500244140625,61.41169357299805,53.442222595214844,89.18882751464844,97.93269348144531,97.52113342285156,107.42984771728516
2025-12-22,625.9257202148438,335.580322265625,617.7513427734375,254.2867889404297,122.29218292236328,251.87135314941406,198.66116333007812,93.73921203613281,135.86773681640625,85.67225646972656,139.92245483398438,333.67822265625,98.87035369873047,145.0190887451172,124.97095489501953,213.36195373535156,332.20281982421875,125.78652954101562,78.08999633789062,39.93000030517578,74.20299530029297,155.68099975585938,40.18000030517578,61.69968795776367,53.73072052001953,89.18882751464844,97.93269348144531,97.53086853027344,107.44938659667969
2025-12-23,628.8479614257812,336.693603515625,620.6444702148438,255.5336456298828,121.73676300048828,250.38145446777344,198.94943237304688,93.75899505615234,135.55174255371094,85.49740600585938,139.1844482421875,331.52386474609375,98.63128662109375,144.51174926757812,124.46266174316406,212.31771850585938,329.864990234375,124.76752471923828,77.88800048828125,40.02000045776367,74.0510025024414,155.8000030517578,39.5099983215332,62.10684585571289,54.029170989990234,89.18882751464844,97.94245147705078,97.54059600830078,107.44938659667969
2025-12-24,630.9451904296875,337.8466796875,622.460205078125,256.2218933105469,122.13348388671875,251.00723266601562,199.7744140625,94.07565307617188,136.4700927734375,85.7060317993164,139.45372009277344,332.13226318359375,98.70101165771484,144.8400115966797,124.58226013183594,212.61607360839844,329.9249267578125,126.1761474609375,77.83999633789062,40.189998626708984,74.18000030517578,156.5800018310547,40.31999969482422,62.24587631225586,54.13859939575195,89.21813201904297,97.96197509765625,97.55520629882812,107.47868347167969
2025-12-26,631.0048828125,337.637939453125,622.4203491210938,256.23187255859375,122.12356567382812,249.7259063720703,199.8141632080078,94.11522674560547,136.52932739257812,85.64642333984375,139.28416442871094,330.19732666015625,98.72093963623047,144.6708984375,124.59223175048828,212.2083282470703,327.80682373046875,124.85743713378906,77.83000183105469,40.154998779296875,74.13500213623047,156.68099975585938,39.560001373291016,62.37497329711914,54.51663589477539,89.2474365234375,97.99127197265625,97.58927154541016,107.51773834228516
2025-12-29,628.7783203125,336.3656005859375,619.4074096679688,255.00497436523438,121.52847290039062,248.19630432128906,199.28736877441406,94.07565307617188,136.41085815429688,85.40799713134766,138.63592529296875,327.58416748046875,98.02368927001953,143.82533264160156,123.7849349975586,210.9254150390625,325.4190673828125,123.26899719238281,77.6240005493164,40.28499984741211,73.81600189208984,156.5679931640625,38.83000183105469,62.28559875488281,54.37736129760742,89.2474365234375,98.01081848144531,97.58927154541016,107.51773834228516
2025-12-30,627.9036254882812,335.8288269042969,617.9707641601562,254.39651489257812,120.69534301757812,246.35874938964844,198.88978576660156,93.95690155029297,136.24298095703125,85.33845520019531,138.13726806640625,324.9011535644531,97.58541870117188,142.52218627929688,122.73844909667969,210.00051879882812,324.8795471191406,121.5506820678711,77.44999694824219,40.33000183105469,73.5199966430664,156.1199951171875,38.119998931884766,62.3551139831543,54.596221923828125,89.25721740722656,98.02059173583984,97.5989990234375,107.52749633789062
2025-12-31,623.3413696289062,333.2642517089844,612.8628540039062,252.28187561035156,119.19767761230469,244.50135803222656,197.41873168945312,93.1751708984375,135.01849365234375,84.56356048583984,136.5714874267578,322.1683349609375,96.49968719482422,140.42320251464844,120.88465881347656,207.97171020507812,321.3028564453125,121.8104248046875,76.41000366210938,39.9630012512207,73.0999984741211,154.89999389648438,38.560001373291016,62.037330627441406,54.427101135253906,89.26697540283203,98.03034210205078,97.62638092041016,107.55679321289062
2026-01-02,624.5043334960938,334.29803466796875,611.6756591796875,251.80308532714844,120.37796020507812,247.10369873046875,197.98529052734375,92.6705093383789,137.60569763183594,85.24903869628906,137.8380889892578,326.267578125,98.0037612915039,141.91537475585938,122.14045715332031,210.4679412841797,335.0501403808594,121.40082550048828,78.01399993896484,40.5099983215332,73.60099792480469,156.2100067138672,37.630001068115234,62.76227569580078,55.94919204711914,89.30603790283203,98.05965423583984,97.65567779541016,107.57630920410156
2026-01-05,628.6392211914062,336.8128967285156,616.5341796875,253.78805541992188,121.88553619384766,251.02708435058594,199.9632568359375,93.016845703125,138.73143005371094,86.23257446289062,139.3041229248047,332.4913330078125,99.24885559082031,143.5269012451172,123.6454086303711,213.59068298339844,337.9674377441406,120.03217315673828,79.65499877929688,41.220001220703125,74.81500244140625,156.94000244140625,36.7599983215332,63.507080078125,56.565982818603516,89.30603790283203,98.06940460205078,97.65567779541016,107.59585571289062
2026-01-06,632.3665771484375,339.168701171875,621.951416015625,256.0423889160156,123.70057678222656,254.35450744628906,201.6827850341797,93.56108856201172,141.28900146484375,87.31047821044922,141.4982147216797,336.470947265625,101.02186584472656,145.456787109375,125.43939208984375,216.43499755859375,351.52490234375,121.97026824951172,80.90599822998047,41.875999450683594,75.62799835205078,160.0800018310547,37.20000076293945,63.695762634277344,56.98381042480469,89.31582641601562,98.07917785644531,97.65567779541016,107.59585571289062
2026-01-07,630.3388061523438,338.015625,622.550048828125,256.2817687988281,122.70874786376953,253.758544921875,200.70870971679688,93.19496154785156,139.95590209960938,86.38158416748047,140.6305389404297,335.7727355957031,100.52383422851562,144.5216827392578,124.54239654541016,215.559814453125,344.52142333984375,126.30601501464844,80.69000244140625,41.95100021362305,75.41400146484375,158.5800018310547,39.5099983215332,63.437564849853516,56.556034088134766,89.33536529541016,98.08893585205078,97.66545867919922,107.6153793334961
2026-01-08,630.2295532226562,338.1051330566406,619.0083618164062,254.80548095703125,124.44445037841797,256.5297546386719,201.18582153320312,93.5313949584961,140.5385284423828,86.8783187866211,139.55343627929688,338.2961730957031,99.83654022216797,145.6457977294922,125.52908325195312,216.00733947753906,343.0927429199219,123.58867645263672,79.40599822998047,41.23400115966797,75.3949966430664,156.97000122070312,39.04999923706055,63.49714660644531,56.575931549072266,89.33536529541016,98.09870910644531,97.67520904541016,107.6251449584961
2026-01-09,634.4539184570312,340.3515625,625.173828125,257.3590393066406,125.38667297363281,258.4765930175781,202.83578491210938,93.650146484375,142.43450927734375,87.39492797851562,140.5906524658203,341.4878234863281,100.9521484375,146.6903076171875,126.44601440429688,217.5289306640625,347.5785827636719,124.3779067993164,80.7699966430664,41.63199996948242,75.70500183105469,158.4600067138672,39.553001403808594,64.08306121826172,56.84453582763672,89.35489654541016,98.11824798583984,97.70451354980469,107.65442657470703
2026-01-12,635.4777221679688,340.9778137207031,625.6925659179688,257.58843994140625,125.50570678710938,259.73797607421875,202.9947967529297,93.86784362792969,141.90126037597656,87.53400421142578,140.94967651367188,343.62225341796875,101.45018005371094,147.3966064453125,126.87458038330078,218.01626586914062,347.6885070800781,123.80846405029297,81.36000061035156,42.24599838256836,76.06900024414062,159.72999572753906,39.36600112915039,64.4703598022461,57.64039611816406,89.36466217041016,98.13776397705078,97.70451354980469,107.66419982910156
2026-01-13,634.1755981445312,340.29193115234375,624.7647705078125,257.189453125,125.4858627319336,259.5890197753906,202.29904174804688,93.29390716552734,141.8716278076172,87.4942626953125,141.009521484375,343.0736999511719,101.95818328857422,147.51597595214844,127.13370513916016,218.01626586914062,349.5267639160156,123.7285385131836,81.7300033569336,41.779998779296875,75.71700286865234,159.44000244140625,39.81999969482422,64.11285400390625,57.21261978149414,89.37442016601562,98.14752960205078,97.73382568359375,107.66419982910156
2026-01-14,631.104248046875,338.9599609375,618.0905151367188,254.4663543701172,126.1999740600586,261.4166259765625,201.38461303710938,93.64024353027344,141.89137268066406,87.61348724365234,140.50088500976562,344.5897216796875,101.6991958618164,148.08299255371094,127.60213470458984,218.33448791503906,350.5957946777344,126.69563293457031,80.58999633789062,41.36000061035156,75.69400024414062,158.5,41.4900016784668,64.42070770263672,57.45138168334961,89.38421630859375,98.15731048583984,97.73382568359375,107.6739501953125
2026-01-15,632.7741088867188,340.003662109375,620.3153076171875,255.35411071777344,128.00509643554688,263.7209777832031,202.25929260253906,93.59078216552734,142.7010955810547,88.0307388305664,141.1990203857422,347.3026428222656,103.2032699584961,150.1919403076172,129.15692138671875,220.104736328125,351.7147521972656,124.2280502319336,81.27999877929688,41.7400016784668,75.69000244140625,159.1699981689453,40.36000061035156,64.51008605957031,57.78962326049805,89.38421630859375,98.16706848144531,97.74359130859375,107.68372344970703
2026-01-16,632.247314453125,339.80487060546875,619.7965087890625,255.06483459472656,127.56869506835938,263.96929931640625,202.0803680419922,93.43244934082031,142.68136596679688,87.93138885498047,140.98956298828125,348.5493469238281,103.02397918701172,149.963134765625,129.24661254882812,219.9257049560547,355.1415710449219,124.05821990966797,81.54000091552734,41.84299850463867,75.56400299072266,158.07000732421875,40.58000183105469,64.68883514404297,57.57075881958008,89.42327117919922,98.20612335205078,97.77288818359375,107.71302032470703
2026-01-20,619.385498046875,333.1051940917969,606.6276245117188,249.73829650878906,125.78340911865234,260.81072998046875,198.32322692871094,92.63092041015625,141.05201721191406,86.4908676147461,137.77822875976562,344.7293701171875,101.8685302734375,148.06309509277344,127.46260070800781,216.57423400878906,350.5258483886719,125.16712951660156,79.50499725341797,40.849998474121094,74.0260009765625,156.42999267578125,41.59000015258789,63.824859619140625,57.01365661621094,89.42327117919922,98.20612335205078,97.78266906738281,107.72278594970703
2026-01-21,626.4822998046875,337.0514221191406,614.8282470703125,253.05990600585938,129.0564422607422,265.9856262207031,200.74847412109375,93.35327911376953,144.74520874023438,87.56381225585938,139.27420043945312,349.74627685546875,103.27299499511719,151.47518920898438,130.40274047851562,219.87599182128906,361.3558349609375,128.05429077148438,80.1500015258789,41.25,75.21600341796875,159.36000061035156,42.369998931884766,64.55973815917969,57.958744049072266,89.43304443359375,98.20612335205078,97.79243469238281,107.74232482910156
2026-01-22,629.7424926757812,338.8307189941406,619.2976684570312,254.9451446533203,129.36390686035156,267.9721374511719,201.40447998046875,93.74909210205078,145.48582458496094,87.79230499267578,140.12191772460938,352.7783203125,103.31283569335938,151.72389221191406,130.71170043945312,221.05946350097656,363.0043029785156,131.44097900390625,81.25,41.904998779296875,75.8239974975586,161.0399932861328,43.900001525878906,64.90731048583984,58.39646911621094,89.44281768798828,98.22567749023438,97.80220794677734,107.74232482910156
2026-01-23,630.0009765625,338.5225830078125,621.2530517578125,255.7530975341797,127.04302215576172,263.02569580078125,201.4541778564453,93.88763427734375,143.23434448242188,87.3849868774414,139.21437072753906,345.8564147949219,102.28688049316406,149.0380096435547,128.41940307617188,218.23504638671875,353.0135498046875,127.9144287109375,81.12000274658203,42.180999755859375,75.48500061035156,160.08599853515625,42.77000045776367,65.32440185546875,58.764556884765625,89.47211456298828,98.25496673583984,97.82173919677734,107.77162170410156
2026-01-26,633.2412719726562,339.9837951660156,623.9866333007812,256.8902282714844,127.09262084960938,262.2012939453125,202.49783325195312,94.52093505859375,142.93809509277344,87.56381225585938,139.2542724609375,344.91888427734375,102.33668518066406,149.4458465576172,128.83799743652344,217.96652221679688,348.957275390625,127.73461151123047,81.5199966430664,42.534000396728516,75.52999877929688,159.9499969482422,42.099998474121094,65.62232971191406,58.864036560058594,89.47211456298828,98.26473236083984,97.82173919677734,107.78137969970703
2026-01-27,635.83544921875,341.2164001464844,629.6432495117188,259.19439697265625,126.6165542602539,262.94622802734375,202.9053497314453,94.33293151855469,144.2810821533203,87.55387115478516,139.53350830078125,345.20806884765625,102.53590393066406,148.6898193359375,128.13035583496094,218.2449951171875,353.4031982421875,128.40394592285156,82.13999938964844,43.37699890136719,75.93599700927734,160.6199951171875,42.79999923706055,66.69485473632812,60.02798843383789,89.48188018798828,98.26473236083984,97.84127807617188,107.8009033203125
2026-01-28,635.7360229492188,341.02752685546875,631.728271484375,260.10211181640625,126.02144622802734,261.5258483886719,203.03457641601562,94.16471862792969,146.10792541503906,87.44359588623047,138.3965606689453,343.5723571777344,102.45620727539062,147.963623046875,127.61209869384766,217.22064208984375,361.545654296875,125.81649780273438,82.13200378417969,43.744998931884766,75.63099670410156,161.6300048828125,41.45000076293945,66.25789642333984,60.43586730957031,89.49166870117188,98.28426361083984,97.84127807617188,107.8009033203125
2026-01-29,634.4141235351562,340.2422790527344,627.9472045898438,258.4862060546875,126.81491088867188,261.59539794921875,203.50172424316406,93.68972778320312,146.61155700683594,87.2359619140625,137.7084197998047,341.9067077636719,101.6991958618164,148.59033203125,128.05062866210938,216.14657592773438,358.50848388671875,126.61570739746094,80.33000183105469,42.61600112915039,75.11000061035156,161.3000030517578,41.5,66.60547637939453,60.127471923828125,89.51119995117188,98.29402160644531,97.86080932617188,107.81067657470703
2026-01-30,632.37646484375,338.53253173828125,620.405029296875,255.4039764404297,125.99169158935547,257.90045166015625,201.1957550048828,93.9964828491211,145.3376922607422,86.7561264038086,135.2849578857422,335.45361328125,100.30469512939453,147.0782928466797,126.60547637939453,212.8845977783203,346.37969970703125,124.6276626586914,77.44999694824219,41.52000045776367,74.3030014038086,158.8979949951172,40.84199905395508,65.74149322509766,58.79439926147461,89.53073120117188,98.31355285644531,97.8803482055664,107.83997344970703
2026-02-02,635.8155517578125,340.4311218261719,624.6650390625,257.1695251464844,127.30091094970703,260.4134216308594,202.49783325195312,94.38240051269531,147.7570343017578,87.14656066894531,135.7836151123047,338.575439453125,101.40037536621094,148.8191375732422,128.0805206298828,214.16751098632812,353.61297607421875,127.22511291503906,77.5999984741211,41.84000015258789,74.48100280761719,161.75999450683594,41.91699981689453,65.99969482421875,58.97346878051758,89.54444885253906,98.32238006591797,97.8930892944336,107.86151885986328
2026-02-03,630.3190307617188,337.8168640136719,615.0676879882812,253.16961669921875,127.19181823730469,261.00933837890625,200.152099609375,93.88763427734375,147.69778442382812,86.7491683959961,133.8189239501953,337.6478576660156,101.35057830810547,148.32174682617188,127.67191314697266,213.7498016357422,346.8992004394531,127.52481842041016,76.66000366210938,41.237998962402344,73.1989974975586,160.3800048828125,42.198001861572266,66.25789642333984,59.291812896728516,89.54444885253906,98.34196472167969,97.90287780761719,107.87129211425781
2026-02-04,627.0985717773438,336.2264099121094,604.322998046875,248.7508087158203,128.28280639648438,258.76458740234375,200.4005889892578,94.13501739501953,147.26329040527344,87.05714416503906,132.70193481445312,331.1248779296875,100.75292205810547,147.95367431640625,127.56227111816406,213.07354736328125,346.139892578125,125.16712951660156,72.9000015258789,40.17399978637695,72.64700317382812,155.3699951171875,40.970001220703125,66.33734130859375,58.49595260620117,89.56404876708984,98.35176849365234,97.92247009277344,107.87129211425781
2026-02-05,619.3357543945312,331.9024353027344,595.6235961914062,245.2097625732422,127.3802490234375,254.106201171875,198.0349884033203,93.9371109008789,146.29554748535156,85.88485717773438,130.68736267089844,324.8512878417969,100.61348724365234,147.66519165039062,127.32307434082031,209.41375732421875,345.63037109375,120.60161590576172,71.30999755859375,39.196998596191406,71.16000366210938,152.9499969482422,38.87799835205078,65.4435806274414,58.22734832763672,89.56404876708984,98.35176849365234,97.94205474853516,107.90068817138672
2026-02-06,631.4024047851562,338.9201965332031,608.2138671875,250.37669372558594,130.89132690429688,263.2342529296875,202.40838623046875,95.02560424804688,149.97886657714844,87.99099731445312,135.20518493652344,338.59539794921875,104.2989501953125,152.1317596435547,130.97084045410156,216.76318359375,358.4684753417969,125.38691711425781,74.16000366210938,40.98099899291992,73.23200225830078,156.572998046875,40.869998931884766,66.90339660644531,59.75938415527344,89.59344482421875,98.38114929199219,97.9616470336914,107.92027282714844
2026-02-09,634.3743286132812,340.5901794433594,612.8728637695312,252.29183959960938,130.91116333007812,265.0817565917969,202.7960205078125,94.89696502685547,149.4357452392578,88.40825653076172,136.36204528808594,341.8668518066406,104.98625183105469,152.5197296142578,131.44923400878906,218.3643341064453,361.3458557128906,125.986328125,76.73999786376953,42.15999984741211,73.822998046875,157.74000549316406,40.95000076293945,67.89646911621094,60.19710922241211,89.59344482421875,98.4007339477539,97.971435546875,107.93986511230469
2026-02-10,632.5951538085938,339.75518798828125,610.029541015625,251.14476013183594,130.99049377441406,264.3666076660156,202.3884735107422,94.9266586303711,148.92225646972656,88.53739929199219,136.0828094482422,340.39068603515625,104.67745971679688,152.46998596191406,131.4093780517578,218.2449951171875,360.1569519042969,125.21707916259766,76.8499984741211,42.69300079345703,73.5999984741211,156.88999938964844,40.9900016784668,68.06529235839844,60.286643981933594,89.60324096679688,98.41053009033203,97.98123931884766,107.93986511230469
2026-02-11,632.5056762695312,339.4271545410156,611.6657104492188,251.79310607910156,130.74253845214844,263.1647644042969,202.55746459960938,95.02560424804688,150.986083984375,88.4281234741211,135.7437286376953,338.18646240234375,104.4682846069336,152.26107788085938,131.00074768066406,216.90240478515625,368.4592590332031,124.52776336669922,76.54399871826172,42.86000061035156,73.30000305175781,158.92999267578125,40.599998474121094,68.57176208496094,61.24168014526367,89.62283325195312,98.41053009033203,97.98123931884766,107.94966888427734
2026-02-12,622.7052612304688,333.99981689453125,599.22509765625,246.69601440429688,128.3423309326172,257.79119873046875,199.5259246826172,94.19439697265625,147.99400329589844,87.01740264892578,132.55233764648438,330.25714111328125,102.80484008789062,149.78407287597656,128.9775390625,212.67575073242188,359.06793212890625,123.0592041015625,73.8499984741211,42.11000061035156,71.84400177001953,156.66000366210938,40.29999923706055,68.02556610107422,60.5452995300293,89.62283325195312,98.43014526367188,97.99103546142578,107.95946502685547
2026-02-13,623.1029052734375,334.635986328125,600.5020141601562,247.20472717285156,129.87965393066406,261.1881408691406,200.52981567382812,95.1839370727539,149.66285705566406,88.0406723022461,134.00840759277344,333.8876953125,103.92044830322266,151.69406127929688,130.61204528808594,215.09239196777344,362.2050476074219,122.73951721191406,74.63999938964844,42.810001373291016,72.4280014038086,157.2100067138672,39.875,68.28376770019531,60.803955078125,89.66202545166016,98.46931457519531,98.03021240234375,108.0084228515625
2026-02-17,624.1961669921875,335.053466796875,599.8834838867188,246.94537353515625,129.7407989501953,261.2676086425781,201.01686096191406,94.83759307861328,148.96176147460938,87.85191345214844,134.50704956054688,334.3963317871094,104.3686752319336,151.69406127929688,130.53231811523438,215.1918487548828,359.7373352050781,124.50777435302734,74.70099639892578,42.529998779296875,72.40899658203125,156.41000366210938,40.507999420166016,68.10501098632812,60.55524826049805,89.67182922363281,98.46931457519531,98.04000091552734,108.01822662353516
2026-02-18,627.337158203125,336.8029479980469,604.3629760742188,248.7508087158203,130.10777282714844,262.211181640625,202.25929260253906,95.02560424804688,150.3936004638672,88.43804931640625,135.55422973632812,336.56072998046875,104.95636749267578,151.65426635742188,130.7017364501953,216.6239471435547,359.3776550292969,125.47682189941406,76.66999816894531,42.880001068115234,73.04499816894531,158.3300018310547,41.04999923706055,68.33341217041016,60.873592376708984,89.68162536621094,98.4889144897461,98.04981231689453,108.01822662353516
2026-02-19,625.7269287109375,336.1667785644531,602.04833984375,247.88299560546875,129.85980224609375,262.8171081542969,201.80206298828125,95.04539489746094,149.48512268066406,88.37844848632812,135.49440002441406,337.32867431640625,105.35478973388672,151.35580444335938,130.24327087402344,216.9222869873047,354.45220947265625,126.61570739746094,76.94000244140625,42.59000015258789,72.77200317382812,158.5,41.43000030517578,68.31356048583984,60.724369049072266,89.68162536621094,98.49870300292969,98.05960083007812,108.03782653808594
2026-02-20,630.1898193359375,338.2343444824219,607.3757934570312,250.0375518798828,130.55410766601562,262.8270263671875,203.15383911132812,95.1839370727539,150.51210021972656,88.72615814208984,135.7836151123047,336.191650390625,106.15165710449219,152.37051391601562,130.97084045410156,216.8626251220703,356.65020751953125,124.65763092041016,76.7239990234375,43.09000015258789,72.9530029296875,159.5800018310547,40.81999969482422,69.03849792480469,62.01764678955078,89.71101379394531,98.51830291748047,98.08898162841797,108.05741119384766
2026-02-23,623.8384399414062,334.4471435546875,599.9932250976562,247.02516174316406,127.93567657470703,258.7347717285156,201.03671264648438,94.79801940917969,148.35939025878906,87.48432922363281,132.7218780517578,332.0125732421875,104.5280532836914,150.03277587890625,128.9775390625,212.6260223388672,352.91363525390625,126.8454818725586,74.29900360107422,41.84000015258789,71.7699966430664,156.77999877929688,41.375,68.70085144042969,61.331214904785156,89.71101379394531,98.53787994384766,98.09878540039062,108.06720733642578
2026-02-24,628.3907470703125,337.1806640625,606.4380493164062,249.67845153808594,129.11595153808594,261.5556640625,202.73638916015625,95.38185119628906,149.2579803466797,88.40825653076172,134.90597534179688,336.5706787109375,105.77314758300781,151.56472778320312,130.36288452148438,215.29129028320312,358.30865478515625,129.03334045410156,75.93000030517578,42.94499969482422,72.63600158691406,157.30999755859375,42.64099884033203,68.97891235351562,62.296199798583984,89.7306137084961,98.53787994384766,98.10858154296875,108.07701110839844
2026-02-25,633.6786499023438,339.7850036621094,615.227294921875,253.18959045410156,129.59202575683594,262.7972106933594,204.20742797851562,95.4016342163086,150.08749389648438,88.69635772705078,135.8534393310547,337.967041015625,106.68953704833984,152.4202423095703,131.2698516845703,216.4846954345703,363.05426025390625,128.15420532226562,76.98999786376953,44.33000183105469,73.3030014038086,158.3040008544922,42.750999450683594,69.77337646484375,62.98263168334961,89.74041748046875,98.54767608642578,98.10858154296875,108.08679962158203
2026-02-26,630.1202392578125,338.4530029296875,607.8048095703125,250.2470245361328,130.31605529785156,264.1977233886719,203.5613555908203,95.78755187988281,149.22837829589844,89.28250885009766,137.74830627441406,339.77227783203125,106.78913879394531,153.2061004638672,131.99740600585938,218.07591247558594,356.66015625,127.54479217529297,76.16000366210938,44.150001525878906,73.22799682617188,157.86599731445312,42.709999084472656,69.82302856445312,62.38573455810547,89.75021362304688,98.5672836303711,98.11837768554688,108.09659576416016
2026-02-27,627.2277221679688,336.7433166503906,605.8594360351562,249.42909240722656,128.63987731933594,259.6485900878906,203.62100219726562,96.78699493408203,148.90248107910156,89.16329193115234,136.38201904296875,334.37640380859375,106.19149017333984,151.4453582763672,130.2532501220703,215.23162841796875,350.7156677246094,127.2450942993164,74.83999633789062,43.57600021362305,72.74700164794922,156.39999389648438,42.46699905395508,69.75350952148438,62.25640869140625,89.7697982788086,98.58686828613281,98.14775848388672,108.12598419189453
2026-03-02,627.4663696289062,337.0912170410156,606.6575317382812,249.72833251953125,129.51266479492188,262.03240966796875,203.23336791992188,96.65835571289062,148.40875244140625,89.26262664794922,136.41192626953125,337.6278991699219,107.61588287353516,152.53961181640625,131.1602020263672,216.82284545898438,355.64111328125,126.42589569091797,74.97000122070312,43.5099983215332,72.5739974975586,155.5800018310547,42.22999954223633,68.53203582763672,61.18199157714844,89.78257751464844,98.59864807128906,98.15267181396484,108.13972473144531
2026-03-03,621.9398803710938,333.72149658203125,600.162841796875,247.09500122070312,128.14395141601562,257.49322509765625,201.06654357910156,96.1932601928711,145.25868225097656,88.1698226928711,135.13536071777344,330.6162414550781,105.26515197753906,150.5600128173828,129.65524291992188,213.1829376220703,338.1173400878906,123.3788833618164,73.5199966430664,41.301998138427734,71.375,151.90499877929688,41.23899841308594,66.14865112304688,58.117916107177734,89.79241180419922,98.61830139160156,98.16249084472656,108.14955139160156
2026-03-04,626.3729858398438,336.1667785644531,609.3112182617188,250.73577880859375,128.84814453125,259.9962463378906,202.2095947265625,96.3416976928711,147.3916473388672,88.62681579589844,135.8634033203125,334.0472717285156,105.34483337402344,151.29612731933594,130.42266845703125,214.79403686523438,338.6468200683594,126.2960205078125,75.05999755859375,42.15999984741211,72.27300262451172,153.49000549316406,42.540000915527344,66.91332244873047,58.744659423828125,89.80223083496094,98.61830139160156,98.17230987548828,108.14955139160156
2026-03-05,623.0233764648438,333.9898681640625,607.4755859375,250.08743286132812,126.6165542602539,255.02992248535156,200.46023559570312,95.79744720458984,145.7820587158203,87.95126342773438,135.22512817382812,327.6938171386719,103.62162017822266,148.2819366455078,127.67191314697266,211.97958374023438,333.311767578125,123.77849578857422,74.37100219726562,41.29999923706055,71.62100219726562,152.66200256347656,41.34000015258789,65.33433532714844,57.33200454711914,89.81204986572266,98.62812042236328,98.17230987548828,108.16917419433594
2026-03-06,614.6939697265625,329.4273376464844,598.337158203125,246.34689331054688,123.77000427246094,249.19949340820312,197.45849609375,95.63912963867188,142.75047302246094,86.85845184326172,133.28036499023438,319.5251770019531,101.02186584472656,144.88973999023438,124.96099090576172,207.99160766601562,321.5626220703125,123.8783950805664,72.9000015258789,40.939998626708984,70.88899993896484,149.00999450683594,41.43000030517578,64.82786560058594,57.02360534667969,89.83171081542969,98.66740417480469,98.2214126586914,108.19865417480469
2026-03-09,620.0315551757812,332.2801818847656,606.3283081054688,249.57872009277344,124.34526062011719,251.9110870361328,199.49609375,95.62922668457031,143.52072143554688,87.19622802734375,134.86607360839844,324.6019592285156,102.85464477539062,146.30233764648438,125.86795043945312,210.040283203125,330.8140563964844,126.9953384399414,74.30999755859375,41.69499969482422,71.58499908447266,151.44000244140625,42.619998931884766,65.4535140991211,58.147762298583984,89.84152221679688,98.6772232055664,98.2214126586914,108.20846557617188
2026-03-10,618.9580078125,331.5148010253906,606.3383178710938,249.63856506347656,123.77000427246094,251.65283203125,199.06869506835938,94.91675567626953,143.89596557617188,86.4908676147461,133.09088134765625,324.37255859375,102.60563659667969,145.76515197753906,125.31978607177734,209.22479248046875,331.41351318359375,127.3050308227539,73.5270004272461,41.847999572753906,71.31900024414062,151.52999877929688,43.36000061035156,65.5130844116211,58.37657165527344,89.8513412475586,98.6772232055664,98.2410659790039,108.21829223632812
2026-03-11,618.2722778320312,331.2463684082031,606.2584228515625,249.57872009277344,123.50221252441406,251.1462860107422,198.31329345703125,94.42198944091797,144.53782653808594,86.19283294677734,132.6321258544922,324.0234375,102.37653350830078,145.34735107421875,125.19023132324219,208.8468780517578,336.67864990234375,126.25605773925781,73.66999816894531,42.07099914550781,71.33999633789062,151.3300018310547,42.959999084472656,65.40385437011719,58.52579879760742,89.8513412475586,98.69689178466797,98.2410659790039,108.2281265258789
2026-03-12,608.7997436523438,325.9582214355469,595.85302734375,245.31948852539062,121.20116424560547,245.74295043945312,195.0332489013672,93.9964828491211,141.9901123046875,84.63310241699219,129.53050231933594,315.62542724609375,99.74689483642578,142.0347442626953,122.30989074707031,204.33181762695312,325.30914306640625,122.499755859375,71.81999969482422,40.70000076293945,70.02400207519531,147.6199951171875,41.39899826049805,64.1227798461914,56.655517578125,89.87100982666016,98.70671081542969,98.2410659790039,108.2281265258789
2026-03-13,605.4104614257812,324.178955078125,592.3213500976562,243.83323669433594,121.05239868164062,244.92845153808594,193.96971130371094,94.07565307617188,142.8788604736328,84.58341979980469,129.2811737060547,314.35870361328125,99.5576400756836,141.91537475585938,122.27001190185547,203.7848358154297,327.0975036621094,121.71052551269531,71.3479995727539,40.650001525878906,69.7490005493164,147.5500030517578,40.650001525878906,63.37797927856445,56.50629425048828,89.90046691894531,98.73616790771484,98.2705307006836,108.26741027832031
2026-03-16,611.4735107421875,327.489013671875,598.9656982421875,246.54638671875,121.94503784179688,247.24276733398438,195.78863525390625,94.63968658447266,144.36009216308594,85.42786407470703,131.01646423339844,317.8794860839844,100.46407318115234,143.46722412109375,123.52581024169922,205.91307067871094,333.34173583984375,123.78849029541016,72.58899688720703,41.88199996948242,70.61499786376953,150.57000732421875,41.4900016784668,64.73849487304688,58.078125,89.90046691894531,98.73616790771484,98.28035736083984,108.27722930908203
2026-03-17,613.163330078125,328.5923767089844,601.8887939453125,247.82315063476562,123.01194763183594,248.80694580078125,196.10739135742188,94.48269653320312,145.7991180419922,85.93453216552734,132.04812622070312,320.2590026855469,101.49305725097656,144.71258544921875,124.64205932617188,207.7032012939453,332.1228332519531,124.0682144165039,73.16999816894531,42.29999923706055,70.85099792480469,151.56700134277344,41.119998931884766,64.95697021484375,58.44620895385742,89.91028594970703,98.75582122802734,98.2901840209961,108.28704833984375
2026-03-18,604.7046508789062,324.069580078125,593.4986572265625,244.3419647216797,121.42251586914062,244.79698181152344,193.31838989257812,92.89291381835938,144.28173828125,84.82185363769531,130.69122314453125,314.8415222167969,100.73527526855469,142.83953857421875,123.00753784179688,205.0677490234375,328.4662170410156,120.9912338256836,72.36000061035156,42.198001861572266,69.73899841308594,149.8300018310547,39.88999938964844,63.83479309082031,57.262367248535156,89.92994689941406,98.76564025878906,98.2901840209961,108.28704833984375
2026-03-19,603.0845336914062,323.4930419921875,591.623046875,243.5838623046875,121.95894622802734,246.3989715576172,193.4478759765625,92.68425750732422,144.1627197265625,84.84172058105469,130.86083984375,317.07635498046875,101.31358337402344,143.53697204589844,123.58560180664062,205.78378295898438,331.03387451171875,122.21003723144531,72.36000061035156,42.57899856567383,69.64900207519531,149.33900451660156,40.43000030517578,63.71562576293945,57.322052001953125,89.92994689941406,98.76564025878906,98.2901840209961,108.28704833984375
2026-03-20,594.3277587890625,318.4235534667969,580.6888427734375,239.03536987304688,119.61454772949219,241.01588439941406,191.13697814941406,91.76020050048828,141.9213409423828,83.5104751586914,127.76790618896484,308.8354187011719,98.43201446533203,140.05987548828125,120.56572723388672,201.1195526123047,322.3119201660156,120.19200897216797,69.76000213623047,40.91699981689453,68.17400360107422,146.0500030517578,39.599998474121094,61.715152740478516,55.352291107177734,89.95942687988281,98.79511260986328,98.31964111328125,108.31651306152344
2026-03-23,600.7785034179688,322.25054931640625,587.3545532226562,241.79019165039062,122.07815551757812,246.21986389160156,193.1888885498047,92.1675796508789,142.61558532714844,84.53374481201172,129.7234344482422,315.7593994140625,100.48600006103516,143.02883911132812,123.28660583496094,205.2268829345703,329.21942138671875,121.58065032958984,72.0479965209961,42.5,69.27400207519531,148.58999633789062,39.869998931884766,63.3266716003418,57.01365661621094,89.96924591064453,98.79511260986328,98.31964111328125,108.33616638183594
2026-03-24,598.740966796875,321.24658203125,583.3389282226562,240.14208984375,122.95233917236328,247.5432586669922,192.54144287109375,91.72045135498047,143.7164306640625,84.55361938476562,129.14476013183594,316.3280944824219,101.2537612915039,143.74618530273438,123.75503540039062,205.66085815429688,334.74737548828125,119.42276763916016,71.20999908447266,42.060001373291016,68.54100036621094,148.27000427246094,39.391998291015625,62.81934356689453,56.22774124145508,89.97905731201172,98.82456970214844,98.31964111328125,108.34598541259766
2026-03-25,602.0010986328125,323.2048034667969,587.1747436523438,241.70028686523438,124.25369262695312,250.5681610107422,193.35821533203125,92.03840637207031,144.361083984375,84.93233489990234,130.33204650878906,320.4984436035156,102.29071807861328,145.3701629638672,125.05069732666016,207.90562438964844,340.0954284667969,123.79846954345703,72.0999984741211,42.650001525878906,69.25,149.38800048828125,40.97700119018555,63.635047912597656,57.123085021972656,89.96924591064453,98.82456970214844,98.34910583496094,108.35580444335938
2026-03-26,591.3259887695312,317.6382751464844,573.1600952148438,235.9369659423828,122.8530044555664,246.20993041992188,189.40379333496094,91.62108612060547,141.7229766845703,83.95563507080078,127.51847839355469,312.9559020996094,99.97748565673828,142.73992919921875,122.80821228027344,204.61329650878906,328.20977783203125,123.77849578857422,69.38999938964844,41.0,67.88999938964844,143.94000244140625,41.18299865722656,62.15284729003906,55.18317413330078,89.9888916015625,98.83440399169922,98.3294677734375,108.35580444335938
2026-03-27,581.267333984375,312.19195556640625,561.9624633789062,231.34228515625,120.94568634033203,241.89151000976562,186.5649871826172,90.53805541992188,139.91796875,82.7198257446289,124.65502166748047,306.66046142578125,98.24256134033203,140.6377410888672,121.2195816040039,200.53280639648438,319.03314208984375,119.47271728515625,67.31700134277344,40.15999984741211,66.38300323486328,141.69000244140625,39.56999969482422,61.725101470947266,54.91456985473633,90.01835632324219,98.8638687133789,98.37858581542969,108.39510345458984
2026-03-30,579.2431640625,310.7860107421875,557.6671752929688,229.60427856445312,120.07150268554688,238.41883850097656,185.75816345214844,91.10441589355469,137.33938598632812,82.39093780517578,123.33804321289062,300.3251037597656,96.93638610839844,139.292724609375,120.0712890625,198.48756408691406,305.93792724609375,118.66351318359375,65.322998046875,39.39500045776367,66.04000091552734,139.64999389648438,38.65999984741211,61.705204010009766,54.466896057128906,90.02818298339844,98.87369537353516,98.3982162475586,108.41474151611328
2026-03-31,595.81494140625,319.88983154296875,576.54638671875,237.34532165527344,123.48877716064453,246.7671356201172,191.05728149414062,92.147705078125,141.0188446044922,84.37422943115234,127.82776641845703,313.0856018066406,100.32647705078125,144.1746063232422,124.27503204345703,205.3216552734375,326.0005798339844,127.60474395751953,68.84500122070312,40.900001525878906,68.30400085449219,145.72799682617188,41.624000549316406,63.74447250366211,56.49634552001953,90.02818298339844,98.87369537353516,98.40803527832031,108.42456817626953
2026-04-01,600.5511474609375,322.3128356933594,583.6685791015625,240.29193115234375,124.0947494506836,248.3193817138672,192.01353454589844,92.07815551757812,143.56765747070312,84.69314575195312,128.49623107910156,315.43017578125,101.44320678710938,145.53953552246094,125.32347106933594,206.74832153320312,332.058349609375,128.42393493652344,69.947998046875,41.810001373291016,68.91000366210938,147.80499267578125,42.41999816894531,64.79891967773438,56.9340705871582,90.05182647705078,98.8963394165039,98.42971801757812,108.43836212158203
2026-04-02,601.2391357421875,322.83135986328125,584.3378295898438,240.5815887451172,124.60137939453125,250.040771484375,192.40199279785156,92.76374816894531,144.02386474609375,85.02701568603516,128.8953399658203,317.6250915527344,101.57283020019531,146.31663513183594,125.96251678466797,207.73602294921875,336.4867248535156,128.8335418701172,70.12000274658203,41.64799880981445,68.93900299072266,148.5030059814453,42.83599853515625,64.3015365600586,56.29737854003906,90.07152557373047,98.93575286865234,98.45928192138672,108.4777603149414
2026-04-06,603.9113159179688,324.2771911621094,587.85400390625,242.03990173339844,125.27688598632812,251.10546875,193.26858520507812,92.8233642578125,145.04539489746094,85.43064880371094,129.53387451171875,318.9520263671875,101.86197662353516,147.2133026123047,126.7513427734375,208.70376586914062,339.94549560546875,128.67369079589844,70.00800323486328,42.020999908447266,69.20500183105469,149.2830047607422,42.779998779296875,64.7790298461914,56.814693450927734,90.09123992919922,98.94560241699219,98.45928192138672,108.48759460449219
2026-04-07,604.2802734375,324.4965515136719,587.9439086914062,242.09983825683594,125.68417358398438,251.65272521972656,192.63108825683594,92.61470794677734,145.1049041748047,85.13165283203125,128.8055419921875,319.4708251953125,102.03147888183594,147.87086486816406,127.34046936035156,208.74366760253906,340.74517822265625,128.72364807128906,69.95600128173828,42.209999084472656,69.03099822998047,149.24899291992188,43.060001373291016,64.74917602539062,57.01365661621094,90.10108184814453,98.9554443359375,98.4789810180664,108.49745178222656
2026-04-08,619.535888671875,332.74285888671875,605.4246826171875,249.2515411376953,128.97230529785156,259.1751403808594,198.22901916503906,93.5188980102539,150.40090942382812,87.21460723876953,132.39732360839844,330.2857971191406,105.26202392578125,152.3143768310547,131.26463317871094,214.29074096679688,359.21844482421875,130.52186584472656,73.01499938964844,45.040000915527344,70.96099853515625,154.677001953125,43.43000030517578,67.46488952636719,60.127471923828125,90.10108184814453,98.9554443359375,98.49868774414062,108.50730895996094
2026-04-09,623.2052001953125,334.48785400390625,609.5202026367188,250.93959045410156,129.88623046875,260.65771484375,199.46417236328125,93.26055908203125,151.57119750976562,87.03520965576172,131.11026000976562,331.9519348144531,105.29193878173828,153.44017028808594,132.18325805664062,214.3705596923828,364.1566162109375,131.69073486328125,71.98999786376953,44.290000915527344,70.84700012207031,156.40199279785156,44.459999084472656,67.19630432128906,59.968299865722656,90.11093139648438,98.96529388427734,98.50853729248047,108.5270004272461
2026-04-10,622.786376953125,334.0889587402344,610.3992309570312,251.30917358398438,129.32992553710938,260.0010070800781,198.68724060058594,92.15763854980469,150.8868865966797,86.41730499267578,130.0626678466797,331.1038818359375,105.04267120361328,152.41400146484375,131.3345184326172,213.50259399414062,370.73419189453125,129.3130645751953,73.12100219726562,44.75,70.46099853515625,157.3470001220703,43.400001525878906,67.38530731201172,60.24685287475586,90.14049530029297,99.00471496582031,98.52823638916016,108.55655670166016
2026-04-13,628.8886108398438,337.6986083984375,616.7122802734375,253.87620544433594,130.93922424316406,263.75225830078125,200.4602508544922,92.91278839111328,152.19601440429688,87.73284912109375,132.78643798828125,338.11767578125,106.468505859375,154.61582946777344,133.03199768066406,217.34364318847656,380.7105712890625,131.92050170898438,75.64900207519531,45.82400131225586,71.76300048828125,159.50799560546875,44.45199966430664,67.85284423828125,60.754215240478516,90.14049530029297,99.01456451416016,98.52823638916016,108.55655670166016
2026-04-14,636.4964599609375,341.66717529296875,627.909912109375,258.4808654785156,131.55511474609375,267.3841552734375,202.4723358154297,93.07176208496094,153.7431640625,88.37068176269531,134.1732635498047,345.0815734863281,107.3160171508789,155.77154541015625,134.11038208007812,219.5884246826172,388.91754150390625,135.58689880371094,78.06999969482422,46.7400016784668,72.87999725341797,162.19000244140625,45.39500045776367,68.52928161621094,61.91816711425781,90.15035247802734,99.01456451416016,98.53807830810547,108.57626342773438
2026-04-15,641.5816650390625,344.2497253417969,636.7003173828125,262.1766052246094,131.38626098632812,268.05084228515625,203.56800842285156,93.34004211425781,153.19769287109375,88.63977813720703,134.97145080566406,347.1767272949219,107.10663604736328,155.34310913085938,133.69100952148438,220.51625061035156,393.135986328125,136.31617736816406,79.52300262451172,47.15999984741211,73.9260025024414,163.572998046875,45.97999954223633,68.34027862548828,61.87837219238281,90.16020202636719,99.03425598144531,98.53807830810547,108.57626342773438
2026-04-16,642.987548828125,345.0374755859375,639.7669067382812,263.38519287109375,131.81341552734375,268.6080322265625,203.51820373535156,93.78717041015625,154.99278259277344,88.99856567382812,134.7619171142578,347.8651428222656,107.12657928466797,155.51248168945312,133.84078979492188,221.1248321533203,403.8920593261719,135.32716369628906,79.25599670410156,48.20000076293945,74.19999694824219,164.0189971923828,46.38399887084961,68.27064514160156,62.127079010009766,90.17005157470703,99.03425598144531,98.56764221191406,108.58612060546875
2026-04-17,650.8845825195312,349.5245666503906,648.1376953125,266.82122802734375,134.49557495117188,274.4090270996094,206.10800170898438,94.25416564941406,156.9167938232422,90.08487701416016,137.43580627441406,355.52740478515625,109.48966217041016,159.23866271972656,137.1758270263672,225.39488220214844,414.5181884765625,138.5340118408203,80.38999938964844,49.400001525878906,75.36900329589844,166.05799865722656,47.41999816894531,69.26541137695312,63.3109245300293,90.19961547851562,99.06382751464844,98.60704803466797,108.63536834716797
2026-04-20,649.6481323242188,349.2054748535156,646.0799560546875,265.9921569824219,135.25054931640625,275.97125244140625,205.77928161621094,94.13492584228516,156.8076934814453,90.47356414794922,138.14419555664062,357.8819274902344,110.0978775024414,159.7168731689453,137.49534606933594,227.19070434570312,423.494873046875,137.6548614501953,81.68000030517578,49.869998931884766,75.31999969482422,165.7779998779297,47.75,68.96697998046875,62.85330581665039,90.20946502685547,99.07367706298828,98.61689758300781,108.63536834716797
2026-04-21,645.37060546875,346.84228515625,643.6226806640625,265.0033264160156,134.18763732910156,273.1453857421875,204.6537322998047,93.48907470703125,156.9267120361328,89.8755874633789,136.8571319580078,354.56964111328125,109.36003875732422,158.1626434326172,136.16732788085938,225.39488220214844,430.59228515625,136.25624084472656,81.21900177001953,49.720001220703125,74.44999694824219,162.94900512695312,47.0890007019043,67.46488952636719,61.9281120300293,90.21932983398438,99.09336853027344,98.61689758300781,108.64521789550781
2026-04-22,652.0013427734375,350.21258544921875,654.390869140625,269.3183288574219,134.7240447998047,275.1055603027344,206.3570098876953,93.48907470703125,157.79946899414062,89.99518585205078,136.45803833007812,357.71234130859375,108.88143920898438,158.96963500976562,136.75645446777344,226.21298217773438,440.6685791015625,137.1753387451172,83.02799987792969,50.92900085449219,75.33899688720703,165.77099609375,47.35100173950195,67.99211120605469,63.052268981933594,90.21932983398438,99.10321807861328,98.62674713134766,108.66492462158203
2026-04-23,649.3689575195312,348.7966613769531,650.7048950195312,267.90997314453125,134.6743927001953,274.15032958984375,205.08204650878906,93.70767211914062,158.59288024902344,89.66629791259766,135.32064819335938,355.1382751464844,108.59229278564453,158.80027770996094,136.63662719726562,224.8262176513672,450.8248596191406,134.3581085205078,81.21399688720703,49.858001708984375,73.9000015258789,164.42300415039062,46.29199981689453,67.3355712890625,62.02759552001953,90.23902130126953,99.11307525634766,98.63660430908203,108.67477416992188
2026-04-24,654.5139770507812,351.0401916503906,663.1512451171875,273.0639953613281,135.39956665039062,275.2746887207031,206.5861053466797,93.47915649414062,160.99295043945312,89.61646270751953,135.79954528808594,357.3731384277344,109.27029418945312,159.8663330078125,137.6251678466797,225.0057830810547,478.8146057128906,133.1492919921875,82.78800201416016,51.14699935913086,74.75199890136719,166.71400451660156,45.95000076293945,67.78321075439453,63.41040802001953,90.25873565673828,99.14262390136719,98.66616821289062,108.70433044433594
2026-04-27,655.5908813476562,351.5188293457031,663.5008544921875,273.19384765625,135.6578369140625,275.7622985839844,206.37693786621094,92.97240447998047,162.1830596923828,89.48192596435547,135.60997009277344,357.00396728515625,108.98114776611328,159.70692443847656,137.6251678466797,225.3150634765625,464.4098815917969,132.90953063964844,81.91200256347656,50.95199966430664,74.63500213623047,167.3979949951172,45.582000732421875,67.71357727050781,63.3109245300293,90.26859283447266,99.14262390136719,98.67601776123047,108.71418762207031
2026-04-28,652.3602905273438,349.6242980957031,656.8281860351562,270.447021484375,134.89292907714844,272.54833984375,205.10195922851562,93.18106079101562,160.77476501464844,88.90885925292969,133.7542266845703,350.6885986328125,107.32598876953125,158.46153259277344,136.44691467285156,222.90069580078125,443.867431640625,131.0313720703125,79.0,50.27199935913086,73.93099975585938,164.33399963378906,44.09600067138672,67.3753662109375,62.66428756713867,90.27843475341797,99.1623306274414,98.68586730957031,108.72403717041016
2026-04-29,652.34033203125,349.2054748535156,660.84375,272.0751647949219,133.83993530273438,270.7274169921875,204.95254516601562,93.2804183959961,163.6112060546875,88.79923248291016,133.1156768798828,350.5189514160156,106.55824279785156,157.20619201660156,135.53826904296875,221.51393127441406,465.0296936035156,128.77359008789062,78.60800170898438,50.332000732421875,73.69200134277344,164.28900146484375,42.810001373291016,66.72876739501953,62.36583709716797,90.27843475341797,99.17218017578125,98.68586730957031,108.72403717041016
2026-04-30,658.6619262695312,353.1640930175781,667.0069580078125,274.5822448730469,136.1942901611328,276.5881652832031,206.4366912841797,94.03556823730469,165.69390869140625,90.03504180908203,135.99908447265625,359.04925537109375,108.39287567138672,160.89251708984375,138.63365173339844,225.53456115722656,487.9112854003906,131.20120239257812,80.39199829101562,52.316001892089844,74.98500061035156,167.08599853515625,43.90399932861328,68.43975830078125,63.65911865234375,90.28828430175781,99.17218017578125,98.69570922851562,108.74373626708984
2026-05-01,660.5963134765625,354.27093505859375,673.4099731445312,277.2192077636719,136.5320281982422,277.8916320800781,206.34706115722656,93.97595977783203,166.92369079589844,90.08487701416016,135.84942626953125,361.623291015625,108.80167388916016,161.43051147460938,139.072998046875,226.5920867919922,498.25750732421875,130.29209899902344,82.55999755859375,52.542999267578125,75.447998046875,168.61500549316406,43.814998626708984,68.36017608642578,63.79838943481445,90.31793975830078,99.20972442626953,98.73919677734375,108.77139282226562
2026-05-04,658.2032470703125,352.9646911621094,672.141357421875,276.729736328125,135.27041625976562,276.4986267089844,205.2912139892578,93.75736236572266,166.5765838623047,89.75598907470703,136.09886169433594,360.6854553222656,108.53245544433594,160.4342041015625,138.27418518066406,225.9036865234375,496.1282653808594,133.36907958984375,82.62000274658203,53.02399826049805,75.36000061035156,168.63099670410156,44.81399917602539,67.5544204711914,63.7685432434082,90.33769226074219,99.2196044921875,98.73919677734375,108.7911605834961
2026-05-05,663.3682250976562,355.9660339355469,680.8617553710938,280.2956237792969,137.19760131835938,281.15533447265625,206.6857147216797,93.85671997070312,172.4775848388672,90.47356414794922,137.1963348388672,367.3600158691406,110.23747253417969,163.1342010498047,140.58074951171875,228.7470703125,518.2301635742188,133.65878295898438,85.55000305175781,53.939998626708984,75.8489990234375,171.34300231933594,44.91600036621094,68.61882019042969,65.06182861328125,90.34757995605469,99.22948455810547,98.74907684326172,108.7911605834961
2026-05-06,672.7009887695312,360.8220520019531,695.0062255859375,286.0689392089844,138.01217651367188,285.3742370605469,209.2157440185547,93.38971710205078,175.89915466308594,91.18116760253906,138.6630096435547,373.2763366699219,113.16889953613281,163.93121337890625,141.2697296142578,231.79995727539062,531.7352294921875,137.5449676513672,87.73999786376953,54.869998931884766,77.08399963378906,175.42999267578125,46.02000045776367,70.4989242553711,67.1410140991211,90.33769226074219,99.23936462402344,98.74907684326172,108.81090545654297
2026-05-07,670.587158203125,359.1668395996094,694.1771240234375,285.7892761230469,136.730712890625,280.8568420410156,208.63803100585938,93.67787170410156,173.37014770507812,90.3739013671875,137.99452209472656,365.7337646484375,111.66329956054688,162.15780639648438,139.5223388671875,228.30809020996094,523.5882568359375,133.5289306640625,87.51000213623047,54.12300109863281,76.59300231933594,173.0,44.21900177001953,69.3051986694336,66.24566650390625,90.35746765136719,99.2492446899414,98.76883697509766,108.82079315185547
2026-05-08,676.0711669921875,361.82916259765625,710.44921875,292.4815368652344,137.43601989746094,282.7573547363281,209.6042022705078,93.4294662475586,181.08607482910156,90.40380096435547,137.0766143798828,368.1382141113281,112.39117431640625,163.02459716796875,140.20132446289062,228.96656799316406,553.9671020507812,134.57789611816406,87.01000213623047,54.87900161743164,77.2699966430664,175.57200622558594,44.612998962402344,70.4591293334961,67.58869171142578,90.37722778320312,99.27888488769531,98.79847717285156,108.86031341552734
2026-05-11,677.5469360351562,362.5870056152344,712.5069580078125,293.3704833984375,136.44264221191406,283.9115295410156,209.74368286132812,93.49901580810547,183.6646728515625,90.46359252929688,137.4557647705078,371.94940185546875,112.57064819335938,162.39691162109375,139.9517059326172,228.97653198242188,575.279296875,134.61785888671875,88.18399810791016,55.672000885009766,77.29399871826172,176.17300415039062,44.68299865722656,70.44918060302734,67.53894805908203,90.39698791503906,99.28876495361328,98.80835723876953,108.86031341552734
2026-05-12,676.6993408203125,361.7494201660156,706.463623046875,290.8034973144531,134.89292907714844,281.165283203125,209.5643768310547,93.88652801513672,180.72903442382812,90.39382934570312,136.3383026123047,367.7291564941406,111.70317840576172,160.3744354248047,138.2042999267578,226.91134643554688,550.7982788085938,134.77769470214844,86.58499908447266,54.1150016784668,76.79199981689453,174.94000244140625,44.54100036621094,69.60363006591797,65.47965240478516,90.40686798095703,99.29864501953125,98.80835723876953,108.87020111083984
2026-05-13,680.4285278320312,363.6639099121094,713.9254760742188,293.8199768066406,134.38629150390625,281.2648010253906,210.14208984375,93.70767211914062,182.34561157226562,90.05498504638672,136.08888244628906,368.42755126953125,111.66329956054688,159.89620971679688,137.59519958496094,227.08096313476562,564.0534057617188,135.71678161621094,86.27899932861328,55.189998626708984,77.3219985961914,174.9199981689453,44.959999084472656,70.26016998291016,66.86246490478516,90.40686798095703,99.30852508544922,98.8182373046875,108.87020111083984
2026-05-14,685.7330322265625,366.34619140625,718.9998168945312,296.02740478515625,135.24061584472656,283.03594970703125,211.53660583496094,94.5721206665039,182.64315795898438,90.56824493408203,137.28616333007812,371.3807067871094,112.11199188232422,160.8526611328125,138.4339599609375,228.5874481201172,564.9830322265625,134.71775817871094,87.30999755859375,55.21500015258789,77.58499908447266,175.83799743652344,44.08300018310547,70.19053649902344,67.03158569335938,90.4266357421875,99.31841278076172,98.82810974121094,108.88007354736328
2026-05-15,677.4671630859375,361.6995544433594,708.1517944335938,291.5526123046875,133.0452117919922,276.219970703125,209.6241455078125,94.09518432617188,178.29920959472656,89.52677154541016,135.80950927734375,361.4137878417969,110.00814819335938,157.9235382080078,136.1273956298828,224.0779571533203,549.3687744140625,130.5618438720703,85.81999969482422,53.14099884033203,76.38400268554688,172.67799377441406,42.439998626708984,68.71829223632812,64.73352813720703,90.44639587402344,99.34805297851562,98.8478775024414,108.91959381103516
2026-05-18,676.9386596679688,361.32061767578125,705.1051025390625,290.2940673828125,133.51211547851562,274.59808349609375,210.09228515625,95.38687896728516,176.60330200195312,89.8656234741211,135.6997833251953,356.7545471191406,109.32015228271484,158.22242736816406,136.21725463867188,223.4593963623047,532.90478515625,127.54479217529297,85.91000366210938,53.04499816894531,76.42400360107422,170.27200317382812,41.167999267578125,69.1559829711914,64.63404846191406,90.44639587402344,99.35792541503906,98.85775756835938,108.92947387695312
2026-05-19,672.6312866210938,359.0272521972656,700.7599487304688,288.5061340332031,132.2803192138672,271.6428527832031,208.73764038085938,95.17822265625,176.8214874267578,89.5068359375,134.69207763671875,352.41461181640625,108.25328063964844,156.8375701904297,135.0390167236328,221.74339294433594,535.8937377929688,126.66566467285156,84.2699966430664,52.08599853515625,75.9000015258789,168.58299255371094,40.540000915527344,68.6287612915039,63.9277229309082,90.4661636352539,99.36781311035156,98.87751770019531,108.93936157226562
2026-05-20,679.5910034179688,363.1453857421875,712.3671875,293.29058837890625,134.96246337890625,278.47869873046875,211.39715576171875,95.28752136230469,181.1852569580078,90.46359252929688,137.0766143798828,362.3316650390625,110.27735900878906,159.78662109375,137.71502685546875,226.65194702148438,563.4136352539062,131.58084106445312,86.09200286865234,53.53799819946289,77.09600067138672,171.7969970703125,42.46699905395508,69.8324203491211,65.12151336669922,90.48591613769531,99.37769317626953,98.88739776611328,108.95911407470703
2026-05-21,680.8572998046875,364.0428161621094,713.7256469726562,293.8699035644531,135.36978149414062,281.0856628417969,211.90516662597656,95.42662811279297,183.3968963623047,90.80245208740234,137.50564575195312,367.21038818359375,110.52662658691406,159.9858856201172,137.81488037109375,228.03872680664062,576.3388671875,132.6497802734375,87.05999755859375,54.68600082397461,77.7300033569336,174.3209991455078,43.334999084472656,70.31986236572266,65.68856811523438,90.48591613769531,99.37769317626953,98.89727783203125,108.968994140625
2026-05-22,683.5593872070312,365.7379455566406,716.7523193359375,295.0985107421875,136.49229431152344,283.7026062011719,213.53872680664062,96.26126098632812,185.7870330810547,91.69941711425781,139.1219482421875,371.48046875,111.50376892089844,161.33087158203125,138.91323852539062,230.28350830078125,603.7088623046875,131.5308837890625,89.01000213623047,56.2599983215332,78.28399658203125,174.2570037841797,42.70800018310547,70.091064453125,65.53933715820312,90.50568389892578,99.42708587646484,98.91703796386719,108.98876190185547
2026-05-26,688.0064697265625,368.4002685546875,729.4783935546875,300.3324279785156,138.66783142089844,289.0658264160156,214.9431915283203,95.8737564086914,192.94757080078125,92.11799621582031,140.46885681152344,378.8135070800781,113.76714324951172,164.42938232421875,141.54931640625,233.99484252929688,631.9984741210938,133.21923828125,91.0199966430664,58.867000579833984,78.80999755859375,177.90199279785156,43.369998931884766,71.4041519165039,68.04631042480469,90.52545166015625,99.43696594238281,98.93679809570312,108.99864196777344
2026-05-27,687.9566040039062,368.300537109375,728.6492919921875,300.0328063964844,138.6976318359375,288.926513671875,214.39535522460938,95.42662811279297,193.99884033203125,91.85887145996094,140.36911010742188,378.99310302734375,113.01933288574219,163.841552734375,141.25975036621094,233.38626098632812,621.1924438476562,134.31814575195312,91.70999908447266,58.54499816894531,78.72000122070312,178.5240020751953,43.56100082397461,71.03609466552734,68.03636169433594,90.53533172607422,99.44685363769531,98.93679809570312,109.01840209960938
2026-05-28,691.8950805664062,370.5939636230469,734.79248046875,302.49993896484375,138.79698181152344,290.5782775878906,215.0328369140625,95.71477508544922,194.33602905273438,92.42694854736328,141.7359619140625,381.8963928222656,113.21875,163.77182006835938,140.95021057128906,235.64102172851562,630.34912109375,135.8566436767578,95.86000061035156,59.459999084472656,79.63999938964844,179.3679962158203,43.70000076293945,71.28478240966797,68.2552261352539,90.54520416259766,99.44685363769531,98.95657348632812,109.02828979492188
2026-05-29,693.4705200195312,371.4714660644531,737.49951171875,303.608642578125,137.7439727783203,288.9862060546875,214.6443634033203,95.9830551147461,196.4881591796875,92.73590087890625,142.5740509033203,379.8909912109375,113.73723602294922,162.7356719970703,140.05154418945312,235.85052490234375,612.8255004882812,136.5559539794922,97.76000213623047,59.32600021362305,80.0260009765625,179.41200256347656,44.56700134277344,71.39420318603516,68.24527740478516,90.57485961914062,99.46661376953125,98.97633361816406,109.05792236328125
2026-06-01,695.2752685546875,372.3289794921875,741.9246826171875,305.46649169921875,137.54530334472656,287.5434265136719,215.1224822998047,96.33081817626953,199.8204803466797,93.04485321044922,143.45205688476562,378.5242004394531,113.81700134277344,161.8489532470703,139.3226318359375,236.48902893066406,600.9398803710938,133.48895263671875,99.32499694824219,60.77000045776367,80.73200225830078,180.1020050048828,43.856998443603516,71.49368286132812,69.7176284790039,90.58377838134766,99.495361328125,98.9941635131836,109.06881713867188
2026-06-02,696.2325439453125,373.2862243652344,745.3408813476562,306.8748779296875,138.7671661376953,290.2100830078125,214.9332275390625,96.31095123291016,202.02220153808594,93.2292251586914,143.19264221191406,381.5072937011719,114.67449188232422,162.9449005126953,140.37107849121094,239.07302856445312,639.8056030273438,127.63471221923828,99.83499908447266,61.582000732421875,80.447998046875,180.53700256347656,41.70899963378906,71.94132232666016,70.43390655517578,90.57386016845703,99.495361328125,98.9941635131836,109.0886459350586
2026-06-03,691.3467407226562,370.583984375,743.39306640625,306.2555847167969,137.5353546142578,286.23992919921875,214.7838134765625,95.64522552490234,201.17921447753906,92.6163101196289,141.69606018066406,376.1197204589844,114.843994140625,161.9984130859375,139.46241760253906,236.63868713378906,649.4920654296875,129.7026824951172,97.96399688720703,61.32500076293945,79.41400146484375,179.94000244140625,41.88999938964844,71.29473114013672,69.5584487915039,90.59368896484375,99.5052719116211,99.01398468017578,109.0886459350586
2026-06-04,694.0388793945312,372.3090515136719,739.7969970703125,304.5875244140625,139.33338928222656,290.558349609375,216.47714233398438,96.04267120361328,198.59071350097656,93.533203125,142.83346557617188,382.01611328125,115.23285675048828,164.12051391601562,141.45945739746094,239.3124542236328,644.0841064453125,133.28915405273438,98.68000030517578,61.28099822998047,80.13300323486328,181.11000061035156,42.95800018310547,71.46383666992188,68.74269104003906,90.59368896484375,99.51517486572266,99.03379821777344,109.09854888916016
2026-06-05,676.0313110351562,362.3377380371094,704.2860107421875,290.0143737792969,136.77044677734375,280.2498474121094,212.3035888671875,95.02918243408203,190.33921813964844,92.05819702148438,138.9124298095703,365.4244689941406,112.1319351196289,161.01206970214844,138.52381896972656,231.36097717285156,571.4706420898438,128.54380798339844,92.61000061035156,56.65299987792969,77.33399963378906,172.9429931640625,40.65999984741211,68.80781555175781,64.25601196289062,90.6333236694336,99.54490661621094,99.04370880126953,109.12828826904297
2026-06-08,677.7064208984375,363.4245910644531,715.283935546875,294.4692077636719,137.6645050048828,282.6976013183594,212.9908905029297,94.62181091308594,193.95916748046875,91.89873504638672,138.83261108398438,368.8266296386719,112.08207702636719,161.94859313964844,139.41249084472656,232.94729614257812,596.2116088867188,128.30404663085938,93.51300048828125,58.029998779296875,77.49400329589844,175.3800048828125,40.900001525878906,69.49420928955078,65.4100112915039,90.64323425292969,99.55481719970703,99.06352996826172,109.13818359375
2026-06-09,675.7322387695312,362.62689208984375,707.052978515625,291.1830139160156,138.96585083007812,283.60308837890625,213.2797393798828,94.96956634521484,193.20541381835938,92.58641052246094,139.46116638183594,369.7544860839844,112.76008605957031,163.40318298339844,140.80043029785156,233.62570190429688,577.1885986328125,131.25115966796875,91.85099792480469,57.58599853515625,77.08100128173828,173.4709930419922,41.4109992980957,69.47430419921875,65.47965240478516,90.64323425292969,99.56472778320312,99.06352996826172,109.1480941772461
2026-06-10,665.1130981445312,357.0130310058594,692.9285278320312,285.5895080566406,137.98239135742188,280.6478576660156,211.49676513671875,94.61186981201172,189.04002380371094,91.37052917480469,136.5977325439453,364.366943359375,110.63630676269531,162.01832580566406,139.68209838867188,229.9542694091797,556.7060546875,128.72364807128906,89.69000244140625,55.83000183105469,75.86100006103516,169.05999755859375,40.66999816894531,68.44969940185547,64.32565307617188,90.65315246582031,99.57463836669922,99.08334350585938,109.15800476074219
2026-06-11,676.2606201171875,363.25506591796875,716.332763671875,294.6789855957031,141.34999084472656,288.96630859375,215.05274963378906,95.02918243408203,195.95260620117188,92.94519805908203,140.39903259277344,377.03765869140625,113.94661712646484,167.01976013183594,143.88584899902344,236.80828857421875,597.3511962890625,132.60983276367188,93.23999786376953,58.64500045776367,77.41999816894531,175.91900634765625,42.220001220703125,70.93661499023438,67.15096282958984,90.6630630493164,99.58454132080078,99.08334350585938,109.17782592773438
2026-06-12,679.9698486328125,365.30914306640625,720.5481567382812,296.66668701171875,142.7208709716797,291.4936828613281,216.0587921142578,95.43656921386719,196.7460174560547,93.7225570678711,140.47885131835938,379.51190185546875,114.60469818115234,168.4046173095703,145.05410766601562,237.85585021972656,605.5281982421875,133.65878295898438,92.3759994506836,58.73400115966797,77.5790023803711,177.19900512695312,43.029998779296875,71.17536163330078,67.52899932861328,90.69279479980469,99.60436248779297,99.1031494140625,109.20755767822266
2026-06-15,691.8153686523438,371.46148681640625,743.1832885742188,305.8860168457031,142.87332153320312,293.87249755859375,218.7290496826172,96.0246353149414,201.3809356689453,94.31056213378906,142.7782440185547,385.7369384765625,115.6867904663086,169.74867248535156,146.2523193359375,240.74911499023438,631.8885498046875,136.2662353515625,95.10900115966797,61.22999954223633,78.63200378417969,183.60299682617188,43.63399887084961,72.01095581054688,69.75,90.69279479980469,99.62418365478516,99.12297821044922,109.21746826171875
2026-06-16,687.7471923828125,369.30767822265625,729.0587768554688,300.21258544921875,142.10609436035156,291.3191223144531,217.29212951660156,95.5960464477539,197.7183837890625,94.09131622314453,141.94918823242188,380.9822692871094,115.16770935058594,168.6510772705078,145.1439666748047,238.57418823242188,595.6718139648438,135.207275390625,93.66999816894531,59.625,78.25900268554688,181.16000366210938,43.02000045776367,71.94132232666016,68.63999938964844,90.70269775390625,99.63409423828125,99.12297821044922,109.23728942871094
2026-06-17,679.431396484375,364.7109069824219,721.7168579101562,297.2260437011719,140.1631317138672,289.1248779296875,213.98924255371094,94.3302001953125,195.4989471435547,92.69603729248047,140.4508819580078,379.59381103515625,113.98977661132812,167.15435791015625,143.85589599609375,236.81826782226562,593.0327758789062,139.2532958984375,93.0199966430664,59.808998107910156,77.12000274658203,180.2899932861328,44.83000183105469,71.62300109863281,68.55999755859375,90.71260833740234,99.64400482177734,99.12297821044922,109.20755767822266
2026-06-18,686.1119384765625,368.9287414550781,739.8070068359375,304.1679992675781,142.69398498535156,294.82000732421875,215.42616271972656,93.93151092529297,198.972412109375,92.8554916381836,141.7893524169922,388.6037292480469,115.45719909667969,170.3473663330078,146.81149291992188,240.50967407226562,636.0670166015625,140.58200073242188,95.48999786376953,62.0099983215332,77.93399810791016,185.52000427246094,45.470001220703125,72.30999755859375,70.79000091552734,90.75225830078125,99.68363952636719,99.15270233154297,109.26702117919922
2026-06-22,684.1077880859375,367.75213623046875,737.9500122070312,303.8999938964844,142.74378967285156,297.40325927734375,215.3662872314453,93.97138214111328,203.2022705078125,93.26411437988281,141.6095733642578,393.4083251953125,116.13600158691406,170.96600341796875,147.1709442138672,240.2801971435547,648.219970703125,145.86000061035156,96.6500015258789,62.599998474121094,77.572998046875,191.74000549316406,47.731998443603516,72.38999938964844,71.20999908447266,90.75225830078125,99.69355010986328,99.15270233154297,109.25711059570312
2026-06-23,674.3761596679688,362.65679931640625,713.6500244140625,293.8699951171875,142.2555694580078,294.55072021484375,212.55233764648438,94.2405014038086,196.1757354736328,92.70600128173828,139.77163696289062,387.2452392578125,114.33915710449219,170.22763061523438,146.5319061279297,238.22499084472656,603.6500244140625,147.02999877929688,93.20999908447266,60.14699935913086,76.75499725341797,180.2100067138672,48.4900016784668,70.16999816894531,67.16999816894531,90.76216888427734,99.70346069335938,99.16261291503906,109.27692413330078
2026-06-24,673.72802734375,362.60693359375,710.6199951171875,292.6300048828125,143.8996124267578,295.9171447753906,212.73196411132812,94.54948425292969,195.7079620361328,93.16000366210938,141.13009643554688,388.5737609863281,114.71849060058594,172.3629608154297,148.5588836669922,239.19000244140625,589.97998046875,149.7100067138672,92.31999969482422,59.85900115966797,76.59100341796875,179.98399353027344,49.15999984741211,70.27999877929688,67.25,90.7720718383789,99.71337127685547,99.17251586914062,109.28683471679688
2026-06-25,673.7479858398438,362.9360046386719,716.3800048828125,294.8800048828125,145.74295043945312,298.13134765625,212.7918243408203,94.57938385009766,203.62026977539062,93.66000366210938,140.9702911376953,391.4804992675781,115.81655883789062,174.79762268066406,150.49600219726562,240.47000122070312,597.5800170898438,151.58999633789062,92.22000122070312,60.099998474121094,76.4229965209961,182.8070068359375,49.63999938964844,71.16000366210938,67.95999908447266,90.781982421875,99.72327423095703,99.19233703613281,109.3066635131836
2026-06-26,670.260009765625,362.2200012207031,706.52001953125,290.95001220703125,146.87884521484375,299.0489501953125,213.20095825195312,95.67578125,199.1416015625,93.88999938964844,141.45973205566406,387.87451171875,115.13775634765625,175.92515563964844,151.5,241.7100067138672,571.9099731445312,155.3800048828125,92.43099975585938,59.632999420166016,77.28800201416016,181.072998046875,51.06100082397461,70.55999755859375,67.19000244140625,90.81171417236328,99.74309539794922,99.22206115722656,109.33639526367188
2026-06-29,681.010009765625,367.1199951171875,724.0800170898438,298.04998779296875,146.8290252685547,298.1911926269531,216.82315063476562,95.84523010253906,199.91790771484375,94.33999633789062,144.51626586914062,389.8123474121094,115.7466812133789,176.3342742919922,151.85000610351562,244.17999267578125,592.6400146484375,158.30999755859375,95.63999938964844,61.0,78.25,184.27000427246094,52.54999923706055,70.91999816894531,67.43000030517578,90.82162475585938,99.7629165649414,99.22206115722656,109.34629821777344
2026-06-30,686.8099975585938,370.0400085449219,736.4000244140625,302.9700012207031,147.7755889892578,299.6673583984375,218.9585418701172,96.14424133300781,198.86293029785156,94.41999816894531,146.24432373046875,393.5181884765625,117.2939682006836,178.21017456054688,153.4199981689453,246.2100067138672,623.7000122070312,158.25,98.55999755859375,62.88199996948242,78.7699966430664,188.70399475097656,52.68600082397461,71.25,68.41000366210938,90.82162475585938,99.7629165649414,99.24187469482422,109.35620880126953
2026-07-01,685.4600219726562,369.2699890136719,725.1699829101562,298.6099853515625,147.00836181640625,298.540283203125,218.39974975585938,96.57283782958984,194.5435028076172,94.61000061035156,144.77598571777344,390.6614074707031,115.8664779663086,176.85313415527344,152.4499969482422,244.8800048828125,596.0399780273438,156.5500030517578,98.85700225830078,61.75,79.12000274658203,184.18600463867188,51.54999923706055,70.36000061035156,66.4800033569336,90.8494644165039,99.78876495361328,99.2528076171875,109.36515808105469
2026-07-02,684.8400268554688,368.760009765625,712.5999755859375,293.4200134277344,145.9521942138672,296.8048095703125,217.960693359375,97.56956481933594,192.05535888671875,95.23999786376953,142.79823303222656,386.34625244140625,114.9281234741211,175.50607299804688,150.9199981689453,243.24000549316406,555.8699951171875,160.4600067138672,96.05999755859375,59.599998474121094,79.08000183105469,179.91799926757812,52.792999267578125,70.80999755859375,65.69999694824219,90.88922119140625,99.82852172851562,99.30250549316406,109.41484832763672
2026-07-06,690.6199951171875,371.6700134277344,722.8200073242188,297.5199890136719,146.281005859375,298.1213684082031,218.0205841064453,97.56956481933594,193.08047485351562,95.5,144.04681396484375,389.5526428222656,115.7466812133789,176.53382873535156,152.08999633789062,244.77000427246094,571.27001953125,160.80999755859375,97.97000122070312,60.41400146484375,80.02999877929688,182.77200317382812,52.79999923706055,71.88999938964844,67.56999969482422,90.87928009033203,99.82852172851562,99.31243896484375,109.43473052978516
2026-07-07,687.0800170898438,369.6099853515625,709.4299926757812,292.1400146484375,144.86611938476562,295.4184265136719,217.27218627929688,98.0280532836914,190.9605712890625,95.19999694824219,141.7793731689453,385.2574768066406,113.6503677368164,174.53819274902344,150.5,241.55999755859375,535.0700073242188,163.8699951171875,95.2300033569336,57.99800109863281,79.12999725341797,178.20399475097656,54.20000076293945,70.77999877929688,65.72000122070312,90.89915466308594,99.84839630126953,99.31243896484375,109.42478942871094
2026-07-08,685.260009765625,368.25,711.4400024414062,292.8699951171875,143.1722412109375,292.71551513671875,216.45394897460938,97.33035278320312,190.55252075195312,94.27999877929688,141.4297637939453,382.2109069824219,112.8318099975586,172.50265502929688,148.66000366210938,239.33999633789062,548.6500244140625,162.97000122070312,94.71700286865234,57.90999984741211,78.64900207519531,178.2689971923828,53.92300033569336,70.33999633789062,66.2300033569336,90.89915466308594,99.85833740234375,99.32238006591797,109.44467163085938
2026-07-09,690.6900024414062,371.45001220703125,723.280029296875,297.7799987792969,144.94583129882812,296.4656982421875,218.03054809570312,97.28050994873047,194.17526245117188,94.93000030517578,143.7471466064453,388.4039306640625,114.4988784790039,174.56813049316406,150.36000061035156,242.74000549316406,569.489990234375,164.27999877929688,96.06300354003906,59.5,79.52999877929688,181.6479949951172,54.869998931884766,70.7300033569336,66.77999877929688,90.90909576416016,99.86827850341797,99.34225463867188,109.46453857421875
2026-07-10,693.8599853515625,372.69000244140625,725.510009765625,298.7200012207031,145.03550720214844,295.21893310546875,219.21800231933594,97.43999481201172,194.4439697265625,95.0999984741211,142.38868713378906,384.24859619140625,113.909912109375,173.90956115722656,149.83999633789062,241.44000244140625,563.4299926757812,159.02999877929688,94.33999633789062,59.380001068115234,79.44999694824219,181.36599731445312,53.165000915527344,70.98999786376953,66.9000015258789,90.94886016845703,99.88815307617188,99.37208557128906,109.49435424804688
2026-07-13,688.5,369.7799987792969,711.739990234375,293.05999755859375,144.46755981445312,292.71551513671875,218.1802215576172,97.49979400634766,192.86151123046875,94.97000122070312,140.540771484375,378.5450134277344,112.70203399658203,172.17337036132812,148.39999389648438,239.19000244140625,537.3800048828125,155.33999633789062,91.94999694824219,56.779998779296875,78.79000091552734,177.26100158691406,51.34000015258789,69.76000213623047,64.5,90.94886016845703,99.90802764892578,99.37208557128906,109.48442077636719
2026-07-14,691.0999755859375,371.1600036621094,719.6900024414062,296.30999755859375,144.8561553955078,293.7428283691406,218.7689666748047,96.5628662109375,194.3743133544922,94.76000213623047,141.39979553222656,381.5316467285156,113.38084411621094,172.8917999267578,148.86000061035156,240.24000549316406,547.1300048828125,155.4499969482422,92.7979965209961,57.52000045776367,78.75,179.4199981689453,51.573001861572266,70.5999984741211,65.66999816894531,90.95880126953125,99.90802764892578,99.39196014404297,109.51423645019531
2026-07-15,693.7999877929688,372.4200134277344,717.739990234375,295.55999755859375,145.6333465576172,294.99951171875,219.3277587890625,95.77545166015625,190.343505859375,94.48999786376953,140.17120361328125,382.10101318359375,113.28102111816406,173.62020874023438,149.5800018310547,240.2899932861328,537.0399780273438,156.22000122070312,92.01499938964844,56.77000045776367,79.37000274658203,178.53500366210938,51.85300064086914,70.81999969482422,65.56999969482422,90.96873474121094,99.92790985107422,99.40190124511719,109.53411102294922
2026-07-16,690.1400146484375,370.5799865722656,705.9400024414062,290.67999267578125,146.62974548339844,294.82000732421875,220.1859130859375,96.81204986572266,189.00985717773438,95.01000213623047,138.21340942382812,376.7470397949219,112.9216537475586,173.7000274658203,149.60000610351562,239.52999877929688,506.79998779296875,152.0,89.75,55.04999923706055,78.7229995727539,173.9810028076172,49.9109992980957,70.02999877929688,64.19000244140625,90.97867584228516,99.93785095214844,99.41183471679688,109.53411102294922
2026-07-17,683.1699829101562,367.010009765625,695.3300170898438,286.30999755859375,145.4938507080078,293.2740478515625,217.4019012451172,96.28378295898438,188.4525146484375,94.33999633789062,137.43429565429688,376.2975158691406,112.20291137695312,172.50265502929688,148.52999877929688,238.17999267578125,500.19000244140625,154.25999450683594,86.95999908447266,54.029998779296875,77.98100280761719,172.53900146484375,50.970001220703125,69.69999694824219,63.290000915527344,90.9985580444336,99.96766662597656,99.44165802001953,109.57386779785156
2026-07-20,682.2100219726562,366.25,696.0599975585938,286.5799865722656,144.57716369628906,291.5485534667969,216.47390747070312,96.18411254882812,188.07431030273438,93.93000030517578,137.43429565429688,373.67047119140625,111.68382263183594,171.40504455566406,147.7100067138672,236.4199981689453,501.3699951171875,150.94000244140625,87.36000061035156,53.900001525878906,77.86100006103516,172.52499389648438,49.736000061035156,69.2300033569336,63.560001373291016,91.00849914550781,99.97760009765625,99.44165802001953,109.58380889892578
2026-07-21,687.8699951171875,369.45001220703125,708.969970703125,291.8999938964844,146.0418701171875,295.7675476074219,217.66134643554688,96.23395538330078,194.15536499023438,94.2699966430664,139.4819793701172,381.14208984375,113.3309326171875,173.38072204589844,149.38999938964844,239.39999389648438,528.6599731445312,154.5,89.69999694824219,56.2599983215332,78.37100219726562,177.66400146484375,51.44499969482422,70.47000122070312,65.33999633789062,91.00849914550781,99.98754119873047,99.45159149169922,109.57386779785156
2026-07-22,687.030029296875,368.8699951171875,705.3499755859375,290.4200134277344,145.2547149658203,293.0246887207031,216.873046875,95.93492889404297,194.56341552734375,94.19000244140625,138.6629180908203,375.75811767578125,112.93163299560547,171.7842254638672,148.02999877929688,237.8699951171875,529.75,152.11000061035156,88.2300033569336,56.45000076293945,77.73500061035156,176.04299926757812,50.61000061035156,70.48999786376953,64.98999786376953,91.02838134765625,99.98754119873047,99.45159149169922,109.59374237060547
2026-07-23,678.6099853515625,364.69000244140625,691.9600219726562,284.9800109863281,144.3579559326172,291.3291015625,215.53591918945312,95.79539489746094,194.6728973388672,93.87999725341797,138.24337768554688,373.60052490234375,113.07138061523438,171.35516357421875,147.69000244140625,236.7899932861328,523.3300170898438,152.22999572753906,87.66999816894531,55.599998474121094,76.79900360107422,175.0290069580078,50.305999755859375,69.77999877929688,64.5999984741211,91.02838134765625,99.99748229980469,99.45159149169922,109.58380889892578
2026-07-24,679.1400146484375,364.79998779296875,684.22998046875,281.67999267578125,144.33802795410156,290.4115295410156,216.34417724609375,96.63263702392578,193.71743774414062,94.43000030517578,136.5752716064453,369.8148193359375,112.9815444946289,171.08575439453125,147.33999633789062,236.1300048828125,494.30999755859375,150.47999572753906,85.97000122070312,54.71099853515625,76.72100067138672,170.802001953125,49.66600036621094,69.70999908447266,63.33000183105469,91.05819702148438,100.02729797363281,99.48140716552734,109.6136245727539
2026-07-27,679.3099975585938,365.17999267578125,682.1199951171875,280.8599853515625,144.98568725585938,292.14697265625,216.793212890625,97.23068237304688,194.4340362548828,95.02999877929688,137.33441162109375,373.12109375,113.4207763671875,172.23324584960938,148.41000366210938,237.6199951171875,492.8500061035156,150.58999633789062,87.16999816894531,54.41999816894531,77.58999633789062,169.41299438476562,49.73699951171875,70.0,63.619998931884766,91.0681381225586,100.03723907470703,99.49134826660156,109.62356567382812
2026-07-28,680.9600219726562,365.989990234375,675.489990234375,278.1400146484375,145.78280639648438,292.60577392578125,217.9906463623047,98.23736572265625,192.69232177734375,95.80000305175781,135.9959259033203,371.2532043457031,112.55229949951172,172.73214721679688,148.82000732421875,237.5399932861328,471.489990234375,149.77999877929688,85.33999633789062,52.470001220703125,78.06900024414062,166.40199279785156,48.847999572753906,69.5999984741211,62.36000061035156,91.07807159423828,100.04718017578125,99.51123046875,109.65338134765625
2026-07-29,670.6300048828125,360.4200134277344,661.72998046875,272.510009765625,143.79998779296875,287.81829833984375,215.51596069335938,98.0280532836914,187.27810668945312,94.7699966430664,134.16799926757812,363.2921447753906,110.06666564941406,169.7386932373047,146.22000122070312,233.61000061035156,449.4100036621094,147.91000366210938,82.9000015258789,50.529998779296875,77.39199829101562,160.3699951171875,48.43299865722656,68.94999694824219,61.06999969482422,91.0880126953125,100.06705474853516,99.55099487304688,109.68319702148438
2026-07-30,681.7899780273438,366.2699890136719,683.5499877929688,281.3500061035156,144.97572326660156,291.82781982421875,218.44964599609375,97.51972198486328,192.4136505126953,94.87000274658203,137.3244171142578,373.0611572265625,111.76367950439453,172.69224548339844,148.77999877929688,236.8699951171875,483.0400085449219,151.4600067138672,86.22000122070312,52.7400016784668,78.43099975585938,169.072998046875,50.266998291015625,71.08999633789062,63.59000015258789,91.09796142578125,100.0770034790039,99.55099487304688,109.6931381225586
2026-07-31,686.6500244140625,368.2099914550781,687.989990234375,283.2900085449219,144.9358673095703,290.4414367675781,218.8488006591797,97.60943603515625,190.23402404785156,94.76000213623047,136.88491821289062,370.25433349609375,111.68382263183594,172.3230438232422,148.36000061035156,236.16000366210938,487.4700012207031,147.00999450683594,85.11000061035156,53.900001525878906,78.70500183105469,167.99000549316406,48.736000061035156,70.62000274658203,64.08999633789062,91.12777709960938,100.09687805175781,99.57086944580078,109.72294616699219
2026-08-03,696.4000244140625,373.8399963378906,700.0700073242188,288.2699890136719,147.3272247314453,295.4483642578125,221.2635955810547,97.94831848144531,191.9956512451172,95.8499984741211,139.75167846679688,377.80584716796875,113.11131286621094,175.42625427246094,150.99000549316406,240.4499969482422,495.1600036621094,147.30999755859375,88.2699966430664,54.994998931884766,79.9209976196289,172.5189971923828,48.98099899291992,71.04000091552734,64.31999969482422,91.14073181152344,100.11382293701172,99.57585144042969,109.74288940429688
2026-08-04,708.97998046875,380.82000732421875,723.8499755859375,298.0299987792969,149.8680419921875,300.9240417480469,224.34695434570312,99.3736343383789,197.06150817871094,97.43000030517578,142.92807006835938,387.91448974609375,115.67681121826172,178.6791534423828,153.97999572753906,245.8800048828125,525.5499877929688,151.8800048828125,90.9000015258789,57.9119987487793,81.66000366210938,175.56300354003906,51.06999969482422,72.22000122070312,66.0,91.14073181152344,100.12379455566406,99.60576629638672,109.75285339355469
2026-08-05,707.5999755859375,379.6499938964844,717.2999877929688,295.3500061035156,148.40333557128906,298.9891052246094,224.34695434570312,99.36367797851562,196.40463256835938,97.08999633789062,141.7993621826172,386.2962951660156,115.0179672241211,177.1425018310547,152.5800018310547,243.85000610351562,509.1300048828125,153.00999450683594,90.5,57.470001220703125,81.36000061035156,174.77000427246094,51.19300079345703,72.3499984741211,65.72000122070312,91.15070343017578,100.14373016357422,99.60576629638672,109.76282501220703
2026-08-06,706.4000244140625,379.07000732421875,714.6500244140625,294.260009765625,147.28736877441406,297.47308349609375,224.4866485595703,99.67266082763672,195.27005004882812,96.72000122070312,140.50082397460938,383.8590393066406,114.94808959960938,175.56594848632812,151.10000610351562,243.0500030517578,520.4199829101562,154.5,89.47000122070312,57.060001373291016,80.84100341796875,173.35000610351562,52.04199981689453,72.12000274658203,65.0199966430664,91.17063903808594,100.15370178222656,99.62570190429688,109.77279663085938
2026-08-07,710.7100219726562,381.7799987792969,723.030029296875,297.70001220703125,148.3933563232422,300.7744445800781,225.20510864257812,100.29063415527344,196.69326782226562,97.77999877929688,143.95689392089844,389.7224426269531,117.17417907714844,176.58372497558594,152.14999389648438,247.30999755859375,544.6699829101562,157.3699951171875,93.42900085449219,58.388999938964844,82.01000213623047,175.25,52.518001556396484,72.88999938964844,65.63999938964844,91.20055389404297,100.17364501953125,99.66558074951172,109.81267547607422
2026-08-10,710.6500244140625,381.6300048828125,720.8699951171875,296.8500061035156,147.5264892578125,299.1985778808594,225.2550048828125,100.49993896484375,196.55393981933594,97.86000061035156,144.0368194580078,387.5848388671875,116.854736328125,175.63580322265625,151.24000549316406,246.4499969482422,525.4000244140625,158.02999877929688,94.19000244140625,57.54800033569336,82.12200164794922,173.74000549316406,52.316001892089844,72.5,65.16999816894531,91.20055389404297,100.1935806274414,99.65560913085938,109.82264709472656
2026-08-11,708.4199829101562,380.6499938964844,718.4500122070312,295.8299865722656,147.875244140625,300.2059326171875,224.666259765625,100.4002685546875,196.83261108398438,98.12999725341797,144.69607543945312,388.79351806640625,117.16419982910156,176.03492736816406,151.61000061035156,247.22999572753906,530.1099853515625,158.07000732421875,95.19000244140625,57.678001403808594,82.16000366210938,174.36000061035156,52.30099868774414,72.69000244140625,65.43000030517578,91.21051788330078,100.20355224609375,99.67555236816406,109.83261108398438
2026-08-12,710.1699829101562,381.8299865722656,723.7000122070312,297.9800109863281,148.50296020507812,301.92144775390625,224.9656219482422,100.44013214111328,199.310791015625,98.61000061035156,146.0345458984375,391.8999938964844,117.93284606933594,176.89305114746094,152.27000427246094,248.8699951171875,540.1900024414062,159.38999938964844,96.0999984741211,59.349998474121094,82.21199798583984,176.20199584960938,53.055999755859375,73.30000305175781,66.45999908447266,91.23046112060547,100.21351623535156,99.68551635742188,109.85255432128906
2026-08-13,714.9500122070312,384.29998779296875,732.0700073242188,301.4100036621094,149.18051147460938,302.7093811035156,226.69189453125,101.03817749023438,201.91839599609375,99.2699966430664,146.9435272216797,392.2596130371094,118.40202331542969,176.99282836914062,152.41000366210938,250.02000427246094,535.0800170898438,156.86000061035156,97.05999755859375,59.93000030517578,82.83999633789062,177.05099487304688,52.354000091552734,73.54000091552734,66.68000030517578,91.23046112060547,100.2234878540039,99.71542358398438,109.87248992919922
2026-08-14,713.6099853515625,383.8500061035156,731.0700073242188,301.010009765625,149.89791870117188,304.2952575683594,225.3547821044922,100.79895782470703,203.11270141601562,99.30000305175781,147.08335876464844,395.206298828125,118.83126831054688,178.11038208007812,153.50999450683594,250.60000610351562,544.2899780273438,157.41000366210938,96.27799987792969,59.79600143432617,82.4990005493164,177.86300659179688,52.86800003051758,73.58000183105469,66.61000061035156,91.25039672851562,100.2533950805664,99.7453384399414,109.90239715576172
2026-08-17,710.27001953125,382.1300048828125,729.8699951171875,300.5199890136719,149.2901153564453,303.2679443359375,224.1473846435547,100.07135009765625,203.06292724609375,98.68000030517578,147.53285217285156,394.25738525390625,118.9011459350586,177.81103515625,153.27999877929688,249.89999389648438,549.3400268554688,159.52999877929688,96.66999816894531,60.5,82.01499938964844,178.52000427246094,53.2599983215332,73.69000244140625,67.31999969482422,91.27033996582031,100.2533950805664,99.75530242919922,109.90239715576172
2026-08-18,705.4000244140625,379.0400085449219,717.510009765625,295.45001220703125,147.1578369140625,299.44793701171875,223.6185302734375,100.19094848632812,199.6193389892578,97.80000305175781,144.2066192626953,387.79461669921875,116.5353012084961,174.76768493652344,150.66000366210938,245.82000732421875,517.739990234375,160.11000061035156,92.64399719238281,57.90999984741211,81.37200164794922,173.2469940185547,53.810001373291016,72.38999938964844,65.33999633789062,91.28030395507812,100.26336669921875,99.75530242919922,109.9223403930664
2026-08-19,706.9099731445312,379.989990234375,716.0800170898438,294.8500061035156,147.3870086669922,300.93402099609375,223.86798095703125,100.95843505859375,200.05723571777344,98.55999755859375,143.6272735595703,389.8423156738281,116.0162124633789,174.73776245117188,150.47000122070312,246.52999877929688,503.29998779296875,169.5500030517578,91.36000061035156,57.40800094604492,82.83200073242188,173.3800048828125,56.025001525878906,72.83000183105469,66.11000061035156,91.29027557373047,100.2833023071289,99.76527404785156,109.93230438232422
2026-08-20,701.010009765625,376.5799865722656,710.9299926757812,292.7900085449219,145.84259033203125,296.89459228515625,221.8223876953125,100.34046173095703,200.6444549560547,97.66999816894531,142.08901977539062,382.2008972167969,114.81831359863281,172.47271728515625,148.6699981689453,243.5399932861328,496.739990234375,163.3800048828125,90.79000091552734,57.18600082397461,82.06400299072266,173.32699584960938,53.87099838256836,72.83999633789062,66.62000274658203,91.29027557373047,100.2833023071289,99.78520965576172,109.94227600097656
2026-08-21,703.7100219726562,378.239990234375,713.4400024414062,293.760009765625,146.77920532226562,299.1786193847656,222.74041748046875,100.89863586425781,201.56008911132812,98.33000183105469,143.4974365234375,386.9355773925781,115.24755859375,173.52041625976562,149.5800018310547,245.52999877929688,498.2300109863281,165.72999572753906,91.94400024414062,56.959999084472656,82.83999633789062,172.77499389648438,54.4630012512207,73.41999816894531,67.12000274658203,91.32018280029297,100.32318115234375,99.8051528930664,109.97218322753906
2026-08-24,701.8300170898438,377.07000732421875,706.3200073242188,290.80999755859375,146.24114990234375,297.19378662109375,223.3191680908203,101.23751831054688,199.18142700195312,98.125,141.6195526123047,382.7303161621094,114.10955810546875,172.9416961669922,149.00999450683594,243.42999267578125,481.6000061035156,164.1699981689453,89.4000015258789,55.814998626708984,82.19000244140625,171.53799438476562,54.130001068115234,73.05999755859375,66.11000061035156,91.33015441894531,100.3331527709961,99.81512451171875,109.9821548461914
2026-08-25,704.02001953125,378.1499938964844,710.719970703125,292.6600036621094,146.17140197753906,298.4505310058594,223.58859252929688,101.1677474975586,200.21649169921875,98.1500015258789,141.76937866210938,385.1675720214844,114.28924560546875,172.84190368652344,148.97000122070312,243.9499969482422,490.92999267578125,169.10000610351562,89.43000030517578,56.75400161743164,82.88999938964844,172.91000366210938,55.7599983215332,73.79000091552734,67.25,91.34012603759766,100.3331527709961,99.8350601196289,110.00209045410156
2026-08-26,704.2000122070312,378.2300109863281,711.3699951171875,292.8999938964844,146.24114990234375,298.15130615234375,223.33912658691406,101.21758270263672,200.89328002929688,98.30000305175781,142.30877685546875,384.7680358886719,115.18766784667969,172.9915771484375,149.13999938964844,244.3000030517578,490.7099914550781,168.38999938964844,89.54000091552734,57.380001068115234,82.6500015258789,172.98599243164062,55.150001525878906,73.44999694824219,67.16999816894531,91.35009002685547,100.34312438964844,99.84503173828125,110.0120620727539
2026-08-27,708.75,380.6300048828125,721.1099853515625,296.9200134277344,146.25111389160156,299.02899169921875,224.11744689941406,101.64617919921875,200.3458709716797,98.30000305175781,143.1777801513672,386.4660949707031,115.4372329711914,172.78204345703125,148.9199981689453,245.64999389648438,500.260009765625,168.22999572753906,91.72000122070312,58.13600158691406,83.29000091552734,173.1649932861328,55.3380012512207,73.41999816894531,67.61000061035156,91.35009002685547,100.35309600830078,99.84503173828125,110.0120620727539
2026-08-28,707.239990234375,379.3599853515625,716.4299926757812,295.0,145.05543518066406,294.9795837402344,223.13954162597656,101.4069595336914,200.33592224121094,97.75,140.75054931640625,378.4850769042969,113.5006332397461,170.68661499023438,147.0500030517578,242.38999938964844,481.8399963378906,162.3800048828125,89.05999755859375,57.14099884033203,82.52999877929688,171.49000549316406,53.29399871826172,73.05999755859375,67.13999938964844,91.37003326416016,100.38300323486328,99.84503173828125,110.02203369140625
2026-08-31,704.8900146484375,378.1499938964844,716.760009765625,295.17999267578125,143.99925231933594,293.164306640625,222.14169311523438,101.18767547607422,200.58473205566406,97.29499816894531,140.30105590820312,376.56719970703125,112.95159912109375,169.27969360351562,145.82000732421875,241.4199981689453,485.1400146484375,162.5,88.93000030517578,56.7599983215332,82.33000183105469,170.4980010986328,53.04999923706055,72.91999816894531,67.0199966430664,91.3800048828125,100.38300323486328,99.8550033569336,110.0320053100586
2026-09-01,700.280029296875,375.1700134277344,707.6400146484375,291.3999938964844,142.40501403808594,289.8130798339844,220.5152130126953,100.78899383544922,198.76341247558594,96.29000091552734,137.763916015625,370.99346923828125,111.47418975830078,167.31399536132812,144.08999633789062,238.00999450683594,472.92999267578125,163.39999389648438,85.68299865722656,55.83000183105469,81.30000305175781,170.7899932861328,52.91400146484375,72.11000061035156,66.7699966430664,91.38999938964844,100.41000366210938,99.87999725341797,110.05000305175781
2026-09-02,703.4099731445312,376.8800048828125,709.239990234375,292.0199890136719,143.79000854492188,293.2441101074219,220.92431640625,100.64945220947266,201.12217712402344,96.66999816894531,137.34439086914062,374.6893005371094,111.97331237792969,168.78079223632812,145.36000061035156,239.55999755859375,477.1000061035156,165.3699951171875,85.75,55.5099983215332,81.62000274658203,170.06700134277344,53.779998779296875,72.58999633789062,67.1500015258789,91.4000015258789,100.41999816894531,99.88999938964844,110.05999755859375
2026-09-03,710.719970703125,380.92999267578125,717.6699829101562,295.510009765625,144.2782440185547,294.4210510253906,222.9799041748047,101.47673034667969,202.9036865234375,97.52999877929688,139.6517791748047,376.6770935058594,113.18119049072266,169.69879150390625,146.2899932861328,242.32000732421875,478.5199890136719,164.3800048828125,87.55500030517578,56.25699996948242,82.80000305175781,170.94000244140625,53.38999938964844,73.44000244140625,67.47000122070312,91.41999816894531,100.43000030517578,99.91000366210938,110.08000183105469
2026-09-04,708.010009765625,379.7300109863281,718.9600219726562,296.07000732421875,144.81629943847656,295.2389221191406,222.10179138183594,100.47003936767578,204.53591918945312,97.36000061035156,139.53192138671875,377.1166076660156,113.25106811523438,169.93826293945312,146.3800048828125,242.66000366210938,491.45001220703125,163.80999755859375,88.66100311279297,56.77399826049805,82.45999908447266,173.63499450683594,53.709999084472656,73.76000213623047,68.69999694824219,91.44999694824219,100.47000122070312,99.94000244140625,110.12999725341797
2026-09-08,704.0700073242188,377.6000061035156,718.3599853515625,295.760009765625,143.730224609375,293.90240478515625,220.3156280517578,99.5929183959961,202.28663635253906,96.62999725341797,139.28221130371094,376.68707275390625,112.8318099975586,169.1599578857422,145.80999755859375,241.35000610351562,495.9800109863281,161.92999267578125,87.88099670410156,56.72999954223633,81.55999755859375,174.07000732421875,53.16999816894531,73.44999694824219,68.83000183105469,91.45999908447266,100.4800033569336,99.95999908447266,110.12999725341797
2026-09-09,700.8699951171875,375.55999755859375,716.3099975585938,294.9700012207031,142.18580627441406,289.8829040527344,219.08827209472656,99.12445831298828,202.33639526367188,95.73999786376953,138.29331970214844,370.53399658203125,111.65387725830078,166.87496948242188,143.83999633789062,238.6699981689453,495.6499938964844,159.3800048828125,86.90399932861328,56.88999938964844,80.87000274658203,172.50599670410156,51.5099983215332,72.81999969482422,68.4800033569336,91.45999908447266,100.48999786376953,99.94999694824219,110.13999938964844
2026-09-10,696.6500244140625,373.239990234375,708.6900024414062,291.79998779296875,140.93035888671875,286.9505615234375,217.95071411132812,98.67593383789062,199.9378204345703,94.94999694824219,136.5253143310547,365.2599182128906,110.35616302490234,165.30838012695312,142.58999633789062,236.16000366210938,490.4700012207031,156.82000732421875,85.46700286865234,55.70399856567383,80.16999816894531,170.0570068359375,49.90999984741211,71.91999816894531,67.0,91.47000122070312,100.5,99.94000244140625,110.12000274658203
2026-09-11,702.5599975585938,376.30999755859375,714.8800048828125,294.3900146484375,141.6776580810547,288.1374816894531,219.72689819335938,99.283935546875,202.22691345214844,95.7699966430664,137.8438262939453,367.21771240234375,111.32445526123047,166.09666442871094,143.22000122070312,237.75999450683594,505.57000732421875,156.1999969482422,85.9000015258789,56.87099838256836,80.81400299072266,171.19200134277344,49.3849983215332,72.69000244140625,67.83999633789062,91.5,100.5199966430664,99.95999908447266,110.1500015258789
2026-09-14,699.2999877929688,374.67999267578125,709.1799926757812,292.0199890136719,140.75099182128906,287.1600036621094,219.677001953125,99.87200164794922,199.68899536132812,95.48799896240234,136.81500244140625,365.19000244140625,109.87699890136719,164.5699920654297,141.74000549316406,236.9199981689453,474.6199951171875,157.60000610351562,83.84500122070312,55.279998779296875,81.06900024414062,168.43099975585938,49.939998626708984,71.72000122070312,65.98999786376953,91.5,100.52999877929688,99.95999908447266,110.16000366210938
2026-09-15,696.2000122070312,372.8399963378906,704.5399780273438,290.0899963378906,140.0500030517578,285.1400146484375,218.67999267578125,99.18000030517578,199.42999267578125,94.9000015258789,135.3000030517578,361.2099914550781,109.30999755859375,163.24000549316406,140.47000122070312,235.14999389648438,480.489990234375,154.02999877929688,82.92500305175781,54.96500015258789,80.49099731445312,166.1699981689453,48.54100036621094,71.52999877929688,65.76000213623047,91.51000213623047,100.52999877929688,99.97000122070312,110.16999816894531
2026-09-16,693.239990234375,371.260009765625,704.719970703125,290.20001220703125,139.4600067138672,283.9200134277344,217.3699951171875,98.48999786376953,196.69000244140625,94.30000305175781,135.55999755859375,361.1099853515625,109.13999938964844,163.1999969482422,140.718994140625,234.38999938964844,479.79998779296875,154.17999267578125,83.74210357666016,55.693599700927734,80.12519836425781,166.677001953125,48.18949890136719,71.26000213623047,65.72000122070312,91.51000213623047,100.55000305175781,99.97000122070312,110.16000366210938
