,SPY,MDY,EWJ,EWC,QQQ,IVV,IWB,IWM,IWD,IJR,IJH,IVE,IWV,IYY,IWO,IWN,IJT,IJS,IJK,IJJ,IEV,EZU,IUSV,SPYV,VTI,IWP,IWS,EFA,IWR,JPXN,VXF,TLT,IEF,SHY,FEZ,EEM,AGG,DVY,TIP,VTV,VO,VV,GLD,IAU,SUSA,VGK,EFV,IWC,PID,SPYM,KBE,SDY,PRF,XBI,XSD,USO,SLV,DXJ,KRE,XRT,GSG,VYM,SHV,IEI,VEU,MBB,BND,BSV,UNG,BIL,VEA,MUB,NYF,JNK,USL,SCZ,UGA,ACWI,ACWX,VT,HYD,SCHX,SCHF,SCHA,VCIT,VCSH,ILTB,PPLT,PALL,BNO,CORN,EMLC,SCHP,VOO,VOOV,VIOG,VTWO,STIP,VIXY,SCHM,SDIV,WEAT,CANE,SOYB,USMV,EFAV,LEMB,SPTS,INDA,GOVT,TAGS,SJNK,IEFA,ISTB,SPHD,SRLN,VLUE,FTSL,XYLD,QUAL,USFR,HEFA,ASHS,DGRO,IEUR,BBC,IQLT,GBTC,GSLC,GSIE,GSEU,GSJY,EPRF,ESGD,GBIL,BUFF,GVIP,ESGU,GIGB,GSSC,GSEW,GHYB,JUST,LOUP,UJUL,PJUL,AAAU,BJUL,TRTY,POCT,BOCT,UOCT,GTIP,PJAN,UJAN,BJAN,PAPR,BAPR,UAPR,GSST,PJUN,UJUN,BJUN,ETHE,EJUL,IJUL,PAUG,UAUG,BAUG,PSEP,BSEP,USEP,NOCT,KOCT,PNOV,BNOV,UNOV,TMDV,PDEC,BDEC,UDEC,IJAN,NJAN,EJAN,KJAN,PFEB,UFEB,BFEB,UMAR,BMAR,PMAR,KAPR,NAPR,PMAY,BMAY,UMAY,GSUS,GSID,JEPI,SGOV,KJUL,NJUL,TBJL,TFJL,GCOR,BLDG,QQQM,GINN,XDSQ,XDQQ,XBAP,EAPR,IAPR,QTAP,XTAP,DFUS,IAUM,BALT,QTJL,XBJL,XTJL,GTEK,IOCT,XTOC,QTOC,EOCT,XBOC,XBJA,QTJA,XTJA,BUFB,GEMD,PSTP,BSTP,GSWO,GUSA,XUSP,DFSI,SFLR,APRH,APRJ,GXUS,JULH,JULJ,TJUL,ISEP,ZALT,EALT,OCTJ,OCTH,LOCT,BINV,BUSA,GSC,GPIQ,GPIX,INOV,GVUS,IDEC,JANH,AJAN,JANJ,LJAN,IBIT,FBTC,BITB,ARKB,HODL,BTCO,BTCW,BRRR,QFLR,IFEB,IMAR,AAPR,LAPR,IMAY,IJUN,NJUN,KJUN,ZJUL,JAJL,AJUL,QBUF,RBUF,IBUF,EBUF,LJUL,ETHA,ETH,FETH,ETHW,TETH,ETHV,EZET,QETH,GUMI,GMUB,BTC,GCAL,ZAUG,GPRF,IAUG,NAUG,KAUG,ZSEP,NSEP,KSEP,GMNY,RFLR,APOC,ZOCT,AOCT,KNOV,ZNOV,NNOV,NDEC,KDEC,ZDEK,ZJAN,TJAN,ZFEB,NFEB,KFEB,QBF,ZMAR,NMAR,KMAR,SPUT,ZAPR,TAPR,GIND,ZMAY,NMAY,KMAY,BFRZ,ZJUN,GIGL,GBND
1993-01-29,,,,,,,,,,,,,,,,,,,,,,,,,,,,,,,,,,,,,,,,,,,,,,,,,,,,,,,,,,,,,,,,,,,,,,,,,,,,,,,,,,,,,,,,,,,,,,,,,,,,,,,,,,,,,,,,,,,,,,,,,,,,,,,,,,,,,,,,,,,,,,,,,,,,,,,,,,,,,,,,,,,,,,,,,,,,,,,,,,,,,,,,,,,,,,,,,,,,,,,,,,,,,,,,,,,,,,,,,,,,,,,,,,,,,,,,,,,,,,,,,,,,,,,,,,,,,,,,,,,,,,,,,,,,,,,,,,,,,,,,,,,,,,,,,,,,,,,,,,,,,,,,,,,,,,,,,,,,,,,,,,,,,,,,,,,,,,,,,,,
1993-02-26,0.010669820735842883,,,,,,,,,,,,,,,,,,,,,,,,,,,,,,,,,,,,,,,,,,,,,,,,,,,,,,,,,,,,,,,,,,,,,,,,,,,,,,,,,,,,,,,,,,,,,,,,,,,,,,,,,,,,,,,,,,,,,,,,,,,,,,,,,,,,,,,,,,,,,,,,,,,,,,,,,,,,,,,,,,,,,,,,,,,,,,,,,,,,,,,,,,,,,,,,,,,,,,,,,,,,,,,,,,,,,,,,,,,,,,,,,,,,,,,,,,,,,,,,,,,,,,,,,,,,,,,,,,,,,,,,,,,,,,,,,,,,,,,,,,,,,,,,,,,,,,,,,,,,,,,,,,,,,,,,,,,,,,,,,,,,,,,,,,,,,,,,,,
1993-03-31,0.022398519110314208,,,,,,,,,,,,,,,,,,,,,,,,,,,,,,,,,,,,,,,,,,,,,,,,,,,,,,,,,,,,,,,,,,,,,,,,,,,,,,,,,,,,,,,,,,,,,,,,,,,,,,,,,,,,,,,,,,,,,,,,,,,,,,,,,,,,,,,,,,,,,,,,,,,,,,,,,,,,,,,,,,,,,,,,,,,,,,,,,,,,,,,,,,,,,,,,,,,,,,,,,,,,,,,,,,,,,,,,,,,,,,,,,,,,,,,,,,,,,,,,,,,,,,,,,,,,,,,,,,,,,,,,,,,,,,,,,,,,,,,,,,,,,,,,,,,,,,,,,,,,,,,,,,,,,,,,,,,,,,,,,,,,,,,,,,,,,,,,,,
1993-04-30,-0.02558818265480267,,,,,,,,,,,,,,,,,,,,,,,,,,,,,,,,,,,,,,,,,,,,,,,,,,,,,,,,,,,,,,,,,,,,,,,,,,,,,,,,,,,,,,,,,,,,,,,,,,,,,,,,,,,,,,,,,,,,,,,,,,,,,,,,,,,,,,,,,,,,,,,,,,,,,,,,,,,,,,,,,,,,,,,,,,,,,,,,,,,,,,,,,,,,,,,,,,,,,,,,,,,,,,,,,,,,,,,,,,,,,,,,,,,,,,,,,,,,,,,,,,,,,,,,,,,,,,,,,,,,,,,,,,,,,,,,,,,,,,,,,,,,,,,,,,,,,,,,,,,,,,,,,,,,,,,,,,,,,,,,,,,,,,,,,,,,,,,,,,
1993-05-28,0.02696968663785193,,,,,,,,,,,,,,,,,,,,,,,,,,,,,,,,,,,,,,,,,,,,,,,,,,,,,,,,,,,,,,,,,,,,,,,,,,,,,,,,,,,,,,,,,,,,,,,,,,,,,,,,,,,,,,,,,,,,,,,,,,,,,,,,,,,,,,,,,,,,,,,,,,,,,,,,,,,,,,,,,,,,,,,,,,,,,,,,,,,,,,,,,,,,,,,,,,,,,,,,,,,,,,,,,,,,,,,,,,,,,,,,,,,,,,,,,,,,,,,,,,,,,,,,,,,,,,,,,,,,,,,,,,,,,,,,,,,,,,,,,,,,,,,,,,,,,,,,,,,,,,,,,,,,,,,,,,,,,,,,,,,,,,,,,,,,,,,,,,
1993-06-30,0.0036068341206660914,,,,,,,,,,,,,,,,,,,,,,,,,,,,,,,,,,,,,,,,,,,,,,,,,,,,,,,,,,,,,,,,,,,,,,,,,,,,,,,,,,,,,,,,,,,,,,,,,,,,,,,,,,,,,,,,,,,,,,,,,,,,,,,,,,,,,,,,,,,,,,,,,,,,,,,,,,,,,,,,,,,,,,,,,,,,,,,,,,,,,,,,,,,,,,,,,,,,,,,,,,,,,,,,,,,,,,,,,,,,,,,,,,,,,,,,,,,,,,,,,,,,,,,,,,,,,,,,,,,,,,,,,,,,,,,,,,,,,,,,,,,,,,,,,,,,,,,,,,,,,,,,,,,,,,,,,,,,,,,,,,,,,,,,,,,,,,,,,,
1993-07-30,-0.004854813684243564,,,,,,,,,,,,,,,,,,,,,,,,,,,,,,,,,,,,,,,,,,,,,,,,,,,,,,,,,,,,,,,,,,,,,,,,,,,,,,,,,,,,,,,,,,,,,,,,,,,,,,,,,,,,,,,,,,,,,,,,,,,,,,,,,,,,,,,,,,,,,,,,,,,,,,,,,,,,,,,,,,,,,,,,,,,,,,,,,,,,,,,,,,,,,,,,,,,,,,,,,,,,,,,,,,,,,,,,,,,,,,,,,,,,,,,,,,,,,,,,,,,,,,,,,,,,,,,,,,,,,,,,,,,,,,,,,,,,,,,,,,,,,,,,,,,,,,,,,,,,,,,,,,,,,,,,,,,,,,,,,,,,,,,,,,,,,,,,,,
1993-08-31,0.038328374003311794,,,,,,,,,,,,,,,,,,,,,,,,,,,,,,,,,,,,,,,,,,,,,,,,,,,,,,,,,,,,,,,,,,,,,,,,,,,,,,,,,,,,,,,,,,,,,,,,,,,,,,,,,,,,,,,,,,,,,,,,,,,,,,,,,,,,,,,,,,,,,,,,,,,,,,,,,,,,,,,,,,,,,,,,,,,,,,,,,,,,,,,,,,,,,,,,,,,,,,,,,,,,,,,,,,,,,,,,,,,,,,,,,,,,,,,,,,,,,,,,,,,,,,,,,,,,,,,,,,,,,,,,,,,,,,,,,,,,,,,,,,,,,,,,,,,,,,,,,,,,,,,,,,,,,,,,,,,,,,,,,,,,,,,,,,,,,,,,,,
1993-09-30,-0.007276041136085154,,,,,,,,,,,,,,,,,,,,,,,,,,,,,,,,,,,,,,,,,,,,,,,,,,,,,,,,,,,,,,,,,,,,,,,,,,,,,,,,,,,,,,,,,,,,,,,,,,,,,,,,,,,,,,,,,,,,,,,,,,,,,,,,,,,,,,,,,,,,,,,,,,,,,,,,,,,,,,,,,,,,,,,,,,,,,,,,,,,,,,,,,,,,,,,,,,,,,,,,,,,,,,,,,,,,,,,,,,,,,,,,,,,,,,,,,,,,,,,,,,,,,,,,,,,,,,,,,,,,,,,,,,,,,,,,,,,,,,,,,,,,,,,,,,,,,,,,,,,,,,,,,,,,,,,,,,,,,,,,,,,,,,,,,,,,,,,,,,
1993-10-29,0.019727906169560105,,,,,,,,,,,,,,,,,,,,,,,,,,,,,,,,,,,,,,,,,,,,,,,,,,,,,,,,,,,,,,,,,,,,,,,,,,,,,,,,,,,,,,,,,,,,,,,,,,,,,,,,,,,,,,,,,,,,,,,,,,,,,,,,,,,,,,,,,,,,,,,,,,,,,,,,,,,,,,,,,,,,,,,,,,,,,,,,,,,,,,,,,,,,,,,,,,,,,,,,,,,,,,,,,,,,,,,,,,,,,,,,,,,,,,,,,,,,,,,,,,,,,,,,,,,,,,,,,,,,,,,,,,,,,,,,,,,,,,,,,,,,,,,,,,,,,,,,,,,,,,,,,,,,,,,,,,,,,,,,,,,,,,,,,,,,,,,,,,
1993-11-30,-0.010673659824494863,,,,,,,,,,,,,,,,,,,,,,,,,,,,,,,,,,,,,,,,,,,,,,,,,,,,,,,,,,,,,,,,,,,,,,,,,,,,,,,,,,,,,,,,,,,,,,,,,,,,,,,,,,,,,,,,,,,,,,,,,,,,,,,,,,,,,,,,,,,,,,,,,,,,,,,,,,,,,,,,,,,,,,,,,,,,,,,,,,,,,,,,,,,,,,,,,,,,,,,,,,,,,,,,,,,,,,,,,,,,,,,,,,,,,,,,,,,,,,,,,,,,,,,,,,,,,,,,,,,,,,,,,,,,,,,,,,,,,,,,,,,,,,,,,,,,,,,,,,,,,,,,,,,,,,,,,,,,,,,,,,,,,,,,,,,,,,,,,,
1993-12-31,0.012277032658714493,,,,,,,,,,,,,,,,,,,,,,,,,,,,,,,,,,,,,,,,,,,,,,,,,,,,,,,,,,,,,,,,,,,,,,,,,,,,,,,,,,,,,,,,,,,,,,,,,,,,,,,,,,,,,,,,,,,,,,,,,,,,,,,,,,,,,,,,,,,,,,,,,,,,,,,,,,,,,,,,,,,,,,,,,,,,,,,,,,,,,,,,,,,,,,,,,,,,,,,,,,,,,,,,,,,,,,,,,,,,,,,,,,,,,,,,,,,,,,,,,,,,,,,,,,,,,,,,,,,,,,,,,,,,,,,,,,,,,,,,,,,,,,,,,,,,,,,,,,,,,,,,,,,,,,,,,,,,,,,,,,,,,,,,,,,,,,,,,,
1994-01-31,0.034875964949695915,,,,,,,,,,,,,,,,,,,,,,,,,,,,,,,,,,,,,,,,,,,,,,,,,,,,,,,,,,,,,,,,,,,,,,,,,,,,,,,,,,,,,,,,,,,,,,,,,,,,,,,,,,,,,,,,,,,,,,,,,,,,,,,,,,,,,,,,,,,,,,,,,,,,,,,,,,,,,,,,,,,,,,,,,,,,,,,,,,,,,,,,,,,,,,,,,,,,,,,,,,,,,,,,,,,,,,,,,,,,,,,,,,,,,,,,,,,,,,,,,,,,,,,,,,,,,,,,,,,,,,,,,,,,,,,,,,,,,,,,,,,,,,,,,,,,,,,,,,,,,,,,,,,,,,,,,,,,,,,,,,,,,,,,,,,,,,,,,,
1994-02-28,-0.029164828342407523,,,,,,,,,,,,,,,,,,,,,,,,,,,,,,,,,,,,,,,,,,,,,,,,,,,,,,,,,,,,,,,,,,,,,,,,,,,,,,,,,,,,,,,,,,,,,,,,,,,,,,,,,,,,,,,,,,,,,,,,,,,,,,,,,,,,,,,,,,,,,,,,,,,,,,,,,,,,,,,,,,,,,,,,,,,,,,,,,,,,,,,,,,,,,,,,,,,,,,,,,,,,,,,,,,,,,,,,,,,,,,,,,,,,,,,,,,,,,,,,,,,,,,,,,,,,,,,,,,,,,,,,,,,,,,,,,,,,,,,,,,,,,,,,,,,,,,,,,,,,,,,,,,,,,,,,,,,,,,,,,,,,,,,,,,,,,,,,,,
1994-03-31,-0.04190045889857963,,,,,,,,,,,,,,,,,,,,,,,,,,,,,,,,,,,,,,,,,,,,,,,,,,,,,,,,,,,,,,,,,,,,,,,,,,,,,,,,,,,,,,,,,,,,,,,,,,,,,,,,,,,,,,,,,,,,,,,,,,,,,,,,,,,,,,,,,,,,,,,,,,,,,,,,,,,,,,,,,,,,,,,,,,,,,,,,,,,,,,,,,,,,,,,,,,,,,,,,,,,,,,,,,,,,,,,,,,,,,,,,,,,,,,,,,,,,,,,,,,,,,,,,,,,,,,,,,,,,,,,,,,,,,,,,,,,,,,,,,,,,,,,,,,,,,,,,,,,,,,,,,,,,,,,,,,,,,,,,,,,,,,,,,,,,,,,,,,
1994-04-29,0.011211789235234138,,,,,,,,,,,,,,,,,,,,,,,,,,,,,,,,,,,,,,,,,,,,,,,,,,,,,,,,,,,,,,,,,,,,,,,,,,,,,,,,,,,,,,,,,,,,,,,,,,,,,,,,,,,,,,,,,,,,,,,,,,,,,,,,,,,,,,,,,,,,,,,,,,,,,,,,,,,,,,,,,,,,,,,,,,,,,,,,,,,,,,,,,,,,,,,,,,,,,,,,,,,,,,,,,,,,,,,,,,,,,,,,,,,,,,,,,,,,,,,,,,,,,,,,,,,,,,,,,,,,,,,,,,,,,,,,,,,,,,,,,,,,,,,,,,,,,,,,,,,,,,,,,,,,,,,,,,,,,,,,,,,,,,,,,,,,,,,,,,
1994-05-31,0.015939614937283686,,,,,,,,,,,,,,,,,,,,,,,,,,,,,,,,,,,,,,,,,,,,,,,,,,,,,,,,,,,,,,,,,,,,,,,,,,,,,,,,,,,,,,,,,,,,,,,,,,,,,,,,,,,,,,,,,,,,,,,,,,,,,,,,,,,,,,,,,,,,,,,,,,,,,,,,,,,,,,,,,,,,,,,,,,,,,,,,,,,,,,,,,,,,,,,,,,,,,,,,,,,,,,,,,,,,,,,,,,,,,,,,,,,,,,,,,,,,,,,,,,,,,,,,,,,,,,,,,,,,,,,,,,,,,,,,,,,,,,,,,,,,,,,,,,,,,,,,,,,,,,,,,,,,,,,,,,,,,,,,,,,,,,,,,,,,,,,,,,
1994-06-30,-0.022914539469100048,,,,,,,,,,,,,,,,,,,,,,,,,,,,,,,,,,,,,,,,,,,,,,,,,,,,,,,,,,,,,,,,,,,,,,,,,,,,,,,,,,,,,,,,,,,,,,,,,,,,,,,,,,,,,,,,,,,,,,,,,,,,,,,,,,,,,,,,,,,,,,,,,,,,,,,,,,,,,,,,,,,,,,,,,,,,,,,,,,,,,,,,,,,,,,,,,,,,,,,,,,,,,,,,,,,,,,,,,,,,,,,,,,,,,,,,,,,,,,,,,,,,,,,,,,,,,,,,,,,,,,,,,,,,,,,,,,,,,,,,,,,,,,,,,,,,,,,,,,,,,,,,,,,,,,,,,,,,,,,,,,,,,,,,,,,,,,,,,,
1994-07-29,0.03232558593113155,,,,,,,,,,,,,,,,,,,,,,,,,,,,,,,,,,,,,,,,,,,,,,,,,,,,,,,,,,,,,,,,,,,,,,,,,,,,,,,,,,,,,,,,,,,,,,,,,,,,,,,,,,,,,,,,,,,,,,,,,,,,,,,,,,,,,,,,,,,,,,,,,,,,,,,,,,,,,,,,,,,,,,,,,,,,,,,,,,,,,,,,,,,,,,,,,,,,,,,,,,,,,,,,,,,,,,,,,,,,,,,,,,,,,,,,,,,,,,,,,,,,,,,,,,,,,,,,,,,,,,,,,,,,,,,,,,,,,,,,,,,,,,,,,,,,,,,,,,,,,,,,,,,,,,,,,,,,,,,,,,,,,,,,,,,,,,,,,,
1994-08-31,0.03812160233615414,,,,,,,,,,,,,,,,,,,,,,,,,,,,,,,,,,,,,,,,,,,,,,,,,,,,,,,,,,,,,,,,,,,,,,,,,,,,,,,,,,,,,,,,,,,,,,,,,,,,,,,,,,,,,,,,,,,,,,,,,,,,,,,,,,,,,,,,,,,,,,,,,,,,,,,,,,,,,,,,,,,,,,,,,,,,,,,,,,,,,,,,,,,,,,,,,,,,,,,,,,,,,,,,,,,,,,,,,,,,,,,,,,,,,,,,,,,,,,,,,,,,,,,,,,,,,,,,,,,,,,,,,,,,,,,,,,,,,,,,,,,,,,,,,,,,,,,,,,,,,,,,,,,,,,,,,,,,,,,,,,,,,,,,,,,,,,,,,,
1994-09-30,-0.025254508009503907,,,,,,,,,,,,,,,,,,,,,,,,,,,,,,,,,,,,,,,,,,,,,,,,,,,,,,,,,,,,,,,,,,,,,,,,,,,,,,,,,,,,,,,,,,,,,,,,,,,,,,,,,,,,,,,,,,,,,,,,,,,,,,,,,,,,,,,,,,,,,,,,,,,,,,,,,,,,,,,,,,,,,,,,,,,,,,,,,,,,,,,,,,,,,,,,,,,,,,,,,,,,,,,,,,,,,,,,,,,,,,,,,,,,,,,,,,,,,,,,,,,,,,,,,,,,,,,,,,,,,,,,,,,,,,,,,,,,,,,,,,,,,,,,,,,,,,,,,,,,,,,,,,,,,,,,,,,,,,,,,,,,,,,,,,,,,,,,,,
1994-10-31,0.02842585758221472,,,,,,,,,,,,,,,,,,,,,,,,,,,,,,,,,,,,,,,,,,,,,,,,,,,,,,,,,,,,,,,,,,,,,,,,,,,,,,,,,,,,,,,,,,,,,,,,,,,,,,,,,,,,,,,,,,,,,,,,,,,,,,,,,,,,,,,,,,,,,,,,,,,,,,,,,,,,,,,,,,,,,,,,,,,,,,,,,,,,,,,,,,,,,,,,,,,,,,,,,,,,,,,,,,,,,,,,,,,,,,,,,,,,,,,,,,,,,,,,,,,,,,,,,,,,,,,,,,,,,,,,,,,,,,,,,,,,,,,,,,,,,,,,,,,,,,,,,,,,,,,,,,,,,,,,,,,,,,,,,,,,,,,,,,,,,,,,,,
1994-11-30,-0.03981523597353942,,,,,,,,,,,,,,,,,,,,,,,,,,,,,,,,,,,,,,,,,,,,,,,,,,,,,,,,,,,,,,,,,,,,,,,,,,,,,,,,,,,,,,,,,,,,,,,,,,,,,,,,,,,,,,,,,,,,,,,,,,,,,,,,,,,,,,,,,,,,,,,,,,,,,,,,,,,,,,,,,,,,,,,,,,,,,,,,,,,,,,,,,,,,,,,,,,,,,,,,,,,,,,,,,,,,,,,,,,,,,,,,,,,,,,,,,,,,,,,,,,,,,,,,,,,,,,,,,,,,,,,,,,,,,,,,,,,,,,,,,,,,,,,,,,,,,,,,,,,,,,,,,,,,,,,,,,,,,,,,,,,,,,,,,,,,,,,,,,
1994-12-30,0.0072820596305276375,,,,,,,,,,,,,,,,,,,,,,,,,,,,,,,,,,,,,,,,,,,,,,,,,,,,,,,,,,,,,,,,,,,,,,,,,,,,,,,,,,,,,,,,,,,,,,,,,,,,,,,,,,,,,,,,,,,,,,,,,,,,,,,,,,,,,,,,,,,,,,,,,,,,,,,,,,,,,,,,,,,,,,,,,,,,,,,,,,,,,,,,,,,,,,,,,,,,,,,,,,,,,,,,,,,,,,,,,,,,,,,,,,,,,,,,,,,,,,,,,,,,,,,,,,,,,,,,,,,,,,,,,,,,,,,,,,,,,,,,,,,,,,,,,,,,,,,,,,,,,,,,,,,,,,,,,,,,,,,,,,,,,,,,,,,,,,,,,,
1995-01-31,0.03360821502578348,,,,,,,,,,,,,,,,,,,,,,,,,,,,,,,,,,,,,,,,,,,,,,,,,,,,,,,,,,,,,,,,,,,,,,,,,,,,,,,,,,,,,,,,,,,,,,,,,,,,,,,,,,,,,,,,,,,,,,,,,,,,,,,,,,,,,,,,,,,,,,,,,,,,,,,,,,,,,,,,,,,,,,,,,,,,,,,,,,,,,,,,,,,,,,,,,,,,,,,,,,,,,,,,,,,,,,,,,,,,,,,,,,,,,,,,,,,,,,,,,,,,,,,,,,,,,,,,,,,,,,,,,,,,,,,,,,,,,,,,,,,,,,,,,,,,,,,,,,,,,,,,,,,,,,,,,,,,,,,,,,,,,,,,,,,,,,,,,,
1995-02-28,0.04080850335795416,,,,,,,,,,,,,,,,,,,,,,,,,,,,,,,,,,,,,,,,,,,,,,,,,,,,,,,,,,,,,,,,,,,,,,,,,,,,,,,,,,,,,,,,,,,,,,,,,,,,,,,,,,,,,,,,,,,,,,,,,,,,,,,,,,,,,,,,,,,,,,,,,,,,,,,,,,,,,,,,,,,,,,,,,,,,,,,,,,,,,,,,,,,,,,,,,,,,,,,,,,,,,,,,,,,,,,,,,,,,,,,,,,,,,,,,,,,,,,,,,,,,,,,,,,,,,,,,,,,,,,,,,,,,,,,,,,,,,,,,,,,,,,,,,,,,,,,,,,,,,,,,,,,,,,,,,,,,,,,,,,,,,,,,,,,,,,,,,,
1995-03-31,0.027848056580666025,,,,,,,,,,,,,,,,,,,,,,,,,,,,,,,,,,,,,,,,,,,,,,,,,,,,,,,,,,,,,,,,,,,,,,,,,,,,,,,,,,,,,,,,,,,,,,,,,,,,,,,,,,,,,,,,,,,,,,,,,,,,,,,,,,,,,,,,,,,,,,,,,,,,,,,,,,,,,,,,,,,,,,,,,,,,,,,,,,,,,,,,,,,,,,,,,,,,,,,,,,,,,,,,,,,,,,,,,,,,,,,,,,,,,,,,,,,,,,,,,,,,,,,,,,,,,,,,,,,,,,,,,,,,,,,,,,,,,,,,,,,,,,,,,,,,,,,,,,,,,,,,,,,,,,,,,,,,,,,,,,,,,,,,,,,,,,,,,,
1995-04-28,0.029623077213485338,,,,,,,,,,,,,,,,,,,,,,,,,,,,,,,,,,,,,,,,,,,,,,,,,,,,,,,,,,,,,,,,,,,,,,,,,,,,,,,,,,,,,,,,,,,,,,,,,,,,,,,,,,,,,,,,,,,,,,,,,,,,,,,,,,,,,,,,,,,,,,,,,,,,,,,,,,,,,,,,,,,,,,,,,,,,,,,,,,,,,,,,,,,,,,,,,,,,,,,,,,,,,,,,,,,,,,,,,,,,,,,,,,,,,,,,,,,,,,,,,,,,,,,,,,,,,,,,,,,,,,,,,,,,,,,,,,,,,,,,,,,,,,,,,,,,,,,,,,,,,,,,,,,,,,,,,,,,,,,,,,,,,,,,,,,,,,,,,,
1995-05-31,0.039673094071519754,,,,,,,,,,,,,,,,,,,,,,,,,,,,,,,,,,,,,,,,,,,,,,,,,,,,,,,,,,,,,,,,,,,,,,,,,,,,,,,,,,,,,,,,,,,,,,,,,,,,,,,,,,,,,,,,,,,,,,,,,,,,,,,,,,,,,,,,,,,,,,,,,,,,,,,,,,,,,,,,,,,,,,,,,,,,,,,,,,,,,,,,,,,,,,,,,,,,,,,,,,,,,,,,,,,,,,,,,,,,,,,,,,,,,,,,,,,,,,,,,,,,,,,,,,,,,,,,,,,,,,,,,,,,,,,,,,,,,,,,,,,,,,,,,,,,,,,,,,,,,,,,,,,,,,,,,,,,,,,,,,,,,,,,,,,,,,,,,,
1995-06-30,0.02022904680126536,0.046117261720766134,,,,,,,,,,,,,,,,,,,,,,,,,,,,,,,,,,,,,,,,,,,,,,,,,,,,,,,,,,,,,,,,,,,,,,,,,,,,,,,,,,,,,,,,,,,,,,,,,,,,,,,,,,,,,,,,,,,,,,,,,,,,,,,,,,,,,,,,,,,,,,,,,,,,,,,,,,,,,,,,,,,,,,,,,,,,,,,,,,,,,,,,,,,,,,,,,,,,,,,,,,,,,,,,,,,,,,,,,,,,,,,,,,,,,,,,,,,,,,,,,,,,,,,,,,,,,,,,,,,,,,,,,,,,,,,,,,,,,,,,,,,,,,,,,,,,,,,,,,,,,,,,,,,,,,,,,,,,,,,,,,,,,,,,,,,,,,,,,
1995-07-31,0.03216552189686195,0.04846363966684608,,,,,,,,,,,,,,,,,,,,,,,,,,,,,,,,,,,,,,,,,,,,,,,,,,,,,,,,,,,,,,,,,,,,,,,,,,,,,,,,,,,,,,,,,,,,,,,,,,,,,,,,,,,,,,,,,,,,,,,,,,,,,,,,,,,,,,,,,,,,,,,,,,,,,,,,,,,,,,,,,,,,,,,,,,,,,,,,,,,,,,,,,,,,,,,,,,,,,,,,,,,,,,,,,,,,,,,,,,,,,,,,,,,,,,,,,,,,,,,,,,,,,,,,,,,,,,,,,,,,,,,,,,,,,,,,,,,,,,,,,,,,,,,,,,,,,,,,,,,,,,,,,,,,,,,,,,,,,,,,,,,,,,,,,,,,,,,,,
1995-08-31,0.0044516533192267005,0.019541502476566164,,,,,,,,,,,,,,,,,,,,,,,,,,,,,,,,,,,,,,,,,,,,,,,,,,,,,,,,,,,,,,,,,,,,,,,,,,,,,,,,,,,,,,,,,,,,,,,,,,,,,,,,,,,,,,,,,,,,,,,,,,,,,,,,,,,,,,,,,,,,,,,,,,,,,,,,,,,,,,,,,,,,,,,,,,,,,,,,,,,,,,,,,,,,,,,,,,,,,,,,,,,,,,,,,,,,,,,,,,,,,,,,,,,,,,,,,,,,,,,,,,,,,,,,,,,,,,,,,,,,,,,,,,,,,,,,,,,,,,,,,,,,,,,,,,,,,,,,,,,,,,,,,,,,,,,,,,,,,,,,,,,,,,,,,,,,,,,,,
1995-09-29,0.042376792144261044,0.02395895919027602,,,,,,,,,,,,,,,,,,,,,,,,,,,,,,,,,,,,,,,,,,,,,,,,,,,,,,,,,,,,,,,,,,,,,,,,,,,,,,,,,,,,,,,,,,,,,,,,,,,,,,,,,,,,,,,,,,,,,,,,,,,,,,,,,,,,,,,,,,,,,,,,,,,,,,,,,,,,,,,,,,,,,,,,,,,,,,,,,,,,,,,,,,,,,,,,,,,,,,,,,,,,,,,,,,,,,,,,,,,,,,,,,,,,,,,,,,,,,,,,,,,,,,,,,,,,,,,,,,,,,,,,,,,,,,,,,,,,,,,,,,,,,,,,,,,,,,,,,,,,,,,,,,,,,,,,,,,,,,,,,,,,,,,,,,,,,,,,,
1995-10-31,-0.0029391609346938186,-0.031677765991240725,,,,,,,,,,,,,,,,,,,,,,,,,,,,,,,,,,,,,,,,,,,,,,,,,,,,,,,,,,,,,,,,,,,,,,,,,,,,,,,,,,,,,,,,,,,,,,,,,,,,,,,,,,,,,,,,,,,,,,,,,,,,,,,,,,,,,,,,,,,,,,,,,,,,,,,,,,,,,,,,,,,,,,,,,,,,,,,,,,,,,,,,,,,,,,,,,,,,,,,,,,,,,,,,,,,,,,,,,,,,,,,,,,,,,,,,,,,,,,,,,,,,,,,,,,,,,,,,,,,,,,,,,,,,,,,,,,,,,,,,,,,,,,,,,,,,,,,,,,,,,,,,,,,,,,,,,,,,,,,,,,,,,,,,,,,,,,,,,
1995-11-30,0.04448015495380653,0.0420070696904189,,,,,,,,,,,,,,,,,,,,,,,,,,,,,,,,,,,,,,,,,,,,,,,,,,,,,,,,,,,,,,,,,,,,,,,,,,,,,,,,,,,,,,,,,,,,,,,,,,,,,,,,,,,,,,,,,,,,,,,,,,,,,,,,,,,,,,,,,,,,,,,,,,,,,,,,,,,,,,,,,,,,,,,,,,,,,,,,,,,,,,,,,,,,,,,,,,,,,,,,,,,,,,,,,,,,,,,,,,,,,,,,,,,,,,,,,,,,,,,,,,,,,,,,,,,,,,,,,,,,,,,,,,,,,,,,,,,,,,,,,,,,,,,,,,,,,,,,,,,,,,,,,,,,,,,,,,,,,,,,,,,,,,,,,,,,,,,,,
1995-12-29,0.01573306517159878,-0.00362306158368797,,,,,,,,,,,,,,,,,,,,,,,,,,,,,,,,,,,,,,,,,,,,,,,,,,,,,,,,,,,,,,,,,,,,,,,,,,,,,,,,,,,,,,,,,,,,,,,,,,,,,,,,,,,,,,,,,,,,,,,,,,,,,,,,,,,,,,,,,,,,,,,,,,,,,,,,,,,,,,,,,,,,,,,,,,,,,,,,,,,,,,,,,,,,,,,,,,,,,,,,,,,,,,,,,,,,,,,,,,,,,,,,,,,,,,,,,,,,,,,,,,,,,,,,,,,,,,,,,,,,,,,,,,,,,,,,,,,,,,,,,,,,,,,,,,,,,,,,,,,,,,,,,,,,,,,,,,,,,,,,,,,,,,,,,,,,,,,,,
1996-01-31,0.03557809148745106,0.01690043529964469,,,,,,,,,,,,,,,,,,,,,,,,,,,,,,,,,,,,,,,,,,,,,,,,,,,,,,,,,,,,,,,,,,,,,,,,,,,,,,,,,,,,,,,,,,,,,,,,,,,,,,,,,,,,,,,,,,,,,,,,,,,,,,,,,,,,,,,,,,,,,,,,,,,,,,,,,,,,,,,,,,,,,,,,,,,,,,,,,,,,,,,,,,,,,,,,,,,,,,,,,,,,,,,,,,,,,,,,,,,,,,,,,,,,,,,,,,,,,,,,,,,,,,,,,,,,,,,,,,,,,,,,,,,,,,,,,,,,,,,,,,,,,,,,,,,,,,,,,,,,,,,,,,,,,,,,,,,,,,,,,,,,,,,,,,,,,,,,,
1996-02-29,0.0031904749110165387,0.03147100025490812,,,,,,,,,,,,,,,,,,,,,,,,,,,,,,,,,,,,,,,,,,,,,,,,,,,,,,,,,,,,,,,,,,,,,,,,,,,,,,,,,,,,,,,,,,,,,,,,,,,,,,,,,,,,,,,,,,,,,,,,,,,,,,,,,,,,,,,,,,,,,,,,,,,,,,,,,,,,,,,,,,,,,,,,,,,,,,,,,,,,,,,,,,,,,,,,,,,,,,,,,,,,,,,,,,,,,,,,,,,,,,,,,,,,,,,,,,,,,,,,,,,,,,,,,,,,,,,,,,,,,,,,,,,,,,,,,,,,,,,,,,,,,,,,,,,,,,,,,,,,,,,,,,,,,,,,,,,,,,,,,,,,,,,,,,,,,,,,,
1996-03-29,0.01721795925759806,0.007456597482579097,,,,,,,,,,,,,,,,,,,,,,,,,,,,,,,,,,,,,,,,,,,,,,,,,,,,,,,,,,,,,,,,,,,,,,,,,,,,,,,,,,,,,,,,,,,,,,,,,,,,,,,,,,,,,,,,,,,,,,,,,,,,,,,,,,,,,,,,,,,,,,,,,,,,,,,,,,,,,,,,,,,,,,,,,,,,,,,,,,,,,,,,,,,,,,,,,,,,,,,,,,,,,,,,,,,,,,,,,,,,,,,,,,,,,,,,,,,,,,,,,,,,,,,,,,,,,,,,,,,,,,,,,,,,,,,,,,,,,,,,,,,,,,,,,,,,,,,,,,,,,,,,,,,,,,,,,,,,,,,,,,,,,,,,,,,,,,,,,
1996-04-30,0.01086965917544247,0.032764967689351776,0.047809174018314415,0.035928117123372294,,,,,,,,,,,,,,,,,,,,,,,,,,,,,,,,,,,,,,,,,,,,,,,,,,,,,,,,,,,,,,,,,,,,,,,,,,,,,,,,,,,,,,,,,,,,,,,,,,,,,,,,,,,,,,,,,,,,,,,,,,,,,,,,,,,,,,,,,,,,,,,,,,,,,,,,,,,,,,,,,,,,,,,,,,,,,,,,,,,,,,,,,,,,,,,,,,,,,,,,,,,,,,,,,,,,,,,,,,,,,,,,,,,,,,,,,,,,,,,,,,,,,,,,,,,,,,,,,,,,,,,,,,,,,,,,,,,,,,,,,,,,,,,,,,,,,,,,,,,,,,,,,,,,,,,,,,,,,,,,,,,,,,,,,,,,,,,
1996-05-31,0.02270007332401547,0.007599834799516758,-0.04562774902510913,-0.005780046477064427,,,,,,,,,,,,,,,,,,,,,,,,,,,,,,,,,,,,,,,,,,,,,,,,,,,,,,,,,,,,,,,,,,,,,,,,,,,,,,,,,,,,,,,,,,,,,,,,,,,,,,,,,,,,,,,,,,,,,,,,,,,,,,,,,,,,,,,,,,,,,,,,,,,,,,,,,,,,,,,,,,,,,,,,,,,,,,,,,,,,,,,,,,,,,,,,,,,,,,,,,,,,,,,,,,,,,,,,,,,,,,,,,,,,,,,,,,,,,,,,,,,,,,,,,,,,,,,,,,,,,,,,,,,,,,,,,,,,,,,,,,,,,,,,,,,,,,,,,,,,,,,,,,,,,,,,,,,,,,,,,,,,,,,,,,,,,,,
1996-06-28,0.008822129345675167,-0.0198818917583502,0.011952341129159771,-0.017442000466673435,,,,,,,,,,,,,,,,,,,,,,,,,,,,,,,,,,,,,,,,,,,,,,,,,,,,,,,,,,,,,,,,,,,,,,,,,,,,,,,,,,,,,,,,,,,,,,,,,,,,,,,,,,,,,,,,,,,,,,,,,,,,,,,,,,,,,,,,,,,,,,,,,,,,,,,,,,,,,,,,,,,,,,,,,,,,,,,,,,,,,,,,,,,,,,,,,,,,,,,,,,,,,,,,,,,,,,,,,,,,,,,,,,,,,,,,,,,,,,,,,,,,,,,,,,,,,,,,,,,,,,,,,,,,,,,,,,,,,,,,,,,,,,,,,,,,,,,,,,,,,,,,,,,,,,,,,,,,,,,,,,,,,,,,,,,,,,,
1996-07-31,-0.044936225589503054,-0.06111471757157738,-0.04724430348828834,-0.017751303244117334,,,,,,,,,,,,,,,,,,,,,,,,,,,,,,,,,,,,,,,,,,,,,,,,,,,,,,,,,,,,,,,,,,,,,,,,,,,,,,,,,,,,,,,,,,,,,,,,,,,,,,,,,,,,,,,,,,,,,,,,,,,,,,,,,,,,,,,,,,,,,,,,,,,,,,,,,,,,,,,,,,,,,,,,,,,,,,,,,,,,,,,,,,,,,,,,,,,,,,,,,,,,,,,,,,,,,,,,,,,,,,,,,,,,,,,,,,,,,,,,,,,,,,,,,,,,,,,,,,,,,,,,,,,,,,,,,,,,,,,,,,,,,,,,,,,,,,,,,,,,,,,,,,,,,,,,,,,,,,,,,,,,,,,,,,,,,,,
1996-08-30,0.019259596930897294,0.054005665682747006,-0.05371876373510487,0.028017060570779018,,,,,,,,,,,,,,,,,,,,,,,,,,,,,,,,,,,,,,,,,,,,,,,,,,,,,,,,,,,,,,,,,,,,,,,,,,,,,,,,,,,,,,,,,,,,,,,,,,,,,,,,,,,,,,,,,,,,,,,,,,,,,,,,,,,,,,,,,,,,,,,,,,,,,,,,,,,,,,,,,,,,,,,,,,,,,,,,,,,,,,,,,,,,,,,,,,,,,,,,,,,,,,,,,,,,,,,,,,,,,,,,,,,,,,,,,,,,,,,,,,,,,,,,,,,,,,,,,,,,,,,,,,,,,,,,,,,,,,,,,,,,,,,,,,,,,,,,,,,,,,,,,,,,,,,,,,,,,,,,,,,,,,,,,,,,,,,
1996-09-30,0.055872197721722694,0.04476811607294673,0.03493465099696502,0.04117636959042814,,,,,,,,,,,,,,,,,,,,,,,,,,,,,,,,,,,,,,,,,,,,,,,,,,,,,,,,,,,,,,,,,,,,,,,,,,,,,,,,,,,,,,,,,,,,,,,,,,,,,,,,,,,,,,,,,,,,,,,,,,,,,,,,,,,,,,,,,,,,,,,,,,,,,,,,,,,,,,,,,,,,,,,,,,,,,,,,,,,,,,,,,,,,,,,,,,,,,,,,,,,,,,,,,,,,,,,,,,,,,,,,,,,,,,,,,,,,,,,,,,,,,,,,,,,,,,,,,,,,,,,,,,,,,,,,,,,,,,,,,,,,,,,,,,,,,,,,,,,,,,,,,,,,,,,,,,,,,,,,,,,,,,,,,,,,,,,
1996-10-31,0.032330960870584846,0.004561925730249161,-0.06751063279907565,0.08474602841107126,,,,,,,,,,,,,,,,,,,,,,,,,,,,,,,,,,,,,,,,,,,,,,,,,,,,,,,,,,,,,,,,,,,,,,,,,,,,,,,,,,,,,,,,,,,,,,,,,,,,,,,,,,,,,,,,,,,,,,,,,,,,,,,,,,,,,,,,,,,,,,,,,,,,,,,,,,,,,,,,,,,,,,,,,,,,,,,,,,,,,,,,,,,,,,,,,,,,,,,,,,,,,,,,,,,,,,,,,,,,,,,,,,,,,,,,,,,,,,,,,,,,,,,,,,,,,,,,,,,,,,,,,,,,,,,,,,,,,,,,,,,,,,,,,,,,,,,,,,,,,,,,,,,,,,,,,,,,,,,,,,,,,,,,,,,,,,,
1996-11-29,0.0730043955359232,0.05935716246333533,0.022624315930812156,0.05729154447762452,,,,,,,,,,,,,,,,,,,,,,,,,,,,,,,,,,,,,,,,,,,,,,,,,,,,,,,,,,,,,,,,,,,,,,,,,,,,,,,,,,,,,,,,,,,,,,,,,,,,,,,,,,,,,,,,,,,,,,,,,,,,,,,,,,,,,,,,,,,,,,,,,,,,,,,,,,,,,,,,,,,,,,,,,,,,,,,,,,,,,,,,,,,,,,,,,,,,,,,,,,,,,,,,,,,,,,,,,,,,,,,,,,,,,,,,,,,,,,,,,,,,,,,,,,,,,,,,,,,,,,,,,,,,,,,,,,,,,,,,,,,,,,,,,,,,,,,,,,,,,,,,,,,,,,,,,,,,,,,,,,,,,,,,,,,,,,,
1996-12-31,-0.023797410862315682,-0.026279779462930364,-0.07522136157441073,-0.03264763840154339,,,,,,,,,,,,,,,,,,,,,,,,,,,,,,,,,,,,,,,,,,,,,,,,,,,,,,,,,,,,,,,,,,,,,,,,,,,,,,,,,,,,,,,,,,,,,,,,,,,,,,,,,,,,,,,,,,,,,,,,,,,,,,,,,,,,,,,,,,,,,,,,,,,,,,,,,,,,,,,,,,,,,,,,,,,,,,,,,,,,,,,,,,,,,,,,,,,,,,,,,,,,,,,,,,,,,,,,,,,,,,,,,,,,,,,,,,,,,,,,,,,,,,,,,,,,,,,,,,,,,,,,,,,,,,,,,,,,,,,,,,,,,,,,,,,,,,,,,,,,,,,,,,,,,,,,,,,,,,,,,,,,,,,,,,,,,,,
1997-01-31,0.061785594315671766,0.045454266805105226,-0.10047818511344986,0.051019989663255716,,,,,,,,,,,,,,,,,,,,,,,,,,,,,,,,,,,,,,,,,,,,,,,,,,,,,,,,,,,,,,,,,,,,,,,,,,,,,,,,,,,,,,,,,,,,,,,,,,,,,,,,,,,,,,,,,,,,,,,,,,,,,,,,,,,,,,,,,,,,,,,,,,,,,,,,,,,,,,,,,,,,,,,,,,,,,,,,,,,,,,,,,,,,,,,,,,,,,,,,,,,,,,,,,,,,,,,,,,,,,,,,,,,,,,,,,,,,,,,,,,,,,,,,,,,,,,,,,,,,,,,,,,,,,,,,,,,,,,,,,,,,,,,,,,,,,,,,,,,,,,,,,,,,,,,,,,,,,,,,,,,,,,,,,,,,,,,
1997-02-28,0.009565421595486567,-0.010869664363007292,0.02127611413074404,-0.009708644633471208,,,,,,,,,,,,,,,,,,,,,,,,,,,,,,,,,,,,,,,,,,,,,,,,,,,,,,,,,,,,,,,,,,,,,,,,,,,,,,,,,,,,,,,,,,,,,,,,,,,,,,,,,,,,,,,,,,,,,,,,,,,,,,,,,,,,,,,,,,,,,,,,,,,,,,,,,,,,,,,,,,,,,,,,,,,,,,,,,,,,,,,,,,,,,,,,,,,,,,,,,,,,,,,,,,,,,,,,,,,,,,,,,,,,,,,,,,,,,,,,,,,,,,,,,,,,,,,,,,,,,,,,,,,,,,,,,,,,,,,,,,,,,,,,,,,,,,,,,,,,,,,,,,,,,,,,,,,,,,,,,,,,,,,,,,,,,,,
1997-03-31,-0.044122456544987254,-0.04109466928151184,-0.04166617896938063,-0.058823311620513574,,,,,,,,,,,,,,,,,,,,,,,,,,,,,,,,,,,,,,,,,,,,,,,,,,,,,,,,,,,,,,,,,,,,,,,,,,,,,,,,,,,,,,,,,,,,,,,,,,,,,,,,,,,,,,,,,,,,,,,,,,,,,,,,,,,,,,,,,,,,,,,,,,,,,,,,,,,,,,,,,,,,,,,,,,,,,,,,,,,,,,,,,,,,,,,,,,,,,,,,,,,,,,,,,,,,,,,,,,,,,,,,,,,,,,,,,,,,,,,,,,,,,,,,,,,,,,,,,,,,,,,,,,,,,,,,,,,,,,,,,,,,,,,,,,,,,,,,,,,,,,,,,,,,,,,,,,,,,,,,,,,,,,,,,,,,,,,
1997-04-30,0.0626032174654283,0.024265674636884338,0.059782731213276596,0.015624985365128019,,,,,,,,,,,,,,,,,,,,,,,,,,,,,,,,,,,,,,,,,,,,,,,,,,,,,,,,,,,,,,,,,,,,,,,,,,,,,,,,,,,,,,,,,,,,,,,,,,,,,,,,,,,,,,,,,,,,,,,,,,,,,,,,,,,,,,,,,,,,,,,,,,,,,,,,,,,,,,,,,,,,,,,,,,,,,,,,,,,,,,,,,,,,,,,,,,,,,,,,,,,,,,,,,,,,,,,,,,,,,,,,,,,,,,,,,,,,,,,,,,,,,,,,,,,,,,,,,,,,,,,,,,,,,,,,,,,,,,,,,,,,,,,,,,,,,,,,,,,,,,,,,,,,,,,,,,,,,,,,,,,,,,,,,,,,,,,
1997-05-30,0.06320733632135478,0.08416447431587981,0.09743550070609963,0.08717922233621911,,,,,,,,,,,,,,,,,,,,,,,,,,,,,,,,,,,,,,,,,,,,,,,,,,,,,,,,,,,,,,,,,,,,,,,,,,,,,,,,,,,,,,,,,,,,,,,,,,,,,,,,,,,,,,,,,,,,,,,,,,,,,,,,,,,,,,,,,,,,,,,,,,,,,,,,,,,,,,,,,,,,,,,,,,,,,,,,,,,,,,,,,,,,,,,,,,,,,,,,,,,,,,,,,,,,,,,,,,,,,,,,,,,,,,,,,,,,,,,,,,,,,,,,,,,,,,,,,,,,,,,,,,,,,,,,,,,,,,,,,,,,,,,,,,,,,,,,,,,,,,,,,,,,,,,,,,,,,,,,,,,,,,,,,,,,,,,
1997-06-30,0.04110226229709202,0.03175287377059699,0.056074793501439846,0.009434040689162204,,,,,,,,,,,,,,,,,,,,,,,,,,,,,,,,,,,,,,,,,,,,,,,,,,,,,,,,,,,,,,,,,,,,,,,,,,,,,,,,,,,,,,,,,,,,,,,,,,,,,,,,,,,,,,,,,,,,,,,,,,,,,,,,,,,,,,,,,,,,,,,,,,,,,,,,,,,,,,,,,,,,,,,,,,,,,,,,,,,,,,,,,,,,,,,,,,,,,,,,,,,,,,,,,,,,,,,,,,,,,,,,,,,,,,,,,,,,,,,,,,,,,,,,,,,,,,,,,,,,,,,,,,,,,,,,,,,,,,,,,,,,,,,,,,,,,,,,,,,,,,,,,,,,,,,,,,,,,,,,,,,,,,,,,,,,,,,
1997-07-31,0.0792637383192194,0.09555691429837898,-0.013274183689855334,0.08411233802079288,,,,,,,,,,,,,,,,,,,,,,,,,,,,,,,,,,,,,,,,,,,,,,,,,,,,,,,,,,,,,,,,,,,,,,,,,,,,,,,,,,,,,,,,,,,,,,,,,,,,,,,,,,,,,,,,,,,,,,,,,,,,,,,,,,,,,,,,,,,,,,,,,,,,,,,,,,,,,,,,,,,,,,,,,,,,,,,,,,,,,,,,,,,,,,,,,,,,,,,,,,,,,,,,,,,,,,,,,,,,,,,,,,,,,,,,,,,,,,,,,,,,,,,,,,,,,,,,,,,,,,,,,,,,,,,,,,,,,,,,,,,,,,,,,,,,,,,,,,,,,,,,,,,,,,,,,,,,,,,,,,,,,,,,,,,,,,,
1997-08-29,-0.051803175714862704,0.0015305665476763597,-0.09830809712762245,-0.061796692865485614,,,,,,,,,,,,,,,,,,,,,,,,,,,,,,,,,,,,,,,,,,,,,,,,,,,,,,,,,,,,,,,,,,,,,,,,,,,,,,,,,,,,,,,,,,,,,,,,,,,,,,,,,,,,,,,,,,,,,,,,,,,,,,,,,,,,,,,,,,,,,,,,,,,,,,,,,,,,,,,,,,,,,,,,,,,,,,,,,,,,,,,,,,,,,,,,,,,,,,,,,,,,,,,,,,,,,,,,,,,,,,,,,,,,,,,,,,,,,,,,,,,,,,,,,,,,,,,,,,,,,,,,,,,,,,,,,,,,,,,,,,,,,,,,,,,,,,,,,,,,,,,,,,,,,,,,,,,,,,,,,,,,,,,,,,,,,,,
1997-09-30,0.04809107598132312,0.05367055546119803,-0.009949855094003146,0.0558136099428872,,,,,,,,,,,,,,,,,,,,,,,,,,,,,,,,,,,,,,,,,,,,,,,,,,,,,,,,,,,,,,,,,,,,,,,,,,,,,,,,,,,,,,,,,,,,,,,,,,,,,,,,,,,,,,,,,,,,,,,,,,,,,,,,,,,,,,,,,,,,,,,,,,,,,,,,,,,,,,,,,,,,,,,,,,,,,,,,,,,,,,,,,,,,,,,,,,,,,,,,,,,,,,,,,,,,,,,,,,,,,,,,,,,,,,,,,,,,,,,,,,,,,,,,,,,,,,,,,,,,,,,,,,,,,,,,,,,,,,,,,,,,,,,,,,,,,,,,,,,,,,,,,,,,,,,,,,,,,,,,,,,,,,,,,,,,,,,
1997-10-31,-0.024503407999593607,-0.037790551195393984,-0.09547774479714366,-0.05726842772756535,,,,,,,,,,,,,,,,,,,,,,,,,,,,,,,,,,,,,,,,,,,,,,,,,,,,,,,,,,,,,,,,,,,,,,,,,,,,,,,,,,,,,,,,,,,,,,,,,,,,,,,,,,,,,,,,,,,,,,,,,,,,,,,,,,,,,,,,,,,,,,,,,,,,,,,,,,,,,,,,,,,,,,,,,,,,,,,,,,,,,,,,,,,,,,,,,,,,,,,,,,,,,,,,,,,,,,,,,,,,,,,,,,,,,,,,,,,,,,,,,,,,,,,,,,,,,,,,,,,,,,,,,,,,,,,,,,,,,,,,,,,,,,,,,,,,,,,,,,,,,,,,,,,,,,,,,,,,,,,,,,,,,,,,,,,,,,,
1997-11-28,0.03869614865679183,0.016364441029509402,-0.06666615329485792,-0.028037459977583334,,,,,,,,,,,,,,,,,,,,,,,,,,,,,,,,,,,,,,,,,,,,,,,,,,,,,,,,,,,,,,,,,,,,,,,,,,,,,,,,,,,,,,,,,,,,,,,,,,,,,,,,,,,,,,,,,,,,,,,,,,,,,,,,,,,,,,,,,,,,,,,,,,,,,,,,,,,,,,,,,,,,,,,,,,,,,,,,,,,,,,,,,,,,,,,,,,,,,,,,,,,,,,,,,,,,,,,,,,,,,,,,,,,,,,,,,,,,,,,,,,,,,,,,,,,,,,,,,,,,,,,,,,,,,,,,,,,,,,,,,,,,,,,,,,,,,,,,,,,,,,,,,,,,,,,,,,,,,,,,,,,,,,,,,,,,,,,
1997-12-31,0.019072247257630348,0.020979800316023534,-0.05942760655383239,0.02950305029192024,,,,,,,,,,,,,,,,,,,,,,,,,,,,,,,,,,,,,,,,,,,,,,,,,,,,,,,,,,,,,,,,,,,,,,,,,,,,,,,,,,,,,,,,,,,,,,,,,,,,,,,,,,,,,,,,,,,,,,,,,,,,,,,,,,,,,,,,,,,,,,,,,,,,,,,,,,,,,,,,,,,,,,,,,,,,,,,,,,,,,,,,,,,,,,,,,,,,,,,,,,,,,,,,,,,,,,,,,,,,,,,,,,,,,,,,,,,,,,,,,,,,,,,,,,,,,,,,,,,,,,,,,,,,,,,,,,,,,,,,,,,,,,,,,,,,,,,,,,,,,,,,,,,,,,,,,,,,,,,,,,,,,,,,,,,,,,,
1998-01-30,0.012877524199661927,-0.01438683767349802,0.1202531693430311,-0.009389795207002005,,,,,,,,,,,,,,,,,,,,,,,,,,,,,,,,,,,,,,,,,,,,,,,,,,,,,,,,,,,,,,,,,,,,,,,,,,,,,,,,,,,,,,,,,,,,,,,,,,,,,,,,,,,,,,,,,,,,,,,,,,,,,,,,,,,,,,,,,,,,,,,,,,,,,,,,,,,,,,,,,,,,,,,,,,,,,,,,,,,,,,,,,,,,,,,,,,,,,,,,,,,,,,,,,,,,,,,,,,,,,,,,,,,,,,,,,,,,,,,,,,,,,,,,,,,,,,,,,,,,,,,,,,,,,,,,,,,,,,,,,,,,,,,,,,,,,,,,,,,,,,,,,,,,,,,,,,,,,,,,,,,,,,,,,,,,,,,
1998-02-27,0.0692948455239688,0.07817954125546955,0.011299581092981681,0.09478673581085872,,,,,,,,,,,,,,,,,,,,,,,,,,,,,,,,,,,,,,,,,,,,,,,,,,,,,,,,,,,,,,,,,,,,,,,,,,,,,,,,,,,,,,,,,,,,,,,,,,,,,,,,,,,,,,,,,,,,,,,,,,,,,,,,,,,,,,,,,,,,,,,,,,,,,,,,,,,,,,,,,,,,,,,,,,,,,,,,,,,,,,,,,,,,,,,,,,,,,,,,,,,,,,,,,,,,,,,,,,,,,,,,,,,,,,,,,,,,,,,,,,,,,,,,,,,,,,,,,,,,,,,,,,,,,,,,,,,,,,,,,,,,,,,,,,,,,,,,,,,,,,,,,,,,,,,,,,,,,,,,,,,,,,,,,,,,,,,
1998-03-31,0.04878361151463051,0.04925968090784161,-0.11173187005099106,0.05627734634017689,,,,,,,,,,,,,,,,,,,,,,,,,,,,,,,,,,,,,,,,,,,,,,,,,,,,,,,,,,,,,,,,,,,,,,,,,,,,,,,,,,,,,,,,,,,,,,,,,,,,,,,,,,,,,,,,,,,,,,,,,,,,,,,,,,,,,,,,,,,,,,,,,,,,,,,,,,,,,,,,,,,,,,,,,,,,,,,,,,,,,,,,,,,,,,,,,,,,,,,,,,,,,,,,,,,,,,,,,,,,,,,,,,,,,,,,,,,,,,,,,,,,,,,,,,,,,,,,,,,,,,,,,,,,,,,,,,,,,,,,,,,,,,,,,,,,,,,,,,,,,,,,,,,,,,,,,,,,,,,,,,,,,,,,,,,,,,,
1998-04-30,0.012791195968399283,0.014682957670551167,0.03773565623353403,0.0,,,,,,,,,,,,,,,,,,,,,,,,,,,,,,,,,,,,,,,,,,,,,,,,,,,,,,,,,,,,,,,,,,,,,,,,,,,,,,,,,,,,,,,,,,,,,,,,,,,,,,,,,,,,,,,,,,,,,,,,,,,,,,,,,,,,,,,,,,,,,,,,,,,,,,,,,,,,,,,,,,,,,,,,,,,,,,,,,,,,,,,,,,,,,,,,,,,,,,,,,,,,,,,,,,,,,,,,,,,,,,,,,,,,,,,,,,,,,,,,,,,,,,,,,,,,,,,,,,,,,,,,,,,,,,,,,,,,,,,,,,,,,,,,,,,,,,,,,,,,,,,,,,,,,,,,,,,,,,,,,,,,,,,,,,,,,,,
1998-05-29,-0.020768411579571766,-0.04967617910316213,-0.06060605182887535,-0.01639322181966485,,,,,,,,,,,,,,,,,,,,,,,,,,,,,,,,,,,,,,,,,,,,,,,,,,,,,,,,,,,,,,,,,,,,,,,,,,,,,,,,,,,,,,,,,,,,,,,,,,,,,,,,,,,,,,,,,,,,,,,,,,,,,,,,,,,,,,,,,,,,,,,,,,,,,,,,,,,,,,,,,,,,,,,,,,,,,,,,,,,,,,,,,,,,,,,,,,,,,,,,,,,,,,,,,,,,,,,,,,,,,,,,,,,,,,,,,,,,,,,,,,,,,,,,,,,,,,,,,,,,,,,,,,,,,,,,,,,,,,,,,,,,,,,,,,,,,,,,,,,,,,,,,,,,,,,,,,,,,,,,,,,,,,,,,,,,,,,
1998-06-30,0.042573281349740144,0.014859216043010104,0.012903162150395442,-0.020833526588101448,,,,,,,,,,,,,,,,,,,,,,,,,,,,,,,,,,,,,,,,,,,,,,,,,,,,,,,,,,,,,,,,,,,,,,,,,,,,,,,,,,,,,,,,,,,,,,,,,,,,,,,,,,,,,,,,,,,,,,,,,,,,,,,,,,,,,,,,,,,,,,,,,,,,,,,,,,,,,,,,,,,,,,,,,,,,,,,,,,,,,,,,,,,,,,,,,,,,,,,,,,,,,,,,,,,,,,,,,,,,,,,,,,,,,,,,,,,,,,,,,,,,,,,,,,,,,,,,,,,,,,,,,,,,,,,,,,,,,,,,,,,,,,,,,,,,,,,,,,,,,,,,,,,,,,,,,,,,,,,,,,,,,,,,,,,,,,,
1998-07-31,-0.013514023337582448,-0.04286367289898452,-0.03821645047736988,-0.07234053943264585,,,,,,,,,,,,,,,,,,,,,,,,,,,,,,,,,,,,,,,,,,,,,,,,,,,,,,,,,,,,,,,,,,,,,,,,,,,,,,,,,,,,,,,,,,,,,,,,,,,,,,,,,,,,,,,,,,,,,,,,,,,,,,,,,,,,,,,,,,,,,,,,,,,,,,,,,,,,,,,,,,,,,,,,,,,,,,,,,,,,,,,,,,,,,,,,,,,,,,,,,,,,,,,,,,,,,,,,,,,,,,,,,,,,,,,,,,,,,,,,,,,,,,,,,,,,,,,,,,,,,,,,,,,,,,,,,,,,,,,,,,,,,,,,,,,,,,,,,,,,,,,,,,,,,,,,,,,,,,,,,,,,,,,,,,,,,,,
1998-08-31,-0.14117945901749107,-0.2004689701975747,-0.1644973765561899,-0.22410776347254135,,,,,,,,,,,,,,,,,,,,,,,,,,,,,,,,,,,,,,,,,,,,,,,,,,,,,,,,,,,,,,,,,,,,,,,,,,,,,,,,,,,,,,,,,,,,,,,,,,,,,,,,,,,,,,,,,,,,,,,,,,,,,,,,,,,,,,,,,,,,,,,,,,,,,,,,,,,,,,,,,,,,,,,,,,,,,,,,,,,,,,,,,,,,,,,,,,,,,,,,,,,,,,,,,,,,,,,,,,,,,,,,,,,,,,,,,,,,,,,,,,,,,,,,,,,,,,,,,,,,,,,,,,,,,,,,,,,,,,,,,,,,,,,,,,,,,,,,,,,,,,,,,,,,,,,,,,,,,,,,,,,,,,,,,,,,,,,
1998-09-30,0.06363876969777982,0.12536514656295483,0.015872770845181128,0.04374995952134264,,,,,,,,,,,,,,,,,,,,,,,,,,,,,,,,,,,,,,,,,,,,,,,,,,,,,,,,,,,,,,,,,,,,,,,,,,,,,,,,,,,,,,,,,,,,,,,,,,,,,,,,,,,,,,,,,,,,,,,,,,,,,,,,,,,,,,,,,,,,,,,,,,,,,,,,,,,,,,,,,,,,,,,,,,,,,,,,,,,,,,,,,,,,,,,,,,,,,,,,,,,,,,,,,,,,,,,,,,,,,,,,,,,,,,,,,,,,,,,,,,,,,,,,,,,,,,,,,,,,,,,,,,,,,,,,,,,,,,,,,,,,,,,,,,,,,,,,,,,,,,,,,,,,,,,,,,,,,,,,,,,,,,,,,,,,,,,
1998-10-30,0.08108124506971248,0.07941561193094926,0.2109375575368615,0.08981999371081906,,,,,,,,,,,,,,,,,,,,,,,,,,,,,,,,,,,,,,,,,,,,,,,,,,,,,,,,,,,,,,,,,,,,,,,,,,,,,,,,,,,,,,,,,,,,,,,,,,,,,,,,,,,,,,,,,,,,,,,,,,,,,,,,,,,,,,,,,,,,,,,,,,,,,,,,,,,,,,,,,,,,,,,,,,,,,,,,,,,,,,,,,,,,,,,,,,,,,,,,,,,,,,,,,,,,,,,,,,,,,,,,,,,,,,,,,,,,,,,,,,,,,,,,,,,,,,,,,,,,,,,,,,,,,,,,,,,,,,,,,,,,,,,,,,,,,,,,,,,,,,,,,,,,,,,,,,,,,,,,,,,,,,,,,,,,,,,
1998-11-30,0.0556820490600729,0.03581761950926454,0.03225818868582242,0.03296746085257518,,,,,,,,,,,,,,,,,,,,,,,,,,,,,,,,,,,,,,,,,,,,,,,,,,,,,,,,,,,,,,,,,,,,,,,,,,,,,,,,,,,,,,,,,,,,,,,,,,,,,,,,,,,,,,,,,,,,,,,,,,,,,,,,,,,,,,,,,,,,,,,,,,,,,,,,,,,,,,,,,,,,,,,,,,,,,,,,,,,,,,,,,,,,,,,,,,,,,,,,,,,,,,,,,,,,,,,,,,,,,,,,,,,,,,,,,,,,,,,,,,,,,,,,,,,,,,,,,,,,,,,,,,,,,,,,,,,,,,,,,,,,,,,,,,,,,,,,,,,,,,,,,,,,,,,,,,,,,,,,,,,,,,,,,,,,,,,
1998-12-31,0.0654221288601482,0.11498754122304611,0.02599465444598459,-0.011354160110069067,,,,,,,,,,,,,,,,,,,,,,,,,,,,,,,,,,,,,,,,,,,,,,,,,,,,,,,,,,,,,,,,,,,,,,,,,,,,,,,,,,,,,,,,,,,,,,,,,,,,,,,,,,,,,,,,,,,,,,,,,,,,,,,,,,,,,,,,,,,,,,,,,,,,,,,,,,,,,,,,,,,,,,,,,,,,,,,,,,,,,,,,,,,,,,,,,,,,,,,,,,,,,,,,,,,,,,,,,,,,,,,,,,,,,,,,,,,,,,,,,,,,,,,,,,,,,,,,,,,,,,,,,,,,,,,,,,,,,,,,,,,,,,,,,,,,,,,,,,,,,,,,,,,,,,,,,,,,,,,,,,,,,,,,,,,,,,,
1999-01-29,0.035225249500997924,-0.024913945626286127,0.024390357369545645,0.08648659439532302,,,,,,,,,,,,,,,,,,,,,,,,,,,,,,,,,,,,,,,,,,,,,,,,,,,,,,,,,,,,,,,,,,,,,,,,,,,,,,,,,,,,,,,,,,,,,,,,,,,,,,,,,,,,,,,,,,,,,,,,,,,,,,,,,,,,,,,,,,,,,,,,,,,,,,,,,,,,,,,,,,,,,,,,,,,,,,,,,,,,,,,,,,,,,,,,,,,,,,,,,,,,,,,,,,,,,,,,,,,,,,,,,,,,,,,,,,,,,,,,,,,,,,,,,,,,,,,,,,,,,,,,,,,,,,,,,,,,,,,,,,,,,,,,,,,,,,,,,,,,,,,,,,,,,,,,,,,,,,,,,,,,,,,,,,,,,,,
1999-02-26,-0.032068194247792614,-0.04933906410179467,-0.035714164070035026,-0.0497515699034089,,,,,,,,,,,,,,,,,,,,,,,,,,,,,,,,,,,,,,,,,,,,,,,,,,,,,,,,,,,,,,,,,,,,,,,,,,,,,,,,,,,,,,,,,,,,,,,,,,,,,,,,,,,,,,,,,,,,,,,,,,,,,,,,,,,,,,,,,,,,,,,,,,,,,,,,,,,,,,,,,,,,,,,,,,,,,,,,,,,,,,,,,,,,,,,,,,,,,,,,,,,,,,,,,,,,,,,,,,,,,,,,,,,,,,,,,,,,,,,,,,,,,,,,,,,,,,,,,,,,,,,,,,,,,,,,,,,,,,,,,,,,,,,,,,,,,,,,,,,,,,,,,,,,,,,,,,,,,,,,,,,,,,,,,,,,,,,
1999-03-31,0.041467722875228485,0.024820704196419685,0.1358027743866319,0.04188496632744432,,,,,,,,,,,,,,,,,,,,,,,,,,,,,,,,,,,,,,,,,,,,,,,,,,,,,,,,,,,,,,,,,,,,,,,,,,,,,,,,,,,,,,,,,,,,,,,,,,,,,,,,,,,,,,,,,,,,,,,,,,,,,,,,,,,,,,,,,,,,,,,,,,,,,,,,,,,,,,,,,,,,,,,,,,,,,,,,,,,,,,,,,,,,,,,,,,,,,,,,,,,,,,,,,,,,,,,,,,,,,,,,,,,,,,,,,,,,,,,,,,,,,,,,,,,,,,,,,,,,,,,,,,,,,,,,,,,,,,,,,,,,,,,,,,,,,,,,,,,,,,,,,,,,,,,,,,,,,,,,,,,,,,,,,,,,,,,
1999-04-30,0.03797463512263577,0.07932926626275982,0.043477793263731135,0.1005023554495017,0.023823821958268487,,,,,,,,,,,,,,,,,,,,,,,,,,,,,,,,,,,,,,,,,,,,,,,,,,,,,,,,,,,,,,,,,,,,,,,,,,,,,,,,,,,,,,,,,,,,,,,,,,,,,,,,,,,,,,,,,,,,,,,,,,,,,,,,,,,,,,,,,,,,,,,,,,,,,,,,,,,,,,,,,,,,,,,,,,,,,,,,,,,,,,,,,,,,,,,,,,,,,,,,,,,,,,,,,,,,,,,,,,,,,,,,,,,,,,,,,,,,,,,,,,,,,,,,,,,,,,,,,,,,,,,,,,,,,,,,,,,,,,,,,,,,,,,,,,,,,,,,,,,,,,,,,,,,,,,,,,,,,,,,,,,,,,,,,,,,,,
1999-05-28,-0.022865457032738568,0.004619668948227629,-0.05729168154221764,-0.04109634098744008,-0.03141362889081334,,,,,,,,,,,,,,,,,,,,,,,,,,,,,,,,,,,,,,,,,,,,,,,,,,,,,,,,,,,,,,,,,,,,,,,,,,,,,,,,,,,,,,,,,,,,,,,,,,,,,,,,,,,,,,,,,,,,,,,,,,,,,,,,,,,,,,,,,,,,,,,,,,,,,,,,,,,,,,,,,,,,,,,,,,,,,,,,,,,,,,,,,,,,,,,,,,,,,,,,,,,,,,,,,,,,,,,,,,,,,,,,,,,,,,,,,,,,,,,,,,,,,,,,,,,,,,,,,,,,,,,,,,,,,,,,,,,,,,,,,,,,,,,,,,,,,,,,,,,,,,,,,,,,,,,,,,,,,,,,,,,,,,,,,,,,,,
1999-06-30,0.055377944583113736,0.05177073895103468,0.10497226688989714,0.07142941454342333,0.107507321891684,,,,,,,,,,,,,,,,,,,,,,,,,,,,,,,,,,,,,,,,,,,,,,,,,,,,,,,,,,,,,,,,,,,,,,,,,,,,,,,,,,,,,,,,,,,,,,,,,,,,,,,,,,,,,,,,,,,,,,,,,,,,,,,,,,,,,,,,,,,,,,,,,,,,,,,,,,,,,,,,,,,,,,,,,,,,,,,,,,,,,,,,,,,,,,,,,,,,,,,,,,,,,,,,,,,,,,,,,,,,,,,,,,,,,,,,,,,,,,,,,,,,,,,,,,,,,,,,,,,,,,,,,,,,,,,,,,,,,,,,,,,,,,,,,,,,,,,,,,,,,,,,,,,,,,,,,,,,,,,,,,,,,,,,,,,,,,
1999-07-30,-0.031021654727094172,-0.02310783106600689,0.07500011474095869,-0.008889435369393017,-0.017895598702918458,,,,,,,,,,,,,,,,,,,,,,,,,,,,,,,,,,,,,,,,,,,,,,,,,,,,,,,,,,,,,,,,,,,,,,,,,,,,,,,,,,,,,,,,,,,,,,,,,,,,,,,,,,,,,,,,,,,,,,,,,,,,,,,,,,,,,,,,,,,,,,,,,,,,,,,,,,,,,,,,,,,,,,,,,,,,,,,,,,,,,,,,,,,,,,,,,,,,,,,,,,,,,,,,,,,,,,,,,,,,,,,,,,,,,,,,,,,,,,,,,,,,,,,,,,,,,,,,,,,,,,,,,,,,,,,,,,,,,,,,,,,,,,,,,,,,,,,,,,,,,,,,,,,,,,,,,,,,,,,,,,,,,,,,,,,,,,
1999-08-31,-0.005178288218089633,-0.03425812131950701,-0.001083326420921904,0.004746170410949935,0.054665780024194754,,,,,,,,,,,,,,,,,,,,,,,,,,,,,,,,,,,,,,,,,,,,,,,,,,,,,,,,,,,,,,,,,,,,,,,,,,,,,,,,,,,,,,,,,,,,,,,,,,,,,,,,,,,,,,,,,,,,,,,,,,,,,,,,,,,,,,,,,,,,,,,,,,,,,,,,,,,,,,,,,,,,,,,,,,,,,,,,,,,,,,,,,,,,,,,,,,,,,,,,,,,,,,,,,,,,,,,,,,,,,,,,,,,,,,,,,,,,,,,,,,,,,,,,,,,,,,,,,,,,,,,,,,,,,,,,,,,,,,,,,,,,,,,,,,,,,,,,,,,,,,,,,,,,,,,,,,,,,,,,,,,,,,,,,,,,,,
1999-09-30,-0.022337350538815137,-0.027359007459825557,0.04205586985629273,0.0,0.00837720121582386,,,,,,,,,,,,,,,,,,,,,,,,,,,,,,,,,,,,,,,,,,,,,,,,,,,,,,,,,,,,,,,,,,,,,,,,,,,,,,,,,,,,,,,,,,,,,,,,,,,,,,,,,,,,,,,,,,,,,,,,,,,,,,,,,,,,,,,,,,,,,,,,,,,,,,,,,,,,,,,,,,,,,,,,,,,,,,,,,,,,,,,,,,,,,,,,,,,,,,,,,,,,,,,,,,,,,,,,,,,,,,,,,,,,,,,,,,,,,,,,,,,,,,,,,,,,,,,,,,,,,,,,,,,,,,,,,,,,,,,,,,,,,,,,,,,,,,,,,,,,,,,,,,,,,,,,,,,,,,,,,,,,,,,,,,,,,,
1999-10-29,0.06407689511814851,0.04873763414230603,0.06278016491277683,0.05581414998734435,0.09241925715408383,,,,,,,,,,,,,,,,,,,,,,,,,,,,,,,,,,,,,,,,,,,,,,,,,,,,,,,,,,,,,,,,,,,,,,,,,,,,,,,,,,,,,,,,,,,,,,,,,,,,,,,,,,,,,,,,,,,,,,,,,,,,,,,,,,,,,,,,,,,,,,,,,,,,,,,,,,,,,,,,,,,,,,,,,,,,,,,,,,,,,,,,,,,,,,,,,,,,,,,,,,,,,,,,,,,,,,,,,,,,,,,,,,,,,,,,,,,,,,,,,,,,,,,,,,,,,,,,,,,,,,,,,,,,,,,,,,,,,,,,,,,,,,,,,,,,,,,,,,,,,,,,,,,,,,,,,,,,,,,,,,,,,,,,,,,,,,
1999-11-30,0.016652184840311834,0.05290460100126815,0.02953591911751796,0.06167392144863659,0.11787079966435399,,,,,,,,,,,,,,,,,,,,,,,,,,,,,,,,,,,,,,,,,,,,,,,,,,,,,,,,,,,,,,,,,,,,,,,,,,,,,,,,,,,,,,,,,,,,,,,,,,,,,,,,,,,,,,,,,,,,,,,,,,,,,,,,,,,,,,,,,,,,,,,,,,,,,,,,,,,,,,,,,,,,,,,,,,,,,,,,,,,,,,,,,,,,,,,,,,,,,,,,,,,,,,,,,,,,,,,,,,,,,,,,,,,,,,,,,,,,,,,,,,,,,,,,,,,,,,,,,,,,,,,,,,,,,,,,,,,,,,,,,,,,,,,,,,,,,,,,,,,,,,,,,,,,,,,,,,,,,,,,,,,,,,,,,,,,,,
1999-12-31,0.05710862297836772,0.05215958982218161,0.07738035659830711,0.09571067252070131,0.24319636244996556,,,,,,,,,,,,,,,,,,,,,,,,,,,,,,,,,,,,,,,,,,,,,,,,,,,,,,,,,,,,,,,,,,,,,,,,,,,,,,,,,,,,,,,,,,,,,,,,,,,,,,,,,,,,,,,,,,,,,,,,,,,,,,,,,,,,,,,,,,,,,,,,,,,,,,,,,,,,,,,,,,,,,,,,,,,,,,,,,,,,,,,,,,,,,,,,,,,,,,,,,,,,,,,,,,,,,,,,,,,,,,,,,,,,,,,,,,,,,,,,,,,,,,,,,,,,,,,,,,,,,,,,,,,,,,,,,,,,,,,,,,,,,,,,,,,,,,,,,,,,,,,,,,,,,,,,,,,,,,,,,,,,,,,,,,,,,,
2000-01-31,-0.049786500200737605,-0.022342687157789753,-0.05747140148429142,0.011363498285364537,-0.01846703284507789,,,,,,,,,,,,,,,,,,,,,,,,,,,,,,,,,,,,,,,,,,,,,,,,,,,,,,,,,,,,,,,,,,,,,,,,,,,,,,,,,,,,,,,,,,,,,,,,,,,,,,,,,,,,,,,,,,,,,,,,,,,,,,,,,,,,,,,,,,,,,,,,,,,,,,,,,,,,,,,,,,,,,,,,,,,,,,,,,,,,,,,,,,,,,,,,,,,,,,,,,,,,,,,,,,,,,,,,,,,,,,,,,,,,,,,,,,,,,,,,,,,,,,,,,,,,,,,,,,,,,,,,,,,,,,,,,,,,,,,,,,,,,,,,,,,,,,,,,,,,,,,,,,,,,,,,,,,,,,,,,,,,,,,,,,,,,,
2000-02-29,-0.01522608548934723,0.07801449858408982,-0.012194750113285413,0.04119850500682132,0.190243109589864,,,,,,,,,,,,,,,,,,,,,,,,,,,,,,,,,,,,,,,,,,,,,,,,,,,,,,,,,,,,,,,,,,,,,,,,,,,,,,,,,,,,,,,,,,,,,,,,,,,,,,,,,,,,,,,,,,,,,,,,,,,,,,,,,,,,,,,,,,,,,,,,,,,,,,,,,,,,,,,,,,,,,,,,,,,,,,,,,,,,,,,,,,,,,,,,,,,,,,,,,,,,,,,,,,,,,,,,,,,,,,,,,,,,,,,,,,,,,,,,,,,,,,,,,,,,,,,,,,,,,,,,,,,,,,,,,,,,,,,,,,,,,,,,,,,,,,,,,,,,,,,,,,,,,,,,,,,,,,,,,,,,,,,,,,,,,,
2000-03-31,0.09691407777492134,0.06939824022498131,0.08641931808497239,0.061151167106965554,0.025761889858347153,,,,,,,,,,,,,,,,,,,,,,,,,,,,,,,,,,,,,,,,,,,,,,,,,,,,,,,,,,,,,,,,,,,,,,,,,,,,,,,,,,,,,,,,,,,,,,,,,,,,,,,,,,,,,,,,,,,,,,,,,,,,,,,,,,,,,,,,,,,,,,,,,,,,,,,,,,,,,,,,,,,,,,,,,,,,,,,,,,,,,,,,,,,,,,,,,,,,,,,,,,,,,,,,,,,,,,,,,,,,,,,,,,,,,,,,,,,,,,,,,,,,,,,,,,,,,,,,,,,,,,,,,,,,,,,,,,,,,,,,,,,,,,,,,,,,,,,,,,,,,,,,,,,,,,,,,,,,,,,,,,,,,,,,,,,,,,
2000-04-28,-0.035120401509853516,-0.031505856376170316,-0.0757572928308543,-0.02033916974024408,-0.13470337134860144,,,,,,,,,,,,,,,,,,,,,,,,,,,,,,,,,,,,,,,,,,,,,,,,,,,,,,,,,,,,,,,,,,,,,,,,,,,,,,,,,,,,,,,,,,,,,,,,,,,,,,,,,,,,,,,,,,,,,,,,,,,,,,,,,,,,,,,,,,,,,,,,,,,,,,,,,,,,,,,,,,,,,,,,,,,,,,,,,,,,,,,,,,,,,,,,,,,,,,,,,,,,,,,,,,,,,,,,,,,,,,,,,,,,,,,,,,,,,,,,,,,,,,,,,,,,,,,,,,,,,,,,,,,,,,,,,,,,,,,,,,,,,,,,,,,,,,,,,,,,,,,,,,,,,,,,,,,,,,,,,,,,,,,,,,,,,,
2000-05-31,-0.015722766379897446,-0.007779753651488419,-0.05737708800625485,0.003460368885859655,-0.12269174999565202,,,,,,,,,,,,,,,,,,,,,,,,,,,,,,,,,,,,,,,,,,,,,,,,,,,,,,,,,,,,,,,,,,,,,,,,,,,,,,,,,,,,,,,,,,,,,,,,,,,,,,,,,,,,,,,,,,,,,,,,,,,,,,,,,,,,,,,,,,,,,,,,,,,,,,,,,,,,,,,,,,,,,,,,,,,,,,,,,,,,,,,,,,,,,,,,,,,,,,,,,,,,,,,,,,,,,,,,,,,,,,,,,,,,,,,,,,,,,,,,,,,,,,,,,,,,,,,,,,,,,,,,,,,,,,,,,,,,,,,,,,,,,,,,,,,,,,,,,,,,,,,,,,,,,,,,,,,,,,,,,,,,,,,,,,,,,,
2000-06-30,0.019681666226867955,0.014418758172003887,0.05652188225849608,0.10000002201293312,0.1240602134365516,0.019753874153355166,0.03779462009483492,0.08682628416865135,-0.029475310279113764,0.058850206855662446,0.024426356936035454,-0.03438335157935413,0.009739192224768711,,,,,,,,,,,,,,,,,,,,,,,,,,,,,,,,,,,,,,,,,,,,,,,,,,,,,,,,,,,,,,,,,,,,,,,,,,,,,,,,,,,,,,,,,,,,,,,,,,,,,,,,,,,,,,,,,,,,,,,,,,,,,,,,,,,,,,,,,,,,,,,,,,,,,,,,,,,,,,,,,,,,,,,,,,,,,,,,,,,,,,,,,,,,,,,,,,,,,,,,,,,,,,,,,,,,,,,,,,,,,,,,,,,,,,,,,,,,,,,,,,,,,,,,,,,,,,,,,,,,,,,,,,,,,,,,,,,,,,,,,,,,,,,,,,,,,,,,,,,,,,,,,,,,,,,,,,,,,,,,,,,,,,
2000-07-31,-0.01570195737380098,0.014083847671268801,-0.11111166115426363,0.028213075181669156,-0.04280895108142313,-0.017506324625115255,-0.01222482443917583,-0.027664397728336287,-0.0014254818671527447,-0.028188859670057242,0.008695147945559256,0.01335100638807285,-0.00751816893906998,-0.007351317552586556,,,,,,,,,,,,,,,,,,,,,,,,,,,,,,,,,,,,,,,,,,,,,,,,,,,,,,,,,,,,,,,,,,,,,,,,,,,,,,,,,,,,,,,,,,,,,,,,,,,,,,,,,,,,,,,,,,,,,,,,,,,,,,,,,,,,,,,,,,,,,,,,,,,,,,,,,,,,,,,,,,,,,,,,,,,,,,,,,,,,,,,,,,,,,,,,,,,,,,,,,,,,,,,,,,,,,,,,,,,,,,,,,,,,,,,,,,,,,,,,,,,,,,,,,,,,,,,,,,,,,,,,,,,,,,,,,,,,,,,,,,,,,,,,,,,,,,,,,,,,,,,,,,,,,,,,,,,,,,,,,,,,,
2000-08-31,0.06534065177463666,0.10833354578492593,0.06661548835520525,0.08238347464843154,0.13626824533949278,0.06526023447881424,0.07590740831384157,0.06965210920883869,0.0596631353995174,0.09312842665795174,0.11254821750283339,0.06429512254535674,0.07396305280947169,0.07072599914043476,0.11138439819895996,0.05397157010966214,0.12948690831412835,0.0738083989990026,0.15091907189558906,0.07846472793318315,0.012810275723272646,-0.02866238837299062,,,,,,,,,,,,,,,,,,,,,,,,,,,,,,,,,,,,,,,,,,,,,,,,,,,,,,,,,,,,,,,,,,,,,,,,,,,,,,,,,,,,,,,,,,,,,,,,,,,,,,,,,,,,,,,,,,,,,,,,,,,,,,,,,,,,,,,,,,,,,,,,,,,,,,,,,,,,,,,,,,,,,,,,,,,,,,,,,,,,,,,,,,,,,,,,,,,,,,,,,,,,,,,,,,,,,,,,,,,,,,,,,,,,,,,,,,,,,,,,,,,,,,,,,,,,,,,,,,,,,,,,,,,,,,,,,,,,,,,,,,,,,,,,,,,,,,,,,,,,,,,,,,,,,,,,,,,,,
2000-09-29,-0.054862197114042166,-0.013031409500560587,-0.049327068239574334,-0.05147055518144472,-0.12669087656338263,-0.05444396543830776,-0.0460993415490657,-0.032766854207211926,0.0038498493034502257,-0.028150409455992786,-0.011021951629288429,0.0028808648842699736,-0.03982237056730897,-0.03762059860226086,-0.045939826886173374,-0.0020376809516438055,-0.043891028793237474,-0.001824013992419271,-0.025349171307336826,0.013343131152059984,-0.03315024334538308,-0.05409828234032166,0.008565120632965106,,,,,,,,,,,,,,,,,,,,,,,,,,,,,,,,,,,,,,,,,,,,,,,,,,,,,,,,,,,,,,,,,,,,,,,,,,,,,,,,,,,,,,,,,,,,,,,,,,,,,,,,,,,,,,,,,,,,,,,,,,,,,,,,,,,,,,,,,,,,,,,,,,,,,,,,,,,,,,,,,,,,,,,,,,,,,,,,,,,,,,,,,,,,,,,,,,,,,,,,,,,,,,,,,,,,,,,,,,,,,,,,,,,,,,,,,,,,,,,,,,,,,,,,,,,,,,,,,,,,,,,,,,,,,,,,,,,,,,,,,,,,,,,,,,,,,,,,,,,,,,,,,,,,,,,,,,,,
2000-10-31,-0.0046780070807954655,-0.03307864373035985,-0.04245331531002383,-0.0775194356873532,-0.07940197146032568,-0.003914587617261267,-0.014697736005598205,-0.04463216349297705,0.02584870078258139,0.005321144723341442,-0.032418100629595936,0.017830927965714283,-0.02246749445865892,-0.021978456414189718,-0.08420170071547539,-0.008102130075293146,-0.006976921223833199,-0.008864320650106006,-0.05554978187327153,-0.013061476097995572,-0.04527735410256839,-0.0034662115934881443,0.02010586191368513,,,,,,,,,,,,,,,,,,,,,,,,,,,,,,,,,,,,,,,,,,,,,,,,,,,,,,,,,,,,,,,,,,,,,,,,,,,,,,,,,,,,,,,,,,,,,,,,,,,,,,,,,,,,,,,,,,,,,,,,,,,,,,,,,,,,,,,,,,,,,,,,,,,,,,,,,,,,,,,,,,,,,,,,,,,,,,,,,,,,,,,,,,,,,,,,,,,,,,,,,,,,,,,,,,,,,,,,,,,,,,,,,,,,,,,,,,,,,,,,,,,,,,,,,,,,,,,,,,,,,,,,,,,,,,,,,,,,,,,,,,,,,,,,,,,,,,,,,,,,,,,,,,,,,,,,,,,,
2000-11-30,-0.07465306561044749,-0.07170999359199992,-0.07389134528071739,-0.11344552839112831,-0.2291065707570118,-0.07564663009605999,-0.08584204305076937,-0.09974746874964913,-0.03779555886281605,-0.10042928146095931,-0.06971101769486554,-0.05693425482824621,-0.09154001552095503,-0.09702150266467013,-0.18178013706993557,-0.00991827578640192,-0.13443061594599692,-0.04101278019371268,-0.14233896909330168,0.0012033615816444687,-0.0051505195938086334,-0.03043505023914117,-0.04336142219381589,0.015536367661924455,,,,,,,,,,,,,,,,,,,,,,,,,,,,,,,,,,,,,,,,,,,,,,,,,,,,,,,,,,,,,,,,,,,,,,,,,,,,,,,,,,,,,,,,,,,,,,,,,,,,,,,,,,,,,,,,,,,,,,,,,,,,,,,,,,,,,,,,,,,,,,,,,,,,,,,,,,,,,,,,,,,,,,,,,,,,,,,,,,,,,,,,,,,,,,,,,,,,,,,,,,,,,,,,,,,,,,,,,,,,,,,,,,,,,,,,,,,,,,,,,,,,,,,,,,,,,,,,,,,,,,,,,,,,,,,,,,,,,,,,,,,,,,,,,,,,,,,,,,,,,,,,,,,,,,,,,,,
2000-12-29,-0.005226084337123682,0.07241253597854569,-0.00947722117608596,0.036963364280526934,-0.07318312078219014,-0.0040280206136041885,0.007646033220608528,0.07924161021147968,0.05105264130584675,0.11282329524098023,0.07266642001062662,0.05197174206802768,0.01507588981657837,0.01668275926842222,0.059518602271380505,0.09495688279125947,0.08014416653609491,0.12853004588602723,0.05128205128205132,0.10130523805370739,0.05879632940603896,0.051225843369784085,0.06971783557596578,0.040840490334923985,,,,,,,,,,,,,,,,,,,,,,,,,,,,,,,,,,,,,,,,,,,,,,,,,,,,,,,,,,,,,,,,,,,,,,,,,,,,,,,,,,,,,,,,,,,,,,,,,,,,,,,,,,,,,,,,,,,,,,,,,,,,,,,,,,,,,,,,,,,,,,,,,,,,,,,,,,,,,,,,,,,,,,,,,,,,,,,,,,,,,,,,,,,,,,,,,,,,,,,,,,,,,,,,,,,,,,,,,,,,,,,,,,,,,,,,,,,,,,,,,,,,,,,,,,,,,,,,,,,,,,,,,,,,,,,,,,,,,,,,,,,,,,,,,,,,,,,,,,,,,,,,,,,,,,,,,,,
2001-01-31,0.044459182521656926,0.025164887011743797,-0.0056496704129047615,0.054205601209320164,0.1014987491229824,0.04217914159857128,0.033048442805786005,0.053785752819750954,0.0005729267052825282,0.04751632370621839,0.016640678832697597,0.045522536949546666,0.04329557472460266,0.04012158870830018,0.07964930547538907,0.02892952854426789,-0.0013550008844421813,0.07857103546405853,-0.0014130019489967394,0.0391806395130343,-0.0024451906437759074,0.012371916646057413,-0.003457981567559276,-0.007739781491398423,,,,,,,,,,,,,,,,,,,,,,,,,,,,,,,,,,,,,,,,,,,,,,,,,,,,,,,,,,,,,,,,,,,,,,,,,,,,,,,,,,,,,,,,,,,,,,,,,,,,,,,,,,,,,,,,,,,,,,,,,,,,,,,,,,,,,,,,,,,,,,,,,,,,,,,,,,,,,,,,,,,,,,,,,,,,,,,,,,,,,,,,,,,,,,,,,,,,,,,,,,,,,,,,,,,,,,,,,,,,,,,,,,,,,,,,,,,,,,,,,,,,,,,,,,,,,,,,,,,,,,,,,,,,,,,,,,,,,,,,,,,,,,,,,,,,,,,,,,,,,,,,,,,,,,,,,,,
2001-02-28,-0.09538783274375473,-0.06201563170397317,-0.04272723753121299,-0.15815626364347857,-0.2620524167072322,-0.0937183586617425,-0.0948701695328148,-0.06689824060885485,-0.026977585967807194,-0.05943637539559721,-0.0566658382833507,-0.0661027951377412,-0.09961678143716257,-0.10156261282598589,-0.13492054488647676,-0.0010082250432938977,-0.08237526988391153,-0.04214305489660053,-0.08366994617256862,-0.03207566754785107,-0.10300634651011342,-0.09587013082048557,-0.025668140627473024,-0.02863671703627646,,,,,,,,,,,,,,,,,,,,,,,,,,,,,,,,,,,,,,,,,,,,,,,,,,,,,,,,,,,,,,,,,,,,,,,,,,,,,,,,,,,,,,,,,,,,,,,,,,,,,,,,,,,,,,,,,,,,,,,,,,,,,,,,,,,,,,,,,,,,,,,,,,,,,,,,,,,,,,,,,,,,,,,,,,,,,,,,,,,,,,,,,,,,,,,,,,,,,,,,,,,,,,,,,,,,,,,,,,,,,,,,,,,,,,,,,,,,,,,,,,,,,,,,,,,,,,,,,,,,,,,,,,,,,,,,,,,,,,,,,,,,,,,,,,,,,,,,,,,,,,,,,,,,,,,,,,,
2001-03-30,-0.056036924272133026,-0.06817622968483394,-0.027540559152377075,-0.08593067621915829,-0.1749211644797275,-0.05738528718128333,-0.0712208743851872,-0.04639556799024713,-0.03704858217991569,-0.04587639370931795,-0.07240716698654426,-0.03816978465506515,-0.06719519236321769,-0.0739615392923001,-0.08563224498009225,-0.01886049063678119,-0.055897535151664846,-0.0494784448567388,-0.10663831419601832,-0.04272802438267209,-0.05914738603483227,-0.07993483047367611,-0.03922377994804094,-0.04208818573974138,,,,,,,,,,,,,,,,,,,,,,,,,,,,,,,,,,,,,,,,,,,,,,,,,,,,,,,,,,,,,,,,,,,,,,,,,,,,,,,,,,,,,,,,,,,,,,,,,,,,,,,,,,,,,,,,,,,,,,,,,,,,,,,,,,,,,,,,,,,,,,,,,,,,,,,,,,,,,,,,,,,,,,,,,,,,,,,,,,,,,,,,,,,,,,,,,,,,,,,,,,,,,,,,,,,,,,,,,,,,,,,,,,,,,,,,,,,,,,,,,,,,,,,,,,,,,,,,,,,,,,,,,,,,,,,,,,,,,,,,,,,,,,,,,,,,,,,,,,,,,,,,,,,,,,,,,,,
2001-04-30,0.0854399241747783,0.10545083416355117,0.09570321010906535,0.08755770463877366,0.17879934485919846,0.0726522304985977,0.08664965561463789,0.08258960102008417,0.05080197300164402,0.07852230138030025,0.113111508916661,0.06821612619240036,0.0864900448120165,0.08995120962654357,0.12226267024187387,0.05223754516863233,0.1012823276097865,0.06821191487554445,0.13728446233903369,0.09208226297449795,0.06141402959175024,0.08125635598246861,0.05093277573131272,0.048373745700752924,,,,,,,,,,,,,,,,,,,,,,,,,,,,,,,,,,,,,,,,,,,,,,,,,,,,,,,,,,,,,,,,,,,,,,,,,,,,,,,,,,,,,,,,,,,,,,,,,,,,,,,,,,,,,,,,,,,,,,,,,,,,,,,,,,,,,,,,,,,,,,,,,,,,,,,,,,,,,,,,,,,,,,,,,,,,,,,,,,,,,,,,,,,,,,,,,,,,,,,,,,,,,,,,,,,,,,,,,,,,,,,,,,,,,,,,,,,,,,,,,,,,,,,,,,,,,,,,,,,,,,,,,,,,,,,,,,,,,,,,,,,,,,,,,,,,,,,,,,,,,,,,,,,,,,,,,,,
2001-05-31,-0.005605838618296666,0.024115650299507685,-0.029411723819764757,0.03389804097834914,-0.03076920662265914,0.004233284532809023,0.003933808829788665,0.021648841973261446,0.022052074740307015,0.02037061407551022,0.022047422939925676,0.005203292995484166,0.009296860488515524,0.009841111501840638,0.02357718674988285,0.026007777131584087,0.015394977071984561,0.02913882447455496,0.029700815278910886,0.014945261902054696,-0.022501151558361188,-0.061469190126930195,0.02416584911937325,0.01710397803650343,,,,,,,,,,,,,,,,,,,,,,,,,,,,,,,,,,,,,,,,,,,,,,,,,,,,,,,,,,,,,,,,,,,,,,,,,,,,,,,,,,,,,,,,,,,,,,,,,,,,,,,,,,,,,,,,,,,,,,,,,,,,,,,,,,,,,,,,,,,,,,,,,,,,,,,,,,,,,,,,,,,,,,,,,,,,,,,,,,,,,,,,,,,,,,,,,,,,,,,,,,,,,,,,,,,,,,,,,,,,,,,,,,,,,,,,,,,,,,,,,,,,,,,,,,,,,,,,,,,,,,,,,,,,,,,,,,,,,,,,,,,,,,,,,,,,,,,,,,,,,,,,,,,,,,,,,,,
2001-06-29,-0.023828893813402474,-0.0012008271289523087,-0.06060591153097572,-0.05737670870317457,0.02168567197143223,-0.02146973780728678,-0.01882539420954754,0.031103607691488344,-0.024255815713385642,0.02164409291889946,-0.003842576730734293,-0.026814569242630593,-0.017035967330808588,-0.018183248268560104,0.012222954017242493,0.03460692772813978,0.016610401178930534,0.02006445733803619,-0.013323535499408679,0.00798304604507627,-0.04807936712992611,-0.03865842173526113,-0.01726050126971168,-0.028324826720216634,,,,,,,,,,,,,,,,,,,,,,,,,,,,,,,,,,,,,,,,,,,,,,,,,,,,,,,,,,,,,,,,,,,,,,,,,,,,,,,,,,,,,,,,,,,,,,,,,,,,,,,,,,,,,,,,,,,,,,,,,,,,,,,,,,,,,,,,,,,,,,,,,,,,,,,,,,,,,,,,,,,,,,,,,,,,,,,,,,,,,,,,,,,,,,,,,,,,,,,,,,,,,,,,,,,,,,,,,,,,,,,,,,,,,,,,,,,,,,,,,,,,,,,,,,,,,,,,,,,,,,,,,,,,,,,,,,,,,,,,,,,,,,,,,,,,,,,,,,,,,,,,,,,,,,,,,,,
2001-07-31,-0.01019587176658332,-0.018477446522682683,-0.08113398360583579,-0.012174343366893048,-0.08621450036613088,-0.011329099829848754,-0.016012859628336096,-0.055642616534506084,0.002047338551665945,-0.006665901818118991,-0.019471268538648223,-0.0190875304688517,-0.01760531568045487,-0.02007384308715421,-0.083831260154418,-0.024216163273631297,-0.01945543992547505,-0.0022480470636129235,-0.031632214632380196,-0.0024040561726681453,-0.006329198235743516,-0.004652565747584325,0.0015982479716167841,0.003861373378239996,-0.019115462093438396,,,,,,,,,,,,,,,,,,,,,,,,,,,,,,,,,,,,,,,,,,,,,,,,,,,,,,,,,,,,,,,,,,,,,,,,,,,,,,,,,,,,,,,,,,,,,,,,,,,,,,,,,,,,,,,,,,,,,,,,,,,,,,,,,,,,,,,,,,,,,,,,,,,,,,,,,,,,,,,,,,,,,,,,,,,,,,,,,,,,,,,,,,,,,,,,,,,,,,,,,,,,,,,,,,,,,,,,,,,,,,,,,,,,,,,,,,,,,,,,,,,,,,,,,,,,,,,,,,,,,,,,,,,,,,,,,,,,,,,,,,,,,,,,,,,,,,,,,,,,,,,,,,,,,,,,,,
2001-08-31,-0.05933276009570987,-0.030806515186110994,-0.027659479915206453,-0.050722219915706135,-0.12284477384963721,-0.05828571167291707,-0.06117956704363059,-0.024317001071187505,-0.04119800701599796,-0.018013419612620818,-0.02752705851199433,-0.0595317279365124,-0.061230423473757845,-0.05913761924295091,-0.05757288519149506,0.0029338026869618616,-0.022221578784094587,-0.009602434555981199,-0.043524317167926485,-0.019062279843627294,-0.028662236071199554,-0.03519773299190021,-0.039484712024257074,-0.034615640915177104,-0.058552959403644356,,,,,,,,,,,,,,,,,,,,,,,,,,,,,,,,,,,,,,,,,,,,,,,,,,,,,,,,,,,,,,,,,,,,,,,,,,,,,,,,,,,,,,,,,,,,,,,,,,,,,,,,,,,,,,,,,,,,,,,,,,,,,,,,,,,,,,,,,,,,,,,,,,,,,,,,,,,,,,,,,,,,,,,,,,,,,,,,,,,,,,,,,,,,,,,,,,,,,,,,,,,,,,,,,,,,,,,,,,,,,,,,,,,,,,,,,,,,,,,,,,,,,,,,,,,,,,,,,,,,,,,,,,,,,,,,,,,,,,,,,,,,,,,,,,,,,,,,,,,,,,,,,,,,,,,,,,
2001-09-28,-0.08163026656574002,-0.12448451823417028,-0.08096300706215864,-0.09897289816882737,-0.20884511987249454,-0.08605417544464078,-0.08416632013868153,-0.14580856701963252,-0.07581702593222484,-0.14126421006947554,-0.12403971739814568,-0.09433626998421796,-0.08845047724217359,-0.09598671023851268,-0.1736364773806126,-0.11574091149387133,-0.12905842220715935,-0.14531976234973998,-0.13688373884433258,-0.11134680474722003,-0.1090161783468453,-0.13020629006402584,-0.07986133554570085,-0.03895058124313455,-0.08683245253356664,-0.16629767606077062,-0.09803865865160621,-0.09619852663222994,-0.11676919238295669,,,,,,,,,,,,,,,,,,,,,,,,,,,,,,,,,,,,,,,,,,,,,,,,,,,,,,,,,,,,,,,,,,,,,,,,,,,,,,,,,,,,,,,,,,,,,,,,,,,,,,,,,,,,,,,,,,,,,,,,,,,,,,,,,,,,,,,,,,,,,,,,,,,,,,,,,,,,,,,,,,,,,,,,,,,,,,,,,,,,,,,,,,,,,,,,,,,,,,,,,,,,,,,,,,,,,,,,,,,,,,,,,,,,,,,,,,,,,,,,,,,,,,,,,,,,,,,,,,,,,,,,,,,,,,,,,,,,,,,,,,,,,,,,,,,,,,,,,,,,,,,,,,,,,,
2001-10-31,0.0130218587773272,0.044219463532839676,-0.0011901369279095908,-0.0031086231117370966,0.16977203421166132,0.017806904484727548,0.02048248761771232,0.0650008139517535,-0.002125125947985529,0.05736768231892886,0.043188733960099146,0.0011082205164243408,0.022687169857701583,0.027090730686393005,0.10611985453632156,0.025569961595112822,0.06833487441726716,0.04504288209600249,0.07624523217094326,0.015221568367105753,0.02587371835198038,0.041247145734654156,-0.0056276397992941485,-0.00874636320038602,0.02053675934180732,0.1077867097787859,0.00831010539459176,0.018240829513176404,0.039754445558262796,,,,,,,,,,,,,,,,,,,,,,,,,,,,,,,,,,,,,,,,,,,,,,,,,,,,,,,,,,,,,,,,,,,,,,,,,,,,,,,,,,,,,,,,,,,,,,,,,,,,,,,,,,,,,,,,,,,,,,,,,,,,,,,,,,,,,,,,,,,,,,,,,,,,,,,,,,,,,,,,,,,,,,,,,,,,,,,,,,,,,,,,,,,,,,,,,,,,,,,,,,,,,,,,,,,,,,,,,,,,,,,,,,,,,,,,,,,,,,,,,,,,,,,,,,,,,,,,,,,,,,,,,,,,,,,,,,,,,,,,,,,,,,,,,,,,,,,,,,,,,,,,,,,,,,
2001-11-30,0.07797712564466974,0.07199049531734225,-0.0011921208321842292,0.10187082802341352,0.16961674115468428,0.0776496512784377,0.07555949845459575,0.07638103359883308,0.05594288332857045,0.06589899185613879,0.07287098836113337,0.059463830951216545,0.07343422500776065,0.08144093977739253,0.08560598562156008,0.07064467058613433,0.058618080190664834,0.07551666995497519,0.09175881015080378,0.057046702798411175,0.038703569259433745,0.04792293293454608,0.06481097811966774,0.04218493978595239,0.07616097549731071,0.1024280366953998,0.07258038458146054,0.03344324299390511,0.08829154093968605,0.0046572894118774855,,,,,,,,,,,,,,,,,,,,,,,,,,,,,,,,,,,,,,,,,,,,,,,,,,,,,,,,,,,,,,,,,,,,,,,,,,,,,,,,,,,,,,,,,,,,,,,,,,,,,,,,,,,,,,,,,,,,,,,,,,,,,,,,,,,,,,,,,,,,,,,,,,,,,,,,,,,,,,,,,,,,,,,,,,,,,,,,,,,,,,,,,,,,,,,,,,,,,,,,,,,,,,,,,,,,,,,,,,,,,,,,,,,,,,,,,,,,,,,,,,,,,,,,,,,,,,,,,,,,,,,,,,,,,,,,,,,,,,,,,,,,,,,,,,,,,,,,,,,,,,,,,,,,,
2001-12-31,0.005639035177974927,0.04965959571759693,-0.0799522938592101,0.0028023580537646087,-0.01866400071794283,0.005217629909539889,0.0178390345245536,0.05491492652211116,0.020062114817377186,0.06661304291327985,0.04783582531947084,0.017667880705174444,0.015553292231948568,0.01640770147413173,0.0532594538897988,0.05475896836102434,0.057611758798041146,0.06834545196789676,0.03787866460277978,0.06738484490503938,0.026585242658992758,0.03245405934679324,0.02907848385444778,0.0255628131071457,0.014421217839705402,0.0417361699647838,0.04113336590131911,0.006095811764563752,0.04264970084425701,-0.07682106326685634,,,,,,,,,,,,,,,,,,,,,,,,,,,,,,,,,,,,,,,,,,,,,,,,,,,,,,,,,,,,,,,,,,,,,,,,,,,,,,,,,,,,,,,,,,,,,,,,,,,,,,,,,,,,,,,,,,,,,,,,,,,,,,,,,,,,,,,,,,,,,,,,,,,,,,,,,,,,,,,,,,,,,,,,,,,,,,,,,,,,,,,,,,,,,,,,,,,,,,,,,,,,,,,,,,,,,,,,,,,,,,,,,,,,,,,,,,,,,,,,,,,,,,,,,,,,,,,,,,,,,,,,,,,,,,,,,,,,,,,,,,,,,,,,,,,,,,,,,,,,,,,,,,,,,
2002-01-31,-0.009798352060798265,-0.0005390970185438215,-0.07392973178789974,-0.0018831769640933471,-0.010279710320967417,-0.010408853165838061,-0.022631000727730055,-0.0015569768250534022,-0.005957262139429598,0.01529744529621202,0.0005930444080408659,-0.028219199052466504,-0.01590596878654227,-0.020533389522648604,-0.02979116999006315,0.017577714258315336,0.0006503066191494433,0.021440362494945298,-0.01184726805340175,-0.0027626548864926326,-0.0428155930485602,-0.05518840192506158,-0.013947490176971056,-0.04163652115943661,-0.008729421365788581,-0.03743393933812056,0.006928984272734251,-0.05783706366051977,-0.014765756661603291,-0.08177930599748806,,,,,,,,,,,,,,,,,,,,,,,,,,,,,,,,,,,,,,,,,,,,,,,,,,,,,,,,,,,,,,,,,,,,,,,,,,,,,,,,,,,,,,,,,,,,,,,,,,,,,,,,,,,,,,,,,,,,,,,,,,,,,,,,,,,,,,,,,,,,,,,,,,,,,,,,,,,,,,,,,,,,,,,,,,,,,,,,,,,,,,,,,,,,,,,,,,,,,,,,,,,,,,,,,,,,,,,,,,,,,,,,,,,,,,,,,,,,,,,,,,,,,,,,,,,,,,,,,,,,,,,,,,,,,,,,,,,,,,,,,,,,,,,,,,,,,,,,,,,,,,,,,,,,,
2002-02-28,-0.0179358862466662,-0.0021554601266290385,0.0462184075818004,0.009434069854908689,-0.12282468816048453,-0.01856086210331176,-0.01577158137811252,-0.03118503391303551,0.005084202377884317,-0.02066286201235701,-0.0040507931369929695,-0.0068882897964106515,-0.017282328185247886,-0.0186778357090277,-0.0662595805507078,0.003455545420780748,-0.03324688074640725,-0.004243219273284193,-0.022558397904032024,0.02305207959378297,-0.005480853107562522,-0.005671038038708942,0.004950741376054779,0.012448293664980126,-0.017517380579613495,-0.050311015262405445,0.01860514382882661,0.012010570759700245,-0.00585715400023501,0.06656281678683684,-0.02652685240060826,,,,,,,,,,,,,,,,,,,,,,,,,,,,,,,,,,,,,,,,,,,,,,,,,,,,,,,,,,,,,,,,,,,,,,,,,,,,,,,,,,,,,,,,,,,,,,,,,,,,,,,,,,,,,,,,,,,,,,,,,,,,,,,,,,,,,,,,,,,,,,,,,,,,,,,,,,,,,,,,,,,,,,,,,,,,,,,,,,,,,,,,,,,,,,,,,,,,,,,,,,,,,,,,,,,,,,,,,,,,,,,,,,,,,,,,,,,,,,,,,,,,,,,,,,,,,,,,,,,,,,,,,,,,,,,,,,,,,,,,,,,,,,,,,,,,,,,,,,,,,,,,,,,,
2002-03-28,0.03327020493929922,0.06942140210234404,0.08969220953616275,0.033644921093630265,0.06749443761403184,0.03366050284003963,0.03585750002209842,0.07529026077306855,0.0472931738079756,0.07780687226078409,0.07261877854101839,0.05154932832465109,0.039635115389179854,0.044063362318711885,0.08690622666982284,0.07196140496659531,0.0738889888087848,0.08719686824097472,0.06801792699846221,0.07129619043801405,0.04888842137167293,0.058174982854512836,0.04633645268880282,0.042279373213398364,0.036720025253140554,0.07340591232715932,0.047204668912536274,0.055824209118591206,0.05991052937899055,0.07969509168710176,0.06341049082318961,,,,,,,,,,,,,,,,,,,,,,,,,,,,,,,,,,,,,,,,,,,,,,,,,,,,,,,,,,,,,,,,,,,,,,,,,,,,,,,,,,,,,,,,,,,,,,,,,,,,,,,,,,,,,,,,,,,,,,,,,,,,,,,,,,,,,,,,,,,,,,,,,,,,,,,,,,,,,,,,,,,,,,,,,,,,,,,,,,,,,,,,,,,,,,,,,,,,,,,,,,,,,,,,,,,,,,,,,,,,,,,,,,,,,,,,,,,,,,,,,,,,,,,,,,,,,,,,,,,,,,,,,,,,,,,,,,,,,,,,,,,,,,,,,,,,,,,,,,,,,,,,,,,,
2002-04-30,-0.05815561137524117,-0.002125502304492488,0.03685485119940468,0.0072330995325191605,-0.12007713156645572,-0.057123131134342975,-0.0547767313661075,0.01198788751965063,-0.037043426151140646,0.03183979826489569,-0.002594250467341408,-0.051492379907965624,-0.0499218569946992,-0.05779284174025978,-0.02141238314895877,0.04002911645275442,0.011137793645073835,0.04032184874905331,-0.026383330467705357,0.0177391859255962,0.0013559198411796647,-0.013115283139720546,-0.028745240623156643,-0.05914582883157948,-0.04457666569586538,-0.05687140442452554,0.0,0.015237289727358272,-0.02077856502678832,0.03867056032735028,-0.009831189069082646,,,,,,,,,,,,,,,,,,,,,,,,,,,,,,,,,,,,,,,,,,,,,,,,,,,,,,,,,,,,,,,,,,,,,,,,,,,,,,,,,,,,,,,,,,,,,,,,,,,,,,,,,,,,,,,,,,,,,,,,,,,,,,,,,,,,,,,,,,,,,,,,,,,,,,,,,,,,,,,,,,,,,,,,,,,,,,,,,,,,,,,,,,,,,,,,,,,,,,,,,,,,,,,,,,,,,,,,,,,,,,,,,,,,,,,,,,,,,,,,,,,,,,,,,,,,,,,,,,,,,,,,,,,,,,,,,,,,,,,,,,,,,,,,,,,,,,,,,,,,,,,,,,,,
2002-05-31,-0.005933821263431449,-0.016127411928662405,0.06161100008299991,0.015260550556074559,-0.05326196592058852,-0.008058602059451303,-0.006982129088846989,-0.0473841440760433,0.0003592983618250223,-0.04264559793292855,-0.01820370883590383,0.0020736022721707936,-0.011731668036852105,-0.008309612618641604,-0.06329089777125463,-0.031615236196090635,-0.0440594065082508,-0.036311230962945085,-0.016957855053464033,-0.016534382152111782,-0.012694472510505261,-0.006917779799581303,0.006669633091964888,0.014673536563253986,-0.014104937519369476,-0.029774161835459112,-0.0010784772546369448,0.005331496455870832,-0.011195361563844264,0.06009081061499666,-0.01774083105190105,,,,,,,,,,,,,,,,,,,,,,,,,,,,,,,,,,,,,,,,,,,,,,,,,,,,,,,,,,,,,,,,,,,,,,,,,,,,,,,,,,,,,,,,,,,,,,,,,,,,,,,,,,,,,,,,,,,,,,,,,,,,,,,,,,,,,,,,,,,,,,,,,,,,,,,,,,,,,,,,,,,,,,,,,,,,,,,,,,,,,,,,,,,,,,,,,,,,,,,,,,,,,,,,,,,,,,,,,,,,,,,,,,,,,,,,,,,,,,,,,,,,,,,,,,,,,,,,,,,,,,,,,,,,,,,,,,,,,,,,,,,,,,,,,,,,,,,,,,,,,,,,,,,,
2002-06-28,-0.07380724146728812,-0.07498961070284593,-0.059151362771658444,-0.061008220380345146,-0.13115825321859242,-0.07185953232626674,-0.08041051009966926,-0.05812693262488566,-0.05790580974104387,-0.0524434092732472,-0.07335146686240246,-0.06321846431479516,-0.07516318123539478,-0.08031829600711715,-0.07857047870257261,-0.030518113445278217,-0.061045443569876845,-0.046161236116860516,-0.09568914900953462,-0.05901252227534581,-0.03137299403922589,-0.03501372887606302,-0.05538346659978133,-0.07543390484752122,-0.0689330270882551,-0.11325920179972249,-0.04981758900819866,-0.03287703919971874,-0.07243727969718294,-0.09205156216278021,-0.06627992937810778,,,,,,,,,,,,,,,,,,,,,,,,,,,,,,,,,,,,,,,,,,,,,,,,,,,,,,,,,,,,,,,,,,,,,,,,,,,,,,,,,,,,,,,,,,,,,,,,,,,,,,,,,,,,,,,,,,,,,,,,,,,,,,,,,,,,,,,,,,,,,,,,,,,,,,,,,,,,,,,,,,,,,,,,,,,,,,,,,,,,,,,,,,,,,,,,,,,,,,,,,,,,,,,,,,,,,,,,,,,,,,,,,,,,,,,,,,,,,,,,,,,,,,,,,,,,,,,,,,,,,,,,,,,,,,,,,,,,,,,,,,,,,,,,,,,,,,,,,,,,,,,,,,,,
2002-07-31,-0.07881986890949666,-0.09547740034557728,-0.06761583814467187,-0.12805959515536214,-0.08620672908057292,-0.07766135088120485,-0.06768957539971443,-0.1334808154728856,-0.08754762326599852,-0.13973794711990706,-0.0956526580542304,-0.10887114787751895,-0.0805515016028564,-0.0742115833482464,-0.14779897707761103,-0.14275205705083782,-0.11724156829259502,-0.1577718699810875,-0.08862893185071052,-0.10114387787956669,-0.08584114689702493,-0.12044075397615917,-0.10299258672637324,-0.08498665942961914,-0.08340539539294423,-0.09527980797867108,-0.0959686491268319,-0.09531863426627274,-0.1001095198544768,-0.03854539292545622,-0.1061223496793765,,,,,,,,,,,,,,,,,,,,,,,,,,,,,,,,,,,,,,,,,,,,,,,,,,,,,,,,,,,,,,,,,,,,,,,,,,,,,,,,,,,,,,,,,,,,,,,,,,,,,,,,,,,,,,,,,,,,,,,,,,,,,,,,,,,,,,,,,,,,,,,,,,,,,,,,,,,,,,,,,,,,,,,,,,,,,,,,,,,,,,,,,,,,,,,,,,,,,,,,,,,,,,,,,,,,,,,,,,,,,,,,,,,,,,,,,,,,,,,,,,,,,,,,,,,,,,,,,,,,,,,,,,,,,,,,,,,,,,,,,,,,,,,,,,,,,,,,,,,,,,,,,,,,
2002-08-30,0.006801406667086285,0.0014813259829298264,-0.006361062786160665,0.04751563391020763,-0.015094520126580413,0.004708613183621813,0.0028795630613349665,-0.00636538205499626,0.0035686841806417124,0.00588815363209938,0.0065616822562686306,0.009954970162461052,0.009273702600605782,0.01034396472321153,-0.002705846130520384,0.0008584855214119891,0.018906493000359514,-0.004224421671824241,0.005828104681290247,0.009007013610961456,-0.030783628640838168,-0.006695848855543862,0.007032652077899826,0.02627220280909781,0.0076422525483270665,0.011787857912527677,0.018931322782121285,-0.00978975598381393,0.01197690433013121,-0.02173880352157409,0.010125193467454219,0.05513217905937973,0.025206065397540778,0.004305892634141939,,,,,,,,,,,,,,,,,,,,,,,,,,,,,,,,,,,,,,,,,,,,,,,,,,,,,,,,,,,,,,,,,,,,,,,,,,,,,,,,,,,,,,,,,,,,,,,,,,,,,,,,,,,,,,,,,,,,,,,,,,,,,,,,,,,,,,,,,,,,,,,,,,,,,,,,,,,,,,,,,,,,,,,,,,,,,,,,,,,,,,,,,,,,,,,,,,,,,,,,,,,,,,,,,,,,,,,,,,,,,,,,,,,,,,,,,,,,,,,,,,,,,,,,,,,,,,,,,,,,,,,,,,,,,,,,,,,,,,,,,,,,,,,,,,,,,,,,,,,,,,,,,
2002-09-30,-0.10485198872520762,-0.08257041639932294,-0.061460105022337785,-0.11340203663215953,-0.11792325604589549,-0.1036165473520535,-0.10227081558178885,-0.08022186466856707,-0.10980101696602373,-0.05831449496940999,-0.08251611747356158,-0.11252082522921192,-0.10860842481139543,-0.11290306047374432,-0.07727717055007899,-0.07917740866241707,-0.05080547640440314,-0.07908963960378845,-0.06004517136613896,-0.09699396683459771,-0.11905726282516704,-0.1615564262901762,-0.10497828178571755,-0.10356778151593116,-0.1010821953455927,-0.09005227682515093,-0.09882285084167697,-0.10357842844923737,-0.08582152612391591,-0.05339116671503996,-0.07055839253598384,0.04259113773292267,0.0385487267973319,0.007402274640951223,,,,,,,,,,,,,,,,,,,,,,,,,,,,,,,,,,,,,,,,,,,,,,,,,,,,,,,,,,,,,,,,,,,,,,,,,,,,,,,,,,,,,,,,,,,,,,,,,,,,,,,,,,,,,,,,,,,,,,,,,,,,,,,,,,,,,,,,,,,,,,,,,,,,,,,,,,,,,,,,,,,,,,,,,,,,,,,,,,,,,,,,,,,,,,,,,,,,,,,,,,,,,,,,,,,,,,,,,,,,,,,,,,,,,,,,,,,,,,,,,,,,,,,,,,,,,,,,,,,,,,,,,,,,,,,,,,,,,,,,,,,,,,,,,,,,,,,,,,,,,,,,,
2002-10-31,0.08228317288052867,0.04525252770945687,-0.05729864052663691,0.05813984173188724,0.18484616190506475,0.0831603269832677,0.07724094788132296,0.041229651536206946,0.07726828386479179,0.029095877093233247,0.0433396088208029,0.08041594540363906,0.08232198829613391,0.08315769972971898,0.057563546086426776,0.020206264437050647,0.04681703786623115,0.0258300524599282,0.04443967962738182,0.03336412841470948,0.08503389173398812,0.10632758402626186,0.06532778085574842,0.07801234467602369,0.07491842730511822,0.07495353293597473,0.022393250378572205,0.038340623990279266,0.04555500364849552,-0.05868892857725838,0.037217350894436674,-0.03694283948056687,-0.012508514360512146,0.0024392948957756566,,,,,,,,,,,,,,,,,,,,,,,,,,,,,,,,,,,,,,,,,,,,,,,,,,,,,,,,,,,,,,,,,,,,,,,,,,,,,,,,,,,,,,,,,,,,,,,,,,,,,,,,,,,,,,,,,,,,,,,,,,,,,,,,,,,,,,,,,,,,,,,,,,,,,,,,,,,,,,,,,,,,,,,,,,,,,,,,,,,,,,,,,,,,,,,,,,,,,,,,,,,,,,,,,,,,,,,,,,,,,,,,,,,,,,,,,,,,,,,,,,,,,,,,,,,,,,,,,,,,,,,,,,,,,,,,,,,,,,,,,,,,,,,,,,,,,,,,,,,,,,,,,
2002-11-29,0.06168150170504161,0.06171904277163476,0.03617954182027883,0.058241351100111194,0.1291244836010903,0.057271483427345116,0.06276620288754042,0.08469766151118674,0.06382988998850814,0.05383421462015647,0.05895515692618325,0.0638653079238034,0.06015524651800064,0.061953461276841315,0.08607589055098952,0.076838114830591,0.056483558109450493,0.05500020296295283,0.05055385059118955,0.06610555823979136,0.052246508936603986,0.08415389630168857,0.07142882384418892,0.056639416123568376,0.06000034545516719,0.08554646875232796,0.06660702688455422,0.056145603636808206,0.07030039138559552,0.04777333812328566,0.06727813666724347,-0.009161362150688412,-0.02089331709970521,-0.0038648640560566827,0.07018280001607602,,,,,,,,,,,,,,,,,,,,,,,,,,,,,,,,,,,,,,,,,,,,,,,,,,,,,,,,,,,,,,,,,,,,,,,,,,,,,,,,,,,,,,,,,,,,,,,,,,,,,,,,,,,,,,,,,,,,,,,,,,,,,,,,,,,,,,,,,,,,,,,,,,,,,,,,,,,,,,,,,,,,,,,,,,,,,,,,,,,,,,,,,,,,,,,,,,,,,,,,,,,,,,,,,,,,,,,,,,,,,,,,,,,,,,,,,,,,,,,,,,,,,,,,,,,,,,,,,,,,,,,,,,,,,,,,,,,,,,,,,,,,,,,,,,,,,,,,,,,,,,,,
2002-12-31,-0.056569872987802694,-0.04319368786397204,-0.02932958221801618,-0.016634448914710998,-0.1208513994256849,-0.053419480409782616,-0.05996924464425524,-0.05733668396588942,-0.048277522339179924,-0.03331419796484336,-0.04140933287145243,-0.04499238621264834,-0.054404955527180165,-0.05717805521608854,-0.06954110635613497,-0.04460112106163838,-0.046072449866564114,-0.027326434493887497,-0.04447230553947257,-0.03878150778055456,-0.03571039866326564,-0.04964898122593342,-0.050313241537311315,-0.04164309417143208,-0.05069090678360255,-0.06922973603299776,-0.029860517160943623,-0.03348382447937148,-0.04011975763981368,-0.04142210019278669,-0.042172675578504015,0.04525350266051875,0.035478486565447165,0.0105301689870545,-0.050038278963245864,,,,,,,,,,,,,,,,,,,,,,,,,,,,,,,,,,,,,,,,,,,,,,,,,,,,,,,,,,,,,,,,,,,,,,,,,,,,,,,,,,,,,,,,,,,,,,,,,,,,,,,,,,,,,,,,,,,,,,,,,,,,,,,,,,,,,,,,,,,,,,,,,,,,,,,,,,,,,,,,,,,,,,,,,,,,,,,,,,,,,,,,,,,,,,,,,,,,,,,,,,,,,,,,,,,,,,,,,,,,,,,,,,,,,,,,,,,,,,,,,,,,,,,,,,,,,,,,,,,,,,,,,,,,,,,,,,,,,,,,,,,,,,,,,,,,,,,,,,,,,,,,
2003-01-31,-0.024595207825570564,-0.026191506343641535,-0.025899409598099776,0.042372876709990015,0.0028723987143914886,-0.02467457525625316,-0.024615146999544812,-0.02071043621357993,-0.024859184304477533,-0.030580093239226835,-0.03251260028020009,-0.029746545015531423,-0.024714590622033072,-0.025110069352215825,-0.019071649977432714,-0.025022943032743994,-0.029045473364291974,-0.04054963509843923,-0.022963800275075608,-0.036255396669475526,-0.03770029355679194,-0.03999976780432868,-0.028958335900158505,-0.0321684441513691,-0.027713758708607705,-0.005803111726583432,-0.02290240312798497,-0.043026116722107544,-0.02323664001816006,-0.044501701728570375,-0.025599533777094785,-0.005757967743365566,-0.007661251100910649,-0.0007293846683650296,-0.029528513804573775,,,,,,,,,,,,,,,,,,,,,,,,,,,,,,,,,,,,,,,,,,,,,,,,,,,,,,,,,,,,,,,,,,,,,,,,,,,,,,,,,,,,,,,,,,,,,,,,,,,,,,,,,,,,,,,,,,,,,,,,,,,,,,,,,,,,,,,,,,,,,,,,,,,,,,,,,,,,,,,,,,,,,,,,,,,,,,,,,,,,,,,,,,,,,,,,,,,,,,,,,,,,,,,,,,,,,,,,,,,,,,,,,,,,,,,,,,,,,,,,,,,,,,,,,,,,,,,,,,,,,,,,,,,,,,,,,,,,,,,,,,,,,,,,,,,,,,,,,,,,,,,,
2003-02-28,-0.013478474516603112,-0.025852332872292605,0.010339892733567169,0.016260055704111487,0.02946017055551864,-0.013925774912145306,-0.010752917272974116,-0.03003718482866835,-0.021690265473803816,-0.03493148221473885,-0.02256350339543234,-0.023951998764580096,-0.01570603238328372,-0.017253951177665705,-0.0245583394692227,-0.030447617422002082,-0.028173620660401966,-0.04054484426886518,-0.025853365615024715,-0.023089033498099765,-0.05208980612875047,-0.03544049702300689,-0.02232303892532228,-0.031806157011360914,-0.015434591025924593,-0.01498044676642607,-0.018214793329785484,-0.02110812041004384,-0.013052640193130016,0.019912089865018245,-0.02668592729468544,0.03097307693764839,0.022038632977102512,0.003919832669390333,-0.05057611825946984,,,,,,,,,,,,,,,,,,,,,,,,,,,,,,,,,,,,,,,,,,,,,,,,,,,,,,,,,,,,,,,,,,,,,,,,,,,,,,,,,,,,,,,,,,,,,,,,,,,,,,,,,,,,,,,,,,,,,,,,,,,,,,,,,,,,,,,,,,,,,,,,,,,,,,,,,,,,,,,,,,,,,,,,,,,,,,,,,,,,,,,,,,,,,,,,,,,,,,,,,,,,,,,,,,,,,,,,,,,,,,,,,,,,,,,,,,,,,,,,,,,,,,,,,,,,,,,,,,,,,,,,,,,,,,,,,,,,,,,,,,,,,,,,,,,,,,,,,,,,,,,,
2003-03-31,0.0021393825785605003,0.0034621366743925464,-0.05555528015732858,-0.023999585983317306,0.003576699631812952,0.002139788999621972,0.004026455779653881,0.002137623428104529,-0.0027152384699380416,0.005046758581603417,0.010072784050900951,-0.007472764427112422,0.010139473565145884,0.02000628963443707,0.00393357698630159,0.009032802635565496,0.017730659291956608,-0.0015489988343388994,0.023487474906839445,0.004202958216118491,-0.008773896411966131,-0.041459780617724706,0.010717390206130828,0.010098759605824847,0.007516758718368655,0.030021454995948993,0.007033171770375102,-0.023180435048957948,0.014572782860585942,-0.027134135789035452,0.02035843722405062,-0.0136462551382166,-0.003799260374641955,0.0017862449069356856,-0.04110962940555196,,,,,,,,,,,,,,,,,,,,,,,,,,,,,,,,,,,,,,,,,,,,,,,,,,,,,,,,,,,,,,,,,,,,,,,,,,,,,,,,,,,,,,,,,,,,,,,,,,,,,,,,,,,,,,,,,,,,,,,,,,,,,,,,,,,,,,,,,,,,,,,,,,,,,,,,,,,,,,,,,,,,,,,,,,,,,,,,,,,,,,,,,,,,,,,,,,,,,,,,,,,,,,,,,,,,,,,,,,,,,,,,,,,,,,,,,,,,,,,,,,,,,,,,,,,,,,,,,,,,,,,,,,,,,,,,,,,,,,,,,,,,,,,,,,,,,,,,,,,,,,,,
2003-04-30,0.08461230241137296,0.07448076951285443,-0.007740248293862773,0.07581965133107782,0.0871288479610679,0.08489518419718323,0.0800439491421705,0.10277811045509466,0.08778794008535451,0.0857023758139488,0.06885142541411393,0.10233475280731974,0.0801263422975691,0.07083874007468594,0.10274523753183562,0.09283011193054569,0.07575317516704683,0.08812945667719174,0.05348328213521558,0.07340088862521865,0.14116025599515858,0.1763792853443038,0.08331869052913765,0.0895518965198343,0.08614663330921601,0.0636874808927066,0.07657299743893531,0.1016553242062852,0.06871874796617505,-0.06037415516763445,0.07959969830629765,0.010482946726749098,0.0013791232808724185,0.001602655529391095,0.17729568027690834,,,,,,,,,,,,,,,,,,,,,,,,,,,,,,,,,,,,,,,,,,,,,,,,,,,,,,,,,,,,,,,,,,,,,,,,,,,,,,,,,,,,,,,,,,,,,,,,,,,,,,,,,,,,,,,,,,,,,,,,,,,,,,,,,,,,,,,,,,,,,,,,,,,,,,,,,,,,,,,,,,,,,,,,,,,,,,,,,,,,,,,,,,,,,,,,,,,,,,,,,,,,,,,,,,,,,,,,,,,,,,,,,,,,,,,,,,,,,,,,,,,,,,,,,,,,,,,,,,,,,,,,,,,,,,,,,,,,,,,,,,,,,,,,,,,,,,,,,,,,,,,,
2003-05-30,0.05483561517623303,0.08627332930074938,0.05928207866917701,0.09523816229616378,0.08524628934087009,0.05412556093025622,0.05994712062184093,0.10869002886016355,0.06693526495899826,0.07662054360088844,0.08311502539749349,0.07570946316669303,0.061851570171808756,0.06077620478777779,0.11877694108244974,0.10160580897232285,0.0663984511156015,0.09421533045675612,0.06911197166403737,0.10115027910634589,0.0685849246818695,0.07507689389869032,0.06136475329700719,0.05614544791840226,0.058325415742093156,0.08854796306224189,0.08436623040490021,0.06452290670442018,0.09132114801519498,0.08579171635182536,0.09438359442593369,0.06319574466677103,0.03790823682418387,0.003642105966100928,0.07299209096738846,0.09122825782104993,,,,,,,,,,,,,,,,,,,,,,,,,,,,,,,,,,,,,,,,,,,,,,,,,,,,,,,,,,,,,,,,,,,,,,,,,,,,,,,,,,,,,,,,,,,,,,,,,,,,,,,,,,,,,,,,,,,,,,,,,,,,,,,,,,,,,,,,,,,,,,,,,,,,,,,,,,,,,,,,,,,,,,,,,,,,,,,,,,,,,,,,,,,,,,,,,,,,,,,,,,,,,,,,,,,,,,,,,,,,,,,,,,,,,,,,,,,,,,,,,,,,,,,,,,,,,,,,,,,,,,,,,,,,,,,,,,,,,,,,,,,,,,,,,,,,,,,,,,,,,,,
2003-06-30,0.010651742560981559,0.009021088588472947,0.07069223294086391,0.026086703281839263,0.005370901045488763,0.011873392064087884,0.01246463390065089,0.011543161067298024,0.008891907784279729,0.027394876587200967,0.012875582417593012,0.0032663843686164817,0.010407022600688043,0.016766658628667885,0.0024448127036689193,0.01058963971716298,0.02022924251865499,0.02858181663426418,0.021038538433699072,0.0009530957852037503,0.00821387475637847,0.0034815889780610565,0.016955997061689043,0.028921155405363663,0.016161131282981467,0.021596458159296006,0.011421665022880223,0.019387896398928683,0.013134365609294596,0.07084546133324499,0.02292775229451638,-0.018066545879802165,-0.0069155283178765625,0.0016582850032298424,0.01645467483072327,0.041974633698047326,,,,,,,,,,,,,,,,,,,,,,,,,,,,,,,,,,,,,,,,,,,,,,,,,,,,,,,,,,,,,,,,,,,,,,,,,,,,,,,,,,,,,,,,,,,,,,,,,,,,,,,,,,,,,,,,,,,,,,,,,,,,,,,,,,,,,,,,,,,,,,,,,,,,,,,,,,,,,,,,,,,,,,,,,,,,,,,,,,,,,,,,,,,,,,,,,,,,,,,,,,,,,,,,,,,,,,,,,,,,,,,,,,,,,,,,,,,,,,,,,,,,,,,,,,,,,,,,,,,,,,,,,,,,,,,,,,,,,,,,,,,,,,,,,,,,,,,,,,,,,,,
2003-07-31,0.01802766259763855,0.035681389272808284,0.045392243338176375,-0.011864131633718356,0.06176948972744345,0.017181790039733302,0.02034881365116492,0.06501706562149856,0.01700596083841699,0.04979435839919022,0.03645841839160835,0.023899183304232574,0.02418065453068219,0.017177728481384325,0.08846594616714909,0.05209884067770898,0.05630121571890134,0.04907982375508335,0.043618590834181736,0.030951385660408226,0.010610007793282916,0.01836694819499818,0.016004018692580724,-0.0068659394376283656,0.02325595858144558,0.030986408968233903,0.033553124376329846,0.01514201237356616,0.028984977904568998,0.04872360306484769,0.04448291993220188,-0.09980861309010403,-0.050201161475607714,-0.00505967475473168,0.00715579953736456,0.056713895048791985,,,,,,,,,,,,,,,,,,,,,,,,,,,,,,,,,,,,,,,,,,,,,,,,,,,,,,,,,,,,,,,,,,,,,,,,,,,,,,,,,,,,,,,,,,,,,,,,,,,,,,,,,,,,,,,,,,,,,,,,,,,,,,,,,,,,,,,,,,,,,,,,,,,,,,,,,,,,,,,,,,,,,,,,,,,,,,,,,,,,,,,,,,,,,,,,,,,,,,,,,,,,,,,,,,,,,,,,,,,,,,,,,,,,,,,,,,,,,,,,,,,,,,,,,,,,,,,,,,,,,,,,,,,,,,,,,,,,,,,,,,,,,,,,,,,,,,,,,,,,,,,
2003-08-29,0.020625699340501846,0.04457982973463537,0.0921053277315349,0.056603070136087785,0.04999986831537706,0.018801047854731134,0.01825062613333217,0.04784504562904046,0.014582561201538224,0.04995221904560965,0.04522590143189564,0.018836876615447418,0.020210966953448706,0.02351468852966687,0.052498734579650375,0.039541348020763145,0.04966930100495737,0.049590843872701296,0.037765496770700624,0.04945387318699623,-0.005998984908335947,0.006413159639044874,0.017401889952403105,0.004219381426314728,0.023890188832906833,0.05507479900198797,0.02871753497119478,0.032923841167728174,0.0420796350735686,0.08787274514396848,0.04242319698583241,0.013055482708222765,0.007101178820301923,-0.000463136030208533,0.007814712741504692,0.07987334580797212,,,,,,,,,,,,,,,,,,,,,,,,,,,,,,,,,,,,,,,,,,,,,,,,,,,,,,,,,,,,,,,,,,,,,,,,,,,,,,,,,,,,,,,,,,,,,,,,,,,,,,,,,,,,,,,,,,,,,,,,,,,,,,,,,,,,,,,,,,,,,,,,,,,,,,,,,,,,,,,,,,,,,,,,,,,,,,,,,,,,,,,,,,,,,,,,,,,,,,,,,,,,,,,,,,,,,,,,,,,,,,,,,,,,,,,,,,,,,,,,,,,,,,,,,,,,,,,,,,,,,,,,,,,,,,,,,,,,,,,,,,,,,,,,,,,,,,,,,,,,,,,
2003-09-30,-0.010906265374028168,-0.014295827896181335,0.05542148888625631,0.007305422568089748,-0.029050750005880865,-0.010048187505803385,-0.007901320818437751,-0.019475872824350593,-0.009600021603145437,-0.027084301153215917,-0.016345358136052646,-0.017569583410075418,-0.008712214670763885,-0.011504629686505341,-0.027800231219386684,-0.011555216228151033,-0.026003586238450116,-0.0351012081362021,-0.02037951709203789,-0.008711752166269182,0.02357565177226295,0.006371718462633291,-0.009000443616056897,-0.0037272835673405336,-0.010531981716152106,-0.017577300066980106,-0.00920818393940781,0.030201915850381678,-0.008576570027871377,0.0533492152181414,-0.007442313377036602,0.05934345540671404,0.04975364432106577,0.009556097295481791,-0.008719635836724637,-0.0065046193280032805,,,,,,,,,,,,,,,,,,,,,,,,,,,,,,,,,,,,,,,,,,,,,,,,,,,,,,,,,,,,,,,,,,,,,,,,,,,,,,,,,,,,,,,,,,,,,,,,,,,,,,,,,,,,,,,,,,,,,,,,,,,,,,,,,,,,,,,,,,,,,,,,,,,,,,,,,,,,,,,,,,,,,,,,,,,,,,,,,,,,,,,,,,,,,,,,,,,,,,,,,,,,,,,,,,,,,,,,,,,,,,,,,,,,,,,,,,,,,,,,,,,,,,,,,,,,,,,,,,,,,,,,,,,,,,,,,,,,,,,,,,,,,,,,,,,,,,,,,,,,,,,
2003-10-31,0.05352668747209832,0.07659380153932949,0.05479454387798799,0.06527017661001278,0.08513226526517248,0.054053281553470445,0.05720732067903023,0.08706899634557952,0.06321679901258204,0.08638612226538478,0.0787780700344527,0.0700787176667732,0.058207696922451646,0.05999554007786867,0.08670940030080643,0.08328546730961062,0.08494105087610393,0.09085644070638854,0.07040708709086285,0.08254355435562588,0.07057313367734186,0.06747132715377258,0.06161170208365041,0.04539291886084995,0.06052388839110234,0.07685312032365732,0.07305336705698795,0.06495691669942527,0.07258562289877024,0.043912250999954106,0.07131427516765765,-0.030311693755664004,-0.014663504533965033,-0.004079077717328072,0.07326628290632509,0.09181177928242934,-0.009347657817707855,,,,,,,,,,,,,,,,,,,,,,,,,,,,,,,,,,,,,,,,,,,,,,,,,,,,,,,,,,,,,,,,,,,,,,,,,,,,,,,,,,,,,,,,,,,,,,,,,,,,,,,,,,,,,,,,,,,,,,,,,,,,,,,,,,,,,,,,,,,,,,,,,,,,,,,,,,,,,,,,,,,,,,,,,,,,,,,,,,,,,,,,,,,,,,,,,,,,,,,,,,,,,,,,,,,,,,,,,,,,,,,,,,,,,,,,,,,,,,,,,,,,,,,,,,,,,,,,,,,,,,,,,,,,,,,,,,,,,,,,,,,,,,,,,,,,,,,,,,,,,,
2003-11-28,0.010921047799594907,0.036318497949787254,-0.03030320155068178,0.041603430601949265,0.005685520774245889,0.012155618390217837,0.012908726510162616,0.03744044100239852,0.010794460125244099,0.038660470835737426,0.03287863223170828,0.009794463175165857,0.016267451769863106,0.011600080621252618,0.03762008914845305,0.04197201810085338,0.034288284383816814,0.04297014540439137,0.030171810082597617,0.04133488457340295,0.04044780558163108,0.057460643715297355,0.016059140522037163,0.0050073228317728535,0.015007710606584013,0.030042091514441704,0.03048728821729263,0.025281070162063157,0.02848625409323935,-0.026678142020100992,0.03708126716369908,0.003394227001122685,0.00022527696608531933,-0.0005959570879054965,0.054944855074258836,0.018799214390791352,0.003344179348631293,,,,,,,,,,,,,,,,,,,,,,,,,,,,,,,,,,,,,,,,,,,,,,,,,,,,,,,,,,,,,,,,,,,,,,,,,,,,,,,,,,,,,,,,,,,,,,,,,,,,,,,,,,,,,,,,,,,,,,,,,,,,,,,,,,,,,,,,,,,,,,,,,,,,,,,,,,,,,,,,,,,,,,,,,,,,,,,,,,,,,,,,,,,,,,,,,,,,,,,,,,,,,,,,,,,,,,,,,,,,,,,,,,,,,,,,,,,,,,,,,,,,,,,,,,,,,,,,,,,,,,,,,,,,,,,,,,,,,,,,,,,,,,,,,,,,,,,,,,,,,,
2003-12-31,0.050312983105198716,0.014297617687650366,0.07612804297717446,0.0524926849649654,0.030928900916809,0.0523277372721731,0.049479898121684185,0.01804415003371007,0.06854546072412981,0.013581401685936578,0.01661181406557466,0.06196983394807476,0.047568437512832906,0.0501002335821632,0.001466028680956466,0.03413783934136294,0.00581235517793921,0.027068834379263773,-0.004820586250896652,0.038411986386077235,0.07513044342151987,0.09004420664553359,0.06251694153755527,0.0703832854606814,0.03998739157388864,0.010474727290210373,0.04754122401754146,0.08737531060619608,0.03363092918307742,0.07008841218007023,0.023945935481912706,0.013433293214634823,0.02040193507937449,0.010866210654782327,0.10972351400542224,0.08984504032317653,0.00979202379315125,0.05513684865352886,,,,,,,,,,,,,,,,,,,,,,,,,,,,,,,,,,,,,,,,,,,,,,,,,,,,,,,,,,,,,,,,,,,,,,,,,,,,,,,,,,,,,,,,,,,,,,,,,,,,,,,,,,,,,,,,,,,,,,,,,,,,,,,,,,,,,,,,,,,,,,,,,,,,,,,,,,,,,,,,,,,,,,,,,,,,,,,,,,,,,,,,,,,,,,,,,,,,,,,,,,,,,,,,,,,,,,,,,,,,,,,,,,,,,,,,,,,,,,,,,,,,,,,,,,,,,,,,,,,,,,,,,,,,,,,,,,,,,,,,,,,,,,,,,,,,,,,,,,,,,
2004-01-30,0.019770477968111377,0.021821495600029328,0.002074558932046333,0.004210471114876491,0.016730765220810406,0.021489079741749073,0.020473454061078034,0.043321061027314034,0.017131894831264427,0.029626746123984082,0.020684652728037545,0.02168754097995018,0.019536967354906176,0.022196494265765532,0.04792475089898418,0.03428887003375758,0.0313340506622799,0.021680841486765523,0.018449544323112965,0.021650460732679067,0.01714743146569475,0.020408262707046765,0.019799201960372326,0.020620985308115847,0.02611286211210162,0.03134315781022168,0.025723772558650992,0.01125913307757842,0.029201714191702255,0.012196752289278967,0.028995919106254986,0.018608163586964377,0.010153176427851962,0.001212469828835161,0.014232763756235167,0.024217925769627335,0.004404505547449311,0.016531148322359357,0.01219182147703246,,,,,,,,,,,,,,,,,,,,,,,,,,,,,,,,,,,,,,,,,,,,,,,,,,,,,,,,,,,,,,,,,,,,,,,,,,,,,,,,,,,,,,,,,,,,,,,,,,,,,,,,,,,,,,,,,,,,,,,,,,,,,,,,,,,,,,,,,,,,,,,,,,,,,,,,,,,,,,,,,,,,,,,,,,,,,,,,,,,,,,,,,,,,,,,,,,,,,,,,,,,,,,,,,,,,,,,,,,,,,,,,,,,,,,,,,,,,,,,,,,,,,,,,,,,,,,,,,,,,,,,,,,,,,,,,,,,,,,,,,,,,,,,,,,,,,,,,,,,,
2004-02-27,0.013570642983630421,0.02414128879525812,0.005175905767717648,0.026555085781107657,-0.013488167205151225,0.012586684842042173,0.013156130901334606,0.009515267102660152,0.02139120233398284,0.01826487578812852,0.025715344217564606,0.019105414671221066,0.015578481116451881,0.013177506336140565,0.0024155046595322194,0.02230250066277617,0.015847095798320776,0.025016832411906886,0.020762960959295196,0.025359164920449873,0.03310321275442352,0.01680037583034344,0.020579562089984904,0.017827313271465473,0.01400631260129459,0.018550338211536843,0.023824882211722853,0.022990056353556554,0.0208455172911044,0.0005907400186506706,0.022405508837695765,0.022819323211093145,0.01611925647000989,0.004838926279655986,0.01964587549277752,0.03954714074667853,0.011415564295701675,0.033802142792692,0.021466663090405014,0.02599011870327561,0.026747719324733188,0.014762129926988443,,,,,,,,,,,,,,,,,,,,,,,,,,,,,,,,,,,,,,,,,,,,,,,,,,,,,,,,,,,,,,,,,,,,,,,,,,,,,,,,,,,,,,,,,,,,,,,,,,,,,,,,,,,,,,,,,,,,,,,,,,,,,,,,,,,,,,,,,,,,,,,,,,,,,,,,,,,,,,,,,,,,,,,,,,,,,,,,,,,,,,,,,,,,,,,,,,,,,,,,,,,,,,,,,,,,,,,,,,,,,,,,,,,,,,,,,,,,,,,,,,,,,,,,,,,,,,,,,,,,,,,,,,,,,,,,,,,,,,,,,,,,,,,,,,,,,,,,,
2004-03-31,-0.013246283759143829,0.004077883558253781,0.11946434801989447,-0.006807294539348696,-0.01996177286682832,-0.01228757150855464,-0.014703506309359793,0.00956129756015911,-0.007274295246625928,0.01517510991854687,0.006143672274927736,-0.005251170846792719,-0.012321280474586582,-0.012251996114292396,0.004729905154904568,0.012184509083834616,0.00860269861185814,0.01828529370635712,0.006045785343932186,0.0024524425001657413,-0.03545500818492031,-0.04232902560318008,-0.007618082816870375,-0.021172239728801667,-0.010236517645449528,-0.002247040200884398,0.0009911695718205493,0.0007063428364268987,-0.0004048580216766684,0.11747305532374419,0.0028231688967905733,0.014110200332471567,0.012970298154536763,0.0028171894266892927,-0.053193359084735325,0.005500257862715685,0.00683757497132409,-0.014430405301817162,0.01664109414006365,-0.016935056435062767,-0.0025652892300341845,-0.016701172059821134,,,,,,,,,,,,,,,,,,,,,,,,,,,,,,,,,,,,,,,,,,,,,,,,,,,,,,,,,,,,,,,,,,,,,,,,,,,,,,,,,,,,,,,,,,,,,,,,,,,,,,,,,,,,,,,,,,,,,,,,,,,,,,,,,,,,,,,,,,,,,,,,,,,,,,,,,,,,,,,,,,,,,,,,,,,,,,,,,,,,,,,,,,,,,,,,,,,,,,,,,,,,,,,,,,,,,,,,,,,,,,,,,,,,,,,,,,,,,,,,,,,,,,,,,,,,,,,,,,,,,,,,,,,,,,,,,,,,,,,,,,,,,,,,,,,,,,,,,
2004-04-30,-0.01892110289660065,-0.03619928632193081,-0.06715727899211466,-0.08430443932411524,-0.029855275786878188,-0.018722950657931503,-0.018016312457960426,-0.05518704926149132,-0.028041974517779567,-0.03890480876535751,-0.03588228608668276,-0.026103848386727968,-0.021349687903483017,-0.022325562660324816,-0.05200026755416898,-0.05463065046778015,-0.03212670995519151,-0.03934888142207571,-0.026774241598732873,-0.0395330124944967,-0.018763109654384214,-0.026618723179780424,-0.023989671227734766,-0.011037194743797718,-0.022236149121288906,-0.028497202098192842,-0.04513369514402776,-0.03389808509679881,-0.03557165978365817,-0.0686736277470189,-0.043035425310332553,-0.06235330371703307,-0.04346256568748552,-0.010622647162820908,-0.027640509248990863,-0.0980059829990001,-0.028063642027425395,-0.0278525799903232,-0.04821895772924334,-0.017004339938818114,-0.042540489233793166,-0.015040901886658742,,,,,,,,,,,,,,,,,,,,,,,,,,,,,,,,,,,,,,,,,,,,,,,,,,,,,,,,,,,,,,,,,,,,,,,,,,,,,,,,,,,,,,,,,,,,,,,,,,,,,,,,,,,,,,,,,,,,,,,,,,,,,,,,,,,,,,,,,,,,,,,,,,,,,,,,,,,,,,,,,,,,,,,,,,,,,,,,,,,,,,,,,,,,,,,,,,,,,,,,,,,,,,,,,,,,,,,,,,,,,,,,,,,,,,,,,,,,,,,,,,,,,,,,,,,,,,,,,,,,,,,,,,,,,,,,,,,,,,,,,,,,,,,,,,,,,,,,,
2004-05-28,0.017123646333048193,0.025352108442618704,-0.01479267963014752,0.01721568615501945,0.05119343541218102,0.01674020217063621,0.013970887872265303,0.02151011597829333,0.009789072519712727,0.021627970208913272,0.02246809754942025,0.01385197869778576,0.01496776006166245,0.01674543036045062,0.022109918115546412,0.01705843119464956,0.019849572578280128,0.01576179087060048,0.020799021064634937,0.023147204532314003,0.019749447360220218,0.022957382408466565,0.008280598300875797,0.00040428611808240866,0.0145061785555618,0.022666264800654146,0.028510962713902854,0.0114036099827719,0.01991743515729305,-0.017697493535620112,0.018492557756079275,-0.002580757956953228,-0.005309884555624311,-4.7723448001191215e-05,0.021244365119108988,0.011686884291798982,-0.0037807987364006923,0.01972102276917509,0.020195176017768546,0.007413838525146099,0.02583151415502294,0.01217494055089996,,,,,,,,,,,,,,,,,,,,,,,,,,,,,,,,,,,,,,,,,,,,,,,,,,,,,,,,,,,,,,,,,,,,,,,,,,,,,,,,,,,,,,,,,,,,,,,,,,,,,,,,,,,,,,,,,,,,,,,,,,,,,,,,,,,,,,,,,,,,,,,,,,,,,,,,,,,,,,,,,,,,,,,,,,,,,,,,,,,,,,,,,,,,,,,,,,,,,,,,,,,,,,,,,,,,,,,,,,,,,,,,,,,,,,,,,,,,,,,,,,,,,,,,,,,,,,,,,,,,,,,,,,,,,,,,,,,,,,,,,,,,,,,,,,,,,,,,,
2004-06-30,0.01850164389644049,0.019913248199923128,0.06306268215114108,0.05739544884099623,0.03255852882354748,0.01777164735021275,0.019243631250009274,0.0423106335769039,0.026222456451744147,0.054978505586791515,0.022237368229734544,0.02041207278766155,0.019224073391389318,0.020618448001268552,0.0326596121518945,0.050359877755640214,0.05666479862801399,0.053546878527018116,0.013619175423672303,0.03049323753642441,0.022440513032421006,0.03465354139122834,0.02462616847537924,0.02423088251158867,0.02030524594852423,0.01755445843047121,0.036637246963714176,0.03353568369802429,0.029397984022986545,0.05728165575548805,0.024484477733752286,0.010533878521081785,0.006531994144220565,-0.00019628550318528948,0.03501304755099843,0.009241453191233928,0.007283717182413829,0.02440495610968685,-0.0014106987881100652,0.024603509635064302,0.019943377611673974,0.02085732788537209,,,,,,,,,,,,,,,,,,,,,,,,,,,,,,,,,,,,,,,,,,,,,,,,,,,,,,,,,,,,,,,,,,,,,,,,,,,,,,,,,,,,,,,,,,,,,,,,,,,,,,,,,,,,,,,,,,,,,,,,,,,,,,,,,,,,,,,,,,,,,,,,,,,,,,,,,,,,,,,,,,,,,,,,,,,,,,,,,,,,,,,,,,,,,,,,,,,,,,,,,,,,,,,,,,,,,,,,,,,,,,,,,,,,,,,,,,,,,,,,,,,,,,,,,,,,,,,,,,,,,,,,,,,,,,,,,,,,,,,,,,,,,,,,,,,,,,,,,
2004-07-30,-0.032219146618774785,-0.04590483363971887,-0.07344622957745917,-0.0006964749303424167,-0.07551679829787927,-0.03133477580647792,-0.03354077558945745,-0.06771735484003483,-0.012654003366697975,-0.05509519989147593,-0.047368365244026545,-0.019727441171551674,-0.03644242819397925,-0.04267834500671053,-0.08848003182424102,-0.04759151487501012,-0.06014350877229235,-0.047492820120887735,-0.04882163716527832,-0.043717314589399314,-0.03788357269123532,-0.05103663435446948,-0.018407628143380483,-0.014515832746610169,-0.03556469071112822,-0.06910273810417622,-0.02906151693477166,-0.042657559839156756,-0.041848788130209646,-0.06619320274029838,-0.054377112372159586,0.015315372608186939,0.012115371151247167,0.002782776603342807,-0.05672300875681202,-0.03637953847669051,0.009249143171687457,-0.010242610902343352,0.008098521564854133,-0.015042267697408573,-0.03871203755766772,-0.035175825076124156,,,,,,,,,,,,,,,,,,,,,,,,,,,,,,,,,,,,,,,,,,,,,,,,,,,,,,,,,,,,,,,,,,,,,,,,,,,,,,,,,,,,,,,,,,,,,,,,,,,,,,,,,,,,,,,,,,,,,,,,,,,,,,,,,,,,,,,,,,,,,,,,,,,,,,,,,,,,,,,,,,,,,,,,,,,,,,,,,,,,,,,,,,,,,,,,,,,,,,,,,,,,,,,,,,,,,,,,,,,,,,,,,,,,,,,,,,,,,,,,,,,,,,,,,,,,,,,,,,,,,,,,,,,,,,,,,,,,,,,,,,,,,,,,,,,,,,,,,
2004-08-31,0.0024359511249048005,-0.00018827973699575562,0.014227720701132762,-0.00557082307736545,-0.024935714359367034,0.001982008774734423,0.002370246933917075,-0.01509092930497058,0.01231017133441803,-0.009993386551392036,0.00051786732207737,0.011397921706188363,0.002083950902469933,0.008647004256478796,-0.024047920961628555,0.012187374137987206,-0.02409249605911079,0.0023927047209453267,-0.01314773292652438,0.007171777346610453,0.010781747087882598,0.005881927217017635,0.009507298342260606,0.017224560564187863,0.0005640141086689088,-0.011844232858697512,0.014237550819027778,0.011906769997239275,0.0019114947418557016,0.004678904960623509,0.00028434675469846127,0.04165786827504392,0.0282983277360338,0.007386066689348825,0.01098914893988967,0.035313014636253914,0.01618559177612644,0.03213499688249266,0.026917451457565855,0.014253828062738005,-0.006369770656381002,0.0027081739963168427,,,,,,,,,,,,,,,,,,,,,,,,,,,,,,,,,,,,,,,,,,,,,,,,,,,,,,,,,,,,,,,,,,,,,,,,,,,,,,,,,,,,,,,,,,,,,,,,,,,,,,,,,,,,,,,,,,,,,,,,,,,,,,,,,,,,,,,,,,,,,,,,,,,,,,,,,,,,,,,,,,,,,,,,,,,,,,,,,,,,,,,,,,,,,,,,,,,,,,,,,,,,,,,,,,,,,,,,,,,,,,,,,,,,,,,,,,,,,,,,,,,,,,,,,,,,,,,,,,,,,,,,,,,,,,,,,,,,,,,,,,,,,,,,,,,,,,,,,
2004-09-30,0.010036970997784556,0.024577392459784297,-0.028056332639285197,0.08263311339510926,0.0329214239565887,0.00958021329749581,0.011753831794473646,0.05333458043352657,0.014045969849267426,0.04957031270416912,0.027807532181953976,0.018011221467805205,0.014633895308727496,0.014352597503061615,0.054502567900108545,0.03752487723741882,0.05521510907794536,0.04689756685055979,0.026702801601166115,0.029077910399799123,0.030916559835014734,0.04076888088337394,0.02074885514779745,0.006269679720881438,0.016816580723423513,0.04204418237332286,0.028588033770850396,0.020717703005753707,0.032460496582099596,-0.02433340062731304,0.03974419259154249,0.009493206561610457,0.0032240249684243327,-0.0009500462552438638,0.0321548908486724,0.06976738043393915,0.0051691903291664065,0.01796196317224119,0.000826390543388511,0.012142038930591958,0.04218400730283656,0.012994894913120447,,,,,,,,,,,,,,,,,,,,,,,,,,,,,,,,,,,,,,,,,,,,,,,,,,,,,,,,,,,,,,,,,,,,,,,,,,,,,,,,,,,,,,,,,,,,,,,,,,,,,,,,,,,,,,,,,,,,,,,,,,,,,,,,,,,,,,,,,,,,,,,,,,,,,,,,,,,,,,,,,,,,,,,,,,,,,,,,,,,,,,,,,,,,,,,,,,,,,,,,,,,,,,,,,,,,,,,,,,,,,,,,,,,,,,,,,,,,,,,,,,,,,,,,,,,,,,,,,,,,,,,,,,,,,,,,,,,,,,,,,,,,,,,,,,,,,,,,,
2004-10-29,0.012885073702177063,0.01707427531237382,0.023711719086702887,0.06403645286481674,0.05008624735686573,0.012521967826589764,0.01659400110761644,0.020553407920673283,0.01535699947044833,0.020729742630444914,0.013463034874810154,0.015288147123200702,0.016455607595138977,0.016025218116773265,0.023890784463258763,0.014619301046692179,0.029564886054064043,0.009509282797034446,0.025566736384442512,0.007634292719867375,0.04198560160608378,0.05715166399266969,0.016005836122797046,0.011007707757199059,0.01800351550354251,0.026238916690531244,0.02382375301752515,0.03500662153325207,0.02710037670479326,0.020405238246832713,0.02184310029588321,0.017648391649322415,0.009892510983071645,0.0029546298839038254,0.06351058982045599,0.02846377891369145,0.008666494642613154,0.016027785179244525,0.010940688398767051,0.015562542644795618,0.029365130883255208,0.01461162911235081,,,,,,,,,,,,,,,,,,,,,,,,,,,,,,,,,,,,,,,,,,,,,,,,,,,,,,,,,,,,,,,,,,,,,,,,,,,,,,,,,,,,,,,,,,,,,,,,,,,,,,,,,,,,,,,,,,,,,,,,,,,,,,,,,,,,,,,,,,,,,,,,,,,,,,,,,,,,,,,,,,,,,,,,,,,,,,,,,,,,,,,,,,,,,,,,,,,,,,,,,,,,,,,,,,,,,,,,,,,,,,,,,,,,,,,,,,,,,,,,,,,,,,,,,,,,,,,,,,,,,,,,,,,,,,,,,,,,,,,,,,,,,,,,,,,,,,,,,
2004-11-30,0.0445171171717047,0.06098003941337149,0.03826800934250696,0.049847910738004764,0.06016211366720281,0.044346361387358035,0.04385798029161081,0.09200408930086268,0.050576875387539966,0.0877539229233586,0.06027888641778589,0.04945243271254918,0.047633556557377554,0.0456485586454809,0.08666640989008223,0.092709431416369,0.08038275428143837,0.09111408337853844,0.04993846177937744,0.0699096016452152,0.06159122459439814,0.06879287441633597,0.055889294281308066,0.04323657457797081,0.04740151890582123,0.053613088100535444,0.0674620631808096,0.06081327699556449,0.05957519447718629,0.041983649811620616,0.06960611824183038,-0.02395815388799738,-0.01977842645919159,-0.005755408948335483,0.05778217611602243,0.09948702828640443,-0.007390062462913516,0.04646840535566077,-0.003251148701290285,0.04774033969407032,0.07286018926061266,0.04563905943809621,,,,,,,,,,,,,,,,,,,,,,,,,,,,,,,,,,,,,,,,,,,,,,,,,,,,,,,,,,,,,,,,,,,,,,,,,,,,,,,,,,,,,,,,,,,,,,,,,,,,,,,,,,,,,,,,,,,,,,,,,,,,,,,,,,,,,,,,,,,,,,,,,,,,,,,,,,,,,,,,,,,,,,,,,,,,,,,,,,,,,,,,,,,,,,,,,,,,,,,,,,,,,,,,,,,,,,,,,,,,,,,,,,,,,,,,,,,,,,,,,,,,,,,,,,,,,,,,,,,,,,,,,,,,,,,,,,,,,,,,,,,,,,,,,,,,,,,,,
2004-12-31,0.030121283008526234,0.03755703256503584,0.06350863727041633,0.013005321349808252,0.0302232788538499,0.030663846158159203,0.03206184345225549,0.023905210826859813,0.03394741578752192,0.018444566529640438,0.03889821361417134,0.03039031240728507,0.03410997872979005,0.03610444190232065,0.03298013239595288,0.018896127665110507,0.021186196661932888,0.015691455446540825,0.040805442704852535,0.03787740191708466,0.03859862538299352,0.05036576724695507,0.032756694519113116,0.03258669826217497,0.034258578822221386,0.04714216203408883,0.03809090955765204,0.048067400360352064,0.043034833673764705,0.05767265049082715,0.04664937833645122,0.026588150167069724,0.011672700091377664,0.0023220379554595993,0.04842261363701095,0.047460037773424446,0.007972390766062265,0.014121767236575433,0.017589275699917195,0.03397059235592104,0.04196272381806887,0.03836460641878037,-0.029255313077842793,,,,,,,,,,,,,,,,,,,,,,,,,,,,,,,,,,,,,,,,,,,,,,,,,,,,,,,,,,,,,,,,,,,,,,,,,,,,,,,,,,,,,,,,,,,,,,,,,,,,,,,,,,,,,,,,,,,,,,,,,,,,,,,,,,,,,,,,,,,,,,,,,,,,,,,,,,,,,,,,,,,,,,,,,,,,,,,,,,,,,,,,,,,,,,,,,,,,,,,,,,,,,,,,,,,,,,,,,,,,,,,,,,,,,,,,,,,,,,,,,,,,,,,,,,,,,,,,,,,,,,,,,,,,,,,,,,,,,,,,,,,,,,,,,,,,,,,,
2005-01-31,-0.022420679409822064,-0.023967190221088952,-0.030220047599584743,-0.04569118541639661,-0.06312574171077678,-0.022397093522556255,-0.021866439820672157,-0.040617601313927776,-0.01747816882028619,-0.022432929652852818,-0.023352152039370022,-0.023854944849974857,-0.02718763939810931,-0.028103597804627456,-0.04309054778688881,-0.03892010570946347,-0.007282818051989937,-0.03251263742860544,-0.022544114302395557,-0.024980576473199845,-0.01608024952228171,-0.022038736438343975,-0.02100258226707019,-0.022830104746725643,-0.024989815289694794,-0.02662745383520304,-0.02349081803712727,-0.019032913163637644,-0.024958781810345054,-0.030354458053894584,-0.03586060986326289,0.03568648003227226,0.008711246374980552,-0.0003673350214234983,-0.019216508666804133,-0.0053010207860597625,0.004882373265085116,-0.030292306057778218,9.450678423705838e-05,-0.01990837015440039,-0.02859680846591961,-0.028577129127024925,-0.03607301470043256,,,,,,,,,,,,,,,,,,,,,,,,,,,,,,,,,,,,,,,,,,,,,,,,,,,,,,,,,,,,,,,,,,,,,,,,,,,,,,,,,,,,,,,,,,,,,,,,,,,,,,,,,,,,,,,,,,,,,,,,,,,,,,,,,,,,,,,,,,,,,,,,,,,,,,,,,,,,,,,,,,,,,,,,,,,,,,,,,,,,,,,,,,,,,,,,,,,,,,,,,,,,,,,,,,,,,,,,,,,,,,,,,,,,,,,,,,,,,,,,,,,,,,,,,,,,,,,,,,,,,,,,,,,,,,,,,,,,,,,,,,,,,,,,,,,,,,,,
2005-02-28,0.020903786831783622,0.03641037069429487,0.020774334899356095,0.0666666840830703,-0.004813250656555246,0.020796260602996774,0.021410508158716812,0.01641972406554304,0.03419739937248223,0.02791383519678292,0.033119122965936665,0.018735116349658076,0.02348755787088641,0.02270743371086259,0.013819985825655579,0.02076040124109224,0.026147627470673784,0.029022573603105117,0.03630925677938901,0.03240510171654076,0.04403088002641775,0.04352123078205383,0.032414324239716796,0.030028115191985894,0.020851534810971684,0.02553261281376029,0.0348583962066733,0.0378503227433753,0.030380843175287664,0.021309253372688186,0.02191638286710229,-0.014721560104396514,-0.013683829718199036,-0.0025730731049613542,0.031806422128383804,0.09682252959865845,-0.003713324885502578,0.02536060184380262,-0.005281237183326848,0.034290034397645774,0.03715717737518909,0.023225000198010992,0.03102789011648288,0.03170092666815716,0.009336879820578847,,,,,,,,,,,,,,,,,,,,,,,,,,,,,,,,,,,,,,,,,,,,,,,,,,,,,,,,,,,,,,,,,,,,,,,,,,,,,,,,,,,,,,,,,,,,,,,,,,,,,,,,,,,,,,,,,,,,,,,,,,,,,,,,,,,,,,,,,,,,,,,,,,,,,,,,,,,,,,,,,,,,,,,,,,,,,,,,,,,,,,,,,,,,,,,,,,,,,,,,,,,,,,,,,,,,,,,,,,,,,,,,,,,,,,,,,,,,,,,,,,,,,,,,,,,,,,,,,,,,,,,,,,,,,,,,,,,,,,,,,,,,,,,,,,,,,,
2005-03-31,-0.018293255024765864,-0.014471003020651407,-0.029601929404777683,0.014204437607054698,-0.017463196884908716,-0.018084298966247636,-0.014540462649534014,-0.0283476918530281,-0.016331521571072316,-0.02543529707305392,-0.011776569668953463,-0.017804569956601624,-0.016571349360370746,-0.015918794038315642,-0.040033706010852876,-0.021469679655742424,-0.03305365458574483,-0.023599121587863037,-0.013925318815375176,-0.01243188570616749,-0.024580030969680866,-0.024159965533666283,-0.014455848650643754,-0.01186442503846985,-0.018719706216173693,-0.015858446360569767,-0.004589940863843234,-0.0262338334104395,-0.007667212202363216,-0.02893097297073055,-0.02144635631108427,-0.004546335671102741,-0.004034654343365807,0.00016001416003974533,-0.022742014823483925,-0.07910254606735612,-0.009743329177242854,-0.010391313621689435,0.002188221360340581,-0.017136622434650084,-0.01142253827922568,-0.016714418411319598,-0.01631056982272039,-0.01673926925061886,-0.01416814241860731,,,,,,,,,,,,,,,,,,,,,,,,,,,,,,,,,,,,,,,,,,,,,,,,,,,,,,,,,,,,,,,,,,,,,,,,,,,,,,,,,,,,,,,,,,,,,,,,,,,,,,,,,,,,,,,,,,,,,,,,,,,,,,,,,,,,,,,,,,,,,,,,,,,,,,,,,,,,,,,,,,,,,,,,,,,,,,,,,,,,,,,,,,,,,,,,,,,,,,,,,,,,,,,,,,,,,,,,,,,,,,,,,,,,,,,,,,,,,,,,,,,,,,,,,,,,,,,,,,,,,,,,,,,,,,,,,,,,,,,,,,,,,,,,,,,,,,
2005-04-29,-0.01873438475057998,-0.03712635293458988,-0.02287882947439701,-0.061064338915810756,-0.04347839143379295,-0.017993318457595775,-0.01843363586526159,-0.05657019798587215,-0.017322977251528204,-0.05564940846830957,-0.03597507138604783,-0.021656749644048956,-0.022584964755166914,-0.020874028513861886,-0.060402953322843844,-0.052103187750270785,-0.05837677298897015,-0.05119930130948003,-0.04076756761483569,-0.035211239884606615,-0.016578154654170008,-0.034578069980445436,-0.022523262893646256,-0.015033727002306208,-0.02202651015409185,-0.040525913632528,-0.02454131463646725,-0.01617660413422506,-0.03162294067697147,-0.027910282413686982,-0.033687727432968106,0.038651480250315284,0.02516483431594918,0.005206478723162933,-0.03539808251671028,-0.012475662269292864,0.017229541942622717,-0.006672898682637207,0.017775926994430646,-0.015853115038506616,-0.03676503031756362,-0.022200903668474714,0.01237736532167566,0.012826452184843795,-0.029629886454810905,-0.0215225498615097,,,,,,,,,,,,,,,,,,,,,,,,,,,,,,,,,,,,,,,,,,,,,,,,,,,,,,,,,,,,,,,,,,,,,,,,,,,,,,,,,,,,,,,,,,,,,,,,,,,,,,,,,,,,,,,,,,,,,,,,,,,,,,,,,,,,,,,,,,,,,,,,,,,,,,,,,,,,,,,,,,,,,,,,,,,,,,,,,,,,,,,,,,,,,,,,,,,,,,,,,,,,,,,,,,,,,,,,,,,,,,,,,,,,,,,,,,,,,,,,,,,,,,,,,,,,,,,,,,,,,,,,,,,,,,,,,,,,,,,,,,,,,,,,,,,,,
2005-05-31,0.032224417629277635,0.05710382910826861,-0.012683142965197458,0.027445955540878364,0.08862159484515875,0.03146062881487732,0.034509966045280116,0.06464758214263688,0.023813741431026658,0.06466234996678222,0.057199073385383326,0.033539827354932994,0.039220937699012914,0.03703735673138486,0.06972790853670485,0.06012043351308005,0.0705645001561479,0.061556086274178634,0.0613372698398591,0.05539687151080419,-0.005663687533019601,0.0044412117576484444,0.029369516078069147,0.01819584174106237,0.03881388450734624,0.0597110681918136,0.04223433079005412,-0.008637243733396693,0.048787138012028164,-0.008772624168869814,0.06376331605175456,0.0313756151222071,0.01838328522281829,0.003954789786478008,0.01310646727550191,0.03160789660012009,0.008275621258722277,0.029387488444049703,0.007598056142264165,0.02491146598583316,0.05398053066660902,0.040276402248980325,-0.03921561725675826,-0.040064422973779656,0.05591081171761991,0.002697292797800843,,,,,,,,,,,,,,,,,,,,,,,,,,,,,,,,,,,,,,,,,,,,,,,,,,,,,,,,,,,,,,,,,,,,,,,,,,,,,,,,,,,,,,,,,,,,,,,,,,,,,,,,,,,,,,,,,,,,,,,,,,,,,,,,,,,,,,,,,,,,,,,,,,,,,,,,,,,,,,,,,,,,,,,,,,,,,,,,,,,,,,,,,,,,,,,,,,,,,,,,,,,,,,,,,,,,,,,,,,,,,,,,,,,,,,,,,,,,,,,,,,,,,,,,,,,,,,,,,,,,,,,,,,,,,,,,,,,,,,,,,,,,,,,,,,,,,
2005-06-30,0.0015146996277772828,0.025972939758449387,0.0019762981666797685,0.05400742858411167,-0.033245725529395864,0.0012530042238687589,0.0028467915738719096,0.04076330565667963,0.01067061469057018,0.03545864547454669,0.02468369197847231,0.015184308185784756,0.004684304088277136,0.006580269067457456,0.031884644817923524,0.04532945936252042,0.028453394238776797,0.03915519248556909,0.020006636646299203,0.03469716409644952,0.01044317899852043,0.014691102433393999,0.013486422081425475,0.006346357762402111,0.0075827124460987605,0.016682576398411086,0.0327995891559274,0.014327187635776228,0.03288949042574063,0.0010340947722038418,0.03021430437247785,0.02164854651718806,0.004782542085770558,0.0024683620026684228,0.017266310238070126,0.03968975433846533,0.008762392373585781,0.014454030903862991,0.005174221063421358,0.01374406589892696,0.030005168557605266,0.004937017720276327,0.042977119693930366,0.0424562339793757,-0.002434518336166591,0.013451807824776285,,,,,,,,,,,,,,,,,,,,,,,,,,,,,,,,,,,,,,,,,,,,,,,,,,,,,,,,,,,,,,,,,,,,,,,,,,,,,,,,,,,,,,,,,,,,,,,,,,,,,,,,,,,,,,,,,,,,,,,,,,,,,,,,,,,,,,,,,,,,,,,,,,,,,,,,,,,,,,,,,,,,,,,,,,,,,,,,,,,,,,,,,,,,,,,,,,,,,,,,,,,,,,,,,,,,,,,,,,,,,,,,,,,,,,,,,,,,,,,,,,,,,,,,,,,,,,,,,,,,,,,,,,,,,,,,,,,,,,,,,,,,,,,,,,,,,
2005-07-29,0.03826171156786118,0.05133749648863373,0.010848333817998546,0.05840210371134824,0.07612783682846258,0.03853515427568044,0.040955767692723244,0.06577706856294241,0.030911755162279952,0.061431577585205455,0.054890915862816136,0.031119847847767668,0.04147250915969347,0.03959693616458271,0.07357719459672363,0.06034216413022153,0.06422022647259618,0.058413128770417266,0.04637122320257192,0.05317563738366449,0.03315431975585281,0.04554388487204353,0.03098458384950309,0.019770855470509607,0.043782907540237614,0.05896134392098107,0.04759101583418901,0.029967225992831414,0.04854348848022472,0.013549570992011262,0.057000900163573176,-0.0338080410899122,-0.02186975630050103,-0.003751054518984165,0.04476056799071659,0.07681575163753585,-0.0103546432267545,0.036286787872202186,-0.024713599566050792,0.02556736315231789,0.051732666131437455,0.034685155569959436,-0.014272535715587287,-0.01311554479191479,0.03083293343192417,0.027567945338623945,,,,,,,,,,,,,,,,,,,,,,,,,,,,,,,,,,,,,,,,,,,,,,,,,,,,,,,,,,,,,,,,,,,,,,,,,,,,,,,,,,,,,,,,,,,,,,,,,,,,,,,,,,,,,,,,,,,,,,,,,,,,,,,,,,,,,,,,,,,,,,,,,,,,,,,,,,,,,,,,,,,,,,,,,,,,,,,,,,,,,,,,,,,,,,,,,,,,,,,,,,,,,,,,,,,,,,,,,,,,,,,,,,,,,,,,,,,,,,,,,,,,,,,,,,,,,,,,,,,,,,,,,,,,,,,,,,,,,,,,,,,,,,,,,,,,,
2005-08-31,-0.00937451133343814,-0.009645170395660596,0.08585350512699175,0.06194670209259234,-0.015158902129711604,-0.009700809974600322,-0.009090675352437683,-0.02003217359040066,-0.0049488539941258125,-0.016267559193331782,-0.009687253722861056,-0.009801376755193658,-0.008132325868388302,-0.012863493222747269,-0.015373691987017102,-0.023467311213306807,-0.012500397035177135,-0.018703233824405197,-0.007569773217395714,-0.008106766859702241,0.030271534662917876,0.016402069788124418,-0.003450964199212425,-0.0126597192423904,-0.01087538028408086,-0.0030878599629131642,-0.005900921003433313,0.03836171744722727,-0.006713299595607847,0.0824742978345745,-0.012530752332361561,0.034764771400883854,0.02000646988208077,0.006591380101007571,0.008172311532521181,0.013229292385496416,0.011815410504789847,-0.016413702883390724,0.025311116850625703,-0.006011237582858819,-0.003661272413020944,-0.009342395406577442,0.01354511525428137,0.012590324174776457,-0.016003158199510037,0.028418340292220012,,,,,,,,,,,,,,,,,,,,,,,,,,,,,,,,,,,,,,,,,,,,,,,,,,,,,,,,,,,,,,,,,,,,,,,,,,,,,,,,,,,,,,,,,,,,,,,,,,,,,,,,,,,,,,,,,,,,,,,,,,,,,,,,,,,,,,,,,,,,,,,,,,,,,,,,,,,,,,,,,,,,,,,,,,,,,,,,,,,,,,,,,,,,,,,,,,,,,,,,,,,,,,,,,,,,,,,,,,,,,,,,,,,,,,,,,,,,,,,,,,,,,,,,,,,,,,,,,,,,,,,,,,,,,,,,,,,,,,,,,,,,,,,,,,,,,
2005-09-30,0.008025251370759712,0.006357398178118201,0.09523777168060654,0.057352925535979926,0.01231396898599435,0.008246634008674425,0.010890454520031678,0.0009477741237018389,0.01332351510991292,0.007224764091177116,0.006264180657468366,0.011998625098861071,0.009432799602385522,0.011582463958744293,0.005067276388571962,-0.005533903644890592,0.015191062619623219,0.0004892729341534618,0.00355394735991843,0.007362272976193962,0.015762831834694957,0.01746064171617623,0.009019533509937228,0.023673244293199946,0.00791656248239292,0.009501342571303972,0.011565000670889836,0.03694484440450441,0.011759758244784146,0.10434318085535099,0.009063986759820564,-0.03612911855012091,-0.017522991171026736,-0.00299324815219415,0.017306847705245154,0.08653385864058238,-0.009364776559590005,-0.0027145177947568433,-0.0015460985946997852,0.017268504887052227,0.015338094354386822,0.009623476824889732,0.07603684610685546,0.07759610827091246,0.00880520816815622,0.013139961288265445,0.0380209829210576,0.0037729849450278685,,,,,,,,,,,,,,,,,,,,,,,,,,,,,,,,,,,,,,,,,,,,,,,,,,,,,,,,,,,,,,,,,,,,,,,,,,,,,,,,,,,,,,,,,,,,,,,,,,,,,,,,,,,,,,,,,,,,,,,,,,,,,,,,,,,,,,,,,,,,,,,,,,,,,,,,,,,,,,,,,,,,,,,,,,,,,,,,,,,,,,,,,,,,,,,,,,,,,,,,,,,,,,,,,,,,,,,,,,,,,,,,,,,,,,,,,,,,,,,,,,,,,,,,,,,,,,,,,,,,,,,,,,,,,,,,,,,,,,,,,,,,,,,,,,,
2005-10-31,-0.023650954044094452,-0.02994197875383442,-0.006562138188655364,-0.0727863262165227,-0.01495112322666714,-0.021463575009418423,-0.02242466199467874,-0.03931305255802686,-0.029198255850034327,-0.03566476136278629,-0.030632487454253066,-0.02105061916775497,-0.022225995026155965,-0.01847196768111692,-0.045058230073517724,-0.033065395059873604,-0.0394184525801885,-0.03411590806562714,-0.023247121357507172,-0.03699985580279952,-0.030415747804402815,-0.03770116110489141,-0.026055192069013078,-0.014122861290355226,-0.02348605769647949,-0.03027618378633634,-0.03157102660781419,-0.0318417425864409,-0.02935057371749039,-0.009666562125495104,-0.02515166934126578,-0.022409269973127532,-0.012393298992470103,-0.0008197853573354008,-0.03832141672710554,-0.06338354143846914,-0.009910356619121208,-0.01653819882640839,-0.013120034953343684,-0.0264132368913641,-0.03461852213893146,-0.01618520479552865,-0.006423966427397176,-0.007051280679708949,-0.016747328609258205,-0.020789698868068918,-0.027057206964595237,-0.038726028778483634,-0.0492127114660903,,,,,,,,,,,,,,,,,,,,,,,,,,,,,,,,,,,,,,,,,,,,,,,,,,,,,,,,,,,,,,,,,,,,,,,,,,,,,,,,,,,,,,,,,,,,,,,,,,,,,,,,,,,,,,,,,,,,,,,,,,,,,,,,,,,,,,,,,,,,,,,,,,,,,,,,,,,,,,,,,,,,,,,,,,,,,,,,,,,,,,,,,,,,,,,,,,,,,,,,,,,,,,,,,,,,,,,,,,,,,,,,,,,,,,,,,,,,,,,,,,,,,,,,,,,,,,,,,,,,,,,,,,,,,,,,,,,,,,,,,,,,,,,,,,
2005-11-30,0.04395273960553614,0.056693007319215116,0.028901251946356288,0.0525002618665793,0.060971779682809535,0.041625789175488315,0.04006738300704593,0.05754189516367436,0.038156926901899535,0.05152583677411937,0.05702375948443872,0.03934398232664349,0.04157696859227511,0.040205146138450276,0.06483962175957858,0.05019624424943414,0.05223580833371977,0.04909264518159162,0.06629852215023169,0.049547264123900536,0.015364860804750302,0.018373089935161735,0.034526404642397424,0.030404661609838124,0.04616067718851302,0.054298425490777236,0.037518573578326775,0.02311119753796209,0.0416671649846061,0.030143775933153094,0.04549636738499663,0.00690297188002531,0.006254231837768964,0.0038941391765001665,0.023959947348467958,0.057861594581475995,0.003746541125452696,0.013877233909163067,0.0017655402353484728,0.03526867540058132,0.051507875552743165,0.03851218755786401,0.05818958748818792,0.05745646821367689,0.043069743830962404,0.008765431433790827,0.024971553739971508,0.049489110260489966,0.04002738987302412,,,,,,,,,,,,,,,,,,,,,,,,,,,,,,,,,,,,,,,,,,,,,,,,,,,,,,,,,,,,,,,,,,,,,,,,,,,,,,,,,,,,,,,,,,,,,,,,,,,,,,,,,,,,,,,,,,,,,,,,,,,,,,,,,,,,,,,,,,,,,,,,,,,,,,,,,,,,,,,,,,,,,,,,,,,,,,,,,,,,,,,,,,,,,,,,,,,,,,,,,,,,,,,,,,,,,,,,,,,,,,,,,,,,,,,,,,,,,,,,,,,,,,,,,,,,,,,,,,,,,,,,,,,,,,,,,,,,,,,,,,,,,,,,,,
2005-12-30,-0.001913826846765443,0.006338931914525947,0.08969252482451218,0.047484213214285864,-0.017762232947812207,-0.0015538319728969352,0.0004168208740944479,-0.006999597523515644,0.001572080221722727,-0.010979422276642059,0.006443075268028453,0.0021016777766982297,-0.00033630723066491175,0.0003606525257424664,-0.0031314471437368097,-0.010174082617471103,-0.010148845492302105,-0.010541545101594108,0.005790820102417493,0.001784275937567248,0.042149822150670646,0.047560330492207425,0.004623071641794763,0.002459568879512375,0.00017631494785064206,0.009910758256640673,0.006732913937065765,0.051825646105372325,0.009504783469226785,0.08104791272829726,0.007740065418880615,0.029817074652273234,0.013657844166970134,0.0034924807149034898,0.045119629694158725,0.06105910001962722,0.01134115140351688,-0.006149854851658532,0.010335712790331852,0.006842575034007092,0.013067928769244563,0.003738073261446706,0.05050923490844328,0.05270651662889514,0.0013016135640362414,0.04222047958202135,0.04416167937622362,-0.0016710076328054768,0.025709470105779397,-0.00017742736459369635,0.004421080765772523,0.00010097236386408248,,,,,,,,,,,,,,,,,,,,,,,,,,,,,,,,,,,,,,,,,,,,,,,,,,,,,,,,,,,,,,,,,,,,,,,,,,,,,,,,,,,,,,,,,,,,,,,,,,,,,,,,,,,,,,,,,,,,,,,,,,,,,,,,,,,,,,,,,,,,,,,,,,,,,,,,,,,,,,,,,,,,,,,,,,,,,,,,,,,,,,,,,,,,,,,,,,,,,,,,,,,,,,,,,,,,,,,,,,,,,,,,,,,,,,,,,,,,,,,,,,,,,,,,,,,,,,,,,,,,,,,,,,,,,,,,,,,,,,,,,,,,,,,
2006-01-31,0.024013860801954,0.05330741967507513,0.036981953666755496,0.09041083518032011,0.03934651506022435,0.0247051129613991,0.024668222331152734,0.08438203444834147,0.037229970507535626,0.08200691604331212,0.05447154055374459,0.028439606088624947,0.030686296070446595,0.0310694534902487,0.08957759824551692,0.07765775008071785,0.06969943788980615,0.08750792274193331,0.053953764797687986,0.060008871619567916,0.058066216919907765,0.06735368257157348,0.03987608651863139,0.02809097197258259,0.03219039944833524,0.05810962542372189,0.04163344765555732,0.05771533639312265,0.050153287308039474,0.05137913994338206,0.06377803863151277,-0.013384680275259742,-0.0070310209927364475,0.001744718639325571,0.061585469273473414,0.14198323603883267,-0.0005965452086735823,0.01730365136327383,0.0002915463071091473,0.030261303057418587,0.054171375135245725,0.025409621940658544,0.09926325610950593,0.09781559168137144,0.01617428138619914,0.06330762384754074,0.058948665890362184,0.09149551985140114,0.051365544450233,0.02226801619806018,-0.0013472583481911604,0.02234539768308519,0.031440354708773155,,,,,,,,,,,,,,,,,,,,,,,,,,,,,,,,,,,,,,,,,,,,,,,,,,,,,,,,,,,,,,,,,,,,,,,,,,,,,,,,,,,,,,,,,,,,,,,,,,,,,,,,,,,,,,,,,,,,,,,,,,,,,,,,,,,,,,,,,,,,,,,,,,,,,,,,,,,,,,,,,,,,,,,,,,,,,,,,,,,,,,,,,,,,,,,,,,,,,,,,,,,,,,,,,,,,,,,,,,,,,,,,,,,,,,,,,,,,,,,,,,,,,,,,,,,,,,,,,,,,,,,,,,,,,,,,,,,,,,,,,,,,,,
2006-02-28,0.005725647176599846,-0.0028193017463784553,-0.01569182100685207,-0.022612917424021273,-0.02142831386412003,0.005322973152611432,0.0067748079965499475,0.003178601731337549,0.010196492369992649,-0.00479724166456208,-0.003983293403310051,0.011210926502670526,0.0039061029152189786,0.0016028606696516512,0.001976333095584204,0.004081822449181649,-0.006523871681044624,0.0027348085966545366,-0.013675871663854644,0.002141214606993236,0.001988947752274317,0.007239033500556991,0.005219271817397564,0.006657125837091105,0.002199175324409275,-0.008650145279235022,0.011573131782753654,-0.006999884479012564,0.00335752104787046,-0.016726379854689388,-0.008208442010667505,0.011079871645407469,-0.0010352726360246534,0.0003375191350050155,-0.0011115088542198448,-0.038499844815922835,0.0016077930779125893,0.016367343238781196,0.0,0.008828059175249203,-0.007928192052584881,0.0021088389278056674,-0.011111129799614039,-0.013030442513958795,0.005552682612122828,-0.003218172784618001,0.0010064489781311803,0.004836034463796768,0.006184699025586271,0.00945689233322966,0.030256151717512836,0.006864142496568748,0.004915884437784124,,,,,,,,,,,,,,,,,,,,,,,,,,,,,,,,,,,,,,,,,,,,,,,,,,,,,,,,,,,,,,,,,,,,,,,,,,,,,,,,,,,,,,,,,,,,,,,,,,,,,,,,,,,,,,,,,,,,,,,,,,,,,,,,,,,,,,,,,,,,,,,,,,,,,,,,,,,,,,,,,,,,,,,,,,,,,,,,,,,,,,,,,,,,,,,,,,,,,,,,,,,,,,,,,,,,,,,,,,,,,,,,,,,,,,,,,,,,,,,,,,,,,,,,,,,,,,,,,,,,,,,,,,,,,,,,,,,,,,,,,,,,,,
2006-03-31,0.016504163212341938,0.025985672105397928,0.043478002431999174,0.012424524985096053,0.02090991108502349,0.015619736466489398,0.01597343039510868,0.04908900091447488,0.016234732092672788,0.04994369941190868,0.02546023039399925,0.02146366753381801,0.018856348082308072,0.01750516418863124,0.04847887565144138,0.051333525710359096,0.05050332573072169,0.04856383169169476,0.025198121555365605,0.027990428934901557,0.03760400230261585,0.043962574199313265,0.0187845406277527,0.014443921748148458,0.020504417821163745,0.030135905440031197,0.021821967574898737,0.04005139297033211,0.02496846645237416,0.04169412859432464,0.03938733946143236,-0.045699399954569175,-0.01357893601383442,0.0017408124738107489,0.038694197089315985,0.021671690070998118,-0.00867533431311207,-0.001237337095347013,-0.021390182066132635,0.015811746250491643,0.031226788334191236,0.0169984995235255,0.03620472249591011,0.03889383307909111,0.015051888949783043,0.04017916211611805,0.03316575348054518,0.04193665392303392,-0.0014943854162668968,0.00191069279647893,0.0010960910796433687,0.005957469869010135,0.013329526983923978,-0.05418663403268076,0.01578072230842542,,,,,,,,,,,,,,,,,,,,,,,,,,,,,,,,,,,,,,,,,,,,,,,,,,,,,,,,,,,,,,,,,,,,,,,,,,,,,,,,,,,,,,,,,,,,,,,,,,,,,,,,,,,,,,,,,,,,,,,,,,,,,,,,,,,,,,,,,,,,,,,,,,,,,,,,,,,,,,,,,,,,,,,,,,,,,,,,,,,,,,,,,,,,,,,,,,,,,,,,,,,,,,,,,,,,,,,,,,,,,,,,,,,,,,,,,,,,,,,,,,,,,,,,,,,,,,,,,,,,,,,,,,,,,,,,,,,,,,,,,,,,
2006-04-28,0.012631393393071955,0.013470687894148625,0.02777805533441824,0.052052578972638486,-0.0019079728884718872,0.012931025270915608,0.010326928181797923,0.003027579527068003,0.02284260395459281,0.0010726038014121642,0.014631263969104635,0.027050364633517177,0.010833470441916626,0.010099156334508308,0.0,0.0033440622408278387,-0.0006949004892248256,0.0017848454978963701,0.003478037832058467,0.022428639695890595,0.052110284243225946,0.04475045766940844,0.022159238652912583,0.021991639127137752,0.009562995040083289,-9.87180491762718e-05,0.010345468272485059,0.04790500925222019,0.004859607301386237,0.034421889253867466,0.004337547455460555,-0.027524005164975107,-0.006271177207429868,0.002207476542070763,0.039031062703362096,0.06515178887067563,-0.001488621108827859,0.020733014853509868,-0.0023464150153472696,0.0243365914407494,0.008897609160846143,0.008312198596361231,0.12030977706278279,0.11935431515112205,0.005456585267743064,0.05225050992211888,0.05236711695482921,-0.005647692657859693,0.04374655673691774,0.01240180274813607,0.06538901769387229,0.019741844539953757,0.015098984665592674,-0.049333247941044656,0.02478263710497619,,,,,,,,,,,,,,,,,,,,,,,,,,,,,,,,,,,,,,,,,,,,,,,,,,,,,,,,,,,,,,,,,,,,,,,,,,,,,,,,,,,,,,,,,,,,,,,,,,,,,,,,,,,,,,,,,,,,,,,,,,,,,,,,,,,,,,,,,,,,,,,,,,,,,,,,,,,,,,,,,,,,,,,,,,,,,,,,,,,,,,,,,,,,,,,,,,,,,,,,,,,,,,,,,,,,,,,,,,,,,,,,,,,,,,,,,,,,,,,,,,,,,,,,,,,,,,,,,,,,,,,,,,,,,,,,,,,,,,,,,,,,
2006-05-31,-0.030120667522464672,-0.0433511910983444,-0.054053943549088324,-0.022525932221856948,-0.07240144195048415,-0.029255133301263392,-0.030663513179110202,-0.05682391585008206,-0.02433793454814792,-0.04548227195790866,-0.04525119567555247,-0.026479405276072288,-0.032675277106752554,-0.03108885210597756,-0.07013846902560539,-0.04000491713276355,-0.04943976538089423,-0.04551072174566906,-0.04679347546786372,-0.03877089141336654,-0.029739320261457314,-0.035584604595196634,-0.02740508207340231,-0.024057915752449976,-0.03223624023177596,-0.04756273247861509,-0.020700670125862075,-0.03821861517050118,-0.037422811055862204,-0.060439256692457644,-0.04580147695388692,-0.0019087468690601739,-0.0010686256953615914,0.001670562020564148,-0.02559362390142672,-0.11142751088597647,-0.001986611175621378,-0.013906077860033172,0.002966697890182335,-0.02408486442860991,-0.035561500112347155,-0.02764957091606146,-0.013212367941959902,-0.01503529421576344,-0.02677271745350207,-0.02933460240204655,-0.0388230383553515,-0.06368286667165779,-0.027155004206638078,-0.03327286531791984,-0.0350968119556101,-0.017600081443643667,-0.019831882986808602,-0.05984542282496885,-0.1062986665808302,-0.02714736160709541,-0.08572255949278773,,,,,,,,,,,,,,,,,,,,,,,,,,,,,,,,,,,,,,,,,,,,,,,,,,,,,,,,,,,,,,,,,,,,,,,,,,,,,,,,,,,,,,,,,,,,,,,,,,,,,,,,,,,,,,,,,,,,,,,,,,,,,,,,,,,,,,,,,,,,,,,,,,,,,,,,,,,,,,,,,,,,,,,,,,,,,,,,,,,,,,,,,,,,,,,,,,,,,,,,,,,,,,,,,,,,,,,,,,,,,,,,,,,,,,,,,,,,,,,,,,,,,,,,,,,,,,,,,,,,,,,,,,,,,,,,,,,,,,,,,,
2006-06-30,0.002608244942424509,-0.005440366940452468,-0.025714455862846042,-0.02263382461105712,-0.0006154880813584729,0.002661084553007953,0.0023072554336946993,-0.0004184437762649873,0.0050026494400916555,-0.0019276308079264615,-0.004911172622503623,0.0042962837973763435,-0.00023303234584159949,0.004510679632734105,-0.006004250520456278,0.008356036626367302,-0.0031748608263478806,0.00042265569866861696,-0.0028378226113761063,-0.006454491232822712,0.007166842928034489,0.002846782577693663,0.008224462767629559,0.008059424125114845,0.001324333872196215,-0.0030575424377931038,0.005605751631077016,-0.0006111549518516002,0.0056978816261101795,-0.01087236395847646,0.002947725563544168,0.01178297743434098,0.0022960104474618603,0.002364334370045018,0.008458584961478444,0.0021345776693995067,-0.001608625686309928,0.008302828562109843,0.004276318317417482,0.00905082080272357,-0.005310057716033767,0.002875703463660173,-0.046707203143457665,-0.04626167099781364,0.003431775002550097,0.010130252309694887,0.003525907657105698,-0.008858176929582351,-0.0073820533255802845,0.007408929050145563,-0.009653866961249924,0.0068326140493815135,0.007386183325650553,0.02092172333403086,-0.05404577516397113,0.030119491879871285,-0.11791259818246047,,,,,,,,,,,,,,,,,,,,,,,,,,,,,,,,,,,,,,,,,,,,,,,,,,,,,,,,,,,,,,,,,,,,,,,,,,,,,,,,,,,,,,,,,,,,,,,,,,,,,,,,,,,,,,,,,,,,,,,,,,,,,,,,,,,,,,,,,,,,,,,,,,,,,,,,,,,,,,,,,,,,,,,,,,,,,,,,,,,,,,,,,,,,,,,,,,,,,,,,,,,,,,,,,,,,,,,,,,,,,,,,,,,,,,,,,,,,,,,,,,,,,,,,,,,,,,,,,,,,,,,,,,,,,,,,,,,,,,,,,,
2006-07-31,0.004478541160404026,-0.027448274148330065,-0.005131931200278439,0.0012630663067749737,-0.043074452031291344,0.003919774297580281,0.0011573181862707393,-0.028579345215889007,0.023992609600255843,-0.037037237573400605,-0.030497295042292594,0.009023670766792335,0.0004070900764165941,-0.001933671631501599,-0.0463308114094485,-0.012021654272774684,-0.03556251265216903,-0.030957609581979795,-0.03714791903286396,-0.02200420159776717,0.019704308820010175,0.011924073328846818,0.020964378028926367,0.02390055750692155,-0.001187727405394634,-0.03534208093043634,-0.006507015235406088,0.008105153093724393,-0.023978817594555002,-0.0069113385663625015,-0.029701975234118883,0.021633344700158208,0.016774137674384626,0.006648845652788671,0.00986144346675455,0.0234290479312822,0.013889356079517245,0.03314293754770947,0.01510924862867502,0.025257369677300856,-0.021203998529488954,0.00335928146493103,0.031520501708389936,0.03315369326451756,-0.006510170404157689,0.010362701615180159,0.013256592251889465,-0.034534737445641395,0.020948920705503138,-0.002061223174340099,0.03554786957375877,0.02652312221015407,0.007940561436350801,-0.01940282557543538,-0.06065782378360263,-0.0035832021216650745,0.02477780989321321,-0.018849986832563226,0.008922982050054928,-0.05316279578803884,,,,,,,,,,,,,,,,,,,,,,,,,,,,,,,,,,,,,,,,,,,,,,,,,,,,,,,,,,,,,,,,,,,,,,,,,,,,,,,,,,,,,,,,,,,,,,,,,,,,,,,,,,,,,,,,,,,,,,,,,,,,,,,,,,,,,,,,,,,,,,,,,,,,,,,,,,,,,,,,,,,,,,,,,,,,,,,,,,,,,,,,,,,,,,,,,,,,,,,,,,,,,,,,,,,,,,,,,,,,,,,,,,,,,,,,,,,,,,,,,,,,,,,,,,,,,,,,,,,,,,,,,,,,,,,,,,,,,,,
2006-08-31,0.021822327200123448,0.012042745608285665,0.010316807547094964,0.04079058708304473,0.04770846939360829,0.02202289478677688,0.024429427683563265,0.029994494646872205,0.01512905029716749,0.018060383948693914,0.01228575566060175,0.013990950509577216,0.024139278770991535,0.022760707135207836,0.026498771249110042,0.029090713381457523,0.005412094502331266,0.027043173740695092,0.008122193591979965,0.017285476035139746,0.030059072713269464,0.03882824633321591,0.016837418246484548,0.020674689162597737,0.022986569358601106,0.02172259233328755,0.027187619174885658,0.025485527472292713,0.025684403298069425,0.014254546746774732,0.01719834634068418,0.030560406199561463,0.017635307826599167,0.007520792310427682,0.03969350909892433,0.015817047531972106,0.015908914805527585,0.011358399012400877,0.01662850272210381,0.016693995723632504,0.0198453305715951,0.021850299809376583,-0.013774523970655372,-0.014859363947795412,0.024714525629245143,0.03242319763170043,0.030107238471488218,0.028269503250118566,0.030778486544403405,0.027017862800416292,-0.0019765728851566244,0.022346472038981213,0.02056123778597785,0.033792827637332934,0.09618033592377495,-0.06789404227883178,0.13079281958010758,0.016906725928983013,0.007198914122785283,0.02021248671192577,-0.07133002821447809,,,,,,,,,,,,,,,,,,,,,,,,,,,,,,,,,,,,,,,,,,,,,,,,,,,,,,,,,,,,,,,,,,,,,,,,,,,,,,,,,,,,,,,,,,,,,,,,,,,,,,,,,,,,,,,,,,,,,,,,,,,,,,,,,,,,,,,,,,,,,,,,,,,,,,,,,,,,,,,,,,,,,,,,,,,,,,,,,,,,,,,,,,,,,,,,,,,,,,,,,,,,,,,,,,,,,,,,,,,,,,,,,,,,,,,,,,,,,,,,,,,,,,,,,,,,,,,,,,,,,,,,,,,,,,,,,,,,,,
2006-09-29,0.02700141992886529,0.007306863595038182,-0.0123995013442324,-0.030302796164577317,0.04639603479926424,0.02673431555947059,0.023810192637393923,0.006415778299394548,0.02187499579096941,0.008769016482483405,0.009146807200754115,0.02659741869079557,0.022416683624145284,0.02258119278854065,0.004954868628164633,0.007304589202611789,0.005982810098411395,0.01186288309617689,0.013358319042101607,0.00257192155203545,0.0066701632550880685,0.017500075058462183,0.019361701158846056,0.0256118215936032,0.022600347014736455,0.02265166960306564,0.013685984164132359,0.0022187253741277058,0.0184991429322654,-0.014467609315039986,0.00999556804892432,0.019150003877794086,0.012075149085535974,0.004389551279367243,0.01292279468299129,-0.008707418689818947,0.010116195086282476,0.01680453714213903,0.0011097136227560256,0.02152808269202633,0.016488523950241696,0.025956412407439844,-0.04527210873938614,-0.04492935472193893,0.03104457651136161,0.011216343140367346,0.00765143068324825,0.00025689467228651175,0.013383127982738108,0.027417109292742214,0.02841896370533248,0.013169443392466063,0.02497920476059101,-0.02000000780863942,0.0069506607648150975,-0.12037041179655039,-0.11287571890368242,-0.01530335307723596,0.005119466791323246,0.08159915888167935,-0.10736264075143953,,,,,,,,,,,,,,,,,,,,,,,,,,,,,,,,,,,,,,,,,,,,,,,,,,,,,,,,,,,,,,,,,,,,,,,,,,,,,,,,,,,,,,,,,,,,,,,,,,,,,,,,,,,,,,,,,,,,,,,,,,,,,,,,,,,,,,,,,,,,,,,,,,,,,,,,,,,,,,,,,,,,,,,,,,,,,,,,,,,,,,,,,,,,,,,,,,,,,,,,,,,,,,,,,,,,,,,,,,,,,,,,,,,,,,,,,,,,,,,,,,,,,,,,,,,,,,,,,,,,,,,,,,,,,,,,,,,,,,
2006-10-31,0.031516817734554836,0.04075826437782015,0.019940724950421984,0.04750047302699567,0.04747835541045631,0.0320745274951213,0.0325306165186674,0.05875068816606155,0.030880997257665577,0.05139538724374981,0.042550502109999444,0.03328189832401729,0.035114977690936966,0.033628271308967284,0.06525612274583148,0.0523391503215227,0.04276181908656462,0.05519654715169109,0.036078884702754,0.043513543404744226,0.038927269305539136,0.03408037796949803,0.03263998750687458,0.028831354358179073,0.03530098556299155,0.03853284151982761,0.039814983881142796,0.037491027790858444,0.038927606370234624,0.0166092884140705,0.049484278570311124,0.008465727897913666,0.0053852834746968,0.004174262411537288,0.0342247786727119,0.07058012610069797,0.006857075684631564,0.033418452157463197,-0.0007355370778583392,0.031397177564290724,0.03667992118154695,0.03240471609868378,0.012947712156690105,0.010248633880000302,0.03687846561382013,0.036919764265371136,0.04252077153900036,0.05861439438204963,0.038999223140743666,0.03012930508325229,0.008652006179080018,0.030559899537913715,0.03296555626690201,0.11257395465491182,0.007833207602930825,-0.08596493905050717,0.07134742993479604,0.01573296358415388,-0.0008194711385416387,0.053448165499078826,-0.025433793738673605,,,,,,,,,,,,,,,,,,,,,,,,,,,,,,,,,,,,,,,,,,,,,,,,,,,,,,,,,,,,,,,,,,,,,,,,,,,,,,,,,,,,,,,,,,,,,,,,,,,,,,,,,,,,,,,,,,,,,,,,,,,,,,,,,,,,,,,,,,,,,,,,,,,,,,,,,,,,,,,,,,,,,,,,,,,,,,,,,,,,,,,,,,,,,,,,,,,,,,,,,,,,,,,,,,,,,,,,,,,,,,,,,,,,,,,,,,,,,,,,,,,,,,,,,,,,,,,,,,,,,,,,,,,,,,,,,,,,,,
2006-11-30,0.019885168772956652,0.03120467437797636,0.0,0.025059082491146745,0.03428816462960005,0.019632430925387245,0.020511946162156125,0.024137124062213466,0.023411060083486257,0.026225182548410775,0.030514682494268586,0.019542323189559507,0.021233702661498155,0.023688084230024442,0.02401099588400979,0.02589846263906015,0.03266189374773276,0.02377778351373916,0.034311079238068753,0.03185725932656558,0.03587470332165932,0.04620108721536975,0.0238992994631666,0.023913045332810468,0.02329493212742828,0.03979666876914312,0.03285035734412234,0.030729627384529445,0.03468223185445152,0.00453812780844598,0.03681788257657259,0.02308177554936197,0.013113912606645739,0.004834353409555847,0.0360283212034771,0.059844911239479215,0.010619722776873175,0.0163144207205399,0.010723411077634637,0.020700461936637105,0.04003339279364315,0.022233276093324372,0.06889106234313203,0.071345401630033,0.011340255774069385,0.037591316671795605,0.028550499949524744,0.023173125608799916,0.03809547936253033,0.024161590007420353,-0.007527911872583615,0.008072621799982027,0.019254240336103567,-0.003747157746890273,0.03640843323975762,0.04760083358093481,0.13857196051284482,0.009822800212165639,0.01680309433728966,-0.014737480454111163,0.04999998139172068,,,,,,,,,,,,,,,,,,,,,,,,,,,,,,,,,,,,,,,,,,,,,,,,,,,,,,,,,,,,,,,,,,,,,,,,,,,,,,,,,,,,,,,,,,,,,,,,,,,,,,,,,,,,,,,,,,,,,,,,,,,,,,,,,,,,,,,,,,,,,,,,,,,,,,,,,,,,,,,,,,,,,,,,,,,,,,,,,,,,,,,,,,,,,,,,,,,,,,,,,,,,,,,,,,,,,,,,,,,,,,,,,,,,,,,,,,,,,,,,,,,,,,,,,,,,,,,,,,,,,,,,,,,,,,,,,,,,,,
2006-12-29,0.013371302801014506,-0.005287036666876466,0.0362927133262414,-0.006374418593060316,-0.01878705343389031,0.013894355159133731,0.013932940037546748,0.003728827507279542,0.02344800501435218,0.0002856737132090892,-0.0072318168841353225,0.022144002204862456,0.013488236857293279,0.010507183085234129,-0.0031032532503675325,0.010800117485136207,-0.004405514609230332,0.003151679742311897,-0.012361696232999209,0.00015441829431606102,0.03003463847358434,0.03250560253904089,0.02062762907699156,0.01998939602805505,0.012016115424019036,-0.010359659999131687,0.008315090363504085,0.031972259613359144,-0.00011469784048478981,0.03375025963498124,-0.00029428933762487564,-0.026956356593628494,-0.012756224456933474,0.0006583198478573582,0.02871315510909689,0.05459810931354658,-0.006005391885805511,0.02131226172162015,-0.023039374328345907,0.025075179282477267,-0.002374564990545336,0.012378546907833687,-0.018325831904969392,-0.018162077707285174,0.006635432893421278,0.030711801548935824,0.03963466963798856,0.012963513333646093,0.0322878687578636,0.011468967914011419,0.04084414111964341,0.02041616269368496,0.01846783396361218,-0.08651783605277164,-0.028393153648943126,-0.054598813795532775,-0.07903780491052137,0.03912802521830727,0.014799685851803135,-0.0025931302766947217,-0.06922182566895219,0.023787391108606393,,,,,,,,,,,,,,,,,,,,,,,,,,,,,,,,,,,,,,,,,,,,,,,,,,,,,,,,,,,,,,,,,,,,,,,,,,,,,,,,,,,,,,,,,,,,,,,,,,,,,,,,,,,,,,,,,,,,,,,,,,,,,,,,,,,,,,,,,,,,,,,,,,,,,,,,,,,,,,,,,,,,,,,,,,,,,,,,,,,,,,,,,,,,,,,,,,,,,,,,,,,,,,,,,,,,,,,,,,,,,,,,,,,,,,,,,,,,,,,,,,,,,,,,,,,,,,,,,,,,,,,,,,,,,,,,,,,,,
2007-01-31,0.015040434252541202,0.03532659408710792,0.007037260912457155,0.0007900845283435043,0.021084120728151134,0.014295548774269307,0.018740345287500793,0.016916699127891066,0.011608809911185958,0.02000326023250021,0.03729555838633658,0.018858437007547746,0.018284094324762856,0.01892551493682082,0.02074326672835114,0.014742270544194414,0.020162770787707673,0.021370520804405935,0.03863966599492996,0.031423758989354456,0.011431450764369133,0.014513804002400432,0.013266574380381257,0.01128116916986377,0.018614689548231755,0.0345392339804409,0.031414450014635165,0.013930381461776609,0.03315323672233128,0.008074821442163982,0.03362728407145732,-0.009950672018980256,-0.0040023202522412316,0.0016249505842860223,0.006813739663254825,0.0011388163272916252,-0.0007018209421491006,0.009897046834361323,0.0023277299149366826,0.007767913273575733,0.03359490418682265,0.01810954143446253,0.02562890001654794,0.025296494715287166,0.012023149790691523,0.015698506470077866,0.007202271780407221,0.012488914783144622,-0.012658135676517857,0.017262957162164305,0.005149964247284089,0.00808411906312867,0.01982049129359753,0.03554400798813373,0.0,-0.06511621889561559,0.05068403741688887,0.00289138857843918,-0.015163522780103689,0.033243066596578164,-0.025455464575294795,0.0056079709850118675,,,,,,,,,,,,,,,,,,,,,,,,,,,,,,,,,,,,,,,,,,,,,,,,,,,,,,,,,,,,,,,,,,,,,,,,,,,,,,,,,,,,,,,,,,,,,,,,,,,,,,,,,,,,,,,,,,,,,,,,,,,,,,,,,,,,,,,,,,,,,,,,,,,,,,,,,,,,,,,,,,,,,,,,,,,,,,,,,,,,,,,,,,,,,,,,,,,,,,,,,,,,,,,,,,,,,,,,,,,,,,,,,,,,,,,,,,,,,,,,,,,,,,,,,,,,,,,,,,,,,,,,,,,,,,,,,,,,,
2007-02-28,-0.01961753159417179,0.011021444212302,0.03144628443481601,0.00591961934802665,-0.016791403548359507,-0.018954490498151122,-0.016734692681771635,-0.006553178569412954,-0.014942282746223334,-0.006388583952470328,0.008778403819388547,-0.01876437663771824,-0.016639022288575722,-0.014858801778741215,-0.003740276438727652,-0.012804320849795103,-0.0007660881642228556,-0.009227584445682169,0.004831519653893057,0.014315185016313903,-0.012903881084635027,-0.009060791084326558,-0.01556458128784366,-0.018632617709970933,-0.01624429999942356,0.0009384671303658276,0.006091663246093448,-0.0012121774838905752,0.004264893337118991,0.02640957301174418,-0.0004742285931418344,0.033888912040693775,0.020550627182583936,0.007270139965449562,-0.014998945042511314,-0.03237099857897763,0.016252616929256947,-0.006160234142119414,0.019792040689837753,-0.015852111583798623,0.001998527194019717,-0.018099817600048196,0.025451202827030173,0.025134869177871666,-0.020749247835521678,-0.012422502231034915,0.0008252455869737219,-0.011996683960399879,-0.0032049530284048444,-0.018030290420326778,-0.012980280093735974,0.0030472910934762343,-0.015041669012894832,0.008162633310988765,0.03597517571948328,0.06094524304341653,0.04505772530891217,0.034414240506156046,-0.008914216650826479,0.0009530029911937188,0.03713190246527143,-0.015576774344221112,0.003993205103818509,0.01432812607713485,,,,,,,,,,,,,,,,,,,,,,,,,,,,,,,,,,,,,,,,,,,,,,,,,,,,,,,,,,,,,,,,,,,,,,,,,,,,,,,,,,,,,,,,,,,,,,,,,,,,,,,,,,,,,,,,,,,,,,,,,,,,,,,,,,,,,,,,,,,,,,,,,,,,,,,,,,,,,,,,,,,,,,,,,,,,,,,,,,,,,,,,,,,,,,,,,,,,,,,,,,,,,,,,,,,,,,,,,,,,,,,,,,,,,,,,,,,,,,,,,,,,,,,,,,,,,,,,,,,,,,,,,,,,,,,,,,,
2007-03-30,0.011589101649555955,0.013118341443343784,-0.012872329945454397,0.025892361650892814,0.005248038203728322,0.01185459367733821,0.010014862959357274,0.009802161294466538,0.014354029059993056,0.017103377712029744,0.013315251042985254,0.014891480379437771,0.010029083623522173,0.009829356375983478,0.010792697877930246,0.013346933595560273,0.024400828694002952,0.009060874638417316,0.016730411962522895,0.011860044176301932,0.03377885714478124,0.041578666579469514,0.015164297736202759,0.015712456479513914,0.011209268621342083,0.005593563049558048,0.012918692768050244,0.028995120830567878,0.009340944887149094,-0.013444657040831642,0.010171566609842086,-0.01700287572125425,-0.0013827078201416043,0.004506444526600761,0.03448797429278949,0.053345436095522114,-0.0019498284995790316,0.014332167773845716,0.0032565597491200915,0.01690097772274335,0.009130508546723037,0.010175074902452064,-0.011131249335096238,-0.009777313883234884,0.0029584193377591994,0.03729729989875019,0.018960925793211292,0.00686915288572143,0.04045078878916519,0.00943451824318986,-0.010173693672341,0.002105816549404338,0.011446147616155145,0.0016607925320304417,-0.04135927935817052,0.0423993387261834,-0.05472564697265625,-0.010625156874413011,-0.010801379214008366,0.02570646450793146,0.024691358024691468,0.012418436727211768,0.0038302687986118134,0.0033681984999724968,,,,,,,,,,,,,,,,,,,,,,,,,,,,,,,,,,,,,,,,,,,,,,,,,,,,,,,,,,,,,,,,,,,,,,,,,,,,,,,,,,,,,,,,,,,,,,,,,,,,,,,,,,,,,,,,,,,,,,,,,,,,,,,,,,,,,,,,,,,,,,,,,,,,,,,,,,,,,,,,,,,,,,,,,,,,,,,,,,,,,,,,,,,,,,,,,,,,,,,,,,,,,,,,,,,,,,,,,,,,,,,,,,,,,,,,,,,,,,,,,,,,,,,,,,,,,,,,,,,,,,,,,,,,,,,,,,,
2007-04-30,0.044295688724063975,0.027690304159705637,-0.019904027753378295,0.06118546102203348,0.055824001182726235,0.043136164553627676,0.0424952472777369,0.016236458092698358,0.03692545574743522,0.023266143061784872,0.028132460517592328,0.042010586616153756,0.03956959201582477,0.04050120458685558,0.024783002588249392,0.006790105417086245,0.02357767636116459,0.018380824519652394,0.030310419967581437,0.02406285605554448,0.06055021298591434,0.06264982447275647,0.03482243730735757,0.04291005125352898,0.04022073798474102,0.0420097089178626,0.030031668335700923,0.037483997901927246,0.03636838986748003,-0.022712820242917542,0.02414674864023536,0.009050068606999417,0.006064908416065773,0.003056386079574258,0.07834690924282439,0.03725324925261053,0.005897844829374943,0.02771156731418767,0.006646577935828235,0.04196569804132588,0.035841929516938764,0.04373862027798814,0.02053542010936238,0.020811120047934395,0.04971825847724487,0.05752901736916183,0.03937467711616982,0.011563271443227885,0.043523455162524316,0.052833591779678724,0.015140527224103195,0.02905280781012265,0.03876226227752677,0.08911863309215806,0.06308912181109028,-0.03955008164953955,-0.001273232329473073,-0.0218312165986585,-0.020158082743309325,0.0006974963178443261,0.004578280161662285,0.042281435085477215,0.003715619003355375,0.004213411717813642,0.039453983728622743,0.00462300290551898,,,,,,,,,,,,,,,,,,,,,,,,,,,,,,,,,,,,,,,,,,,,,,,,,,,,,,,,,,,,,,,,,,,,,,,,,,,,,,,,,,,,,,,,,,,,,,,,,,,,,,,,,,,,,,,,,,,,,,,,,,,,,,,,,,,,,,,,,,,,,,,,,,,,,,,,,,,,,,,,,,,,,,,,,,,,,,,,,,,,,,,,,,,,,,,,,,,,,,,,,,,,,,,,,,,,,,,,,,,,,,,,,,,,,,,,,,,,,,,,,,,,,,,,,,,,,,,,,,,,,,,,,,,,,,,,,
2007-05-31,0.03392046136083238,0.05130581211260865,0.02240886746396753,0.08468463685494543,0.03154908841038395,0.03414629273721714,0.035931088898847774,0.04372084183939329,0.035610589538341175,0.043747179499437294,0.050011324285370806,0.03611164530474298,0.036899054187071734,0.03767864418914413,0.046554045450699855,0.03985300724078589,0.046215888239007796,0.04633884187195658,0.0558370124363754,0.04512517788206161,0.02175808450798722,0.03782626912690956,0.034807980203944267,0.034823285594255626,0.037238299578581824,0.040583644362557125,0.03321320213457457,0.023623037703661476,0.0359262404977736,0.032857713466254435,0.04706489433200045,-0.023138746242581165,-0.013934769316782836,-0.000674185235628677,0.027995352475833846,0.050645521105583846,-0.009172565935423704,0.019747042891248734,-0.013116375310609052,0.0357841614377552,0.043251231903419285,0.03570380337183532,-0.023103227112383773,-0.02395830058921322,0.032226692514129684,0.02133330547779222,0.020627827307067026,0.02941616718381601,0.03475674729583078,0.024215761590166585,0.015435265282493837,0.021837514163740135,0.03158723465036073,0.02283603158813352,0.007706887545460894,-0.044496536286264265,0.0035995752198010322,0.012959212944763765,0.009120103475648733,0.03921987657652215,-0.011753367232197776,0.030145429968061688,0.0046852580153400325,-0.008720594054226427,0.03321181964196995,-0.006131133262127886,-0.007867892909577123,-0.0028173453518348657,-0.005191244987112875,,,,,,,,,,,,,,,,,,,,,,,,,,,,,,,,,,,,,,,,,,,,,,,,,,,,,,,,,,,,,,,,,,,,,,,,,,,,,,,,,,,,,,,,,,,,,,,,,,,,,,,,,,,,,,,,,,,,,,,,,,,,,,,,,,,,,,,,,,,,,,,,,,,,,,,,,,,,,,,,,,,,,,,,,,,,,,,,,,,,,,,,,,,,,,,,,,,,,,,,,,,,,,,,,,,,,,,,,,,,,,,,,,,,,,,,,,,,,,,,,,,,,,,,,,,,,,,,,,,,,,,,,,,,,,
2007-06-29,-0.01462105323659102,-0.021740323336864265,-0.006164297683523112,-0.007973233833486137,0.004793009629482814,-0.015458243785893,-0.01895861797866727,-0.014382554667910274,-0.023189329645670442,-0.016099436185160965,-0.020191120761287262,-0.0197499232394156,-0.019360097434927392,-0.017304542831400038,-0.006810518563957868,-0.023831613570512,-0.010467084042992902,-0.022454557398030595,-0.014291797719129695,-0.02765250706184985,-0.004003474325288692,-0.011311294599044674,-0.025125644637843836,-0.0205780631534227,-0.01762779967485595,-0.01827162401196225,-0.029076973980374565,-0.0032086659585522925,-0.023736286624621572,-0.006905696083164159,-0.018925908942929337,-0.01013409635195428,-0.004676216867323335,0.004750703926047928,-0.004538435066234414,0.036783600643310654,-0.003768913961010978,-0.032181023976301404,-0.0021470969129315787,-0.020894012147971708,-0.017802214891667223,-0.017871473878746436,-0.01937754431980876,-0.01799055195045951,-0.009708600794382849,-0.0035248533663454484,-0.004194624464122221,-0.010444570782754292,0.0026385298062843177,-0.01580417356118191,-0.03321784406791861,-0.03858545551910364,-0.010596127064733785,-0.05111232382675113,0.01690900850983157,0.08251636011179175,-0.07718747392324699,-0.00817369727017403,-0.024198185304214914,-0.03241263134551098,0.03131070125337798,-0.020643727793410394,0.0043698964505354265,0.0015388474487356696,0.006711113277410474,-0.00687057949289982,-0.0031138397260196404,0.0023541038097449896,-0.14476230064723772,0.0043669656015554725,,,,,,,,,,,,,,,,,,,,,,,,,,,,,,,,,,,,,,,,,,,,,,,,,,,,,,,,,,,,,,,,,,,,,,,,,,,,,,,,,,,,,,,,,,,,,,,,,,,,,,,,,,,,,,,,,,,,,,,,,,,,,,,,,,,,,,,,,,,,,,,,,,,,,,,,,,,,,,,,,,,,,,,,,,,,,,,,,,,,,,,,,,,,,,,,,,,,,,,,,,,,,,,,,,,,,,,,,,,,,,,,,,,,,,,,,,,,,,,,,,,,,,,,,,,,,,,,,,,,,,,,,,,,,
2007-07-31,-0.031310219186781785,-0.046946506709382496,-0.005513208354517185,0.0,-0.001470992852441566,-0.031891142714248644,-0.031942317767580386,-0.06996362261583677,-0.04979800974020321,-0.05063283353287651,-0.049171024036599786,-0.038555233729115956,-0.03274716008573619,-0.03163289532382163,-0.05125202710618648,-0.08572178740739356,-0.04277443098422129,-0.06259532674317492,-0.04115859990833204,-0.05195707286017981,-0.025827534605486036,-0.03144088428922365,-0.04791441429623644,-0.04390002935459203,-0.03534623896144928,-0.023177664821481092,-0.05760199759505136,-0.02290483340122662,-0.036088442608452564,-0.00671918893044221,-0.04965635200426999,0.03319017634436916,0.02256769157623162,0.009040420390354464,-0.03223691055414246,0.007141001333742736,0.010731967312342716,-0.05828370351921475,0.023007460347142183,-0.04715580630745575,-0.046306797881170425,-0.03240254384624719,0.023650293322754035,0.023288324130225524,-0.029059602292685227,-0.028429028373706422,-0.027061405688750373,-0.0753721727621054,0.0,-0.02963843911972852,-0.06867373540487742,-0.050392151902698634,-0.0447450008318897,-0.011008631985344741,-0.008844315751489584,0.104339599609375,0.03659916197126867,-0.015048156627099352,-0.09241491335872165,-0.08660515885788689,0.047775916665252716,-0.03375379999423811,0.003699920264165879,0.016393562085630364,-0.01157895920390839,0.006955564225427979,0.009224083589076226,0.008848176879676872,-0.11050846078301557,0.003996437169712985,,,,,,,,,,,,,,,,,,,,,,,,,,,,,,,,,,,,,,,,,,,,,,,,,,,,,,,,,,,,,,,,,,,,,,,,,,,,,,,,,,,,,,,,,,,,,,,,,,,,,,,,,,,,,,,,,,,,,,,,,,,,,,,,,,,,,,,,,,,,,,,,,,,,,,,,,,,,,,,,,,,,,,,,,,,,,,,,,,,,,,,,,,,,,,,,,,,,,,,,,,,,,,,,,,,,,,,,,,,,,,,,,,,,,,,,,,,,,,,,,,,,,,,,,,,,,,,,,,,,,,,,,,,,,
2007-08-31,0.012832699796214264,0.011268514515220929,-0.024948409689706796,0.0013393480805923286,0.02819288336073189,0.01310788514043515,0.011630311880772126,0.021271158735482132,0.014922202005159813,0.018666518632467266,0.014371263082133545,0.01158460792511029,0.011523073436235487,0.012108897789997464,0.02308158250311476,0.018725636928144773,0.030578350022375078,0.013301063469054242,0.012612102122805169,0.009986818723674684,-0.004828658004830677,-0.0002622286676448038,0.011369781275823332,0.019320808608109807,0.014712063328139902,0.005841858613999218,-0.002223952038410748,-0.006335613980257837,0.002476927647727223,-0.027452318228590733,0.013814711191068252,0.017877352329356944,0.02263014896539528,0.010489811203048927,0.005151314498650139,0.01040969176998674,0.012794599336632517,0.02053150698150974,0.008221218617046722,0.014599391477478019,0.007419523667560934,0.017901129211976174,0.011095846137414656,0.011075702220660455,0.02335139321517965,0.0026970263303929265,-0.010758401940272999,0.015909714450772716,-0.011084639491663384,0.008534003032484305,0.013741410128284448,0.02830168813971512,0.008256157731690639,0.10673777831526632,0.013859474799784444,-0.04698445339747259,-0.0628026791081856,-0.017461125836440328,0.07108546727758513,-0.0032868881118444104,-0.03189582140704916,0.019193603281869587,0.006579341382193293,0.018518639034620366,-0.0019526271436298703,0.016874921250480845,0.01483367573032135,0.01110654880869788,-0.13744918098373438,0.004257881961181376,-0.0008350410071731318,,,,,,,,,,,,,,,,,,,,,,,,,,,,,,,,,,,,,,,,,,,,,,,,,,,,,,,,,,,,,,,,,,,,,,,,,,,,,,,,,,,,,,,,,,,,,,,,,,,,,,,,,,,,,,,,,,,,,,,,,,,,,,,,,,,,,,,,,,,,,,,,,,,,,,,,,,,,,,,,,,,,,,,,,,,,,,,,,,,,,,,,,,,,,,,,,,,,,,,,,,,,,,,,,,,,,,,,,,,,,,,,,,,,,,,,,,,,,,,,,,,,,,,,,,,,,,,,,,,,,,,,,,,,
2007-09-28,0.038714797507205745,0.02644439253354869,0.019190068969915375,0.09464850861964158,0.052521135915491124,0.040935094439039865,0.040783800735601616,0.018982801281251627,0.03364841347908465,0.01618916298255324,0.026555332183539004,0.030972529399701854,0.03786095864953687,0.03782489240317011,0.024189112686478387,0.004842009771492517,0.027071617860016106,0.0031586833907546463,0.034080321021819904,0.01756131603014266,0.05151737124997435,0.0581132211719706,0.031903574697516035,0.03372292106847308,0.03846655866962867,0.03890565731047557,0.026276016838723493,0.05317545101721732,0.03094916715078022,0.018764206178064624,0.03012611304970969,0.002282254030594677,0.0008831782669176391,0.005518879274491573,0.06845481579282064,0.11571406893448244,0.0063285945536581956,0.011676686914337209,0.012804868671345115,0.03552002080552796,0.029073894350663654,0.03856036521039097,0.1050812664749683,0.10489193849687961,0.02693738181456795,0.05164046061791416,0.03567611994464204,0.01691838579955318,0.04252647526906528,0.04286299480282563,0.008248034715361285,-0.005704070862004307,0.030654167369620566,0.04256515747672984,0.03657816789719992,0.12136967740982452,0.1381063150519264,0.013698932935871877,-0.002610388216254922,-0.011991701707814828,0.09443155078689869,0.03569062903517972,0.003271051691404292,0.004700646621837334,0.06153272333238502,0.003959515089963173,0.006034236263855464,0.006451402744411361,0.12665682298760106,0.0018989839335328274,0.047638674643785794,,,,,,,,,,,,,,,,,,,,,,,,,,,,,,,,,,,,,,,,,,,,,,,,,,,,,,,,,,,,,,,,,,,,,,,,,,,,,,,,,,,,,,,,,,,,,,,,,,,,,,,,,,,,,,,,,,,,,,,,,,,,,,,,,,,,,,,,,,,,,,,,,,,,,,,,,,,,,,,,,,,,,,,,,,,,,,,,,,,,,,,,,,,,,,,,,,,,,,,,,,,,,,,,,,,,,,,,,,,,,,,,,,,,,,,,,,,,,,,,,,,,,,,,,,,,,,,,,,,,,,,,,,,,
2007-10-31,0.013565735416781521,0.025738281368453686,0.0013945252152356424,0.10235322371254796,0.07041430349979261,0.01412010942856945,0.01603575888785036,0.028486061112457106,0.0011636645868631224,0.017204580064391184,0.02483582156752706,0.010557408808874236,0.018070492090799473,0.016823429730432826,0.05062274001471456,0.010680676776752218,0.024364008830754846,0.010603295147774139,0.036381849710775294,0.01713015015717745,0.04530221001137158,0.04954510262302381,0.0012564208219218997,0.00011359062740345927,0.01792363918240869,0.025581595699439408,0.002643985993828313,0.042498555748361255,0.017286109229215807,0.000635112106896818,0.02447557222919783,0.018161289053907126,0.010769968272910546,0.004779653536683748,0.04527984968238097,0.11870224497586013,0.010079057557000892,0.0007215342822581849,0.01166187131349039,0.0015383705776970125,0.01783015049391623,0.016419890449820063,0.0695143580717299,0.06749969076497941,0.008163594264336771,0.04744232345391142,0.04546060218889614,0.01092611527729992,0.0577734925257154,0.009433861720269165,-0.02633568763974692,-0.008477122797997616,0.012020722420399421,0.04392724421827987,-0.05478213493484563,0.17138285430472577,0.05162943518803376,0.0007303645761662647,-0.04383430878892913,-0.010533596296253056,0.05999580116409331,-0.0031107578572839856,0.003883450501060315,0.00795743044726338,0.06366256173368035,0.01133921795529469,0.009189743904885805,0.005127283947420569,0.12339872472426472,0.003934704883736817,0.04427592612637832,0.0030777669879418212,,,,,,,,,,,,,,,,,,,,,,,,,,,,,,,,,,,,,,,,,,,,,,,,,,,,,,,,,,,,,,,,,,,,,,,,,,,,,,,,,,,,,,,,,,,,,,,,,,,,,,,,,,,,,,,,,,,,,,,,,,,,,,,,,,,,,,,,,,,,,,,,,,,,,,,,,,,,,,,,,,,,,,,,,,,,,,,,,,,,,,,,,,,,,,,,,,,,,,,,,,,,,,,,,,,,,,,,,,,,,,,,,,,,,,,,,,,,,,,,,,,,,,,,,,,,,,,,,,,,,,,,,,,
2007-11-30,-0.03873213717861401,-0.04927624238002559,-0.020195106702261212,-0.11557668540760702,-0.0675992097466731,-0.04112680927604018,-0.04093984351948177,-0.0688776244811744,-0.04822760306527907,-0.07117739054178429,-0.048245943009614045,-0.045796545144102474,-0.04442990793141077,-0.042223347932479394,-0.06662930294487268,-0.0737205927964606,-0.07428579260585866,-0.07147516931782916,-0.04353396620742478,-0.05438561059362379,-0.03330696139621159,-0.027740859498621373,-0.05003160922729666,-0.04226004457337795,-0.0452214294688047,-0.04375605504104729,-0.05273607185721474,-0.03623670666016898,-0.04788774356221004,-0.014280995465564494,-0.059727595605047035,0.05351255112148734,0.04047591036529874,0.017927653053400938,-0.012442255818289283,-0.07649939595218946,0.01803542808930092,-0.027974182939362824,0.04117855000026527,-0.05040518611761169,-0.05057998924258822,-0.03995411285115846,-0.016535271004099905,-0.01412214492998043,-0.043911806507744955,-0.03760220980735918,-0.04740311427442667,-0.08715033878959189,-0.05683824001391369,-0.02803754290061644,-0.05527237197805035,-0.0296732153070689,-0.044301814416403684,0.001980209853837289,-0.11132348854104535,-0.045857692574017506,-0.03203342960618227,-0.015511120590242067,-0.048456022198364423,-0.08101797480391804,-0.004599990844726509,-0.03414084668434114,0.006047667346486207,0.033291398711419395,-0.04961415288793325,0.01559648017886106,0.019587655583330088,0.01866138431922071,-0.15987904471531722,0.00395515322335549,-0.037623501349488775,0.01381033486830563,0.00999777603451757,,,,,,,,,,,,,,,,,,,,,,,,,,,,,,,,,,,,,,,,,,,,,,,,,,,,,,,,,,,,,,,,,,,,,,,,,,,,,,,,,,,,,,,,,,,,,,,,,,,,,,,,,,,,,,,,,,,,,,,,,,,,,,,,,,,,,,,,,,,,,,,,,,,,,,,,,,,,,,,,,,,,,,,,,,,,,,,,,,,,,,,,,,,,,,,,,,,,,,,,,,,,,,,,,,,,,,,,,,,,,,,,,,,,,,,,,,,,,,,,,,,,,,,,,,,,,,,,,,,,,,,,,,
2007-12-31,-0.011260961406490577,-0.008389415178900794,-0.04562284261425564,0.018983358825442442,-0.0007134500846983638,-0.008259996199778352,-0.010803723852823133,-0.0064492953129784425,-0.014285880310352828,-0.010547050817820591,-0.009396602460603476,-0.02210466665429256,-0.009953084013524127,-0.007214373830199294,0.001111533722566893,-0.013413475286763288,-0.006218074793767903,-0.00718306502154098,-0.004530332408426041,-0.011253339375587701,-0.02457313401351835,-0.008041780672668697,-0.013007718187346695,-0.013764593996982821,-0.006944991594560523,0.0026258155721652354,-0.011361831644597586,-0.029812402188284737,-0.007707800131220743,-0.051528095963017884,-0.004754721462809974,-0.006276898394751207,0.000505379013784113,0.0029959217344124323,-0.008459637407084775,-0.014067005310848368,-9.205702406600569e-05,-0.0342752172229166,0.0006236116547275738,-0.015617820796442916,-0.004287857614638901,-0.007848705148647661,0.06647697115798756,0.06400823440967418,-0.005666328116848973,-0.020725355644976018,-0.03206445175079031,-0.005486481074899907,-0.02558550658788672,-0.013168686395613527,-0.08575257760472399,-0.02492922512024487,-0.01668650249204906,-0.022074955123032147,0.0022758382117515907,0.08367898966785114,0.05733812613008693,-0.04952127074921697,-0.05012452285582536,-0.04967400646090947,0.059674526690502105,-0.02059028034790389,0.002032438432870487,0.0028243576578592666,-0.02017209608716264,0.0029211682727676713,0.008466666488918806,0.002558593830849887,0.004155167097484425,0.0023575330576728337,-0.02797367879666046,0.007160337776719539,0.0017992421451891172,,,,,,,,,,,,,,,,,,,,,,,,,,,,,,,,,,,,,,,,,,,,,,,,,,,,,,,,,,,,,,,,,,,,,,,,,,,,,,,,,,,,,,,,,,,,,,,,,,,,,,,,,,,,,,,,,,,,,,,,,,,,,,,,,,,,,,,,,,,,,,,,,,,,,,,,,,,,,,,,,,,,,,,,,,,,,,,,,,,,,,,,,,,,,,,,,,,,,,,,,,,,,,,,,,,,,,,,,,,,,,,,,,,,,,,,,,,,,,,,,,,,,,,,,,,,,,,,,,,,,,,,,,
2008-01-31,-0.06046101474290988,-0.06002588972023226,-0.04288944057307631,-0.05728503053753231,-0.11889912930060664,-0.06269596220234663,-0.058668122614671914,-0.0653494434610401,-0.0403739837951157,-0.05398386782753872,-0.057099260955622344,-0.03457300639595928,-0.05971601228964174,-0.062063379436259725,-0.09139932708094822,-0.0384510744793245,-0.06332507337191917,-0.04000034712648193,-0.0674372045721865,-0.048390692912532396,-0.08798284501306841,-0.10325153722302305,-0.04176278220523999,-0.0425269843297047,-0.06166021382374942,-0.08048129535326043,-0.046434479014688224,-0.07847160855361546,-0.06403334305744035,-0.029063685966667197,-0.06685719677452473,0.020958092947718887,0.03355996028940722,0.016547875649622013,-0.10820264267020985,-0.08922161256592476,0.023128760505742196,0.0018610756540800022,0.03572814038787486,-0.047296888206474486,-0.06665804175726864,-0.06164355798001209,0.10841623260567879,0.10976346216284094,-0.06839840994455892,-0.08981541743766774,-0.08172340017882229,-0.07689323003918225,-0.06365338813164167,-0.06554917451186604,0.06888668138468246,0.0014531748524573285,-0.04764366652474594,-0.05592957185541514,-0.1440550135808688,-0.04501060673120838,0.14431525539583268,-0.03267712412522328,0.04449797751062934,0.013110961326096682,-0.004550657391518165,-0.03268079649048128,0.007025268753223068,0.029284090758977754,-0.07746109100916487,0.017288256537013158,0.012536092744296345,0.022712432407273164,0.0835861732219827,0.003930624040138886,-0.07387320046883583,0.0026491083050432795,0.02217829428740048,-0.02339646635904713,-0.032019240816626215,-0.10435443707099801,,,,,,,,,,,,,,,,,,,,,,,,,,,,,,,,,,,,,,,,,,,,,,,,,,,,,,,,,,,,,,,,,,,,,,,,,,,,,,,,,,,,,,,,,,,,,,,,,,,,,,,,,,,,,,,,,,,,,,,,,,,,,,,,,,,,,,,,,,,,,,,,,,,,,,,,,,,,,,,,,,,,,,,,,,,,,,,,,,,,,,,,,,,,,,,,,,,,,,,,,,,,,,,,,,,,,,,,,,,,,,,,,,,,,,,,,,,,,,,,,,,,,,,,,,,,,,,,,,,,,,,
2008-02-29,-0.025842425471111485,-0.010563375647811624,-0.014937332912093204,0.057133215631481216,-0.048304579810800496,-0.027555622189421203,-0.02842671850801981,-0.02932026545376676,-0.03882574979552522,-0.023735821815946356,-0.01810466705660463,-0.04747697859879285,-0.02759587758174198,-0.02757050916411108,-0.03374989960664343,-0.031724831725188696,-0.02058263540213867,-0.03363054884305183,-0.003850085234243905,-0.032756512203754085,-0.004699128061167124,-0.008224503042411957,-0.03805994177985428,-0.04137037765042495,-0.02496343731086159,-0.013648635465019598,-0.032190789227167005,-0.010229402148764999,-0.020019207721954313,-0.01651227447130288,-0.018548590719300595,-0.004552936432771326,0.01239190435408477,0.010332565384644887,-0.018969781256200302,0.0199431195331341,-0.0016009487941914813,-0.08388803885332152,0.014227043319667843,-0.039051244865672796,-0.01502061908927621,-0.026439548849262917,0.052297578769114894,0.05311476298326023,-0.019943788661208828,-0.002936935498473958,-0.022097492059934498,-0.03262257782997291,-0.017644211266488852,-0.0234884125740914,-0.12352335098836909,-0.06673887662279265,-0.03232829638216472,-0.04193458220250523,-0.03290564272758978,0.11154111769208641,0.1694611927494898,-0.00020346265973980593,-0.11567245463750686,-0.06529413320761546,0.11257142566499256,-0.047946989248399574,0.0019085247438559438,0.015534395082447583,-0.0022191673059829276,-0.0009879039446941684,0.0008966521765052526,0.007780222067860665,0.1603870480535332,0.0016350109816141156,-0.01013952865491674,-0.04641882682256682,-0.04239127499860862,-0.03440439792831618,0.12868068146103062,-0.0037234634960789936,,,,,,,,,,,,,,,,,,,,,,,,,,,,,,,,,,,,,,,,,,,,,,,,,,,,,,,,,,,,,,,,,,,,,,,,,,,,,,,,,,,,,,,,,,,,,,,,,,,,,,,,,,,,,,,,,,,,,,,,,,,,,,,,,,,,,,,,,,,,,,,,,,,,,,,,,,,,,,,,,,,,,,,,,,,,,,,,,,,,,,,,,,,,,,,,,,,,,,,,,,,,,,,,,,,,,,,,,,,,,,,,,,,,,,,,,,,,,,,,,,,,,,,,,,,,,,,,,,,,,,,
2008-03-31,-0.008942390975388959,-0.01860796706210799,-0.012769244382402567,-0.05310851066683642,0.01872333589300501,-0.006315128810123527,-0.006837581953949234,-0.006658617748876661,-0.0011167818489268289,-0.0007963518239026968,-0.009254962498101649,-0.006807643988280265,-0.00817198505631922,-0.008290789293785461,-0.0101206666965723,0.0009079817672903445,0.0010963482904005062,0.008254071617196823,-0.014418199118272801,-0.00014396247378178906,0.011754638528702621,0.02525486624770945,-0.006639205586940755,-0.006153560896261845,-0.00894633114986132,-0.018129526488090963,-0.009488403251122657,0.004189797189985356,-0.012786957016269418,-0.022894449565824315,-0.011687675871431935,0.021388437476462574,0.013372983311683795,0.0025346356353432853,0.028930636546166788,-0.03753058167055179,0.001296563796925998,-0.011321627161267833,-0.0013993837083881022,-0.004480312265606412,-0.02391126098888996,-0.004457681180486839,-0.059991647169457374,-0.059049326420480885,0.002290618540073286,0.013107636248472332,0.014394345240451134,-0.01107518713406952,-0.010156779781775538,-0.00358324863158066,-0.03768343419382025,0.010934001340315636,-0.019557979826193672,-0.0031664500818556762,0.016818816018043803,0.011688665292325817,-0.1335671648970257,-0.012008712313744008,0.025984980293864757,-0.000436142834956299,-0.009416182819677155,0.010060676230054133,0.0031523870268805876,0.007770961266338805,-0.0009272052548360277,0.005146023277605272,0.003996275731199095,0.0017364545618496763,0.06406314286182968,0.002334419029481838,0.0037818839056087405,0.03134119998101759,0.0332924749496506,0.004647281538189718,-0.02134505078077542,0.01912549660657814,-0.02217299486565283,,,,,,,,,,,,,,,,,,,,,,,,,,,,,,,,,,,,,,,,,,,,,,,,,,,,,,,,,,,,,,,,,,,,,,,,,,,,,,,,,,,,,,,,,,,,,,,,,,,,,,,,,,,,,,,,,,,,,,,,,,,,,,,,,,,,,,,,,,,,,,,,,,,,,,,,,,,,,,,,,,,,,,,,,,,,,,,,,,,,,,,,,,,,,,,,,,,,,,,,,,,,,,,,,,,,,,,,,,,,,,,,,,,,,,,,,,,,,,,,,,,,,,,,,,,,,,,,,,,,,,
2008-04-30,0.04766240310306036,0.07920156568609804,0.07356550135395978,0.07093397692247971,0.07982593057254905,0.0482492954146132,0.0495976500945714,0.045540666700320864,0.04166074586550117,0.04421836457412698,0.07486476957977484,0.03682862031457823,0.04933678853281598,0.04997694599095248,0.05769458775823222,0.039499680757381084,0.0492555561003567,0.026436258889017683,0.0806035267077474,0.06668488676321105,0.04428185661736039,0.039889248952088785,0.04662652221902941,0.0422534668544845,0.04885493010118691,0.07107618496844337,0.06026412386899693,0.054381070667069764,0.06360205796107765,0.08481090011861481,0.05507678317148601,-0.024863160508662552,-0.024173291526730534,-0.008374551426527543,0.04436626372961139,0.09138263368342825,0.0032772675176901966,0.025920336119399368,-0.01399675332248107,0.04277623810097597,0.0681110715313682,0.04740245205936988,-0.0415883418198143,-0.046101268701276954,0.03443951491511377,0.040993981612254204,0.05584314380841282,0.016744660499251385,0.05666454148917688,0.0476892599787746,0.04967787308683902,0.02833336541035547,0.04893472091537543,0.043534906416174746,0.11648696722919616,0.13692231202160388,-0.018836984094720677,0.044911169410234875,-0.020204626599970243,0.040681762577991165,0.08192184261611479,0.022047983568182605,0.0008622470389429981,-0.022976069003253108,0.05918403823111329,0.00033933274813580105,-0.003456189566593104,-0.0056996440912664426,0.07752573858831346,-0.0006541316173859224,0.053765423890355324,0.015494527012336334,0.012465640841086811,0.03724036205106973,0.1339796021661035,0.01919728594355541,0.12018144779994344,0.07968409955898115,,,,,,,,,,,,,,,,,,,,,,,,,,,,,,,,,,,,,,,,,,,,,,,,,,,,,,,,,,,,,,,,,,,,,,,,,,,,,,,,,,,,,,,,,,,,,,,,,,,,,,,,,,,,,,,,,,,,,,,,,,,,,,,,,,,,,,,,,,,,,,,,,,,,,,,,,,,,,,,,,,,,,,,,,,,,,,,,,,,,,,,,,,,,,,,,,,,,,,,,,,,,,,,,,,,,,,,,,,,,,,,,,,,,,,,,,,,,,,,,,,,,,,,,,,,,,,,,,,,,,
2008-05-30,0.015116654932164408,0.05435138813181695,0.019578048894073996,0.07855828544134935,0.05930953649200266,0.012841236047972826,0.017206883914974158,0.04579899496728146,-0.002483525502826822,0.041546816209719006,0.0536146399239843,0.0002785013963209071,0.019632823421135148,0.01965993351399109,0.05520007863337395,0.03110342620142892,0.043937201349595334,0.039154477305053614,0.05846945134833392,0.04505793183495044,0.004103133314944385,0.011843822480107402,0.0008084238678123246,-0.004890128655003156,0.020160284555550412,0.05262653916101234,0.035790178999338895,0.01187198474419593,0.046231070120928086,0.020159309185681762,0.04911349666301379,-0.02688251663919128,-0.01777493944803421,-0.003461272863123477,0.0020386660874893714,0.03163794394220654,-0.012653033786004686,-0.018864393079369823,0.0010689300157036286,-0.005746017912654833,0.04527297832400223,0.017172152238938754,0.009232491728512704,0.011330740068456358,0.020742747507678905,0.006702836158690495,-0.0007221338047650461,0.03737430659381702,0.016853971377446486,0.02049124622507259,-0.07920522973042865,0.0,0.0,0.07341128104868355,0.08897064741432037,0.11416213576858114,-0.002810943755457873,0.03095447590215583,-0.040952533031277216,0.003939184148808783,0.08466458755504336,-0.001244427963039807,0.00014533433616703562,-0.012281027385508847,0.014187737036694736,-0.0075611175465370994,-0.009939283449270975,-0.007581660478419239,0.06448532060502288,0.0009609337866700596,0.012056213461207443,0.005946330691764423,-0.007519087407817371,0.0038733052477972763,0.14608455781947693,0.021164059079691544,0.1475892608620415,0.008638104498439825,0.007898806100764766,,,,,,,,,,,,,,,,,,,,,,,,,,,,,,,,,,,,,,,,,,,,,,,,,,,,,,,,,,,,,,,,,,,,,,,,,,,,,,,,,,,,,,,,,,,,,,,,,,,,,,,,,,,,,,,,,,,,,,,,,,,,,,,,,,,,,,,,,,,,,,,,,,,,,,,,,,,,,,,,,,,,,,,,,,,,,,,,,,,,,,,,,,,,,,,,,,,,,,,,,,,,,,,,,,,,,,,,,,,,,,,,,,,,,,,,,,,,,,,,,,,,,,,,,,,,,,,,,,,,
2008-06-30,-0.08357609709983616,-0.07103356348366163,-0.07460807869403874,-0.04953229283024729,-0.09615057049548459,-0.08388345881017156,-0.08314929217553235,-0.07526478361212174,-0.09525644445985781,-0.07456916904304245,-0.07050045581931219,-0.11099636312895844,-0.08143267391372666,-0.08054331097403244,-0.058124631010471606,-0.09334116241378976,-0.057705526881364655,-0.08417075215950265,-0.04947272494329191,-0.08596931455086876,-0.09351150704202293,-0.11260839880932971,-0.09548800283472592,-0.09979910376516932,-0.08120827185852286,-0.07328579974305038,-0.089145158445598,-0.08786828956620074,-0.07953917428799995,-0.0736018457964146,-0.07416226415582128,0.026536961189323582,0.01145840984196056,0.0024547384060147337,-0.10406254662584935,-0.09269537731293043,-0.0018488307451758335,-0.14410438809163184,0.01789415578246767,-0.09527485945748204,-0.07738002983352643,-0.0813304893932486,0.0451687217321981,0.042986214188694305,-0.07998873178450772,-0.08988743097348773,-0.0974842684997459,-0.0920010352847318,-0.10741804248632292,-0.07841389157241208,-0.22669045363909224,-0.15032789965703575,-0.10887733021267698,-0.027970379567525905,-0.12271564352738884,0.1028527688203087,0.03538656154914266,-0.06119717467834185,-0.1888715429059763,-0.11302278506274932,0.10324008805152562,-0.1032191480008392,0.001874033284468446,0.00738959665642791,-0.08376520605325344,-0.0011536217532233106,0.0004197025826500056,0.001630326534693527,0.13194319632675455,0.0023367920324535163,-0.08678992324409451,-0.017315643756102173,-0.016690468965218308,-0.034554794087517604,0.1177410245378312,-0.07748901066036773,0.05291858594385612,-0.07987327815559309,-0.08438110723118253,,,,,,,,,,,,,,,,,,,,,,,,,,,,,,,,,,,,,,,,,,,,,,,,,,,,,,,,,,,,,,,,,,,,,,,,,,,,,,,,,,,,,,,,,,,,,,,,,,,,,,,,,,,,,,,,,,,,,,,,,,,,,,,,,,,,,,,,,,,,,,,,,,,,,,,,,,,,,,,,,,,,,,,,,,,,,,,,,,,,,,,,,,,,,,,,,,,,,,,,,,,,,,,,,,,,,,,,,,,,,,,,,,,,,,,,,,,,,,,,,,,,,,,,,,,,,,,,,,,,
2008-07-31,-0.008985693064244571,-0.01821221719007382,-0.03769059368844341,-0.05458399558286198,0.006420105080892524,-0.0074216230579639,-0.009451150290723964,0.036731011948945236,-0.0034362915242568404,0.01894638806909077,-0.016548559936852225,0.013565114392430244,-0.008045574644241271,-0.009024577024471903,0.01713153077222951,0.0462984749164399,0.0036083882140900414,0.02873299379044192,-0.03445985893013648,-0.005674519384258225,-0.02571503623979532,-0.024390190251260546,0.0012517934953963916,0.00680587846854408,-0.006241650598524551,-0.03789247201890111,-0.012398098067413987,-0.03320221589049055,-0.02529296451147045,-0.03869798486559284,-0.004512561303627538,-0.0036741805087061596,0.007206754495844736,0.004342354100303147,-0.0007795139022170883,-0.05503967976341284,0.0039393831017879855,0.04182668405919032,-0.006095424754806067,-0.0017874402820069468,-0.039358773296940486,-0.009142520736064697,-0.014442009549096912,-0.012167056809321286,0.002608656659944808,-0.02880654435580099,-0.02971581513160093,0.0491692635487071,-0.012007120646430502,-0.015879049129241762,0.13752202724030882,0.05419356926452412,0.003695840104350534,0.20100675731016837,-0.045454009619713354,-0.12027103077506751,0.015466615930730399,-0.03707512680694014,0.1366885434902172,0.03932979758155919,-0.13322657681275263,0.019383673885211117,0.0024101031952274976,0.007203876466161052,-0.03675763729534054,0.00012785305235274436,0.00021068461443363162,0.00420075706468892,-0.3234874122868022,0.001875551632833261,-0.03470801288063652,0.005634332492347127,0.00558588442115826,-0.011147138892080077,-0.11606289414069393,-0.06615119163315197,-0.13600371035352699,-0.03156627644586285,-0.03801754527034906,-0.026846733614538154,,,,,,,,,,,,,,,,,,,,,,,,,,,,,,,,,,,,,,,,,,,,,,,,,,,,,,,,,,,,,,,,,,,,,,,,,,,,,,,,,,,,,,,,,,,,,,,,,,,,,,,,,,,,,,,,,,,,,,,,,,,,,,,,,,,,,,,,,,,,,,,,,,,,,,,,,,,,,,,,,,,,,,,,,,,,,,,,,,,,,,,,,,,,,,,,,,,,,,,,,,,,,,,,,,,,,,,,,,,,,,,,,,,,,,,,,,,,,,,,,,,,,,,,,,,,,,,,,,,
2008-08-29,0.015453311147273885,0.01444251236245897,-0.04916653469242149,-0.03094094108997525,0.01451788452010816,0.014875719224915818,0.013818917138505915,0.03575407069707781,0.016688469637585746,0.042896339132638905,0.014458269699020754,0.014160733686318538,0.016765577995359715,0.015817041835149093,0.03154549394121253,0.052211051995065594,0.03689207985928733,0.04761865970342605,0.01322289272827093,0.020652360808698367,-0.03969565725562485,-0.03933055847228528,0.0197463606849686,0.014957563132643736,0.014602651191161886,0.009249469217560868,0.0277973955747699,-0.042476042144812154,0.018484463637437498,-0.047968234573484425,0.020605596380879554,0.0273926838725711,0.015265859014631955,0.004663665356583913,-0.05383301593267886,-0.06315756601846367,0.007419069932169675,0.03761484800556114,0.0078078695461905046,0.016293468204634953,0.01623944696979618,0.011142127593864348,-0.09291743535130026,-0.09043503400665853,0.0208141225586973,-0.03844900318171529,-0.03502545286902048,0.02721876389596556,-0.01215283558879554,0.014945679266504364,0.005522937022610419,0.036689489941817977,0.020049229648705813,-0.07024140141732249,0.05769656826041447,-0.07120707340036225,-0.23730750930634859,-0.03956003311797596,0.06045608148233006,0.059887833787504396,-0.07484984733573385,0.017410955762217295,0.0012277169506367258,0.009796849915477024,-0.05107631258487122,0.010402640316264034,0.008378849228789953,0.004417028500907083,-0.1370892103701743,0.0007854041399892875,-0.04005779837197465,0.01448034568744383,0.017349418959372365,-0.002198514800579754,-0.06201130298189195,-0.036027308574590355,-0.03349193947669726,-0.01671507214058865,-0.04924486914734971,-0.0184611414883592,,,,,,,,,,,,,,,,,,,,,,,,,,,,,,,,,,,,,,,,,,,,,,,,,,,,,,,,,,,,,,,,,,,,,,,,,,,,,,,,,,,,,,,,,,,,,,,,,,,,,,,,,,,,,,,,,,,,,,,,,,,,,,,,,,,,,,,,,,,,,,,,,,,,,,,,,,,,,,,,,,,,,,,,,,,,,,,,,,,,,,,,,,,,,,,,,,,,,,,,,,,,,,,,,,,,,,,,,,,,,,,,,,,,,,,,,,,,,,,,,,,,,,,,,,,,,,,,,,,
2008-09-30,-0.09417338175913115,-0.1078900904948541,-0.06573163938090154,-0.1329822924576297,-0.15576212073729,-0.08881535167688737,-0.09338663598024621,-0.07751492454789854,-0.073976106732482,-0.06655571490963763,-0.10779016885705117,-0.07424612917452933,-0.0811644208951472,-0.09673896184835806,-0.11289408092569875,-0.032036131729965556,-0.07312394676847989,-0.04813881947929732,-0.13326286148422262,-0.08014355035138732,-0.12357079142615945,-0.13501728703154414,-0.07186822271406212,-0.07628761000217255,-0.09241090036601662,-0.15286896895296154,-0.08887286262176075,-0.1143624811434728,-0.13033143463826125,-0.06619274859467805,-0.11225516135456781,0.01476011374717734,-0.0014027621512002764,0.007779557151646133,-0.11909417690008262,-0.14681667764357642,-0.01759757629000369,0.009991663652384242,-0.040219807497854476,-0.06852195359860169,-0.1297466360729327,-0.08904554702269607,0.04112104574714248,0.04269859713185653,-0.074225483254311,-0.12893814294685957,-0.11555331371377664,-0.06909983124462471,-0.1134906951587521,-0.10751609355034064,0.03611425701701276,0.03946239816311947,-0.08534897930944962,-0.06528831725497031,-0.17507626921853958,-0.11693765789999666,-0.11368732364247103,-0.06718067413189754,0.1150850317707548,-0.04341379998428574,-0.10437823355447617,-0.04691187691156773,0.0030923433020542124,0.009975775466476877,-0.12476765890893926,0.010529757313605392,-0.005156389514645365,-0.0022637526786196682,-0.09357994515179036,0.005082275511805401,-0.11588725335807393,-0.03385557444671072,-0.0010320106958399133,-0.07617490787982228,-0.12819778311160424,-0.14696976553416052,-0.09283239070958793,-0.1226095945793565,-0.13144703346796827,-0.09108223851689023,,,,,,,,,,,,,,,,,,,,,,,,,,,,,,,,,,,,,,,,,,,,,,,,,,,,,,,,,,,,,,,,,,,,,,,,,,,,,,,,,,,,,,,,,,,,,,,,,,,,,,,,,,,,,,,,,,,,,,,,,,,,,,,,,,,,,,,,,,,,,,,,,,,,,,,,,,,,,,,,,,,,,,,,,,,,,,,,,,,,,,,,,,,,,,,,,,,,,,,,,,,,,,,,,,,,,,,,,,,,,,,,,,,,,,,,,,,,,,,,,,,,,,,,,,,,,,,,,,,
2008-10-31,-0.16518653770367508,-0.21547824484544698,-0.15572244739838004,-0.27182987987568286,-0.15471622616733527,-0.16632481133926136,-0.17133399638448243,-0.20955861424405142,-0.169822824541227,-0.1976139091055854,-0.2129632719533534,-0.17009195300009516,-0.18767288525108494,-0.173958383916756,-0.21654932531742788,-0.20969668972002875,-0.21462326523646735,-0.19861637030611168,-0.21485711973827248,-0.22212521760824777,-0.21249380687787567,-0.24572003208454662,-0.17524152976133578,-0.16795724499095688,-0.17477718356866578,-0.22001934079352725,-0.23080843055510547,-0.20834797427216312,-0.21348569140220552,-0.15911946666197863,-0.2160562905303428,-0.018607690746342942,-0.008629308069866948,0.011046149797082183,-0.22634481131826478,-0.2557799569013758,-0.022809993920799188,-0.11457524649437667,-0.08089581272546087,-0.1623423822724902,-0.21984518889032478,-0.17176510456758853,-0.1613965370422935,-0.16251315667763389,-0.18289566150036374,-0.21828747939057058,-0.19825541966094795,-0.211318176909583,-0.24466692824144987,-0.14797380456869202,-0.1363095045098398,-0.1154001438117851,-0.18179848562436474,-0.11042734686609157,-0.15141896251149634,-0.3221558504504748,-0.1915612138977948,-0.12703607658685023,-0.07323920459560107,-0.24845549498870456,-0.2966542622825631,-0.14847494864858668,0.0019515142232919835,0.01469048239926396,-0.2276159954710748,-0.017417859098444066,-0.02947610635968856,-0.020148569566332042,-0.13265306472918514,-0.002325166916297583,-0.20557276248070822,-0.009741269527855256,-0.06741581640093897,-0.1908625772428062,-0.30201120575185414,-0.2377145343616046,-0.38540412820173997,-0.1840639291741215,-0.23001774278373754,-0.21436818435076832,,,,,,,,,,,,,,,,,,,,,,,,,,,,,,,,,,,,,,,,,,,,,,,,,,,,,,,,,,,,,,,,,,,,,,,,,,,,,,,,,,,,,,,,,,,,,,,,,,,,,,,,,,,,,,,,,,,,,,,,,,,,,,,,,,,,,,,,,,,,,,,,,,,,,,,,,,,,,,,,,,,,,,,,,,,,,,,,,,,,,,,,,,,,,,,,,,,,,,,,,,,,,,,,,,,,,,,,,,,,,,,,,,,,,,,,,,,,,,,,,,,,,,,,,,,,,,,,,,,
2008-11-28,-0.06960649217455661,-0.09487374958762962,-0.03777768928756575,-0.10792518446477617,-0.11462418539476826,-0.07464812291463485,-0.0837287952083392,-0.11925582151340708,-0.07484932547862355,-0.11853429356262368,-0.09622407530899701,-0.09261109136482193,-0.08106626966423292,-0.07839074976678284,-0.118974114736344,-0.11272122070752366,-0.10843842024352812,-0.11797447919983717,-0.09614444970072489,-0.08982079265652798,-0.06721864099921804,-0.07443258626860838,-0.07642239236192738,-0.05674365819954674,-0.0801497846649365,-0.10260169934174024,-0.09582237283223582,-0.06371989558083979,-0.10569494675389579,-0.05108215924186266,-0.11198135373039986,0.14341351904214839,0.07753794676323467,0.011053465261809059,-0.07071288976078616,-0.09752223481186262,0.030242710127018624,-0.08909651187865664,0.008768565912477655,-0.06649981737380428,-0.09134034326682472,-0.0761641183987346,0.1257359360970265,0.1223806098479463,-0.07759243621833178,-0.07382513262881285,-0.06800201629806124,-0.1272776317990676,-0.09620512496200828,-0.09601806174763083,-0.18263229593876662,-0.06420983898001653,-0.0859144548806191,-0.08244496217691799,-0.21733226266836714,-0.24284943268472958,0.0678496475685586,-0.03922133283873264,-0.09847976991676899,-0.2025098143006735,-0.14878438280688533,-0.05541503503367573,0.003539519735477281,0.038496847766025466,-0.06772411807192125,0.04219869541378207,0.03926961162547382,0.04274821928737471,-0.06747400973460593,-0.0005008431433821681,-0.06621321265696889,-0.005429809896329574,0.03203579411288726,-0.0838100693898014,-0.1835144173302219,-0.07378650162734157,-0.2508995797468898,-0.0875630878538608,-0.06996400986528406,-0.0680677856428914,,,,,,,,,,,,,,,,,,,,,,,,,,,,,,,,,,,,,,,,,,,,,,,,,,,,,,,,,,,,,,,,,,,,,,,,,,,,,,,,,,,,,,,,,,,,,,,,,,,,,,,,,,,,,,,,,,,,,,,,,,,,,,,,,,,,,,,,,,,,,,,,,,,,,,,,,,,,,,,,,,,,,,,,,,,,,,,,,,,,,,,,,,,,,,,,,,,,,,,,,,,,,,,,,,,,,,,,,,,,,,,,,,,,,,,,,,,,,,,,,,,,,,,,,,,,,,,,,,,
2008-12-31,0.009796111752642167,0.044212186304176004,0.115408321370577,0.03950546779323161,0.02277396879900162,0.009795029545766942,0.018358829145603606,0.048056855150567124,0.017790494167645665,0.05097301278327104,0.044020687282591675,0.013373403369940196,0.019348099575164035,0.020990331645282856,0.04779836491435696,0.05290607308277262,0.040549528615621444,0.06580477485685132,0.045517705049872514,0.046239270451758685,0.0769684615974422,0.12425822506702877,0.021580249720705602,0.010186312853733392,0.017661559333081334,0.03476545576436196,0.054171163960357704,0.08868408748099887,0.04090443977803604,0.11039928897661655,0.052533335874570763,0.13652438791500576,0.05156245311588892,0.0056311107965856255,0.127941798043665,0.103334935842474,0.06662452057466028,-0.02497692003117369,0.06503649887864582,0.014943018218510407,0.04982134612562672,0.018554116226668027,0.07732535516442862,0.07866566321552271,0.010699704542050492,0.0718544476273899,0.08719327006496758,0.0440524680050467,0.035102290043383944,0.02588070156285438,-0.06489135174869898,-0.0058816665119277856,0.014425340754260274,0.09264628041817757,0.053722074543087306,-0.2135899654520208,0.09481918968070269,0.1326418016951807,0.004070250124416308,0.1191418535651263,-0.11176648793686339,0.005586686023713927,0.0008605693410239645,0.017614382507861404,0.08487000288934321,0.017189666142702675,0.05136691391010517,0.0339493802207238,-0.14025976176756227,0.00030376937260978565,0.09018462625634815,0.05280676312245003,0.025681890401056506,0.1697888590323584,-0.13537750496065137,0.0870762928558877,-0.15021836643499464,0.05465198335649801,0.07502323433122382,0.0541140218776317,,,,,,,,,,,,,,,,,,,,,,,,,,,,,,,,,,,,,,,,,,,,,,,,,,,,,,,,,,,,,,,,,,,,,,,,,,,,,,,,,,,,,,,,,,,,,,,,,,,,,,,,,,,,,,,,,,,,,,,,,,,,,,,,,,,,,,,,,,,,,,,,,,,,,,,,,,,,,,,,,,,,,,,,,,,,,,,,,,,,,,,,,,,,,,,,,,,,,,,,,,,,,,,,,,,,,,,,,,,,,,,,,,,,,,,,,,,,,,,,,,,,,,,,,,,,,,,,,,,
2009-01-30,-0.08211416895798473,-0.0665917006465917,-0.12004161970188021,-0.04188157318719543,-0.022865034449102595,-0.08127588602194358,-0.07939358905107718,-0.09666946908185337,-0.11571046201588231,-0.116897747881609,-0.06750417717506518,-0.1215139646246306,-0.08365386590551394,-0.08459966316404077,-0.0680293856343539,-0.13788904042762762,-0.10390504363271791,-0.13944865710707122,-0.05716871566241544,-0.07836065377317247,-0.14739891703949726,-0.1718393322548184,-0.11558142948510286,-0.11089183251872226,-0.08046501133186279,-0.04411792450127505,-0.11005629988631438,-0.13731614947589676,-0.07083037474732579,-0.1154494608715737,-0.08167133890984513,-0.13070886006900406,-0.03887172503123504,-0.004371429463917886,-0.1825331978346112,-0.09291127097162377,-0.019865753569091926,-0.15669648838014505,-0.00040317733031192127,-0.11102998611738357,-0.0687342545045938,-0.08024544940810185,0.05536293459751551,0.054234859623020215,-0.07881033219312461,-0.13842589893447532,-0.15314448760055666,-0.11051831162257231,-0.13986713136664308,-0.08010589677662006,-0.3512041155084845,-0.13369555960085533,-0.10208264792715527,-0.015852523653867023,-0.025672641478840075,-0.11722052385591919,0.11785720276589395,-0.1099261287895884,-0.28875126352127645,-0.03436432221386909,-0.10346036101622147,-0.12976206755624897,-0.0005437053352028709,-0.0128072982130496,-0.12995047556771533,-0.0017152109016915773,-0.02076733199098535,-0.010925489362444196,-0.21752269740749586,0.0019653382010784703,-0.14015223307109081,-0.00010109817896908346,0.015665394245351738,-0.015746486993213793,-0.027099347021830478,-0.11551970544484114,0.20349440792014306,-0.11381883712204921,-0.1341142909748464,-0.10855035501552734,,,,,,,,,,,,,,,,,,,,,,,,,,,,,,,,,,,,,,,,,,,,,,,,,,,,,,,,,,,,,,,,,,,,,,,,,,,,,,,,,,,,,,,,,,,,,,,,,,,,,,,,,,,,,,,,,,,,,,,,,,,,,,,,,,,,,,,,,,,,,,,,,,,,,,,,,,,,,,,,,,,,,,,,,,,,,,,,,,,,,,,,,,,,,,,,,,,,,,,,,,,,,,,,,,,,,,,,,,,,,,,,,,,,,,,,,,,,,,,,,,,,,,,,,,,,,,,,,,,
2009-02-27,-0.1074486859510817,-0.0944974081337604,-0.12574136140187575,-0.0964072751034526,-0.05264969983075185,-0.10558019474585878,-0.10446783971129936,-0.11982884623605627,-0.13176586671569945,-0.11820762845178057,-0.09390720401535468,-0.1312672383093838,-0.10493180480682462,-0.10084239276128837,-0.1042197550750138,-0.1389480908092504,-0.10868987956604792,-0.13025859091497138,-0.0789972829476604,-0.11048818702572827,-0.10659132860614162,-0.1207098726136937,-0.13365953843889256,-0.12249863133648564,-0.10525089583395686,-0.07324434457443552,-0.1201101227495216,-0.1038759509069549,-0.09929697197463971,-0.13188022539663546,-0.0989316796355112,-0.015318530753256288,-0.007349481261158086,-0.0014490179851558427,-0.12428769481540114,-0.06269344245332786,-0.010554392414343305,-0.14876543738408132,-0.021976004377629255,-0.13555662456692175,-0.09542733034240647,-0.10565648703688224,0.014456244990885825,0.01422943509200092,-0.09886684577423055,-0.1037816439921807,-0.11502603315181215,-0.13519172913507604,-0.09845108056815055,-0.09806520008793773,-0.14705898256955274,-0.13325722971214082,-0.11891569170745431,-0.12298665702159406,0.017849512085659436,-0.07426420695712288,0.028753965136958826,-0.13662298904956738,-0.1224689216040139,0.007117818744280191,-0.06120856601066016,-0.13645640933496572,-0.0006076813448142593,-0.006351972570244002,-0.09210510494548507,0.0040501711966454135,-0.0058537040544488494,-0.009805248799005684,-0.04467730300259609,-4.419069535721576e-05,-0.10076267796819027,0.005058951401801126,0.01637003320491437,-0.10195269716154598,-0.054332872347019445,-0.09278780882139348,-0.0021348948291062264,-0.09711065814945241,-0.09624098639132483,-0.09523807726800926,,,,,,,,,,,,,,,,,,,,,,,,,,,,,,,,,,,,,,,,,,,,,,,,,,,,,,,,,,,,,,,,,,,,,,,,,,,,,,,,,,,,,,,,,,,,,,,,,,,,,,,,,,,,,,,,,,,,,,,,,,,,,,,,,,,,,,,,,,,,,,,,,,,,,,,,,,,,,,,,,,,,,,,,,,,,,,,,,,,,,,,,,,,,,,,,,,,,,,,,,,,,,,,,,,,,,,,,,,,,,,,,,,,,,,,,,,,,,,,,,,,,,,,,,,,,,,,,,,,
2009-03-31,0.08331033702182133,0.08297605754267257,0.07191278240625865,0.09078872691281625,0.10316532381346266,0.0802886071720772,0.0815799931377501,0.07757651392183496,0.08198205446393447,0.06644006800385127,0.0845698308127596,0.09026404354791207,0.08293116691499991,0.08237325612963375,0.08406203271053192,0.08697691379155459,0.06729853994136814,0.07601307660757439,0.09271197068290449,0.07665672476973584,0.07841492317808352,0.0991474720942569,0.07892301311536931,0.08859947574875959,0.08272234462386874,0.08926960372840487,0.0835019478019845,0.08391018066739497,0.08595256063219314,0.07156302643773893,0.08105875902701665,0.04047325866868445,0.03313644781709546,0.004993377535266852,0.10642216041534192,0.16862945668094875,0.011030344964978012,0.07098376920719351,0.05905938614689332,0.08214620886483748,0.08473793277469754,0.08224173971327398,-0.02536973490015282,-0.02449819140488907,0.08872849209142308,0.07697446353138893,0.0898320329088691,0.07755146408412927,0.08540859864009898,0.08746696780522845,0.14989323882092553,0.12135208973825584,0.0863689766904745,0.040400327660787605,0.14572178317109774,0.07393715550497504,-0.006987589424551577,0.09021146976300476,0.0657981315256948,0.15812491270183315,0.04568107910942354,0.09645211739400872,0.0011349170740817538,0.017594652835760893,0.10144908342055903,0.01290721344833079,0.010941166315097117,0.004103731908262631,-0.12240184312431646,-6.420441351140393e-05,0.08424892604223944,0.0028783654360922117,0.06708336267254689,0.05508328040686483,0.09963635531338788,0.09694644450881795,0.022250685996641817,0.09213566819034869,0.10440928314551057,0.08834554831223485,0.0024798152037286414,,,,,,,,,,,,,,,,,,,,,,,,,,,,,,,,,,,,,,,,,,,,,,,,,,,,,,,,,,,,,,,,,,,,,,,,,,,,,,,,,,,,,,,,,,,,,,,,,,,,,,,,,,,,,,,,,,,,,,,,,,,,,,,,,,,,,,,,,,,,,,,,,,,,,,,,,,,,,,,,,,,,,,,,,,,,,,,,,,,,,,,,,,,,,,,,,,,,,,,,,,,,,,,,,,,,,,,,,,,,,,,,,,,,,,,,,,,,,,,,,,,,,,,,,,,,,,,,,,
2009-04-30,0.09934650108687948,0.1477596654088955,0.07721547839595733,0.13851717719887469,0.13060678684032778,0.10135650978006128,0.10543389492508037,0.15386408941047325,0.10601313828783665,0.18081864438873962,0.1475249450599181,0.11720486815905962,0.11094142695552311,0.1050476840760235,0.14788980754614944,0.15357346687671747,0.16908097636932107,0.1888976936481923,0.141171981975158,0.15705880146177442,0.12744319975563578,0.1465306158225672,0.11562419236340116,0.0801600876289632,0.10990428761617377,0.14485078115631644,0.1699381135471525,0.11519028962295152,0.15571198236125317,0.08406563498186959,0.16288903887128825,-0.06952030743606052,-0.0274512149343491,-0.001651430827133482,0.13885804264023505,0.15558221439358366,0.005151695903059528,0.11497867867171263,-0.01795069076509126,0.11015933117577004,0.14245817125056304,0.10105419205469324,-0.03334074188003566,-0.03374260055677958,0.1031678558245539,0.13166188017315816,0.16666702996487448,0.16293162236689018,0.14852611084861134,0.09049466815251073,0.17821079470419043,0.135985962618542,0.18972529615866307,-0.056875068130691986,0.14327464023116532,-0.014457834331304542,-0.045347922238932026,0.057351966382308994,0.08532814279530943,0.20907903009046303,-0.015488458495700352,0.10262981368612034,0.0005530952601164874,-0.013819258181634209,0.1322901846020621,0.001495613462176193,0.004656925180830385,0.004325080555636962,-0.13618419215784816,0.0006100853264732198,0.1182094848973525,0.023248551087547975,-0.04975792015664782,0.14219657796469343,-0.013558196114925036,0.13786963743836722,0.026370911854782797,0.12777950052510478,0.1371000208247941,0.12055233380318287,0.013549397981679645,,,,,,,,,,,,,,,,,,,,,,,,,,,,,,,,,,,,,,,,,,,,,,,,,,,,,,,,,,,,,,,,,,,,,,,,,,,,,,,,,,,,,,,,,,,,,,,,,,,,,,,,,,,,,,,,,,,,,,,,,,,,,,,,,,,,,,,,,,,,,,,,,,,,,,,,,,,,,,,,,,,,,,,,,,,,,,,,,,,,,,,,,,,,,,,,,,,,,,,,,,,,,,,,,,,,,,,,,,,,,,,,,,,,,,,,,,,,,,,,,,,,,,,,,,,,,,,,,,
2009-05-29,0.058453301616080644,0.02940601120733577,0.10105745873467753,0.23265786997852844,0.032088647618988775,0.05838759630159984,0.058773775773333536,0.0340068499345878,0.0670062154706832,0.018617992366374958,0.032586367870228505,0.06496620011295917,0.055719138467077656,0.055645669852912194,0.04319853054796963,0.023724851996870244,0.022978041612017108,0.0067015846855436045,0.036178498670897286,0.019615019929160038,0.13384210416762343,0.13207552605179895,0.0579172316423171,0.06789973631826962,0.05463277808973599,0.05223431895804609,0.03176250372093148,0.13191778585930436,0.045338208058864904,0.10159393552636198,0.04963498694320023,-0.03694871278485601,-0.020772714055072083,0.0005604867147042114,0.1410091881359341,0.15940015214211978,0.007097637928013878,0.025781277670985592,0.01996665448693946,0.07102974992587852,0.043931878168289806,0.05723719368638602,0.10232612179073874,0.10235860228080362,0.05057954230252304,0.14265868116486247,0.13095212574620052,0.04147620963608789,0.15498480355251743,0.05171084446148466,0.15492957275718644,0.006272918444266695,0.09297644600791655,0.037110711401536545,0.06521771371789797,0.27139373359675134,0.26699428490555377,0.08482421135143858,-0.04170712656281761,-0.00758138469848435,0.21500603980888044,0.057966173045570724,-0.0004713912806982856,-0.009756521921782224,0.15169598357758085,-0.0026717242341499636,0.0067310206544690665,0.006641602139908276,0.11195736894259745,0.00010885878182542719,0.13058660724371696,0.0007205806693242334,0.012112101878192894,0.07040154331059889,0.2085148953825986,0.15922342409732848,0.31199011290227974,0.10485141935352105,0.142431288332298,0.10604212597263851,0.07332975324457736,,,,,,,,,,,,,,,,,,,,,,,,,,,,,,,,,,,,,,,,,,,,,,,,,,,,,,,,,,,,,,,,,,,,,,,,,,,,,,,,,,,,,,,,,,,,,,,,,,,,,,,,,,,,,,,,,,,,,,,,,,,,,,,,,,,,,,,,,,,,,,,,,,,,,,,,,,,,,,,,,,,,,,,,,,,,,,,,,,,,,,,,,,,,,,,,,,,,,,,,,,,,,,,,,,,,,,,,,,,,,,,,,,,,,,,,,,,,,,,,,,,,,,,,,,,,,,,,,,
2009-06-30,-0.0006553491824802249,0.008851372982248806,0.011861114204577028,-0.06865056081853738,0.02952940881258792,0.0003776921950244816,0.0007904858395584302,0.018138774501072374,-0.010397079056919,0.01777610456283485,0.005416588693847313,-0.006738626675334758,0.0011151464798799804,0.002681748045470833,0.029604162354580632,-0.0015014945996297824,0.02247100189952711,0.015185937086832135,0.005445178713714416,0.008202419144799356,-0.018776324770410024,-0.022281027752238725,-0.007843588245916133,-0.0059396395825856985,0.0036729277481588607,0.005239548943752892,0.0024214622190508184,-0.01404922127119157,0.003984467015802462,0.002055013234329328,0.00029001246010174064,0.007510725903257187,-0.005572174688694975,-0.0009423610235984592,-0.029857361033273744,-0.022494699725363443,0.004207397513497302,-0.00115507794525338,0.001981326089876001,-0.010762894535388257,-0.0051010816023944194,0.00019627023538704158,-0.052182918942994094,-0.05224348211959762,0.005398670383873094,-0.023514886723280726,-0.013784015070875566,0.031043713344158563,-0.010607672815310942,0.004935555928276214,-0.03656039075155715,-0.0030063425093946883,-0.012915385501990562,0.07880722313427246,0.01677651869502572,0.042032931735156875,-0.1351002014552194,0.02390382771881505,-0.08138732490441591,0.011035081669699354,-0.0023240903128286527,-0.0028586838939453907,0.0005988966696366393,-0.0065462199488980355,-0.02072529305091797,0.0022949498794118117,0.006190578450115947,-0.00010113063774597197,-0.050000032660078464,-0.00013124127792341067,-0.018219016865952953,-0.014547397396144635,-0.019271698304241025,0.017346676889866464,0.04632460524231474,0.017367648896841725,0.017096769756385743,-0.015177480674480992,-0.020516374032123474,-0.017279633020288898,-0.014882272046406131,,,,,,,,,,,,,,,,,,,,,,,,,,,,,,,,,,,,,,,,,,,,,,,,,,,,,,,,,,,,,,,,,,,,,,,,,,,,,,,,,,,,,,,,,,,,,,,,,,,,,,,,,,,,,,,,,,,,,,,,,,,,,,,,,,,,,,,,,,,,,,,,,,,,,,,,,,,,,,,,,,,,,,,,,,,,,,,,,,,,,,,,,,,,,,,,,,,,,,,,,,,,,,,,,,,,,,,,,,,,,,,,,,,,,,,,,,,,,,,,,,,,,,,,,,,,,,,,,,
2009-07-31,0.07460583350133065,0.08326965358574068,0.04665959214344095,0.12978544464869568,0.08438676506921672,0.07384915073251919,0.07503814975430623,0.0917102701559529,0.07830553014240693,0.09745692655071148,0.08375188890982832,0.0842866844544321,0.07598185562802118,0.07639872741006593,0.07809041939526229,0.1125008487811503,0.08930105473983474,0.11002481449287971,0.0793776494253744,0.09307242556571982,0.10930495898145032,0.10755552699316295,0.08358635675220905,0.0737757331349409,0.07737159190007215,0.07567879451339854,0.09717397877842071,0.10041461138092189,0.08706321428234198,0.05294242449978959,0.09338781619687597,0.005759608573558284,0.00831733187884276,0.0010995321934419433,0.11621591905322082,0.11014577750181553,0.012689708003903455,0.09671937073662207,0.0008787750879895029,0.07964564636823557,0.08951083002845661,0.07502370438423167,0.023799058583926502,0.024657576051476893,0.07819486709690016,0.11345566739698576,0.10054583141206441,0.0961256736355307,0.11451082609435925,0.0770846210899967,0.11357380847818388,0.09720772750163409,0.10982811722859465,0.09062228932401739,0.1325836483870162,-0.029528049640746623,0.023916269961675507,0.040356151769945336,0.14144721412106365,0.10068557657754629,0.007321172255864816,0.08555109808209305,-2.680806372534761e-05,0.005344250025532293,0.10609864763715326,0.010396262144411583,0.013096017674012472,0.008594189293658072,-0.07209805394743818,-0.000631186728973443,0.10574191638278196,0.017883362978843298,0.023379364143094383,0.06585318835406051,0.0068928502947793735,0.08402793500160288,0.05929090936223669,0.0942302508982813,0.10809966834164464,0.1012475439215037,0.012901718049465938,,,,,,,,,,,,,,,,,,,,,,,,,,,,,,,,,,,,,,,,,,,,,,,,,,,,,,,,,,,,,,,,,,,,,,,,,,,,,,,,,,,,,,,,,,,,,,,,,,,,,,,,,,,,,,,,,,,,,,,,,,,,,,,,,,,,,,,,,,,,,,,,,,,,,,,,,,,,,,,,,,,,,,,,,,,,,,,,,,,,,,,,,,,,,,,,,,,,,,,,,,,,,,,,,,,,,,,,,,,,,,,,,,,,,,,,,,,,,,,,,,,,,,,,,,,,,,,,,,
2009-08-31,0.03693976264498677,0.04361178840285351,0.0354610595606053,-0.017355203043609824,0.01470212474978072,0.03660390345508957,0.03693439833215151,0.0293322923138446,0.054366632373666235,0.023790064657867704,0.04374891806422898,0.055556413340507316,0.03642054010195195,0.03681712647063873,0.010650782291707017,0.0506992128023942,0.01405940655549065,0.03482646477025897,0.03357600850017817,0.05495078259877073,0.05400773508666723,0.06255558989024768,0.05307367796547191,0.03868376383719241,0.0371117650403876,0.03247200496577696,0.06461825984926173,0.045030833564144945,0.04755129708662831,0.022918667198676523,0.03474737914829973,0.022308872813227243,0.0076340940445227545,0.00409229516058196,0.05730452613913606,-0.013135793712966914,0.012202826462410332,0.03300650070707767,0.008413389813273442,0.0522250879878714,0.04960787837207081,0.03701234380637852,0.0005356513398515617,-0.0005347715761410132,0.03533254448786605,0.05484960431762409,0.06744248905329697,0.03615072408160125,0.024313551894401764,0.03263057574761419,0.17064663783729106,0.037695159469004036,0.09968556606515588,-0.021180669248698436,0.04860200615762622,-0.020646620697545526,0.06715329117535895,0.033249653592812844,0.018252252458859308,0.05081975913876069,0.004294653412641791,0.049036403708933474,0.00043568651947545334,0.008562744814642365,0.02920412424740415,0.004691675927271044,0.010105262678799187,0.005832748487239137,-0.16705513890040535,0.00069746455840769,0.04496525630283221,0.01886400888807871,0.018420191081285342,-0.0009004174019776601,-0.02474983249179985,0.06398018677114647,-0.036064627971812646,0.0296768646303347,0.027989261853104352,0.026783517130088974,0.03680943928903058,,,,,,,,,,,,,,,,,,,,,,,,,,,,,,,,,,,,,,,,,,,,,,,,,,,,,,,,,,,,,,,,,,,,,,,,,,,,,,,,,,,,,,,,,,,,,,,,,,,,,,,,,,,,,,,,,,,,,,,,,,,,,,,,,,,,,,,,,,,,,,,,,,,,,,,,,,,,,,,,,,,,,,,,,,,,,,,,,,,,,,,,,,,,,,,,,,,,,,,,,,,,,,,,,,,,,,,,,,,,,,,,,,,,,,,,,,,,,,,,,,,,,,,,,,,,,,,,,,
2009-09-30,0.03545712072371865,0.05652170757402697,-0.027397475028248852,0.07148806837476673,0.05647980098144956,0.036265488022743764,0.039001741779002064,0.055626382833282584,0.037780898803910556,0.05096197799247992,0.057798224868565784,0.03036396628890925,0.04143188299650502,0.03933957011543954,0.06173204390087128,0.046798495902584,0.056532744322442596,0.04201124303282566,0.06124163170865371,0.05302859667399917,0.05042258279045608,0.065601688269048,0.039277486524096794,0.0319004107030314,0.04133503511872849,0.055426155245052344,0.05776224529447527,0.03796490706938238,0.056968183620911717,-0.02377679331100946,0.06280489737143102,0.02458147599214766,0.01124248877025913,0.002362340479980629,0.05414403385959177,0.10195423958673455,0.01188230027073689,0.03998787178610419,0.020229937623392535,0.03222471353042722,0.06295549508611997,0.03842590017279757,0.0583511441028417,0.05864091667846205,0.03588001596351331,0.04819266720514359,0.03330638572711475,0.06071668817494302,0.04668648442040402,0.036183381765334977,-0.005199123455851384,0.03010471039951823,0.03789904161133606,-0.007582600563782238,0.029700654085525136,0.0038834782971233217,0.12038298830261684,-0.010239238582865795,0.01074398176240754,0.06700450471547703,-0.023684188236489878,0.028805170527976376,-9.457802568890727e-06,0.007324596369176817,0.0567518933852702,0.008957307564043004,0.010049870375645087,0.004731962173120996,0.09514920510091196,0.0002615622275392582,0.03939378280888395,0.03302189489842622,0.019441224163358806,0.06185231105059974,-0.011879115295102438,0.049147144113909524,-0.03891048317862367,0.04863597371457118,0.05392539290281051,0.05242032963497212,0.10360549081354531,,,,,,,,,,,,,,,,,,,,,,,,,,,,,,,,,,,,,,,,,,,,,,,,,,,,,,,,,,,,,,,,,,,,,,,,,,,,,,,,,,,,,,,,,,,,,,,,,,,,,,,,,,,,,,,,,,,,,,,,,,,,,,,,,,,,,,,,,,,,,,,,,,,,,,,,,,,,,,,,,,,,,,,,,,,,,,,,,,,,,,,,,,,,,,,,,,,,,,,,,,,,,,,,,,,,,,,,,,,,,,,,,,,,,,,,,,,,,,,,,,,,,,,,,,,,,,,,,,
2009-10-30,-0.019225402516138912,-0.04510293218416406,-0.039235134374264624,-0.06397153118502963,-0.03053240584755812,-0.019243621850474013,-0.02220320294460898,-0.06490707378940441,-0.0320775914137994,-0.05578919274679606,-0.045395170803277596,-0.03633492235696534,-0.025972018466988045,-0.022112446985130596,-0.06588252164409925,-0.06308723998956722,-0.047169909754437356,-0.060740532126306146,-0.033898201695964025,-0.057011060769502575,-0.022833674717299357,-0.04577757970941265,-0.034943051068959896,-0.018980293216340427,-0.026311127063561646,-0.03997137475552581,-0.0502543212229527,-0.02523746159142637,-0.04371737780002172,-0.035129063547042594,-0.05861078211440629,-0.026160512173368122,-0.0013775951753435267,0.0013593653479164747,-0.04040656133736398,-0.03443872226899358,0.0022175722794974817,-0.013811492836669936,0.011446056170894892,-0.026475599143262696,-0.04428835973064971,-0.02101095632728589,0.03722812708124823,0.03780456510502361,-0.015012457062241413,-0.025811456944752842,-0.03633547705593165,-0.09146214619510618,-0.029412086939129667,-0.015931476107916787,-0.10330087253170861,-0.013605465482310342,-0.05974961210775209,-0.13026463470132676,-0.09628961354042387,0.08648801290103458,-0.018925487290920917,-0.05024618839993966,-0.0459667035665311,-0.01084095346452596,0.048180602778713943,-0.026960683619340897,0.0004723691625430071,0.00139775053829716,-0.03171304901333005,0.007827407142418252,0.00275063048060864,0.0022025473526852135,-0.12521289114254242,4.332195680700757e-05,-0.0276970135410316,-0.026068554070371674,-0.005657736464572016,-0.002991502128744772,0.0868852578620809,-0.0250755947362602,0.11554029940680333,-0.02699347194722934,-0.02909424834259089,-0.02526213990776638,-0.019632794987076818,,,,,,,,,,,,,,,,,,,,,,,,,,,,,,,,,,,,,,,,,,,,,,,,,,,,,,,,,,,,,,,,,,,,,,,,,,,,,,,,,,,,,,,,,,,,,,,,,,,,,,,,,,,,,,,,,,,,,,,,,,,,,,,,,,,,,,,,,,,,,,,,,,,,,,,,,,,,,,,,,,,,,,,,,,,,,,,,,,,,,,,,,,,,,,,,,,,,,,,,,,,,,,,,,,,,,,,,,,,,,,,,,,,,,,,,,,,,,,,,,,,,,,,,,,,,,,,,,,
2009-11-30,0.06160712938798296,0.04196622480155643,0.0010469611737973228,0.08637321427536304,0.06347647728393935,0.06088333214146657,0.05984847385626124,0.031244659010823295,0.05734437093783429,0.026102819601230065,0.041780488166393015,0.06304479154765108,0.057800555150790967,0.058089849964768625,0.03174628420558734,0.026291072271134697,0.020967000827979865,0.02901539811918119,0.036350715172795756,0.04664824293029057,0.04434432897869822,0.048800690971982696,0.054597658941159866,0.05877995557558591,0.05691836796985328,0.04898306731138535,0.05172441467171551,0.039212018085514444,0.04878982242675378,0.007281748862391968,0.03971293004805854,0.012129111369567402,0.020170968501466824,0.00596401904183641,0.05143686208334408,0.07852025457988843,0.012863765425453977,0.05356283708053855,0.027992649866328323,0.06063351772063208,0.05075393912623616,0.060348093828984206,0.12786502259277088,0.12730107479938657,0.06052512877806504,0.045332061761584885,0.03709722579699415,0.016174428384665207,0.0575763943614942,0.052511286279378844,0.056405696811412165,0.04712637068967185,0.059022841033758766,0.07499427636937472,0.09876599275121234,-0.004323452956885188,0.12943372515283724,0.0025934652028312133,0.03392310550338817,0.02369655728672626,0.01285758954299654,0.06073364131718351,0.00012718359928531875,0.018126643200435,0.04852921501803942,0.013780064388718927,0.013040161345432955,0.008349064417571883,-0.10905557831662283,-0.0004134151874577441,0.041079801735319554,0.005183454184469305,0.00798573768602484,0.014038178978377003,0.024886920785478495,0.009609738024833225,0.01284196226665868,0.0539719365118434,0.04856567241074372,0.053300711012515434,-0.009638841828724876,,,,,,,,,,,,,,,,,,,,,,,,,,,,,,,,,,,,,,,,,,,,,,,,,,,,,,,,,,,,,,,,,,,,,,,,,,,,,,,,,,,,,,,,,,,,,,,,,,,,,,,,,,,,,,,,,,,,,,,,,,,,,,,,,,,,,,,,,,,,,,,,,,,,,,,,,,,,,,,,,,,,,,,,,,,,,,,,,,,,,,,,,,,,,,,,,,,,,,,,,,,,,,,,,,,,,,,,,,,,,,,,,,,,,,,,,,,,,,,,,,,,,,,,,,,,,,,,,,
2009-12-31,0.019100885256234212,0.06095073318488353,0.0280220081078717,0.025773202347829205,0.0520278631553186,0.019086288580301813,0.023537385883699802,0.07924712809984547,0.016885095391137472,0.08238091512954471,0.06084465982380616,0.017723770764680236,0.027480693681599222,0.025579059622482747,0.08187929227140645,0.07660040293503223,0.08818894661807564,0.08099071693235005,0.05530038756767364,0.06787159633199225,-0.001841852189308324,-0.00710784972530909,0.023234550969599255,0.005860951188183305,0.028631314485737303,0.06163891701486701,0.051367492522773395,0.007095976210620414,0.05680782529884576,0.027157489053604378,0.07271364036242067,-0.06345643136502788,-0.04402786571492823,-0.00840723436104851,0.00010131526123324797,0.03275829019866405,-0.01881177987244087,0.0340245719489467,-0.020891653000943644,0.012189283072899126,0.061252452400884394,0.022602272213290364,-0.07203391451937646,-0.0723172513614001,0.024999429877218704,-0.0023697238532216502,-0.004258977208857928,0.0744021284980596,0.018307853391964946,0.024988426556632026,-0.041341863761342634,0.02520852068888013,0.018807912344204203,0.06920747808163208,0.16491437794532793,0.003320491656482849,-0.08870516456425703,0.022032049951022925,0.06016477252992014,0.038914375570294535,0.009838129599829104,0.011097237841289465,-5.47878929608725e-05,-0.025214354218310087,0.014036886877298649,-0.015702800876695733,-0.014491448890807224,-0.008531863675613871,0.10163938185225452,0.0003047202891728329,0.007969519942597314,0.0037698588080086193,-0.016058801860918903,0.03664801965202047,-0.007603663718673936,0.015565638886026134,0.008269103138145883,0.01873989812618948,0.014809681993962931,0.01561014931407989,0.01093593776709767,0.021330446768826894,0.012564188199702286,0.07605504493099069,-0.008450759910380468,-0.002528892037563568,,,,,,,,,,,,,,,,,,,,,,,,,,,,,,,,,,,,,,,,,,,,,,,,,,,,,,,,,,,,,,,,,,,,,,,,,,,,,,,,,,,,,,,,,,,,,,,,,,,,,,,,,,,,,,,,,,,,,,,,,,,,,,,,,,,,,,,,,,,,,,,,,,,,,,,,,,,,,,,,,,,,,,,,,,,,,,,,,,,,,,,,,,,,,,,,,,,,,,,,,,,,,,,,,,,,,,,,,,,,,,,,,,,,,,,,,,,,,,,,,,,,,,,,,,,,,
2010-01-29,-0.036342560719009764,-0.03218469476623276,0.010267234954338456,-0.07178108632111813,-0.0646992329570536,-0.03711635720521633,-0.03620977638606304,-0.03731525684628745,-0.02839764929072308,-0.03143317235389498,-0.032316040156825765,-0.02075036427216148,-0.03722425941199092,-0.03412152513799693,-0.04216268184731853,-0.027739866889852527,-0.040602325890294555,-0.02535090571681975,-0.038734217473760046,-0.02578106021636195,-0.06596479084097229,-0.07953057863030455,-0.028313369397217958,-0.022435134824606795,-0.03565716803070762,-0.0399210128540205,-0.02760498512368703,-0.05065121044200804,-0.03442031386034472,0.01724160103015815,-0.033209566871370666,0.0269216935764105,0.023701537233584258,0.007955927366747995,-0.09739650031926184,-0.07759010359731777,0.014147433944963206,-0.027556759406222264,0.015303628278791281,-0.024502441948429765,-0.03569700089206096,-0.034537367631989,-0.012580360682460823,-0.012573365281762006,-0.036530702131760795,-0.06270611674978988,-0.04986081695749467,-0.026645785497793395,-0.03292776215471904,-0.03337852809097819,0.09069399906747155,-0.024215899690606002,-0.02633267344041168,0.030574213816539908,-0.11617619605240093,-0.09266801178127726,-0.038694151243743424,0.015001385137079604,0.08179785618764002,-0.027528105077389675,-0.08108107946103194,-0.03078996188249683,0.00027246654254398095,0.017066049363699598,-0.05755581537713006,0.013963905922640407,0.012851113917048185,0.010057138401489363,-0.07638884026957948,0.0,-0.05438623884057736,0.0037958540335998325,0.00433286818517753,0.001804220914613186,-0.08576365507970418,-0.021502431446710824,-0.07900500436531488,-0.05296763374258562,-0.05842076201791979,-0.051055581977137,0.0158208669482911,-0.0350081573315667,-0.05624546851922885,-0.02819033043163588,0.01704987339281705,0.010183140716386818,0.011170794053430022,,,,,,,,,,,,,,,,,,,,,,,,,,,,,,,,,,,,,,,,,,,,,,,,,,,,,,,,,,,,,,,,,,,,,,,,,,,,,,,,,,,,,,,,,,,,,,,,,,,,,,,,,,,,,,,,,,,,,,,,,,,,,,,,,,,,,,,,,,,,,,,,,,,,,,,,,,,,,,,,,,,,,,,,,,,,,,,,,,,,,,,,,,,,,,,,,,,,,,,,,,,,,,,,,,,,,,,,,,,,,,,,,,,,,,,,,,,,,,,,,,,,,,,,,,,,
2010-02-26,0.031194814039227525,0.050588241141227064,0.010162432853184411,0.06014707700253008,0.046038482467082975,0.03148788702841454,0.032662366334052395,0.04475098541808431,0.03066157132510816,0.04113274023443636,0.052091061648163794,0.02600626010781948,0.033731090716384804,0.03140161554213572,0.04233105191178721,0.04536637844430946,0.0368479522460492,0.047627199407173304,0.05421734246622578,0.049035294374627725,-0.01016765649838891,-0.029863765459072322,0.03091653795508087,0.02223810286137562,0.03440016056328954,0.04893140873456869,0.04814928769883853,0.0026676222138486416,0.05058353876511479,0.0076618892415147855,0.04900308938548803,-0.0034259195360778483,0.0033185449347965523,0.0016044501349647966,-0.02216828423382966,0.017763562035350455,0.0019846971828108018,0.03044466316970884,-0.013031848746512864,0.02619087893084182,0.052759553254900116,0.03107089331798729,0.03274821867388655,0.03244669449131199,0.02880782816153027,-0.005501783637715474,-0.002299870162301376,0.04659092983059354,0.01406375151461714,0.028742622021908026,0.01818985653255356,0.04010586559216467,0.0432715960079082,0.01863252626983458,0.0917511915890421,0.08922559931635154,0.010691828954248805,0.017534943943504855,0.01911110706291419,0.07741192074256986,0.05916551148352389,0.024436605705272285,1.828782392299111e-05,0.0039797809921668925,0.01313871419589363,0.0017271877692901505,0.0032515997166673305,0.0027823508854065704,-0.06552100782576298,-0.00021693641211539827,0.007421476710292696,0.008442003089479622,0.004480061585660389,0.006643066117378638,0.06758583094240134,-0.005992782810997133,0.07450288627321489,0.021723224868158253,0.012980330996867018,0.020787259673197278,0.009294576652956854,0.0335172584188681,0.010275567968910382,0.046183511759251505,0.004537275983387046,0.003647851259968249,-0.01317298047481541,0.0239914974867097,0.036690617537269876,,,,,,,,,,,,,,,,,,,,,,,,,,,,,,,,,,,,,,,,,,,,,,,,,,,,,,,,,,,,,,,,,,,,,,,,,,,,,,,,,,,,,,,,,,,,,,,,,,,,,,,,,,,,,,,,,,,,,,,,,,,,,,,,,,,,,,,,,,,,,,,,,,,,,,,,,,,,,,,,,,,,,,,,,,,,,,,,,,,,,,,,,,,,,,,,,,,,,,,,,,,,,,,,,,,,,,,,,,,,,,,,,,,,,,,,,,,,,,,,,,,,,,,,,,
2010-03-31,0.060880022458303484,0.07170170614258775,0.05030163063636217,0.07719038471384998,0.07710949606830964,0.06112076425120283,0.06296669025247592,0.08230661011698692,0.06703576862356564,0.07964439061550377,0.0702103507899341,0.06481271791107046,0.06283543453443907,0.06159980304866064,0.07952366868542504,0.08500270109092245,0.07952387370760006,0.07796948962832673,0.07844483918559786,0.06222486005785233,0.0644087463949099,0.07381958419281398,0.06696707029751803,0.06205427354430304,0.06395759659753408,0.0644783307265544,0.07484948291157911,0.06385414457837912,0.06927125489873953,0.05161284978233582,0.07467306216075831,-0.020572554540427612,-0.010568275060190535,-0.002691130473754133,0.06387958312479713,0.0811089883290228,-6.675168478109672e-05,0.05545850406495689,-5.799572241749207e-05,0.06151436811476074,0.07016097456127435,0.0609910958402653,-0.004386396377547008,-0.0039283958398332874,0.055300674681162176,0.065058367541869,0.06139982538560673,0.08091311462631756,0.04546941949974115,0.06377836015789917,0.0992041913941688,0.058594212940153545,0.07276753922060974,0.06464220226496797,0.046480176770588466,0.03786711056824443,0.06658367860261016,0.03988199158384087,0.07214280016543562,0.10846064509724429,0.006134986705527146,0.0551006580823834,-0.0001092874371597663,-0.007817630607770631,0.06724296234661686,0.0010100119736473623,-0.002217246629807046,-0.003178322455957505,-0.20574712656277905,0.0,0.06295600501343412,-0.0006478177276172392,0.002697050267998158,0.03460895740325265,0.03494548480028192,0.0737863684960165,0.04613254513118714,0.06329403690678537,0.06842634572732531,0.06660299278583737,-0.002240379663928982,0.059557118313678936,0.06387278403895014,0.08101240102802554,0.006016512795396389,0.003563305101653702,0.003043920491700769,0.06626433428265432,0.10687020543155357,,,,,,,,,,,,,,,,,,,,,,,,,,,,,,,,,,,,,,,,,,,,,,,,,,,,,,,,,,,,,,,,,,,,,,,,,,,,,,,,,,,,,,,,,,,,,,,,,,,,,,,,,,,,,,,,,,,,,,,,,,,,,,,,,,,,,,,,,,,,,,,,,,,,,,,,,,,,,,,,,,,,,,,,,,,,,,,,,,,,,,,,,,,,,,,,,,,,,,,,,,,,,,,,,,,,,,,,,,,,,,,,,,,,,,,,,,,,,,,,,,,,,,,,,,
2010-04-30,0.015469714026353776,0.041701758611131456,-0.004788763078673042,0.011465255098461968,0.02242518125405435,0.01619280104547749,0.018260426434965504,0.05678477868784748,0.026035461355159217,0.05820007095582791,0.04383707772202006,0.019482818490766274,0.02208983477861448,0.01919124268074479,0.042735813532932765,0.06813986560194052,0.05109369946356712,0.06627158221225926,0.03913259421499338,0.04864679240415004,-0.03938460707177449,-0.04954048001458344,0.03034804317889761,0.018615971637418793,0.02181576274959296,0.03359423058604838,0.04413617505020495,-0.02804556259479729,0.03787102972155787,-0.01643292768548288,0.050298311742297264,0.033217774954602985,0.016527306453468338,0.00300031347081009,-0.05758401228300436,-0.001661866608318241,0.009732649228518131,0.031725464878440635,0.025150678214019395,0.017832481156049074,0.03624065971399415,0.016322709902775845,0.058834362933984474,0.05860771770330242,0.013892155381854954,-0.038021825405613496,-0.029022671282614043,0.08851610064308146,-0.0013990368292968736,0.016843415972577436,0.0716776268775352,0.020887946334349206,0.026320573914006884,0.006672391214742834,0.019799751146449385,0.02581287892516615,0.06534427532767673,-0.0111270488505546,0.06483600853547133,0.03535111469700403,0.03145056312693528,0.016928024133751496,-6.318186865894582e-05,0.00928321068346416,-0.017551282082567954,0.005677600335541655,0.010701814170897883,0.005164474421465615,-0.007235848770160369,-0.0004362586797299617,-0.027729807373989668,0.011439387318746164,0.011351591928448368,0.018649515988528487,0.06459504425356966,0.006150249322634194,0.035648331843012526,-0.0022983716630415874,-0.02278735414558819,-0.004492553949855593,0.00545859666728532,0.015540104361418505,-0.02217973027082143,0.05751014440972835,0.016104595543287914,0.0056696209059401426,0.02669616695640964,0.05636366422678374,0.14524559954526572,,,,,,,,,,,,,,,,,,,,,,,,,,,,,,,,,,,,,,,,,,,,,,,,,,,,,,,,,,,,,,,,,,,,,,,,,,,,,,,,,,,,,,,,,,,,,,,,,,,,,,,,,,,,,,,,,,,,,,,,,,,,,,,,,,,,,,,,,,,,,,,,,,,,,,,,,,,,,,,,,,,,,,,,,,,,,,,,,,,,,,,,,,,,,,,,,,,,,,,,,,,,,,,,,,,,,,,,,,,,,,,,,,,,,,,,,,,,,,,,,,,,,,,,,,
2010-05-28,-0.07945444734566998,-0.07054244310650049,-0.08469678861515972,-0.07297201936044773,-0.07392366498611613,-0.08000694822712984,-0.07963510059345402,-0.07536635350775889,-0.08202968888293716,-0.07153051155846346,-0.07084591225422365,-0.07922222274109025,-0.07734982878198471,-0.07901806164354042,-0.06520883954034062,-0.08241706577526131,-0.05870496606861675,-0.08540497138481362,-0.06771717050510417,-0.07540088153561897,-0.11376604900961507,-0.1262079623292124,-0.0830306132467844,-0.0753681742637059,-0.07883047380894315,-0.0697909933296843,-0.0771791249505045,-0.111928202206238,-0.07297829621801466,-0.07663174295940989,-0.07487849320097284,0.051084363338784744,0.029332297940663166,0.004530276223674079,-0.12111229942776858,-0.09393579553161047,0.010823789491659186,-0.06929226336847139,0.001916711465369092,-0.07767197536340997,-0.07291046072927132,-0.08048718565121837,0.030513146883171416,0.03006412472493669,-0.07622542542464494,-0.1174947131044265,-0.11651067917255997,-0.08602619227282393,-0.08823512605936323,-0.07958243945917765,-0.1044828835735554,-0.06793803668881304,-0.08353760787906472,-0.10306587013477309,-0.0688740202943866,-0.17638520669141988,-0.012595812669954798,-0.10222622385583313,-0.09706291313900062,-0.049579175678012066,-0.13596761091701337,-0.0787582452641733,0.00014466236565247037,0.01518525901309875,-0.1090246683712357,0.012630953240483134,0.011273856307408181,0.004059604989406829,0.0830903329053152,0.0004364490844313007,-0.11527040601153571,0.008302487771948197,0.0036576814152129433,-0.05207270262091368,-0.14594343183365432,-0.12463467520690663,-0.152218282378628,-0.09375711440324652,-0.10309245658810307,-0.09882642308974321,0.00954346540508566,-0.07935949197194325,-0.10793908905569671,-0.07741502949585044,-0.0025777462223990355,-0.0013107062593830099,0.02897134710471949,-0.11034284139233486,-0.16204379714477224,,,,,,,,,,,,,,,,,,,,,,,,,,,,,,,,,,,,,,,,,,,,,,,,,,,,,,,,,,,,,,,,,,,,,,,,,,,,,,,,,,,,,,,,,,,,,,,,,,,,,,,,,,,,,,,,,,,,,,,,,,,,,,,,,,,,,,,,,,,,,,,,,,,,,,,,,,,,,,,,,,,,,,,,,,,,,,,,,,,,,,,,,,,,,,,,,,,,,,,,,,,,,,,,,,,,,,,,,,,,,,,,,,,,,,,,,,,,,,,,,,,,,,,,,,
2010-06-30,-0.05174099481827665,-0.06573106881993762,-0.02562338591859903,-0.04331582086942365,-0.05975670948655265,-0.05262846275281108,-0.056473309926934556,-0.07743397906406257,-0.057545265056163974,-0.07097099344128588,-0.06582408145015106,-0.05819852377243073,-0.058714697828176954,-0.05631112429244789,-0.06751609434101524,-0.08838115086910858,-0.05911828243420236,-0.08275255687489391,-0.06314216280898377,-0.06938020929110011,-0.018881696206574983,-0.02332219001382252,-0.05961621997920674,-0.049186011334807156,-0.05840481457109359,-0.06323639405360726,-0.06227495137791372,-0.02061934377932606,-0.06335196647772712,-0.03392906480922575,-0.0712870955631495,0.057978237442661174,0.030482045367066224,0.004189458663397927,-0.026597652024525353,-0.013986753796381812,0.01768816424927766,-0.030573147703257697,0.0127982890440268,-0.051685129119731,-0.06202050288390115,-0.05419030822126736,0.023553189068376224,0.023635304800377233,-0.055652805816567064,-0.01639729823578384,-0.030290462115423855,-0.0835873142050656,-0.012812380352731134,-0.04994451240707365,-0.07466194697510131,-0.029475564952372024,-0.059827043887252684,-0.04359858976785347,-0.07766279062012027,-0.002350229991274655,0.009983271823193585,-0.044840148672820046,-0.08066104735735169,-0.1196936236911571,0.0007202181286993792,-0.04315281523799164,0.0003270839130367076,0.018645889398362536,-0.01336754041334609,0.01271586654014234,0.014510808469859748,0.010035470063288088,0.043068664744899454,0.00021698348373400123,-0.018132888173683637,-0.0033819444857267067,0.006861674013898922,0.00906965845479224,-0.015070004725256103,-0.004534441656544708,0.014436076458235414,-0.03558187317022954,-0.024662545535863223,-0.028042102412178638,0.005497285515289274,-0.0520665885423548,-0.023235187541882585,-0.07614301043499261,0.022921100072629708,0.007106591058369416,0.03656752324258283,-0.011852306727610395,-0.04115856476169255,,,,,,,,,,,,,,,,,,,,,,,,,,,,,,,,,,,,,,,,,,,,,,,,,,,,,,,,,,,,,,,,,,,,,,,,,,,,,,,,,,,,,,,,,,,,,,,,,,,,,,,,,,,,,,,,,,,,,,,,,,,,,,,,,,,,,,,,,,,,,,,,,,,,,,,,,,,,,,,,,,,,,,,,,,,,,,,,,,,,,,,,,,,,,,,,,,,,,,,,,,,,,,,,,,,,,,,,,,,,,,,,,,,,,,,,,,,,,,,,,,,,,,,,,,
2010-07-30,0.06830059565705748,0.06805490061952191,0.0467393556808009,0.07197427114410937,0.07258240685261708,0.06988225699887973,0.07013464337859743,0.06730894823684697,0.06814734943340706,0.06446306912759714,0.06735135546373239,0.07108368061050441,0.06846569009155634,0.0697360387074415,0.0652016236121149,0.07081471292808028,0.05971150888352095,0.06712128329264622,0.06815815136392489,0.06847602656572671,0.1381181595579144,0.15026289569781404,0.06770568000973798,0.06833318880437389,0.07020486648351465,0.0679121114821537,0.07562734788371972,0.11610411659689923,0.07349782256310444,0.05276412689694876,0.07156297661445143,-0.009463678417497401,0.009096869525849316,0.001939436986746701,0.1514559299691567,0.10932489577837146,0.008546743963212311,0.07282595892526422,-0.002428594511190596,0.06630788154825695,0.06918878311889398,0.07080416276544255,-0.050871157346166984,-0.05012322537823721,0.06527521269920578,0.14182620175428262,0.1263641998997398,0.05675587857287234,0.093113640416979,0.06576998672513512,0.05679339459790511,0.07421342914155926,0.07361028148149007,0.06007320454203513,0.040782517312178745,0.04063607495049104,-0.03459633127075723,0.01711579013706821,0.029449110457888894,0.06928450664896024,0.05757461034220812,0.07296977313635433,-0.00020853747525151345,0.010874453088892011,0.10760814044555711,0.008708431688603024,0.008614000382679565,0.006899688035240548,0.06580648114604326,-0.00043564330863121725,0.11662112478958875,0.01412481040589042,0.014733305874989888,0.050863955826761176,0.045355188978651206,0.10393622846494122,0.03231545115270462,0.09335098739941494,0.1112376493213556,0.09196263376335434,0.0055887699120773515,0.06996733313075998,0.1117592876061424,0.06960139227053275,0.024856166084438414,0.014890789023860318,0.01342901976607691,0.028052726682203488,0.1283216154632565,0.03805411228185118,0.06746337563495253,,,,,,,,,,,,,,,,,,,,,,,,,,,,,,,,,,,,,,,,,,,,,,,,,,,,,,,,,,,,,,,,,,,,,,,,,,,,,,,,,,,,,,,,,,,,,,,,,,,,,,,,,,,,,,,,,,,,,,,,,,,,,,,,,,,,,,,,,,,,,,,,,,,,,,,,,,,,,,,,,,,,,,,,,,,,,,,,,,,,,,,,,,,,,,,,,,,,,,,,,,,,,,,,,,,,,,,,,,,,,,,,,,,,,,,,,,,,,,,,,,,,,,,,
2010-08-31,-0.04498040614587062,-0.04958291980526386,-0.025960536193868178,-0.021005405272349398,-0.05129877664038973,-0.044267732689735606,-0.044386244270126274,-0.07443865933217797,-0.04221687610853242,-0.07600226577092517,-0.048874199749316616,-0.04624911349846339,-0.04635074547589646,-0.04575985147719597,-0.07288127844138903,-0.07504946728106532,-0.07159413361417455,-0.07911581806292134,-0.043959854906560736,-0.0534307355060073,-0.04736554208916599,-0.0697320776320487,-0.04530397040668077,-0.03588122752162881,-0.04711091462146044,-0.04231998060756126,-0.04512830342568719,-0.037950196169406425,-0.04453500572631608,-0.0250600828212878,-0.058628698443434546,0.08390893618497941,0.033560074892388325,0.0023894520245262285,-0.07443234794664322,-0.03236698225083445,0.01286789114850384,-0.0309759180733985,0.019419946255642806,-0.04243667379627425,-0.04526622530889246,-0.045409228706014604,0.05706125282865315,0.05709341033345683,-0.05148010367178224,-0.04576137497593413,-0.038113666634797316,-0.08991806122319401,-0.03006421790021485,-0.04638081464853683,-0.10706909332825398,-0.042689552718648494,-0.05014354944543653,-0.04427814686917064,-0.08455572853408799,-0.09677419528939946,0.07679183090605668,-0.04193093588422381,-0.11148446546619173,-0.057712517489816983,-0.054780494604909524,-0.033342046660111646,0.00025355186973063937,0.014486643497022778,-0.03434487385275464,0.0002640144128458477,0.01558483269991795,0.004786412570821241,-0.2276029131170394,0.0,-0.035834831437011716,0.021599869669448157,0.018300384893662924,-0.004244966691869023,-0.060637736450670277,-0.045125463579878566,-0.10453760544373303,-0.042812314904179694,-0.03891476396927751,-0.03986739694622199,0.010061607248702309,-0.04512431540327255,-0.03916028503724833,-0.07034792019912317,0.019346276449260902,0.0044037664619829275,0.050845517723400624,-0.03257893653612243,0.004629678064847376,-0.051398289873751724,0.06428308938122074,-0.0011624281561668504,,,,,,,,,,,,,,,,,,,,,,,,,,,,,,,,,,,,,,,,,,,,,,,,,,,,,,,,,,,,,,,,,,,,,,,,,,,,,,,,,,,,,,,,,,,,,,,,,,,,,,,,,,,,,,,,,,,,,,,,,,,,,,,,,,,,,,,,,,,,,,,,,,,,,,,,,,,,,,,,,,,,,,,,,,,,,,,,,,,,,,,,,,,,,,,,,,,,,,,,,,,,,,,,,,,,,,,,,,,,,,,,,,,,,,,,,,,,,,,,,,,,,,,
2010-09-30,0.08955455092588815,0.11266425316756723,0.05437074903184236,0.07394644105922432,0.13172792532081345,0.08823877619222165,0.09131946282093728,0.12445315509579813,0.07620636403162373,0.1125688919256731,0.11270128485406494,0.07660532752459703,0.09394003642878612,0.09378871426142288,0.14025345885731788,0.10698509319198979,0.11718700723818265,0.10941607976792778,0.12335088395091942,0.10178757322459231,0.1135626624677617,0.13355140883297456,0.07970854493265622,0.0712909582209107,0.09463648980282491,0.11994749770875113,0.09144601718211387,0.09971977925450215,0.10528833737703835,0.05483505904295005,0.11332208146416511,-0.025203183138130747,-3.086432000831696e-05,0.0011865395100436604,0.12902268227588798,0.11757383803218557,7.367390808354912e-05,0.07155749221675145,0.007855188723513207,0.0757275932848942,0.10701225942125503,0.09222140638118792,0.047755584400488216,0.047463167842227705,0.09581118675073963,0.11258223593973882,0.08932179359562586,0.1204650957460176,0.08831313205905311,0.10439064725769232,0.06399913178324734,0.09081598247985712,0.0888035034083472,0.13193490570005317,0.13892051822577578,0.09147869891336691,0.12572631391431455,0.03714347079905944,0.08941589258720284,0.16636720083152312,0.08027355965143435,0.07416172307935276,0.00026328421960108983,0.0047156386552082985,0.10596793394887416,-0.003660878699736303,-4.832421737122061e-05,0.0027839775223810204,-0.032915365890299086,0.0,0.09656906789883823,-0.00036467055974487295,-0.0032573362922708737,0.03548196122499303,0.07095167360030907,0.11960309942456493,0.09268759978712082,0.09809440610805176,0.10202447539167525,0.10049126683349852,0.005682230838593538,0.09059461949524206,0.10210107870550345,0.12191876355066977,0.010888840643151099,0.00866244420354767,-0.0054455623145097665,0.08745220001241893,0.1296333025887546,0.08007968917664776,0.10519173578890939,0.052898139503116504,0.010047396835837663,,,,,,,,,,,,,,,,,,,,,,,,,,,,,,,,,,,,,,,,,,,,,,,,,,,,,,,,,,,,,,,,,,,,,,,,,,,,,,,,,,,,,,,,,,,,,,,,,,,,,,,,,,,,,,,,,,,,,,,,,,,,,,,,,,,,,,,,,,,,,,,,,,,,,,,,,,,,,,,,,,,,,,,,,,,,,,,,,,,,,,,,,,,,,,,,,,,,,,,,,,,,,,,,,,,,,,,,,,,,,,,,,,,,,,,,,,,,,,,,,,,,,,
2010-10-29,0.038202059656111675,0.033930699356971905,0.013144927269670648,0.03175177528651929,0.06337898406906461,0.038431156597326765,0.038638416861474845,0.0414817139959347,0.030852825621324298,0.04247730762545254,0.03409110213604971,0.026175060851842957,0.04002959334659928,0.0393358172313798,0.046427535125405095,0.03855413215397219,0.04706264710614705,0.0403727821509392,0.03861431499417267,0.029109858930815857,0.04676369072222819,0.06064128591984419,0.030753201138976394,0.030436373505909664,0.04026081168657547,0.039341232893723266,0.03839494653454212,0.03805529904167715,0.03806524038582215,0.010675118996849253,0.04290236610089093,-0.04469283141625702,-7.06594277314343e-05,0.002194474698693938,0.06183603201230725,0.030153830680887506,0.0015217866022834148,0.02647269864048818,0.02474152909817584,0.027309836901918016,0.04086836219314849,0.039554649349296644,0.03682269814892791,0.03749996367842012,0.0467363185227041,0.04885089364135076,0.04233454837119521,0.056666341182354474,0.038934020368996736,0.028333791901147487,-0.01568620466541326,0.017536842329654245,0.03496912650699735,0.002863497887903632,0.0698388787190849,0.009471814434906412,0.13420932341750702,-0.03303677923865056,-0.010475253168218401,0.0428030355218576,0.028990300741399855,0.03285397537831236,-9.094468971349023e-06,0.005845205628653316,0.035903007785120566,0.008279123363396756,0.003190660886298602,0.004571596349093765,-0.05672607784517214,0.00021880221623726825,0.04055636055603107,-0.00805969260434336,-0.004401611050261711,0.029101054244427216,0.0036372923757692632,0.045075580114968705,0.026416246960390577,0.03749130812418633,0.034808113221709736,0.037954492422092034,0.004386003058931109,0.03912919682705973,0.033930742099437916,0.040906138708568296,0.0075574450415838434,0.004544614879001152,-0.029601339792683534,0.027089298734660705,0.14366795692362389,0.024529656702581892,0.15075222270242672,0.015584413591783308,0.02165410219332342,0.03775401647716192,0.026651211020034093,0.047171429802185916,0.046437146216549596,,,,,,,,,,,,,,,,,,,,,,,,,,,,,,,,,,,,,,,,,,,,,,,,,,,,,,,,,,,,,,,,,,,,,,,,,,,,,,,,,,,,,,,,,,,,,,,,,,,,,,,,,,,,,,,,,,,,,,,,,,,,,,,,,,,,,,,,,,,,,,,,,,,,,,,,,,,,,,,,,,,,,,,,,,,,,,,,,,,,,,,,,,,,,,,,,,,,,,,,,,,,,,,,,,,,,,,,,,,,,,,,,,,,,,,,,,,,,,,,,,
2010-11-30,0.0,0.029628809813453616,0.02494990266539676,0.014176901937690944,-0.0017250138561129003,-0.0006729643042732159,0.0019820095795741732,0.03485075189416009,-0.00608406475616996,0.038149494204714474,0.030309887387292456,-0.005209042353777504,0.003706842453694126,0.004036790189857031,0.04142656275382972,0.026095156957717913,0.04617080508690363,0.02473762364976495,0.04570808749783306,0.014074792537796199,-0.08177679600095211,-0.11080874329135337,-0.00388531211603127,-0.006891960638276573,0.005105196114755017,0.03283122826711482,0.005247996913870345,-0.04823723282314074,0.018334860892493143,0.0270954564869752,0.03226430705100203,-0.01689250978904633,-0.008981547105443077,-0.002050190653542616,-0.12673159883497764,-0.02905489449767229,-0.00834850322848546,-0.006655092351248615,-0.016925896897043824,-0.006196014922299153,0.021443298969072266,0.0014775313637924725,0.021112978094167678,0.021084389478587928,0.0015399756527039177,-0.07808241293399243,-0.06664026051361716,0.03492594621785594,-0.03813249249778006,0.0014403706624097623,-0.01460787004973274,-0.00802940634615068,-0.0001920832357358293,-0.00436681571566333,0.055189530424086364,0.02473707113667789,0.1352917024179452,0.052540826533491236,-0.0066167445817513215,0.08025675386201847,0.012305734405525293,-0.005467316093563324,-8.832208844511413e-06,-0.009590474411020344,-0.041037339182357635,-0.0017897766370836843,-0.006814248438728243,-0.003959939515111088,-0.006872845476499134,0.0,-0.0489978456930088,-0.027911343557136314,-0.027230586723728245,-0.019066829217570525,0.01708516254629,-0.03440527141290972,0.08578781513521716,-0.021860393037439918,-0.035739383931065904,-0.026457391409193565,-0.040967247027659526,0.0021312772619730413,-0.040929535462408295,0.03410193488071256,-0.013825277022745941,-0.005368746154682191,-0.012928999112884254,-0.022657586690784992,0.0812655352926055,0.03510352456744048,-0.07924229607730437,-0.04107086592496212,-0.017179953564162798,-0.0011080352509819091,-0.001316350419980683,0.047559387312085866,0.02838657904098696,,,,,,,,,,,,,,,,,,,,,,,,,,,,,,,,,,,,,,,,,,,,,,,,,,,,,,,,,,,,,,,,,,,,,,,,,,,,,,,,,,,,,,,,,,,,,,,,,,,,,,,,,,,,,,,,,,,,,,,,,,,,,,,,,,,,,,,,,,,,,,,,,,,,,,,,,,,,,,,,,,,,,,,,,,,,,,,,,,,,,,,,,,,,,,,,,,,,,,,,,,,,,,,,,,,,,,,,,,,,,,,,,,,,,,,,,,,,,,,,,,
2010-12-31,0.06685226888504703,0.06548515191505055,0.06959418483780566,0.06817479616194633,0.04757146604251905,0.06780532549563212,0.06815393038223383,0.08033325298241745,0.07926299547244442,0.0758017315638182,0.06660466598189352,0.08249418850276968,0.06951835400651984,0.06720961535891723,0.07627850105816392,0.08335443885655613,0.06551042060421453,0.08965256781429676,0.055450000439406066,0.07605962934169996,0.08679926557186013,0.0887185237549668,0.07911638661440956,0.07608333927595146,0.06959379772449359,0.061848590821824034,0.07468136861030983,0.08308077104175049,0.07000899218258949,0.07316783731378051,0.0732245639251965,-0.036991745755677985,-0.03430942366437728,-0.0016378580600215908,0.08968641756367757,0.07277821463290035,-0.006754419623003383,0.05311245367017836,-0.013876174497425953,0.07972480874104693,0.06858009344514437,0.06824943547539863,0.024368653791006833,0.025073686459604394,0.06015516876927385,0.09136655317695874,0.08723750299407462,0.09523311867050599,0.06771547318215432,0.06589648329821363,0.16562984636302502,0.03615565458886261,0.08087339713812192,0.06410260010727975,0.0679311149288051,0.0821309381043156,0.09985421712063625,0.04833304091796142,0.17896469925585734,0.031210773750536935,0.09085087090355537,0.06281668632767978,0.0003541659579704426,-0.02044911897740942,0.0812590189325102,-0.004997755796517178,-0.010206027306800314,-0.0056374039081102945,0.03633210271401999,-0.0002187543523001212,0.08446504647121511,-0.025171219310493154,-0.032909566534380486,0.027352897172364443,0.09697117510343567,0.11428277690844113,0.10903342787861448,0.0779215452001345,0.07901180293441379,0.07660796600783715,-0.023663668917790703,0.0666960001592769,0.08326062135716428,0.08125874788551823,-0.016503167204753977,-0.004403615696823571,-0.018606108502828067,0.06320942629151949,0.1454388871501826,0.08608696979025132,0.1303969927228925,0.027281515795370304,-0.015280029770606829,0.06921032875891009,0.0757395864905066,0.06607635834306413,0.08324274416545574,,,,,,,,,,,,,,,,,,,,,,,,,,,,,,,,,,,,,,,,,,,,,,,,,,,,,,,,,,,,,,,,,,,,,,,,,,,,,,,,,,,,,,,,,,,,,,,,,,,,,,,,,,,,,,,,,,,,,,,,,,,,,,,,,,,,,,,,,,,,,,,,,,,,,,,,,,,,,,,,,,,,,,,,,,,,,,,,,,,,,,,,,,,,,,,,,,,,,,,,,,,,,,,,,,,,,,,,,,,,,,,,,,,,,,,,,,,,,,,,,,
2011-01-31,0.02330026274367425,0.01924917679576832,0.001833189622113096,0.009354751693432695,0.02827773229340802,0.022970202257605266,0.023189287272608494,-0.0037065301586030053,0.0217354633535618,0.001168303036702678,0.018083562650159424,0.0318841803743346,0.021214252142738088,0.02271258698212275,-0.006519654389292029,-0.001266373503471141,0.0017910817754516195,-0.002364432278727291,0.012509967604081629,0.02592431700731046,0.04404285973265143,0.06350948989851868,0.020996883181837234,0.030916807666182322,0.02048336047437993,0.019254529729415548,0.022439810028175078,0.02095507108429384,0.02004940207414041,-0.0016827470527382982,0.0156222532191308,-0.030811128307232538,-0.00021252959287398898,0.0013110579052106885,0.08441865756694811,-0.038413132597245436,-0.0008516438997722142,0.0024067252762498548,0.00018607154123273517,0.02850239301934354,0.021622199933477138,0.023086406101958,-0.06379762129208244,-0.06402873482542892,0.01511560866571271,0.03687121938570348,0.04116582750021669,-0.01776094987127863,0.01623386075136901,0.022542231521844647,0.01582407505480976,0.003655427630309127,0.024486202898657883,-0.020133147081999647,0.08424923624487346,-0.009999984349959967,-0.09244535743257987,0.010741602415764717,-0.012098341671525903,-0.03990895862384891,0.031085085651703537,0.014448206477955194,-0.00018165340792020146,0.006018188415597869,0.007962063397490615,0.0010420580537968682,0.0008717227133518968,0.003603530785729836,0.0,0.0,0.02157642503351931,-0.0018146992838544707,0.0072018251377692355,0.019642511491354764,0.02621812315825789,0.00687068176785921,0.0185228869150178,0.010681735366909528,0.005449654779916768,0.01401663410847731,-0.013328187689555127,0.02369875298340407,0.022029893651662746,0.007871932399074355,0.008801330205008062,0.005734891727770641,-0.009948808002333331,0.012094676232688117,0.013899331353219191,0.07301843582998191,0.05101260610330072,-0.01800358652253442,0.0,0.022233777636093244,0.034020611166280856,0.005329516542239343,-0.0035608611557672587,0.010091848680236382,,,,,,,,,,,,,,,,,,,,,,,,,,,,,,,,,,,,,,,,,,,,,,,,,,,,,,,,,,,,,,,,,,,,,,,,,,,,,,,,,,,,,,,,,,,,,,,,,,,,,,,,,,,,,,,,,,,,,,,,,,,,,,,,,,,,,,,,,,,,,,,,,,,,,,,,,,,,,,,,,,,,,,,,,,,,,,,,,,,,,,,,,,,,,,,,,,,,,,,,,,,,,,,,,,,,,,,,,,,,,,,,,,,,,,,,,,,,,,,,,
2011-02-28,0.03473723168023679,0.04539786913838295,0.05489493962123859,0.07606274173160643,0.031607065164549475,0.0346110141793774,0.03525429416433701,0.05542032178862755,0.0378696522215467,0.044347050177362624,0.04559742553722734,0.03691714299960802,0.03684359417858629,0.03547222116204707,0.05872158822391227,0.050986580923853,0.04579256164661971,0.04210842099221712,0.050499844445133,0.04170769184634904,0.030724070807782722,0.02932584613100575,0.03584604572925065,0.03688700291659086,0.036975852805621656,0.040207712003745844,0.0352016472623331,0.03549775074099726,0.03738300479847689,0.057322697378765275,0.047050315551369515,0.016501849270638136,-0.0020841544922003408,-0.0012151778988329642,0.02528186367867513,-0.00043643094869827426,0.0029047631565932708,0.02801137808330978,0.007208420935111981,0.04029193013297383,0.04127738031845096,0.03444159360809862,0.05998312803425154,0.059953860049872576,0.03570156387268586,0.031237761450331636,0.03745746184270682,0.05363645918991944,0.02108669568019983,0.031659268880170455,0.0068387310302497895,0.034885844771338714,0.03279860236779397,0.012295635867872967,0.028885281273421493,0.015021963408151873,0.2088353905865692,0.047692917124527945,0.02181356223289499,0.06009085242344003,0.02645052073981269,0.0350220285113223,9.075577263106815e-05,-0.004246450037382665,0.027437021411200968,0.00019916913060713526,0.002933980534407965,-0.0022204718654702527,-0.1001669328145175,0.0,0.036555961199763454,0.022970109289535134,0.04104409368097861,0.013469392776602307,0.021930844014068862,0.02282318212963097,0.0986243786997405,0.031071455505195855,0.03252037654741091,0.029296380019451673,0.02887541018041051,0.03358260614413733,0.032861976951399585,0.05467183846536261,0.005538405098630017,0.0017391403291480145,0.009662659804079654,0.006900869767699103,-0.018895930895419744,0.10908815588055965,0.06609753864567458,0.011429090529849972,0.0078040048246128535,0.03466444856730999,0.03682281811874244,0.03999946629444695,0.05051990428147035,0.005857292582222673,-0.05493871665465033,0.043564171322499456,,,,,,,,,,,,,,,,,,,,,,,,,,,,,,,,,,,,,,,,,,,,,,,,,,,,,,,,,,,,,,,,,,,,,,,,,,,,,,,,,,,,,,,,,,,,,,,,,,,,,,,,,,,,,,,,,,,,,,,,,,,,,,,,,,,,,,,,,,,,,,,,,,,,,,,,,,,,,,,,,,,,,,,,,,,,,,,,,,,,,,,,,,,,,,,,,,,,,,,,,,,,,,,,,,,,,,,,,,,,,,,,,,,,,,,,,,,,,,,
2011-03-31,0.00011995179338475381,0.025923299711006598,-0.104943687457693,-0.0017819473446710754,-0.004482877275697628,-2.534016532340644e-05,0.002257914649678172,0.02523077910475635,0.0028330332172676886,0.029392634699215714,0.024851094819302144,-0.002571543121941966,0.0025075518511321615,0.003484802989113467,0.0377668693992248,0.01358844174925089,0.04029138361219875,0.022079722559223525,0.031230815705687753,0.018413508148574342,-0.01064560758654609,0.003367062540944321,0.006360793903519069,0.00044239143169022555,0.004185320821927574,0.01662215322160221,0.015236866251797876,-0.023883035491639948,0.015681487465610155,-0.10623841246415144,0.021009131831677186,0.0002919150925322356,-0.001546204283235264,-0.0012992213284509502,-0.003944488887279829,0.06289567009849706,-0.002229490833519421,0.023876238680628603,0.011902366361900896,-0.00032812298816997654,0.017113275110095083,0.0007111230278074032,0.01598138086384293,0.016678788727113147,-0.0020947652005969264,-0.010287531134095418,-0.03336987827134208,0.026047479228593184,0.017438282292753904,0.004718375944697817,-0.023909881040346748,0.01025242455182429,0.0023709357162617906,0.06712501673628357,-0.037284604189740334,0.08701199201084187,0.11054061552230365,-0.08782754639583235,0.0003866118041291333,0.03367273711628194,0.034912671549070406,0.007093617451201517,0.0001722279840399299,-0.0026469979600026727,-0.002225131090818566,0.0027129763435056464,-0.001472962373436304,-0.0010101399231826624,0.06679037892984829,0.0,-0.025021776755372205,-0.011961324872205692,-0.018015607084802543,-0.0003689181661687968,0.07079647586119542,-0.002990528587345831,0.0687606483852099,-0.008609894990013522,-0.0059055641921131885,-0.0006012545024262073,-0.00698989580084286,0.0016049099165369451,-0.014368689303774329,0.02153172633949385,-0.0010419875329019668,-0.001458126241765778,0.0001740561115202155,-0.020671994177735353,-0.04292542966516655,0.04709364927841553,0.012354173572132865,0.02448868457346176,0.010327369280735743,2.3387956289644407e-05,-0.0005221728125424097,0.036453606780638026,0.029843854132475034,0.006396612495754628,-0.02731156545620994,0.022769338208159517,,,,,,,,,,,,,,,,,,,,,,,,,,,,,,,,,,,,,,,,,,,,,,,,,,,,,,,,,,,,,,,,,,,,,,,,,,,,,,,,,,,,,,,,,,,,,,,,,,,,,,,,,,,,,,,,,,,,,,,,,,,,,,,,,,,,,,,,,,,,,,,,,,,,,,,,,,,,,,,,,,,,,,,,,,,,,,,,,,,,,,,,,,,,,,,,,,,,,,,,,,,,,,,,,,,,,,,,,,,,,,,,,,,,,,,,,,,,,,,
2011-04-29,0.028961533295467357,0.026287479258256585,0.02034875167700978,0.0026777710603127503,0.028730786632751526,0.029546928988269716,0.029511406864618506,0.026374990190578984,0.02592122077153447,0.026237223798587728,0.02715022908488951,0.02479826567281429,0.0310372604454785,0.028903174075908256,0.03650071762647911,0.016052192873918125,0.03986297769531366,0.010627295123138314,0.032895305652238305,0.019257499430277436,0.08416993881287338,0.07976249940356084,0.024244277387360125,0.021053875116149978,0.028962375021386766,0.03562619133611289,0.023047739592618743,0.05625877303426985,0.029819478007607758,0.016503025812029115,0.027260331617662947,0.02339206716133435,0.018412968450538525,0.005341624948157264,0.08155275164078146,0.02732686278833718,0.015674480548856673,0.029349644064971203,0.023780152426044587,0.029619208875009573,0.027063804267896563,0.029948957210710114,0.08944654978008071,0.08915834231002506,0.028894697964469307,0.08315695990925098,0.060177420010875116,0.015988869471661227,0.04261895592389786,0.030984226182923846,-0.00813269522247373,0.02400764733720573,0.027218321477092466,0.10513657424227518,0.054464444350437846,0.05985922871116767,0.2749524200295983,-0.0032549195066390313,0.004130588503476806,0.0494094819432942,0.042570286948995895,0.04015373907682851,0.0005439544095751092,0.015861840789803683,0.05454188359659251,0.011986938875816477,0.014638322760895717,0.009496639977376375,0.04869568866232177,0.0,0.06191331935897293,0.027686689696605926,0.006912140455866744,0.015971792637314186,0.05867768725315803,0.0588371737548703,0.10683083802444138,0.04818035273884136,0.049945240447905714,0.04352199489362518,0.010436863708581434,0.029411308866295505,0.05692448833951125,0.027993997784328872,0.020828981240200273,0.01176558619038115,0.01796566369071706,0.05752160146094054,0.03840586749897934,0.0756874763909845,0.04497178934388235,0.042740919130973554,0.024989948083508295,0.02936330413365873,0.022434968064356076,0.04560358143618326,0.025975782268547132,0.01562700301962794,-0.20956862745098037,0.03161019542219812,,,,,,,,,,,,,,,,,,,,,,,,,,,,,,,,,,,,,,,,,,,,,,,,,,,,,,,,,,,,,,,,,,,,,,,,,,,,,,,,,,,,,,,,,,,,,,,,,,,,,,,,,,,,,,,,,,,,,,,,,,,,,,,,,,,,,,,,,,,,,,,,,,,,,,,,,,,,,,,,,,,,,,,,,,,,,,,,,,,,,,,,,,,,,,,,,,,,,,,,,,,,,,,,,,,,,,,,,,,,,,,,,,,,,,,,,,,,,,,
2011-05-31,-0.011214353131025367,-0.009171262983202366,-0.024690817701265688,-0.023738798725534083,-0.012186840673093502,-0.011903363090337016,-0.010913883714838701,-0.017941888938953765,-0.010078338267945686,-0.00861031957361158,-0.013019223274906677,-0.018187276562570687,-0.011502186773794554,-0.01114969041165792,-0.019428873372859257,-0.016973649201814878,0.001460087689223899,-0.01765546176753896,-0.00912429920720259,-0.016276245438577752,-0.03308330749356059,-0.047573415501377836,-0.010268413759951023,-0.018770648713414162,-0.010608155347232473,-0.0028534257997384627,-0.004870760502286631,-0.022061295169400807,-0.004543771554110787,-0.0243530401082227,-0.013351114213838056,0.034228196791484145,0.025055835949608474,0.0036398738024585597,-0.0538268265282168,-0.029399825937890922,0.012398761658225954,0.00838628419970533,0.002658655377995256,-0.013698582755813593,-0.004230971172396125,-0.010065318269040002,-0.017916885312225905,-0.018336652144836596,-0.012180872077133809,-0.028434639876660506,-0.036298697225807475,-0.02129203328333329,-0.017180283086361325,-0.016973542655804086,-0.02577164262102527,-0.0016232885342486458,-0.012343439570227988,0.019650681235487744,-0.030926208274719258,-0.10299006353773066,-0.19795226925252363,-0.02122429834420403,-0.031787882924621313,0.015569454831330987,-0.06856698158982366,-0.005855156278016582,-9.906941148929427e-05,0.01620379215226353,-0.03172481964237173,0.010143259376609537,0.011804038592498012,0.006224867415332902,-0.022388096879705888,0.00021880221623726825,-0.027006382621625247,0.02333116277825109,0.014709421375016074,0.005805945261984746,-0.08723655492348681,-0.024406285494965374,-0.0920344620315473,-0.01953054856870129,-0.03038564071198835,-0.022679248509245298,0.019811946809627834,-0.009830711924212143,-0.027914439128483348,-0.01597288175452205,0.013025332333209683,0.006701308467164102,0.03034161132458002,-0.022650214095703558,-0.025205811554800173,-0.07358733843132315,-0.020328771783846955,-0.010363489411625793,0.0032863704051433462,-0.011698777577624275,-0.022103770881805596,-0.004275716371342275,-0.019317814682988987,-0.0007069624045619172,-0.08334987100615199,-0.007931224099499312,,,,,,,,,,,,,,,,,,,,,,,,,,,,,,,,,,,,,,,,,,,,,,,,,,,,,,,,,,,,,,,,,,,,,,,,,,,,,,,,,,,,,,,,,,,,,,,,,,,,,,,,,,,,,,,,,,,,,,,,,,,,,,,,,,,,,,,,,,,,,,,,,,,,,,,,,,,,,,,,,,,,,,,,,,,,,,,,,,,,,,,,,,,,,,,,,,,,,,,,,,,,,,,,,,,,,,,,,,,,,,,,,,,,,,,,,,,,,,,
2011-06-30,-0.016869785843327545,-0.025396798840897072,0.024434576103210315,-0.0309570788636937,-0.020254865450051507,-0.01677188821934028,-0.017681635077057112,-0.024045195313977308,-0.020934919830698506,-0.018374040415008897,-0.02123313900263668,-0.021756135673886456,-0.01844539856545513,-0.017395943000727998,-0.021155873742247477,-0.02496998947660689,-0.02180897620734401,-0.01595101100934515,-0.016315189123311313,-0.02452166829437541,-0.01876389625044883,-0.0033054690187069857,-0.02074910528450824,-0.019546427473459804,-0.017995816754103,-0.017011000312195823,-0.026106743784418684,-0.012107876383494975,-0.021391296966664752,0.020493741264873355,-0.023387672351903088,-0.023230397537516767,-0.005044464171344298,-4.808974320991144e-05,0.002442748590760546,-0.009355144990178865,-0.004452508399401811,-0.013066282050434253,0.007549821753858321,-0.02121701842467738,-0.02379213288364912,-0.017710317855197277,-0.024325042799353547,-0.023348861450269487,-0.008500926825391941,-0.020851929106608602,-0.010394098604534219,-0.030647079200263216,-0.014857511215693675,-0.012959887917566637,-0.03492553527963804,-0.01568513745308764,-0.019673404155912788,-0.0283095565289474,-0.06363319980553861,-0.08049378571686916,-0.09999995941811257,0.018443670142801905,-0.013077440248416394,-0.012088667569965517,-0.05955334491730768,-0.011059426016970852,0.00017229650446037859,-0.0014583564623134038,-0.010921700991095018,-0.0005804758441738667,-0.003756686758252581,0.00018387914491557744,-0.06530954254289367,0.0,-0.012191912067456512,-0.0012926893102308545,0.013748936453273242,-0.01006639786841812,-0.06841994294674558,-0.012576943342607727,-0.015214393370431623,-0.017610724032116498,-0.012523892156892646,-0.013372476126676247,0.012486978363741796,-0.018506013892958917,-0.012162434326219551,-0.020195770048499817,-0.007576435067059073,-0.000902523475944661,-0.020446689358445513,-0.057965401036683795,-0.018970881830261632,-0.03597679955815425,-0.10596024984330688,0.0034347647855548225,0.007354564241343731,-0.016811185709128207,-0.016665194891110513,-0.016461444838332673,-0.02238482745694992,0.0006833134908530436,-0.011041350941762285,-0.023001055383105595,,,,,,,,,,,,,,,,,,,,,,,,,,,,,,,,,,,,,,,,,,,,,,,,,,,,,,,,,,,,,,,,,,,,,,,,,,,,,,,,,,,,,,,,,,,,,,,,,,,,,,,,,,,,,,,,,,,,,,,,,,,,,,,,,,,,,,,,,,,,,,,,,,,,,,,,,,,,,,,,,,,,,,,,,,,,,,,,,,,,,,,,,,,,,,,,,,,,,,,,,,,,,,,,,,,,,,,,,,,,,,,,,,,,,,,,,,,,,,,
2011-07-29,-0.020004419901479498,-0.03460127102277988,0.026845854736916364,-0.023050301577642318,0.016652188444780114,-0.01971016328621855,-0.02121883191723528,-0.034062286538258046,-0.03406581398283337,-0.031642139954476844,-0.03633529170833727,-0.03580663583352861,-0.025224718196170226,-0.02125066906249906,-0.03838094567193462,-0.03171042932224011,-0.03494976495296587,-0.02773658982530114,-0.03064406548279508,-0.039999661837883504,-0.04729118308564717,-0.07545700829531377,-0.034733002709460115,-0.03670717257945155,-0.02266105500632709,-0.03686218487429849,-0.03448208184179358,-0.023777314345139522,-0.03511694061085502,0.025783323633133293,-0.03232974796570154,0.04414613525185307,0.0316956533259527,0.0028614773286983475,-0.07709353097123084,-0.0102936763357232,0.016866431727412534,-0.029856439435131166,0.038994958129705326,-0.03496903543321783,-0.03431970617501334,-0.020135505110774,0.08417803620638908,0.08401636020434422,-0.017155311887884994,-0.045955762973785785,-0.03323766218694213,-0.027043294245285288,-0.014250142924760678,-0.017249855263821168,-0.046269352230182026,-0.03496068931680152,-0.033499064741083995,-0.026808830369136172,-0.07517841401690051,0.004833417893818082,0.1480495951224181,-0.02185969741602689,-0.026326139311568242,-0.002248140862547099,0.031662210408453406,-0.02733949776746547,-0.0005627499375838729,0.02029627252121502,-0.02368992612812182,0.008853639678484182,0.016270924848194923,0.006156624093474061,-0.04718697242860159,0.0,-0.0238975714509555,0.005474638502571905,0.022956535239201603,0.007131679360789844,0.003901812826103246,-0.016960848186361788,0.051765610121561334,-0.02279743878964069,-0.026865075143617245,-0.02152702273382301,0.0,-0.021912072386647052,-0.027017790997805657,-0.03731964668628973,0.02581970842480219,0.007115797939560187,0.038500459001889364,0.0285746735366732,0.08490063282289229,0.042669806325029036,0.10518514374156052,0.01462990034705558,0.03856817695680981,-0.02055048678402105,-0.03660000911461381,-0.035948223669592605,-0.035261669997357914,0.012542432670383574,0.1057355516637477,-0.03805994459954287,-0.03951378426608998,,,,,,,,,,,,,,,,,,,,,,,,,,,,,,,,,,,,,,,,,,,,,,,,,,,,,,,,,,,,,,,,,,,,,,,,,,,,,,,,,,,,,,,,,,,,,,,,,,,,,,,,,,,,,,,,,,,,,,,,,,,,,,,,,,,,,,,,,,,,,,,,,,,,,,,,,,,,,,,,,,,,,,,,,,,,,,,,,,,,,,,,,,,,,,,,,,,,,,,,,,,,,,,,,,,,,,,,,,,,,,,,,,,,,,,,,,,,,,
2011-08-31,-0.05497596776797564,-0.07162480256952841,-0.08029905409303506,-0.03393632659010848,-0.050689671260281344,-0.05523466734169724,-0.0583328826617987,-0.08891376431080211,-0.061280272262761226,-0.07788721379736219,-0.06999481827042842,-0.061893791362894635,-0.058594590885246656,-0.059633287690101344,-0.08791588741574818,-0.09105011513777028,-0.07668536530433734,-0.07976728437121072,-0.06843340979403922,-0.07465327059498938,-0.0977798187474559,-0.12200557524711375,-0.06375609635033697,-0.06371508505123091,-0.060882376982907105,-0.06916815576801094,-0.06976271972433201,-0.08754933134558951,-0.06961431095150816,-0.08624078099039012,-0.08290639801047539,0.096674329816544,0.04651385138073527,0.0034470662152852327,-0.12836908870898178,-0.09254964384775588,0.015205573762287372,-0.007402007283197509,0.0064350334307690105,-0.058975720302371526,-0.06966272970527654,-0.05693114147072986,0.12274943937515781,0.12287333480320561,-0.06981660143711643,-0.0928139259573979,-0.09306466707338557,-0.1060146987716466,-0.04399778566786405,-0.05544611682937073,-0.13024410582132617,-0.006709065059789965,-0.060831018292590966,-0.11243846309214511,-0.11276320828973407,-0.07776590031549235,0.041184101715838084,-0.06421460745826246,-0.10976624240011612,-0.06871932023978378,-0.017050255684457394,-0.028336645608287636,0.00040844631671110854,0.018286726764884298,-0.08472115979107242,0.013711502153372246,0.016589960452044084,0.006300068468823694,-0.026666641235351562,0.0,-0.08582173751380806,0.03388945541066146,-0.0006841034257052403,-0.030274237205986987,-0.08664839437793537,-0.08230351174066797,-0.018695146441590316,-0.07359477644379409,-0.08806737962623346,-0.07251953442076786,0.019476345631545433,-0.05454486440188944,-0.0857642638001066,-0.0843235152349503,0.0069593421105542674,-0.0009219657474445198,0.0451803842007692,0.038234312186887776,-0.05469417104849217,-0.017960153320005334,0.12153714578646824,0.0050323433782548666,0.00889516502123544,-0.05516059734694778,-0.061799634501402245,-0.07593615463472403,-0.09556951073587239,-0.007041908349287196,0.6572955850326667,-0.07796726118914254,-0.06006119071859739,,,,,,,,,,,,,,,,,,,,,,,,,,,,,,,,,,,,,,,,,,,,,,,,,,,,,,,,,,,,,,,,,,,,,,,,,,,,,,,,,,,,,,,,,,,,,,,,,,,,,,,,,,,,,,,,,,,,,,,,,,,,,,,,,,,,,,,,,,,,,,,,,,,,,,,,,,,,,,,,,,,,,,,,,,,,,,,,,,,,,,,,,,,,,,,,,,,,,,,,,,,,,,,,,,,,,,,,,,,,,,,,,,,,,,,,,,,,,,
2011-09-30,-0.06942080569526587,-0.10478022897903483,-0.03959412496913639,-0.14720660601677027,-0.044908410136794696,-0.0678449925843414,-0.0730485036417915,-0.1115026866017006,-0.07555059262383068,-0.10302753522071806,-0.10601208624413494,-0.0740562311220766,-0.0749989581765852,-0.07557888927279544,-0.11396188985267619,-0.10844144177323056,-0.09854399546576309,-0.10560676633214894,-0.1017171596695956,-0.11077710211037173,-0.11888324870626776,-0.1332487697707555,-0.07682636915325336,-0.07112259635345353,-0.0757201295683303,-0.10066602684251413,-0.09193372703711455,-0.10808281760421345,-0.09462505521078102,-0.04292144556411637,-0.11141081548571308,0.13206112179093354,0.022370073063150198,-0.0010158227127766706,-0.12936961930907664,-0.17894737684478734,0.0077053264082656,-0.04412336898564706,-8.735938012827127e-05,-0.06849480210609582,-0.09896186881654556,-0.07266950976505104,-0.11062347246832638,-0.11167226740728597,-0.04908768154498544,-0.12238281397097073,-0.09607840592213013,-0.11179595561389033,-0.08994314105939394,-0.04387883991304342,-0.11438706536665433,-0.05513092565873201,-0.07436124088166984,-0.05764067784737403,-0.07592962195486086,-0.11648793816100189,-0.2852904993292451,-0.016928708648382362,-0.11970148725821483,-0.06629076003024836,-0.12720438274415802,-0.042047111713177765,0.0001367338980982069,0.0030051085454434467,-0.13008301695497293,0.00011118399149290248,0.006647352162934661,-0.002841531253114038,-0.11839530396595066,-0.0002187543523001212,-0.11330175497060424,-0.00040311027758044293,0.011247554651417024,-0.06090237872138449,-0.12065080357384128,-0.11229680935808095,-0.10692068714683556,-0.10439571332981656,-0.12309250055618037,-0.10718244602253635,0.027249982784810944,-0.07339703312608781,-0.11380226306813934,-0.11004399383877561,-0.013418238123135917,-0.009689501663190714,0.07130162050431821,-0.1774555457297673,-0.2251065509037674,-0.11639455658917541,-0.2055776800394601,-0.11018599125260164,-0.00040400808586060766,-0.06785652866733627,-0.07273133589417313,-0.09606255683060327,-0.1042688709844013,-0.006953989707448205,0.36805638513917094,-0.10400536815099659,-0.12188347569759928,,,,,,,,,,,,,,,,,,,,,,,,,,,,,,,,,,,,,,,,,,,,,,,,,,,,,,,,,,,,,,,,,,,,,,,,,,,,,,,,,,,,,,,,,,,,,,,,,,,,,,,,,,,,,,,,,,,,,,,,,,,,,,,,,,,,,,,,,,,,,,,,,,,,,,,,,,,,,,,,,,,,,,,,,,,,,,,,,,,,,,,,,,,,,,,,,,,,,,,,,,,,,,,,,,,,,,,,,,,,,,,,,,,,,,,,,,,,,,
2011-10-31,0.1091474870369864,0.13558041582920222,-0.006342505248053576,0.10788558922245817,0.10401991206906946,0.10651753483371751,0.10968967892576909,0.15101100672381618,0.11450778881044354,0.1491285727851952,0.13668441344531068,0.11205917538177168,0.1116432902048321,0.11297780577187955,0.15965710381494969,0.14466054189605293,0.14582637215117655,0.1534040363295568,0.13345914338598508,0.14179695048797325,0.1239412845333534,0.12628100935109354,0.11486531611215556,0.12526736331406552,0.11365221597736541,0.13557591247183942,0.12603708691634075,0.09627472309730734,0.1283849209997634,0.004211901049766542,0.14381765691060733,-0.03829162285906784,-0.012864837660258255,0.00034314627383613683,0.14179622058081254,0.16267830731728483,0.0012653420766850498,0.08022374142111399,0.020705689754771495,0.10265700312580295,0.1308758371127463,0.11035792623741258,0.0587118747477946,0.05938095632267992,0.11266748773663138,0.12420040034809565,0.09255217990577935,0.13723014328666805,0.10618174775118239,0.07191125322288561,0.12656801304902054,0.09392399922915295,0.11347423540152568,0.11090574915130413,0.16230224231065815,0.17218766634172722,0.15669314435165527,-0.004612637463517477,0.21491466065989928,0.13760262307181526,0.10268301843759775,0.08065313460110035,-0.00012719318705767257,-0.0002053087608845372,0.11492741565715181,0.0004537955588899134,0.0011249750505315514,0.002127966474266163,0.0,-0.00043614575103290143,0.09757738841888686,-0.0052846485756993244,-0.0012113050575175421,0.08382391221077445,0.15001424131884922,0.07441341831693493,0.036787167869519743,0.11324109830808449,0.1121254548411772,0.1126691104582409,-0.004870707160664289,0.10986995455134418,0.10412159709986835,0.15754599949329018,0.019490774307932446,0.007901311191071736,-0.0011938810332392524,0.053951626277407794,0.0690000057220459,0.10881136423365989,0.08350044952781643,0.057943972541930844,0.018433370669130644,0.10741890339130533,0.12666909805836912,0.14657488071119285,0.15234395168704928,0.013020467159623905,-0.2526196297589941,0.14178079610060013,0.11780763960110208,0.02951540505833572,0.028313442878432404,0.0036149989489326906,,,,,,,,,,,,,,,,,,,,,,,,,,,,,,,,,,,,,,,,,,,,,,,,,,,,,,,,,,,,,,,,,,,,,,,,,,,,,,,,,,,,,,,,,,,,,,,,,,,,,,,,,,,,,,,,,,,,,,,,,,,,,,,,,,,,,,,,,,,,,,,,,,,,,,,,,,,,,,,,,,,,,,,,,,,,,,,,,,,,,,,,,,,,,,,,,,,,,,,,,,,,,,,,,,,,,,,,,,,,,,,,,,,,,,,,,,,
2011-11-30,-0.004063972806265692,-0.0024168269447942814,0.0031915281234278225,-0.0276206159032909,-0.026919664001894827,-0.003179642081686418,-0.0036018496428805724,-0.003783370593801294,-0.006976290165408239,0.006243631616223766,-0.002369120675801195,-0.0038356936713365153,-0.003504689262374572,-0.0022245358296322237,-0.00586841794854942,-0.0019913179850974405,0.0059578395280242,0.006298717581947999,-0.011293108925441553,0.004908517878617236,-0.030709057857895572,-0.0422489507847863,-0.00424294023362648,-0.015540632012926436,-0.0037337177399464627,-0.005144205372210275,-0.005987929733326625,-0.021764129579731506,-0.004920558834483391,0.0,-0.005499944932434997,0.01988983182669002,0.005798942343865576,0.0004492121675303551,-0.039021505862741,-0.01960311554880989,-0.0033084906826488236,0.013816828779244394,0.005252099336817473,-0.005589878999589959,-0.0061127951505393074,-0.004359256717942905,0.016672693952307194,0.01729272512001967,-0.004136733027604422,-0.028659080827440175,-0.020295509588416194,-0.01094994441224062,-0.03155799910796264,-0.00749227310817191,-0.027834432935858744,0.012991622452092955,-0.007345443720473521,-0.012857353437547792,-0.07347254893206223,0.08505867258147504,-0.043062161658070086,-0.004324981745457701,0.005967598426051435,-0.013313314541706478,0.015019524969937414,0.012591340922393002,-0.00014590634839395378,0.0022613077011000016,-0.025712146671721947,0.0011329396566333028,-0.0005993780031642304,-0.00125427742480555,-0.12652611702144545,0.00021868921354539772,-0.02086459146767028,0.006379301336730592,0.00032668784218636837,-0.02194691615896538,0.08391087281214382,-0.025572822448960864,-0.019525515102252422,-0.011481107625411768,-0.02154958944153884,-0.012381017495261215,-0.0050515410585627585,-0.003020123668032615,-0.023575893072334098,-0.010237987994316078,-0.016643320086886737,-0.008462162749932944,-0.01215995446004614,-0.02859307308493142,-0.0533208615214793,0.01933329264322925,-0.08377688055044641,-0.03564850155933663,0.005609864180289081,-0.0029659008024126576,-0.024425053310867972,-0.002364383894148281,-0.006779771599620177,-0.0012083574181817047,0.04229466059119047,-0.004125395434030121,-0.024536582111796656,-0.07958917880878669,-0.06544291399037205,-0.06168388061044772,0.0015410006243676833,-0.016656744029638237,-0.02119802296633544,,,,,,,,,,,,,,,,,,,,,,,,,,,,,,,,,,,,,,,,,,,,,,,,,,,,,,,,,,,,,,,,,,,,,,,,,,,,,,,,,,,,,,,,,,,,,,,,,,,,,,,,,,,,,,,,,,,,,,,,,,,,,,,,,,,,,,,,,,,,,,,,,,,,,,,,,,,,,,,,,,,,,,,,,,,,,,,,,,,,,,,,,,,,,,,,,,,,,,,,,,,,,,,,,,,,,,,,,,,,,,,,,,,,,,,,
2011-12-30,0.01044854806999429,-0.006031447765907916,-0.02231600584400495,-0.017666072096984897,-0.006142095848647777,0.010675638362710904,0.009173312876300743,0.005150027414594582,0.020754422454636323,0.012610792615380007,-0.005267754544132641,0.01902759575706825,0.009330758194719513,0.0076906580876960895,-0.002889374230003905,0.014101637334206885,0.004664625386181953,0.02020051916254495,-0.017108397274747222,0.00884242479890407,-0.0186817676932316,-0.042225876338456536,0.019047633809428977,0.018278154005965996,0.009770910366318608,-0.015338837038700981,0.012290639532850811,-0.02174933938268353,-0.001589062664993035,-0.03130804379348362,-0.0005089786429999243,0.03444918578955658,0.0198768637893032,0.000521957676572482,-0.04165663900785166,-0.042648144960558465,0.013568140850992227,0.02626267726584519,0.001639445567246156,0.02536404495925204,-0.0036250932242148926,0.009396909785678753,-0.10662433944055594,-0.10726846312975347,-0.00133613351418993,-0.023385237949844262,-0.021793611870265628,0.013736440238973913,-0.0019797846065439106,0.015998417323203507,0.040546200291058154,0.011036171339173784,0.01661179501269805,0.017468526013511898,-0.024825809637418872,-0.01727690020720163,-0.15812498331069946,-0.01925797164198617,0.040646663637433855,0.017413831639587096,-0.023971629220015833,0.031931118664712876,0.00026319404321628603,0.007104398416773128,-0.024369245527454675,0.007561642782319078,0.011803898349766584,0.0024070668108606696,-0.17916135551658185,-0.00017466300513535593,-0.021373228117506637,0.02500840616050426,0.017492126653693374,0.0345148695364621,-0.007079273048863799,-0.033148196881839675,0.03468948405607697,-0.009503154526916746,-0.021213814205122583,-0.010278788556480012,0.017832477449951645,0.010134462066632821,-0.02582395669646964,0.0018364341931293993,0.025549894143594987,0.010854452860847186,0.031225850218708162,-0.10448347754636145,0.06324107754203001,-0.023675573980979303,0.060368764345463344,-0.006165067303244065,0.0024868416186967224,0.011261817682027164,0.029119854664600098,0.013700335597778057,0.007934376714199498,-0.004266254142654802,-0.15099204125098087,0.0027136675420600387,-0.013209563725423479,0.041376074588307166,-0.020922278801106753,0.05854123341755324,0.030731652327143255,0.005630456178767673,0.003300199380652513,,,,,,,,,,,,,,,,,,,,,,,,,,,,,,,,,,,,,,,,,,,,,,,,,,,,,,,,,,,,,,,,,,,,,,,,,,,,,,,,,,,,,,,,,,,,,,,,,,,,,,,,,,,,,,,,,,,,,,,,,,,,,,,,,,,,,,,,,,,,,,,,,,,,,,,,,,,,,,,,,,,,,,,,,,,,,,,,,,,,,,,,,,,,,,,,,,,,,,,,,,,,,,,,,,,,,,,,,,,,,,,,,,,,,,,,
2012-01-31,0.04637440700998763,0.06589782381087717,0.04829863480030583,0.05676696037764484,0.0841840071744917,0.046125798786907035,0.04901230519624522,0.07145778470622277,0.03827998035944846,0.0658860339256011,0.06608867453092593,0.04910942845048849,0.05068720274453553,0.049563173891727486,0.07526996157791732,0.06718451320842056,0.05304167956281458,0.07898452138832002,0.06857095903796395,0.06330621174510509,0.05453487426189896,0.0706093264055494,0.0392108044770032,0.048407360293140966,0.05069977736346609,0.07193474183622994,0.04930876888183322,0.0526949947678339,0.06004870941758389,0.05274039798020258,0.07581022391513303,-0.003298756745637288,0.008619059064056245,0.0008278132574655039,0.05997968052895852,0.10991044320008081,0.007255801975335707,0.00018575173656487642,0.02288150129881461,0.034673403854328155,0.06672230786564182,0.04869105967934728,0.11395480912860867,0.11490479662503228,0.046156579621313476,0.05454983429659288,0.04894641607328043,0.08667404119181543,0.020589997655293457,0.04738434194968755,0.06454905423752644,0.01782057840098772,0.04104102280354671,0.15376510281478661,0.12748204613121272,-0.007609575200284158,0.19821819374088046,0.03637518383554594,0.05735339953237917,0.04947648313096553,0.023953939554050452,0.017675679400886768,-0.0001811822095493243,0.006308892779375519,0.06859999852187992,0.002775806398837899,0.006344159565995433,0.005690055441810893,-0.18730650634702728,-0.00021847112944672897,0.0561541405767263,0.03528903407621775,0.02559408947769759,0.02652749308922142,0.00850963513753844,0.08831989501507365,0.0865066293786323,0.054778249529489065,0.06248295242299595,0.05465486666875585,0.03825454830549457,0.047571635989285266,0.06017913732474023,0.07064565478404927,0.02589665304002864,0.012664507722515816,0.014651999258557868,0.13815123633755277,0.05173483864977979,0.0355037720732676,-0.026202917725484443,0.07017536920630896,0.02139554069926275,0.044734857188185595,0.0444806761357428,0.04716367950211642,0.07073301420499067,0.010489308799205288,-0.2447847900712965,0.06630801769315298,0.06643881148885411,0.0017856870378767375,0.010466627471609424,-0.029918398159123227,0.013098781964811623,0.0015928114999321785,0.032135692827360396,0.0026631460184434186,,,,,,,,,,,,,,,,,,,,,,,,,,,,,,,,,,,,,,,,,,,,,,,,,,,,,,,,,,,,,,,,,,,,,,,,,,,,,,,,,,,,,,,,,,,,,,,,,,,,,,,,,,,,,,,,,,,,,,,,,,,,,,,,,,,,,,,,,,,,,,,,,,,,,,,,,,,,,,,,,,,,,,,,,,,,,,,,,,,,,,,,,,,,,,,,,,,,,,,,,,,,,,,,,,,,,,,,,,,,,,,,,,,,,,,
2012-02-29,0.043405548913864944,0.045117175125347186,0.04607328964610646,0.03237295456836664,0.06410057175279205,0.04211895131499044,0.042875318997928735,0.025689943174850738,0.03641293517643285,0.021702495202158056,0.045288972604915934,0.04137125584905599,0.04169941102693997,0.04086553985140018,0.03323375956186281,0.014561135482427101,0.025631303173716313,0.01713846586686607,0.0501419699759853,0.039485434462992464,0.050590327147212344,0.054904610179861146,0.03807866599071441,0.04191984248651881,0.04218436545551363,0.044907485708487016,0.03798833437946092,0.04833168432063606,0.04111957606519834,0.05427361777730444,0.04177855921716933,-0.0259703072357943,-0.010998137515726425,-0.0014074307183687962,0.05274899930815202,0.05271889750073733,-0.00013594284778006838,0.03049493703674666,-0.005780768830951244,0.03885063672084743,0.04326296459001,0.04243640621457123,-0.029649780549572347,-0.02944640833212575,0.04151490423425508,0.05424591707559667,0.05068085505205833,0.020404059737331837,0.038332272772509945,0.043619542314256465,0.05542389927035729,0.019697136338712173,0.03819052166016035,0.0032633532600081505,0.043626285670387066,0.08196717343034088,0.03934326226115603,0.09759890589479525,0.041844381669863484,0.06763423703073967,0.062185325604231956,0.0314805644626297,-9.060752124556704e-05,-0.006227252216325141,0.05310374104375537,0.0009898426818077954,0.00040550082076329375,0.00018465391616806492,-0.02047620500837055,0.0002185188695109641,0.04884075884890682,-0.010725731011202333,-0.0064850521790496,0.02129791516931956,0.0766248740540898,0.05260375709325693,0.06819051106770835,0.049460663450944686,0.04909238207673394,0.0476506510867154,0.008180401516852287,0.04349170803330926,0.04911411098186447,0.03412946443464393,0.006629884145871623,0.008934583352322,-0.010158430092146786,0.05584600354463354,0.01914581961285311,0.11049295917153601,0.005136963771668057,0.02601366096028168,-0.004752569138648521,0.04281901284673473,0.04275874253693579,0.02798159739590589,0.02696631487643386,0.003395555944607498,-0.08286713286713288,0.045472169104885385,0.029958692311962354,-0.03654187687734445,0.00820028197807443,-0.00467291510524781,0.021056461171505836,0.03836974714895858,0.0160376789091774,-0.0010628369399923177,,,,,,,,,,,,,,,,,,,,,,,,,,,,,,,,,,,,,,,,,,,,,,,,,,,,,,,,,,,,,,,,,,,,,,,,,,,,,,,,,,,,,,,,,,,,,,,,,,,,,,,,,,,,,,,,,,,,,,,,,,,,,,,,,,,,,,,,,,,,,,,,,,,,,,,,,,,,,,,,,,,,,,,,,,,,,,,,,,,,,,,,,,,,,,,,,,,,,,,,,,,,,,,,,,,,,,,,,,,,,,,,,,,,,,,
2012-03-30,0.032163590969827016,0.019251013150379137,0.019018954806579336,-0.023432287716617206,0.05053076981722704,0.03296430361931213,0.031565794567605554,0.02484697247655898,0.031132886982928154,0.02897333176045791,0.01893643965812175,0.03307223803317383,0.0298507215335011,0.03265904895216609,0.021113824947687876,0.031005865775740604,0.02984225390318218,0.028968992388515913,0.016467554225509273,0.02073354728600929,-0.0008025594880028963,0.001269202451697815,0.028685749493919888,0.033312979075227345,0.030677395826307796,0.021540602243387053,0.022658646363269197,0.004207899289611072,0.02268025715956412,0.01234548025930593,0.021583921498343983,-0.04235970259077948,-0.015911308062295237,-0.0007705221471310253,-0.011711303383100113,-0.031130065495448278,-0.005729359171664061,0.01895230370914769,-0.008595393896922765,0.028433083054027364,0.019085222487667197,0.03306115821520117,-0.013208340481005276,-0.01274266324671025,0.0303675311096403,0.0006511557646218247,-0.0012751690525022452,0.040757041256988646,-0.000606620881035913,0.03136155985232847,0.07361877877642842,0.02023439956785289,0.028710731419406166,0.04683856691994115,0.007594380224695163,-0.04130006603938574,-0.06467958645724448,0.0350627340202041,0.06233212665732357,0.04193933149710749,-0.03038751561319375,0.027175939371979485,-9.079049686522289e-05,-0.005828855152650414,-0.008964434118741704,0.0005927869447488465,-0.005076566732634458,-0.0018869362593399996,-0.22605734990362192,-0.00021847112944672897,0.003272227377285386,-0.00819552899940279,-0.003654937750511622,-0.012144803038062979,-0.029654686259930507,0.0077847079002204556,0.01925816656730861,0.011139573218370558,-0.004874408396349672,0.011737717608847564,0.013288237797938418,0.03151944789091621,-0.0007672714728618191,0.0228229698010165,-0.007222806122468284,-0.000846708019405451,-0.02812201272527437,-0.023547843447701333,-0.06835260756881134,0.005475954918750414,-0.0445364279449737,-0.016356435361413846,-0.010435074398287836,0.03302618538155477,0.03336137286106111,0.02620100257130087,0.022684979821577578,-0.0010641688464776422,-0.3181471597407549,0.016257985719344115,0.0005804045189075069,-0.024514353036862557,0.01840754682965362,0.13145545749773402,0.02569271377839155,0.004786651500009009,-0.0042357375026931265,-0.0020615345311322253,-0.04423059763993975,-0.007655373352100758,,,,,,,,,,,,,,,,,,,,,,,,,,,,,,,,,,,,,,,,,,,,,,,,,,,,,,,,,,,,,,,,,,,,,,,,,,,,,,,,,,,,,,,,,,,,,,,,,,,,,,,,,,,,,,,,,,,,,,,,,,,,,,,,,,,,,,,,,,,,,,,,,,,,,,,,,,,,,,,,,,,,,,,,,,,,,,,,,,,,,,,,,,,,,,,,,,,,,,,,,,,,,,,,,,,,,,,,,,,,,,,,,,,,,
2012-04-30,-0.0066760988052624315,-0.0028223854878355326,-0.043221693781127835,0.0007060811846471005,-0.011695194247263951,-0.006586274511986567,-0.005643918530025216,-0.016181891359802192,-0.009704720752001905,-0.01362888131478579,-0.003628301838033976,-0.013245021359073239,-0.005524334151123189,-0.006221152677731934,-0.01761360219925001,-0.015211799548361826,-0.008475499751788962,-0.019091887664414386,-0.0014230750929306035,-0.004215500231030123,-0.024364168962914934,-0.05610127773723517,-0.010131811028883275,-0.014034600342494485,-0.006366172683994087,-0.00031811057153974254,-0.007064668558694254,-0.02076863990999933,-0.0037935257629846397,-0.036125335166058425,-0.008594586506491364,0.04834239855225575,0.025091065532685253,0.0020174633697080946,-0.06718004250295595,-0.016996637608233223,0.009059729402183692,0.013044762874598215,0.01784731523263594,-0.009189063925289398,-0.006251370762113573,-0.0060528027658187655,-0.0014803247076433657,-0.0024585688015918983,-0.010229089472009956,-0.024951313978408662,-0.03297854269385658,-0.017120753394154087,0.0,-0.008622117857754685,-0.025156765426451067,0.000353415714979155,-0.012892604561211662,0.010936909058636424,-0.07199972588243497,0.011470832734906455,-0.04047159287380975,-0.07262863391583951,-0.014049802901818786,0.00800007466281083,-0.0034502281798870493,-0.00020635629746157402,0.0,0.011926783912089123,-0.01809144181973643,0.005096418127900959,0.011034789156991742,0.0048768554330695935,0.03077887994785944,0.0002185188695109641,-0.02380225972168093,0.008704753859727798,0.014457720418281639,0.015384927718033348,0.005020727686998683,-0.007724574345288948,-0.041637527544937325,-0.01144087846211883,-0.016654414835452047,-0.011809097730019036,0.017829627318814545,-0.005670022594671642,-0.018049338709479557,-0.011326692222856094,0.014675433043941588,0.004101223169096002,0.033589898676315455,-0.04433594620739334,0.045602628750654794,-0.02433378944675313,-0.00942432368067192,0.008974602382251895,0.01977681928244812,-0.00636941175487693,-0.01495183041082393,-0.0034045693132388477,-0.015344423691238895,0.0024045517171205066,-0.015655577299412915,-0.005504596576658027,-0.005273685477706458,-0.031294409842259285,-0.11223202915268826,0.0149377052823505,0.013106895375568417,-0.0020961332924421816,0.00028968925920680455,0.0036331640306612734,-0.048692280456544834,0.01279651428150319,-0.03671536944243747,,,,,,,,,,,,,,,,,,,,,,,,,,,,,,,,,,,,,,,,,,,,,,,,,,,,,,,,,,,,,,,,,,,,,,,,,,,,,,,,,,,,,,,,,,,,,,,,,,,,,,,,,,,,,,,,,,,,,,,,,,,,,,,,,,,,,,,,,,,,,,,,,,,,,,,,,,,,,,,,,,,,,,,,,,,,,,,,,,,,,,,,,,,,,,,,,,,,,,,,,,,,,,,,,,,,,,,,,,,,,,,,,,,,
2012-05-31,-0.060055043886077075,-0.06453893424599755,-0.0872693072452998,-0.10719336338070806,-0.07040149926158734,-0.060093808200727405,-0.061016169573418155,-0.06579095603512497,-0.05793322595763595,-0.06257425727709587,-0.06402987601520627,-0.06617777926389579,-0.060734047472835506,-0.06202824002961904,-0.07075794045547401,-0.060812899239397256,-0.05348648085270391,-0.07175332528408507,-0.06181007515853332,-0.06619621059217817,-0.11827653257166104,-0.12894558041735382,-0.05789123148807784,-0.06369494834441114,-0.062256493644265554,-0.07319012993063889,-0.06026316347580396,-0.11144215059009155,-0.06591134902562079,-0.0921462644811879,-0.07020241083444634,0.09025357483576935,0.028694545466783294,0.0005677257954552761,-0.1265278523669524,-0.10705825037301198,0.010781940497688103,-0.031575090674920814,0.019462967381981278,-0.059142561835420104,-0.07104994249159535,-0.06152397710263824,-0.06338034010471139,-0.0628465516240434,-0.07102973251349154,-0.11971481348275337,-0.11661181230196493,-0.06571644945089561,-0.09505181411685582,-0.05797982866939855,-0.06666682874499019,-0.037063323631076894,-0.06212365433360301,-0.011064558829516957,-0.1087854478034046,-0.17817539416455153,-0.104616455065629,-0.09614277187494058,-0.05130096805658835,-0.05393608445573461,-0.1278130503369448,-0.04663628564315503,0.00027187187852018013,0.00842906392143239,-0.11400272318197235,0.003181265153659796,0.009316366954856825,0.0013444016910291179,0.023156677126670466,0.0,-0.11167985654099366,0.0119941700831796,0.009538792436486698,-0.034798317010860225,-0.1689835455969827,-0.11451558634622216,-0.10879881740203934,-0.09279896137699928,-0.11108354260966646,-0.0893079673247944,0.016294671776061254,-0.0609239598918111,-0.11184969810556034,-0.06901257196173338,0.004044494166408619,-0.001487014790021557,0.05326761018449888,-0.0971206378578654,-0.1053256222615111,-0.14560564075046423,-0.06891232571963302,-0.07844252831937537,0.01802704859591353,-0.06003744084751983,-0.06038843742932265,-0.05593493976323405,-0.06681070779296339,-0.004377050827543361,0.2621414370917352,-0.07195551663273991,-0.07973233242160704,-0.01860011255504046,-0.08854170288476537,-0.08462795471395856,-0.021678376358083562,-0.07485215332182293,-0.05943967072250833,0.0022922719285247695,-0.12013518075910101,0.020072596744151516,-0.04241802719644683,-0.012855236270284953,,,,,,,,,,,,,,,,,,,,,,,,,,,,,,,,,,,,,,,,,,,,,,,,,,,,,,,,,,,,,,,,,,,,,,,,,,,,,,,,,,,,,,,,,,,,,,,,,,,,,,,,,,,,,,,,,,,,,,,,,,,,,,,,,,,,,,,,,,,,,,,,,,,,,,,,,,,,,,,,,,,,,,,,,,,,,,,,,,,,,,,,,,,,,,,,,,,,,,,,,,,,,,,,,,,,,,,,,,,,,,,,,,,
2012-06-29,0.0405808241639416,0.019325357812854715,0.06869316100594602,0.02897519768418988,0.03621434228626219,0.042077405061022866,0.038420279130489954,0.050521099984517814,0.04962767881598262,0.042378879807002834,0.02094383444651715,0.046547304905136366,0.03810695365564731,0.03829838378519823,0.0528549854708491,0.04991817423475409,0.044073915090875104,0.04549026960758229,0.00695537631195231,0.032090310827402435,0.07905587173942918,0.08933488894471453,0.04509986305733782,0.0438460990081575,0.040451829080225155,0.01846028968429958,0.0369459662927214,0.07043327770207553,0.027066240099419492,0.06569868866530482,0.0314441861900574,-0.016782433570574073,-0.004142803011569107,-0.0009709635866606003,0.10146685805847833,0.050353875021891925,-0.00019741394811001456,0.03334302231695885,-0.006688151582521895,0.047745561994379626,0.025096837813880724,0.03854168036340222,0.02354575543588089,0.02301120187981054,0.011530363188157589,0.0826594610082616,0.08935805369192962,0.06423504142055836,0.06609518035379014,0.03223458991210215,0.020953560655087022,0.028305044113144273,0.0442434994523031,0.09982615950883234,0.027957235025407368,-0.023919063846871147,-0.011498496901690358,0.08331718329098914,0.03279987908317428,0.014307978023518686,0.006946774561735758,0.04974260353574711,-9.042459458108443e-05,-0.0019798298115955015,0.06524578228508315,0.0014778702826732104,0.0006633148640737829,0.0005923499050630721,0.1488981455437568,-0.00043673379407527246,0.06980672848711422,-0.007144976604930742,-0.0017020959251651258,0.04190267839878126,-0.01359113083843877,0.04145916070499234,-0.007578839291225825,0.05072295033804686,0.06164035888783492,0.05133529138836357,0.008411780750667619,0.03817658167489624,0.06428901569616619,0.04625871337667964,0.0073354665312141965,0.004410268932773187,2.137694001813628e-07,0.022359130744411315,-0.04941142910093388,-0.03822629839691516,0.1626622352546303,0.05729075499044267,-0.005890487466157057,0.04135824952673661,0.040956811221575684,0.04025309287849055,0.05175242805243574,-0.002740988929240462,-0.2727272727272727,0.025661273388301264,0.05974445592749,0.10274317258611276,-0.0036363477830763102,0.08887895602347351,0.036319644013787844,0.07232291532854962,0.032656124137584674,-0.0033490214386024952,0.08882437660303744,-0.005159040276436211,0.027391371535109066,0.020788541015022588,,,,,,,,,,,,,,,,,,,,,,,,,,,,,,,,,,,,,,,,,,,,,,,,,,,,,,,,,,,,,,,,,,,,,,,,,,,,,,,,,,,,,,,,,,,,,,,,,,,,,,,,,,,,,,,,,,,,,,,,,,,,,,,,,,,,,,,,,,,,,,,,,,,,,,,,,,,,,,,,,,,,,,,,,,,,,,,,,,,,,,,,,,,,,,,,,,,,,,,,,,,,,,,,,,,,,,,,,,,,,,,,,,,
2012-07-31,0.01182978826805181,-0.00023356526940632172,-0.04463347732044498,0.01741500535963114,0.00997481606177697,0.012431291509052311,0.010104815502731457,-0.01520799813362661,0.008648180990237009,-0.0077792265790966875,-0.002230143003073337,0.00834939081938435,0.008832361982934689,0.011150181759699285,-0.018476067239108218,-0.012501483251618595,-0.014368456793769968,-0.006861683750150838,0.0010391008009504876,-0.0024505386533956175,0.005934723818328713,-0.009836052124512995,0.013602725221030454,0.009617153420151903,0.00875184187132394,-0.001351686120719453,0.004965437488630764,0.0008007886821250754,0.0024675292579303676,-0.03163134319800387,-0.007266836319923975,0.0381728294604613,0.014011561917885773,0.002205947683160625,-0.007087144182213345,-0.0002554729366215369,0.013620709826577482,0.02028829590682224,0.017545875533717448,0.01179852430733086,0.00038837824795168174,0.011272103322273352,0.008376847936764742,0.01028276626589264,0.007885084514568153,0.0032683702581766116,-0.0037682170905291024,-0.017586389779231548,0.004794333599679179,0.020656464004509045,-0.014519433372683799,0.014734240894599848,0.007564210279474848,0.015937297877957057,-0.024450471691833897,0.026704378998024136,0.017636068571510455,-0.06359252020945017,-0.017166163290532,0.00033856323052705584,0.05880417137890581,0.02140414328886675,0.0,0.006973284933199153,0.004880093194148394,0.007390178913307732,0.012317151898394885,0.004948331832530073,0.1425609056237218,0.0,0.002534239435606267,0.020692603914738594,0.017519626005259248,0.016724786074363118,0.02331736126869499,-0.01189813786632321,0.09329206164267245,0.00820602410080462,0.0026887708539486965,0.0072255211430907185,0.022263621585159488,0.011757769829724651,0.0016546547178770687,-0.009275469550668158,0.023655189924540965,0.009111200925780105,0.04181392703068587,-0.022430933649575824,0.011163462744486097,0.06995224984981596,0.20997625826570632,0.024936022585279494,0.018463394662439292,0.01204210829471486,0.011573914201440383,-0.005652491185068609,-0.011004719353104764,0.006760173553649773,-0.10210396039603964,-0.0011670101512993858,0.026955426290445006,0.1044775676483316,0.07194990296189951,0.09721086631730946,0.019350595142837212,0.013044924469063357,0.03644459737628325,0.004293344674931809,-0.021276463655367395,0.009904437709812752,0.15684238402934536,0.008119519061683622,,,,,,,,,,,,,,,,,,,,,,,,,,,,,,,,,,,,,,,,,,,,,,,,,,,,,,,,,,,,,,,,,,,,,,,,,,,,,,,,,,,,,,,,,,,,,,,,,,,,,,,,,,,,,,,,,,,,,,,,,,,,,,,,,,,,,,,,,,,,,,,,,,,,,,,,,,,,,,,,,,,,,,,,,,,,,,,,,,,,,,,,,,,,,,,,,,,,,,,,,,,,,,,,,,,,,,,,,,,,,,,,,,,
2012-08-31,0.02505250659621283,0.03544329973435412,0.00778620974069133,0.0460249103297774,0.05185219409901998,0.024774406536410387,0.024615251618092415,0.03535394507630052,0.02281681597466756,0.03892719945596701,0.03490954753018394,0.022133722214211726,0.02441386742920426,0.025246804619639462,0.03575401269572187,0.03452748780294468,0.03757724507804561,0.04077521600014844,0.041898755107333985,0.028125846900743934,0.04454267811037704,0.06622524251636008,0.020630259639208726,0.021395107721341233,0.02702281347628066,0.03501990098020946,0.029645530183386004,0.03199968418858279,0.03171769739650676,-0.001028715341710451,0.037314874595655745,-0.013188911718662655,-0.0011735467544419231,7.103576125433442e-05,0.07351838658679033,0.004089730853267248,9.984603743795617e-08,-0.0027911040450987468,-0.0024702588470632003,0.0148408946243892,0.030558479387515325,0.025159482160680424,0.04939609851235338,0.048346009052019134,0.021557900274052022,0.04677642551773675,0.04255323970074043,0.026851120263521544,0.017041822608376833,0.02070122856258072,0.04005531464842327,0.012219019898206618,0.023545909696621292,-0.015019880245541906,0.04414795959707751,0.09822518526611712,0.13532448240136863,0.008046290048333127,0.03270196223302557,0.035696216150430615,0.07167239857586205,0.007731850384775862,0.00018121504249113407,0.0012207289430004042,0.026469216310041732,0.0012402801302284772,0.0016112772646035278,0.002262547761150424,-0.1460980529467497,0.0,0.03285922651242501,-0.0015114268426369426,0.0012296344510940305,0.01235831345940075,0.09166237735456573,0.04004465756341413,0.13573718068744922,0.027809473615162172,0.02064918316986497,0.024782574409569325,0.005871514318605442,0.02415882504480593,0.0367619352106332,0.037163756052100094,0.005845294358902242,0.006462625983462811,-0.009066506454648349,0.08647643191503285,0.06503361385320128,0.11495342802315922,0.0,0.0005763356858157209,-0.004120418325245345,0.025067718736050626,0.018239006814734893,0.031628320089558404,0.03051999972239594,0.0019462595555423956,-0.15437629221226745,0.03544974068676021,0.017610904721092613,0.006961494551543712,-0.08706221083049359,0.06242990939416626,-0.0016952650684909365,0.027676216143394772,0.00044709076844351436,-8.128440409649329e-08,0.014492727767926095,-0.0011383291548180408,-0.01152321532406586,0.009501940990418456,,,,,,,,,,,,,,,,,,,,,,,,,,,,,,,,,,,,,,,,,,,,,,,,,,,,,,,,,,,,,,,,,,,,,,,,,,,,,,,,,,,,,,,,,,,,,,,,,,,,,,,,,,,,,,,,,,,,,,,,,,,,,,,,,,,,,,,,,,,,,,,,,,,,,,,,,,,,,,,,,,,,,,,,,,,,,,,,,,,,,,,,,,,,,,,,,,,,,,,,,,,,,,,,,,,,,,,,,,,,,,,,,,,
2012-09-28,0.025350747552167707,0.016884343883061037,0.012141260571984613,0.03599996493703683,0.008884356068471044,0.02331579025354591,0.026177958806272716,0.03260930629371073,0.031405237807461406,0.02303408902837134,0.017995367416445918,0.030994369721817128,0.025798128008109877,0.02410757178351708,0.03072395413759277,0.033237115135940964,0.014798887229670488,0.031314756859269544,0.016206813879397153,0.020150092931205288,0.031347377048396075,0.03692197908107997,0.031243888036907475,0.03058509806315257,0.02491369603432969,0.018621919346678117,0.020994727433741867,0.02713211068936583,0.02021508115766779,0.01158619472162381,0.02512916752373462,-0.02532731306633651,-0.0034812751243373796,0.000164985493472658,0.03583654460694463,0.05218940875094624,0.0026663881628141706,0.01808006335082002,0.005118065632457869,0.02896361434856698,0.019725853693660644,0.025391314810072396,0.046705627280061,0.04793695008926813,0.02432762836185809,0.029337694787173296,0.029705032437955303,0.05128741033830253,0.023710407030215652,0.02424105580538871,0.044020872674140676,0.024704854900257756,0.030836560284159376,0.05512255340314476,-0.042196694024487336,-0.04931737218903898,0.08736598073150503,0.009704202570684162,0.03490133943282547,0.028260581685590536,-0.02142448346416026,0.025645860120174557,-8.141842782061204e-05,-0.00025843244727052905,0.03482894923472668,0.0022945937970364483,0.001811787510294094,0.0005035033669127387,0.13390013276443935,0.0,0.026302481921758325,0.00573781938483231,0.005765594496490278,0.0073403149459350114,-0.043643267534329344,0.04200321214291636,0.005984052713840615,0.027056368152605925,0.034944669043693866,0.0310744140096475,0.006656347938671647,0.025797303684851558,0.02868497358031119,0.027206220109052826,0.0075367835139945605,0.004733142689890224,-0.005869416129189897,0.0782734215406522,0.0179786305273415,-0.01853645217259814,-0.049469974984302056,0.022951035890536264,0.006205917115631454,0.025516967640062616,0.031659447816059894,0.013280551559041731,0.03131251621611275,0.0011655284248603959,-0.21678891605541972,0.01897629115345656,0.013634732442614483,-0.004473326035093872,-0.019179573871702216,-0.06474314382999224,0.015795139806829672,0.02057255497860222,0.02041606508577809,0.0020222748547813474,0.13392865342339344,-0.003934008482794793,-0.046265953459582954,0.010757797811595582,,,,,,,,,,,,,,,,,,,,,,,,,,,,,,,,,,,,,,,,,,,,,,,,,,,,,,,,,,,,,,,,,,,,,,,,,,,,,,,,,,,,,,,,,,,,,,,,,,,,,,,,,,,,,,,,,,,,,,,,,,,,,,,,,,,,,,,,,,,,,,,,,,,,,,,,,,,,,,,,,,,,,,,,,,,,,,,,,,,,,,,,,,,,,,,,,,,,,,,,,,,,,,,,,,,,,,,,,,,,,,,,,,,
2012-10-31,-0.01819797984359628,-0.009282062980571437,-0.011995618640349925,0.0,-0.05279311474716597,-0.02022142995831111,-0.017740511268102055,-0.02169247302496391,-0.005264861063465354,-0.022707048539579056,-0.0074990338182645555,-0.007143928369413799,-0.016734906420202256,-0.016527672589101372,-0.03221396226980855,-0.015147503310444899,-0.022245754745752633,-0.019620338895125267,-0.011611475995664367,-0.004940626354452582,0.01670294548776652,0.025623900030132152,-0.004870531779154974,-0.0063028564968529155,-0.018058137912508432,-0.02252599742151673,0.0010268438863176854,0.010943568485153543,-0.011376999332182614,-0.014762196220713064,-0.013935814866087637,-0.004840159829725188,-0.003960894033376294,-0.0006863664410957648,0.028681925500769756,-0.004355043047486906,-0.00047231034543882,0.0026006071711368595,0.006241338984600775,-0.003916524053025894,-0.011459094479385756,-0.017658849991967984,-0.029437416816341377,-0.02953099104595369,-0.021191631823969437,0.01767584234873576,0.015195200130546205,-0.03444359451412404,0.005921303167986558,-0.01945919110298433,0.007239714931580821,-0.002754007911232592,-0.0037371059030490983,-0.10266566147726175,-0.04328793765165373,-0.06858142785733079,-0.06600953150207356,0.006641444215197412,-0.024441521643199016,-0.007011755228810701,-0.040236705356500924,-0.009920491996470937,-7.251373130501282e-05,-0.0032913512280179358,0.007681825008899912,-0.0023100491992159577,-0.0010125388973503124,7.394846780273134e-05,0.01874412444564877,0.00021835802895897594,0.010644870879349622,0.0046543801992828815,0.0030509353873970912,0.00880218004330735,-0.05853176161245133,0.0077521544412268995,-0.0925314316996172,-0.0051399399731861806,0.006346845339609164,-0.00603806868387935,0.008497329758222039,-0.017554702549858914,0.013168251366975747,-0.017098667650310206,0.012774713959980977,0.0046056071662208264,0.0011779811770875614,-0.05465783357267617,-0.04980107127141409,-0.02641648356026094,-0.005782709415227849,0.012146314115399237,0.006853371467932412,-0.019569478662758266,-0.006666447560757072,-0.023563436873922816,-0.022434973221487797,9.692891094315037e-05,0.02757544224765862,-0.003704814088938524,0.0020561178402318525,-0.02042483634668446,-0.04671377607167404,-0.023702000096874398,-0.011099611938430454,-0.0009162135124158866,0.010400998042950693,-1.622407261869796e-07,-0.026771927617731506,-0.001224752538582008,-0.010695213268968162,0.007004460634221887,,,,,,,,,,,,,,,,,,,,,,,,,,,,,,,,,,,,,,,,,,,,,,,,,,,,,,,,,,,,,,,,,,,,,,,,,,,,,,,,,,,,,,,,,,,,,,,,,,,,,,,,,,,,,,,,,,,,,,,,,,,,,,,,,,,,,,,,,,,,,,,,,,,,,,,,,,,,,,,,,,,,,,,,,,,,,,,,,,,,,,,,,,,,,,,,,,,,,,,,,,,,,,,,,,,,,,,,,,,,,,,,,,,
2012-11-30,0.005659794513735994,0.02300184999675703,0.02980120806387876,-0.013338267198122256,0.013087574257350632,0.00869353445440435,0.008838057584096948,0.005512719499840779,-0.0006959120307391542,0.013011546694846832,0.02225886766190799,0.0013779323086193784,0.0071912862584990744,0.0062139099593683245,0.010591185995581176,0.005218526393299561,0.004770727658544915,0.01652635187796192,0.026206556552576865,0.01832401101134562,0.022892505240651895,0.03406887879218834,-0.0010641158574042908,0.00014096181104639172,0.00774301288809176,0.022222094163352857,0.01086760544403087,0.027808312182460826,0.017901207074332737,0.04624119616372768,0.016686638672872345,0.011591196856492125,0.009791629563326465,0.00023681726632873712,0.03446110615027442,0.01555291278474491,0.0027069804948163245,-0.0032855078129157,0.0055797342262045024,-0.007351992480029379,0.016078341929092188,0.006353602469025166,-0.004675410721908135,-0.00477326507240694,0.008523892143638356,0.024750306147344414,0.01973935001470095,0.001763748538714971,0.007194331393164388,0.00605947899033743,-0.016067598063864152,0.008629583769324212,0.003588328843462385,0.060248003446841114,0.0447651077542095,0.02454375927604291,0.03485769544711559,0.05529339682989609,-0.012884443804297652,0.015407021150061428,0.01602960788461738,-0.0034068222587746444,9.086716810191575e-05,0.004786347741031705,0.018018195900105338,-0.004045503770255143,0.0005892229654751446,0.0008599783575971021,-0.062097534300033286,-0.00021831035913932872,0.027083646135708905,0.01621384716383867,0.018536749862377633,0.005454504398346716,0.027397285052958464,0.014615244031735308,0.05043700928835748,0.01593086658172571,0.02396521054444012,0.015291156049535903,0.017772837626262694,0.006253851290276113,0.019113105976979128,0.014134235460901978,0.0014561386202700533,-2.483762998106709e-05,0.0058827678062092215,0.019359064160517025,0.12558606575178666,0.03157091133583667,-0.006024115479937087,0.0067889979922939325,0.00357290651548392,0.005725192268444923,0.002396746537040473,0.0027132326851870836,0.0064259727767363994,0.0018431100468860873,-0.19999999999999996,0.021569382754733635,-0.008663701085035891,-0.01751458254708893,-0.0011395185917050243,-0.05549134842855796,0.003401450778742987,0.006602786851928055,0.002843549415201707,0.0,0.041666784702800275,0.0031654060864889644,-0.020077238047201962,-0.0003279796693789194,0.025549467051601882,0.00019975262534277505,-0.01402879468607754,,,,,,,,,,,,,,,,,,,,,,,,,,,,,,,,,,,,,,,,,,,,,,,,,,,,,,,,,,,,,,,,,,,,,,,,,,,,,,,,,,,,,,,,,,,,,,,,,,,,,,,,,,,,,,,,,,,,,,,,,,,,,,,,,,,,,,,,,,,,,,,,,,,,,,,,,,,,,,,,,,,,,,,,,,,,,,,,,,,,,,,,,,,,,,,,,,,,,,,,,,,,,,,,,,,,,,,,,,,,,,,,
2012-12-31,0.008934315476182286,0.02286406947881936,0.05626978042370068,0.02380291405383117,-0.004669967332327829,0.0094408494393039,0.011715735449491671,0.03618839231205606,0.022088260688559513,0.03141283663366479,0.021594355154032074,0.02236981341715283,0.014675736011081186,0.01218546857924907,0.02765267636200508,0.04220131855478049,0.030208185601596327,0.03551031914252034,0.011894574205359554,0.03054643424050396,0.04106965308741373,0.05380149070091411,0.023227293789951586,0.020360374842995466,0.012928408504118138,0.01776085508788361,0.026822587019507127,0.043811779733161194,0.022126041137345398,0.061100015643771766,0.029631008652567736,-0.02487576777311651,-0.009403718275454831,0.0002494125588712315,0.05515666155103327,0.06803590332298359,-0.0024526670531054284,0.0024782922967943044,-0.00821724139240898,0.021148149209910816,0.025442908150711707,0.010485173730828468,-0.02426979045607558,-0.023980792039083765,0.009298379503041243,0.04305848771468135,0.04715986816281248,0.033091253346139604,0.032512158664661284,0.006551042619960645,0.03282769875337532,0.0050599421711994275,0.02225542556368376,-0.00861369535278067,0.041587135207732384,0.02487707384613902,-0.09239801343395837,0.10509056956456986,0.022306278599360185,-0.004999886075771842,-0.005157711579712898,0.0027663359009029165,0.0003806464227187334,-0.004030633414962459,0.05062680252704954,-0.0001948158838877001,-0.008764819750401887,-0.004265070270184412,-0.07307502774495445,0.0,0.04244213009766207,-0.02582876463507,-0.024275089575361286,0.0145900775191814,0.017179440229367016,0.0483346537396554,0.01300052033027388,0.029041691831053873,0.031781510971925275,0.03107906731743637,-0.013489746769932198,0.010663996675669196,0.04427257881054092,0.03112508617859122,-0.0015845565954548668,0.001737240359920511,-0.012866854155969776,-0.03861793308664041,0.029753020772564254,0.008726635682722916,-0.07377218164815658,0.029648773129649975,-0.006858253680362747,0.010133711212306995,0.019756665899238968,0.03184870717055199,0.034527236965878894,-0.0007562381208234825,0.07658227848101262,0.021370255935742932,0.036845281998780344,-0.09507643707543678,0.017683939178538832,-0.017951878006885247,-0.008582745626489419,0.0054681160156768716,0.022334635594982943,-0.00036350040588584154,0.01864074570801555,-0.005569593953906105,-0.04275016234633655,0.013175840076382839,0.041959664048152545,-0.0006291055845379923,-0.003669354664231128,,,,,,,,,,,,,,,,,,,,,,,,,,,,,,,,,,,,,,,,,,,,,,,,,,,,,,,,,,,,,,,,,,,,,,,,,,,,,,,,,,,,,,,,,,,,,,,,,,,,,,,,,,,,,,,,,,,,,,,,,,,,,,,,,,,,,,,,,,,,,,,,,,,,,,,,,,,,,,,,,,,,,,,,,,,,,,,,,,,,,,,,,,,,,,,,,,,,,,,,,,,,,,,,,,,,,,,,,,,,,,,,
2013-01-31,0.05118975669229919,0.07080982248336753,0.022564191665318534,0.01654930408929678,0.02671594262072019,0.051138700716063745,0.05369588438421746,0.062381554352641144,0.06371902385692296,0.058130369993064646,0.07276325652996962,0.0643170522610903,0.05361355395972933,0.05499705457302628,0.06641466313828781,0.05959467421486808,0.061042068186349496,0.05351656531610294,0.07044824769938596,0.07442783698016986,0.04580101438104878,0.037656887684592855,0.06449933107742911,0.06783666017292189,0.054175790486007847,0.06130582466964052,0.0746422002132161,0.03728457760005632,0.06861196602796094,0.022143326200057434,0.06793388067647443,-0.031854106088261,-0.012931636249244205,0.00011812521950860244,0.036930128185987954,-0.002930872137889562,-0.0062122324504433335,0.050488995464110786,-0.0051890271275572,0.06360560790814951,0.0657446378865929,0.05294623125385822,-0.005061148639644464,-0.004914000020385667,0.060677260893820195,0.04279283379256804,0.04810860966814312,0.06001557295770166,0.04548321560310997,0.05813264028939935,0.06924027162547763,0.06430545104742968,0.06166939217814971,0.08167438209379352,0.06057240472349146,0.05723703651626799,0.0364317216291965,0.08053126221734197,0.06649949603654615,0.07486373975428862,0.04574565288559329,0.05650061439793719,-0.00027159970918744225,-0.0038952909212781606,0.02426250079328729,-0.001759021682651074,-0.006902126492137062,-0.0002475708056269843,-0.007407375263181359,0.0,0.03831944410179444,0.008134153030450397,0.0058284499879805995,0.0027024164488262947,0.05369299638089364,0.04249572437768112,0.0901779702533243,0.0376454140202378,0.028176167063516333,0.040064877649575115,0.015225903293388132,0.05398250995009968,0.02618961284165211,0.06348398731280258,-0.00683280986903001,-0.0002717222951694742,-0.03982457007852103,0.0894556104794797,0.054319550888555224,0.04971368156727296,0.026624555805526917,0.002914631660002165,-0.007547623799496028,0.05169498832325825,0.06592179681844068,0.06546596044933573,0.06328351040214253,0.002424966004934248,-0.2316284538506761,0.07427355366405641,0.05203619782742064,-0.00609757537695188,-0.029708558414368924,0.0340672914507989,0.049931317409707576,0.02724972679412141,0.0011139088978573408,0.0026514909909844953,0.035074305968422204,-0.005961960106663944,0.005350860685670478,0.00687335478210005,0.03598829570134199,-0.0012985305478131481,0.05757809307995565,,,,,,,,,,,,,,,,,,,,,,,,,,,,,,,,,,,,,,,,,,,,,,,,,,,,,,,,,,,,,,,,,,,,,,,,,,,,,,,,,,,,,,,,,,,,,,,,,,,,,,,,,,,,,,,,,,,,,,,,,,,,,,,,,,,,,,,,,,,,,,,,,,,,,,,,,,,,,,,,,,,,,,,,,,,,,,,,,,,,,,,,,,,,,,,,,,,,,,,,,,,,,,,,,,,,,,,,,,,,,,,,
2013-02-28,0.012758832070020043,0.008296971123321395,0.024072165351139763,-0.022514594277891264,0.0034395439814964845,0.013558511727367106,0.010551299961164329,0.010046721843326223,0.012134662455372203,0.014157784528533668,0.008523857576863358,0.01160481441924377,0.010871841622864808,0.01098200438703767,0.010232236382414328,0.009999109623853197,0.011999768133578392,0.016306632508909624,0.002286281037670479,0.015733704013169092,-0.03454960741254809,-0.04608295911417093,0.011330149715270021,0.010827293709169128,0.012815573313459838,0.009152372575567336,0.017039964019532228,-0.012885746753058203,0.013072807535954967,0.025582048877106134,0.008203182244870488,0.012386076224580433,0.011325232478567537,0.0006043322219282388,-0.06288248276689157,-0.02284055679977992,0.005909496959107585,0.015965734639242113,0.001903981151616163,0.01311131682326705,0.012178475974073733,0.013555035406424665,-0.05086846838387371,-0.05123461964762088,0.017638742030859467,-0.03396801501502522,-0.02667712451594595,0.005228855465306603,-0.009667800586885322,0.017505769976343233,0.020408334898817104,0.021809297351525814,0.015087577073149783,-0.011988525374631687,0.010878459834801735,-0.06292509871935159,-0.09526936818827014,0.027352365481264185,0.01810305442514326,0.0005962503962142485,-0.05103528589314088,0.020701387836105756,-6.359431023106321e-05,0.0060809641542116655,-0.013871383710258756,0.0029800105961312884,0.005355114070442202,0.0022745863401003596,0.02238806349518785,0.0,-0.011481864228815697,0.005327953867079627,0.006781854740256499,0.007190211816543668,-0.05813397965379152,0.01319541080527653,-0.038298519255569374,-0.00100218818904807,-0.01184424582637067,-0.0031130519601937356,0.003945429696473379,0.011474598591860286,-0.0100645553262102,0.01381323401221457,0.008020264026656232,0.003253833073846968,0.018188890295156135,-0.056943610838876,-0.019594361717384823,-0.031224636027408437,-0.06417578393286405,-0.003207830348449181,0.0010369632528790529,0.013273379470087887,0.011513135600439872,0.009039869606441098,0.012914458141401353,-0.0007738669026517986,-0.014537107880642663,0.01335964988117544,-0.0036789748292722635,-0.09768757689702612,-0.03755052793670821,-0.028927253154290344,0.027549899825017432,0.01228385254304798,-0.004725983273232037,-0.0022146319322682295,-0.07882120669829451,0.004761213826398603,-0.06796314838337258,0.006109130204405844,-0.010060887557385212,0.003292383173728819,0.021516276214130547,,,,,,,,,,,,,,,,,,,,,,,,,,,,,,,,,,,,,,,,,,,,,,,,,,,,,,,,,,,,,,,,,,,,,,,,,,,,,,,,,,,,,,,,,,,,,,,,,,,,,,,,,,,,,,,,,,,,,,,,,,,,,,,,,,,,,,,,,,,,,,,,,,,,,,,,,,,,,,,,,,,,,,,,,,,,,,,,,,,,,,,,,,,,,,,,,,,,,,,,,,,,,,,,,,,,,,,,,,,,,,,,
2013-03-28,0.03797177588707923,0.04843233268453839,0.05778654734775146,0.010276365301407964,0.03024807495172488,0.03677271310787655,0.03943878575331761,0.04659019441881873,0.04031031120800077,0.04151079657203427,0.04902475297321307,0.03777680042113607,0.04082920912330623,0.039536165007852064,0.05037286759724413,0.04093768738917358,0.04245498940381598,0.0410797893735384,0.0455410357378776,0.052652675999308896,0.0007560283020902059,-0.014190696886707932,0.03989012566525307,0.037277270812840824,0.03948541519199478,0.040699710714673154,0.04188080137922223,0.013053956733653393,0.042938299408254554,0.0507865380388024,0.048116450275905276,-0.004193409619996258,0.002868230052089915,0.0003318885666927507,-0.01703371490682626,-0.010183063664227832,0.0009848092868591785,0.04712898550432487,0.0021488890763583512,0.040444179582079576,0.044746608156574386,0.03630440509373867,0.009477104236877087,0.009759308609073036,0.04112564569168131,0.0033994814135884788,0.0024184954782289214,0.05429998523130797,0.03321742594834087,0.03457691418271569,0.039778792991497,0.049005657396115954,0.044671112227751664,0.06358416981592807,0.03474150586991942,0.05111913359066955,-0.004357328803345828,0.05495861890743181,0.050026187377786524,0.04918468421313382,0.011063325145137748,0.03617047293077258,9.976555095514428e-05,0.0010295787394802858,0.00623303141106657,0.00015790649380909016,0.0007903727585980569,0.00013631455435381135,0.14077157521536732,0.0,0.01192098001080688,-0.013052479936558115,-0.01105912709167789,0.010446518072386057,0.039878073086578425,0.022325435838962626,0.006365258474533286,0.018258362851610865,0.007285301602630634,0.02353345049930633,-0.009727681092645435,0.03765325545019116,0.010892964828189244,0.04579050207187163,0.0038137118417922444,0.0020677501799286624,-0.000942346180524356,-0.008230937475182332,0.05842064740155739,-0.0034747294357603264,-0.0394551487301843,-0.00781560195549158,0.0018991456144623609,0.03612410060064497,0.038837626207536946,0.04297583365554747,0.04254421396144292,0.0024214841429570644,-0.15372670807453415,0.04395190672680194,0.02105902910483226,-0.037656888405658395,-0.03421366746967647,0.0024823941147287254,0.04959903014654077,0.05135432223560499,-0.002250721069966266,0.00029769173720484154,0.005197709304881393,0.0018736509331953588,-0.02262242053398056,0.007701256414426538,0.015723966396405054,0.0009379826466933139,0.050050992924074666,,,,,,,,,,,,,,,,,,,,,,,,,,,,,,,,,,,,,,,,,,,,,,,,,,,,,,,,,,,,,,,,,,,,,,,,,,,,,,,,,,,,,,,,,,,,,,,,,,,,,,,,,,,,,,,,,,,,,,,,,,,,,,,,,,,,,,,,,,,,,,,,,,,,,,,,,,,,,,,,,,,,,,,,,,,,,,,,,,,,,,,,,,,,,,,,,,,,,,,,,,,,,,,,,,,,,,,,,,,,,,,,
2013-04-30,0.019212284375068167,0.005960260467338996,0.08333318308884041,-0.017187041893913957,0.025373056321170262,0.019636979207602323,0.01903450938471618,-0.0034944642921396207,0.015030155814992341,-0.001608287093395,0.0059966518036636,0.01775034356688776,0.015193838227370193,0.016690257143118226,-0.005945461623680481,0.0003582821699101846,-0.005644647988293783,0.001223158140661873,0.01178375667911058,-0.0001982136836150561,0.045077141283984545,0.05758013766785908,0.014307408432925994,0.01774808432335373,0.01605707695737224,0.014599110468209053,0.013157948305275946,0.050186521295563224,0.013198112644370319,0.07998280717244022,0.006593427341661906,0.046849107112640676,0.015252324737576428,0.0006864576293195146,0.0680989954358604,0.012158251881168258,0.009686507879233641,0.0326495638633062,0.00792133842529541,0.022127118104273924,0.017332742562633285,0.019933204626113366,-0.0756231330952718,-0.07538660063045732,0.012934303517561307,0.04539042356827716,0.06272602072733169,-0.0005111457904845018,0.02606660266387495,0.016288568010424775,-0.019680814794002854,0.019093911881733927,0.019118524827922867,0.059371420659794394,-0.009411220071707471,-0.04575540007447165,-0.14442016706064564,0.1011810023638966,-0.023278093144463607,0.044646728394716506,-0.0489361864948592,0.03010449740510457,0.00018081794175195398,0.005639248600397773,0.037532006895655945,0.006018103283302878,0.010151923838568111,0.0029441433913832693,0.07266911396591591,-0.0002180451951065976,0.0521546407903235,0.017549581089984834,0.01461872261211683,0.020732017220930432,-0.04421098239639221,0.03571425000149997,-0.10525464960310382,0.028374070784497274,0.034997861437171984,0.02677937930934271,0.012433176141913416,0.01981210557524582,0.042744502203232004,-0.0030329352998434977,0.01816299196329907,0.004419818085607652,0.04535819280715181,-0.043701013122034005,-0.09586687396563554,-0.0739449520413149,0.014425431065438366,0.027535775096058313,0.009133024189452943,0.02093853033437898,0.01681293724612365,-0.005353287834081399,-0.0030571811789896763,-0.006081080116920767,-0.062385321100917435,0.007602165367031066,0.040258470466575824,0.05815215732740309,-0.012430068823397034,-0.029715201277632386,0.027778061118109543,0.03997984994211867,0.025351376153134986,0.0033143421441974574,0.055290706794228095,0.007961742509921654,-0.013707878884304803,0.01297921068224639,0.047762912998492446,0.004408798822117976,0.040841244467899385,,,,,,,,,,,,,,,,,,,,,,,,,,,,,,,,,,,,,,,,,,,,,,,,,,,,,,,,,,,,,,,,,,,,,,,,,,,,,,,,,,,,,,,,,,,,,,,,,,,,,,,,,,,,,,,,,,,,,,,,,,,,,,,,,,,,,,,,,,,,,,,,,,,,,,,,,,,,,,,,,,,,,,,,,,,,,,,,,,,,,,,,,,,,,,,,,,,,,,,,,,,,,,,,,,,,,,,,,,,,,,,,
2013-05-31,0.02360980259007195,0.022894145175046843,-0.07350427368207768,-0.010349897450250833,0.03577484071402237,0.023994657184631896,0.017441162691736123,0.039320197508513344,0.026702078040171662,0.04325821834864252,0.022201223973569606,0.024630532142278394,0.024452193234242525,0.024872290884752735,0.05130827146962558,0.029580262736302432,0.04466586962255992,0.042869901818555656,0.02205985992245374,0.022008107716809056,0.0014453386004529278,0.01303238567690368,0.026076674290303137,0.03278851323113341,0.02443483776553501,0.02595521743338214,0.017143127799844837,-0.03019055738611487,0.02155571077517715,-0.06831669322349199,0.027948086306014197,-0.06760981002387745,-0.03105005469345057,-0.0013372513678586717,0.014168524531535054,-0.04827904412716766,-0.02001191088935461,-0.01282980760554997,-0.041932455229851895,0.025828565557065808,0.018518275498113024,0.022003686060589223,-0.06198785346133606,-0.06202092819955729,0.020935628808747442,0.00019431703305383685,-0.03348478260412924,0.04553942280264689,-0.018475981617968706,0.0384667902540774,0.07348514833930686,0.0037173598108586337,0.027999371619945812,0.049617131284581895,0.09642199123672723,-0.016586225560657586,-0.0861039483906888,-0.02691346553467966,0.05700530596084197,0.05621331930657458,-0.01534041021222099,0.0072614191868569655,-8.978127517178525e-05,-0.013445079739258348,-0.033056101389837944,-0.01765452406675405,-0.019258852425279915,-0.005296004767347373,-0.09203237795508001,0.0002180927491826079,-0.02974172488577731,-0.030529640849278228,-0.020990187380050984,-0.023062668650543516,-0.007666732145964583,-0.03997375351524046,-0.007069048442853942,-0.0038318032130713053,-0.030657982201803158,-0.0055889848338198655,0.0011513752415939216,0.021790897325688174,-0.029624641071125946,0.04189106460522951,-0.030536474882534526,-0.006307333513453917,-0.05809605424436681,-0.033832775735483156,0.07068785169090197,-0.011944926110667775,0.023620137444943623,-0.06052896090156168,-0.0419943860910541,0.023242822874077307,0.025982944993635515,0.045807569755728306,0.0394668057010954,-0.009064829916123007,0.010763209393346296,0.026092421632763596,-0.07240145395399955,-0.03184384717730815,-0.04908751855208593,0.05359422444130546,-0.023463135233386723,-0.06578710397338394,-0.06300638725811669,-0.0026760462180903666,-0.054278239047000576,-0.017158270237803253,-0.040555908043979016,-0.0058698489585579106,-0.03225273224085634,-0.0007744735354555665,-0.030530472922923213,-0.001335083143093052,0.07304378932182343,,,,,,,,,,,,,,,,,,,,,,,,,,,,,,,,,,,,,,,,,,,,,,,,,,,,,,,,,,,,,,,,,,,,,,,,,,,,,,,,,,,,,,,,,,,,,,,,,,,,,,,,,,,,,,,,,,,,,,,,,,,,,,,,,,,,,,,,,,,,,,,,,,,,,,,,,,,,,,,,,,,,,,,,,,,,,,,,,,,,,,,,,,,,,,,,,,,,,,,,,,,,,,,,,,,,,,,,,,,,,,
2013-06-28,-0.013344549758374069,-0.02295123451723946,0.03953368089130582,-0.045950063294021515,-0.023952799274907566,-0.01585246712499966,-0.005419144446575874,-0.008180227520328653,-0.009456746532399696,-0.0010762011050849951,-0.02009863266150025,-0.010014614824884305,-0.008230675892549333,-0.016576584787859505,-0.008711881692404777,-0.004865641263652853,-0.0049986523110800984,-0.0014022937390474333,-0.024454460092176777,-0.013621456833181944,-0.04578262492919105,-0.04871633536540343,-0.010400501477577762,-0.01740641716703628,-0.01436733241291066,-0.013474626351267505,-0.013960167841760684,-0.02677912107650593,-0.014117763927695703,0.02984356214901074,-0.011187113526688774,-0.03271272473275255,-0.025461969247580374,-0.0009836799881516312,-0.05207424497359281,-0.05325753223414531,-0.01565418410136543,-0.0011502508844288828,-0.03802043201481076,-0.010276960336502383,-0.011532405300355153,-0.013610925461088552,-0.11058839427335088,-0.10921250095562274,-0.012438024556962968,-0.04452463571474885,-0.031202450684224337,0.007014849404683998,-0.028520848647745067,-0.023621038185493548,0.01778425200909095,-0.011494184698027432,-0.014074511824094471,-0.060745857120584,-0.015475338067066136,0.04814473061757152,-0.11520527794668234,-0.00907500021575769,0.036878780553690094,-0.009874343578157418,-0.0003245773792658335,-0.0013624011053533502,-0.0001816749222488534,-0.013014037405425394,-0.03609044685512075,-0.009907002793823616,-0.01647713267806139,-0.005329350107217357,-0.11074607049027274,-0.0002180451951065976,-0.027951367362402668,-0.026867133906277596,-0.04780594407285654,-0.021992593620568046,0.029873803572277646,-0.02738566484768956,-0.009492524084542264,-0.02601713989955845,-0.03702995362036987,-0.02671410364260307,-0.07052297793810769,-0.013907960664853225,-0.033014003533400005,-0.008326202116888726,-0.03008176870965429,-0.009141569754832712,-0.055074087351865364,-0.08014036479749176,-0.11812845671985595,0.020630745417926866,-0.0894749927604288,-0.05998193999229817,-0.03842046051907255,-0.015078204995431665,-0.004143752698385295,-0.001077149431413682,-0.0017959952741365415,-0.00993270329624385,0.08247821878025174,-0.01651632783983792,-0.03301551678381531,-0.0954907161803713,-0.012574426518887294,-0.04925317715610855,-0.004151445484535166,-0.0015826640792548918,-0.02168151417622699,-0.00928059297769357,-0.06416908844642932,-0.01062585465631083,-0.01804802007159423,-0.016489739212412702,-0.0273540597829407,-0.00951035667769684,0.0006299297901455336,-0.005758973366027709,-0.025258336839472317,-0.015077910784181636,,,,,,,,,,,,,,,,,,,,,,,,,,,,,,,,,,,,,,,,,,,,,,,,,,,,,,,,,,,,,,,,,,,,,,,,,,,,,,,,,,,,,,,,,,,,,,,,,,,,,,,,,,,,,,,,,,,,,,,,,,,,,,,,,,,,,,,,,,,,,,,,,,,,,,,,,,,,,,,,,,,,,,,,,,,,,,,,,,,,,,,,,,,,,,,,,,,,,,,,,,,,,,,,,,,,,,,,,,,,,
2013-07-31,0.0516767039262267,0.06668265283831509,0.0,0.056596610187650054,0.06314012210245945,0.053891932067125836,0.04883582140980103,0.07334174827243833,0.05411164691204218,0.06854178731632632,0.06510830807053458,0.05239555112413674,0.05025167097812533,0.05552067123710458,0.07830226283537556,0.06538204471766962,0.07382530640351126,0.0656037880057565,0.06178656080891454,0.06457972609706908,0.07793578729467066,0.08743850485917481,0.056580562262966705,0.06013317358748882,0.057457311412874246,0.06346542869150174,0.055014914963015915,0.05322821389562815,0.058975047263190916,-0.009335815143132753,0.0711726283723253,-0.02257986167554271,-0.003526511406725108,0.0016261277864570989,0.0887414630817227,0.013246659201184618,0.002691554424033793,0.055147439379930274,0.009020301005004283,0.0538381232157954,0.05717907743813733,0.05353525540812076,0.0743010530498811,0.07256045889631801,0.044634990369975425,0.07625190662239079,0.058908717151275436,0.07549800365178605,0.027523124494733597,0.049113348514856714,0.0877439417143453,0.05776788763181395,0.057083611813803836,0.17561856056902347,0.06545400239403798,0.09303687176077191,0.008961522532806354,-0.010743609949477095,0.08618666658550711,0.06617935379345652,0.056493562388570284,0.044704659892855325,0.0002715135860313911,0.0025025161761107473,0.04703733877627636,-0.0011699858746609948,0.003803850066491421,0.00420013791949847,-0.03905021892737959,0.0,0.05196617634796308,-0.007930872245683451,-0.009948847127493221,0.025302005264702387,0.07026750289202499,0.07010046609220111,0.12974568988759994,0.04580004445890351,0.04544345874734068,0.05164053948009695,-0.016657357011217178,0.05341753860698195,0.05837006096996533,0.07115260434108306,0.011156356391385014,0.007232371601042287,0.010092535079358367,0.07178822085607472,0.10131472815340925,0.0611561749965277,-0.06025337798512165,0.012003867881419161,0.007991094241191155,0.05304103403077254,0.04769064994925176,0.06780869032446879,0.0669490943977673,0.0069554363106114625,-0.2745483813271329,0.06289106190090687,0.05683817356458931,0.0029325513196480912,-0.026139433064911066,-0.035668797443780154,0.03684363488685638,0.028151754459748046,-0.0033475729801524245,0.0023419845494949687,-0.029812614015516825,-0.0022395795351813907,-0.041354272009051174,0.018770682743315836,0.05577180001725712,0.006299772859036823,0.03212626131228968,0.009852301017803988,0.04956790763767693,0.009995973078308351,0.037807376471807874,,,,,,,,,,,,,,,,,,,,,,,,,,,,,,,,,,,,,,,,,,,,,,,,,,,,,,,,,,,,,,,,,,,,,,,,,,,,,,,,,,,,,,,,,,,,,,,,,,,,,,,,,,,,,,,,,,,,,,,,,,,,,,,,,,,,,,,,,,,,,,,,,,,,,,,,,,,,,,,,,,,,,,,,,,,,,,,,,,,,,,,,,,,,,,,,,,,,,,,,,,,,,,,,,,,,,,,,,,,,
2013-08-30,-0.02999237671201127,-0.038641724323074556,-0.031194040150855917,-0.008686051790936844,-0.003959004360907015,-0.03037489669227922,-0.027697697504196483,-0.03164165179479861,-0.038255328544906875,-0.02331612786796433,-0.03966881615364726,-0.03599187215065758,-0.029668488680135163,-0.030409149789341172,-0.02050001473334251,-0.044515318776686685,-0.014807398657289084,-0.0341467342401911,-0.037283273246458415,-0.039606888278050145,-0.015322268479489476,-0.01812019070669335,-0.0389631017880242,-0.04340298083659422,-0.03031356493449089,-0.02022503104719675,-0.03487974668816163,-0.019552372844489074,-0.02686096551742856,-0.016125773375020414,-0.02914420207216173,-0.013404158714048875,-0.014225189382522596,-0.0009721071689209326,-0.022179051754680046,-0.025378200825862507,-0.00826376367301307,-0.041901083244467285,-0.018262157226598297,-0.03677184566738312,-0.026049105309442266,-0.028575423409627265,0.052047484216675155,0.052099540760568,-0.02829662283396761,-0.014671643349931096,-0.018544114941186574,-0.028856180196179193,-0.013095313291416666,-0.024226934312538306,-0.04321385870496297,-0.0459147915507816,-0.03442389123487877,-0.027004584790086827,-0.04611892209181434,0.029978557644199766,0.18077330732270425,-0.028589929309801976,-0.04565221609513248,-0.04652302490908056,0.031038669118514273,-0.03905565941395617,0.0,-0.007717705580199019,-0.0198702689512249,-0.006707002867065492,-0.008583195204860283,-0.002678464347107612,0.04063710684630317,0.0,-0.01602123280222134,-0.01715728314634246,-0.01183549507415349,-0.010303819720945961,0.03060750926735256,-0.006684457907651042,0.004730846967972102,-0.022949070755827417,-0.015977668255286348,-0.024552465325196504,-0.05009805154054536,-0.029331580292465964,-0.018036644282985237,-0.030772542803110148,-0.012272493657299877,-0.003206711004790863,-0.022020963998813925,0.05786893667721915,-0.010955065999755376,0.06770203779447725,0.004402857642825664,-0.039543674751640445,-0.01810297116625359,-0.030816781648972946,-0.04017204958889442,-0.01525877466589698,-0.030952934736950377,-0.004835579501394682,0.1304240631163709,-0.03032090361972606,-0.026454022748491735,-0.03099416989332049,-0.023399873285363415,0.07926029136830226,-0.03257319819819815,-0.01700658004456146,-0.035600150750978554,-0.001970011913920433,-0.10579461166219528,-0.004981117869439444,-0.016145292621158935,0.0026898166956623726,-0.01674985548490371,-0.004105349599507924,-0.0416182216435822,-0.0016396236339508707,-0.030386270904420476,-0.0033294013639175724,-0.028596584550449666,-0.02075028678704882,,,,,,,,,,,,,,,,,,,,,,,,,,,,,,,,,,,,,,,,,,,,,,,,,,,,,,,,,,,,,,,,,,,,,,,,,,,,,,,,,,,,,,,,,,,,,,,,,,,,,,,,,,,,,,,,,,,,,,,,,,,,,,,,,,,,,,,,,,,,,,,,,,,,,,,,,,,,,,,,,,,,,,,,,,,,,,,,,,,,,,,,,,,,,,,,,,,,,,,,,,,,,,,,,,,,,,,,,,,
2013-09-30,0.03164598394038931,0.053549418917791636,0.09659609903027566,0.0335886162783996,0.048321753175975424,0.03239158269355524,0.03616198249134728,0.06489074700524866,0.02539268062456168,0.06151868340772948,0.05462060678811809,0.02473984892263159,0.038416601372911696,0.036483151356039745,0.07266629844210781,0.05772265361255724,0.05911446011286525,0.06595732034913304,0.058808073779792025,0.04738934032489728,0.07269645404840674,0.08794705819929316,0.026800466872328288,0.024573830687228515,0.03897114073897523,0.050734852556098,0.041840913107582534,0.07824901755260627,0.04616692407828715,0.0879095210106775,0.06196647095812535,0.006517840948396358,0.01846244286605203,0.0022306708318502455,0.09163389681375289,0.07206740292351221,0.01120601501904872,0.03343016432967527,0.017561571516493624,0.022864500362028695,0.04614125246171907,0.0343633849478473,-0.047838379698351585,-0.047302247027309674,0.03369637501246192,0.07175518306792927,0.08214040452001625,0.06797896062523412,0.04822180691844791,0.03621889446909221,0.008659662036894167,0.03622970287048721,0.0310417432639587,0.0837298711935297,0.059349798113133456,-0.042359695621256854,-0.07522127142676172,0.09354306554344882,0.019454676281065675,0.05445749770564157,-0.03487326961405379,0.023491093127552487,9.126598497521954e-05,0.012095615350607769,0.07578464840496801,0.01677004060200149,0.011138544429516672,0.005076228512594927,-0.035356203130306185,-0.00021840565126185485,0.07850502181721986,0.027990348615247962,0.023730610281561315,0.009502364354224024,-0.02131041551574253,0.08815587817722048,-0.0893002108519868,0.055392314115318086,0.07020100071302404,0.05587590619719918,0.03880860411913889,0.03442231540297591,0.07347205286628045,0.05909832787119673,0.014338358700419995,0.0068198920694260146,0.011677299845850087,-0.07603284073851169,0.004544172917057221,-0.03454546494917432,-0.08027398096372007,0.04323192690326505,0.017523178424889485,0.03389654377500895,0.025415748806566274,0.061638694548009854,0.06475266478235775,0.0030746819028417693,-0.13958560523446017,0.054572408286008844,0.05847547586848734,0.004224483772687249,0.07047216557937253,-0.05630359262457629,0.025373288526167048,0.054498054418718356,0.05131267742746903,0.005423565608438485,0.09425632027798247,0.00808939819766219,0.015641041291065694,0.003879182222120914,0.07899654530914835,0.00353264228631045,0.013988849587373453,0.0003804342276116923,0.0274154634788375,0.0028302802510162817,0.023642344630166567,0.038078620172168565,,,,,,,,,,,,,,,,,,,,,,,,,,,,,,,,,,,,,,,,,,,,,,,,,,,,,,,,,,,,,,,,,,,,,,,,,,,,,,,,,,,,,,,,,,,,,,,,,,,,,,,,,,,,,,,,,,,,,,,,,,,,,,,,,,,,,,,,,,,,,,,,,,,,,,,,,,,,,,,,,,,,,,,,,,,,,,,,,,,,,,,,,,,,,,,,,,,,,,,,,,,,,,,,,,,,,,,,,,,
2013-10-31,0.04630735940347819,0.036185786924042285,-0.0008391688863217395,0.037089312221672444,0.04956901058772756,0.04612168950152706,0.04353812319762218,0.02420046533888698,0.043851455953683116,0.035771560398131896,0.03544462812070637,0.04379472851755617,0.042317595777160655,0.044361105413680324,0.016687899011969876,0.032082250516565214,0.035806698549966764,0.03482709149763452,0.031414666220797915,0.042121841648684155,0.04102401442554626,0.05433318975784118,0.044975856822393245,0.045465192577509805,0.04266978132530741,0.026214743254171946,0.045805312135299925,0.032601901497667285,0.03523392119864921,0.008217555222236328,0.02684115739054671,0.014304138068510941,0.007777674705224946,0.000685941997339512,0.06300471108054606,0.041707410056661676,0.008326567979910937,0.05215593122678186,0.0034392975505694867,0.0458517167365351,0.03347016511528378,0.04434953891392368,-0.003432632525768975,-0.0031031777182028986,0.04382259618218032,0.04183488845026617,0.03988223769039245,0.016937018977433382,0.03530060346370889,0.04463339089347307,0.039959882303757244,0.04931837852970089,0.045701245266069446,-0.07873929376105526,0.00732566772797516,-0.058616009141195136,0.009569414669373,-0.004172865366919298,0.04824659140138987,0.02621281421063082,-0.014515170018506773,0.04748630375074048,-0.00018103073819841775,0.004990426339007925,0.033333474636420446,0.006058161529375328,0.008574869458459533,0.003026579342656932,-0.027899355017771854,-0.00021834903923290128,0.032086529702072264,0.01213706408287174,0.02484260665133986,0.02502592617048416,-0.026175522384683347,0.029890802409697548,-0.009627400856807244,0.03950318226283911,0.035251769870633165,0.03708368964590547,-0.0008241396319251804,0.04377016637063713,0.0315895855765731,0.03235143302388943,0.012501159199848733,0.007688145518385925,0.02229485655488328,0.03145930640127137,0.017104932420094254,0.00965159726530751,-0.0366398437121811,0.023309605740502448,0.005201969899071068,0.04467576230778092,0.04464333764219508,0.03938631605480203,0.023928970270899574,0.002472005103735908,-0.12268694550063375,0.03639519176086248,0.04545832343045708,0.0006009982402874758,0.0026333089504941842,-0.012537787233067088,0.047246329208659565,0.018211599048118643,0.0107662629581049,0.008095530216890579,0.09196960170719914,0.0031798418665607286,-0.04367582720471397,0.01499778316747613,0.033830836600083236,0.006644213607373661,0.04485091452861023,0.009115641867594615,0.04727639861392685,0.009446611051284304,0.04108551890101997,0.048641561416629564,,,,,,,,,,,,,,,,,,,,,,,,,,,,,,,,,,,,,,,,,,,,,,,,,,,,,,,,,,,,,,,,,,,,,,,,,,,,,,,,,,,,,,,,,,,,,,,,,,,,,,,,,,,,,,,,,,,,,,,,,,,,,,,,,,,,,,,,,,,,,,,,,,,,,,,,,,,,,,,,,,,,,,,,,,,,,,,,,,,,,,,,,,,,,,,,,,,,,,,,,,,,,,,,,,,,,,,,,,,
2013-11-29,0.02963743411464881,0.01240866978831101,0.0125944425492317,-0.009196018662455785,0.035511429820940243,0.029826338360438465,0.027271803156837082,0.03956404433187566,0.027228192058996514,0.0447905559047026,0.014703338305112057,0.028134562289310105,0.025896631219908928,0.03022791882164566,0.04134764586013673,0.03774601842558334,0.04918027873174635,0.042541233830970304,0.01596013573477384,0.009683117321679813,0.008927093423793941,0.014580248939299656,0.028128231910970136,0.031883479472582854,0.02702671127747691,0.021433203348955487,0.009575764039502888,0.005464508721657602,0.016461974606271745,0.01300226699789575,0.025382066607856357,-0.027031566846290378,-0.00876296076442884,0.0009350925308118097,0.008326903416247644,-0.0025903992087317196,-0.0025068348063292945,0.005300409574758191,-0.010567536853270498,0.03178491914188575,0.02058338429378148,0.02810456521510063,-0.05511195422936577,-0.05603114752176053,0.01923057009062612,0.010215263485684467,0.0044187350937789915,0.06044501873738972,0.006149106486502465,0.025084416732345405,0.045148981281985634,0.00967613910273224,0.03078301199935174,0.0966461948627686,0.008138725708370043,-0.03545689221472925,-0.08815168610068069,0.054054373424083924,0.06930696945644388,0.050968626348134816,-0.004700708845112644,0.023081975966409596,0.0,0.00013148843712573743,0.003385323376382532,-0.00572759981273574,-0.0029426916684320847,0.0020628545453100777,0.07765892657384166,-0.00021850107220999782,0.006609447568245219,-0.004686443240975557,0.0005113330142862971,0.00784043490938835,-0.014985752958976417,0.0030025497748602525,0.045904577355228904,0.015521792191743433,0.001939963016686752,0.01544888675790479,0.003595042293713435,0.026447499511278227,0.007336419576113862,0.035154433546739305,-0.001142058777929833,0.0027351685314347396,-0.01759865334712818,-0.057610845116795484,-0.02487843966426162,0.01515508358892137,-0.04050709523072016,-0.03286019410048857,-0.010523635991454339,0.029959645106670596,0.028064090892904403,0.04295297388850483,0.03921620614508381,-0.0001972976446582564,-0.12077434267552734,0.016164911074935562,-0.013822331961987788,-0.0348348531637106,-0.03479972087335781,0.025831880413583974,0.013218100964939694,-0.005639652458828137,-0.013551174308614411,0.00046266928472138424,-0.018488024322230845,-0.0019929560386326983,-0.12354805103516964,0.007876264504188102,0.005537811493685041,-0.0005670568926653408,-0.0025994096056144445,0.0008600806108665093,0.03297490307612483,0.002321200899657816,0.023993956652914816,0.041126421945042235,,,,,,,,,,,,,,,,,,,,,,,,,,,,,,,,,,,,,,,,,,,,,,,,,,,,,,,,,,,,,,,,,,,,,,,,,,,,,,,,,,,,,,,,,,,,,,,,,,,,,,,,,,,,,,,,,,,,,,,,,,,,,,,,,,,,,,,,,,,,,,,,,,,,,,,,,,,,,,,,,,,,,,,,,,,,,,,,,,,,,,,,,,,,,,,,,,,,,,,,,,,,,,,,,,,,,,,,,,,
2013-12-31,0.025926359125954646,0.0315949034914218,0.014242641757248986,0.01623141298903419,0.02927092852443791,0.02563856468834058,0.02705814772408366,0.02021150990535725,0.024940384498822965,0.013745116843940641,0.02967465302711414,0.022746849381449108,0.028005248070759547,0.02301408469576205,0.019326951716674534,0.02034876662260121,0.009836689304003166,0.01297531902223481,0.03295300297469894,0.027301318462330304,0.02882209310003625,0.028577134520558323,0.02342902002376568,0.016498418715202634,0.027335441487840395,0.03167724312308473,0.02807776824546515,0.021761710377954824,0.02930604678978299,0.016549459114988174,0.02986046593757541,-0.01869743034676541,-0.020906424224793274,-0.0017725974965181468,0.029769114541145836,-0.004066354448335696,-0.005567577317217687,0.024760491888991654,-0.01452619137397193,0.020952915826470297,0.02978336095804468,0.026576348194632837,-0.03794527189279151,-0.03709808780046142,0.02378899809108659,0.029399019765438572,0.019687469247281264,0.02113364813719043,0.027903867695292295,0.021409979417961855,0.01974514199691546,0.01791088593041512,0.024510193102577515,-0.001917753476852968,0.05145128736411109,0.05558878246397536,-0.02754681356291444,0.030848541165010346,0.020423877025598447,-0.0023853152990491733,0.013538992277340123,0.02033024159185226,0.00010839354736091877,-0.012584648530730047,0.014683262318558654,-0.008287519028324586,-0.006368716927074414,-0.004557187480873637,0.08041780397933684,0.0,0.018981909282797194,-0.004153177178027434,-0.008489270709804986,0.005136609783003898,0.03549870142766953,0.031064325602733645,0.03149745058719411,0.02069215139318703,0.016621900705068304,0.02196749224474548,-0.013575281017024543,0.028044178897425498,0.02115623174077208,0.022195376971818614,-0.00484897557818309,-0.001390564467041,-0.00589572729188792,0.0030716487506208257,-0.007696679361935299,0.022967385828496223,-0.014502119013265813,-0.0029673442269169126,-0.017134684401087008,0.026373530439496307,0.023386364524673464,0.013220848347753389,0.01987939852738063,-0.003945590300419521,-0.0624383831744989,0.03016955647201547,0.01632360966746238,-0.08214061729256661,-0.04421766169823971,-0.026461836583776654,0.012730267466601441,0.01123645745018953,-0.00927590030625225,-0.010017177372702246,0.04061216273591706,-0.008074413491950039,0.024096362008327654,0.004577718263540698,0.023670993250111794,-0.002537769550319924,0.009039831534471077,0.004527694929333137,0.021648842839438798,0.003943037869890587,0.01802482509731318,0.022871787316408154,,,,,,,,,,,,,,,,,,,,,,,,,,,,,,,,,,,,,,,,,,,,,,,,,,,,,,,,,,,,,,,,,,,,,,,,,,,,,,,,,,,,,,,,,,,,,,,,,,,,,,,,,,,,,,,,,,,,,,,,,,,,,,,,,,,,,,,,,,,,,,,,,,,,,,,,,,,,,,,,,,,,,,,,,,,,,,,,,,,,,,,,,,,,,,,,,,,,,,,,,,,,,,,,,,,,,,,,,,,
2014-01-31,-0.03524760019387507,-0.022195002617915516,-0.06672174671104769,-0.04218083535147987,-0.01921318641411729,-0.03490467754028159,-0.03237317306181564,-0.02773932278267277,-0.03589273224702838,-0.03701980916036951,-0.02189651374492818,-0.040018542500173004,-0.03199263079855719,-0.03171235358012603,-0.016086785109947654,-0.03879433687962697,-0.039119662692115864,-0.03514271482795439,-0.025833257772050366,-0.016690986268558028,-0.045943072618315206,-0.05099065833259675,-0.03589952058438006,-0.037364789927364916,-0.031693272314369914,-0.02252300122177442,-0.01826205032807593,-0.052012070355290096,-0.01920263264857458,-0.06683099730260111,-0.018863405663655408,0.06302740120230221,0.030632704767889596,0.0020134051970353006,-0.057819869862537177,-0.08636363690814097,0.015409743381620267,-0.026489583602027356,0.021018946281540662,-0.036915676830302724,-0.023905102686609947,-0.03325485426311303,0.034188714238774454,0.033390357830351824,-0.02749869306720143,-0.04574806048898494,-0.0486010481768947,-0.005325401757133252,-0.05048858711758064,-0.025582428376534794,-0.037986136713829666,-0.030019180067594742,-0.03785875779613357,0.1536861418500819,-0.006381757635179897,-0.01472254989401578,-0.013896223102916938,-0.08320232397581162,-0.05811363744949727,-0.09364349776942194,-0.022056511797535427,-0.03995491015612196,-9.021627627381346e-05,0.012830218715790709,-0.0579537039457062,0.018744488100870926,0.015491133554707437,0.005255256525699359,0.16868050657482137,0.0,-0.052063029958678286,0.02564101528529661,0.0244226908632299,0.005670567896506107,-0.028218350490426092,-0.027657609840046615,-0.05990322266489034,-0.0463378735412141,-0.06063880452322523,-0.04444452676221966,0.03078573881527258,-0.032214198432670704,-0.047256501735178924,-0.021714650849704697,0.02031465047225378,0.004638412985642937,0.040664011161210656,0.0028381587112369377,-0.013214594806214564,-0.05343513738648198,0.010464345834616973,-0.04373667025745087,0.023498117419231468,-0.03529390022435408,-0.04096097845149915,-0.041847018445757445,-0.02738865995788231,0.002871881642352525,0.1573781983876621,-0.018429181393648686,-0.03111577713563496,-0.0847457627118644,-0.04199289285255392,-0.013590507373980598,-0.030422783072382553,-0.035065273876338066,-0.03215901759610784,0.0033412959367100648,-0.05613907184964584,0.01234492729708836,0.028235267190372282,0.0012963856087577774,-0.04870822972199873,0.0023972014657878127,-0.019139863708126925,0.0037987184617207514,-0.03560631478955789,0.005744094999860394,-0.028109227502613465,-0.041931802099502424,,,,,,,,,,,,,,,,,,,,,,,,,,,,,,,,,,,,,,,,,,,,,,,,,,,,,,,,,,,,,,,,,,,,,,,,,,,,,,,,,,,,,,,,,,,,,,,,,,,,,,,,,,,,,,,,,,,,,,,,,,,,,,,,,,,,,,,,,,,,,,,,,,,,,,,,,,,,,,,,,,,,,,,,,,,,,,,,,,,,,,,,,,,,,,,,,,,,,,,,,,,,,,,,,,,,,,,,,,,
2014-02-28,0.04551530421120553,0.048621911483458735,0.024713392076582297,0.044754774999942626,0.051524239361193214,0.045599287321136384,0.048081274935792395,0.04778870370446042,0.04284617608623775,0.044057395578185554,0.04981642378172735,0.03778617854753641,0.047241193562345574,0.04669200930222828,0.047625258804355086,0.04558767990931245,0.04325739585648436,0.046296866054702956,0.054336543899227596,0.04418564743508324,0.07201242143471487,0.0697728446120589,0.043120077745482766,0.03533743944384926,0.04866518227091898,0.06257613040265775,0.05425487817173247,0.061311065810558896,0.05805642310615111,0.013224498170448573,0.0550899652712451,0.00524078679629203,0.003574260361696835,0.00039035579395507725,0.06539242513723176,0.03377864861149371,0.0037638505035246794,0.036424130108339,0.004366865929293917,0.03968979508859949,0.060620655368224696,0.04647494229174187,0.0627030280482701,0.06462309083404394,0.04677058104430998,0.07342670346703972,0.06174178612735237,0.0465742236565323,0.04974266658879212,0.04671250918868419,0.03415874098216487,0.0371945148528372,0.043232987760934094,0.08994091004056282,0.097991002445601,0.055747197814310034,0.10298100487598916,0.023599870561934466,0.042875610538361864,0.07238596553179444,0.04796703170864136,0.036102234335678274,0.0001808855425986522,0.001465228964987464,0.056287448823601816,0.0034876094345204223,0.0046961858203316,0.0015697253064883565,0.05500413179983976,0.0002185488253627632,0.059478374742767404,0.01045959241759542,0.012119157314899986,0.023107937405719037,0.05639554576629924,0.0639500123169412,0.06531771911979223,0.052047266785628654,0.056797496743571596,0.05214969429538163,0.021352116678931,0.04594478767585852,0.04960044526280649,0.05120724585528369,0.01239337008398067,0.003810422845744288,0.023630161738956046,0.05019734744016535,0.05531297245574751,0.028937410462965385,0.051132684246330884,0.029897525610301567,0.004072616932448092,0.045655421781851,0.038897514868939664,0.042239102532457995,0.04670926316137103,0.0030615200806571874,-0.11538461538461542,0.057414909431385164,0.06638855669806643,0.07333328812210649,0.09361071510481955,0.0928888956705729,0.043870281773953135,0.055518380727971994,0.029930075470145923,0.0024982963946889036,0.03808320089144934,0.002970532057346764,0.08438217506274714,0.009917129673041591,0.06088907460260562,0.002143548408892748,0.0360409309677292,-0.00107783721041943,0.039707556786142906,0.0027164711607245984,0.03975282151809889,0.04893810959240019,,,,,,,,,,,,,,,,,,,,,,,,,,,,,,,,,,,,,,,,,,,,,,,,,,,,,,,,,,,,,,,,,,,,,,,,,,,,,,,,,,,,,,,,,,,,,,,,,,,,,,,,,,,,,,,,,,,,,,,,,,,,,,,,,,,,,,,,,,,,,,,,,,,,,,,,,,,,,,,,,,,,,,,,,,,,,,,,,,,,,,,,,,,,,,,,,,,,,,,,,,,,,,,,,,,,,,,,,,,
2014-03-31,0.00829549777687788,0.0034497187031934384,-0.0241173700545676,0.012679794248342757,-0.02733574509393999,0.008743269973666479,0.005499738141626409,-0.007484506560604842,0.02428498560109804,0.006668153331796489,0.003733855629163285,0.026259305801556332,0.005240250205029939,0.006340996774382157,-0.024289943437316386,0.01203416005914204,0.002104948876711754,0.013404058894845194,-0.006650848140026366,0.012686349232690963,-0.005151588250807082,0.00618932682523865,0.02251225717569927,0.027810446335458927,0.005093499681939839,-0.018426124577727743,0.01502140458419321,-0.004591912869188697,-0.0022831605404192157,-0.025301276583092225,-0.007148120337245212,0.007321840821159276,-0.005610370103798168,-0.001088432743411527,0.009433062088547883,0.038753660562932835,-0.0014802747999366206,0.027026429988631362,-0.005324104328981227,0.026885785776429305,-0.0025975583340056563,0.007088303115587946,-0.031421423365686874,-0.03190667618015519,0.002905863777553197,-0.006289198616332037,-0.0034614676958947266,-0.009621169895036696,0.009406094707576251,0.0018439501538498604,0.034678769196166304,0.012500728121890736,0.019610727157485908,-0.1279208874734039,0.03411733472333345,-0.004082784948995277,-0.06437343692313835,-0.007755013135715916,0.04026733812007266,-0.014558418606291368,-0.0006062581614455498,0.024799811521648563,9.073205662235573e-05,-0.006804709944513432,0.004694888088878857,-0.0043531256840845245,-0.0016970207535266235,-0.0029752950784189824,-0.04272834742485876,-0.00021850107220999782,-0.0035340684383202703,0.0008501316164688522,0.0031014586642508224,-0.00019338701307491935,0.0011358299986508058,-0.010239144602132488,-0.017327572602389374,0.00570805792275042,0.0051801610207060644,0.0048657352822958355,0.003088469796524551,0.006626473338221528,-0.0009513735033473969,-0.0032547361301046296,4.7356093271666566e-05,-0.0030034024531226944,0.01209760865688847,-0.02049496921744054,0.041931020802465024,-0.007607234276839181,0.06711823694273611,0.025149918821175676,-0.005162768415393204,0.00880372080785552,0.025343149188678193,0.0013773910125087774,-0.006298150176537898,-0.004233863598309795,-0.03800068469702156,-0.0024601215022294065,0.022968984669393233,0.14078681859605235,0.03396739068816079,-0.00040667868319566036,0.008469107422850675,0.00031865540856990116,0.027077318756505653,-0.003856336113853609,0.08944749243373229,-0.004019674797934303,-0.002374047822477965,0.0016494856898283672,-0.00423937739113156,-0.0015236522927756235,0.03160288964589997,0.0018020901065121109,0.019032397324858952,0.0019110686693202261,0.005535495022975789,-0.00468782785835653,-0.00239805027582507,-0.00842649317965416,,,,,,,,,,,,,,,,,,,,,,,,,,,,,,,,,,,,,,,,,,,,,,,,,,,,,,,,,,,,,,,,,,,,,,,,,,,,,,,,,,,,,,,,,,,,,,,,,,,,,,,,,,,,,,,,,,,,,,,,,,,,,,,,,,,,,,,,,,,,,,,,,,,,,,,,,,,,,,,,,,,,,,,,,,,,,,,,,,,,,,,,,,,,,,,,,,,,,,,,,,,,,,,,,,,,,,,,,
2014-04-30,0.006951545332638309,-0.014886082287634994,-0.02206523294416962,0.03350272134410015,-0.003193865301437948,0.007441520171773908,0.00458140954363806,-0.03747637001520576,0.009119355873711266,-0.027328743063183225,-0.015785423525723097,0.011852139699810582,0.001870006358957399,0.0032690157102852613,-0.05122720740245046,-0.025287203339561692,-0.034796081894355235,-0.02291734072850593,-0.027791872903731862,-0.002242045626392186,0.02734053137124204,0.01845250451183955,0.007204217174826111,0.010916585791248323,0.0006154230784038983,-0.015034715412831856,0.004073806579384387,0.016666564854189936,-0.0056219282665873616,-0.02492774948235832,-0.026123884409239295,0.020952348441305668,0.007582551506746471,0.0010781395722576637,0.023909845112243255,0.00780320094973197,0.008216881419033095,0.020730992213461752,0.013202964409470885,0.0085775518374398,-0.008539782047141453,0.005115103994665526,0.0049348807324614,0.004823185019339871,0.00460890231311839,0.026463614019825776,0.024835165677031368,-0.059896257218222004,0.018650997114659118,-0.001019184530611672,-0.05816674389158816,0.015085561922116852,0.009215361949100664,-0.09650453834551942,-0.026284724441570262,-0.007379077798243094,-0.030462279578027163,-0.026405114009367847,-0.06984042400819823,-0.008665094859764633,0.010009038645415691,0.021070892733889846,0.0,0.004917483878582818,0.014708695286550943,0.00884148451779132,0.008025648200587154,0.002550683223849326,0.08722355258443781,0.0,0.015749702663397036,0.012424974586341175,0.011145944887037684,0.005544661807663331,-0.002722916558106081,-0.003448356420742482,0.026280082215846212,0.01186821343933242,0.016749106056112906,0.00737380175825586,0.018528511058319763,0.006262025619973466,0.015237924186249696,-0.02779832399710691,0.010843543644175169,0.0042324403914502096,0.01990195785300064,0.005719629146915928,0.04527402860997731,0.004645778547825774,0.016445461550305795,0.01346497906963151,0.013531010292604062,0.007236288833212923,0.013191153063447869,-0.04420432452356804,-0.0388918695069177,0.0051416915848150335,-0.04590747330960854,-0.013208913742563166,0.026250381732179973,0.03327283665129688,-0.0013140905001821634,0.060618379810536194,0.013314939732220532,0.024538019505150777,0.016938766476806588,0.002204103405966995,-0.0018920092605618777,0.0075086283898284645,0.06292969559280426,0.003923898481420274,0.011789572390307868,0.0017566036516662997,0.0415068820969251,-0.0012630540173061977,0.008092480816180636,-0.002112849016813745,0.003872343370579623,0.007455800582562899,0.0004010874658133545,0.00930775107773707,,,,,,,,,,,,,,,,,,,,,,,,,,,,,,,,,,,,,,,,,,,,,,,,,,,,,,,,,,,,,,,,,,,,,,,,,,,,,,,,,,,,,,,,,,,,,,,,,,,,,,,,,,,,,,,,,,,,,,,,,,,,,,,,,,,,,,,,,,,,,,,,,,,,,,,,,,,,,,,,,,,,,,,,,,,,,,,,,,,,,,,,,,,,,,,,,,,,,,,,,,,,,,,,,,,,,,,,,
2014-05-30,0.023206220826929025,0.01636712685989261,0.04512640277173263,0.005238785123443446,0.04485680739875586,0.022844986674072976,0.022707557994349648,0.007858251147695894,0.01406848609284772,0.001587304435915149,0.017221116809737147,0.012169135455019298,0.021240622250650043,0.022706051866771437,0.0097608610028741,0.005900661507637794,-0.001741061796322052,0.006224885809846592,0.018968033002777718,0.016146329605176035,0.007661255138193823,0.008362574072192652,0.013205753720023639,0.013629976831415203,0.021019267974149658,0.02768907736520987,0.016809104192176738,0.015954391109407107,0.021444104198480085,0.04986260121390229,0.015103948195953398,0.02949517762520748,0.018254862151340312,0.001787694273476248,0.013278246588951381,0.029518563069257375,0.011790331173834101,0.005745465439603636,0.020013189237491735,0.013835984487056141,0.023265709103602372,0.02359467416360106,-0.03051039187154414,-0.02959999084472653,0.024977472426399583,0.0077670414079917816,0.011862181736283173,-0.0017888143472059026,0.02100134688642319,0.029361333369685827,-0.004055079908044212,0.010576756340562987,0.016506374196351592,0.02773260811350098,0.04265424975340282,0.03744495104016665,-0.020585004312715927,0.037535473706600486,-0.005196103637550742,0.0031131368809240723,-0.005105050235440167,0.015826225374871772,0.0,0.00867371219508617,0.019196561704736936,0.012746978458618496,0.010530359481191853,0.004092955336454818,-0.05084740161636847,0.0,0.017652580916483362,0.011216979382368208,0.01093892641480898,0.009160315402919617,0.030716688297750094,0.011341817590325487,0.007764765078169367,0.02005766135304543,0.016895462918224746,0.020462790211730475,0.023191525854139305,0.023338892063454963,0.016572862404911515,0.0061407069300365436,0.014243560882631456,0.005220392320149925,0.024771241033417768,0.017925315168735745,0.03280139659662917,0.01572255040868864,-0.10388872821369843,0.021564543178094198,0.019309352745437547,0.0229449269833919,0.010534030351092127,0.008530037660797518,0.009837052574336314,0.006786931004052477,-0.16523685192092508,0.018635746838323808,0.023296842267487516,-0.1165105901622443,-0.014473701959832108,-0.01994631621982368,0.011497434726614353,0.024261336642038556,0.015915259361425793,0.003533750910509781,0.07922678068718181,0.007906259558742246,-0.008706524432234075,0.004703396163907803,0.016022041189773795,0.003509017179634588,0.015550437612498191,0.0021743547871215796,0.015399754842569946,0.005363767416621146,0.018769681638668656,0.02325989332291889,-0.0008010793286219453,0.027265150815054984,,,,,,,,,,,,,,,,,,,,,,,,,,,,,,,,,,,,,,,,,,,,,,,,,,,,,,,,,,,,,,,,,,,,,,,,,,,,,,,,,,,,,,,,,,,,,,,,,,,,,,,,,,,,,,,,,,,,,,,,,,,,,,,,,,,,,,,,,,,,,,,,,,,,,,,,,,,,,,,,,,,,,,,,,,,,,,,,,,,,,,,,,,,,,,,,,,,,,,,,,,,,,,,,,,,,,,,,,
2014-06-30,0.020644911531122245,0.04171604393660355,0.04682378624038819,0.0569996892061464,0.031237652480680334,0.020859769266414085,0.022947531200707916,0.05272063567803986,0.02551847337882851,0.04763632755250291,0.04243675053138052,0.019528736610098685,0.024627861675156515,0.022889542448088385,0.06191025963212238,0.04440220785604465,0.05540944792901059,0.038439100800732984,0.03885318378761471,0.04327777635674046,-0.0019305080438927202,-0.006356809728665702,0.028316094985081808,0.01764320967373445,0.026212302670257204,0.03120283565836579,0.0347726352057669,0.00920744447120958,0.034161629545699235,0.045350712965825934,0.04439914792221944,-0.0025130887284222636,-0.0021681205320267516,-0.0007920406313028927,-0.0020368531428325287,0.02401756437304603,-0.0005758005786193898,0.03064216254153984,0.0036978856337757104,0.01917193080875279,0.029853354077279404,0.02151189808568299,0.06319017654797743,0.06183017254114587,0.026286893177861703,-0.0008870320575857793,0.011132842677437749,0.04935159460359273,0.025940412918817657,0.022940429648244498,0.05068757991077777,0.020548584895301092,0.023306340515669266,0.1686405741722019,0.0755031920124869,0.03184715374788949,0.12002212862007222,0.04346347725347566,0.05738877737499615,0.03888313910281371,0.023845369011786133,0.02022487821193031,0.0,-0.0015330657155475658,0.016710314661597447,0.002074614010888487,0.0008406408551853151,-0.00036041527580232824,-0.023809538226368665,-0.00021875756349576392,0.010357471828318143,-0.0016351115896865442,0.003785732318373869,0.00950726248689504,0.04128033031742073,0.017071729547708303,0.03344263795946456,0.018182194855829392,0.016235875710914227,0.0220646946565195,-0.00822093123883516,0.02189267521851268,0.014456959536375935,0.049429453949396684,0.0015503248464878716,2.4627494214168877e-05,0.0061854336088931205,0.022842994793572435,0.007847962206663173,0.03277939031881427,-0.06778585398590553,0.010395326297342633,0.004001954063987734,0.02088927901699611,0.021932036352295015,0.05533476036047014,0.05169341081955259,0.003132189258587381,-0.14968722073279717,0.041250351967722754,0.026024828630153873,-0.08747513241980132,0.008010737176263216,-0.06418784495576813,0.012442754328741978,0.013679220650143264,0.009677648702188568,-0.00046541233811503435,0.04730212139952261,-0.0018925276336605457,-0.08782936346341208,0.0037939833121665156,0.009598137400594675,-0.000427521425674926,0.01928001729412565,0.006866553492969718,0.026186784346672765,0.007569457848045635,0.014309422629367186,0.005885741338492512,0.0012020013991396183,0.0027322934290705536,0.02145916273681281,,,,,,,,,,,,,,,,,,,,,,,,,,,,,,,,,,,,,,,,,,,,,,,,,,,,,,,,,,,,,,,,,,,,,,,,,,,,,,,,,,,,,,,,,,,,,,,,,,,,,,,,,,,,,,,,,,,,,,,,,,,,,,,,,,,,,,,,,,,,,,,,,,,,,,,,,,,,,,,,,,,,,,,,,,,,,,,,,,,,,,,,,,,,,,,,,,,,,,,,,,,,,,,,,,,,,,,,
2014-07-31,-0.013437174176391786,-0.04386734459909525,-0.0033223491175010667,-0.0015525178039985654,0.011819869867179866,-0.013959524621387942,-0.016225549930922956,-0.0605432659101377,-0.01708051064655458,-0.05558017405901827,-0.04417065238920659,-0.014399845139959955,-0.020077234589788606,-0.01654387244912292,-0.06063969586922824,-0.061550140875246906,-0.059855944501267855,-0.05068038145076037,-0.04246203338092358,-0.04443785460745553,-0.042207046947630444,-0.05954603011962201,-0.019479841011298626,-0.01379692626779605,-0.019946888273524532,-0.02999657656368626,-0.030077860114871124,-0.026034731083599993,-0.031004887216215415,-0.002518999863895699,-0.04376541104015419,0.006641281900107376,-0.0022050921274333612,-0.0007695330499957187,-0.058007800847204805,0.013647945947418139,-0.0025089127659482235,-0.04338785478120677,-0.0009215943785134684,-0.01198307103097962,-0.02477430592087304,-0.013887268651715634,-0.03631673024297155,-0.035714288358679847,-0.021269030858359517,-0.04320225296635671,-0.023561758678442346,-0.06742469575628351,-0.016554397352120498,-0.014602701071198432,-0.04368646870644621,-0.0362973418579815,-0.016847994605225458,-0.050587733066725704,-0.07149522543056774,-0.0658436549115845,-0.03308642352068869,0.012358618691314716,-0.046875374821478744,-0.03398611399056717,-0.056603722658898126,-0.016737105044915324,-9.072382506314369e-05,-0.004659970365838095,-0.014725593212156607,-0.004848450922098624,-0.002779348140290905,-0.0023677726302930857,-0.14227642055796152,-0.00021849225312908782,-0.0237146201007421,0.004510992627899446,0.004017162932672846,-0.023761889814329806,-0.05405976968511639,-0.03306865600327069,-0.07614211877142063,-0.01443767475080171,-0.015410268186120235,-0.017515697877727998,0.003563000553692852,-0.01516130375242919,-0.02092166956165209,-0.05363987983814,-0.0024563317850460065,-0.001632410842866805,0.0019845966764553413,-0.018115195916008298,0.029565644795936485,-0.05884942102277446,-0.11620795245769933,-0.007441562657788392,-0.0006667150660999432,-0.013765761762896123,-0.014858479924343637,-0.05822677377462904,-0.05978292068719948,-0.002875329094521817,0.10667367314766163,-0.03901583336332337,-0.013840840159770607,-0.07697893034888992,-0.05960268539522984,-0.05186113672235659,-0.014239768059236435,-0.008871141564850027,-0.012436792242250139,-0.0021292946253647083,0.0006725098513555849,-0.0010095919652439722,-0.03686382967916457,-0.014856870971605929,-0.025719448042923032,-0.002449193704548658,-0.037102103454080604,-0.00024052259918538876,-0.00805666877455613,-0.0033198991622895857,-0.012447291225518908,-0.007561306598403927,0.0,-0.012719754214248535,0.10466005679783374,-0.02361170507068322,-0.03807907698276325,,,,,,,,,,,,,,,,,,,,,,,,,,,,,,,,,,,,,,,,,,,,,,,,,,,,,,,,,,,,,,,,,,,,,,,,,,,,,,,,,,,,,,,,,,,,,,,,,,,,,,,,,,,,,,,,,,,,,,,,,,,,,,,,,,,,,,,,,,,,,,,,,,,,,,,,,,,,,,,,,,,,,,,,,,,,,,,,,,,,,,,,,,,,,,,,,,,,,,,,,,,,,,,,,,,,,,
2014-08-29,0.039463055568817795,0.05061630054015964,-0.016666820954980954,0.021766076044377636,0.0500950647249192,0.03969144213322218,0.0407087087313418,0.0482955658790023,0.036454043656863444,0.042509170588336254,0.050453285056547115,0.03562593462098995,0.042566303827096474,0.040209428682971504,0.05500366748354235,0.04337464617891196,0.03962658063449931,0.04462490514275941,0.04933185392884831,0.0531005852649733,0.00601868283041318,0.0017588288107197592,0.03531967025229599,0.03336783069125926,0.04150762195250146,0.05344552173484107,0.0418093510153954,0.00180207312808367,0.04748235052259275,-0.015734289409200852,0.04922511438940358,0.047238181921611,0.018802672681963672,0.0018588891914792516,0.002453358414512774,0.02829745672302386,0.011497139533675815,0.040739104688589434,0.006075997714238168,0.034383743161030544,0.047005664039998285,0.04010788198036619,0.0038090706137288155,0.003220608825065474,0.03986047151168437,0.007321985584430646,-0.003497290633969863,0.0440926619298021,0.0305101920936246,0.03732215858967747,0.02096355829714347,0.042542245888568475,0.038183157791426,0.10772944436872178,0.10582185767968233,-0.015418540143072201,-0.04443313802979454,-0.001801127681993142,0.013531258298619564,0.05939179884321888,-0.015625,0.03757099889187909,9.073205662235573e-05,0.00908451353123918,0.010092798142039339,0.00955043550168111,0.011415164968620495,0.003525695942464324,0.054976295091958116,0.00021854000242660376,0.0026451538974592292,0.012637883463124,0.01082378349304114,0.025101239261569486,-0.011429814740958388,0.0019540614643407395,-0.01407973018353581,0.025761950990924376,0.01057552746282897,0.02649662063625824,0.021625152246246282,0.04011267384484962,0.0037162589915105126,0.049932744512423355,0.014658672067208611,0.0030126507929426616,0.029385758651466976,-0.024716557064523248,0.04112509227379535,-0.03185013082088617,-0.009996164036674138,0.003640220336211142,0.006539055515700332,0.03972667170760058,0.035776876424316484,0.039064474690068796,0.047800088105956595,-0.0009239831254422848,-0.11016144349477686,0.04887506490664095,0.02910634356005204,0.011801791088927205,-0.007746454799631319,-0.05469782827282976,0.03979279491405707,0.009413483434876468,0.014669682581433197,0.06128891250185586,0.04301082809438639,0.011936067302000142,-0.017137917820237658,0.010251825712645601,0.001979940585632889,0.004914144966654765,0.038069643508744866,-0.0018113124207274067,0.028985595035138312,0.004363824484913126,0.031085205118604353,0.04346286326607829,0.0004003795288460843,0.019789873322218154,0.041147908244307585,0.03973143874706886,0.0033705121773177638,,,,,,,,,,,,,,,,,,,,,,,,,,,,,,,,,,,,,,,,,,,,,,,,,,,,,,,,,,,,,,,,,,,,,,,,,,,,,,,,,,,,,,,,,,,,,,,,,,,,,,,,,,,,,,,,,,,,,,,,,,,,,,,,,,,,,,,,,,,,,,,,,,,,,,,,,,,,,,,,,,,,,,,,,,,,,,,,,,,,,,,,,,,,,,,,,,,,,,,,,,,,,,,,,,,,,,
2014-09-30,-0.013796253156252547,-0.04539687212077814,-0.002542239912377009,-0.06603773514591815,-0.007566636219341616,-0.013721079183705354,-0.0171652264037081,-0.05927888695781136,-0.02025055030773204,-0.0521212009916141,-0.04509628493184903,-0.01714371064638265,-0.021138759392298034,-0.01827018331345487,-0.0514922417228626,-0.06642004133948498,-0.0449080642643096,-0.059421485324707035,-0.03826778540532216,-0.05427963245881395,-0.03675208046390743,-0.034361774704676384,-0.022028136945425714,-0.013805529296958885,-0.020966408798678615,-0.02996954526208062,-0.03804233489150055,-0.03882466493993564,-0.03388965063811489,-0.007301991307257172,-0.050551287908114806,-0.02112314702325535,-0.010494799916111908,-0.0007314510957631137,-0.02640853505720009,-0.07767404754166107,-0.006149175525363204,-0.028653015519841674,-0.02595306848335399,-0.012784980630592857,-0.03185615548059062,-0.01563111588735,-0.061763293138879294,-0.060995202773278745,-0.01435727826923372,-0.03974961180690395,-0.04070856797385258,-0.05670022700576283,-0.048255022897168875,-0.010911524496220015,-0.018176721925019512,-0.020390306338929798,-0.021968120462712015,-0.03352286746843469,-0.04702517992246402,-0.0377516369543055,-0.1261356931311387,0.04891709637161412,-0.023954928459729574,-0.034870170506159814,-0.060634915790860666,-0.011666821271699601,-0.00018136033171911592,-0.005165958153361294,-0.048750384109644274,-0.002196785438002391,-0.005716311725507017,-0.001471264025890262,-0.006738527268101868,0.0,-0.04152756040983674,-0.0008021877029343871,0.0006853185584339005,-0.024354766531813454,-0.050782172919333846,-0.054027573831356035,-0.04980837490170942,-0.03315795758858364,-0.04813739469989475,-0.03335882692264591,0.007106773195612259,-0.016098096877437906,-0.04288792306999201,-0.05300259183503664,-0.013264363341090935,-0.003195175994199495,-0.02046783827952592,-0.08815889081276318,-0.14665155870536284,-0.08563137161250689,-0.11533977915939775,-0.04522647645562072,-0.02608208249712307,-0.013805963298983537,-0.017691420716491657,-0.04134581608809196,-0.059615473122568874,-0.010379487812276711,0.1088580576307363,-0.04272640676571959,-0.08086943673531433,-0.15785382650306778,-0.06671401872802452,-0.10685958389717154,-0.00783598293369192,-0.04250120511066591,-0.0550798433730767,-0.05196317203120793,-0.02448458599314962,-0.006604176523896221,-0.12002322519850894,-0.016335035021696753,-0.041001241330364424,-0.004157875939650002,-0.014405948378791056,-0.005887373190265555,-0.015680187435469062,-0.011227587530457384,-0.007887265533542465,-0.007717589923532331,-0.0007998585505158973,-0.006336494688715888,0.1491200062436009,-0.009114708839821795,-0.041101682225409886,,,,,,,,,,,,,,,,,,,,,,,,,,,,,,,,,,,,,,,,,,,,,,,,,,,,,,,,,,,,,,,,,,,,,,,,,,,,,,,,,,,,,,,,,,,,,,,,,,,,,,,,,,,,,,,,,,,,,,,,,,,,,,,,,,,,,,,,,,,,,,,,,,,,,,,,,,,,,,,,,,,,,,,,,,,,,,,,,,,,,,,,,,,,,,,,,,,,,,,,,,,,,,,,,,,,,,
2014-10-31,0.023551085868320776,0.03529587643371013,0.024638770736634008,-0.025089556537429725,0.02641958487957763,0.023857594879143296,0.02393720796182608,0.06593476214758942,0.021081118403525778,0.0691274063750531,0.03539510657597433,0.017874914497160832,0.027057144591025928,0.024812731878678607,0.06122333466854202,0.06968760794588236,0.06876360515381874,0.07130172658731904,0.031230927356026283,0.041642010618538006,-0.021961022753407056,-0.028571415003144085,0.023930215606449368,0.015950145871696186,0.02745974621681646,0.02795758239759505,0.03457145198149436,-0.002651399299434032,0.03151474886230021,0.025447070054141818,0.04068001235847385,0.028185566806060658,0.015362879971251298,0.0026029305506469758,-0.03602008692291614,0.01419647805129487,0.010640443333737926,0.058082378149331815,0.009012100417084445,0.01798007387651146,0.03401281730044947,0.02354608726811369,-0.03054810644807593,-0.02991448149582432,0.017131760961595743,-0.019014658953431796,-0.007865594721262248,0.06429801895732856,-0.008103656930499192,0.01837759380398607,0.03603881595437808,0.048572533590404365,0.020017800333672175,0.09886502619054638,-0.01770898824272571,-0.109851807713094,-0.05198778970262741,0.028669733793889485,0.058637191936433686,0.033536305812149836,-0.05947956133173282,0.02469429858483485,0.0001813932292553666,0.009629902888693032,0.0020310112214463327,0.010278332044777239,0.0072285957141413615,0.003987513689292621,-0.08276797255488433,-0.00021849225312908782,-0.003521926039756984,0.005484330163984641,0.0008397895646803377,0.009302675857803866,-0.09266771799373708,0.0008246761065777708,-0.09237538102399312,0.012054470798584793,-0.002198678234848539,0.009439742480883195,0.006203773425891734,0.023622200581352892,-0.004191006178137613,0.04980559327295819,0.011467974445220852,0.004790404268623538,0.019502186936799726,-0.04877664024208184,0.025405690548419235,-0.09867723855875887,0.15320455074279837,0.009250620591629621,0.009330185034807315,0.0240319845018373,0.016633866533066755,0.06433366222468617,0.06589405051647934,0.0004975057174712028,-0.02887391722810395,0.031524886121159446,0.02016821216757414,0.0978762527740209,-0.02509505196038464,0.1165100063060096,0.0424631876032302,0.025866325973615156,0.0030990689086172196,0.004249602553708209,0.05317043654115605,0.010202775806507969,0.10931305782308653,0.005506247915963325,-0.0029190582486714467,0.0045096401908826245,0.04891828345208693,0.006943881446700884,0.014659263153513624,0.004207076804598753,-0.0005162474546132056,0.026673142501427938,-0.004005493391821102,0.007971315905068277,-0.011560693641618491,0.029187890666203975,-0.02241076964311184,,,,,,,,,,,,,,,,,,,,,,,,,,,,,,,,,,,,,,,,,,,,,,,,,,,,,,,,,,,,,,,,,,,,,,,,,,,,,,,,,,,,,,,,,,,,,,,,,,,,,,,,,,,,,,,,,,,,,,,,,,,,,,,,,,,,,,,,,,,,,,,,,,,,,,,,,,,,,,,,,,,,,,,,,,,,,,,,,,,,,,,,,,,,,,,,,,,,,,,,,,,,,,,,,,,,,,
2014-11-28,0.027471892828917932,0.0183637634746332,-0.0364840542468986,0.0006685212052273126,0.045463446845474875,0.02753875089283153,0.02711121778215375,0.0011153893167095141,0.022015809963136457,-0.0018829471011690968,0.01892952158294592,0.023669670041185364,0.02476011940336753,0.02529550539990555,0.007556313358939359,-0.00379693194338504,-0.008977740805571788,0.00478529343924694,0.024715620408213734,0.011969618781161318,0.02018631893431766,0.03876987580300928,0.018576766607178996,0.023148721081244217,0.024802804690287727,0.033142074442913394,0.017812619268495755,0.0006256864877203228,0.02565350933092403,-0.03276465330503031,0.01333669898802392,0.029673814187068936,0.012886455963450283,0.0010517943490659931,0.035276079857741616,-0.01542132003387886,0.006570753787102701,0.009469807598422086,0.0015920132635489637,0.024680110831269975,0.02835937164693325,0.02754102476007425,-0.00488197260677703,-0.00528638040529561,0.03798889468539035,0.02067572144035079,-0.007558830729529453,-0.0058117055280877405,-0.0043571904690586916,0.02838655378647159,0.002722366184491287,0.029396462112580624,0.02163256330541863,0.049127576504376824,0.049923825713591,-0.16487102107168838,-0.04322581137380288,0.0293572127126005,-0.010728564695481224,0.0662522525819027,-0.10097015715579571,0.03027188225814048,-9.072382506314369e-05,0.006766471977601496,-0.003242922113627311,0.0061851051255730205,0.008309683633387355,0.0026804041371162324,0.04832344719207349,0.0,0.0,0.001174288405083157,0.004974995324874998,-0.01471240514823946,-0.15161889659760952,-0.013391115897990025,-0.12883685398098554,0.01375572715014206,-0.0008815247178584062,0.012633765237298755,0.00944618623573934,0.02827391032516502,-0.0003235207139516971,0.007598134415117697,0.007254494938204514,0.0021872494107637586,0.00839985456596093,-0.03046693049037341,0.017252548332415296,-0.1790431592635563,-0.002664624804128324,-0.01358977474203138,0.0018305097190418618,0.027578231610905002,0.02727011282080327,0.004255145049969933,0.0007462991466340441,-0.0022881360684895435,-0.09712586719524285,0.017033904245624676,-0.002850743013932955,0.055508817404721356,-0.01716063327546813,-0.029948585487282076,0.03564146092115017,-0.008249103460334917,-0.013062536021406945,-0.0010254024714726473,0.0031358485019779003,0.008672401617268566,-0.03245013836369137,-0.010428950469296261,-0.00017202471687094434,0.0016448226439107483,0.022219867024795503,0.006043037354863889,0.025322605953584265,0.004088922398576278,0.01137155603666784,0.02287567981510752,0.0004018590619947471,0.02609726495205611,0.042397580995815476,0.02952631293370067,0.02136637800580754,,,,,,,,,,,,,,,,,,,,,,,,,,,,,,,,,,,,,,,,,,,,,,,,,,,,,,,,,,,,,,,,,,,,,,,,,,,,,,,,,,,,,,,,,,,,,,,,,,,,,,,,,,,,,,,,,,,,,,,,,,,,,,,,,,,,,,,,,,,,,,,,,,,,,,,,,,,,,,,,,,,,,,,,,,,,,,,,,,,,,,,,,,,,,,,,,,,,,,,,,,,,,,,,,,,,,,
2014-12-31,-0.0025367297799633315,0.008330309423991045,-0.026942537006578893,-0.02241056066648106,-0.022406116994422742,-0.0029697917821993602,-0.0028919923959803695,0.028929427206544567,0.005374361405311445,0.028915418296131756,0.008343712510944012,0.005142206621562506,-0.00043650116970705977,-0.0007937245515798885,0.029364542326518306,0.02645785850606397,0.02978011793259938,0.02561832243658113,0.00081311977024634,0.01377694112143435,-0.04820211990372425,-0.05807765725709857,0.009114594758705019,0.005150658268764374,-0.0003833615349917441,-0.0029765117912278205,0.0070127220732252304,-0.039927766975898726,0.0019595138537880086,-0.021233975594487364,0.00904086197606535,0.03251374286865327,0.0012948221204649446,-0.0029265604799009193,-0.06242911478351998,-0.039635516437505736,0.0014761513615806354,0.014275971650912433,-0.010512565430422893,0.0035525065738171158,0.003112224226108351,-0.002829542803603591,0.013112132840068735,0.01328606014500422,-0.005389554456812218,-0.04689896399203364,-0.03900792462391278,0.05047407495164857,-0.034904837013033374,-0.0010647631671539814,0.01712169715900025,0.0045940117547766945,0.003934741432170208,0.03968321734350533,0.05462794869949317,-0.20406565007519417,0.015509136688732106,-0.018893625983443685,0.031543696524226617,0.01996909500314903,-0.13749002682332845,-0.011207701091992983,-9.064473029263276e-05,-0.0037050264624660656,-0.03952134122625084,0.0017933792650424163,0.0005688821280529499,-0.0027974091427738212,-0.3052680950728054,-0.00021812234355911286,-0.03769739672574224,0.008089465534742102,0.00778521565972734,-0.015199053064757329,-0.1678560323999535,-0.010939197616913088,-0.20839123762080314,-0.023576758557534494,-0.040780164388223294,-0.019818821991149815,0.003440036003470537,-0.003686319515410985,-0.03694245542698382,0.017347638695359047,-0.002513887724495789,-0.0019258460131513777,0.02435272018521717,0.004979789589007799,-0.011859211305746964,-0.18841611297068706,0.016793840225049594,-0.050581694116790366,-0.00895347921546119,-0.008577580338272939,0.001885076107035033,0.017229004293588313,0.02918736186639781,-0.01285979069335097,0.15203073545554346,0.005597292129446263,-0.032827222375648946,0.015139454389473395,-0.05714287660559769,0.001447211158127848,0.0003792580414265778,-0.01856231829691457,-0.030305592321713926,-0.0026491932473150515,-0.06005752195911185,-0.001462370660165413,0.016923053448016923,-0.011889198455863781,-0.03764430388294837,-0.0008149880397056997,0.005047619197630748,-0.006955294910240162,0.005267966108146505,-0.00516895507205406,-0.0004112394581161638,-0.005591202478017809,0.0,-0.020871438780597384,-0.009100444087115855,0.004260203260006978,-0.04062795622603055,,,,,,,,,,,,,,,,,,,,,,,,,,,,,,,,,,,,,,,,,,,,,,,,,,,,,,,,,,,,,,,,,,,,,,,,,,,,,,,,,,,,,,,,,,,,,,,,,,,,,,,,,,,,,,,,,,,,,,,,,,,,,,,,,,,,,,,,,,,,,,,,,,,,,,,,,,,,,,,,,,,,,,,,,,,,,,,,,,,,,,,,,,,,,,,,,,,,,,,,,,,,,,,,,,,,,,
2015-01-30,-0.029629314069974155,-0.0109860853553011,0.022241829437719796,-0.08385335077272749,-0.020823233099599103,-0.029003820948191428,-0.02686884051461713,-0.03277032316354078,-0.03946350860933168,-0.03585887424059231,-0.011256857959764832,-0.044790377269924075,-0.027230602217102162,-0.028969080810945402,-0.022967065646714913,-0.042584756596321216,-0.01797546014409246,-0.05316272122279253,0.007390337486886223,-0.029101477543705068,0.0047025750961622315,0.00963398961985007,-0.039929740925095936,-0.04470717879216057,-0.027358046549319726,-0.016732812887437776,-0.014234908608254937,0.006245960220098823,-0.014846891499464832,0.016088876163387278,-0.019364413191957253,0.09815731057378407,0.04302209139088187,0.006275183894244307,0.0008134149382832412,-0.00687161557943472,0.02052292388588106,-0.00503729515571405,0.032319079024639485,-0.0409509418110392,-0.02007111046570409,-0.029558749311912602,0.08689905756357263,0.08653852806866191,-0.03425865382916149,0.005151424352758838,-0.00039199414880486394,-0.04104956730003917,-0.012564232429729039,-0.028190283018360796,-0.0959759862415458,-0.02398477205173044,-0.03729601850879882,0.0707394342448886,-0.004264547974900834,-0.12475446165929582,0.09827360256795492,-0.00020287307221888984,-0.09459467394778587,-0.032392641288717106,-0.08711766299412194,-0.02880009035421438,9.065294750465469e-05,0.02313813175969015,-0.00021342727936002337,0.008599433050457073,0.02403721328248931,0.009506081198802141,-0.07447531126456564,-0.00021921430626614669,0.007128069016922645,0.015950212843399925,0.019017921878089483,0.008547000689194784,-0.08501114113498198,0.0027827481897115813,-0.03513911301087613,-0.013162331620480416,-0.00348668383577877,-0.016300493454841636,0.023663121280518506,-0.026707778100951374,0.0006917183404009375,-0.0259431699374999,0.03019704208683205,0.009293155142955811,0.060610805977897364,0.028620251202949643,-0.03406890392251327,-0.11762114478220853,-0.062312308012181794,0.00047283174410805984,0.030974147972702815,-0.028715383565824926,-0.04328936874261302,-0.0185009296131442,-0.03328135067662108,0.008584421438909251,0.1696045736064793,-0.008849668945185685,-0.006501520340448375,-0.1405023650823337,0.014309770593966542,-0.061175358562704396,-0.004940857942105192,0.03987029752743698,-0.009319493955862956,0.009640979471672972,0.07178610870614355,0.02942357767937498,-0.09228439659509691,0.0024212881386209695,0.00849610966022385,0.006786873985455966,0.0011439724709094712,-0.006564444643279543,-0.04120621709029848,0.006599001635676061,-0.024312913305007844,-0.01734916745249171,0.00040198893248732936,0.027016288318710613,0.02590385054213451,-0.03675714037959388,0.006401662778568795,0.03785156881196117,,,,,,,,,,,,,,,,,,,,,,,,,,,,,,,,,,,,,,,,,,,,,,,,,,,,,,,,,,,,,,,,,,,,,,,,,,,,,,,,,,,,,,,,,,,,,,,,,,,,,,,,,,,,,,,,,,,,,,,,,,,,,,,,,,,,,,,,,,,,,,,,,,,,,,,,,,,,,,,,,,,,,,,,,,,,,,,,,,,,,,,,,,,,,,,,,,,,,,,,,,,,,,,,,,,,,
2015-02-27,0.056204895793642295,0.05029304865550421,0.07484796581222719,0.059758071638845944,0.07220587974345372,0.056454335371805664,0.05656657919635344,0.059463732738205044,0.047666562931125256,0.06010762914891954,0.05084864298714331,0.054817599968894015,0.05648966020185231,0.05837311867431194,0.07217336650504746,0.04643046107756965,0.06240131184144282,0.05856562709394009,0.04420259716987207,0.05736865520592471,0.05991124890864863,0.062159203883729974,0.0475425207112703,0.05648885656213998,0.05742001883668357,0.06861560180626047,0.040846557331374544,0.06337797979295479,0.05444835656881741,0.07287869130010849,0.06075065857982964,-0.0613835190661457,-0.024716935110479232,-0.002907147216302808,0.06424545093544642,0.04407964058064873,-0.008948649882488224,0.005569713229852891,-0.01288607293072741,0.05306657814186222,0.06029063908992738,0.05807865232772258,-0.05905219494812319,-0.05792439656892079,0.049062606059673275,0.06093395105392263,0.0643012556298106,0.05256052603120409,0.05668020171312205,0.05780445606515583,0.09099881032534007,0.030685196689072658,0.05373754185047264,0.07503089992946377,0.10807394080665689,0.015712721180732414,-0.04050791976312895,0.09447351438910845,0.09118084247416514,0.06243266554126903,0.05939086451686859,0.04897411301372312,0.00018146411324471146,-0.013344185591703472,0.05848471250365539,-0.001281094589270615,-0.013066862499007459,-0.004788084687732064,0.005120679914670134,0.0,0.061598496662819135,-0.011237108979653576,-0.012184326677959656,0.026395637784648374,0.05949466299933448,0.06959861410188095,0.178452228587769,0.05508384302179059,0.055516627344437186,0.05951966846908485,-0.005150586244250355,0.05550883684627039,0.0587625615699392,0.06165004533091567,-0.00989959452233613,-0.0020438287725672577,-0.0341981213008935,-0.043189327719011406,0.06038739562378814,0.16525208948940473,0.03282624939355028,-0.01773010709025824,-0.01323355277653937,0.055794989431267705,0.05394969122412707,0.061698697613300046,0.059976470716818664,-0.002102851201922773,-0.25132382892057026,0.06150792332131294,0.043859333460860794,0.0018264561483305464,-0.07385894848425534,0.059517694255240006,0.036494745811382234,0.03210705408867276,-0.0046031534458078616,-0.00507332890138279,0.04267927180259434,-0.017439309701834937,0.0066666920979818745,0.021849738041994415,0.06291441952435939,-0.002967632910643836,0.012489573835294587,0.02419618823611791,0.05925079709167824,0.015633768974126605,0.04078737145375544,0.060160236594404726,0.0004021185815958894,0.06653784724701062,0.09628184041707022,0.052837083470556934,0.0601997724354737,0.07919416531528078,0.04056130712968242,,,,,,,,,,,,,,,,,,,,,,,,,,,,,,,,,,,,,,,,,,,,,,,,,,,,,,,,,,,,,,,,,,,,,,,,,,,,,,,,,,,,,,,,,,,,,,,,,,,,,,,,,,,,,,,,,,,,,,,,,,,,,,,,,,,,,,,,,,,,,,,,,,,,,,,,,,,,,,,,,,,,,,,,,,,,,,,,,,,,,,,,,,,,,,,,,,,,,,,,,,,,,,,,,,,,
2015-03-31,-0.015705665391914203,0.013330358052706659,0.014574878777436684,-0.02997876130936794,-0.02358968418113716,-0.01597048401020129,-0.01301622899094812,0.01770015903668387,-0.01399200825557867,0.016001652943461897,0.013354421764395719,-0.014620287988590719,-0.010560681459698462,-0.010839049009756518,0.01805434785868254,0.017260621379752372,0.021540690715773136,0.01020799960093477,0.02366551345364476,0.0010386647060811605,-0.02252186201520312,-0.0097535807190271,-0.011695151169769047,-0.014864032533988492,-0.011628922780620887,0.0016386522534195258,-0.0017003828210813143,-0.014286119052968838,0.0007117187052883001,0.018353881432576546,0.012995865251743233,0.010922343829434578,0.008560441681460862,0.0024920775236478843,-0.010066615844425031,-0.0149726684186271,0.0037478881282595466,-0.011399367642862868,-0.0048188034024108095,-0.013268661685351457,0.03386580373698367,-0.013353635155707422,-0.021522037888980217,-0.02220326456318089,-0.012996755274564231,-0.024379910791129222,-0.018603736165276996,0.02086319209087173,-0.04091174208285853,-0.009990500624202037,0.016226859223813284,-0.008508137005759475,-0.012468062471114538,0.05172822769725305,-0.0022555710240039772,-0.06961327084676683,0.003780744804623204,0.023203939040430388,0.019256875757429848,0.027238711172005603,-0.06564450331300142,-0.01831624963003864,-9.071559499740367e-05,0.007865042784611864,-0.014138463486998987,0.003712119266255476,0.005451065350878359,0.004466502217989499,-0.036390102498474075,0.0,-0.01218318125618334,0.0021748509977510544,0.004879547863392064,-0.009370725476789521,-0.08076924544114328,-0.012574211714314831,-0.10275563971969104,-0.014611634991975486,-0.012154998688218788,-0.012138040429230945,0.005646778115102391,-0.012043116946820254,-0.013059048720251099,0.013357064351072312,0.00365097682376625,0.003051131781617533,0.005210042185436858,-0.03897572402255833,-0.10154967574531715,-0.12167952587922315,-0.04108525183286593,-0.024342443469756225,-0.004711520504263489,-0.015707069022254383,-0.013789477502960445,0.02150628434799895,0.01756713512480923,-0.002910046812202194,-0.07453754080522312,0.011256809189884143,-0.02276292831028548,-0.003646252576224751,-0.13978490029317792,-0.049394696203692634,-0.007481446054526608,-0.004983372570171785,-0.029355590235122242,0.005599494239229896,-0.04421886678636722,0.006026703151962964,-0.0658940936487945,-0.006501223607772388,-0.013659223859739167,0.005790993470944805,-0.0037118482381294227,-0.0002839203077632524,-0.009396660512302368,0.002239127322289036,-0.01589101273827709,-0.015698593927295668,-0.005220783318330646,0.011244073271432953,0.22120996838786455,-0.015728441660213588,-0.025283823448935427,0.05677497789211472,-0.018178777162413118,,,,,,,,,,,,,,,,,,,,,,,,,,,,,,,,,,,,,,,,,,,,,,,,,,,,,,,,,,,,,,,,,,,,,,,,,,,,,,,,,,,,,,,,,,,,,,,,,,,,,,,,,,,,,,,,,,,,,,,,,,,,,,,,,,,,,,,,,,,,,,,,,,,,,,,,,,,,,,,,,,,,,,,,,,,,,,,,,,,,,,,,,,,,,,,,,,,,,,,,,,,,,,,,,,,,
2015-04-30,0.009833688785220396,-0.014752395637915972,0.02633683503670725,0.07137601719975972,0.019223254285444247,0.009719363677481274,0.008113751620484333,-0.02564932617430571,0.008828182168741927,-0.023045088206071984,-0.01421247920753832,0.014369286119849,0.0050058850569327795,0.00400577837984839,-0.0294292683719779,-0.021509896857215716,-0.028889766325901456,-0.0182489497740983,-0.025537470605102364,-0.003054689520493592,0.04088591007701736,0.022291366392948708,0.005483894531808753,0.01324355445041614,0.006153857749037206,-0.0069438719186663,-0.011825971495806109,0.036466055592915714,-0.009415657736463023,0.02749915343966025,-0.01578854649170003,-0.034251830530792726,-0.006329445522723964,0.0003182081302008921,0.02060765722487634,0.06852704141554367,-0.0032277568581806637,0.005003684798717378,0.0067788060806710515,0.012783796598190733,-0.033986180564686386,0.007352987335813577,-0.0016716737223684275,-0.0008733824496437448,0.004542220046042766,0.042420313908324125,0.03941432672021161,-0.023268018476818586,0.056192456445588235,0.0027509427565628464,0.01193684622951352,-0.006649897180276532,0.012923089521892805,-0.0850113547202157,-0.03432932381403908,0.21793349424227637,-0.0313873189216165,0.023585148620578256,0.0068571716896794754,-0.042656463828871116,0.1092307261931591,0.016983901487519715,9.072382506314369e-05,-0.0010314930192929506,0.04740373124455366,0.001153097244406931,-0.0032342633428819045,-0.0004854056062233436,0.01661633465498391,-0.0002186356093373254,0.03866422174138595,-0.007095552455295251,-0.007642889466727976,0.01047897893272931,0.16276156314166013,0.04285408481121311,0.15528128081854375,0.028657187898319947,0.04787512754430456,0.025491262935915637,-0.003364435170036262,0.007665533334539232,0.04035739255866955,-0.018409557672429577,0.0003650703559536783,0.0006743076852344654,-0.02647515813936352,-0.0013549221559362445,0.05553217025901591,0.1853658164419778,-0.049312826380004116,0.025512273634320737,0.0067366741557450815,0.010042004224449341,0.013462019923398572,-0.029117042860484665,-0.02449083608054181,0.006742956756748297,-0.1452087007642563,-0.0113558785794039,0.04218284941386119,-0.07136324642245628,0.0749999254941971,-0.003056519027382354,-0.005816635060881814,0.03202292757926939,0.03233456165706583,-0.002307446921349432,-0.08127521166050766,-0.006075349763504101,0.010280075325736826,0.00935728552850179,0.03727128929269563,0.0015186403822027295,0.0003717187739342709,0.010020616615674216,0.0066565327131087315,0.001421968631899695,0.010205217613114215,0.0017295039128908396,0.011304011220623078,0.005380353002008453,0.1413470433666919,0.0011787982890605342,0.04528447356272025,-0.08609974043507573,0.046343068012747235,,,,,,,,,,,,,,,,,,,,,,,,,,,,,,,,,,,,,,,,,,,,,,,,,,,,,,,,,,,,,,,,,,,,,,,,,,,,,,,,,,,,,,,,,,,,,,,,,,,,,,,,,,,,,,,,,,,,,,,,,,,,,,,,,,,,,,,,,,,,,,,,,,,,,,,,,,,,,,,,,,,,,,,,,,,,,,,,,,,,,,,,,,,,,,,,,,,,,,,,,,,,,,,,,,,,
2015-05-29,0.01285621892219524,0.016620603973136694,0.01477432518141164,-0.046016376493660305,0.02248465487303153,0.013009288772357408,0.012757913636469054,0.022363459386991913,0.012405173205156883,0.014569301702179294,0.016687064922500605,0.007029163846930864,0.013818899762558345,0.013678931917740389,0.03610058187620746,0.007525861609118278,0.021757848444973638,0.007538140171387653,0.025309723085776836,0.009574991468300986,0.0026038748921113353,-0.006338962290294847,0.014372123900350031,0.009435256581687534,0.012973685240956101,0.011928162558938915,0.017883923100294297,0.0019545342631210882,0.013936812480332517,0.015551451814107331,0.018020081025285295,-0.023724604574636987,-0.004163722857218,0.0004121006395252369,-0.014891539818502997,-0.04104507742437369,-0.004374073675838974,0.0007663361863186058,-0.01005603024061108,0.011796883983601125,0.011232716196043047,0.013138748834764291,0.005552104050766671,0.006118938030257315,0.014608509698542882,0.0028307022105971136,-0.002166677701328834,0.030295012433573465,-0.02931598925868617,0.013513691485887103,0.028900059606625783,0.010041375048185364,0.006486978999344251,0.15431643482854085,0.08739796010080503,-0.00975137789895364,0.03629290050982936,0.0595535105844438,0.025054578996429377,0.010958396764614298,-0.021729049079530105,0.003743429089299255,0.0,-0.0006791663410592452,-0.010383770035486961,-0.002642983993880632,-0.0049674405809081446,0.0011958680460442128,-0.04383359219285077,-0.00021878790456042463,-0.00048351973430316164,-0.004892448167613583,-0.0036428176612370855,0.004279827034985306,-0.02554879339441063,0.017057662651360106,0.009441020325844374,0.0,-0.011315178682006821,0.0033250175210388644,-0.0035832781965216,0.012612811508321276,-0.0031798470475433716,0.021939246815184,-0.00749346282274066,0.0009249120868837224,-0.02459607612025161,-0.026230098431336835,-0.000929981337656538,-0.030864198499897744,-0.037840190462381185,-0.023626921129698553,-0.010671069653829135,0.01250644381673549,0.009187411161000858,0.02306952394965167,0.021401533219963298,-0.0008002366370815084,-0.12998624484181565,0.020159475088844525,-0.035191007662931706,-0.016748738406326957,-0.08914729685073075,-0.05109862113408592,0.010239124707664526,-0.00411744792005353,-0.025347083551235716,0.001983218880301285,0.03946920250039998,-0.003157318987324076,-0.0333333601031387,0.002259669819034249,0.003131791808923756,-0.0015180695200655014,0.0009350655513162831,0.0007488528227941327,0.009167607040684311,0.00345026800082171,0.00922514372779748,0.015222777565244039,0.0,0.022832429856146863,0.1890323678300394,0.01248981023845408,0.0029439619757249957,0.19305488442103935,-0.002127428257087227,,,,,,,,,,,,,,,,,,,,,,,,,,,,,,,,,,,,,,,,,,,,,,,,,,,,,,,,,,,,,,,,,,,,,,,,,,,,,,,,,,,,,,,,,,,,,,,,,,,,,,,,,,,,,,,,,,,,,,,,,,,,,,,,,,,,,,,,,,,,,,,,,,,,,,,,,,,,,,,,,,,,,,,,,,,,,,,,,,,,,,,,,,,,,,,,,,,,,,,,,,,,,,,,,,,,
2015-06-30,-0.020312112804133142,-0.012930602817039838,-0.01340465009968872,-0.03257391795087028,-0.024841081486948524,-0.019816521554026578,-0.018938109199312825,0.007829456644889765,-0.020232056981534963,0.010573174080387826,-0.01234788494178407,-0.019664136307721458,-0.017513702021373256,-0.01858393085999055,0.014304329378309388,0.0020637836954098265,0.016857756500948673,0.004180002096047408,-0.008745015329362116,-0.01788977805613412,-0.03496600581170872,-0.02528668233362985,-0.020562262327043168,-0.021006534619337214,-0.01674863733291021,-0.01585195228547942,-0.02562737425725059,-0.031182336459712467,-0.020531574398839014,-0.00962537409935027,-0.007123939655590883,-0.04072006197953415,-0.01630945458446531,0.00031831022742134785,-0.02143255871516825,-0.02930820446067739,-0.010767233925578767,-0.03329044591422092,-0.01024584791733485,-0.02228857020330477,-0.0169711130021315,-0.01957873196777915,-0.015162101232906178,-0.01476977175616101,-0.024135163032835028,-0.03272732274736678,-0.03234156040294278,0.02450360075128044,-0.03317595802571682,-0.017891554690915412,0.043214465843765426,-0.02245174750471257,-0.021221510904184337,0.06092430315636177,-0.06367821673668872,-0.02117185211633532,-0.06003752669721529,-0.03777748749693477,0.05225447007921358,0.011837411705162504,-0.0023629129216020672,-0.026534353496930674,9.123945791356114e-05,-0.004630023111517834,-0.028092867865325832,-0.009447616526644387,-0.011122366900966796,-0.0012710282754048174,0.053613095586103166,0.0,-0.029107933346425585,-0.003417063503114326,-0.005749780827973505,-0.020518070748055672,-0.011447543087731216,-0.016403423810823825,0.014275116936006693,-0.025783346996171574,-0.03162880002722468,-0.02220290791767765,-0.027483801850620493,-0.019789002703026304,-0.028069948780042653,-0.0020138946208656527,-0.01254848305974865,-0.004652457769098395,-0.03337119031843361,-0.0321381872870764,-0.13364363257845324,-0.04161357002059285,0.14228905612535803,-0.016657352677115433,-0.008957904460395572,-0.0194697708125251,-0.020960521659663778,0.015513398803212564,0.009267806860503658,-0.00040007316220436184,0.0608695652173914,-0.016681530178394022,-0.03313075060551318,0.22845686097362994,0.009574484706411424,0.1033925744667128,-0.022314226542701543,-0.02229629133056643,-0.011267678792556857,0.00033066613522003685,-0.005331925001061388,-0.008715101581996954,0.12087114395366316,-0.008539571090728337,-0.026167294177595002,-0.0014330382400310482,-0.030365479950153373,-0.0012579330512576536,-0.016541597496035787,-0.0056911850017867804,-0.016021115560472143,-0.018463689227147362,-0.0019963997104491815,-0.04743622433059391,-0.13561402869844819,-0.024590612680468804,-0.03159358136276147,0.011731938397838038,-0.03492819191004781,-0.08727477405762507,,,,,,,,,,,,,,,,,,,,,,,,,,,,,,,,,,,,,,,,,,,,,,,,,,,,,,,,,,,,,,,,,,,,,,,,,,,,,,,,,,,,,,,,,,,,,,,,,,,,,,,,,,,,,,,,,,,,,,,,,,,,,,,,,,,,,,,,,,,,,,,,,,,,,,,,,,,,,,,,,,,,,,,,,,,,,,,,,,,,,,,,,,,,,,,,,,,,,,,,,,,,,,,,,,,
2015-07-31,0.022589291604438566,0.0010614648497111467,0.009367515837097384,-0.04199488461632461,0.04557757607317203,0.021908813974363728,0.019588523335222652,-0.011039322446098065,0.0046824750534129045,-0.008313405245610639,0.00020009636219553428,0.004447048340519233,0.017830506104976385,0.017745639086638842,0.004401668126651881,-0.028391253462399013,0.009618127252348563,-0.02700388346936433,0.022300717946419635,-0.022022548732412717,0.024239864554853385,0.030633761823996908,0.001873869061237432,0.0043014982503641885,0.01700624226553904,0.015986814404526095,-0.0023435674829335174,0.02031795377686696,0.007372251815619624,0.0021684666991417245,-0.00184814046444981,0.04546015866818798,0.015184462061389237,0.0004482333888751189,0.03072414707108484,-0.06309965454008926,0.00862193758805252,0.015568599185028509,0.005354278552669012,0.010076044903763792,0.011693060099299268,0.02098752765206191,-0.06620986259282224,-0.0670194196345224,0.012337242560387818,0.026676262942945783,0.01414130614737985,-0.03627062038309281,-0.03276740114606036,0.019792937401499344,-0.0035853337307218958,0.017320626695280117,0.004962297537926208,0.012686389827578193,-0.07724437822424512,-0.21579472783102882,-0.0632069079270261,0.004370454446328109,-0.012228533032729527,-0.003141773113834234,-0.14163901869581086,0.010546504664346923,-0.00018193845294522948,0.006716679454100483,-0.0028832931579581,0.008824379829189155,0.008792253117910542,0.0014371132976624956,-0.038348115167563646,0.0,0.014628358350118775,0.01123428157649542,0.010614068561572543,-0.0070857295122634945,-0.18079940492433666,0.008624140274667402,-0.11259401826574467,0.00824204042968435,-0.002263332408148022,0.005039230554498841,0.017228124586817994,0.02027997811218052,0.008532721115230402,-0.006263043974893634,0.002022172154256152,0.0037507546509161216,0.03163745805474982,-0.08685218103117998,-0.0927091487230608,-0.19007527984869665,-0.10483562676323677,-0.025706895608831215,0.004243244729791762,0.021764855021257468,0.004280604098677143,0.006395015963279516,-0.01287547805955458,-0.002202328061923109,-0.20491803278688525,0.00820829161280967,-0.0035857315860842176,-0.18678631167122517,-0.08640671386734944,-0.08199123103670491,0.04017821269867672,0.03262363212809416,-0.03053741892753581,-0.0016516684871996645,0.026768044438655103,0.010641922354232447,-0.12597148624896104,-0.012611518575153524,0.01629487014457598,0.002044792940702811,0.03913579119805499,-0.0008563644312215013,0.003196516207114364,0.006640267625664054,0.017731441204355658,0.028797432485340613,0.002800222061919433,0.03626832827557913,-0.14505301649603342,0.019342354791306304,0.02449264637076043,-0.001325125511357328,0.016372369889969374,0.000996646845033089,,,,,,,,,,,,,,,,,,,,,,,,,,,,,,,,,,,,,,,,,,,,,,,,,,,,,,,,,,,,,,,,,,,,,,,,,,,,,,,,,,,,,,,,,,,,,,,,,,,,,,,,,,,,,,,,,,,,,,,,,,,,,,,,,,,,,,,,,,,,,,,,,,,,,,,,,,,,,,,,,,,,,,,,,,,,,,,,,,,,,,,,,,,,,,,,,,,,,,,,,,,,,,,,,,,
2015-08-31,-0.06095015319961172,-0.056638431525500965,-0.06264507901572547,-0.050097866778121336,-0.06824471198137538,-0.061437138016243176,-0.0602225825034457,-0.0631103316095385,-0.059664023850093506,-0.05192437998998012,-0.05599659452981309,-0.06046242385912126,-0.061250337376535624,-0.059377717949799846,-0.07589513003639936,-0.04892365676572963,-0.058218214738199325,-0.04616886389761432,-0.06573181334040012,-0.04519517896653091,-0.07077484921426336,-0.069010006035922,-0.05750282881938695,-0.060657391579301057,-0.06091512947874711,-0.05857171506012715,-0.04686443316295652,-0.0742512834216894,-0.052597879520588586,-0.058791521552238324,-0.05881051264742565,-0.006895382349790147,0.0007899265443263026,-0.0004952525030464949,-0.07283558894872333,-0.08836174085231396,-0.003358146719560584,-0.037211235973617085,-0.009498252104486404,-0.05843226292173631,-0.05150502446308203,-0.060324569793244964,0.03707232801234017,0.037807147581732536,-0.06232610732747634,-0.07019111345002793,-0.075937560954779,-0.05157677208919964,-0.056866367487730995,-0.05882946051092708,-0.06448945780026538,-0.049916277358486916,-0.05771948932311066,-0.13055903766413457,-0.03423990916492026,0.019243116600294874,-0.006392056326389617,-0.09033970175196127,-0.058459124607176505,-0.048805698340645964,0.002759339665828753,-0.056592563994650624,9.072382506314369e-05,-0.0004455049871829875,-0.07746372019169268,-0.0003474760853005021,-0.0024619819032026813,-0.0007620265093897238,-0.026073631409702536,0.0,-0.0723342530953327,-0.001101736388498753,-0.0023580201379311827,-0.020562974628884456,0.02006386356290979,-0.0466381195673099,-0.07191690156036457,-0.06806796435823637,-0.07441043501634814,-0.0663109476682957,-0.005337622488944538,-0.059630422792788074,-0.06898778370952952,-0.06267518951385875,-0.00930517711262313,-0.0032537346938174005,-0.01802444549027371,0.02627430278291487,-0.018440151126165816,0.01805251155964882,-0.009939479183358024,-0.046811219415919036,-0.01028743120206288,-0.06136334778359609,-0.05989239004921887,-0.054628590610174776,-0.06258854715772466,-0.0035101374646745453,0.6766635426429242,-0.05257006379111806,-0.06592222037923912,-0.03410224674579909,-0.06113030314963319,-0.048378515324243754,-0.04530251840420396,-0.05458316217258652,-0.03258552967953732,0.0027151621310594898,-0.09591244368296692,-0.0008720444145938755,-0.044090424014416985,-0.019088530426741412,-0.06902952338873114,-0.0011765279312706545,-0.03659490832520662,-0.00948281326894973,-0.0578060397515433,-0.0027547880518798973,-0.05771531820833897,-0.05413712605166898,-0.011966338914123686,-0.08192625256621089,-0.22091340893100497,-0.05806480623158128,-0.06655184866118946,-0.13856034322708877,-0.07773564881003836,-0.1376438864681,,,,,,,,,,,,,,,,,,,,,,,,,,,,,,,,,,,,,,,,,,,,,,,,,,,,,,,,,,,,,,,,,,,,,,,,,,,,,,,,,,,,,,,,,,,,,,,,,,,,,,,,,,,,,,,,,,,,,,,,,,,,,,,,,,,,,,,,,,,,,,,,,,,,,,,,,,,,,,,,,,,,,,,,,,,,,,,,,,,,,,,,,,,,,,,,,,,,,,,,,,,,,,,,,,,
2015-09-30,-0.02551572671712854,-0.031981362948483305,-0.056930650121602366,-0.052327877166282066,-0.022072887067305702,-0.024981518245791312,-0.02806672986975589,-0.04936280057501652,-0.030737775463516637,-0.03527259014480222,-0.03162859881243274,-0.028165410678667402,-0.02969815971277323,-0.028610167431357802,-0.0629385799387292,-0.03486704033005805,-0.03316771835203702,-0.03773414786338902,-0.027093877272269196,-0.03776253074185698,-0.04372878431311078,-0.04664090405623156,-0.03228572299697108,-0.03234947633859153,-0.029229477334468235,-0.03916785665000955,-0.03433156222193978,-0.04418874606286649,-0.03629046653035395,-0.05901515037093907,-0.04769762807280953,0.01966866471049955,0.01579271794199477,0.0029502571140496148,-0.051897570391060355,-0.03132393386902954,0.008113825692208865,-0.0010036484080355734,-0.00523072589987017,-0.025373342065076798,-0.0368258199059861,-0.027216114492755517,-0.01801138660144541,-0.01821491963599864,-0.021236396580982753,-0.04119918723238092,-0.05607688194682037,-0.05859847008736263,-0.0653501298495357,-0.03594614532656093,-0.012396333773925017,-0.013810594483229854,-0.02907121424745962,-0.15859715186921186,-0.015247440852604655,-0.07614852183785104,-0.00857754735684968,-0.06821259806925473,0.007135778708754259,-0.048508041320585726,-0.05998900099125448,-0.015604830032744377,0.00028131438602652103,0.010907983604151683,-0.040315772620210466,0.006076100451378075,0.008096100812063911,0.0051008153328668815,-0.08582678495732687,-0.00043714903584235465,-0.04080349123140237,0.008636605819445586,0.009116109686829077,-0.03160982018654557,-0.08001791901536137,-0.026294688629941443,-0.06747198293569179,-0.034371497887957014,-0.042891729175731585,-0.03710889188418154,0.02359843358932001,-0.02770159684574114,-0.04334153936705898,-0.047993185186860354,0.01726599909128801,0.006032902922916916,0.009200702476875211,-0.10025602223579733,0.0851430462152345,-0.10585712821564008,0.02837187354253512,-0.03130227566913102,-0.003897106334693534,-0.024655919045510455,-0.029079480801377455,-0.033186553992406,-0.048680732649186376,-0.0008051643182619417,-0.045276690888764626,-0.04088858187594102,-0.030539324907046916,0.046728970481770604,0.07493852960063196,0.005586613608986157,-0.006221053311019409,-0.021179748378390095,-0.03124250207617374,0.0037020136903815892,0.017087870023458462,0.009054133243127316,0.015891467423889027,-0.02458405317420076,-0.04260335940571669,0.0030298253731080305,0.0018111200176942344,-0.008532278233923662,-0.028662307181437807,-0.006803301676476026,-0.03730801594884825,-0.012963200452472345,0.009285044185446178,-0.03796458186820251,-0.03315646566692576,-0.016394304932463966,-0.03922482578844255,-0.15340177458695525,-0.03373141190218443,0.07730777526773802,,,,,,,,,,,,,,,,,,,,,,,,,,,,,,,,,,,,,,,,,,,,,,,,,,,,,,,,,,,,,,,,,,,,,,,,,,,,,,,,,,,,,,,,,,,,,,,,,,,,,,,,,,,,,,,,,,,,,,,,,,,,,,,,,,,,,,,,,,,,,,,,,,,,,,,,,,,,,,,,,,,,,,,,,,,,,,,,,,,,,,,,,,,,,,,,,,,,,,,,,,,,,,,,,,,
2015-10-30,0.08505938263268553,0.0555265737383952,0.0778652225310541,0.034782423862522505,0.11369860726636016,0.08479065446008915,0.0810840424496384,0.0562270981406523,0.07515005552396103,0.060805217161429725,0.05563239358020433,0.07378316911632554,0.07981389726018917,0.07960206091888522,0.05657954970628798,0.05516091939037593,0.057687519890271766,0.06565500103985022,0.05130772187345567,0.06068505042902239,0.06105491757179893,0.07309267281122755,0.0749936447688122,0.07884898424279152,0.07911214491940566,0.06285936791623348,0.06170828813076579,0.06611988087456044,0.06139118010994382,0.08979849707985776,0.05549440430168229,-0.0040881032075756885,-0.006369529365687576,-0.0014124643703807838,0.08183155686391852,0.06375830714810715,0.0006857620795686081,0.05663235907573427,0.003001330131712221,0.07648242205004108,0.05974114608206693,0.08279348627934047,0.022833636790845047,0.022263518621287615,0.08248752593221242,0.05896729871836848,0.062432730906542,0.05519741218260643,0.07335632215046717,0.09389630890083112,0.03760467724863781,0.07746682058558818,0.07622736365291671,0.07036157058200931,0.12675725006192495,0.008855593442670617,0.06705121217369747,0.09514969695123798,0.04006843906894719,0.033093349519834225,-0.0005854934968679837,0.08411813385167966,-0.0002814098423615796,-0.00479494451387763,0.06685440926579322,0.0004749997145434559,0.0002931831473200752,-0.0007840916847884349,-0.15503869856062535,-0.0002190360406815195,0.06734022074149038,0.003595107713354695,0.007299182266796933,0.028105682691965672,0.021865926365777,0.049194181581543095,-0.007266968246712691,0.07656636262148564,0.06555665248964537,0.0728620981817596,0.014249425375980174,0.08173058996257399,0.065765306819908,0.05611345653673361,0.0027829932124596723,0.0012819869348548174,0.009450266855552947,0.08081038217634195,0.035578141196965785,0.003605851892539258,-0.020373495463367974,0.04030172650375996,0.0031674696071100072,0.08451442640344986,0.07417491644549346,0.057829170862188306,0.056163894716569907,0.0,-0.26639344262295084,0.05986606169794273,0.05535434758260882,0.004960317310142015,0.08800005231584818,-0.009444448682996986,0.059862972403157855,0.054976673010089794,0.04031250610838999,-0.0019116748025668207,-0.0031500189743811635,-0.0028372858392535782,0.02899657594158689,0.018238949671409488,0.06381359856094027,-0.00013038218366645538,0.06008124806233606,0.0011977034930774622,0.07304869759651811,0.0024854638969720177,0.09061590886098436,0.08651758411823551,-0.0039997236305094885,0.06916171346810973,0.1783263863490896,0.07958759682726435,0.053794669769515524,0.03828651943183026,0.080431001301704,0.21028156636719397,0.07186556145125511,,,,,,,,,,,,,,,,,,,,,,,,,,,,,,,,,,,,,,,,,,,,,,,,,,,,,,,,,,,,,,,,,,,,,,,,,,,,,,,,,,,,,,,,,,,,,,,,,,,,,,,,,,,,,,,,,,,,,,,,,,,,,,,,,,,,,,,,,,,,,,,,,,,,,,,,,,,,,,,,,,,,,,,,,,,,,,,,,,,,,,,,,,,,,,,,,,,,,,,,,,,,,,,,,,
2015-11-30,0.0036552451638534045,0.01336062187351117,0.004870188714418688,-0.02226881837796779,0.006088566054857969,0.0039224541397919754,0.00406065642597464,0.032599045551771066,0.0044869299996734835,0.026979204413418723,0.01352210867613235,0.005652349738041629,0.005773192322199083,0.0034559828517710667,0.036877573680890396,0.029662289800352015,0.0271522603238199,0.024715832010859362,0.012292148646200651,0.014957141239966942,-0.013970990820121099,-0.007869562640638428,0.006348944554274594,0.0054174507329287636,0.0060080725519990885,0.0025487096170986323,0.00266749118357823,-0.007527190124561267,0.0033312141737420475,0.013453033362816447,0.016480743350810734,-0.008676497784578463,-0.004276657521964267,-0.0025827230678945323,-0.013653453083737777,-0.025236481793057597,-0.003890752008759546,0.0010405754883262563,-0.001441863600195048,0.005446906376967542,0.0029927192543486303,0.0034614790231946024,-0.06752062833262484,-0.06715069818995734,0.003047927538141648,-0.012481316578225266,-0.01708001582587415,0.03573370309995583,-0.04126358805663122,0.0008148438841470984,0.05479868861148951,0.0020579966869274102,0.0025774983447213184,0.08494628033472851,0.06330922746274292,-0.12694126003877415,-0.09189193194760592,0.03227630504409329,0.06584157140579494,-0.028764394287448147,-0.09138837105049213,0.002208732903692834,-0.00011804379774138507,-0.004144824083415877,-0.013192681767130954,-0.0021789967199493665,-0.003932124787443314,-0.002894296952268949,-0.11111112191272254,0.00021908402797965465,-0.007623551429910558,0.004977717193370257,0.004166340630541665,-0.025706785899195506,-0.08654310712070445,0.006783790024155412,-0.032781689501733435,-0.00533828027549621,-0.012977537305724929,-0.0008429389749865512,3.244076882680247e-07,0.004242479716485059,-0.009598727740047774,0.022744115409047527,-0.002810296308362048,-0.0017571670376400617,-0.005155664642303659,-0.1562763437959651,-0.19555216243823514,-0.11317366808252083,-0.04549390123619823,-0.01652201890591465,-0.0013000000198140071,0.00425043685312132,0.0058693045683730904,0.025541782820632575,0.031236999121549314,-0.002115456686518691,-0.0031923383878691425,0.007757328176267286,-0.010200995757572384,-0.07996057116974653,0.02626050293895954,-0.005608546376759671,-0.00214477182032502,-0.009419820391612932,-0.0201017327877282,-0.003534984666899721,-0.035814541024074775,-0.003994114037657592,-0.031887234886842974,-0.02325077936161113,-0.006052039488947281,-0.002847608752767905,-0.00043872697191904564,-0.011965516906199292,-0.006838807693514304,-0.013057460815255717,0.00236374145581264,0.004415699188711875,-0.00602401806759123,0.018264768849919344,0.04772992957700195,0.00038216889117181907,-0.00341861571862323,0.15662663342888394,-0.009209337809000906,0.32743376860442286,0.0009507512138338114,,,,,,,,,,,,,,,,,,,,,,,,,,,,,,,,,,,,,,,,,,,,,,,,,,,,,,,,,,,,,,,,,,,,,,,,,,,,,,,,,,,,,,,,,,,,,,,,,,,,,,,,,,,,,,,,,,,,,,,,,,,,,,,,,,,,,,,,,,,,,,,,,,,,,,,,,,,,,,,,,,,,,,,,,,,,,,,,,,,,,,,,,,,,,,,,,,,,,,,,,,,,,,,,,,
2015-12-31,-0.017282430840220964,-0.04197197141851017,-0.013829567441316692,-0.06350766835152066,-0.015947662381653238,-0.017328778373040143,-0.019183613935558785,-0.050304131005287744,-0.02204506295178732,-0.047355954502786846,-0.042127157748130695,-0.01794014630769969,-0.02112132426896407,-0.018541483827476113,-0.048210251100506696,-0.05423517714638326,-0.04380788651831602,-0.05082035534021545,-0.033743144328885255,-0.0506738742866466,-0.031189423412541384,-0.0394632177658818,-0.025300450742555824,-0.01783726159650001,-0.0212345047519652,-0.023421548069917253,-0.031711460516475665,-0.02331890667107861,-0.027828723838147162,-0.023991312560472933,-0.03864558418830166,-0.0029721677965095505,-0.00453062810579119,-0.0014904030624537379,-0.04275321609506566,-0.038198467209976994,-0.0019172668183149444,-0.01449242501429382,-0.01010837638961537,-0.011435732800377574,-0.026506684405224856,-0.01745243190038348,-0.004513334897339294,-0.004863831909887817,-0.021202693355425684,-0.026149881082302207,-0.02740237957977054,-0.04923760346112516,-0.07336544272432133,-0.017065789549792876,-0.06560092111829996,-0.014624006925782473,-0.021106535415579497,-0.026808759622594547,-0.03153119295512885,-0.1492652946344647,-0.01860119105694724,-0.04185854789183152,-0.07661629178088414,-0.026503191401787363,-0.08252744472962437,-0.01041185411091361,-0.00011788309210669645,-0.0028197184127881636,-0.025177175223133896,-0.0014557414287540427,-0.0017615832158869305,-0.001491508884332804,-0.005733966651803812,-0.0002190360406815195,-0.02133652107791706,0.010223287994695518,0.007278617482473937,-0.030359525277066868,-0.1140030573181624,-0.0015052092627193536,-0.03718325710633308,-0.02105772360442759,-0.02794464493373905,-0.021840291949559387,0.011330799926381196,-0.01774363220698305,-0.024188047223368425,-0.04620373322225313,-0.006989221398742251,-0.002349190105349175,-0.012954230884674955,0.07126810948590512,0.03279312394438971,-0.1735314365754117,-0.03676810476824155,-0.022575466227393592,-0.009186344155439619,-0.017382001535421243,-0.018119212219717573,-0.03903889827080642,-0.04944350497050498,-0.0014131888135991977,0.06725380304243389,-0.031802338154972465,-0.015776586941174786,-0.019313256237153076,0.02968269685418301,-0.022560610764675748,0.005044299359847182,0.005397126850112288,-0.0034601988718759857,-0.0004302326174857596,0.008866418315968572,-0.0025461529138480765,0.013787770761682916,-0.02273197514593084,-0.018297398524037778,-0.0026100208999717545,0.009413103265531353,-0.009657780421381879,-0.01870171329503245,-0.008850859639407016,-0.005828994172833002,-0.01717105865672608,0.004040318657403397,-0.03487909804589262,-0.0010718388813029112,-0.013523554388092052,-0.027549394489719603,-0.0783782279043218,-0.01628272688264465,0.3999995863642438,-0.010424066476711125,-0.02362775681211804,,,,,,,,,,,,,,,,,,,,,,,,,,,,,,,,,,,,,,,,,,,,,,,,,,,,,,,,,,,,,,,,,,,,,,,,,,,,,,,,,,,,,,,,,,,,,,,,,,,,,,,,,,,,,,,,,,,,,,,,,,,,,,,,,,,,,,,,,,,,,,,,,,,,,,,,,,,,,,,,,,,,,,,,,,,,,,,,,,,,,,,,,,,,,,,,,,,,,,,,,,,,,,,,,
2016-01-29,-0.04978651810780821,-0.05538540174559392,-0.05115479901985731,-0.027441947315947957,-0.06910393054391128,-0.05003157880448739,-0.054364096216529156,-0.08577481876853443,-0.052830763254604896,-0.06157481800350473,-0.055914246090919884,-0.049474865465502504,-0.057185226532203814,-0.05736994425910458,-0.10597357962254883,-0.06547726230470985,-0.06435549596147394,-0.05852432517494677,-0.05784018673829361,-0.05580226372183372,-0.05360226020142822,-0.05251103430174242,-0.05377155855549409,-0.051397095655728475,-0.05723893105135491,-0.07495662143354298,-0.05476267891656306,-0.055176992926834534,-0.06548881236702286,-0.05957369056875106,-0.0871124300951277,0.055730893944406334,0.033337005284652665,0.006519103333133103,-0.060993510233561476,-0.05032624708709288,0.012407036429069374,-0.009181604313762803,0.01568178433854861,-0.047595745528500544,-0.07609682194522471,-0.05368979995227985,0.05410997351969926,0.053763461910637744,-0.05960645134246301,-0.055533266031956297,-0.06749778978207122,-0.10263513143046354,-0.06627428698220861,-0.06465366278689011,-0.12596102719499236,-0.019029938580908068,-0.05090402262122007,-0.2799146300073889,-0.05174011315813276,-0.12272730740633875,0.030326048895368274,-0.05031955539211186,-0.125477077692436,-0.050878826309370906,-0.052705553346921175,-0.028165030629055954,0.0007261581283337648,0.02145003382738553,-0.05597770600012275,0.014019660398797651,0.012010872112702131,0.007918177383788194,-0.020761280691098172,0.00021908402797965465,-0.0552831625011414,0.007678006630805978,0.009470105815303942,-0.0206425775904171,-0.06698004187201667,-0.06246219277503551,-0.12884485400797763,-0.05302741930053967,-0.055541629100952616,-0.058660292117030166,0.007448241410314749,-0.05373700050781505,-0.0540639371795234,-0.0800540215028096,0.004757148205775108,0.0020262153266625837,0.022412065205934972,-0.021670728921386884,-0.11297766461929781,-0.07352938197384096,0.023562677482526162,-0.00117684559400566,0.01562186033226065,-0.04910934766575925,-0.051378008070987136,-0.07027882714822975,-0.08480211320804487,0.004953530044603749,0.19954988747186797,-0.06987752228687338,-0.06186684156197342,0.009846843663608551,-0.10934396974027549,0.005770362487591996,-0.013869035330140389,-0.021119061692532415,-0.014384867712309513,0.01029891259471083,-0.0552726966479552,0.02154880440775586,-0.04155642246526725,-0.021019444031168066,-0.05700633647414877,0.003727786909911268,-0.006884124311112072,-0.004119066516696135,-0.08676095174639165,0.0008589176693043488,-0.07563124601131532,-0.04615145474095539,-0.003219209251226207,-0.042125890862715565,-0.27858181086598444,-0.03347625681221067,-0.05965934240768411,-0.33907055102972794,-0.04358167677536662,-0.31746058069140093,-0.05059006911714348,-0.03707826726166785,,,,,,,,,,,,,,,,,,,,,,,,,,,,,,,,,,,,,,,,,,,,,,,,,,,,,,,,,,,,,,,,,,,,,,,,,,,,,,,,,,,,,,,,,,,,,,,,,,,,,,,,,,,,,,,,,,,,,,,,,,,,,,,,,,,,,,,,,,,,,,,,,,,,,,,,,,,,,,,,,,,,,,,,,,,,,,,,,,,,,,,,,,,,,,,,,,,,,,,,,,,,,,,,,
2016-02-29,-0.0008261111671693522,0.012376755000101491,-0.05304347453620317,0.034433353482956175,-0.01565370094227625,-0.0005654727300659079,0.0,-0.002234204829201447,0.0,0.010936346732204782,0.013152807273763223,0.00594182117532438,0.0,0.0010405957759169748,-0.008432410612786878,0.006052045856520971,0.0004301315341650458,0.020819099900517557,0.005736600227317146,0.02204992544624984,-0.03108554371441663,-0.04216894598773424,0.0005800450804649415,0.008242511523649743,-0.00010140740969766249,0.014348319732839565,0.006471681368297455,-0.03334534261112854,0.011222980229693258,-0.038453779588955794,0.003398864112843736,0.030859668554072073,0.01485909761659876,0.0011196004775393398,-0.04299402871397451,-0.008177798474612308,0.00887018483690194,0.02887442916525651,0.012208094579987838,0.0010305392556335669,0.013697253318271096,-0.0013557914529858106,0.10930343875618398,0.11224490427825562,0.010458061942415942,-0.03226490877123478,-0.03550038539748712,-0.016383429476235833,-0.004731836502678499,0.016140299249592927,-0.041948748351878784,0.03034514353886042,0.002912104124844328,-0.052422842806727044,0.004104578868776354,-0.0673574760855038,0.04488591978132428,-0.1248950360803065,-0.04337161008045942,0.05555545294047781,-0.020771494249230527,0.005087057736219647,0.0003536088567672735,0.0054999938070787735,-0.0244023627896105,0.003770722878931876,0.008509927502385661,0.0031706042565224912,-0.2909304896089935,0.0,-0.03084456463241203,0.00021548421484629543,-0.00024788602968450757,0.011956963647398622,-0.03274562052998953,-0.0170833012635232,-0.05884660704075795,-0.012485899674052447,-0.024592098564528597,-0.011061780638165875,0.0037423843682724556,-0.001523079987888365,-0.029535932873236637,0.006469350016825803,0.010785471139745706,0.0022894737443739377,0.02454774738542498,0.07526496914840419,-0.011238273204380533,0.0026454790623917646,-0.050184170674338224,0.016929881913430922,0.010748853132326985,-0.002081320798136055,0.007665935388899037,0.0027179354915078946,-0.0036334854182646925,0.0025149738839331803,0.029393370856785506,0.01100082052845619,0.0033189851086841138,-0.06067178676446394,0.06473213406659828,-0.01606429614131233,0.010427000054668678,-0.00535440589042302,0.0007548214409502929,0.00144771283404177,-0.07544249336970554,0.00938526173618448,-0.014584187110518787,0.010742492837175766,-0.03159132898178019,0.0036385844130271128,0.04076904264705328,0.00017463980637355547,0.018121170449111323,-0.002551439495564689,0.029178212416216764,0.006007118840700487,0.003229606028831933,-0.049733193464152614,-0.016048098821907608,0.008054714164992927,-0.030462961324281834,-0.10104171324750866,-0.018682714449572813,0.30232585092737163,0.004821115039909563,-0.02602637511669592,,,,,,,,,,,,,,,,,,,,,,,,,,,,,,,,,,,,,,,,,,,,,,,,,,,,,,,,,,,,,,,,,,,,,,,,,,,,,,,,,,,,,,,,,,,,,,,,,,,,,,,,,,,,,,,,,,,,,,,,,,,,,,,,,,,,,,,,,,,,,,,,,,,,,,,,,,,,,,,,,,,,,,,,,,,,,,,,,,,,,,,,,,,,,,,,,,,,,,,,,,,,,,,,,
2016-03-31,0.06726609401366224,0.08483364452180275,0.04775008478490794,0.09616268968834962,0.06852595694407437,0.062413706105515,0.0698927222139325,0.08013464356532718,0.07261015464183251,0.08172121047633363,0.08602721348902498,0.068818701628091,0.07061195247149854,0.07055648337273968,0.07614728635761936,0.08262056864845913,0.07124503930790071,0.09407611295506069,0.06875548518994568,0.10135746710416593,0.0633498916868267,0.08144667213594525,0.07436940615784926,0.06960077209482352,0.07109840516534494,0.06852118140534391,0.09202024535744413,0.0658212678097887,0.08131700606090297,0.047147959327911604,0.0827256487109016,-0.0009330373572927764,-0.0006606655987800858,0.0013775373609616892,0.07606025110937242,0.12961754931600922,0.008746988012577228,0.07435490018138902,0.016672666906676348,0.06698707944624638,0.08026262871327128,0.0692005920932588,-0.008428860461434318,-0.009174283467645816,0.07896825273049157,0.07027042768805236,0.07218010955380505,0.07036871554801394,0.09926617560573625,0.06049098500685113,0.07683755852162233,0.08113327624700983,0.07054971403172638,0.0797888122738617,0.07219740913612305,0.07777775658501529,0.03380285227873436,0.05021622915541646,0.07812334295215284,0.06957236987700965,0.04469698190251248,0.06635528068259489,0.0003627309716505156,0.002412017832092328,0.08302971482243438,0.0004568976778962508,0.008831477007470223,0.004472004513751404,0.10631227051716641,0.0,0.0719095497723341,0.004416385699880454,0.0031642989136233535,0.03035419121797278,0.06184894729813073,0.08190296656965335,0.0654439228763295,0.07394632143692226,0.0819402148867947,0.07972483906327543,0.011033030573431413,0.06428421128014516,0.07154160315793257,0.08387453477245188,0.023331485364030735,0.01194936603267216,0.026712735660247677,0.04153283733257229,0.14270679512532114,0.078276196330761,-0.024721199334951982,0.08668970986249724,0.018151424093379775,0.06873363287185819,0.0703644603743021,0.0721296805367675,0.08024233291537741,0.010234354372980592,-0.29040097205346294,0.08241573727357676,0.10213453365309788,0.038062320275833894,0.10587004537950295,0.05072891303702298,0.05931693942021554,0.05193144882470091,0.09253202797215865,0.002730300125629359,0.12905901189195412,-0.00038752136490982636,0.06000000000000005,0.02545769559063804,0.07007669349505474,0.00771135197535755,0.08442944249947737,0.018627954148420445,0.06013453119091383,0.025599760847533348,0.045970353606827885,0.05907049983826207,0.0,0.03243937668952479,0.1800883553790702,0.054735009738490215,0.06673590309169652,0.10370800937486546,0.06589554289145116,-0.028571581744715746,0.05984835346377371,0.0684208687182648,,,,,,,,,,,,,,,,,,,,,,,,,,,,,,,,,,,,,,,,,,,,,,,,,,,,,,,,,,,,,,,,,,,,,,,,,,,,,,,,,,,,,,,,,,,,,,,,,,,,,,,,,,,,,,,,,,,,,,,,,,,,,,,,,,,,,,,,,,,,,,,,,,,,,,,,,,,,,,,,,,,,,,,,,,,,,,,,,,,,,,,,,,,,,,,,,,,,,,,,,,,,,,,,,
2016-04-29,0.003940883937288309,0.011913889929903165,0.0008762793292746984,0.07127796593808666,-0.03186809746705155,0.0039193511829955785,0.00525980542940796,0.01672208912321871,0.02105083454552248,0.011992229978462943,0.011374179987768018,0.01990418634031621,0.0023167048153813763,0.004974984221843615,0.011009921161673208,0.021356630702310753,0.0029791904347316045,0.02126721684430266,0.006026499726707213,0.01701039724840503,0.03068249219881425,0.02558889921558971,0.020428892253774533,0.020100832832434135,0.006582803669130666,-0.0013020106238977869,0.021006677935540896,0.02221835100983771,0.01018993892076936,-0.0026129125795404384,0.016062624232206613,-0.007365188487298058,-0.0015616195552968781,0.00036500023082353117,0.026181322907963045,0.004087325984145407,0.0025492573069265667,0.00453060209681122,0.002093918139549622,0.015171893754825083,0.005196508470444616,0.004361241450019593,0.051088083708025867,0.050505001853162534,-0.00023539974386854734,0.02761759514339679,0.032322629850194184,0.03253834437614023,0.05627735417845936,-0.002387789344189928,0.06848868628148552,0.00950808260071545,0.023028986275237084,0.0439410448632358,-0.04894483092780688,0.16494849617846974,0.1566756940903895,-0.05971181940163972,0.07199783110359803,-0.04287603699324194,0.10369835454180998,0.007242551006539033,0.0005432887316247914,-0.0013911428126560654,0.021089334582708785,0.0010890420788498556,0.004029863584882776,0.00094414061880288,0.04054053860548179,0.00043734021869723527,0.023132371464642754,0.0066577147896531574,0.008639648704879432,0.03622372600218071,0.12446356548842563,0.011847400236822736,0.09702666280918582,0.013378554966047673,0.025329206200300103,0.010053622944317997,0.01425179612937999,0.00429980060671542,0.023607539376720554,0.01921606360000605,0.009837564925503806,0.003754604945684026,0.011172624925767982,0.10219049978556516,0.1079388425811989,0.18270797139474948,0.09045723752035206,0.02332847337153754,0.0023413447261788622,0.0034998144510225426,0.01960555251500673,0.0015957729971383117,0.015443426973361207,0.0,-0.049657534246575374,0.01453539040353502,0.032438836872362486,0.021111128065321116,0.05402840611555626,0.08324084139263976,-0.0036420467994675576,0.011740050741744446,0.015190080216436641,-0.0008207523823011709,-0.0022125385021793953,-0.0034877396993979737,0.06943396802218449,0.03485884345361834,0.01994742892192325,0.0029814057877788347,-0.0005385440605596425,0.010292849359904821,0.007498052192864035,0.013060596529191448,0.002481411415600654,-0.0039622851418993354,0.000804656488868627,0.0037705947872670453,-0.03973530865929298,0.01212032458615031,0.03213257487108545,0.03779533966604598,0.017029566755518477,0.318014218934326,-0.006909553632966636,0.016886010964920706,0.018357205257366838,0.013678125896185778,,,,,,,,,,,,,,,,,,,,,,,,,,,,,,,,,,,,,,,,,,,,,,,,,,,,,,,,,,,,,,,,,,,,,,,,,,,,,,,,,,,,,,,,,,,,,,,,,,,,,,,,,,,,,,,,,,,,,,,,,,,,,,,,,,,,,,,,,,,,,,,,,,,,,,,,,,,,,,,,,,,,,,,,,,,,,,,,,,,,,,,,,,,,,,,,,,,,,,,,,,,,,,,
2016-05-31,0.01701167055877284,0.022456137742299376,0.032399494801255146,-0.036220568164534006,0.043700472283709546,0.01691912627851666,0.016656343667005302,0.022404352440807296,0.014669518776420754,0.01606387720789204,0.023246255327359133,0.009158608232973098,0.02129747686596728,0.017957612757659946,0.027672136327319796,0.017862598356427783,0.027855558548465442,0.0044066828373434674,0.033376487194833215,0.013713930569380528,-0.008434914137132155,-0.03629160194781955,0.015452450680570662,0.008645695735616021,0.017344337915446095,0.01694926650496531,0.016983933991548072,-0.0008557585275943413,0.016830297720560772,0.030632920866086266,0.01878023876886381,0.00805439809986308,-0.0009923655155279487,-0.001188446252880615,-0.0061586640889034205,-0.03692932442283903,0.00013567747810205866,0.010482778514091962,-0.006441752578919879,0.010640740256596226,0.01838192010245332,0.01715748790352145,-0.06138296703293311,-0.06089738005481793,0.022327036491007535,-0.005013882602534547,-0.010796931018272837,0.014116458270474919,-0.02390731110060962,0.021331989942693586,0.030508485839766175,0.013756069440152396,0.005655812982567676,0.0763956598304496,0.07247368639364726,0.050442450017972096,-0.10541813958242763,0.06788304193176153,0.0322183750154712,-0.04275973296344915,0.01314059170540216,0.013948541289523497,-7.173095331836077e-05,-0.0021677315488453086,-0.007943645471771621,0.001189826426918561,-7.28975948490751e-05,-0.0020616269159163814,-0.00577200041036896,0.0,-0.002996270597855233,0.0027672939140841457,0.0025661039242752537,0.008353371844995294,0.050163580623750814,0.017662405074503118,-0.0021398491915808338,0.003344472020966105,-0.012104639534954331,0.0065215242246496885,0.009348683530105317,0.01753301221518644,-0.0036037901139069906,0.01923060507275043,0.0005035931296948348,-0.0006618161711429149,0.001584325567410172,-0.09223341972987964,-0.12452204307643133,0.03724137667951921,0.009115717899840448,-0.05254260799344135,-0.007905202555644086,0.017545790217850632,0.009274664088647633,0.026614152869106178,0.022868487869089904,-0.0009929267194360714,-0.19099099099099104,0.023555236883891828,0.0010191320518833091,-0.05005438952931618,0.03417267251363931,0.028176189762423753,0.015763929881763783,-0.0031239770471059858,-0.03854010597978852,0.00026279039164656126,0.021064340225765976,0.0011683009912930586,0.00564572500178695,0.013808240880718081,0.0012913358075050674,-0.0005062471664333268,-0.0026490271409096433,0.010356671498078951,0.014722594151503232,0.004803963132351097,0.017372620741041844,0.010710137835813427,0.000200783824303441,0.029215545353430405,-0.0005995659003531495,0.01609314404400597,-0.004481347869770391,0.05918064817584945,-0.0007787876035565411,0.08926116702512998,0.014875653133581412,-0.0016202455477598576,-0.0033522917229865667,0.007496048545905465,,,,,,,,,,,,,,,,,,,,,,,,,,,,,,,,,,,,,,,,,,,,,,,,,,,,,,,,,,,,,,,,,,,,,,,,,,,,,,,,,,,,,,,,,,,,,,,,,,,,,,,,,,,,,,,,,,,,,,,,,,,,,,,,,,,,,,,,,,,,,,,,,,,,,,,,,,,,,,,,,,,,,,,,,,,,,,,,,,,,,,,,,,,,,,,,,,,,,,,,,,,,,,,
2016-06-30,0.0034760092036842938,0.004666875744536947,-0.016912875696197927,0.009156286300215033,-0.022780276361319407,0.002535619238761111,0.0026592139714436414,-0.000173981429699821,0.008400676450766698,0.0070550800568849326,0.0052109800601845,0.009483440287643141,0.0024248402203113084,0.0020583604019348556,-0.004354868475238027,0.0043361537901489555,0.0052628543092876345,0.008326870812731313,0.0027753963584022934,0.005380684709312522,-0.03240179088813977,-0.026972886025492526,0.00652159478608727,0.00711578139570368,0.002734447859264577,-0.00021366324237104273,0.008689947950470955,-0.02419386970209303,0.005079195241733947,-0.010911622639179441,-0.0008344937917380557,0.06934185135516846,0.03087637435622459,0.00602564155122165,-0.0560632422600309,0.04559120937313055,0.01935214989616396,0.037017385136968395,0.02248838126187258,0.011254100181535165,2.5225977913878594e-05,0.0024986124554855493,0.08969501879279118,0.0887371960885357,-0.0023506064352472045,-0.040748828623305644,-0.04025176602124958,-0.0056242753669561996,0.00143284105160979,0.0032772394885731693,-0.08418402716201445,0.03224909554262223,0.0030141358237913973,-0.06760760425749168,-0.020898232476185274,-0.025273815806842626,0.175773607881883,-0.10664586932047682,-0.07322778462298152,-0.0046142986642073724,0.006485109012642765,0.02179251155974926,0.0010055256843999327,0.01814849087928283,-0.007324983039602051,0.007392342385481365,0.02019823954505573,0.010067767220482304,0.2539913658561197,-0.0002184177587641889,-0.02059662072771795,0.016099609661732517,0.016255806936290584,0.018462504478122144,0.004672905063257904,-0.04625307823451408,-0.07147962947536735,-0.0004969751026898672,-0.007840366960851997,-0.0018516941110475749,0.018433370390022796,0.0020859256111995794,-0.01952966759018404,0.002137454062667077,0.02613231317085174,0.012322555610113861,0.05920953094417092,0.05133380606548599,0.09399931290533647,-0.01063828775385156,-0.0740740485483129,0.0611258326337063,0.02281759487310686,0.003222925597510029,0.008160449754871735,0.0012876058132271773,2.0949340702403063e-05,0.009345736179161124,0.020044543429844186,-0.000996118586011896,0.015171327899229148,-0.05498285090450705,0.12695652505625854,0.06327854893247387,0.04488542970415299,0.00568915786445201,0.05847665465486718,0.00938314144078789,0.016683187013032397,0.021886642930621036,0.0017543591951068027,0.015157498291950455,-0.025987313755551744,0.010044983874559321,0.03990786227004994,-0.0023047930508357517,-0.012055804690258798,-0.004381923997216486,0.0025489045154183376,0.004839749540684224,0.0014071469936884906,-0.02757525615562073,0.02340238708122544,0.010779320158578853,-0.04285635578417246,-0.14040122363841945,-0.01822129777901549,0.5307305425535096,0.007727796120336805,-0.019718048533331478,-0.041333709642685124,-0.008785243423593991,0.013544100828423389,,,,,,,,,,,,,,,,,,,,,,,,,,,,,,,,,,,,,,,,,,,,,,,,,,,,,,,,,,,,,,,,,,,,,,,,,,,,,,,,,,,,,,,,,,,,,,,,,,,,,,,,,,,,,,,,,,,,,,,,,,,,,,,,,,,,,,,,,,,,,,,,,,,,,,,,,,,,,,,,,,,,,,,,,,,,,,,,,,,,,,,,,,,,,,,,,,,,,,,,,,,,,,
2016-07-29,0.03647137676753642,0.04242696808400548,0.04869559867638307,0.029784095669423527,0.07150803177249432,0.03738734174952629,0.03798280149239375,0.058748853569946746,0.028961178240896945,0.04990970326664712,0.04143518188344819,0.026587930151161787,0.03922989039802527,0.038994605714923525,0.06413475868828877,0.053632764733821725,0.04898391335287844,0.05058619398790576,0.044704609486333036,0.03959447125585713,0.030696305209951147,0.048342277021694136,0.033743367707825156,0.02798517842851833,0.039753822745247414,0.04893994814600555,0.041459220031949684,0.03977059814266126,0.04434425503211736,0.04462133881253072,0.05326613576028749,0.021024733230741832,0.00246482684121907,-0.00047016386791221,0.04491450026764898,0.05384172637208651,0.005443563894133474,0.02005159870228157,0.0063880183669908774,0.02812094386154307,0.04570118377482957,0.03776734582533936,0.01984656031160892,0.020376193120540398,0.042442703509602664,0.03471938951290876,0.041220376181315244,0.050819415535678036,0.013494260862042973,0.03950203499742333,0.04429113704358145,0.028240999758917695,0.032037027646205196,0.14774392013698256,0.12460578056235994,-0.15643902451890968,0.08342663606934964,0.050283731457793523,0.04427069690261387,0.07459503278772073,-0.10051548798997167,0.02350947154484495,1.8199008685160223e-05,0.0005819899803187756,0.042473266131765275,0.00308834700000693,0.005990815237460367,0.0017290839197288133,-0.010416683913380353,0.0004373490667499702,0.04157238766688143,-0.00042281431011703674,-0.0011293870560014074,0.01568899448683081,-0.126098216328422,0.05180272119154816,-0.13048496725864955,0.0377023435168633,0.04158116724510608,0.041501712885632536,0.0038181197533202482,0.03797456887856776,0.04057536395208139,0.052193169039746135,0.009970063952264185,0.0029000765180815513,0.01252693291877649,0.11322279246863398,0.1839958191289912,-0.13776882896293496,-0.07609753492401872,0.006968786006982697,0.007259443351007366,0.036836402627711706,0.027271326970165433,0.05508872194638337,0.05989338430836244,-0.0009856364292376574,-0.2620087336244541,0.042132891948955864,0.04644967271058187,-0.054545454545454564,-0.025462957001135766,-0.10590441484171065,0.014715261665313673,0.02138866894545477,0.010247319727572979,-0.00019604731202371717,0.05838104671427069,0.0045781062773300185,-0.07845883821287236,0.010424778189172867,0.04181942980091691,0.002623437796861916,0.0464246021151975,0.010864469257344966,0.045270269346412206,0.01613944203832518,0.028703667595818105,0.030454653461783332,0.003816137970228617,0.03410577848737706,0.004104270842411495,0.0297028535478554,0.0336797257850705,0.10555552795209366,0.03410189002639341,-0.20535339571806288,0.036749091664071365,0.03926477461173472,0.043940847188304044,0.020793932274576266,0.00321851731792,,,,,,,,,,,,,,,,,,,,,,,,,,,,,,,,,,,,,,,,,,,,,,,,,,,,,,,,,,,,,,,,,,,,,,,,,,,,,,,,,,,,,,,,,,,,,,,,,,,,,,,,,,,,,,,,,,,,,,,,,,,,,,,,,,,,,,,,,,,,,,,,,,,,,,,,,,,,,,,,,,,,,,,,,,,,,,,,,,,,,,,,,,,,,,,,,,,,,,,,,,,,,,
2016-08-31,0.0011973002661089804,0.004581229474510895,0.01824195198351819,0.002772923272294836,0.010500755025806718,0.0012818172148862939,0.0010776303176569524,0.017840895248092625,0.007672037541813115,0.014015038854350959,0.004949109345784519,0.005662319374161839,0.0017938694573325087,0.0008279911465007839,0.010860408831401491,0.024244328954539096,0.01573866532629209,0.011324686684203611,0.006395805197767723,0.004281530200563655,0.004877692518751253,0.011232481035292396,0.008481677833402923,0.005716067520836976,0.0020640600611863125,-0.0033703039785564215,-0.0019499642010732954,0.005341135159328658,-0.002515635822970763,0.010678853266152144,0.008447258813688352,-0.010134426821178488,-0.010114297862256594,-0.0023363888710142833,0.008597043006489447,0.008837015149721683,-0.0021537610400188534,-0.01011587105243228,-0.003426841051823226,0.006752109325404376,0.0010829112917694061,0.0017091582267187988,-0.03256316550912575,-0.03225806924173369,0.012092393943750057,0.006835305156582372,0.0205770054516885,0.027706276628039372,0.018219746171860063,0.0006872344886612591,0.07288742528074033,-0.0073005230191840464,0.0055662110859853176,-0.03189940738015895,0.030655102453446714,0.06147534976688718,-0.08423777963726464,0.06064311228605246,0.07281803748275695,-0.013750469771464435,0.020057287407311275,-0.0030074861598089475,1.7415002373510902e-07,-0.007196386792909681,0.006940046971975811,-0.00015493223149432023,-0.0031368468190223764,-0.002703651343807234,-0.011695950788175535,0.0,0.004072551174999273,0.001251862643842916,0.0019963816377654986,0.018621174998497247,0.04730923975631951,0.0017731541421650565,0.06285967537416193,0.0034275058861943375,0.007146172587038757,0.0034723744812019675,0.005087784620248836,0.0019358713628980784,0.00602628126708038,0.010202099489189376,-0.001936850250131683,-0.0009532517114453354,0.0034075529939676663,-0.08545223188973616,-0.05116551415292647,0.07482463319217758,-0.06494199656294575,-0.006043556825273466,-0.004218523579393452,0.0012048872952994394,0.005766953766544347,0.018096938956809083,0.016130917602505512,-0.0034238406007410793,-0.10946745562130178,-0.0027410858241149194,-0.0027405815057706118,-0.09615384615384615,0.05304830326389931,-0.048218033541545524,-0.01962042624493454,-0.018728575096554345,-0.0017639943552180126,-0.0037898737262319626,0.0003383045649660854,-0.007223982679838925,-0.0022804814580118515,0.018813568804382452,0.003884436372260547,-0.002443863248535516,-0.015750629002204697,0.005667266923115477,0.012418336562013188,0.0037281543117266835,0.0007861604362255914,-0.0022055899096183884,-0.0030017702425541026,0.014414768136040035,0.026861264039942823,-0.0014246384267501133,0.004409548133796681,0.006030160891511871,-0.005202606189199321,-0.13684216048359743,-0.004317110516827705,-0.004019502311403911,-0.003802634196747978,0.016296229999164913,0.004123140858910634,,,,,,,,,,,,,,,,,,,,,,,,,,,,,,,,,,,,,,,,,,,,,,,,,,,,,,,,,,,,,,,,,,,,,,,,,,,,,,,,,,,,,,,,,,,,,,,,,,,,,,,,,,,,,,,,,,,,,,,,,,,,,,,,,,,,,,,,,,,,,,,,,,,,,,,,,,,,,,,,,,,,,,,,,,,,,,,,,,,,,,,,,,,,,,,,,,,,,,,,,,,,,,
2016-09-30,5.8095869556629154e-05,-0.005889402827551127,0.0211727281040357,0.01501418032179136,0.02213536994671439,6.68464792836776e-05,0.001106991232102894,0.010738130558578751,-0.0023228417763713205,0.006320523005323375,-0.005947162079899648,-0.003771836269645057,0.001841567286037682,0.001964506500988561,0.014181395973563049,0.00722083612448321,0.004286469847414542,0.008652066322789587,-0.01406214599632638,-0.0001617028955364086,0.006131845375013212,0.008184780119293134,-0.0007376629694832992,-0.0023451609965873255,0.001990982234232108,-1.4399781722573834e-05,0.003789942167808036,0.013367479552908845,0.0023780094965726306,0.0250943202412226,0.009363744762712845,-0.015084616179417476,0.0023744774313159134,0.0012950695467588424,0.001373890090173413,0.025184875942955598,0.000516598841810767,0.003117518287638399,0.007506633265615292,-0.00468820801426284,0.004158763776227703,0.000779232170392552,0.006892135107908315,0.007142793348318577,0.00030355153375105637,0.007886357301175373,0.011615270755404028,0.028222170673783298,0.024478050809249474,0.005442382661243306,-0.018204918621106292,-0.009321885740660951,0.0016547686166108466,0.10370542444647723,0.03496412292906936,0.055019369438989996,0.02708811897205954,-0.005556841941519841,-0.012915404572235056,-0.01741271636702535,0.04073033237559609,-0.004074952694540945,0.0006617699752000661,0.0034337194161131457,0.015689363126093925,0.0030526564257316036,0.0011422017975140086,0.0018726115465403925,-0.010650905872117145,0.0002186834213204758,0.01637851848584404,-0.00562655434567505,-0.0060586953243869646,0.010068357174364717,0.05194805894149135,0.030678286736778082,0.14952103783278803,0.009393895959254106,0.014925791976233338,0.007785225210121149,-0.0013006536077677655,0.0008616716664338053,0.014446937825288497,0.005366134050680538,0.001867514690317762,-0.0002481933348220666,-0.009399326741454384,-0.018965344341196233,0.07231148428971901,0.05148658739021239,0.054771387399651594,0.021960579435592598,0.007590148863031665,0.00028996532325087365,-0.0036160664805134912,0.006096502530500203,0.011054343333490646,0.007373799473192388,-0.05880402726588452,-1.0792911094403834e-05,0.0056681103655567,0.019858177672041233,0.08872175447963415,0.017621128717675738,-0.006473340103126057,0.01653130824465321,0.013695524836229156,0.0027239475411766634,-0.005074363689360206,-3.913551749845645e-05,0.01790473574683782,0.011727739895366573,0.01603099325997137,0.0023351582845054786,-0.003570914035778139,0.005380065232524434,0.006511006380965689,0.005177184565547277,0.0015502370200934923,-0.0010217116667770032,0.0022079581653704494,0.007308516992377445,-0.01364778754428786,-0.008729715358199552,0.009024197671989365,0.13136871026156194,0.01856051459624153,0.09756125779115576,-0.0017306106293021317,0.01779353566810138,0.012468696729816875,0.043783898363662255,-0.009421315128005814,0.013552043922383517,,,,,,,,,,,,,,,,,,,,,,,,,,,,,,,,,,,,,,,,,,,,,,,,,,,,,,,,,,,,,,,,,,,,,,,,,,,,,,,,,,,,,,,,,,,,,,,,,,,,,,,,,,,,,,,,,,,,,,,,,,,,,,,,,,,,,,,,,,,,,,,,,,,,,,,,,,,,,,,,,,,,,,,,,,,,,,,,,,,,,,,,,,,,,,,,,,,,,,,,,,,,,
2016-10-31,-0.01733702521436753,-0.026569979518725084,0.0071771060866718805,-0.013234690794411086,-0.014571890937790988,-0.017788164761586622,-0.019840410147639598,-0.045970319938262505,-0.01495909288175068,-0.044140386286667166,-0.02675967632752274,-0.015058532313926398,-0.02168640164788138,-0.0207315362950401,-0.06064515761532063,-0.03121707143394392,-0.051998122604205665,-0.037416939730091525,-0.033251307872722236,-0.021127907753501485,-0.03174228880074359,-0.010147862732340474,-0.017787398496466267,-0.01603055315865476,-0.021916358472300668,-0.0409778741254504,-0.0240980117952454,-0.022154353658908388,-0.03172326569059747,0.011043419803103749,-0.038347642806417004,-0.04380601665995809,-0.014946490226876996,-0.0004810245149329262,-0.005800076520383057,-0.008277649016039557,-0.008172054384454674,-0.019138975238673916,-0.005407615207358885,-0.010919152687735356,-0.030670639473535877,-0.018152599788323287,-0.02944919584699579,-0.029156808336782136,-0.029463674094370784,-0.03529684572717673,0.0012997229432265556,-0.055249614466110764,-0.029870999673726417,-0.022852021245477916,0.038646085293952526,-0.0347320236597749,-0.01965787508040029,-0.15296409342180317,-0.0413922212057668,-0.036596574660219705,-0.06758249439690167,0.0522021816645879,0.035959637362861674,-0.03031026194939279,-0.017543811104012486,-0.012752555566282964,0.0003894029152398115,-0.006249554508257926,-0.016949141150086944,-0.002747316636686481,-0.009395567690028805,-0.002639251519164554,-0.03349279240072123,0.00021926237171476792,-0.02405744175855129,-0.009640287032673833,-0.011327272439379588,-0.007499953482314026,-0.029522236276789737,-0.028811230868331594,-0.02028983544211682,-0.01912019955889732,-0.017598952837565407,-0.01972075187980349,-0.015557089550975789,-0.018597279290286206,-0.022230040660320416,-0.042397974187149856,-0.008807567832130658,-0.0011194582432451083,-0.02907656296020711,-0.04797570562969966,-0.14365997250971962,-0.04344828375454601,0.040685236427499216,-0.012521056097348326,-0.0060015706351063125,-0.017917530493002043,-0.01540460565555124,-0.05618168430172987,-0.04599294315349045,0.0,0.0031769306489353166,-0.03170945899417188,-0.04257821722578237,0.020862308319424816,-0.028314907484367824,0.05086583102500786,-0.027514923136402802,-0.04952693715805778,-0.01895836022342179,-0.002849467816537943,-0.01258068912396404,-0.01082446456025632,-0.013098745625572228,-0.0026127141304046475,-0.023576122890203832,-0.0013840243423003384,-0.027833999652904673,0.004010645376892663,-0.011948579035346851,0.0014425501043191513,-0.0117474889634136,-0.020447419092014862,0.0018430182762514402,0.00846454335932223,-0.005189038241887212,-0.014482378591183176,-0.03287386255163072,-0.1989844617452453,-0.04640559467904648,0.19888828051816287,-0.021344900812759193,-0.025875672863642563,-0.03721613084864228,-0.0038474220024302674,-0.009465341640989111,-0.025809430363737063,-9.9860760908288e-05,,,,,,,,,,,,,,,,,,,,,,,,,,,,,,,,,,,,,,,,,,,,,,,,,,,,,,,,,,,,,,,,,,,,,,,,,,,,,,,,,,,,,,,,,,,,,,,,,,,,,,,,,,,,,,,,,,,,,,,,,,,,,,,,,,,,,,,,,,,,,,,,,,,,,,,,,,,,,,,,,,,,,,,,,,,,,,,,,,,,,,,,,,,,,,,,,,,,,,,,,,,,
2016-11-30,0.036838367118307014,0.07882960840079001,-0.012470226721008837,0.02603525086761338,0.004359109475691847,0.03668865768805474,0.040399646355067764,0.11063297909405767,0.05642043981426914,0.12522134181531497,0.07936502579325921,0.06297405112108989,0.045769983752399046,0.04149421884742921,0.08893983690157303,0.13165135417921348,0.11831675389685103,0.13342774062430562,0.05766014819380083,0.10000769758044559,-0.024914478778995774,-0.03983606323877209,0.0636043123994463,0.0629939616567814,0.04490749648692827,0.04358528863280542,0.06246694726186086,-0.017814182624913744,0.05314265407165997,-0.017294595387852496,0.07895599525194186,-0.08213717806576748,-0.0422737299307856,-0.004700439928247535,-0.0365363462405649,-0.044157268929608806,-0.025654507003074145,0.037834709341818096,-0.020714930912668295,0.059964626929890796,0.04694352409968783,0.03707887894916895,-0.08356570639157301,-0.08360387650041146,0.029678225739805608,-0.02339916875446657,-0.005841500684678591,0.11587520375070293,0.0020992909106540836,0.04416322632977465,0.1869043607844907,0.0462972296688009,0.07083643740981849,0.11611743582957157,0.07831171162345374,0.03798675995708911,-0.0771950217411902,0.08970116630828318,0.19684825948284357,0.0824060027172786,0.024725250432837687,0.042263195267705944,-0.0006706430901841642,-0.021874927303776825,-0.02127163503943097,-0.018810304177449777,-0.025738016047039625,-0.010071794053588046,0.04331687930377992,-0.00043780198755005717,-0.01506452509243894,-0.0410022890882934,-0.03683099726074057,0.0012747173333997885,0.044800855606217826,-0.025343719330685133,0.03809166954226728,0.010349999295164114,-0.020368581542643538,0.011903156879808252,-0.08814099128416486,0.0377023084836845,-0.01527536528975848,0.09653443247543736,-0.02984481529511185,-0.009515822391260587,-0.05941301725014225,-0.07038057546122811,0.24112403270575045,0.04109586874745985,-0.036008268709308844,-0.07320217074285862,-0.02001023786152445,0.03725680734629777,0.06358200064056452,0.11851306083608093,0.11042061511367418,-0.005143782451167533,-0.1822660664518625,0.062410926309860004,0.005954895054406384,-0.06675751258876061,-0.08173416087232122,0.016477842099230644,0.0061113180466978445,-0.03530877323833026,-0.0639716575373126,-0.010750401406293797,-0.07265851279929392,-0.02917502410751238,-0.02844140978881382,0.004973676448378095,-0.01820252463951344,-0.009084319095809312,0.025513641274884424,0.0017177850885363721,0.07085227222790946,-0.0006141608560475964,0.021762245871031594,0.030101494354046965,-0.0020402776283171553,0.016386820041384365,0.0049262244658312415,0.048126680841561464,-0.02124451431402896,0.0933141398398123,-0.015141778776787462,-0.0871173994066613,0.028846308249807828,-0.02206791105547945,-0.03145882836393876,-0.026053413568558836,-0.05427442255867232,-0.01576575382674983,0.0002701594497189763,0.1272440956506442,,,,,,,,,,,,,,,,,,,,,,,,,,,,,,,,,,,,,,,,,,,,,,,,,,,,,,,,,,,,,,,,,,,,,,,,,,,,,,,,,,,,,,,,,,,,,,,,,,,,,,,,,,,,,,,,,,,,,,,,,,,,,,,,,,,,,,,,,,,,,,,,,,,,,,,,,,,,,,,,,,,,,,,,,,,,,,,,,,,,,,,,,,,,,,,,,,,,,,,,,,,
2016-12-30,0.020271848975630835,0.021786233019374324,-0.00923034379191412,0.015430000514068842,0.01132253082017387,0.02143386961675353,0.01865693898863041,0.028844619419985618,0.02626058757984251,0.033857945240640897,0.022173048930348438,0.0258992733392982,0.019051487773676712,0.017642916367606398,0.01405631650743322,0.04202834734425176,0.03532298774334364,0.0319927088467864,0.023818124948715713,0.01891627302447496,0.0517370226521936,0.062418841065745134,0.02614909753214345,0.02367110831381014,0.01986667400726616,0.003392946935261376,0.01755336863277579,0.027062797410783768,0.01201781375389821,-0.004721979250740915,0.01830842911667263,-0.004626058324110005,-0.0011838672723393229,0.000723463764887633,0.06966329332260202,-0.002526899691748352,0.0025409989166573776,0.02325535077043961,-0.00040603199524813505,0.02728442081941007,0.006925921074064423,0.019657786192589732,-0.019149882681417818,-0.018600534885432007,0.017037397868832516,0.049213083831512794,0.03871579965661409,0.04757659688638549,0.01876652371696763,0.017023379263365834,0.06083198551734603,0.020280276286520627,0.022264088391420245,-0.0552543565263135,0.023402771902015562,0.07227812806912115,-0.03512134074674045,0.016746799467783013,0.06431128802001229,-0.032782319064092236,0.05026809625769757,0.02966682110964225,0.0007890349471542102,0.00021778255132609559,0.019375848354846514,-0.0011967380141580941,0.003298515006149305,0.0006952730507641114,0.10794778344828715,0.0002186834213204758,0.024485485212112357,0.017210533557441288,0.010517810780604098,0.01917886465909513,0.07993648902441497,0.019571930500356105,0.11578197489611175,0.019623061883041304,0.018554618848926063,0.01813782116631968,0.04134069699573173,0.019843851119683897,0.02431862245408767,0.023323310323603685,0.005912379733319151,0.0031364791428167837,0.010139877021987154,-0.01177957865353274,-0.11591648962513912,0.08587262886607139,-0.0016008904488752362,0.02537740246570097,-0.00011614051854735852,0.020720509261427766,0.024543820677777495,0.03386637906188339,0.028252506934809407,0.0032079061279253196,-0.08519788430712294,0.014198864489820329,0.030169195847032926,0.0043796065950045815,0.006191944522728088,-0.03242144868637886,0.024328681224815796,0.010024243720298198,0.0168486062883324,0.0002683100226967827,-0.0016840294098826591,-0.0003166811963333238,0.0023418994526533954,0.017188895292081563,0.025838763159663714,0.003452555368765653,0.022844621493382178,0.01195784252763632,0.020790132070257705,0.010067001824701993,0.01582415868777476,0.019951616151780982,0.0032909437394554875,0.0371792192161553,-0.06891584461919387,0.018227628090905723,0.048159858945661105,-0.07188952844974861,0.016787133834258894,0.23502497247581045,0.01630440002593292,0.023133024866750507,0.04541981761345726,-0.004919163206317578,-0.003380383570934953,0.023675308284272,0.0005197438398509835,0.008920309332462573,0.005704817799871975,,,,,,,,,,,,,,,,,,,,,,,,,,,,,,,,,,,,,,,,,,,,,,,,,,,,,,,,,,,,,,,,,,,,,,,,,,,,,,,,,,,,,,,,,,,,,,,,,,,,,,,,,,,,,,,,,,,,,,,,,,,,,,,,,,,,,,,,,,,,,,,,,,,,,,,,,,,,,,,,,,,,,,,,,,,,,,,,,,,,,,,,,,,,,,,,,,,,,,,,,,
2017-01-31,0.017894890121898044,0.016471544887329825,0.03499808369768198,0.039388146368385835,0.05140117289046797,0.01751179050658913,0.01928339470800866,0.002817711930557243,0.006070110423415098,-0.005817525930851275,0.01711608851272528,0.005819957045420487,0.018047520709467912,0.02088372060654975,0.014941195181559674,-0.008491444830875272,0.001600150277692114,-0.012070047493326519,0.019209651890058188,0.013704194885226784,0.026539473552183557,0.02138744095158507,0.006715646167696487,0.007581849651954631,0.01855706126009493,0.03296050034804421,0.01653572247351698,0.03291209978590737,0.023761414857602192,0.03300643756684951,0.02127162447749753,0.008142727344969458,0.002194040506897643,0.0010661852527622528,0.016736437957675543,0.06655261949703628,0.002128216918271919,0.013435683828518785,0.008924272504597708,0.004945665925343956,0.029552849900607248,0.019439140690453494,0.05419215772584596,0.053249111611053834,0.016302381937689958,0.029620059153846467,0.02857145929797067,-0.019687868849861734,0.02775873532314943,0.018631354568001024,-0.0006900617974090473,0.007246397148918726,0.008337679650993302,0.09646920843032092,0.03796103373519166,-0.03412974087806875,0.10059560149742652,0.00666132529087804,-0.0030592205455794996,-0.019741293242317104,-0.015315875555178993,-0.00039588247283606215,0.0005441918672495216,0.0029382430154234473,0.041421138205810504,0.0009406721244913374,0.0018564309541815316,0.0028952403984219277,-0.1584582435647406,0.0004381069018446482,0.03667199303737556,0.002588879081416584,0.007622772507592801,0.012619423738437385,-0.03676470656983444,0.038322729660551724,-0.08588762963820051,0.029068756443105803,0.038241776261446425,0.030000175398593232,0.012803834952298976,0.019902086320142898,0.03648842488890991,0.010247128651641013,0.003617099620520481,0.0031498296285064065,0.007254779518128585,0.10508043212782181,0.10795890293961596,-0.028061258003443945,0.022982379808486275,0.02159126104197906,0.008752979556033269,0.01782667601522192,0.0067628874863499,0.0017137452123126007,0.0035197417055268243,0.004963444878378409,-0.23894638566954285,0.019711936758616933,0.023545669261659796,0.030523232281563617,0.06384614797738886,0.015183193842239984,0.01260474166076464,0.031852298593028516,0.029871773981001937,0.0016637720266077238,0.05781445346301384,0.0032095371285503216,0.03777255848236849,0.010115458991446058,0.03374985103534356,0.0027996757385710946,0.017189640068596912,0.0004207377271772117,0.012680198606666027,0.001646583687509473,0.018395927670908696,0.011577148267235549,-0.00039916238554327244,0.004593949765955951,0.032208159173684026,0.011418903809052416,0.029982837246347094,0.07767504072597498,0.030000316965759666,-0.10813850192540375,0.016005422329898655,0.03119888810081317,0.02457093156634471,0.030751693478434428,0.02340693119282622,0.028633450439748742,0.00039983860746106714,0.016162889630980226,0.038761450646206175,0.020640542847561782,,,,,,,,,,,,,,,,,,,,,,,,,,,,,,,,,,,,,,,,,,,,,,,,,,,,,,,,,,,,,,,,,,,,,,,,,,,,,,,,,,,,,,,,,,,,,,,,,,,,,,,,,,,,,,,,,,,,,,,,,,,,,,,,,,,,,,,,,,,,,,,,,,,,,,,,,,,,,,,,,,,,,,,,,,,,,,,,,,,,,,,,,,,,,,,,,,,,,,,,,
2017-02-28,0.039291293452139,0.02595386454260784,0.013051232778176436,-0.018028001192558207,0.04375034800960709,0.03975006534934078,0.03815215680876283,0.019300257571946533,0.0349567383351832,0.016091439990361778,0.02545045826974146,0.037854060503154985,0.03700689233070498,0.037240979967738896,0.0256653017157511,0.014076108293581191,0.017305656075667697,0.013518880336900407,0.03193283218213461,0.018885800850822365,0.0065261337649711315,0.0019806199576910544,0.036789915705434106,0.03844043103442307,0.036948373367123644,0.028428972824736887,0.027519595085611526,0.011906537063331335,0.02757933120513334,0.01661501810543964,0.024096656630860913,0.01584557228573269,0.007236013815228981,0.00036634256970380363,0.004997265529242512,0.017407576130557656,0.006459029078273115,0.0281865378436017,0.004116231749932808,0.03584039811230433,0.030474893653849255,0.03967058442266702,0.031847686784806095,0.03170521706428153,0.04683984878554459,0.005875961606852442,0.003497733060513042,0.010338952012058922,0.000675142779315463,0.036020522016503964,0.038904146981463716,0.030053327441730504,0.030683774116200047,0.08181781239934072,0.02541226967227317,0.011484109359151118,0.04449799854546033,0.016843637947965284,0.037183928459717075,-0.006250071916864219,0.0012961441149581532,0.0357804091056626,0.00045244974808844596,0.002615197369665756,0.012605973343616572,0.0047342226069506665,0.006165984047144857,0.0018596421129364327,-0.14885496901013517,0.0005026521321471744,0.010559560380269062,0.005228035393584518,0.0057718334702248075,0.013202917631924382,0.0015267525306827956,0.020289946396303105,-0.02410054652235305,0.025127184905610722,0.0114803000799244,0.026897728792210973,0.014928072551313676,0.03847551751943823,0.009759409170241096,0.01948153049433876,0.009427842037792455,0.0035092280194388703,0.01910132604124337,0.028903553153487138,0.022422170440016043,0.009186374371741968,0.014106607438540308,0.01564186156724201,0.003615436942598693,0.038761607120866515,0.03877880899724384,0.0182707397344537,0.019289486602257933,0.0005929170794369831,-0.05067983185154279,0.031059945326551874,0.014684407688564827,0.023977389445071884,-0.04844541431598248,0.00825166851204373,0.045424856763526034,0.017730048683038957,0.01563553693621511,0.0018286650752847855,0.04619171033875524,0.0038028256005850913,-0.01125700718029099,0.01128407600764647,0.012987008207584472,0.003097200359905239,0.033163069343836504,0.005384650361486054,0.045722999591152336,0.0057850259973246665,0.027757493990660853,0.04692406459190912,0.002001623323554913,0.02172269198491028,0.02520252447151905,0.047553866660059896,0.006203771105866673,0.10786300703500995,0.009708614458856069,0.05995762306174979,0.04304390703698968,0.012340593586411375,0.013323418436931078,0.019948947651214022,0.01831960575964353,0.017702990859300716,0.00027031740495297996,0.015214283012390917,0.03276455648507337,0.03270827034880419,,,,,,,,,,,,,,,,,,,,,,,,,,,,,,,,,,,,,,,,,,,,,,,,,,,,,,,,,,,,,,,,,,,,,,,,,,,,,,,,,,,,,,,,,,,,,,,,,,,,,,,,,,,,,,,,,,,,,,,,,,,,,,,,,,,,,,,,,,,,,,,,,,,,,,,,,,,,,,,,,,,,,,,,,,,,,,,,,,,,,,,,,,,,,,,,,,,,,,,,,
2017-03-31,0.0012499920386253027,-0.004516367130499743,0.005270368285428928,0.007118765630440116,0.020268696600840963,0.0011755995542690467,0.0008770446609078775,0.00026062867735077155,-0.00965869417788956,-0.001023004428872265,-0.003992330308587588,-0.01162584020173707,0.0006233973659091063,0.0008198103758367825,0.010851188783577825,-0.008381415006836979,0.0032603158876072236,-0.006511626017715266,-0.0016761868682041436,-0.006938689072935045,0.04364082696571692,0.0618471877741531,-0.011432991954459126,-0.010777072844018964,0.0005526736744805305,0.004988177743322275,-0.007722396135513954,0.03231685734955314,-0.001889946297251699,0.0028734333914646193,-0.001106871693256184,-0.006550963002446064,0.0008059905802797473,0.0006395923956545868,0.06527170730918597,0.03685169861632542,-0.000552962380270805,-0.00526169150593081,0.0,-0.009182566207176834,0.0003835673062280165,0.0008465659863965413,-0.00427746474772539,-0.002491672181581528,0.006882607149901299,0.04430258167783929,0.031371726386144605,0.009752371659456749,0.016007003383477603,0.0035575358697355064,-0.04530139728429716,-0.0022118402885401567,-0.008832483892064369,-0.012114819140224609,0.011736374526851057,-0.07074231261444608,-0.006908510848333105,-0.0017748267622762492,-0.04668723933936547,-0.013561753169308854,-0.04077670693970603,-0.0030345270017928527,0.00012702831506317125,0.0010741664447924126,0.02991948490790164,0.00011248355233206553,-0.0003946764536403302,0.0010672732981422683,0.1315396273414291,-0.0001749110364480666,0.030584627103286355,0.003250528244281403,0.0025116242934093425,-0.003077343824562151,-0.05894308076342014,0.025378696299576786,-0.02362204133130197,0.013457239117696362,0.03144968785231317,0.014764947955153707,0.009376778122253127,0.0017645893303275262,0.031066690790140683,-0.002677623967547449,-6.896375842257996e-05,0.0012555126714763887,-0.004220726660906782,-0.07470740155144617,0.03465548112268402,-0.05591675229376347,-0.019577494268618767,0.022426471227843914,0.00017984656243563713,0.00131851892691226,-0.012910015870588265,0.003570127504553655,0.0010346814793655845,0.0016792938995260354,-0.14257817893909697,-3.228926077891714e-05,0.0033227557060742097,-0.044077093877389784,-0.09802431434729109,-0.07314570095308903,0.0012299648374758387,0.02659815993375947,0.013833031590772205,0.00013313947049264918,0.061341551801461724,-7.992284932634153e-05,-0.06223913750492305,-0.0015354801785040229,0.031873209055198526,-9.944401843731132e-05,-0.00704123723078276,0.0017915398771966018,-0.011013281006653886,-0.0020545954027514357,0.0006549183862074592,-0.000450889129613663,-0.0003983316074542831,0.026482737804814915,-0.011998896944249493,-0.00027483639779946056,0.042684525254228056,0.05505008317809579,0.03669563256890718,0.009651509357555321,-0.0006965283939828204,0.03282622092725429,0.044811932815907785,0.0072866419351032,0.012576210036747915,0.02981995804015547,-1.0537709625002556e-05,0.013956569092528293,0.007200163394643688,0.0048766896958554184,,,,,,,,,,,,,,,,,,,,,,,,,,,,,,,,,,,,,,,,,,,,,,,,,,,,,,,,,,,,,,,,,,,,,,,,,,,,,,,,,,,,,,,,,,,,,,,,,,,,,,,,,,,,,,,,,,,,,,,,,,,,,,,,,,,,,,,,,,,,,,,,,,,,,,,,,,,,,,,,,,,,,,,,,,,,,,,,,,,,,,,,,,,,,,,,,,,,,,,,,
2017-04-28,0.009926010863195112,0.007778032641678978,0.0069903161732405295,-0.023065554173555713,0.02726987409867987,0.009651470101791348,0.010362067039430656,0.011492466096497456,-0.0019140732346070166,0.009109151608118093,0.008001750412909736,-0.000961113410575587,0.010293116000132718,0.010232004732736666,0.018866898215054162,0.0037238067980631673,0.012542646325612195,0.005120890319421978,0.015347399019058017,-0.0014819136694314006,0.0358421444647985,0.04361691018140257,-0.0007924831665868659,-0.002483976929844256,0.010632891496830332,0.015034818311648657,0.00156659344266874,0.02424129523895102,0.007853435510365658,0.009670526749020913,0.011312276288227618,0.01573172744045559,0.011087755322549242,0.0018705600734159056,0.04071573331333411,0.017009465518468492,0.009070014825594885,0.004390864787854554,0.004498688108092619,-0.00031462153923866865,0.011706676500094604,0.011101688268397414,0.01726748147982482,0.01665277314351532,0.014962063484216692,0.03897598037698913,0.021669876731922777,0.010508079276533522,0.0026595551127905903,0.007841616057993495,-0.008375731658725738,0.005899831304293279,0.0015617460586832,0.030285706384744815,-0.01591233895190869,-0.03759403752797941,-0.055072507996489994,0.008890106264870301,-0.01025419493417834,0.01586181679173637,-0.026315748831266306,-0.0007725780180427577,-2.7192074300907976e-05,0.006623114200682956,0.020907430457898668,0.0062639156922630335,0.007960194889215622,0.00417053286275193,0.0,0.0007439194734049082,0.022137113952959808,0.005406927565943853,0.005619842799395647,0.010392036498007018,-0.035097170759398666,0.04211309077023073,-0.09787390062643953,0.01612396991639975,0.021549746112721646,0.0162524908596835,0.006732124606917189,0.010662948194022137,0.02142618807892749,0.008097983975736689,0.011607662938271979,0.004146629518564149,0.01632226821386351,-0.0021999235465985922,0.03584975618167929,-0.04269978097017835,-0.016815637973014663,0.013021795833380034,0.004128545909557024,0.010399723976252773,-0.0009973731027900223,0.011652738516991556,0.01114432472229332,-0.000819672967318108,-0.05011388479162138,0.006972349591454874,0.015056612103208078,-0.020172932206015237,-0.054759867295454345,-0.0027594449278897093,0.014040174645429726,0.01909075392726156,0.008142673761014407,0.0035902674998349315,0.01873609399206555,0.007194105451031829,-0.0267098288897486,0.007690908804783625,0.02709233951185719,0.005115809601061505,-0.011289073970446761,0.003060221548431219,0.002187905976718252,0.004342941313905335,0.013793110063727188,0.006181551599872437,-0.00019987096961782136,0.013081318716030355,-0.03584121651489702,0.009523774574696553,0.03923119794678631,-0.024148407173911535,0.021653945351527204,0.18594478377354173,0.011543397713073,0.02560194844891739,0.035391726138455315,0.008653592103571306,0.008501376854000764,0.025961204809012095,0.00042026744797252213,0.007749159942912254,0.022124781526749793,0.010133436228249693,,,,,,,,,,,,,,,,,,,,,,,,,,,,,,,,,,,,,,,,,,,,,,,,,,,,,,,,,,,,,,,,,,,,,,,,,,,,,,,,,,,,,,,,,,,,,,,,,,,,,,,,,,,,,,,,,,,,,,,,,,,,,,,,,,,,,,,,,,,,,,,,,,,,,,,,,,,,,,,,,,,,,,,,,,,,,,,,,,,,,,,,,,,,,,,,,,,,,,,,,
2017-05-31,0.014113076826516968,-0.004700658539804947,0.027574375348391467,-0.0038080891469282063,0.03897385669393194,0.013942175141161028,0.012819463865504588,-0.019703459568391035,-0.00165614107835943,-0.02091989193683197,-0.004404038597637494,-0.003367536936750959,0.00990521975173575,0.011551033509872743,-0.008378169184310225,-0.03060706485494946,-0.02012904305094043,-0.022603155725472668,0.004900691793795042,-0.015246607553282332,0.04705891972952303,0.049439187108216265,-0.004163394588740377,-0.0018673896695192704,0.010113282938640111,0.02373671896093721,-0.003127957485281274,0.03542327797020883,0.008905522974550273,0.02766948955153814,-0.007720982977645341,0.01887913844047784,0.008267687546657854,0.000733230713405586,0.04520178201509406,0.028457543139068342,0.006870770733542475,0.007759288229630457,-0.00040131257042053115,0.0006290374969515344,0.00908648330775641,0.013816576142070103,-0.0012419798017191397,-0.0008190195618831275,0.023265305590898455,0.04908559237501153,0.021404935369791378,-0.024957060288041455,0.009946720589466107,0.013235503097108303,-0.034960564468791255,0.0009024290681880487,0.0003891863094764858,-0.052211933961523904,0.08724946907386633,-0.027343724534147795,0.005521482012297296,-0.001566834252964111,-0.04107286378464725,-0.05057112262018604,-0.011781016819034207,0.0036086511722333015,0.0005536734885009942,0.0043533909864508225,0.030514055664752737,0.005245482869822071,0.0071017777854047726,0.0024548507919888163,-0.08586526824672147,0.00015342950404506617,0.034105107700654,0.015332459834990209,0.016186291150969367,0.01136081768781061,-0.028539463062706494,0.03278988230239932,0.03535143885851122,0.02209088429135364,0.03074500280072079,0.01946284339249038,0.018263524062540393,0.013539405045256636,0.034742630562844434,-0.01811304778980205,0.01048245064385167,0.004726152663895755,0.013041475834632221,0.0017638401313422314,-0.01035743092636865,-0.02589925658683656,0.013896325045660074,0.015709371890340496,0.0009350853000675841,0.014043512182004836,-0.0026953627375730926,-0.019197485167558037,-0.019892651069043144,-0.0007810382295241336,-0.10151876181572761,-0.0016784796299582627,-0.01110609975732979,0.0,-0.07308383502522686,-0.030990563110124603,0.020045245909824594,0.052780316679204686,0.009823187492812524,0.0022211251763697426,0.01465069829126997,0.006079148962448766,-0.01663200129810738,0.008313017935615452,0.03528225210371794,0.003148021421783609,0.00903340889935178,0.004538142565674086,-0.0012278146750530627,0.0045415080264661345,0.012308979707735368,0.014880530867642294,0.003206278512705163,0.023672957056269706,-0.04239623458030062,0.011385865813747564,0.04869223897147701,-0.07370749488822415,0.0416129507911045,2.5152504585925426,0.018385526840340116,0.036512524473024,0.056505431656856064,0.029958829205022353,0.008738358513486144,0.03163020307597053,0.0006999918988626064,0.029087433950502284,0.018645640019368193,0.014281989752123359,,,,,,,,,,,,,,,,,,,,,,,,,,,,,,,,,,,,,,,,,,,,,,,,,,,,,,,,,,,,,,,,,,,,,,,,,,,,,,,,,,,,,,,,,,,,,,,,,,,,,,,,,,,,,,,,,,,,,,,,,,,,,,,,,,,,,,,,,,,,,,,,,,,,,,,,,,,,,,,,,,,,,,,,,,,,,,,,,,,,,,,,,,,,,,,,,,,,,,,,,
2017-06-30,0.006374795786885601,0.015227173593643117,0.01323836499414699,0.03126178041057215,-0.023179516161083602,0.0066707636117921965,0.007147589831169032,0.033743408427651334,0.016589698095325955,0.02907011741027543,0.01583366013680587,0.018854867437348988,0.008967191998667357,0.008003413118368607,0.03330670881294151,0.033921595832821394,0.029045715542178385,0.029580850168522632,0.011684221076807999,0.02187225811765381,-0.005523628255352686,-0.005353416596465377,0.019282288682612503,0.01873209255087338,0.009473010804231796,0.002318739705385875,0.014844334492923439,0.002960417291605788,0.009352019192661931,0.012320371073784031,0.023250455793079938,0.00791855430441557,-0.005095682302771909,-0.0007807751111832406,-0.010385729135729105,0.009265885600539425,-0.00018218493307864403,0.007850639872396536,-0.008669586257564643,0.0180112907501786,0.005912967230580435,0.006232430044368131,-0.02155534773928114,-0.0213114945038263,0.005352591326691192,-0.00513510173011289,0.007456081049466157,0.053797967613576914,0.024431399758310546,0.009421063598595403,0.0618212274567409,0.007385931231516318,0.011788571517136859,0.14161653442900857,-0.043270984716412,-0.04618474260895222,-0.04148867460794037,0.036304581615928866,0.06401230934129054,0.004450184301541205,-0.01683027820939831,0.011353316435750438,0.0007795590550716547,-0.003113384761293525,0.005057404853785252,-0.0030632261762584267,0.0005137869562197306,-0.0008879139682421711,-0.020231194355791682,0.0010288941338225666,0.006372575688833315,-0.0041952191446678055,-0.0029674209980078414,0.0005651577824909992,-0.031106042427518577,0.005977684709485009,-0.04827313831766156,0.007871134065585261,0.007162306963461873,0.0063125515033208845,-0.002742193554588601,0.00683783638857105,0.006652002389441636,0.028651810177648507,-0.0006168065416265467,0.0004997390892702569,0.011336185239540164,-0.027731909101308627,0.029866012106490647,-0.03988182890505154,0.004217181159818839,0.005268153422010702,-0.009373705845991842,0.006296995254562399,0.01850314239681361,0.028920400635011667,0.03409053678919438,-0.004591292228827926,-0.054270448321271925,0.015660878311932303,0.024622991801718896,0.15147063311408537,-0.07403841657045862,0.030839463227876562,-0.0035447424189761767,-0.002669331328057578,0.007349901886155807,-0.0013578375152450972,-0.010049803853170003,-0.001028044457706323,0.048625777466365205,-0.0014277103174270556,0.0037228830701820925,-0.00021946776748416053,0.0034047170144455574,-0.00010553939592206074,0.011835336867670465,-0.00040885669016033077,0.0033964566296564858,0.005648824514967732,0.0007987198213539326,-0.0042045258198109,0.06063513785252628,0.01336651543087597,-0.005498759303089407,0.14588306815836294,-0.0022325555537157094,-0.1942982423932207,0.0026542301460192874,0.004788547426819667,-0.011577997860126699,0.009346872765312542,0.01228175901900519,0.0015066948629121057,0.0006503170056173513,-0.0018743882643550425,0.011295635557451833,0.00819505449980129,,,,,,,,,,,,,,,,,,,,,,,,,,,,,,,,,,,,,,,,,,,,,,,,,,,,,,,,,,,,,,,,,,,,,,,,,,,,,,,,,,,,,,,,,,,,,,,,,,,,,,,,,,,,,,,,,,,,,,,,,,,,,,,,,,,,,,,,,,,,,,,,,,,,,,,,,,,,,,,,,,,,,,,,,,,,,,,,,,,,,,,,,,,,,,,,,,,,,,,,,
2017-07-31,0.020554284925976773,0.009067394698907716,0.020689653409427855,0.04260112077672651,0.04061338707435591,0.02074692666730016,0.019070705144032862,0.00852503413456196,0.012814947300353374,0.00998412409155991,0.008853377894617376,0.013910385125964764,0.019099473720295856,0.01936853960897622,0.00992197522414151,0.0073665535387752445,0.012824544034989893,0.007509338276946886,0.007679731535701784,0.009223041587488545,0.02684998899490898,0.032233923297657174,0.013545302999869557,0.012580484122274749,0.018802899903997528,0.01672622357144493,0.013113155733586623,0.02653381840907265,0.015011274587920287,0.020583140450497472,0.01114482320978838,-0.006583238607088537,0.0037484898839974523,0.0018593215280893194,0.03249356014387006,0.05822701071900882,0.0033398772961485967,0.006072647178137158,0.004614017382452262,0.015431158337843698,0.01803218520887917,0.02071711556918765,0.02313170169958645,0.023450644596799908,0.011832575712373616,0.028291747441268944,0.030754442669615134,-0.006016312663645884,0.029928586634803356,0.01836016593277634,-0.004136022152748553,0.011362308729717663,0.016832577131036253,0.01282717729181515,0.05449258138019353,0.08210523504959899,0.012094180771606844,0.0057689841956314325,-0.008553397706405508,0.010805477915051931,0.04208268043150154,0.01612044421007841,0.0010067895827992057,0.0037432077316910117,0.03378006689317137,0.005058937774814032,0.006123155332350194,0.0034732930088055003,-0.06784661119648783,0.00032743669470414183,0.028799638565513375,0.008751859465180534,0.006178982826615442,0.009937434438381576,0.060047577122883666,0.03405938585678214,0.12907213034089082,0.02733237848921677,0.035095273544179184,0.026506663551782106,0.004286199231656962,0.020079556604221116,0.02863423679932664,0.011422505482858059,0.009553797013829524,0.004368557770854764,0.004090443410591504,0.01856248520509496,0.05068774701688694,0.07307690840501047,-0.008923888876762875,0.022545938648725894,0.005239787269116336,0.02062510589182942,0.013936798521115623,0.013086232933188668,0.007983679868054594,0.002784726449307051,-0.12323617805671361,0.015573383991814849,0.02045500112323384,-0.06641129469943208,0.07995841068939158,0.04875352383995679,0.02023271624048273,0.0184864716933546,0.029613670967696182,0.002224002561177052,0.07040498938729423,0.0017042430641194262,0.007661312092852146,0.00714756024494112,0.028083323423224726,0.0027708338389600407,0.006662051177553474,0.006663055377899463,0.019845196538887055,0.0074476996400361095,0.013520183956699183,0.010219050093082549,0.0013204182293102829,0.004766214395083068,0.03478526524147996,0.011494579875041211,0.02816293400801073,0.008326436145165816,0.024709624401499042,0.0769229916535854,0.018291383946800632,0.02745672670016952,0.030805843745907335,0.024941626831623376,0.016519532168854267,0.029931011212316783,0.0008196357607914706,0.01167440142384013,0.04208332349491939,0.017698294390974034,0.006621248066425833,,,,,,,,,,,,,,,,,,,,,,,,,,,,,,,,,,,,,,,,,,,,,,,,,,,,,,,,,,,,,,,,,,,,,,,,,,,,,,,,,,,,,,,,,,,,,,,,,,,,,,,,,,,,,,,,,,,,,,,,,,,,,,,,,,,,,,,,,,,,,,,,,,,,,,,,,,,,,,,,,,,,,,,,,,,,,,,,,,,,,,,,,,,,,,,,,,,,,,,,
2017-08-31,0.0029176592589472694,-0.015350952901538872,-0.0009131451070056862,-0.0010753611580177624,0.020735713389766763,0.00273653483519265,0.0032067700046112257,-0.01257883711412755,-0.012030464668230989,-0.024572799106214127,-0.01527206560653227,-0.012403969793285174,0.0011636783074910895,0.00153639762153146,-0.0005880629503397516,-0.024517303082958852,-0.023868163987142643,-0.02718794712687833,-0.01009435758888777,-0.020678021577911765,-0.0008789288442473397,0.004804314321833036,-0.013364279780862742,-0.013032399344850232,0.0014986402177425973,0.00647639039458725,-0.018878796435977674,-0.00044817473701685984,-0.00782674603265232,-0.0011762891566264866,-0.0033839515149830524,0.03408696956084589,0.014575351308437456,0.002023975511802112,0.0012581585504698456,0.023516097585962292,0.009413155260302508,-0.007760709562387613,0.010375275739107126,-0.004691637551635153,-0.006065192245024553,0.0028236796114222695,0.04198757511241591,0.04091652938413315,0.0031894949513147086,0.000705179351786489,-0.005254495189145447,-0.00873487705456688,0.0012634996847347146,0.0013805440406298164,-0.03737902075036004,-0.009121393190422822,-0.006850037353100635,0.07240649420690559,-0.017225611522903805,-0.06322953651890872,0.04716981245244378,-0.004588641067337695,-0.045154056259761655,-0.04834857274032245,-0.010266914582829467,-0.0017626249226143642,0.0006982539923165998,0.007605702948838555,0.006380300056320065,0.007213463155168576,0.010679716627986169,0.0034040953489751224,0.061708837957685336,0.0011391442046377875,0.00023552481273836356,0.007997194216347925,0.0073068153199773445,0.0006173772922044574,-0.026360028904408472,0.00718939015083242,0.11979549989707428,0.004013309852595404,0.004238143746556178,0.0041836790244433875,0.018845469906063173,0.0028842288488764023,-0.0012235829538670417,-0.009127535195428638,0.007668163682701845,0.0035082505850465573,0.02129994407441238,0.05978443504676445,0.05697107491518105,0.0071684862248750925,-0.06302959108080097,0.013947576627294955,0.010404841034711954,0.0029120618067211,-0.011795535479332764,-0.02598173029724582,-0.012232837586438672,0.002401322769655989,0.031652410667727615,-0.0026578928270573066,-0.0054381240461708336,-0.11627907219463451,-0.03942306369719373,-0.04912838299962963,0.007612204355721186,0.008366557462165192,0.01208832555646433,0.0036126883081386563,-0.007275797363433756,0.010501483521091926,-0.0780311674049915,0.000644664128918615,0.0011181439083858269,0.004181415173893255,-0.004211037755663338,-0.0006321495713790259,0.002132363452864716,-0.0020523772437387455,0.0024161151794310776,0.00465881725845696,-0.002275189609510897,0.0,0.048523612434123065,0.0037875874353470174,-0.00062263168445853,0.14120563985894208,0.004609700190751909,1.3928573103266308,0.0032660715680925545,0.0031642032136074416,0.0029555295675829374,-0.0076573325812313575,-0.019143621896001606,0.002030322318687716,0.0006295831460143564,0.005915206507517201,0.009196261764595315,0.0012752149881678498,0.0038761083930283213,-0.03241843466056815,,,,,,,,,,,,,,,,,,,,,,,,,,,,,,,,,,,,,,,,,,,,,,,,,,,,,,,,,,,,,,,,,,,,,,,,,,,,,,,,,,,,,,,,,,,,,,,,,,,,,,,,,,,,,,,,,,,,,,,,,,,,,,,,,,,,,,,,,,,,,,,,,,,,,,,,,,,,,,,,,,,,,,,,,,,,,,,,,,,,,,,,,,,,,,,,,,,,,,,
2017-09-29,0.020149611280519064,0.0387703603233045,0.018278257101370876,0.038392448182974714,-0.002952661325284489,0.020413931103934635,0.020611812273636065,0.06304145770311842,0.029242765828034978,0.07793806182551433,0.038958695366229756,0.033009361551308514,0.02468725245667458,0.02202977898237224,0.05457174151150057,0.07151974473036216,0.06928968672136948,0.08580546005806111,0.034164510304008466,0.044523588992430696,0.030789787004299685,0.035620450187069386,0.03405587167167834,0.033154559197378086,0.024400700455002422,0.028205980279407683,0.026750356262889685,0.02361738588100537,0.027574223794101238,0.0164898353687557,0.042115747083488975,-0.023229064708701896,-0.0144159428195485,-0.0018678433236749559,0.04077381628306309,-0.0004460347944673648,-0.005716235670449543,0.025295038452111784,-0.007020531667771279,0.029817176686143698,0.022905240359314627,0.02065989907422283,-0.03369891808976022,-0.03223269172995691,0.011230254683415986,0.032102799543824556,0.029994433269099785,0.08323474645493723,0.028718780232709573,0.02107905287181122,0.08505282069286646,0.031168790178075723,0.03208048970236277,0.03314450571299177,0.027634848348387475,0.08307374675263013,-0.0546546467424146,0.051585158368886,0.09542907434433756,0.07112427684453415,0.03042873991857098,0.030196182762349144,0.0007612552353077895,-0.007943573894488742,0.018381339324124113,-0.0031922602953888823,-0.004687342887721879,-0.0030849644339344673,-0.020864361503678652,0.0007217397735934661,0.02514280313366557,-0.004274524467107632,-0.003914065609379347,0.006038313110593441,0.05069119411446721,0.02921629564153072,-0.08186563083410114,0.018800743803452757,0.02025774931751312,0.021076126780318116,0.0002875067240266649,0.020648676559814172,0.02511498174176552,0.054407924842835964,-0.003679648120897716,-0.0011092966035528562,-0.009279044668024206,-0.08524690685820546,0.0004463463771340326,0.07900353321057074,-0.002826520231749896,-0.006467457906658702,-0.007382953428042738,0.020422212308899512,0.03217240745772121,0.06983612235614656,0.06306583745951921,-0.0007664926110969583,-0.15418621260912357,0.02993216887535244,0.01760724477566855,0.0185759226932094,-0.051051075131781753,0.02000003390842009,0.005166356482608991,-0.0007033356578819427,-0.006795713309773022,-0.003338891391323817,-0.03693948907425526,-0.008835735509790776,-0.006076444940708248,0.006078709116019487,0.023935079543216498,-0.001350802815023311,0.02441567696223612,0.0038100021429052777,0.03476378059902885,-0.0006197854256617674,0.013109353229853182,0.02651703080640999,0.0028036945328533402,0.029526995931494326,0.015891013900700024,0.02628434309320915,0.031561375797116265,0.05463090753802646,0.022237929271169632,-0.3014925308930523,0.02075576965414183,0.020913704093851182,0.02859557379637745,0.023738383137427377,-0.0005233435458056324,0.024748975326940315,0.0012699283935706518,0.009202199019397339,0.013816969627987952,0.014497341403037378,0.0002790095463132136,0.08468536311938735,,,,,,,,,,,,,,,,,,,,,,,,,,,,,,,,,,,,,,,,,,,,,,,,,,,,,,,,,,,,,,,,,,,,,,,,,,,,,,,,,,,,,,,,,,,,,,,,,,,,,,,,,,,,,,,,,,,,,,,,,,,,,,,,,,,,,,,,,,,,,,,,,,,,,,,,,,,,,,,,,,,,,,,,,,,,,,,,,,,,,,,,,,,,,,,,,,,,,,,
2017-10-31,0.023563987173770062,0.022339613631348954,0.05277319312431361,-0.005183026313244188,0.04606406011327535,0.02324755401264711,0.023091241497533277,0.0072888091184764026,0.007425448598668449,0.00862267527498295,0.02269426442562894,0.01149127155115326,0.02163717138684995,0.02197875748547995,0.014751985012205093,0.00048364351285545837,0.011793927903269052,0.005933283528268607,0.033455074740025736,0.009166454551306602,0.005120237787704207,0.011773041046981625,0.011843688688892628,0.012601916207223951,0.0216954058222234,0.028271168981690575,0.008359905768431597,0.01679304087248279,0.016079212007570787,0.0534679780568168,0.013348555831971698,-0.0003854922631519875,-0.0018890483681969217,-0.0009125392028384027,0.009697337842446974,0.032804862300668036,0.0009788410431708083,0.011745258366254063,0.002360677806311662,0.018333069544280045,0.01449039869532176,0.023570201915169342,-0.007484813689786707,-0.00812350755978608,0.03129164380984695,0.004629046064617448,0.007142876640051643,-0.0032820446293742034,-0.00804936620211616,0.023058498004000283,0.011532732445853178,0.012591873676019327,0.013532743048433105,-0.03384545365085612,0.08067757732186043,0.047938637140008566,0.0031766322402755343,0.061608827961260326,0.006166582600365622,-0.05458435870012823,0.03892617037283297,0.017392717206250685,0.00039890277071674696,-0.0018809770659153902,0.01954081836681465,0.00014041771780060053,-0.0002686897597192761,-0.00025113801004150726,-0.08980215177661033,0.0006992853609231187,0.01773804291849812,0.0008943128611258455,0.0009300878991052031,0.00207222574716015,0.04385971241490516,0.016774460896338717,0.10621668957856545,0.021505724280775684,0.019234248220080685,0.021068691238356863,0.0003527566618626299,0.02298454390752025,0.01822513838343176,0.00890584957027607,0.0020167545951674803,0.000775644778856277,0.002689096902198651,0.005387429098894669,0.04640261075919061,0.07849607823450988,-0.02437643537720957,-0.027785501202444718,0.002682737740453245,0.023270975654051007,0.011734378354134822,0.012428359348645168,0.007400081912928735,0.002272320348217338,-0.13433748333635098,0.020155690022815698,-0.01730710686764625,-0.057750803579275756,0.028481062320808714,0.004357294174649917,0.019467408582940493,0.010132313221191902,-0.02778341259644934,-0.0013612427094733537,0.07275504388845944,-0.0026185403448746314,-0.005676819342014694,0.0027298714798715817,0.016830235153453277,-0.0001596234808789454,0.007303122383510274,0.005713173302689167,0.0261251284822972,0.005817237069713155,0.016132523863884973,0.029167477055072055,0.002119868344716336,0.03178980212525562,-0.009330514400306078,0.021558294631837116,0.002214275568419355,-0.045763218361494995,0.012776214822265652,0.18000008074283969,0.02564125136287032,0.011375418565425344,0.0060682689599542705,0.046731028902215144,0.005917994354423417,0.017660426442227983,0.0002894461450397845,0.015350222986378004,0.029371439310565073,0.028294582970247895,0.0014192304212368168,0.010201683085361735,0.013359603652652208,0.004600527766752904,,,,,,,,,,,,,,,,,,,,,,,,,,,,,,,,,,,,,,,,,,,,,,,,,,,,,,,,,,,,,,,,,,,,,,,,,,,,,,,,,,,,,,,,,,,,,,,,,,,,,,,,,,,,,,,,,,,,,,,,,,,,,,,,,,,,,,,,,,,,,,,,,,,,,,,,,,,,,,,,,,,,,,,,,,,,,,,,,,,,,,,,,,,,,,,,,,,,,
2017-11-30,0.0305656095332838,0.03683831195040299,0.021483416347793494,0.005210030036013613,0.01971710399011406,0.03121981511706995,0.03018620619251733,0.029411670593312067,0.030488182648565232,0.034998787004954846,0.037276303098363606,0.0335317246479685,0.029834032458601722,0.03105612132592106,0.02846913580027155,0.028989587801682593,0.03286642329807221,0.037602864858812035,0.03710593524764505,0.037825300380586846,-0.0014857820573425107,-0.0025099402560241346,0.03454757585884849,0.03420260117293794,0.03030261754736374,0.03299233096034415,0.03351214869053587,0.006893670147687825,0.03409560132386735,0.024984438885009563,0.031134774385322528,0.007431580667656146,-0.0027924510407424386,-0.002160785123479503,-0.006242631882043881,-0.0038892483779312537,-0.0014829358139964999,0.04052792265586702,0.0008627003435466296,0.03521891750666217,0.031515793072768084,0.029800308607774717,0.003563440057186007,0.003276000141528179,0.02254804212811634,-0.0005117755703488713,0.007455993347645462,0.026131269651450628,-0.0024969652135988785,0.030162194371076367,0.04034171190424485,0.041522067073207714,0.03259692410475035,-0.00538050017063163,0.004515857649095789,0.049405301626324505,-0.017732725373504787,0.009298922587652525,0.038872232869926915,0.10736876796505057,0.012919946308380892,0.03067383834217119,0.0005441739944871404,-0.0037004855471488574,0.0063267992776316895,-0.0014622793366794173,-0.0010661440475138173,-0.0027142582170986973,0.011705714287309155,0.0005472366626126934,0.008600980653862944,-0.004676299933118022,-0.0066635661534582,-0.003506957644407782,0.04411755277565299,0.00920036155337245,0.0028901783671135828,0.02019890519590395,0.004261814823140586,0.01897249162464476,0.003634975786440453,0.030120492240741426,0.007629159206950842,0.029865946020484868,-0.0025423300446745234,-0.003217482753661405,0.004233309103633731,0.02553870475999931,0.025583704926788853,0.032415826723621866,-0.012783226325269292,0.015794012061362883,0.001159503175748755,0.030576647500822896,0.03450895596528647,0.033318572403062685,0.029966726969154367,-0.0016633380532449227,-0.05788358649592862,0.03834098057025126,0.0033179999146892847,-0.017741910872920874,0.0071794558794071595,0.0016268318019552197,0.030787752096861354,0.013652786804578154,0.01151629861551573,-0.0026286139326648916,-0.01305334489376564,-0.0005575075704866705,-0.017127856352945114,-0.001871662478751146,0.008889004840572312,-0.0031352819403658305,0.03690215688024656,-0.00021128403829973053,0.04159281446581953,-0.0019575013322540302,0.01988350521771909,0.03602477025825235,0.000917593072645273,-0.00502337579746015,-0.046814518576819064,0.04190546905981596,0.0042175550684255825,0.015602504460257016,0.008523733945386303,0.8361581534315647,0.03457025487850829,0.011076997474007921,-0.006063468997871357,0.028379688655744584,0.005485353828947881,0.005487807398095512,0.00048014134995222335,0.03496036431704641,-0.001902145189189186,0.02980665231551738,-0.0009604775646664399,0.028276187354891125,0.036673026667474184,-0.0008397996251949813,,,,,,,,,,,,,,,,,,,,,,,,,,,,,,,,,,,,,,,,,,,,,,,,,,,,,,,,,,,,,,,,,,,,,,,,,,,,,,,,,,,,,,,,,,,,,,,,,,,,,,,,,,,,,,,,,,,,,,,,,,,,,,,,,,,,,,,,,,,,,,,,,,,,,,,,,,,,,,,,,,,,,,,,,,,,,,,,,,,,,,,,,,,,,,,,,,,,,
2017-12-29,0.012128245711991559,0.0023799068872241147,0.006961742882895416,0.03730094469944656,0.006031239281697465,0.012090010308234866,0.012356906173433657,-0.003985307018176787,0.015827644076977787,-0.005256704172193927,0.002593682187965296,0.018229462271478925,0.011293312146557488,0.010843849543786366,0.0017483160461801983,-0.009536517294076452,-0.00726571488436456,-0.003724223464324994,-0.0016448368070078878,0.005504287935823804,0.01125837158826637,-0.0034328729560555438,0.015847234018525835,0.01657301308887571,0.011610591304131335,0.005272677917447233,0.01293138994268661,0.013488450130346274,0.009186045799114861,0.0051062494320450735,0.0029356649472882523,0.01812639360121704,0.0018472418746295904,-0.00020174171823172937,-0.013398137843457447,0.03761574954197,0.004751610617034219,0.007772118399515415,0.009354470567268791,0.01651870452968618,0.010403798088224558,0.012556323457854734,0.021057003170010358,0.021224508480149895,0.011989158346644713,0.015303443969888253,0.010779492580305972,-0.004980125360089405,0.04633977113621879,0.012503376883110429,0.0022446639280770952,0.012132273853497688,0.01844266539179973,0.02063442107052893,-0.017434274549874007,0.047079332980077604,0.030947745657830428,0.020642974455800767,-0.003871156174895196,0.03779996960256993,0.03826532970612728,0.014866008155256072,0.0008440917855134789,-7.777191372360104e-05,0.020515190915872283,0.0026715608792362566,0.00540905951534465,-0.0004155083629567846,-0.03636367935421281,0.0007437849726366075,0.016541542910804674,0.010140544988622713,0.010663972768125474,0.0029806819783755323,0.052313931560912685,0.02589323967101831,0.01985273289533329,0.014503412613796396,0.020064484187831466,0.015945887263098646,0.007241373919602667,0.012827003307815499,0.015867763506104415,0.0009244859177732767,0.004507463067894957,-4.7137204602698546e-05,0.021682822729053308,-0.016453559240881543,0.05550352634474409,0.07227495742646228,-0.012948753167641325,0.0197696267062053,0.009662775719461614,0.012826710019980148,0.016454766821957012,-0.006238399571112163,-0.004815993367026206,0.001315075343113481,-0.12740289991775322,0.008288224570947245,0.02606762472873747,-0.014778349808356905,-0.004073315997566662,-0.031943701923220935,0.002389197666607723,0.008450912764535135,0.016234408291039282,-0.0006700250170964539,0.0449435553105455,0.002441626900865579,-0.012511116612896389,0.0024409812928916086,0.015118287832849298,0.0010055952477159291,-0.0012757154387045277,0.0029714900998079052,0.017158569529083456,0.003221674869382962,0.012547673588275465,0.012480767543587401,0.0004753174700740104,0.009722404151236042,0.012496539153036057,0.011960309115721435,0.014095173853573284,0.017403793389708877,0.008040421061524139,0.32544382136661354,0.012015678968946508,0.018531345565186763,0.018054440697066854,0.008404930867373483,-0.006787515837303193,0.011635738553083863,0.0009605842181730218,-0.010545347028779406,0.009338371478426533,0.010866071616162376,0.010208667095297441,-0.005875838145299683,0.010724225165571033,-0.0016112922003661545,,,,,,,,,,,,,,,,,,,,,,,,,,,,,,,,,,,,,,,,,,,,,,,,,,,,,,,,,,,,,,,,,,,,,,,,,,,,,,,,,,,,,,,,,,,,,,,,,,,,,,,,,,,,,,,,,,,,,,,,,,,,,,,,,,,,,,,,,,,,,,,,,,,,,,,,,,,,,,,,,,,,,,,,,,,,,,,,,,,,,,,,,,,,,,,,,,,,,
2018-01-31,0.05635879403223121,0.02776377913846728,0.05022521356811804,0.008097026485650138,0.08757075708895279,0.05690908995888333,0.05410109143779884,0.025580535043762564,0.03779966175584182,0.025127051442020765,0.027715943497310214,0.040266361018235663,0.05177960365264034,0.05365958663110382,0.03776123036371959,0.012246599845128436,0.035674384510388846,0.013283433564340585,0.04313587368253158,0.012553760733359898,0.0550149239735227,0.07007821759819644,0.03862820851389248,0.04106896749925926,0.05231332165999292,0.055951529900543306,0.022098146979242506,0.05020617585388476,0.03699627779829906,0.049738021136752186,0.03320511157604189,-0.0325560378706653,-0.02150246659664623,-0.0028628572369443495,0.06951578760735422,0.08297939493193685,-0.011250800296900398,0.021306137762338473,-0.008502665987871305,0.0471217096644756,0.042576646795577267,0.05710563469075702,0.03234937283169237,0.03277376817832045,0.055640422063038875,0.05629719922830678,0.05705488398666758,0.022150402094097243,0.028415695605576552,0.053018426369256355,0.060202167385154715,0.019474914385800624,0.042613153041994645,0.10015334522615404,0.05142590117105783,0.08076596959772098,0.02251410978765689,0.017866104059334198,0.05862399856452516,0.04515268720886345,0.037469206220815066,0.04110728802335539,0.0012700807051146956,-0.012197737933743014,0.057017463248890676,-0.011539407336334073,-0.012381617372336895,-0.0048035718702315044,0.07547170891569355,0.0013127945073025948,0.0474810205164673,-0.011468304655062211,-0.010756838764685916,-0.0005444931658861174,0.06261947711113258,0.05193764782811172,0.05557295225166836,0.05701221048518268,0.05465448541611306,0.05480709124326455,-0.0012820148430855438,0.05534666517075082,0.048429699502354984,0.026670674154250174,-0.011557496668344713,-0.0034044655834422066,-0.018372765527197354,0.07776644239276842,-0.03476117148961677,0.04088396439348996,0.02265946036934552,0.03740766325791989,-0.009019933736861052,0.055851872208608544,0.040737926383269896,0.037620507420226934,0.026821677736679206,-0.00250327674049744,0.0712742980561556,0.03416565701947283,0.01744750482795987,0.05333334604899087,-0.08179961273800784,0.03299777294634931,0.03486163633695294,0.03220079172203616,0.04419088150736239,-0.005356559245042525,0.032714323895753905,-0.013157529628265885,0.016289533791356003,0.006530520265840778,0.05205013100395983,-0.004816521136553842,0.002557073401631138,0.009962523992124828,0.0436497039482473,0.009687480864155606,0.02639233286222864,0.045717641956759314,0.002318695295295159,0.014483035412495626,0.03128594213381142,0.04801620217704983,0.056607404078507395,0.14315862145362934,0.045025114828728396,-0.2962847675794805,0.05865814634859867,0.048000147646838354,0.05552052465699453,0.045005716745628366,-0.02193611103728177,0.049528498078929006,0.0011002795778323193,0.04045711102270988,0.06852370038585853,0.056917508009161955,-0.009159895943005147,0.01798826764536665,0.04441206842482748,0.004644417333143469,,,,,,,,,,,,,,,,,,,,,,,,,,,,,,,,,,,,,,,,,,,,,,,,,,,,,,,,,,,,,,,,,,,,,,,,,,,,,,,,,,,,,,,,,,,,,,,,,,,,,,,,,,,,,,,,,,,,,,,,,,,,,,,,,,,,,,,,,,,,,,,,,,,,,,,,,,,,,,,,,,,,,,,,,,,,,,,,,,,,,,,,,,,,,,,,,,,,,
2018-02-28,-0.0363603696965803,-0.04433794816504111,-0.02971104530511759,-0.06994631331701062,-0.012927849838066496,-0.03804329182532329,-0.037024776707313634,-0.03843689350565116,-0.04835699466406507,-0.03809989433587435,-0.04399104389954156,-0.05553710323820815,-0.03702843211160767,-0.03707627662924318,-0.027509499281362704,-0.04988611236978702,-0.03586421230084735,-0.040421262040061356,-0.03886483772365035,-0.0503946577590918,-0.061772835869295495,-0.059887916296509025,-0.05457051676792879,-0.05541630261347086,-0.03759586153437411,-0.0314781472492458,-0.04982457499829385,-0.04834777367628629,-0.04068010644299003,-0.03095204367429072,-0.037335372558992774,-0.030414375387653902,-0.00932785381949175,-0.0010059352061142501,-0.06867220511929018,-0.05898480315781918,-0.0100869601926864,-0.04251899607798737,-0.010337200132649604,-0.044372516144003726,-0.040156149916350525,-0.037120018901408036,-0.020759902030566435,-0.020123856605766877,-0.03309164960293942,-0.06145925273568775,-0.05328991449117848,-0.0303588562095517,-0.06937075171200535,-0.03609356174412326,-0.017533034995414032,-0.04879535833908677,-0.04821801578628182,-0.032237553625307,-0.02942800459218109,-0.046995352711094895,-0.05443427049282734,-0.05398220300750323,-0.01252033895859006,-0.041084556633497527,-0.03670804939547545,-0.04722411009991834,9.077138071544866e-05,-0.0036845451855473943,-0.05307719430116442,-0.006602083137591808,-0.010362492329977546,-0.002951486062156783,-0.11244017956151209,0.0008311546003505477,-0.05107473794671036,-0.006021934280504682,-0.005283913592722289,-0.009030805826281796,-0.04453440357644611,-0.038172187775249666,-0.08120165463917473,-0.04475066970934294,-0.05049329711220718,-0.044427385411634934,-0.005411169109160396,-0.03699318577520494,-0.053191487185829445,-0.039943894775398614,-0.015251256787648604,-0.005412550847993858,-0.034706167494658824,-0.01908758921130782,0.01428283438777167,-0.057855633957527686,0.026822215863157473,-0.007294428374497786,-0.009103345534543505,-0.037259855727908575,-0.053909768588269014,-0.03698319686912188,-0.038464829824005786,-0.00020093240817853353,0.4794354592600176,-0.04174984115077285,-0.06146719796522604,0.05537968580777508,-0.017817355853925076,0.035192287495589225,-0.04247536913347971,-0.030001534541992725,-0.012120082112476394,-0.0014824968754585388,-0.07865790803504369,-0.007000678908221647,0.0534283531547004,-0.003873682575364912,-0.04875582452803073,-0.004019903576857442,-0.06774668176115084,-0.0003158751026525186,-0.033000952615011125,-0.0009284067791708317,-0.022934198310139098,-0.029069141262436538,0.002318851780513276,-0.0371847148033011,-0.042026390388144264,-0.038683187133349284,-0.059611493288298734,0.018369295060858493,-0.052444655527399964,0.14368186592888788,-0.0336343850988714,-0.04580166114920603,-0.05349680024602621,-0.025715380052896863,0.009377296349962538,-0.04824465931612543,0.0005802048852661112,-0.03739994740312991,-0.02542903414722708,-0.035360857452676586,-0.02020352725540764,-0.03214230760881942,-0.041841310804677456,-0.012028704454997263,,,,,,,,,,,,,,,,,,,,,,,,,,,,,,,,,,,,,,,,,,,,,,,,,,,,,,,,,,,,,,,,,,,,,,,,,,,,,,,,,,,,,,,,,,,,,,,,,,,,,,,,,,,,,,,,,,,,,,,,,,,,,,,,,,,,,,,,,,,,,,,,,,,,,,,,,,,,,,,,,,,,,,,,,,,,,,,,,,,,,,,,,,,,,,,,,,,,,
2018-03-29,-0.027410111179103525,0.009763718628098328,-0.0063858107702616795,-0.00827655335882449,-0.04078843629339912,-0.024776863019499107,-0.022380514263253604,0.012175043861329504,-0.017692444033157506,0.019840243123782075,0.009621007276740423,-0.02023199771269857,-0.02017329487114705,-0.021867283083072953,0.012966698514758068,0.011111326472801109,0.025149432767400448,0.01362723357097817,0.010995879564083877,0.008219769626687468,-0.003206766534528782,-0.006645248220054412,-0.01791624545207049,-0.01991606220816211,-0.01963189361645079,-0.0013289253363232278,0.002481487166011709,-0.008396015555971692,0.00031270016677620305,-0.0028761622626047867,0.0068246667355649215,0.028596629828391062,0.011557634511944137,0.0024719428441286606,-0.005032074445764589,0.005414523118297376,0.006711056561730988,-0.005015774763248104,0.010096696949731365,-0.024617692517017398,-0.0011456855344469385,-0.024481346681338945,0.006320007324218668,0.005529201869503009,-0.019530679481664648,-0.0035129532274557063,-0.012669519502703008,0.014458690436593535,-0.0022892222733154055,-0.02221470468786446,-0.02573581190172558,0.001305884152395187,-0.01923523696038132,-0.028496172486546567,-0.015135496638997936,0.05820535761438017,-0.0032341649813382167,-0.019604803063785425,-0.015218727225024042,-0.018874297123812833,0.02335581746005877,-0.021493581440733434,0.0016697139615109435,0.0060303472060978525,-0.004385137147502105,0.004511333787844629,0.0068656476441031344,0.0022995057986163747,0.013027807960327209,0.0013015991459737197,-0.0038993367620351327,0.004936384954874029,0.0019936518536116665,-0.005465261413270972,0.06591335374842955,-0.0010727014852703887,0.045645836039887255,-0.014974548759917217,-0.006597578546970628,-0.012790228810193649,0.0070508872887347085,-0.022865402340304097,-0.0032525802459143494,0.008642870223035226,0.0025643367501071435,0.0014298226009605841,0.013804075861040932,-0.052175765251524564,-0.0894186184039567,0.078309824768926,0.019874983645108868,0.011717701842842043,0.008268516439521534,-0.024676561649674023,-0.020601366361896023,0.02583774682426987,0.011338482556563445,0.005421969731759013,0.06704825977853845,0.004793073182244978,0.007425057333487306,-0.07046472508670854,-0.0578230490763848,-0.0036611715010603785,-0.002623416074520213,0.008485028349736634,0.01267092556471261,0.002939861855234982,-0.005536012378117627,0.007549814551071732,0.024936608469692034,-0.0005110467475080149,-0.003931239980894619,0.002905937066238762,0.004770093802172637,0.002431166857717937,-0.02271366000721664,0.0019717732901800566,-0.030800471524773054,-0.012968378008740178,0.0026740466302075383,-0.009655177893265199,0.02527622280518016,-0.027174336676755506,-0.0034101437129137047,-0.009275901722306856,-0.002724669418344705,-0.411665755224647,-0.0178403662187393,-0.002527569436141519,-0.0011409137122199153,-0.011386793299991704,0.01062334938868359,-0.006566723150771225,0.0012806338957198626,-0.01698984475370402,-0.028523570937543874,-0.0252777582994953,0.005174052718269095,0.014759489919935698,-0.005478960736429284,-0.0029331375212243715,,,,,,,,,,,,,,,,,,,,,,,,,,,,,,,,,,,,,,,,,,,,,,,,,,,,,,,,,,,,,,,,,,,,,,,,,,,,,,,,,,,,,,,,,,,,,,,,,,,,,,,,,,,,,,,,,,,,,,,,,,,,,,,,,,,,,,,,,,,,,,,,,,,,,,,,,,,,,,,,,,,,,,,,,,,,,,,,,,,,,,,,,,,,,,,,,,,,,
2018-04-30,0.00516788658069145,-0.0035700258600245283,-0.0006591431393654368,0.020682445511598146,0.005058464950521202,0.003542236307213953,0.002587113341907088,0.009813865076997885,0.0031677627265489505,0.010517759687094452,-0.0032519441948523076,0.005030086302707293,0.0031977509744021138,0.002800558527120689,0.002203392150735617,0.01846057326070638,0.0034514109509666824,0.017633901452922318,-0.01218345606742488,0.005954993066912273,0.020801846676434588,0.022606928389988568,0.004894977389915622,0.004762019701352926,0.004494852551367279,-0.009922551481315156,0.004627759869374692,0.015212198321908899,-0.0017921145455491727,-0.0009108707173449693,0.002151026638428588,-0.02088113988426943,-0.012765293425868407,-0.002348547304587445,0.033027031545294516,-0.02816916317910234,-0.009410338755396541,0.012615702470762491,-0.001312892842365132,0.004167481451345267,-0.0019455436852554575,0.003135087555384386,-0.009539745360543916,-0.008640978839966396,0.0033375961363177886,0.021496053764732626,0.023464535223739924,0.013534087214007284,0.009523837837842386,0.00452474650314838,0.0014615495202960904,-0.0035089769811318394,0.008077918707712461,-0.008549000884176428,-0.0426776737651694,0.054239880051231815,-0.0019467704911255712,0.022853540372500536,0.020698765387073825,0.019864706087485695,0.046246274799112586,0.001333687619506252,0.0009337671332401154,-0.007655204101513324,0.005701603374646647,-0.005518191181094312,-0.008528198532596787,-0.0022214261025766957,0.0004434691450188044,0.0010387471181667607,0.012655689707077089,-0.0069172856524513104,-0.004097707235440784,0.004761529995023439,0.060070699956528584,0.006596145682692178,0.04953567574647311,0.004044411313982366,0.005635056202115907,0.004210301331969424,0.006705458839109113,0.003170684505583665,0.014238998152470206,0.006654029250743099,-0.010642470003125126,-0.0011117055219509453,-0.022063401583401587,-0.030118466470144156,0.01623763965776437,0.08411706696408294,0.012806317444849391,-0.035253654411094404,-7.344842316647782e-05,0.0034700804799727702,0.0055945338811451695,0.0043496571229706404,0.010579933229541982,-0.0006002773421700525,-0.1231162508481003,-0.0026476217985855754,0.007941356053436044,0.08387091852003525,-0.0770156812281213,-0.007873996038722075,0.0021181229692126546,0.005563866243301296,-0.03257194167605315,-0.0036442199245672047,0.024025766265028503,-0.007788478744229277,-0.07546391437963107,0.005574221145196123,0.011536241174924688,-0.003411217726778104,0.007670110085314041,0.0039145069852721814,0.00390141646062947,0.0038037837841877753,0.01887402706752561,-0.013058002829527737,0.00031868499867782063,0.03760454032504712,-0.03995473510922798,-0.0005901052345188562,0.020531477415485222,-0.052759947228301796,0.02011591612635688,0.5109629572972827,0.0009364804986413677,0.014074863698025686,0.018400986784659512,0.014973302683701784,-0.01659153421163817,0.016339926558899487,0.000980177555851336,-0.021944084254741814,-0.016053881335370113,0.010606893616825541,-0.008307193666559187,0.012287517704514972,0.0,0.006605308892203121,,,,,,,,,,,,,,,,,,,,,,,,,,,,,,,,,,,,,,,,,,,,,,,,,,,,,,,,,,,,,,,,,,,,,,,,,,,,,,,,,,,,,,,,,,,,,,,,,,,,,,,,,,,,,,,,,,,,,,,,,,,,,,,,,,,,,,,,,,,,,,,,,,,,,,,,,,,,,,,,,,,,,,,,,,,,,,,,,,,,,,,,,,,,,,,,,,,,,
2018-05-31,0.024309208360510537,0.04120293665360375,-0.014841738376821234,0.021684930773538946,0.056729338128062246,0.024107598856393464,0.025740267236364023,0.061635465762196695,0.005899821406635919,0.06450816348108668,0.04177334732909577,0.002457077058874324,0.028054710228864854,0.02649260132496356,0.062254950442664825,0.058325895844775655,0.07108038136384875,0.058697462479723406,0.04098844334698093,0.04233665477987669,-0.026470439882475882,-0.03586746173722055,0.005057823102342374,0.002708112489818504,0.027213172565771604,0.03770638749160504,0.011516722477107999,-0.01894217033327439,0.022710476529557377,-0.016562674638280206,0.04865846745047642,0.0200440631247778,0.00986117307914025,0.003523072173952535,-0.04783624330925529,-0.02621483583013151,0.0066185888957970285,0.013912125146235965,0.003291972628594486,0.006080335936770709,0.018192902413428413,0.024426580372172157,-0.011959209467577336,-0.012678276455073134,0.008001231926696883,-0.02424285076538457,-0.041196555935248735,0.0732413795004705,-0.013836573270506025,0.025418237433224133,0.016264008654852002,0.012653946804649596,0.01458525337468064,0.08841107009402327,0.11525291372602386,-0.018115941778598432,0.005201555468841601,-0.030895595629457873,0.024983940530543203,0.02633928042700795,0.015499452157356819,0.015980678318544328,0.0015693409112382817,0.007382973977051233,-0.01993408234902505,0.0072717070585686105,0.0068199180066434995,0.0036278404060869907,0.05895389872299783,0.0014988211449455946,-0.014282869991693703,0.012508889972985715,0.008468155577478598,-0.002436073127284777,-0.002083301544189453,-0.009753371253261256,0.018583988939854024,0.004723187025612585,-0.018611143914306294,0.005680373070606981,0.016308722899188943,0.02465251287792869,-0.016963871445476952,0.05489318522004916,0.005836757193087738,0.0036920935534392463,0.01040143758646117,0.0033729104127309117,0.02206522531229993,0.04240959810923384,-0.008796033134388148,-0.05392412342599118,0.002530075961379552,0.02416453524446993,0.001697540266133668,0.06809253422884143,0.060866535759455775,0.003348752182668724,-0.10981643760555149,0.034129387000996436,0.01251081012012678,0.02083335698597133,0.05084750188310272,-0.014285738794351799,0.009992422602018713,-0.010660982223257842,-0.06179442227245602,0.003492974986518016,-0.03719597367106697,0.007739272262352825,0.02319359750196881,0.0015017032467075087,-0.015156027287392404,0.003940735217453639,0.019149740598411347,0.00010591997096653927,0.019796043431558052,-3.2875528164222345e-06,0.02191698909571893,0.026951168320609176,0.0017948604580728666,-0.0010066148828752342,-0.028335399557839036,0.01593854229881142,-0.02327429869477904,0.11687064393811131,-0.007834144438478297,-0.22523661558437424,0.023381797285676686,-0.0046267418108622005,-0.020560872131673014,-0.011551716622261177,0.014575922802296803,-0.020754077685836148,0.001661142485191336,0.0050144097483002525,0.0445837139991454,0.01585545078684647,0.004676477297900883,0.060031426475042116,0.014143215309279311,-0.00014467445465504714,,,,,,,,,,,,,,,,,,,,,,,,,,,,,,,,,,,,,,,,,,,,,,,,,,,,,,,,,,,,,,,,,,,,,,,,,,,,,,,,,,,,,,,,,,,,,,,,,,,,,,,,,,,,,,,,,,,,,,,,,,,,,,,,,,,,,,,,,,,,,,,,,,,,,,,,,,,,,,,,,,,,,,,,,,,,,,,,,,,,,,,,,,,,,,,,,,,,,
2018-06-29,0.005750766591039014,0.004141191761066532,-0.02312847391025219,-0.0002322179721039319,0.011450357485443652,0.005874159551043423,0.006289892047337098,0.006143775491434411,0.0027262047909077936,0.01044045676998362,0.004388666059431223,0.006205509568282475,0.0065119253189998005,0.006480462590421121,0.007146910362234138,0.004186712866193432,0.012977493642343019,0.007996965945251011,0.003489357510890745,0.004282286659424761,-0.012693169666667559,-0.017056688806002418,0.0067522076351334,0.006664448217571062,0.007035722680889034,0.0032459803655460195,0.007514711895745485,-0.01584123556473571,0.006595375532765679,-0.022817801294676143,0.007947048095306997,0.006457839433081647,0.0019746057450842347,0.00043173631058213147,-0.01043032190298776,-0.045456808262565596,0.001026367763226066,0.009038116701184151,0.006473671569503292,0.0020481856848753033,0.009455793478807317,0.006088799582751214,-0.03614944763120931,-0.035312967819921215,0.01068275797762519,-0.012384262507852295,-0.014390159047039441,0.010911308154511135,0.005255626792265877,0.004974047243865964,-0.02909009375677829,0.014097901740479202,0.00469542613513485,0.006090768110639022,-0.03172691258997784,0.1114391297141335,-0.02005177353504428,-0.008177322531411013,-0.03084377930915838,0.050794345057928014,0.012436365557532802,-0.0028946837383521107,0.0015243526548884834,-3.3471390139094837e-05,-0.02123149130221269,0.0011342756101371254,0.0018853427749851992,0.0004987195193384419,-0.007953061178867626,0.0014872966182204461,-0.016532420061542874,0.0013777671821544324,0.0023778761808028737,0.0007613116228462058,0.057202458799279876,-0.022981943818765505,-0.0005792197645736463,-0.005852996716694259,-0.02186075233920326,-0.005953795983054455,0.003475855213266321,0.006926554451072819,-0.016661879644703448,0.004574566162162785,-0.0017333547966814633,-0.00020490552355900693,-0.006032400135976723,-0.059464419059557905,-0.03647766274229802,0.025427700681875054,-0.08818636117776602,-0.0342714115141699,0.0063779103970915685,0.007584359800921536,0.005589030655394955,0.01418636688417596,0.007078059337461751,0.0019898645238551893,-0.0013088805251819657,0.008884343399836014,0.010738648435444142,-0.06997083591585374,-0.0595534083028586,-0.1282876810151231,0.016957193301431417,-0.009959116426081382,-0.029540192787128494,0.000643054470835347,-0.009338774427356755,0.002564298633661144,-0.07279860668767635,0.0027189151964679414,-0.017188663569829732,0.00032577904943109637,0.024059877874112567,-0.002441949323108372,-0.01065518092630069,-0.0010503455632561165,0.012330375838480068,-3.1710190949607586e-05,0.0009568732274809477,-0.005374510370558361,-0.1324422079498232,0.0014577729275433438,-0.014814474125972144,-0.0575670485273726,-0.013222519595497917,-0.3053746163567431,0.004875440335337711,-0.013745179444068834,-0.01300213713871401,-0.020882369881673468,0.025631186550422846,-0.012907728137647845,0.001610861800175778,-0.028025082879380325,0.004785009741246293,0.013447237852259208,-0.00710910743266957,0.012358306495880322,0.008470355999008916,0.004211710462608709,,,,,,,,,,,,,,,,,,,,,,,,,,,,,,,,,,,,,,,,,,,,,,,,,,,,,,,,,,,,,,,,,,,,,,,,,,,,,,,,,,,,,,,,,,,,,,,,,,,,,,,,,,,,,,,,,,,,,,,,,,,,,,,,,,,,,,,,,,,,,,,,,,,,,,,,,,,,,,,,,,,,,,,,,,,,,,,,,,,,,,,,,,,,,,,,,,,,,
2018-07-31,0.03704655936199375,0.017041323496673977,0.010706326333265626,0.024552740012921515,0.027963874457256788,0.03746547386070587,0.03448861690338334,0.016490680564597904,0.03858921308255159,0.03235059349497904,0.01704514605014773,0.0398619464939034,0.03324314767843739,0.033738819309001356,0.017312224124996334,0.01809856159195311,0.03699183087654223,0.026152862054983794,0.0137915386034404,0.020860331420692324,0.03668062661371074,0.038039458211710286,0.03837540520238081,0.03982434809552671,0.03318413390438657,0.021362574961323544,0.026893393433666812,0.028520222774332638,0.024800690004307624,0.007951414449846705,0.016553184712325697,-0.014368880348145874,-0.00527764519854701,-0.0006001483798369067,0.04356896715310521,0.03531027758200067,-0.0002925030052900457,0.022713335425270653,-0.0053274928989112125,0.046518599269103955,0.0253107795651204,0.03614964951302713,-0.022418909632539674,-0.023294565389526012,0.032178052654529665,0.0340278294090397,0.03037965047305069,-0.00024147093836512923,0.03010893642415624,0.03356311655438371,0.02417325090232758,0.03926637808755151,0.03614539096223379,0.0010506345648251258,0.030726884527857212,-0.05179287283614564,-0.03564356273597147,0.03001090434240994,0.008361040751509563,0.022034965708163767,-0.036292552990959126,0.04093870122871457,0.0012774538699835691,-0.002812527695649658,0.028935410664218342,-0.0017127120247231176,-0.00036690713572373745,0.0005641822681650144,-0.0375527961327663,0.001388292499080901,0.022843753700748426,0.0014986201145186229,0.001170798395390804,0.017726405216052177,-0.02685625250283019,0.011794596068793739,-0.01593738811390677,0.030652174384688147,0.028571368463781832,0.028758402791297932,0.0036343993375378414,0.03569780141166068,0.02511367781155016,0.016311086435402578,0.00792529963132349,0.0028875887962107605,0.004971214648952449,-0.01836334261306749,-0.019757267792683053,-0.06131652802701726,0.0316300811145227,0.02888177847603579,-0.005221997662830158,0.03563002293303619,0.04030158249997284,0.03615406040799862,0.015699038060481563,-0.0018428542067637776,-0.1520315286966215,0.020586382455791252,0.012708841607642407,0.08777433159537407,-0.09102903221179726,0.03817739211647231,0.032919469964418635,0.02656708292802934,0.025027863089576607,-0.0006439037739468523,0.07029106601295987,-0.004920458595878641,0.0028208493018853087,0.013878942984653975,0.02445941554104336,0.001858065500688344,0.018474015554923673,0.010046483813340057,0.034136572689066114,0.008172597002513937,0.03333146725045588,0.03714803001352229,0.0010379112840301907,0.03144451579870644,-0.017507009824801578,0.05134164989288048,0.034678384467614176,-0.0010093772991129901,0.026434889857575916,0.22157084576091046,0.035433802657109714,0.021443261946838543,0.033082214241020313,0.007668141527998218,-0.0028636733769928924,0.02686908618667161,0.002130498415642723,0.032198342201726016,0.022923851426210895,0.03247605216024896,0.012100749797853139,0.015371248888540467,0.030830683143864945,0.011181957822956168,0.03921578439292417,,,,,,,,,,,,,,,,,,,,,,,,,,,,,,,,,,,,,,,,,,,,,,,,,,,,,,,,,,,,,,,,,,,,,,,,,,,,,,,,,,,,,,,,,,,,,,,,,,,,,,,,,,,,,,,,,,,,,,,,,,,,,,,,,,,,,,,,,,,,,,,,,,,,,,,,,,,,,,,,,,,,,,,,,,,,,,,,,,,,,,,,,,,,,,,,,,,,
2018-08-31,0.031920072673680355,0.03162816579292205,-0.00529641906541467,-0.014036356819880469,0.05780658513277692,0.032335778126848735,0.03392559597206324,0.04310628670477956,0.014203435162681632,0.0481661952447201,0.03154968364095434,0.013360213157246115,0.034424839320774225,0.03384440376362896,0.06157548285165726,0.023939800184408666,0.0669559712197294,0.031395473551094844,0.03804658637778324,0.02533118658916278,-0.03106809135800337,-0.03171237188886411,0.013993631304641374,0.01330775338020107,0.034323528827100436,0.05751727687807984,0.012948181644735213,-0.02235787696717062,0.030718706699072618,-0.013884459115252712,0.04476029948075677,0.013120624674982206,0.010140449186132328,0.003467960281076099,-0.043000039152231606,-0.037672732760629324,0.005680683380080653,0.010504208178487628,0.006447018394618587,0.018957757511522066,0.024871404893446636,0.03256709368898569,-0.021381117106768266,-0.020442911055977397,0.022157403003810305,-0.028256427047804067,-0.03836677201662242,0.043086485028084764,-0.010572109263847107,0.03520483462270141,0.02318790424767969,0.020033312099762224,0.019713738243784862,0.05089728428166329,0.059084007053518794,0.030112066751860622,-0.06570842304628133,-0.014028678138418349,0.026662237913309683,0.04956651794108802,0.01042875450688463,0.011105074730900055,0.0017689839125019091,0.006800276225223056,-0.023434899215839744,0.00618970253319695,0.006688097908756685,0.003769201117158172,0.049978137820617,0.0015854486702508996,-0.01731989428153713,0.001553436652141027,0.002213819813632334,0.006177394991605523,0.0353084764928564,-0.011814668341705525,0.008833900033811126,0.0069577020265050304,-0.02304541226202461,0.008611409605114417,0.005324569882662278,0.03268449556005293,-0.018890210043448596,0.046141608815790214,0.005819929895629183,0.005385625138790706,0.0059962403569422396,-0.062146936963386135,0.05044487443251766,0.04226710283449231,-0.04481122420749439,-0.06735125142370346,0.006817914581605411,0.032198237829385246,0.010590041714713117,0.06639729139961581,0.04366762651010836,0.004872060362305364,-0.07496134007550148,0.04355631343799771,-0.012585069634667989,-0.03890496424023715,-0.014513774538514657,-0.06346385585784531,0.030595647648863133,-0.010954331194406808,-0.07083133167027966,0.002887984649423858,0.0014033210559887266,0.007491650699770203,-0.05438349046231783,0.004998165105610353,-0.01863828505410836,0.0034725651176250594,0.003966963467918694,0.004249430717206293,0.036052541037280283,0.0037553485168768663,0.02472754823966472,0.03731962004466771,0.0019150278091200068,-0.014361844966579662,-0.08660002371521802,0.028024672415537966,-0.02396933820338809,0.0952234626430235,-0.003050011343373682,-0.0882917273890017,0.036337784486039304,-0.01866038512048862,-0.02682329069122913,-0.011369442964477394,0.011230177588226642,-0.021082369326864026,0.001358960157793243,0.01780675935056908,0.024284967112379707,0.030645997351046006,0.0023448840585105213,0.040370384063604936,0.023131951830301256,0.0064309915243729865,0.03148716203004098,,,,,,,,,,,,,,,,,,,,,,,,,,,,,,,,,,,,,,,,,,,,,,,,,,,,,,,,,,,,,,,,,,,,,,,,,,,,,,,,,,,,,,,,,,,,,,,,,,,,,,,,,,,,,,,,,,,,,,,,,,,,,,,,,,,,,,,,,,,,,,,,,,,,,,,,,,,,,,,,,,,,,,,,,,,,,,,,,,,,,,,,,,,,,,,,,,,,
2018-09-28,0.005945269186862001,-0.010703150394353211,0.0345240348312601,-0.000694344633491828,-0.0028159835280103795,0.005356304646090049,0.003828632559779832,-0.023250303300483388,0.0024062599683152275,-0.03082948608387792,-0.010876866605709079,0.004038211554394211,0.0016446301327810442,0.002810024073184758,-0.02250648636140029,-0.024718772298155223,-0.03363321560325505,-0.030545906777351917,-0.012431891596153655,-0.00958522222783198,0.0035625432561612325,-0.005094676238441065,0.0030939098623008476,0.0038501102928261144,0.001960790406374313,-0.004419370498475961,-0.0074822378643016885,0.009652523250480272,-0.006307386649731961,0.03999995951647928,-0.016162676449328006,-0.028643099613644085,-0.012050607529669466,-0.001430533523454236,0.000943636305643647,-0.005791093803809377,-0.006197625515676597,-0.003874371756244166,-0.009704126431674953,0.006238124816611901,-0.004246744933125712,0.0051234155983264085,-0.006607347245927042,-0.006086929984714717,0.00676060954845803,0.000676708656520475,0.02044007888243704,-0.03079990606933991,0.002020073626506136,0.004337293563191569,-0.053346438246672956,0.002503641058448025,0.0035352401681090218,-0.04192065952713342,-0.0344477400364096,0.055064610300214145,0.0058608004352946885,0.057096315706607115,-0.054752077303172886,-0.01751387703108931,0.03841743439087275,0.0039951026264894995,0.0013874065529686508,-0.006641215468365713,0.004453368175234562,-0.006164793283025549,-0.0054589949112487934,-0.0015613098884930121,0.03674317881978206,0.0013999841890903753,0.007108121157743952,-0.006817703999495328,-0.005270219382281227,0.0061398101035514685,0.06664048766515185,-0.007173584713743075,0.05487452306539109,0.006096483678183606,0.004422930890321641,0.0007932022179877318,-0.00916672408292507,0.0051719381889905325,0.008724201554485944,-0.023397273209531666,-0.004670630291554012,-0.0008433598095578532,-0.008820656332423904,0.03574299944624326,0.09454388731493624,0.07465432603354993,-0.020370423570306828,0.02401362076238156,-0.009617822456297165,0.005761335249581112,0.006575663892346428,-0.0320428860606754,-0.02389017461051579,-0.0017484781567919105,-0.08354219093525928,-0.0073287704275663,-0.007498907377193054,-0.06296847286966589,-0.023564042461120205,0.0037998999215740348,0.012437080796200206,0.008029846773864202,0.020833248556362705,-0.00047562749604046495,-0.08996625477294184,-0.009240082647118175,-0.003470485600369,0.0060896643211416635,0.0058075328829569894,-0.000387749704812701,-0.0034439740564585763,0.005949051579751785,-0.0019575922151375824,0.004592620182285012,-0.0018763457837911446,0.010676264861886553,0.0015156135019886996,0.014571113032949334,-0.007023087504298586,0.0063980856866701075,-0.0018729914351811594,-0.0338271950436273,0.004419050093340315,-0.164210530526962,0.00413532884463752,0.0060599005395616246,0.005810307136473902,0.03955091715274883,-0.02537526127324119,0.011425075374190463,0.0013796277388158362,-0.00458758011381688,0.0070932141947739336,0.007534386010910499,-0.003259736448183226,-0.025482562965412292,-0.0007388537541435092,0.004382300770183978,0.0048440881128191116,-0.013826638119160406,0.0058938505127899,0.006666715439110682,-0.006666660308837891,0.007803385465794621,,,,,,,,,,,,,,,,,,,,,,,,,,,,,,,,,,,,,,,,,,,,,,,,,,,,,,,,,,,,,,,,,,,,,,,,,,,,,,,,,,,,,,,,,,,,,,,,,,,,,,,,,,,,,,,,,,,,,,,,,,,,,,,,,,,,,,,,,,,,,,,,,,,,,,,,,,,,,,,,,,,,,,,,,,,,,,,,,,,,,,,,,,,,,,,
2018-10-31,-0.06910424689371075,-0.09609210407830326,-0.08949016024552736,-0.07887416681527815,-0.08595742426976727,-0.06822022496544144,-0.07092943178848155,-0.10987835985774352,-0.051571610391320744,-0.10534147660588877,-0.09558292212264319,-0.05343609895885404,-0.0737662792117908,-0.07181130716347905,-0.12641832586426582,-0.08909757334078705,-0.111182925272162,-0.09938310800437922,-0.10238689967114678,-0.08886637142434128,-0.07721294363807907,-0.08875894672881435,-0.0555160330199721,-0.05366303458391597,-0.07410625137327276,-0.09905579931380937,-0.07256807805067478,-0.08133552952579925,-0.08281165932591783,-0.08999986097691526,-0.10055461938392485,-0.029305436987094646,-0.0030311168667821464,0.0015309936575800265,-0.08178701838359159,-0.0876047337848217,-0.006440505060972268,-0.038993862459397954,-0.01519189846637814,-0.04978300745708464,-0.08356143268482652,-0.06913318103010901,0.02119545356837582,0.020997354742806618,-0.0709619396711626,-0.0789752346686462,-0.07068557649498652,-0.11099576276845657,-0.0654383907671332,-0.07044305594641398,-0.07966492416218895,-0.04799300092508263,-0.06062126095111586,-0.17481987867801485,-0.11342372971102488,-0.11146910083016359,-0.023306606372406113,-0.09249363727241822,-0.09138343227909729,-0.076048465951852,-0.061844329182032864,-0.043977092578079136,0.001741122143228635,0.000664930691826271,-0.08299665057402228,-0.005974812223452863,-0.008622636264930983,0.0005772140364534994,0.07531215646311962,0.0017058061589876328,-0.08597182523615454,-0.005598996050453664,-0.008037134865755635,-0.019930064280798576,-0.08857037590961814,-0.09682081658440067,-0.16131710077936356,-0.07433330792445825,-0.07968124010178024,-0.07820177096667635,-0.016150142338139828,-0.07029880222960139,-0.08410368097094556,-0.10555328650884377,-0.008789588654879554,-0.0007181865770243823,-0.03517587226022878,0.02946880759586734,0.0046028723238327185,-0.09133787258322079,0.015753053275180173,-0.015021819635322675,-0.01479574232225156,-0.0683768455643855,-0.05353133730420867,-0.11226460502204516,-0.10870523001939414,-0.004843178865349018,0.41066549047410605,-0.0885204684775015,-0.05789129939727611,-0.01759997558593751,0.15535440651467436,-0.014511071947956422,-0.040498139480160344,-0.06249138544403976,0.005102074346543528,0.0011905404261101094,-0.07021860028057403,-0.004074529854812159,0.03980095631232272,-0.014638724172757023,-0.08270901969001676,-0.001186813048472013,-0.02470128819874351,-0.002968446983134476,-0.05907748300008275,-0.0012613104887709836,-0.04109331971598229,-0.07568897619276094,0.0019945744191975923,-0.0634602064412626,-0.11198422723883561,-0.05369619806425141,-0.0788157904604656,-0.2235243645130749,-0.0818951499956394,-0.15113334736524675,-0.07080848026894826,-0.08897144740918261,-0.08045628337550492,-0.07986768410747036,-0.014517135124437752,-0.0821226493389483,0.0017001717291023066,-0.025899710738194637,-0.08070056820643012,-0.06821951170052454,-0.01543106488848589,-0.09255350277152952,-0.07260512441044442,-0.014238214310018926,-0.07339662276803749,-0.13376274577260994,-0.033203084863092314,-0.03213876480586331,0.02097315422817747,-0.04607048151655113,-0.0438912522873971,,,,,,,,,,,,,,,,,,,,,,,,,,,,,,,,,,,,,,,,,,,,,,,,,,,,,,,,,,,,,,,,,,,,,,,,,,,,,,,,,,,,,,,,,,,,,,,,,,,,,,,,,,,,,,,,,,,,,,,,,,,,,,,,,,,,,,,,,,,,,,,,,,,,,,,,,,,,,,,,,,,,,,,,,,,,,,,,,,,,,,,,,,,,,,
2018-11-30,0.018549327231876855,0.03188323068408727,0.009117301383319898,0.004903785411072281,-0.0026497078818805697,0.019211077858861225,0.01923581644851824,0.017263343102444928,0.02822899178187699,0.016015211428243026,0.03152932898362071,0.025171296593235803,0.01898581897404994,0.01939723698857687,0.015275025580585133,0.015765622690843806,0.02649046986731074,0.00572061080630859,0.03371756454133923,0.029384347889201967,-0.0016831603180165189,-0.003478291277495771,0.02647879039492196,0.026825186654096944,0.02013566726413818,0.025214862770860602,0.024369957195896852,0.004963349279345275,0.024525313514611513,0.00794577917194661,0.018315221685290872,0.017872058059836826,0.013301258983867248,0.0038103421211344024,-0.0017077481665418448,0.049029523266840735,0.0077156660553812095,0.020653235771657563,0.004790531697804745,0.032708960469961745,0.02339313168509438,0.01915028201193336,0.003386881324189961,0.0034275888253232356,0.02903777330643198,-0.006759679599528834,0.004352319411019545,-0.003492028030959271,0.03399050229523248,0.020208725812761008,0.03453096578224435,0.04923272417893321,0.016043860222181072,0.03210698774303111,0.051857337845500506,-0.22189995852657807,-0.006711420851004624,0.0039930597946504776,0.032783855007632035,-0.016758737480855213,-0.1106533337120339,0.03555083553133631,0.0018685426211622058,0.008246385179116134,0.014665426906227408,0.00933137956918495,0.0063628430411661885,0.0036511300181973905,0.39775275761885753,0.001859189976565867,0.005057019769014959,0.01110864029754799,0.01003879511828032,-0.0074592728131271935,-0.21693545670464598,-0.0003556304362766216,-0.19267569302170284,0.015856955952900043,0.014354010223190716,0.017310402781943512,0.0009048948154606329,0.018865093647158604,0.005210151445055322,0.01599885506241039,-0.0021266656277195706,-0.0007719976956632735,0.005404606749677354,-0.05021972224789828,0.08832122739683634,-0.21142054443955682,0.003101689482475578,0.027023436217026964,0.004151099686048543,0.01885119456615425,0.025347465752390663,0.025084254336386058,0.015919022234949898,0.0002448768411740243,-0.08336021904028679,0.022761895860978765,0.010749051902427587,-0.011400663608199024,-0.018276745336084255,0.047375206799881164,0.032340779342522996,0.019337731253047608,0.020073815008851748,0.0037115891825054703,0.10467032559118006,0.008859621776357685,0.0,-0.004603848680205913,0.003402559070396105,0.002791886444969416,0.0332766787074974,-0.008116494161029886,-0.005928071019584369,-0.00962870578821351,-0.0038143773784827806,0.00921811611011547,0.002512457456936845,0.005349633952360877,0.026548662369391574,0.037353545789068354,-0.006111175470541741,0.0214273061452519,0.0071876119960034845,-0.2596440525167699,0.017219221934999807,0.00631259302012932,-0.010520502142764565,0.008683187102432433,-0.023378578921524396,0.006745404183622128,0.0018095933330790626,0.043010572808406033,0.016062884483937223,0.01617317200999957,-0.004043374872227612,0.004810908606613484,0.022668729598366077,-0.006012826140184724,0.018969453035557082,0.0008748272038969773,0.004444443714942681,0.005836224971710546,0.0032867675926266937,0.005681870960430491,-0.0045490010731708,0.005897198567823114,0.012361501261153318,0.011779517330940736,0.0011359626641180842,,,,,,,,,,,,,,,,,,,,,,,,,,,,,,,,,,,,,,,,,,,,,,,,,,,,,,,,,,,,,,,,,,,,,,,,,,,,,,,,,,,,,,,,,,,,,,,,,,,,,,,,,,,,,,,,,,,,,,,,,,,,,,,,,,,,,,,,,,,,,,,,,,,,,,,,,,,,,,,,,,,,,,,,,,,,,,,,,,,,,,,,,,
2018-12-31,-0.0880484468645415,-0.11316489447724964,-0.07691052346257743,-0.08555615934569705,-0.086607072478316,-0.0887534506633133,-0.08918009783294734,-0.1197216433720325,-0.09422283396379072,-0.12195659851939,-0.11333557893217094,-0.09391493680701812,-0.0915207163460593,-0.09039564296741864,-0.11751276978759417,-0.12143471921948656,-0.12067891204811976,-0.12391126755245963,-0.11293024838066035,-0.1140321606861392,-0.05094054945267812,-0.05342264396947349,-0.09575942989845942,-0.09437345650634188,-0.09176105508711885,-0.09036556317947453,-0.1043386280157319,-0.053497516548312474,-0.09873933796791368,-0.07804091039784089,-0.10698483463206365,0.05853520318048777,0.028042852235680815,0.007598451141095586,-0.04804525643949109,-0.034889016723379296,0.019812066423616326,-0.07993575475114523,0.0053134194100457055,-0.09142900947879962,-0.09802583224269779,-0.08777225590337268,0.04942010593064916,0.04953030929262359,-0.0918754609915402,-0.04845516419655682,-0.053854970459552565,-0.12252432300464189,-0.06116906574374792,-0.09052907319040404,-0.1515970463471178,-0.0779468963591553,-0.09805245524173589,-0.12109547134354992,-0.08296373531159074,-0.09972038587815368,0.09009014943189086,-0.11639721863854968,-0.15501704011755002,-0.11193125083538413,-0.07213760580278328,-0.08664752014470178,0.002005132738136295,0.017827271893549046,-0.04944972937062342,0.01765306095878416,0.018743300987766665,0.009923005110765049,-0.3378885507359851,0.0018281565531317323,-0.056776168046794195,0.013474682659054826,0.014095009383206847,-0.02327007061884412,-0.07518027734734756,-0.06636315441581186,-0.06375151245267974,-0.07210141285967975,-0.04897544439088153,-0.0723676504999432,0.1232232680929517,-0.08785747086840767,-0.05402322988708497,-0.11827002613623838,0.015606507013950832,0.008305215419020184,0.03475488824400208,-0.005419681303854951,0.06637407782577287,-0.08258523257783601,-0.007421202143921168,0.012517325876597152,0.005708719163877163,-0.08847165810639934,-0.09376089980650382,-0.12083538503102298,-0.1203408762355429,0.0012577086845593222,0.3609446228072686,-0.10661051941929955,-0.09442126160639486,-0.02306427526000432,-0.057180828381550586,-0.011002463231076454,-0.0668808372267562,-0.030952659137447047,0.04377388341269328,0.007518324318409375,0.008039915616844473,0.014969715519977944,-0.017703298499427644,-0.019903778252366888,-0.05483119762410971,0.008748163268672782,-0.07482560114473025,-0.028809782897380676,-0.1105234493546291,-0.03153589312433114,-0.092108793802118,-0.0847107210892285,0.0005182998492354596,-0.06386213278307262,-0.037500059360811466,-0.08260498259135995,-0.05128044198219861,-0.15249914399858733,-0.04801676827100143,-0.20541084867209136,-0.08931031009798429,-0.056747919840208993,-0.05179945519761775,-0.06940945310128144,-0.018253010302079264,-0.05371856477891712,0.002100926782973467,-0.0697931846223071,-0.09543783151337848,-0.08765652863768725,0.015945446993967716,-0.10972789619321677,-0.09680293782753879,-0.021778578966787143,-0.09096066723586027,-0.11232516560713501,-0.04424778038001698,-0.0402961409842757,0.04995902168480426,-0.05367231181808729,-0.019241726807581294,-0.04355109561652126,-0.07073684810277248,-0.042411610279578515,0.007974850735274153,,,,,,,,,,,,,,,,,,,,,,,,,,,,,,,,,,,,,,,,,,,,,,,,,,,,,,,,,,,,,,,,,,,,,,,,,,,,,,,,,,,,,,,,,,,,,,,,,,,,,,,,,,,,,,,,,,,,,,,,,,,,,,,,,,,,,,,,,,,,,,,,,,,,,,,,,,,,,,,,,,,,,,,,,,,,,,,,,,,,,,,,,,
2019-01-31,0.08006563425976232,0.10281813083785751,0.0708228175518979,0.12896497668015017,0.09010685453250655,0.07924955464579075,0.08212552404695517,0.11321867156098242,0.07636196802143091,0.10631867064915101,0.10291470927301871,0.08542598811475588,0.08487593722182751,0.08437109036012358,0.11571409726283322,0.10907551848142005,0.09055979361450106,0.12256339340768152,0.09182645430950909,0.1161630249140595,0.06390606625069006,0.06531655402084446,0.08820553310923529,0.08541967939831152,0.08540326319260005,0.11335862325082013,0.10216135253867287,0.06634909007250811,0.1060674090681959,0.07066838901015537,0.11551969513611615,0.003785716913654813,0.006525386944578937,0.002511393245475002,0.05951337152341485,0.10343074214674752,0.009108785163295163,0.06807738434846078,0.014245219751961802,0.06952526137519399,0.10471827200100758,0.08062008610638283,0.028865979381443196,0.028478468881700136,0.07911588594060981,0.06684511680971594,0.06501551564254715,0.10272882002918138,0.09695647697594945,0.08490219327946935,0.1413655574072763,0.06266762938120318,0.08250528376384603,0.16515652367185085,0.1077281927981264,0.17494829821455582,0.0365013578692972,0.07781845626761008,0.13186545695062302,0.07733538954701569,0.0834521458215598,0.06103321298110598,0.0024482765795807993,0.0051894449740705895,0.07569114520934006,0.008026146729465555,0.011110264685610494,0.006236666979904992,0.023067649667823265,0.0017486460943436644,0.07466363979449664,0.003760615501150699,0.004747577796319735,0.05239703783474736,0.14922051457634988,0.08085647725500689,0.049759903851645415,0.08042388182495541,0.07530983379571055,0.07989621054726648,0.00786367746528227,0.08073665512651118,0.07195778332606828,0.12013840224856964,0.02775678142254967,0.013344659231622868,0.028972842304541446,0.03402445989510605,0.07198659136284258,0.12785394661290095,0.008722822657448948,0.053636760515880955,0.01521173947308796,0.07919543474116275,0.08475945516040562,0.0937612580955638,0.11455704610929085,0.007957511779314919,-0.24501425694915124,0.11120410023971394,0.12280678854499882,0.020236100815824054,0.05500703217097169,0.024721854819886424,0.056488286903012774,0.0456043214343409,0.054781892251758224,0.0033807718155633992,-0.016196578619035784,0.010141763642520951,0.00828056846605607,0.03880127702467706,0.06690899447235288,0.0085610334410533,0.08686942944331699,0.024831883456443604,0.09838807945781003,0.034783462564922596,0.04877689919412065,0.08246472359886625,0.0017952933498672774,0.06199161930917829,0.034482839047670355,0.062387451266475935,0.06629563772640923,0.07856231962160631,0.07163894418918271,0.006305283307407539,0.08073192079903735,0.07531548788707765,0.07149349033576247,0.06546847322425386,0.07259939935466186,0.06535388069174419,0.0020991411592456988,0.07027018395867568,0.10732776666317179,0.07828154183156211,0.028960788480603128,0.10262371197879916,0.10185307972416191,0.049569631953136906,0.08054570939208672,0.1369768420071995,0.030808083312289014,0.03615068739328953,0.028861146206458965,0.0550106168959037,0.03082182138476197,0.045096331288035474,0.06116900864450492,0.0290925215544664,0.014147087336811248,,,,,,,,,,,,,,,,,,,,,,,,,,,,,,,,,,,,,,,,,,,,,,,,,,,,,,,,,,,,,,,,,,,,,,,,,,,,,,,,,,,,,,,,,,,,,,,,,,,,,,,,,,,,,,,,,,,,,,,,,,,,,,,,,,,,,,,,,,,,,,,,,,,,,,,,,,,,,,,,,,,,,,,,,,,,,,,,,,,,,,,,,,
2019-02-28,0.03241576080328423,0.043230760010815494,0.0014740308342007236,0.029575027319695746,0.02991221330953131,0.03229612643199431,0.03404798675385079,0.05179165280589526,0.031958665809938,0.04342121588228265,0.0437345888064935,0.02240835782410966,0.03507114186285598,0.0336420842062648,0.06450095292988856,0.03898716331670604,0.04529965554946935,0.041348795127723825,0.04559625090663766,0.03924638171351269,0.03147513396077306,0.03132524671595016,0.023212657038643503,0.021709858009216543,0.03558773382582636,0.05884668103561164,0.03196634496721029,0.02536662642570575,0.0435713143490879,0.00222881314682688,0.049577911250096696,-0.013764155819745327,-0.0052550183542503515,0.000860419247969757,0.0334747776328852,-0.015313246164970207,-0.001138182215234318,0.02893402590270666,-0.0017104272578745139,0.02863703152664132,0.04258126148473851,0.03279085665785342,-0.006092201492829408,-0.004746868511629088,0.04294693781233638,0.03161759613359605,0.017442132908929153,0.056423325660418744,0.0206451894710451,0.03534254386413527,0.06169346317440216,0.04246790535094802,0.02946770665928078,0.0662680329304155,0.09864634543617301,0.052863383932125974,-0.02790698145987447,0.018000087740968507,0.06892036818471858,0.03894965446717635,0.03489142207284601,0.03770408739773301,0.0016126938791001244,-0.0022166407974822944,0.016316638705996978,-0.0006655975886910026,-0.0009013354953548713,0.0009377576402114229,-0.021756373792336414,0.0018492217510661657,0.023325714976953238,0.00543837195156871,0.004406209190776389,0.014352859713030908,0.06346906066034186,0.020354072249594957,0.13264035905422777,0.02466834227309156,0.01573608335741916,0.0281509537574689,0.006411378283183833,0.03409835198769473,0.0240209638181359,0.049433467812913134,0.0014017716255050328,0.002524597902638037,-0.006838976174061373,0.06066833322679077,0.1469988589834632,0.0867553453194394,-0.03335397762287817,-0.013184433644377935,-0.0016650636569928157,0.03249891884991474,0.02267584940296663,0.04474545206056613,0.05147498757887781,0.0012143043930159525,-0.11423666481292882,0.04280847936921761,-0.02125014779691159,-0.1123966816043066,0.009358311695572441,-0.01930034356433763,0.038295009591388984,0.01664315273518846,-0.013864485539319293,0.0007423586068160404,-0.0033537375112814294,-0.0025746560775001814,-0.031884049424469096,0.009698859173678631,0.02743706802846657,0.002613096231414147,0.017965803461495566,0.021934806574426036,0.018943526722974502,0.02013063729415432,0.020657151516749073,0.04356693870704009,0.0021956572496786286,0.03538839118744974,0.19220764782999078,0.03773016241206051,0.03267503843980557,0.06589490670279963,0.03655235563295012,0.11779445537976363,0.032014724574727316,0.02310211228766823,0.0301066884999055,0.00029294816271163704,0.006396769404802827,0.024210485034194873,0.0018882751553859212,0.037878949342699864,0.02924451852196941,0.03427304286701749,-0.000639458995657094,0.05038489458509643,0.035182566507155455,0.014677389270371544,0.03183642445008639,0.05716272545692691,0.015025304243481363,0.014768572705131655,-0.005307027827986088,0.018189198346913127,0.0070600028903695655,0.01633852317455542,0.02348412933653843,0.016455600274795534,-0.0017933441982512788,0.0171593155287042,0.014602434396275399,0.024054985894176095,,,,,,,,,,,,,,,,,,,,,,,,,,,,,,,,,,,,,,,,,,,,,,,,,,,,,,,,,,,,,,,,,,,,,,,,,,,,,,,,,,,,,,,,,,,,,,,,,,,,,,,,,,,,,,,,,,,,,,,,,,,,,,,,,,,,,,,,,,,,,,,,,,,,,,,,,,,,,,,,,,,,,,,,,,,,,,,,,,,,,,,
2019-03-29,0.018100501884507514,-0.005552497519147992,0.006622224002773347,-0.007540414148877739,0.0392457555409349,0.01915843711011944,0.01770332065641167,-0.020933466599205475,0.006509496552065119,-0.032641699182876294,-0.005542531442238818,0.010125492145587556,0.014140270971183533,0.01612584137994455,-0.012839519815836642,-0.028304301919013897,-0.02777128528516093,-0.03913371684760547,0.006377960510892011,-0.017927418184377042,0.010715389430810518,0.00207670070562882,0.008776666932381438,0.011109645591429018,0.014167120492886154,0.013824645387112477,0.004755539745132653,0.00918033265685736,0.009054716658206896,0.009407975840082017,-0.009265287326550742,0.055716691954824205,0.026551461855171654,0.006268496814463953,0.0066382500244115406,0.011310139272044939,0.021225923377476308,0.009178930801209795,0.019750575870204568,0.005671875030691664,0.013529029836940376,0.018537461678407086,-0.01596899557748621,-0.015898236127033005,0.02219804649760082,0.0076187535879890245,-0.00244923041625833,-0.03180636621826327,0.00610909197358156,0.01735790712755536,-0.07268720189398137,0.007840247208349194,0.005417735289330983,0.015705594318225158,-0.0017208657908515113,0.04602512129819747,-0.030758701691393164,-0.005298911420482777,-0.08881011846966369,-0.01596531750059016,0.014631013888640299,0.005235411864882744,0.0022208092576492255,0.015563472953132429,0.010049966496607832,0.014450057682117823,0.019388210419534646,0.009653378155557446,-0.05054589660889908,0.0017488745405038753,0.006016523838971777,0.014849941829035318,0.014532788067328939,0.012754075880357263,0.02551250325639587,0.005073885153437763,0.07856091804807663,0.015767900729552364,0.009600606774315956,0.010647231318174244,0.020832722798174386,0.01765759212835416,0.006105410077827722,-0.017248712396519594,0.02431302870238028,0.011720404981720112,0.04528925482525481,-0.028720251561075383,-0.10821148272646097,0.02288442665651047,-0.026837066232043072,-0.018043867877748476,0.019084794018603635,0.019256495054823075,0.009932846855930544,-0.027664867849817587,-0.02105288517036985,0.007683043177972859,-0.06971345626566505,0.00021606440586086073,-0.01802893459572741,-0.014897564724294377,-0.03576158597424273,-0.03136532728800012,0.027137381121944415,0.016087772560874125,-0.02164699592363961,0.00598319922059809,0.0783113714744963,0.019880594894482684,-0.032435204400378725,0.00799015072971887,0.007961306274148816,0.009843412033716303,0.01488058634752365,-0.006900554208437271,-0.00952085633989852,-0.008139151180024728,0.02235986176329452,0.025326483961476853,0.0013960722183026242,0.017265624161754367,0.09477132906608832,0.010600248877418394,0.007910396521142005,0.06631473944775967,0.017439794739856573,0.07174902328377852,0.01727307951236967,0.009679792947911547,0.010572450213593543,0.008203510926572566,0.02023520658834399,0.009104090117105557,0.0019885946249158515,0.022987845532646434,0.014197498612792847,0.017962615151936534,0.026631228554088615,-0.028964634177762294,0.01098278242466555,0.009963763581330776,0.01728667632677916,-0.014378167406169262,0.009412672505472619,0.008050134742191517,-0.016006100608134566,0.008733597010331495,0.001657395493608771,0.007831793599860637,0.007926600366341185,0.004151151040016288,0.019764238938053902,0.008229267107652705,0.008597480736522778,0.013605180022900454,,,,,,,,,,,,,,,,,,,,,,,,,,,,,,,,,,,,,,,,,,,,,,,,,,,,,,,,,,,,,,,,,,,,,,,,,,,,,,,,,,,,,,,,,,,,,,,,,,,,,,,,,,,,,,,,,,,,,,,,,,,,,,,,,,,,,,,,,,,,,,,,,,,,,,,,,,,,,,,,,,,,,,,,,,,,,,,,,,,,,,,
2019-04-30,0.040852290595301044,0.039664197883872765,0.012792426484715458,0.03292319652915032,0.05499273288529882,0.03999196179007036,0.0393490615515566,0.03396681906701415,0.03449708076033797,0.038625752883399755,0.03954577643451085,0.040979544811585056,0.03923227389401185,0.04000629610726114,0.029543307491471493,0.03694760098811245,0.03395699758446913,0.04317476894960737,0.032496620825818834,0.04676048806773725,0.0371052750212173,0.05000015498760124,0.041583379428857814,0.040621010272559044,0.03925091913869738,0.04370899207000556,0.03269611552522367,0.029293602856077072,0.037256587646516515,0.006778469175916735,0.03585629257694811,-0.01991058997931694,-0.005185681951258458,0.0018343161118323792,0.05385439948499671,0.023532203606955182,-0.002003745853327854,0.029333831358713924,0.0022116817930828425,0.03363406272907543,0.03713809310480043,0.04029241833455366,-0.006638842503124187,-0.0072698022419973585,0.03416487748113717,0.039171836381527436,0.024754753488085868,0.0203750406021439,0.034635006910634925,0.04062615915623469,0.0890593921071745,0.021225163533884706,0.038457867848779026,-0.0589794936614384,0.10329874288053187,0.06319999694824219,-0.011283486880723781,0.027267456801746803,0.08687206397684011,0.014885570645063462,0.02758618091817855,0.028368059105029264,0.0019030221659714908,-0.0004967790674278438,0.028514592686452067,-0.000932964368415834,-0.000247132910741521,0.0015614543056345909,-0.04897783820061963,0.0019251503960353578,0.02838307917067162,0.0052725221279714685,0.006260984003204184,0.013100421310851651,0.051088387687119985,0.032556020692263266,0.11674616441462549,0.03423438881847929,0.028095836260796148,0.034713473570543885,0.004636529650155374,0.04023081430249298,0.028744764986863958,0.03632206967230789,0.004666304020153111,0.0023259426972135344,-0.007190965397701032,0.047286299918720465,0.0013022980307508814,0.07440168346843712,-0.010505571386814072,0.0037020774384288746,0.002727099664697308,0.04034069821868935,0.04249840894060686,0.03441748078235651,0.03447151943924753,0.004614605054396259,-0.12073272426497517,0.03610779595898217,-0.011419050346561654,-0.06616256898003647,-0.010989065691980104,-0.041269817049541135,0.02176878714766195,0.00041650452378627634,-0.0009124136333175104,0.002087645367857327,0.00737584676851899,-0.004128040539284394,-0.024239263958172552,0.008775362076089088,0.029455453975828494,0.002191661258452715,0.007975578806187711,0.02225572939542042,0.034184249317948945,0.021138034229440494,0.029848132130358973,0.03794463740963261,0.0026329045158164366,0.03498460332903952,-0.05008299317856735,0.03755091564711743,0.03989546095108043,-0.025037748124191572,0.029139582804324826,0.3828450787779387,0.038535799419309846,0.028520394424455198,0.037391913979905045,0.0029057882444094574,0.004515401931706187,0.03133930713572708,0.0021285802695960587,0.023274531306402446,0.06293277556604626,0.04361129801784691,0.005564169988564238,0.035755191183549195,0.036910749774730967,0.011652582138623302,0.04280526533977769,0.06354678842327166,0.03012675654354613,0.020141546767230123,-0.0061967408715416505,0.024793430613869072,0.0008262656701769622,0.02249488654694276,0.033112575970715596,0.02687061362767329,0.002741185175084926,0.015248174329708819,0.013180689093639897,0.027672857164520837,,,,,,,,,,,,,,,,,,,,,,,,,,,,,,,,,,,,,,,,,,,,,,,,,,,,,,,,,,,,,,,,,,,,,,,,,,,,,,,,,,,,,,,,,,,,,,,,,,,,,,,,,,,,,,,,,,,,,,,,,,,,,,,,,,,,,,,,,,,,,,,,,,,,,,,,,,,,,,,,,,,,,,,,,,,,,,,,,,,,,,,
2019-05-31,-0.0637707507315396,-0.08067405334302868,-0.04871883258646448,-0.04273208874446677,-0.08225141999547536,-0.06298568296316753,-0.06330300577446535,-0.07852610525812398,-0.0640316009093983,-0.08685878349979204,-0.07999397697502775,-0.07549442876464862,-0.06407278456440713,-0.06379385027581674,-0.07359100535677277,-0.0819593963907903,-0.0749510839970835,-0.09979880708407429,-0.06365475710935731,-0.09646398375604637,-0.05488905016051571,-0.06439691916530954,-0.07756978271689552,-0.0758489578883137,-0.06449891799794127,-0.05734451916177419,-0.06432557487667201,-0.050329354662258186,-0.06129402821171426,-0.04881330661437444,-0.06923066400028366,0.06839170448131826,0.03048654094484471,0.007217665914041271,-0.058624835895084826,-0.07329844972970423,0.019108451462627185,-0.07371860799737695,0.01752169401700021,-0.06328121578884971,-0.060580924248300305,-0.06339292181218992,0.017574298155486723,0.017900754085571124,-0.07073344972287066,-0.05672221827249324,-0.06208828210039896,-0.06846297343414665,-0.0377357192905341,-0.06275298026893716,-0.10002214648481633,-0.05565392685721671,-0.0733879045736453,-0.06760553786882495,-0.149965585475907,-0.16478552194652896,-0.026390929183494283,-0.09790350272887882,-0.10000009211411864,-0.12324874403793062,-0.08419763344458564,-0.06311748701779318,0.002428677448620853,0.018079575376959367,-0.05544819722322536,0.012125631097611667,0.01826254665668947,0.009155581209288721,-0.057322019302231575,0.0021221002333480232,-0.052105832998051604,0.014060865779071063,0.013915344839420918,-0.019825333901960507,-0.1513102259845377,-0.056651580391616,-0.13562939886256686,-0.06070773527799889,-0.056127967806285484,-0.05970135902690288,0.015617709952146397,-0.06327317053418002,-0.05215761119604323,-0.07409977304679582,0.015356722558931946,0.007304483809150941,0.04074949356852464,-0.10662377593902661,-0.04192489721789905,-0.13220337010498362,0.10882544279093076,-0.0036226916629894523,0.01645718762400139,-0.06347918711399181,-0.0765904036386078,-0.07549309035111618,-0.07780565229475545,0.005428492180510336,0.18702651785397562,-0.06935021176430822,-0.04878399613001172,0.14170040048142396,-0.023611056105588668,0.02450330306038495,-0.01614500479992287,-0.013743947772972054,-0.004566135442742536,0.007407787723148207,0.013235686933251722,0.024156314790764855,0.05708244816865804,-0.013587840271617302,-0.05067140011048221,0.008002886274378396,-0.06133844724639381,-0.01007966616486311,-0.09601597669553208,-0.00816185174766082,-0.05512752144263211,-0.06582540102258871,0.0015136742352233057,-0.04718881229831118,-0.09636867503283453,-0.057697330728980534,-0.05723255689348572,-0.04606677257575764,-0.043637655382640195,0.6732223898344472,-0.06302970722664691,-0.046793674945536545,-0.052908337879836065,-0.04114470859153052,0.01101072952533233,-0.050491288988648964,0.002247737486974488,-0.009022244214154873,-0.08842687425576179,-0.06491900755492941,0.010511408657095211,-0.07657051188383002,-0.06141974734371036,-0.015608142247937717,-0.06284100871127907,-0.14536925717752658,-0.05450681483498865,-0.0320838703796863,0.017147331904680208,-0.02764981549112766,-0.020231540944874227,-0.02879997466467754,-0.04086530564862889,-0.03864739121365912,0.017184090019068732,-0.020464077128676705,-0.018383316903267888,-0.04317526304990038,-0.029337036213935352,-0.04856815250403723,-0.02868102655409599,0.0025876843105516745,,,,,,,,,,,,,,,,,,,,,,,,,,,,,,,,,,,,,,,,,,,,,,,,,,,,,,,,,,,,,,,,,,,,,,,,,,,,,,,,,,,,,,,,,,,,,,,,,,,,,,,,,,,,,,,,,,,,,,,,,,,,,,,,,,,,,,,,,,,,,,,,,,,,,,,,,,,,,,,,,,,,,,,,,,,,,,,,,,,
2019-06-28,0.06958644716593931,0.07816076247736814,0.04470241480068027,0.05674256411556011,0.075900282444608,0.06945714837991268,0.06875599012568978,0.06984862501138123,0.06997737778489399,0.07338030414562091,0.07739382518318827,0.08045964954348839,0.06882666477314126,0.06836706679445914,0.07269067193015077,0.060951832084311874,0.07155541804873011,0.07658882472894635,0.07110782516353975,0.07886570363547452,0.06359323154612495,0.07116265682959999,0.08188572987222287,0.08116541692571433,0.0707806601810479,0.0699514509948802,0.06727801662912647,0.05911642883270707,0.06732392402475229,0.04356725433524189,0.06792357610669764,0.009501389671983329,0.012171451105119191,0.004610175782327364,0.07803443730440862,0.062077563716025574,0.01098570885889072,0.0731730118130498,0.007493897630724167,0.07116282749440939,0.07101047580664321,0.0699604439015098,0.08002914919848991,0.07913667090369447,0.07675115901818086,0.0635429826604863,0.05333087660991742,0.05974496341873836,0.05244664751028605,0.07100175348299853,0.06639319345448147,0.058765576654015605,0.0751715520484999,0.10410381810207237,0.1481860037506766,0.08468464397105158,0.04981687356625719,0.050848878537326225,0.0706907080198933,0.06279826193326721,0.04263819985938233,0.06644389125233263,0.0023645574866546504,0.008710620726507079,0.058879646822816545,0.007981660592914164,0.012468613533959783,0.006977923889833537,-0.05510688310951661,0.001815351020394873,0.058593340616625245,0.004083489894667558,0.0024715587276211703,0.031218600764497895,0.07818723609509126,0.04296030882277635,0.08779970795237935,0.06490415367101687,0.059537848062794385,0.06370057991014,0.006406132553057553,0.07024701470468941,0.059591060825905595,0.06892036021870762,0.023360098599234158,0.00959786022112974,0.02907686263022935,0.051606891609936145,0.16250098904778554,0.05859370717579249,-0.016157903363736792,0.057604401627458834,0.00838072347684582,0.06991156091655681,0.08059910170829299,0.07003588499328961,0.06887211920369873,0.005870424749933489,-0.1463900973074963,0.0725891619986645,0.0294976993317686,0.01595740579490368,0.008534842245925933,0.016806675547488936,0.049835109030508695,0.042367352341236675,0.06055038005008839,0.004722281478036328,-0.009968340708800039,0.008436299214264809,0.006499958038330034,0.018590336696728382,0.05457533451566143,0.00839852027059984,0.059469702966842064,0.00609544722678157,0.09569784002231296,-0.0009722330622257136,0.06658588948774624,0.07072998053246571,0.001117860910570867,0.04741831741048452,0.013523946016293698,0.06960784288930233,0.06449975717382728,0.0875211880573139,0.06841991820987858,0.3679927470493365,0.067312648282293,0.05798666711253131,0.06423827074299515,0.04271649014264378,0.015038054669788803,0.05896797463288328,0.0023573956170863664,0.03707418785113781,0.06439472126454926,0.0690816382604329,0.028699184976605174,0.06699446834665035,0.07153510603817348,0.02853479687165761,0.06916443094050395,0.1020118384685953,0.0560124659782677,0.02768926303845931,0.08045978355466499,0.017377588442371028,0.029542993615971014,0.030889670077389964,0.04135331892925698,0.03685094866058192,0.0075992774108673,0.027270993642882768,0.02484421459439612,0.049954190416569455,0.037275803699708066,0.05267440002110235,0.03461066792561196,0.004316913955763058,,,,,,,,,,,,,,,,,,,,,,,,,,,,,,,,,,,,,,,,,,,,,,,,,,,,,,,,,,,,,,,,,,,,,,,,,,,,,,,,,,,,,,,,,,,,,,,,,,,,,,,,,,,,,,,,,,,,,,,,,,,,,,,,,,,,,,,,,,,,,,,,,,,,,,,,,,,,,,,,,,,,,,,,,,,,,,,,,,,
2019-07-31,0.01511926911996797,0.009390849953569758,-0.004213925831332843,-0.008036392743895338,0.02334818632896485,0.015199062425075738,0.016339831813165118,0.0068165471370522646,0.00958973395529128,0.01188035515307062,0.010295553919104528,0.017500225648369394,0.015897254378539172,0.016492156417136306,0.013043216887891784,0.003817008925738774,0.010303055642373549,0.012986353872404655,0.010297503117416618,0.013544645441532221,-0.026321814588738612,-0.02704742691337958,0.01624001410042264,0.01694376520109131,0.0141247348707072,0.02272251982333917,0.008302924533291067,-0.019473659926300013,0.014676721226510647,-0.005638987977150345,0.01678196062289561,0.0025656116669403595,0.0003822248385008109,-0.0006386703058743892,-0.03002606921932982,-0.026567231510276734,0.0018182697569968376,0.007231748284073802,0.0031509872833155317,0.00829443075704428,0.01310131296018402,0.015142098572520801,7.514839229982861e-05,0.0014815153899017108,0.018298370817061205,-0.026047297364862554,-0.02766807849111963,-0.010193869978965764,-0.022031584074479138,0.015055137446219113,0.03251844218812616,0.009417431167596524,0.011659925556393613,-0.023144650313120296,0.0868794717959731,0.0,0.061409638459602345,0.003491031808496192,0.03200441320318048,0.005192299788614019,-0.004472824059454705,0.007209767835850256,0.0016210543912540398,-0.0015688263316142592,-0.018042881688618007,0.0036707555392094804,0.0014959970934913525,0.0002858270997811996,-0.02262437754648794,0.0018039944409946607,-0.020378617560807832,0.007345517624172793,0.00880339463602886,0.001373939616905906,0.005542764034540237,-0.014982480963884437,0.006807101519479941,0.0006784373202286531,-0.01732242717504573,0.0,0.004200965756983699,0.01453158924195641,-0.019632264659994236,0.01315048272063124,0.0026900550280886115,0.001267485950121383,0.007814404411213394,0.03398429122112323,-0.01401288121998523,0.008961522532806354,-0.035279857575358564,0.0020269939200217024,0.003656572898351529,0.014601414860750506,0.01734724561597223,0.013160032340846728,0.007842462392274596,0.000789689921506298,-0.09345794392523366,0.009458835801147147,-0.0023421698062824348,-0.07329844361015236,-0.018335699808619488,-0.03623647243559813,0.0166854004108985,-0.014867639566703561,0.001946400636069212,-0.0011357814281777179,-0.0651556021788049,-0.00034917066236350713,-0.04321902474692574,0.0016975152906377744,-0.01677523369690237,0.00037730393319690414,-4.757605780003615e-06,0.010217271877805967,0.01601165227458523,0.00940473078615045,0.020860500918863156,0.013774986921871735,0.0018356050376100441,0.007135877911505162,-0.023255874338243943,0.014136320139828573,-0.027682203261778393,-0.033468734139650014,-0.017886748165732214,-0.09847980872325457,0.018376510931534806,-0.01847992042418134,-0.025746945448478664,-0.007078006564832484,0.021261016308598446,-0.01834875799909863,0.0017569849016036976,0.012220752800528256,0.0036088672275829126,0.01875122654935124,0.003511711240183235,0.010081161407463624,0.014063588215876832,0.0019328978962267485,0.017967826385080654,0.007966451050244627,0.007167774189654086,0.008334923920239934,0.0,0.014751520085025005,-0.002056037222440188,0.0075907852256773545,0.007621363953516758,0.010096896555340296,0.0032032226151395005,0.004466919733010055,0.005599986339440033,0.011606888644623892,0.007265027855551276,0.012094344777449972,0.008499670838778117,0.0020664581139793192,0.006247436984327059,0.005685759348840191,0.011826120207505397,-0.6378333602277164,,,,,,,,,,,,,,,,,,,,,,,,,,,,,,,,,,,,,,,,,,,,,,,,,,,,,,,,,,,,,,,,,,,,,,,,,,,,,,,,,,,,,,,,,,,,,,,,,,,,,,,,,,,,,,,,,,,,,,,,,,,,,,,,,,,,,,,,,,,,,,,,,,,,,,,,,,,,,,,,,,,,,,,,,,,,,,,
2019-08-30,-0.01674356858619752,-0.04129433729985221,-0.007911675461494072,-0.007044664326374628,-0.01899548326288525,-0.016575949568884973,-0.018676403288762522,-0.04931017979135377,-0.030053201138609098,-0.04582749393318053,-0.04122109051789746,-0.026642053343890693,-0.021131239764060505,-0.01999439994736263,-0.04319626115405628,-0.055886077473688345,-0.039325616676768815,-0.05141168081987413,-0.03022739604189728,-0.053269330012279625,-0.01724541501804988,-0.01506891179418568,-0.028139374732821687,-0.026721053306693165,-0.020826259712646733,-0.018377633850503727,-0.03616341721951022,-0.019239663285709918,-0.028576241430912308,-0.010139206655783162,-0.042630870840642654,0.11049096068672015,0.03951625544890813,0.007818223170203975,-0.013189891468586623,-0.03782658603025579,0.02782823822554703,-0.023234916100825176,0.02331047740197567,-0.029685308782124165,-0.027576022013810486,-0.017694666297824346,0.0791231345612986,0.07692307149707389,-0.02361011026845694,-0.016457704529654227,-0.034659591571554405,-0.06331311895269387,-0.02503134502364479,-0.018825226213126434,-0.08532507595348438,-0.023961442141424816,-0.031101940941923534,-0.061974457300962404,-0.03958547340241769,-0.048172751291004956,0.12754763810110092,-0.04419893576423728,-0.091040919965792,-0.06621281865302597,-0.048780502734498854,-0.021020329626298073,0.0022639282687619833,0.02092996314179163,-0.024365807527082506,0.009611735905414198,0.0276908635259161,0.01141569490633998,0.016975304251042322,0.001695358484321563,-0.018844678395545378,0.015299979459169943,0.013139291927066088,0.00664294917809749,-0.06568673748767928,-0.01680239113292048,-0.10012874296450247,-0.022098847228089635,-0.023939274498596785,-0.02102217587999089,0.020327684198863327,-0.017693842852260055,-0.018753851312536263,-0.044186858770036364,0.02606218722996534,0.011159384407930961,0.0710662286608108,0.07971542752361982,0.00536433494604438,-0.07941476483207754,-0.06998736952745921,-0.042071045102131,0.022427659137782108,-0.016405148409569414,-0.025970373322519835,-0.0390313427107134,-0.04986497245270416,0.005168181514015213,0.14020616983629997,-0.03383670884930534,-0.03860468632589853,-0.06591337289220012,-0.06752877362827447,-0.01319259968853348,0.01593369283278334,0.005030695848672995,-0.0530973931809674,0.00857552294177788,-0.024848575813527174,0.033504748395084105,-0.054517192727475794,0.0002591230905069075,-0.017227168168586493,0.008703528416256878,-0.03090287039311368,-0.00605448166033562,-0.0452172707291858,-0.0022295201925385255,-0.01806581647860306,-0.017793231473077986,0.0014377514402452718,-0.020054275807822597,-0.02263849819145025,-0.013681282324254695,-0.01611119261158178,-0.048026139479999785,-0.019224558184498308,-0.14076242611913015,-0.013032705410435441,-0.014920006719025936,-0.012730957211480542,-0.002190992000475789,0.0048428919093252976,-0.015523524086435647,0.002325784222688254,0.02143854863249861,-0.02345892133675931,-0.021752529795231346,0.031190586114009156,-0.04358421686730196,-0.02670743365426209,0.005554253814131771,-0.01795401864983981,-0.08204009758389419,-0.0067320877403037604,-0.009034954817461971,0.07872337777635896,-0.013006892139505233,0.0004122752731210433,-0.01586037181870492,-0.01114645986264784,-0.017193084205600395,0.023782002078327036,-0.004555459303529186,-0.004689513062525519,-0.01150819057538821,-0.008948258237094997,-0.013438750029491686,-0.007268234680947838,0.003577028346716915,-0.0064736486238641255,-0.006108917697698835,-0.011724981716317973,-0.1543947928908822,-0.016842025387076465,-0.008710811918352102,,,,,,,,,,,,,,,,,,,,,,,,,,,,,,,,,,,,,,,,,,,,,,,,,,,,,,,,,,,,,,,,,,,,,,,,,,,,,,,,,,,,,,,,,,,,,,,,,,,,,,,,,,,,,,,,,,,,,,,,,,,,,,,,,,,,,,,,,,,,,,,,,,,,,,,,,,,,,,,,,,,,,,,,,,,,,
2019-09-30,0.01945807393511023,0.031166077553676175,0.052299781366135445,0.025186121732895694,0.00917859064122517,0.01945888476470059,0.017848430584390673,0.0203708333940662,0.03611707226360039,0.03361581088733301,0.031428101122822794,0.03815063386675366,0.018273085573579095,0.018018261828108395,-0.008176743003170728,0.05055783617005494,0.009769020163726161,0.05570540927029444,0.012666783268103998,0.049811278639815715,0.02608524324610495,0.025850488235433122,0.03943099309552456,0.03858905141084712,0.01779314267315013,-0.011271144095072239,0.041072535958512235,0.03164044059270332,0.01976736686077185,0.061111046818884907,0.010946606565670036,-0.02679891885237906,-0.011860600483874939,-0.0013424089447161558,0.03089658665277395,0.016920074571189048,-0.006121175602001427,0.05064900000345629,-0.011063251754659276,0.034582095663029166,0.0209708588242572,0.018920854030281875,-0.0339478600543478,-0.03159340830287438,0.02525888725847847,0.02550149126405299,0.049866774127626634,0.024119667955311952,0.03815507690661635,0.01797422871336929,0.06036334857612391,0.0392541377379485,0.036816618712769644,-0.05122869812240094,0.021243123669454356,-0.010471194167507636,-0.07172009152159597,0.0816799944219746,0.05976881179877469,0.07138925981016642,0.01551960193298596,0.03895483806153388,0.0014305490961861178,-0.005763058434381851,0.028145402118933127,0.0006007937334591151,-0.005676475013505211,-0.00264188535712917,0.008093062403004447,0.0016184307773159379,0.031523250761557486,-0.007636420449228298,-0.008816471112605528,0.0038397582382336815,-0.00786626579212446,0.029501860443012395,0.04400713805586931,0.022459941245347004,0.026755766540811576,0.022725100130649434,-0.003634241276864403,0.01875535300893061,0.03206981491395866,0.011193454589129459,-0.0042452105379218175,-0.00041936449073465276,-0.017466276312129048,-0.05190819898863297,0.1031113534232091,0.03007938445251135,0.029152563062764925,0.006742190442706741,-0.010649524839809965,0.019722770582021987,0.0382236742806743,0.00966404054882486,0.021196309227931254,-0.0012762997050405067,-0.11754068878257562,0.01960517363412473,0.05168136174760929,0.06854841996926408,0.027735024888108528,0.03676471853826202,0.009837235829481816,0.018909721924291745,0.007750261955413729,-0.0012311227344868891,0.04319455561378449,-0.008174242507648422,0.03953878401438571,0.0038656075719991634,0.029327503621364492,-0.000890719188279876,0.05608601266396018,0.012459489271090751,0.04854910524750711,0.010513651611780528,0.00935958222814337,0.01851522610477563,0.0014385464786923485,0.03850146946482225,0.011182083834389456,0.03088398212554777,0.02602048735224738,-0.10119993095395474,0.02063303807735517,-0.0964164520401648,0.01787473804281503,0.02378942584235122,0.018486185027909663,0.04804221385142715,0.011426657644224125,0.03169759749940737,0.0014963358260307036,0.02189658866687072,-0.02186973469542386,0.018182100341824325,-0.006670999705543856,0.024868699303308484,0.02615947620104664,0.006465609399120886,0.018284642320713473,0.020986566277972463,0.009101488499886345,0.011833150385831326,-0.032215632471350064,0.013565906659678051,0.004557919500413288,0.0028202960116570086,0.0012077089316830936,0.013018651457563424,-0.011217330806942871,0.009152612962932016,0.008539785494012131,0.015720324472910496,0.01198679413720427,0.01571147183012611,0.011371603716550327,0.0019838821270694584,0.00884012938341705,0.007368071141855115,0.014304505932974942,-0.4092517366875257,0.008829704078203271,0.014938540640912157,0.011238186652863025,0.008837188841046562,0.013516279761295547,,,,,,,,,,,,,,,,,,,,,,,,,,,,,,,,,,,,,,,,,,,,,,,,,,,,,,,,,,,,,,,,,,,,,,,,,,,,,,,,,,,,,,,,,,,,,,,,,,,,,,,,,,,,,,,,,,,,,,,,,,,,,,,,,,,,,,,,,,,,,,,,,,,,,,,,,,,,,,,,,,,,,,,,,,
2019-10-31,0.022104565401813048,0.010667476821483834,0.034190831183893655,-0.004152055966855417,0.04380098463266657,0.02160666896476915,0.020967695000397857,0.02715736715530581,0.014111895973045074,0.020298222829898904,0.010763999905994082,0.026355463959871095,0.021464755985910466,0.020740324950573763,0.029989793031800493,0.02495611691422428,0.02124683286671325,0.020041426832248188,0.009469856415588396,0.013508444166375533,0.03605244460018642,0.03934191559539202,0.024740658931507786,0.02690885434452328,0.021059473883204838,0.018606129886332035,0.005574260387952501,0.0338905783269281,0.010724055161351664,0.03255882941016086,0.01968538686393151,-0.011132110811870155,0.0018791788754175531,0.0031294803587842424,0.03789035310550015,0.04183997576663834,0.0020811272121288305,0.0013732448024381672,-0.00029309463193627483,0.018992812413215043,0.01109757240034659,0.021711935680011507,0.02563546974700759,0.02553188985373067,0.017797758332189773,0.03842528787520694,0.034620930935862715,0.026091811081958127,0.003117171481707759,0.021520558459475758,0.022474615305208223,0.01627684502306126,0.017223595323824892,0.07055726831694686,0.045312686298287996,-0.003527333449276804,0.06281407005073292,0.043797007949177846,0.0210268245909071,0.016969093840127014,0.007973414221812192,0.01048082200856748,0.002662040521357101,0.0029226286145174196,0.03446877534468773,0.0032579482307171226,0.0031102297310758864,0.004154305417769288,0.04415449810796379,0.0016071878416339391,0.032132009185215304,0.0029511165725011335,-7.889110043013403e-08,-0.0005816052453383458,0.01684837202409195,0.04106237359400122,0.04249485120458418,0.02738954751867051,0.030836209564590877,0.02793385000151205,0.0015577721308932535,0.021570791871883266,0.03138732705504843,0.020938003132617844,0.006659356300848129,0.0050579420929173224,-0.001575922534613139,0.05343238201265388,0.06382309284153553,0.007713570244604062,-0.001976329778812902,0.034282797080569916,-0.0005997863113744728,0.021826623633154574,0.026530941741523595,0.0196848729361907,0.02703384366981565,0.00210020462529803,-0.1670081524303022,0.01185017123249299,0.023455174583772553,0.024528287491708323,-0.008995493567202306,0.013539654097227016,-0.0023401726148621904,0.024154009608401417,0.032119354104857445,0.0033362718567615524,0.032171365247242845,3.79476564997816e-05,0.005810914346445539,-0.003496713369835369,0.03536931996004511,0.0030169440428535754,-0.0022813990053625055,-0.004989178250343507,0.028400583548694014,-0.0021067556932198306,0.01987837616119692,0.022077746773290663,0.0017584608139906699,0.0163661301249709,0.005134317976608127,0.019672631867755808,0.03804104251102003,0.10730479853377983,0.04076804063643924,0.050047188277488885,0.020704689583940228,0.030752932508789854,0.03455145075878496,0.03267548940024656,0.000647660354267332,0.03665014360005392,0.0023850680358359355,-0.005132667504593957,0.033465136007625906,0.025700153223658928,0.006868687359242953,0.02763190464619969,0.010139379575790919,-0.0003053207287748716,0.01948275076738626,0.0391778027105496,0.008673964821422242,0.009815988832799993,0.02445649797191951,0.014531589814860357,0.011968779388073392,0.011249457247220596,0.01487734015872011,0.006024092134778725,-0.0008018331179387994,0.011157079994414953,0.00956236098558394,0.018394006197908874,0.010652662677858249,0.013792033958029304,0.009202968578478687,0.0034523534576957893,0.009593583309157605,0.009512369738801985,0.013362453769777405,0.5660985655990762,0.02044934493116335,0.016969693431679644,0.012899426896726407,0.008204862829309212,0.014251583983890814,0.01088790337857426,0.014973949132044195,0.008872414647942417,,,,,,,,,,,,,,,,,,,,,,,,,,,,,,,,,,,,,,,,,,,,,,,,,,,,,,,,,,,,,,,,,,,,,,,,,,,,,,,,,,,,,,,,,,,,,,,,,,,,,,,,,,,,,,,,,,,,,,,,,,,,,,,,,,,,,,,,,,,,,,,,,,,,,,,,,,,,,,,,,,,,,,,
2019-11-29,0.036198153983213244,0.029222564289799413,0.012781260726224541,0.029534121136148173,0.04069397142409925,0.036364382265889006,0.03809738121239281,0.040655950259209206,0.030829606295212697,0.03009311360060485,0.0296453771548717,0.03876338175240157,0.037915600253381365,0.03751632445525299,0.05773070946447856,0.02230556690108454,0.03282620085008192,0.027088377572150657,0.031728656663484234,0.027211779218325516,0.012491546930680997,0.009154044044241028,0.03849386793186027,0.03869578238487348,0.03787793313899335,0.049104118633887195,0.02616436938593214,0.011272630517538351,0.036250658430827754,0.013310231639406256,0.045439249483809396,-0.004071416621732382,-0.0068721684139513295,-0.0004717384579899786,0.014041559109289281,-0.0009394817850405524,-0.0003454183501887531,0.016162220490749002,0.002929881749112795,0.03437673584745249,0.03222038747433853,0.037044978789644745,-0.03208588289288572,-0.03319505495465791,0.03743751289416464,0.012933343687191234,0.004693075453884754,0.045992568796156874,0.022995403594216812,0.0379218054988526,0.047133292622712375,0.01908515159505586,0.03286370927198301,0.14724992414929838,0.04185726152947189,0.028318556586095722,-0.05910165457984051,0.02999793184767996,0.043042723205831246,0.035457591494441054,0.003955139462137769,0.02342226382103285,0.0006875716047149982,-0.003699381996368878,0.010460788268392252,8.297172639237793e-05,-0.00041536343744141835,-0.0008296499043806138,-0.1432003661082929,0.001082560134522792,0.013443440485290337,0.0005521195606184026,0.002437104065258655,0.005858311205523048,0.028265102863904268,0.024001210318244093,0.007560800186044769,0.023360309185850747,0.009900937205447713,0.025613891802829913,0.004664397807363052,0.03781388563706267,0.012477299418572452,0.03919079855319252,0.00041588356809163507,0.00012308062442745182,0.003862869493183263,-0.03809849081287253,0.021257786932651124,0.03608528236058217,-0.04158410406796553,-0.02396384316309408,0.0024233278368763767,0.036259207125670656,0.03906456481986931,0.03336740834912022,0.040723110815122476,0.0015478589803910037,-0.1666666979474959,0.03880422427918773,0.002980048537405855,0.04419892374953971,0.019667115730395812,-0.0521628902397927,0.013917177427174465,0.0017322090622708952,-0.030900722083595733,-0.0009992007296782957,-0.005483245954225668,-0.003009797523807145,-0.008403453102266312,0.000862187220811439,0.009331167788685146,-0.00023810140732460905,0.019460246397773773,0.012040237208174931,0.036980152434964664,0.010936133605566223,0.020897258943995745,0.044578872512693435,0.0016766750477434922,0.0233321579896415,-0.001178832707684374,0.03382626192662119,0.012636826200632445,0.2204655727020952,0.013467018912698192,-0.1393885060277955,0.03598888267022904,0.015089104849529411,0.013034070638722639,0.013504668734263259,-0.006546726619461096,0.01047075504477979,0.000897277363798521,0.0009282769833240945,0.059200711796544736,0.03783686113576645,0.0032772056254291027,0.036222529633147316,0.04056874057638371,0.006193278493884069,0.03983215735243428,0.05874891794644177,0.01448825747668847,0.01461244195801581,-0.031167126618479535,0.02600824006221414,0.001223447916243403,0.014681083195128952,0.02548631691306369,0.01290937098788647,0.0021797995965666672,0.006584850607313619,0.00610970788831855,0.018458310947580436,0.015566203885137853,0.02965167751564257,0.015705569564801847,0.0018613981124186996,0.012607553271969829,0.011561596430556875,0.02177005319911962,-0.002940955341035223,0.00338078846768064,0.006790303259319286,0.013714515542019301,0.01503980841089314,0.026728932362415803,0.013791190006375187,0.02363981002767712,0.011486137783772055,0.015189409576917168,0.014984868980669974,,,,,,,,,,,,,,,,,,,,,,,,,,,,,,,,,,,,,,,,,,,,,,,,,,,,,,,,,,,,,,,,,,,,,,,,,,,,,,,,,,,,,,,,,,,,,,,,,,,,,,,,,,,,,,,,,,,,,,,,,,,,,,,,,,,,,,,,,,,,,,,,,,,,,,,,,,,,,,,,,,,,,
2019-12-31,0.02905527874975289,0.027807725979881237,0.008695494610363674,0.022346482776357313,0.03886371548585754,0.029294608987370463,0.027998429432963823,0.027865379866850226,0.026637744279201403,0.030054311252423416,0.02808381588250941,0.030084159672965294,0.028020754261906422,0.02779660133444528,0.02263091086460922,0.03415677075000412,0.03032381605647494,0.02839076046222444,0.02457884055972226,0.030783132946097247,0.04145294837436864,0.03192789441842758,0.030716090888680325,0.030282116084280553,0.028041296406315253,0.011904031397582004,0.02998150381701259,0.029953863823960702,0.02199876536002643,0.00939009971938587,0.021298100041017065,-0.031975018710160286,-0.009280796975658978,0.0015504127892278508,0.029556083107862507,0.07730256482937281,-0.00046774006442762417,0.027252102342528728,0.003466605038132675,0.026425261367630792,0.02432115714811789,0.02879606232400267,0.03655877893383952,0.037196028239675494,0.030961244140270905,0.045131115059708016,0.033002716328507375,0.05544283150857132,0.04983889222507898,0.028676717616316516,0.030561282362540076,0.01982257189682013,0.029429804345058486,0.015600401967497346,0.08409648786090851,0.10240968552301855,0.04773870761555665,0.0033450006943946953,0.04257103832761766,0.0345767386599507,0.06434665605330858,0.02974194732528823,0.0017123871173434502,-0.001589983287705432,0.04167652235556085,0.002105599411070358,-0.0007463165308722042,0.0019529109344331719,-0.05440265381408216,0.0011157081725248208,0.03566722177344994,0.0026284673888865573,0.0014198142192651808,0.020067779242496142,0.08957342916961553,0.041710317652115414,0.05579122391856295,0.03441928205671063,0.041406833614482164,0.03452746917805327,0.00110697889388911,0.027797409370192705,0.033415839403097225,0.02764667568175172,0.004913149694448338,0.004160309734908774,-0.009391830765408726,0.07507687575488875,0.059612612476497295,0.10026382807572798,0.01928372755811303,0.04220158857449663,0.005149862778238257,0.029736797853388897,0.030163246449091297,0.028779475021613488,0.028913883448828503,0.006768794074288653,-0.08265680404606779,0.017404564663148214,0.044842503602339434,0.031746017863143905,0.04154305924581614,0.06241612946212394,0.01773252485242982,0.01481889575455364,0.036543058376386384,0.0021729731829811527,0.02098051154214886,-0.005738028139597229,0.03813565957138998,0.018494809148970948,0.03616878812157798,0.004201875515966735,0.02637771376741105,0.014983077064449901,0.032663343162378844,0.012336617868979216,0.014655756025747202,0.028359230288029336,0.0012375264120518814,0.013290448035165214,0.09393998280846194,0.025404825197239633,0.04561156238964359,0.18210060751643642,0.04012398396556027,-0.14420058632586585,0.025621555004131213,0.02932901071594962,0.04030242990609634,0.010234745002227097,0.020471637446575874,0.0324224334383898,0.0013367910661381543,0.0570188001861236,0.04084400238666408,0.029547233907590398,0.004014178042081928,0.01770300475219888,0.02355802082696634,0.019377001742630684,0.02851311986078242,0.0682635147266355,0.0069499836737170195,0.009471677384286448,0.03696098388381763,0.015062448852118715,0.01582107465475424,0.008807094665119752,0.01509869883083148,0.0064542090158574705,0.003971841678782617,0.004243243598697433,-0.0007186653905318918,0.008176276968375529,0.007340178959922117,0.01912548923755697,0.00967440487252591,0.0017627257287506914,0.006650175820382964,0.006941777981385178,0.011868613931029781,-0.2404129987210597,0.030610677537596276,0.014263126634527001,0.009127582470953133,0.009490705735380356,0.015329296346660692,0.008977579455788032,0.015557086111722462,0.0075576984355796295,0.014520913926564072,0.012455477819901084,0.010521069741201705,0.015824026469280605,0.007521759225130209,0.026100463098205795,,,,,,,,,,,,,,,,,,,,,,,,,,,,,,,,,,,,,,,,,,,,,,,,,,,,,,,,,,,,,,,,,,,,,,,,,,,,,,,,,,,,,,,,,,,,,,,,,,,,,,,,,,,,,,,,,,,,,,,,,,,,,,,,,,,,,,,,,,,,,,,,,,,,,,,,,,,,,,,,,
2020-01-31,-0.00040370203398831794,-0.026426771142664673,-0.0251519310765278,-0.0073601081990370965,0.030384290392568625,0.0,0.0012331591595242664,-0.031025434743734315,-0.02139545239003593,-0.040190950691513905,-0.026042287621742988,-0.02675072168307069,-0.0011666434283963412,6.266876657257114e-05,-0.010409664637609506,-0.05241874756986642,-0.017278947589627225,-0.06305985617025878,-0.012809266852677137,-0.041410366537731225,-0.031516304918322025,-0.03435137212019568,-0.028086472158022735,-0.026353255881967352,-0.000610992850574199,0.0089792707863936,-0.01941545323857774,-0.028225631766663706,-0.008386468642713973,-0.02712452423155054,-0.005317562078311688,0.07691144549222706,0.03465807547167654,0.005789719316025677,-0.04143147853046514,-0.0615110343711639,0.020290041964204253,-0.017981855048842754,0.02136052133026789,-0.02503138774783531,-0.00246871847798924,0.002637893192968921,0.04499655849690343,0.0462069018133755,0.0030588464259651005,-0.030887140214999387,-0.0424593366603474,-0.04623565535757301,-0.017574752257474624,0.0010573894328758104,-0.06555259759086951,-0.028818409101817766,-0.02107196203990158,-0.06297964974199655,-0.035886160732155226,-0.15378612041355066,0.008393248626320293,-0.04109334175300006,-0.06969942204450386,-0.0641165897900784,-0.1061073047809149,-0.02507734481037538,0.0015391195655285461,0.018370074372195955,-0.03404636060758126,0.007402866582992607,0.019794667068209426,0.008931177574707627,-0.14768687038265527,0.0012029143388267993,-0.02995913700303343,0.016591986879487486,0.01665148220777768,-0.004564915367702982,-0.11657243722736388,-0.03805390241951501,-0.12113720650054582,-0.014384678186118882,-0.03420206826227867,-0.015557608458378391,0.019515889513569418,0.001562132525779969,-0.02854584887584055,-0.030010635233520766,0.02200819480926941,0.009132242704039228,0.051688771354737595,-0.008028148126706047,0.17887153987332782,-0.12757792799736178,-0.02567568307727497,-0.012643461683651158,0.02118989482880962,-0.0003720266401054939,-0.02658826953928961,-0.015330481861873357,-0.03221701683451228,0.004965250885328842,0.07562344059291992,-0.012468868680300171,-0.031090874137274183,-0.0222222091805222,0.03276353556957279,-0.07896399280002997,0.023475679988130604,-0.0032195414498294994,-0.00774665318769896,0.00600817327941372,-0.018776523438926218,0.02505735987628044,-0.020408143405366563,-0.0029694708122444124,-0.027437065333530075,0.008135296953869942,-0.0404587351842739,-0.0017172442386190756,-0.03777985453081967,0.004172157312474667,-0.0025240561096023795,-0.006831562865561414,0.0025148955815061935,-0.018676118089275162,-0.06726941586979285,-0.014975090837195615,-0.030679714707020467,-0.07003398953862838,-0.01796231374648294,0.33089130460703364,0.004329784944872239,-0.02512406173374937,-0.026291724739549438,-0.023891150404063866,0.011628949058654525,-0.02720375215506632,0.0015977475571657962,-0.038700503907710404,0.02380946558060182,0.006449626927157448,0.02167330596579231,-0.028924902277721043,-0.004634175471722735,-0.004863219124121021,0.0023538614178291173,0.03759344208499149,0.0019040197317152785,-0.0004111876113529478,0.04488450972263114,0.0014477349526720307,-0.008113587117077214,0.0007935932464118167,0.00038139699251416026,-0.00040081076457076925,0.021967312879152878,0.0005634066160418172,0.003236251503640153,0.0003436504725340406,0.0019175162261781953,0.0008236805775190259,0.0011027086236963246,0.004060123311333097,0.001431334013521024,0.0017617589391898392,0.0002826150884920331,0.6621358363714245,-0.025046205064629845,-0.015451925433596414,0.0007375426848847955,0.00108329314030442,0.0017696116699863484,0.0004273877986600283,0.001427641158221915,0.0005921590877857597,0.006801076530507544,-0.007832276457501397,0.0016779953905319278,0.002402281229280101,-0.0007274504773957524,-0.021833344194933324,0.001982030550247149,0.001003214894442106,-0.00011251675591228416,,,,,,,,,,,,,,,,,,,,,,,,,,,,,,,,,,,,,,,,,,,,,,,,,,,,,,,,,,,,,,,,,,,,,,,,,,,,,,,,,,,,,,,,,,,,,,,,,,,,,,,,,,,,,,,,,,,,,,,,,,,,,,,,,,,,,,,,,,,,,,,,,,,,,,,,,,,,,,
2020-02-28,-0.07916577563479188,-0.09404578132660213,-0.08294378632713517,-0.07010447420949328,-0.06057427080911726,-0.08455003962581231,-0.08066502796164032,-0.08845690809396822,-0.0929169004997048,-0.0955514679648124,-0.09483189590156249,-0.09462127217267646,-0.08270060087413833,-0.08105203353639301,-0.07056943608866584,-0.09627374845682257,-0.08880824905369034,-0.10148652050576046,-0.08265956142313036,-0.10472918134713927,-0.08135436166060483,-0.0738635041299679,-0.09371426740704802,-0.09385121083029602,-0.07999036659632652,-0.06904855296178991,-0.09792323155743687,-0.07765268159001049,-0.08525027443918787,-0.08767114350225746,-0.07780086288808363,0.06626516158767015,0.029617194859551166,0.008766406899164636,-0.08005118781296416,-0.037758175839047725,0.015846735892110164,-0.11179667043070252,0.00922385104671486,-0.09713305759308377,-0.08771243610860291,-0.0813600526552185,-0.006361728631845698,-0.0065919829246405826,-0.07401620102500361,-0.0795915408527692,-0.0811546169622982,-0.0694488848677225,-0.09481215452980185,-0.0805600802838321,-0.12310479959695797,-0.08921219515938295,-0.09496917690603712,0.0006732486015368355,-0.06523682689351362,-0.12822881215466697,-0.07669441053854364,-0.0878416931370335,-0.12326998250708132,-0.06456089999815673,-0.07798482624501235,-0.09697899596525783,0.0021816112226973328,0.018918652224406696,-0.06606322099793493,0.008250420072875464,0.016675697965673475,0.009523117258056324,-0.0883785326515989,0.0011810053688776634,-0.0765092224706877,0.009733064627720944,0.006856791515057692,-0.014755665574713528,-0.10635154624372045,-0.0893005929195353,-0.09212379711793184,-0.07489456044101661,-0.06661040032298637,-0.07224385626527396,0.008080890430392618,-0.07929284623977817,-0.07376793348996857,-0.08395792624214604,0.01130979204079452,0.00644755039486733,0.03354577514593893,-0.1004434691075089,0.11604332340577383,-0.1105002842148608,-0.045769753392521095,-0.030018318368445707,0.009337823903880382,-0.08099702983625756,-0.09347399181154314,-0.08973887421934956,-0.08279655213881676,0.0033320881756444543,0.40912489302013677,-0.08855214783794851,-0.10692013733436445,-0.05069932669927257,-0.0193103264118063,-0.0006858867581731598,-0.08742934148697845,-0.07375510323336543,-0.023650925987820925,0.009204362722151638,-0.06668633315569095,0.024521050409796352,-0.02708335609899537,-0.009875299897128653,-0.07895989486944055,0.006903192018874016,-0.09455585534398492,-0.018790463252195466,-0.09636319307391727,-0.017062407458197426,-0.08289343570482044,-0.08334166068009152,0.001314278534876978,-0.069115240675095,0.09848781543039764,-0.09073367825054246,-0.08047173938968799,-0.03780938404953349,-0.07537056744703374,-0.09633034542688368,-0.07636648388479472,-0.08646995487462261,-0.08425401055633708,-0.0850796018263349,-0.033227538162922676,-0.0716314770360863,0.0022636909215323353,-0.09276975488515593,-0.06406893569505678,-0.07982722171788492,0.009403473276068164,-0.09245433190922014,-0.09281823849800608,-0.009449655150385428,-0.08787353750114013,-0.06367505253864003,-0.036186538066248386,-0.0381451184178907,-0.006317143521900603,-0.059992766275208664,-0.04826177892047534,-0.038064992490476346,-0.06214255391586754,-0.028067391657973118,0.010093285999040136,-0.04930324319070645,-0.030107532762473244,-0.06870491096069564,-0.03846886739776467,-0.06530681250745674,-0.042690589430772086,0.0035744049995038996,-0.029795490224121535,-0.03035634735592374,-0.05174302146715415,1.1936914410133035,-0.01941512490382724,-0.03652070061291435,-0.036774117650540616,-0.033275364677687214,-0.059533190998450114,-0.03522602207940562,-0.05328861662724782,-0.025014751944204994,-0.027143231290262082,-0.04549081868918725,-0.04614505697137572,-0.06676648731661361,-0.031224877947151786,-0.109149348086936,-0.04751236683512672,-0.06373655690531876,-0.03270571296757385,-0.04417721490052473,-0.028838012116652267,-0.025901642282805337,-0.049261055972986356,,,,,,,,,,,,,,,,,,,,,,,,,,,,,,,,,,,,,,,,,,,,,,,,,,,,,,,,,,,,,,,,,,,,,,,,,,,,,,,,,,,,,,,,,,,,,,,,,,,,,,,,,,,,,,,,,,,,,,,,,,,,,,,,,,,,,,,,,,,,,,,,,,,,,,,,,,
2020-03-31,-0.1248711420302433,-0.20232296411887252,-0.06740934646333352,-0.20804657095953594,-0.07285845108986566,-0.12129028240275908,-0.1334327791274621,-0.21477107757897873,-0.17437508183886552,-0.22549611627483546,-0.2024274326590001,-0.15268904288900886,-0.1366944010933705,-0.13593004751496374,-0.19553904630046381,-0.2506977823491142,-0.20129837640055015,-0.25758752610282476,-0.16985094019345737,-0.24368834229749736,-0.15437999073186925,-0.18618299759062584,-0.16035730016239835,-0.15295812141281817,-0.13885706943354958,-0.1500702997594059,-0.22796413567670992,-0.14106676479312608,-0.1965088431887997,-0.06447623919306678,-0.2150980675423506,0.06376623861237896,0.03722696189926089,0.012440891591692926,-0.17644515872770872,-0.15769992262035992,-0.005267796749134024,-0.19101991709954746,-0.017578648792609286,-0.14827679322342635,-0.1840182717728106,-0.1253860630641883,-0.002224031676743232,0.0,-0.11423361738102145,-0.16653008971652294,-0.18757112558607025,-0.23764082851049395,-0.24623665273862827,-0.12524691167967328,-0.2997904191369821,-0.15345777066280586,-0.1691216746062627,-0.1316439972104353,-0.11868977988869334,-0.5544973414687977,-0.15969089406815185,-0.10395422520026965,-0.30645565776216244,-0.25601868002107664,-0.3038921834038536,-0.13620679175361372,0.004160704901924328,0.024911935572610844,-0.1513161559345788,0.010753342319164583,-0.014286130468159297,0.004486080030521089,-0.041984746161752184,0.0020452528010430626,-0.15152844996461934,-0.029806910991393654,-0.029004423725664474,-0.1102220543747654,-0.3239669027190175,-0.1783356463534409,-0.608055770520102,-0.1340990032289633,-0.149728803911633,-0.14764489207337783,-0.20113759729885627,-0.13020010258393266,-0.1460675222039497,-0.22983237002352863,-0.07301737993865909,-0.03475378386857786,-0.032568668991037275,-0.16317479742355145,-0.07847041572621638,-0.5123609568807188,-0.05813954777818142,-0.11756528716528813,-0.014733602518685496,-0.12441385908883851,-0.15308682485427494,-0.20092573768865862,-0.21875831742824525,-0.015569923831085353,1.0132696394957081,-0.2174074199933339,-0.3819266905506864,0.06813997817543527,-0.232067519603808,-0.03568974021832527,-0.11301050132754098,-0.09837262867609176,-0.11947319735672779,0.012925299443072191,-0.2510093546640776,0.031182176408577567,-0.0915418074884875,-0.10588259645455822,-0.1463038266352591,-0.008657477993775808,-0.205258205930399,-0.11560591236984596,-0.18320363720732635,-0.10734525491911495,-0.16322569750928118,-0.11389997529569018,0.0009964922777785379,-0.13163575762790003,-0.09812926711307923,-0.12812013748364381,-0.16580417595103925,-0.13950079686731032,-0.11834920593201159,-0.27715726236682015,-0.1246145277106574,-0.14118349139873476,-0.14866674077767728,-0.06377298665930387,-0.07250193577445574,-0.14368571956694776,0.004204975192158011,-0.25406233911592735,-0.16001015799770046,-0.12545143266578695,-0.05078097026646544,-0.14429629464925608,-0.16014261113383488,-0.09643478984897802,-0.11769767872829351,-0.1376259414682095,-0.054387093837338085,-0.06959560870786252,-0.000635681849873615,-0.08650518955019348,-0.09982142704919572,-0.06924980582546403,-0.08943092393594565,-0.05115510655225408,-0.01924466563814453,-0.07236720221637938,-0.051182566748568914,-0.08889707831625371,-0.038216598716108385,-0.04977033317918278,-0.02249551426864016,-0.02383030052961388,-0.05851243951861007,-0.05113946071412245,-0.06909265389436436,-0.1873469086170544,-0.08447023430167855,-0.07101643731498486,-0.07293298547193461,-0.05492926172019763,-0.09047675634729069,-0.06722757147317093,-0.08119653873276278,-0.04981590701407357,-0.030267631401565964,-0.11457332744103543,-0.06454311679181712,-0.07423161527060518,-0.04571700424812397,-0.10895405773196343,-0.06763322104989378,-0.08318133227340951,-0.04571542507322468,-0.08167235776051918,-0.03985442625951097,-0.10396890553357774,-0.13830208418697765,-0.07943928489823959,-0.05341652666346819,-0.07651681672086219,,,,,,,,,,,,,,,,,,,,,,,,,,,,,,,,,,,,,,,,,,,,,,,,,,,,,,,,,,,,,,,,,,,,,,,,,,,,,,,,,,,,,,,,,,,,,,,,,,,,,,,,,,,,,,,,,,,,,,,,,,,,,,,,,,,,,,,,,,,,,,,,,,,,,,,
2020-04-30,0.12698376622999286,0.1404821979849491,0.04798521384769794,0.11121299232509929,0.14973777878682681,0.12678009477254526,0.13198634561031874,0.1384763623086671,0.1118167541145687,0.1290322629039915,0.141248425000988,0.10638964218025393,0.13052007063408433,0.13221299982815715,0.15281011258030008,0.12532008442247955,0.1236036021212179,0.13888313380791217,0.14025547779562508,0.14432820978909655,0.05519362162169861,0.06161937729270228,0.11000421207326316,0.10719831478646502,0.13133200170045245,0.1570031440302826,0.13340674199177527,0.05817449808976316,0.14292338498020052,0.05060420405840471,0.15738944732286209,0.012189833079380819,0.002752323454811023,0.0027258731916695034,0.052863326154481305,0.07354228387181205,0.01719037764758613,0.09654606077639594,0.030285891613960336,0.10666961870796343,0.14234730656595107,0.12969701077947082,0.07261060302877431,0.0690113428392789,0.12234662626822801,0.0644639015602746,0.04931361388009359,0.1544085278126326,0.0625554192184139,0.12760291799268852,0.16135003052517427,0.10105168149948529,0.12646024372800047,0.20596598108735287,0.18530417467233407,-0.43230401823080955,0.07126431708113978,0.05693923390813538,0.16999064699938482,0.2316990773331753,-0.08817211093344512,0.10261489124298206,0.00021642202772875763,0.001216354898633476,0.0680156395795739,0.00808495256764119,0.027594879722065313,0.007862039440825086,0.06852586801649196,-0.0001963168452390196,0.07018626505123193,-0.01376980876550582,-0.013649965751938109,0.05034825854121916,-0.13121438877639624,0.09569453536751116,0.22826091361058176,0.09829005398020163,0.06374482550212335,0.10366211009014714,0.05249949715677116,0.12963231719041435,0.06230669452712756,0.14615692674540237,0.05199466910346073,0.027655749044268152,0.03177390784178824,0.0901325466854479,-0.16881945514502983,-0.1102661470571864,-0.07253083160620899,0.024307125759743586,0.02712556836978841,0.12786090744589496,0.10557344136040414,0.12329032970363762,0.13827156498688042,0.013907663846914886,-0.18085941944026918,0.14231456541449217,0.11986264958349246,-0.0758620952737743,-0.00915754402665403,-0.019928806346624417,0.09368651483732915,0.03835620848306953,0.02483964706714903,0.0007498492301880599,0.12194079779368328,0.003110196518218311,-0.05774894413019338,0.048724827877585586,0.06293866181688945,0.010737286333955653,0.10459717856455142,0.04897065998350114,0.1107933527230216,0.05596065734868638,0.07841411702946433,0.12277883365642173,0.0005972819156958575,0.05617533944145503,0.046575444983424585,0.11629342024570088,0.06418534535373266,0.20843028356243654,0.058027337946074065,0.3862358469737608,0.12454482840472769,0.06591504591146546,0.06750620487630732,0.042861903615796226,0.08977140339499168,0.05624531398462462,-0.00010918677976623492,0.05244041674772659,0.1407224960196405,0.13289277863728177,0.04291493847363137,0.045121639993874973,0.14360550702759656,0.05001497273013067,0.1273031632609496,0.17243529030535187,0.057775842626341056,0.08332634583251108,0.07124681084822715,0.09427608373485197,0.02636641112680027,0.07218773987042026,0.09464289622039268,0.05304344840671704,0.029714759227297494,0.07302473913429663,0.047711798164398855,0.09635623835030871,0.04180464549920182,0.07232071306867338,-0.035636019238534544,0.012478675277792561,0.06804690528778812,0.062123369985759735,0.0739806754363137,0.2975101099665043,0.05450548444475456,0.0474438612536483,0.07723717821778076,0.05693742411753666,0.09657717294553558,0.07289288843183273,0.081240291109973,0.05149061573081748,0.05646863080429143,0.06778942719885639,0.07437275854396286,0.0820041676955563,0.0520099921990782,0.10051544326391437,0.07253928665932552,0.0897768623208417,0.05339072661682498,0.0522599163047508,0.06424909935736212,0.0618024532141499,0.09403325438392418,0.06875864171076596,0.05496220062710777,0.07756301836912805,0.04170003953121437,0.09325988760954318,0.07563028477322753,,,,,,,,,,,,,,,,,,,,,,,,,,,,,,,,,,,,,,,,,,,,,,,,,,,,,,,,,,,,,,,,,,,,,,,,,,,,,,,,,,,,,,,,,,,,,,,,,,,,,,,,,,,,,,,,,,,,,,,,,,,,,,,,,,,,,,,,,,,,,,,,,,,,
2020-05-29,0.047645134429766145,0.07244612013504326,0.07051777926329494,0.03542010856738265,0.06600860490796356,0.04815232215814014,0.0515572749036306,0.0659195847942653,0.034914592960492596,0.04404100566977842,0.07272512577672519,0.032303311282942726,0.053312593638352945,0.053276647137679545,0.09350668476869184,0.031199358007833577,0.05771508493899402,0.025478697623995794,0.0881612586597138,0.05279066762608009,0.05364834860341161,0.07378811110124395,0.033944649531851834,0.03180710171136414,0.053963279740440795,0.09908988585099965,0.046805549395982915,0.05426874514107127,0.07215277551680721,0.07728255937372985,0.08932130968042262,-0.017618864654669775,0.0032750193252786275,-0.0007839654969267196,0.0737046212012713,0.02974895928062571,0.006725515054768039,0.023685656635888064,0.006511815835335888,0.028814948670449425,0.07267777839260026,0.05157327629402508,0.02588161543682088,0.026070767249013693,0.05909103143463068,0.05838982783548485,0.04566088208059682,0.06875164912051845,0.012437398487221696,0.04749356420785822,0.004471286994145673,0.032980979512029274,0.03956583987131124,0.10889827260972651,0.07766474259550904,0.3535563820510921,0.19170246015237513,0.07160510047245583,0.0013116479596830821,0.11232263302494694,0.1580188944484906,0.028329595045122558,-0.0002617242807129161,0.003190504528433502,0.046792759208032386,0.001785933311685195,0.006686426020281688,0.005645717810826012,-0.15585385356967196,-0.0001742616793392049,0.05577299904860866,0.037653966353113466,0.02949114831074562,0.03529610270716965,0.27485931961688426,0.08082249691614218,0.3588092497966824,0.0509312584610484,0.045942542003944764,0.05208488571868619,0.059348314086690834,0.051018779145485915,0.05355192699891065,0.07349689945652793,0.026752573122280854,0.0145713580412965,0.009780223344697081,0.06808973119384065,-0.01326623531340032,0.39316235890935247,0.013311134885087839,0.06715075435271811,0.0049094304626216,0.04736045525941179,0.031701518523927774,0.05984065073011169,0.06545343267905723,0.008578116537709457,-0.12133894665543266,0.07495888423661312,0.023194335998009796,-0.0018656432270118817,0.01109056274895126,-0.007988424596568788,0.043169134622124794,0.026385081585477588,0.05811838171580175,0.0005863480336207871,0.016266123466518678,-0.0013203840236729603,0.03252035429687239,0.027119508043932816,0.05657154727239755,0.010446417275982167,0.013932171605468335,0.03653824938683048,0.034581452486959874,0.03588080139428773,0.03345315088076206,0.056160054310397056,-0.0002388795636709684,0.05084077718168478,0.026177969132932466,0.03655817368408698,0.05828692673244418,0.16219940750433803,0.04826293977747831,0.10334340489964156,0.05418292294234117,0.056143358400535526,0.056079965247871844,0.07358583016292042,0.0024726381171367162,0.05360638304136223,-0.00012869847118190947,0.11858954862090387,0.1055476316791657,0.05158935764915773,0.021095586506949537,0.05315682615623607,0.054537026000422095,0.04011928610171611,0.05280774959487511,0.09373814074790765,0.02053388058180472,0.018747109436814124,0.025534459695934153,0.029230778033916716,0.019616808099240934,0.02891370464315335,0.04078303349637058,0.021882770506656213,0.00741841074077132,0.03161027894247348,0.022676602936877233,0.03426881458916031,0.030194685203741134,0.02987037697278727,0.013215453409116673,0.008519349537141396,0.04996242981877974,0.04534430441881798,0.034237413680071604,0.23232304663227388,0.022426015504144692,0.02508777214061708,0.025647216346311286,0.020091283418296024,0.033858207659414274,0.027031333916432754,0.03535576829758291,0.017902764693785045,0.015095554291040925,0.03587365877832438,0.03062075071615533,0.036492520128242445,0.017963339384603705,0.037122770656209614,0.03001562800125268,0.0370237551182413,0.017743529618458265,0.02944067236982395,0.024672397914458077,0.02605218472355242,0.03635905021730523,0.03259935548745685,0.019025531114726046,0.035748772789586436,0.015204020967033216,0.03094216362994695,0.02421099276327343,0.022946513437799965,0.02367322550988793,,,,,,,,,,,,,,,,,,,,,,,,,,,,,,,,,,,,,,,,,,,,,,,,,,,,,,,,,,,,,,,,,,,,,,,,,,,,,,,,,,,,,,,,,,,,,,,,,,,,,,,,,,,,,,,,,,,,,,,,,,,,,,,,,,,,,,,,,,,,,,,,,,
2020-06-30,0.01773439003014632,0.012676418752922913,-0.0009774931568365952,0.039882305788405015,0.06286671868484728,0.018985922563457658,0.022690342753521886,0.03429939038780039,-0.007090509740708462,0.03614786824196625,0.013389982299868208,-0.0099518010960018,0.02288079616752947,0.02109332609875203,0.03919082071769986,0.028474498580179253,0.03825456642747915,0.035843022499298716,0.013560750641332442,0.009950517726507568,0.04126136368531075,0.05819991753425602,-0.008750584808982165,-0.011230121854496455,0.02298175312639672,0.023994615808552666,0.011146383785753056,0.03511201439380107,0.016356282935027222,-0.001672971013531921,0.04030531101621215,0.0033661176747097343,0.0004264792953387886,0.00023112628205734786,0.07578459616114075,0.0660495174072302,0.006591248186649246,-0.012634451545907144,0.009852256906932144,-0.010092343581682206,0.020245425762456026,0.02092836099291806,0.02737702630176453,0.027828134625807133,0.02830866669144827,0.03932440502398138,0.03353342444168672,0.058090413986955136,0.013590658621432716,0.01925400479154682,0.01144173705296292,0.011445219071311241,0.006775652529056542,0.08118466860113194,0.04451937033296782,0.08423494497173722,0.021008426451101903,-0.0030333898226754252,0.014505221126389856,0.05330177924899249,0.05600816780317719,-0.007632527334164196,0.00018951164199987325,0.0011529889953560968,0.04369504583372952,-0.0016148255160028935,0.0067124388861801165,0.0029198636068459294,-0.09363953131792402,0.0,0.03497841097735699,0.0036355788872999284,0.0079882018486781,-0.003458420303827814,0.0846210158659404,0.020311265760809327,0.12196574586933084,0.029405745379438297,0.044396813687162195,0.03071211661818629,0.029863733738571874,0.023061282680587603,0.03681094932812057,0.03262711459744172,0.0192513255080502,0.009083011615766967,0.018171728649519547,-0.011257301229595673,0.003073026240043575,0.10327200986282592,0.018062340545345057,0.0014011902683557231,0.011118720521414494,0.01842098391016589,-0.010111154783274734,0.03782799447622209,0.034869868289909345,0.006784629536471076,0.01684983920701688,0.019640329454281735,0.0566897129283368,-0.054205635997736534,0.051188340136762545,0.022694028043889647,-0.011110389729757197,0.013723873045398571,0.0044333550899349206,0.0007817526741742409,0.05850540276621863,0.0011448216145009127,0.016959459888782336,0.008201888952184877,0.032738052206382484,0.004018183934761943,-0.006296999481703258,0.010482921906573184,0.003816977216256179,-0.0034521639609343957,0.012839127180894971,0.0018744061025686154,0.0005577620209298306,0.027167875464727542,0.09220123998430374,0.003721637830547131,0.03837149113720062,0.04962338829759583,0.037968216958560674,-0.11799810358615326,0.01179901750185497,0.03225508842649094,0.025768673622326155,-0.003673606121514683,-0.005235822372588017,0.033954406896363754,-0.00013978144567761142,0.058489816702289144,0.023525211762202236,0.025714615848032363,0.017788545116113497,0.02792712960909771,0.013610366740993474,-0.004693389238079604,0.01906487585629635,0.07359997293223497,0.01951705012304883,0.012873917249234923,0.029530991045953803,0.008594900607963751,0.014964226432373717,0.0108390389168036,0.014498390487771573,0.006868689951270435,0.00913518456193918,0.009372755264134502,0.007161050596183438,0.012639249460204338,0.0,0.007041254816907649,0.004901554932061902,0.004188077018998371,0.004364927988207867,0.0015345022800878905,0.012751705473103225,-0.20491787895567237,0.009866298966012987,0.004761284785582243,0.011205466982823209,0.009102261287147417,0.013487309981261353,0.011671641097521723,0.015313431758925411,0.008356176838863583,0.010682772908587879,0.020727600571415428,0.004855470018464869,0.013565210904476155,0.006501341956813844,0.007084228823805994,0.00833142617814664,0.010178730095382837,0.0053818532170721856,0.012430511676458922,0.013596236255831062,0.028202950593380738,0.018194392225506117,0.013589748824964776,0.008983236161674846,0.014779952169678756,0.0021990735383961013,0.011358509599405764,0.010120068178241626,0.012239177537801238,0.011089753518540801,0.0046880392586421404,0.01056788776670059,0.0009190184973013604,0.02644266805604345,0.03439720334043783,-0.00503928344416793,,,,,,,,,,,,,,,,,,,,,,,,,,,,,,,,,,,,,,,,,,,,,,,,,,,,,,,,,,,,,,,,,,,,,,,,,,,,,,,,,,,,,,,,,,,,,,,,,,,,,,,,,,,,,,,,,,,,,,,,,,,,,,,,,,,,,,,,,,,,
2020-07-31,0.058892042432051595,0.046626978325212676,-0.010742930250816296,0.05525519790697109,0.07346566046013936,0.05854291052067273,0.05935433972919335,0.02919408315172478,0.04004593458072869,0.042758647628157176,0.04560808614938794,0.037334489040408814,0.05770275032099814,0.058143119242389574,0.0348529046359527,0.02093152468369852,0.05583368909661268,0.02575379917912768,0.061958881189488,0.027380817965949822,0.03242540282435713,0.032620755813000946,0.03676037395734344,0.038992379288964596,0.05743299049462025,0.08082497523126597,0.04612553651923723,0.019385476840202642,0.05914208170238355,-0.015987731434347174,0.0578841431565833,0.04435106832662017,0.008541392662491543,0.0009357530422462457,0.028707973649176877,0.08252005434924614,0.013331861660583533,0.02923683551772327,0.023251913454794382,0.0373536608642322,0.06332722146351943,0.05979044713717219,0.10790463097013703,0.1100647948455109,0.06152374837343899,0.036558680887672335,-0.0020012423456480244,0.014781605936574849,0.03861911853443334,0.05820713518083798,-0.014901969677067806,0.025877296097544633,0.041362932826250365,-0.02340344379069237,0.08856914640168423,0.035994306774941975,0.3315696245595634,-0.04763938410520674,-0.021099115517020706,0.10377794562432285,0.03664417730323155,0.030718569152471176,0.0,0.0038489243474413293,0.03927750802025498,0.002886927041883869,0.014538836082561124,0.003638663589433877,0.0,0.00010879566680688235,0.026295879134848432,0.014462380733951008,0.011976952217333192,0.05402268740943694,0.04341929126598654,0.026855609794269153,-0.012137279172820703,0.05358097419640573,0.040240436600913476,0.05294135964794844,0.023996628574899148,0.058569500221193005,0.024201693144604297,0.04346507420361112,0.019832062111028836,0.007174413165354165,0.056016860567657645,0.09069977211002178,0.08020140951180466,0.049119530569504466,-0.05483865906618979,0.03226202782777032,0.022492642614589053,0.0588156943245155,0.037416266836424183,0.05336260742315524,0.029725335604237957,0.0068364943174976656,-0.15561963709367566,0.05093060248444914,0.01723497086399295,0.0691699625601776,0.05391303352687671,0.018611257712081386,0.04568715015265723,0.00802295035527778,0.037763838656738935,0.0006838182075856736,0.10062018195226985,0.011408671050344266,0.05479440850384365,0.039256446797852895,0.020993790459092887,0.005801141862809445,0.025211663449469457,0.022921921916075894,0.010514618809398746,0.01973678696908654,0.038681793019655464,0.049520571863732155,-0.00027881669429308253,-0.018491904500956613,0.14748072154380765,0.043085613132466394,0.03414405017500455,-0.10108364735881781,0.02958189055082916,0.3342009158417856,0.06086255367103188,0.028206048146051765,0.0324550342727139,-0.01280810831650847,0.04263825510822361,0.022449695656129753,0.00032868200963598326,0.016056664573214308,0.07379065559641074,0.059293960445423455,0.029903747897289668,0.03489534717767939,0.05205597283333252,0.05554013041229067,0.05481059907960861,0.041793528176711,0.01136767780615533,0.0235513704959478,0.10742405926039722,0.03445721797193091,0.031306518019006635,0.023828450127000078,0.03669373446641688,0.018860325518281096,0.022814165895154392,0.02928570338657921,0.020139265978854626,0.04167552126933849,0.015811794931998913,0.022425079405486104,0.007357862432318951,0.0007317902419179401,0.026289503746242726,0.01831090309892125,0.031157725691447036,0.04123662255441385,0.02018570814532561,0.009743105141622355,0.04125358021851255,0.048211500941771845,0.04321227856976706,0.02129304059949977,0.03905058209106782,0.022848367550099002,0.010179590440644315,0.015459780351671615,0.022549445430855464,0.03588042365452693,0.017763077371881986,0.031208533202608857,0.02452373312431777,0.03685744030332616,0.016322940786845486,0.013952041163487472,0.013578354327857811,0.04653616088652779,0.017949435506106504,0.0235561492676577,0.019365697194914766,0.03626573262143262,0.014640756704998203,0.030234278311466634,0.015700937431549322,0.012804755176967442,0.014916705373367867,0.020395869234287822,0.028246022204629906,0.014996755777940463,0.05491766151924815,0.016433186748344264,0.055073249492375353,5.9875506408957335e-05,,,,,,,,,,,,,,,,,,,,,,,,,,,,,,,,,,,,,,,,,,,,,,,,,,,,,,,,,,,,,,,,,,,,,,,,,,,,,,,,,,,,,,,,,,,,,,,,,,,,,,,,,,,,,,,,,,,,,,,,,,,,,,,,,,,,,,,,,,,
2020-08-31,0.06979677941272877,0.03468582087496053,0.06791822632467337,0.05126320374605253,0.10944682529592997,0.07000767573824951,0.07301921963595381,0.054763915938689456,0.04080956674069669,0.03875853387806916,0.035712633642783986,0.03527838936428784,0.07125284642687535,0.07223579432019633,0.05810909891894078,0.05366836833411259,0.029118353568833966,0.05070077393266015,0.032492651683556195,0.03843910484415192,0.03907949735517069,0.04565998454586806,0.03434919027602912,0.03420762906749464,0.0710488206053097,0.02726765626139227,0.03897067751672423,0.04722011565775497,0.035053421823536324,0.07268695678046044,0.07061271200306618,-0.050465398864986466,-0.00969825299761895,-0.00023106132909544996,0.04240787417717029,0.02887511704225787,-0.008236413467956116,0.019378711051282638,0.008898716353215264,0.0418155559443385,0.03184360621429838,0.07627836147050293,-0.0032356731296194763,-0.004772012177904905,0.07753465147329641,0.04312832667310862,0.05289508432493384,0.059620498936747035,0.05063296566657027,0.07012497961805031,0.026392142251612682,0.029927106136388826,0.05284156382620231,0.02268373085072417,0.04006537142833855,0.05194359287009842,0.15805739443709332,0.08329618213763812,0.028472515770561646,0.09423182107830175,0.04651162790697683,0.03189625974317267,-3.6216039540626355e-05,-0.002725346250351257,0.04405833424384964,0.0005426784789184236,-0.009417027074146378,-0.00024069387838110412,0.3781676440433932,0.0,0.05174545021896071,-0.005879809777479261,-0.005272464614427541,0.0010885158308380216,0.05071519682492176,0.0735563029319537,0.08760691010427135,0.06025495732221953,0.04157392624206868,0.060055647965071124,-0.002287489409771304,0.0730493866612818,0.049228656088867506,0.04414786787583069,-0.0024014557146678772,0.001784666691374781,-0.037162958164063675,0.030846766819247806,0.07298049751803193,0.030918762447472048,0.0767917745754827,0.002322924383695524,0.009124669692949228,0.06970983091138772,0.035236669382508135,0.031694293006050867,0.05537790880660087,0.011252299927462683,-0.0627132991937448,0.037794326273997036,0.019785280139845485,0.020332760071047895,-0.0016501241153628055,0.06324670422745138,0.02728689557349795,0.0342394755478066,-0.000708992696541122,0.0,0.04477143811805662,-0.012494118959715306,0.020892199794510402,0.003509661391549068,0.052604452711835226,0.002171351412031175,0.01819567683929546,0.01886761002310533,0.038471970668140676,0.011993440815444734,0.03323680408479124,0.06864001729198899,0.00011961736665466738,0.035928276265333015,0.030532084850383168,0.048444215169539895,0.045454630416330355,0.04182777844332786,0.04689578093050595,0.055794031369514885,0.06324367266216724,0.04718331042872026,0.04831211593605533,0.06513334809573124,0.014469907059873721,0.048595351703,-3.972272089758366e-05,0.02853465800081545,0.12619183116388322,0.07472404779615571,-0.018212567624757425,0.05081872526932529,0.04266572471204744,-0.002088127001843798,0.07430167592909154,0.08881710924322683,0.010615512432752716,0.020672023451054233,-0.004062972145058019,0.03259311765492301,0.00967890777816427,0.014740075665065744,0.03614006363040079,0.016935813923299792,0.009027872893975664,0.02116587844590123,0.020697010594507015,0.0384511120873956,0.015148070065879482,0.019594624550635542,0.0077964144507991495,0.0042523570499228835,0.011454353690501184,0.007596357153096367,0.02721539395063033,-0.4480196453920703,0.0036802695014883646,0.014122829575214935,0.024085083415874786,0.011869496032629767,0.03958943902207279,0.01440489310857851,0.03334458431302467,0.015046272704494434,0.0035373349574419066,0.027033683151266752,0.01991449692999403,0.03703023983433096,0.019606327171924676,0.04691791573821247,0.02202171083162585,0.04066202251566131,0.020697351020926735,0.021508164557054066,0.012070341983731359,0.015344955645457015,0.035147780671794804,0.019708935425668983,0.019078323360280924,0.039627932200057,0.011372121873463037,0.024437788954410955,0.019506834197911438,0.01687019532629419,0.006570623511704676,0.019103170499429778,0.030546572408803208,0.01044063268675477,0.08094153708878382,0.0514199049763755,0.023804632889166566,6.01457260667182e-05,0.02760378271712227,0.02527335817219467,,,,,,,,,,,,,,,,,,,,,,,,,,,,,,,,,,,,,,,,,,,,,,,,,,,,,,,,,,,,,,,,,,,,,,,,,,,,,,,,,,,,,,,,,,,,,,,,,,,,,,,,,,,,,,,,,,,,,,,,,,,,,,,,,,,,,,,,,
2020-09-30,-0.03744346576468671,-0.03287286474934903,0.018097182381598964,-0.04528033147740518,-0.057786197494717695,-0.03758345282889386,-0.03701751806216491,-0.03261303134843452,-0.025051428291345545,-0.04660509913266575,-0.03330970773980069,-0.02542798571294158,-0.03692527540841983,-0.03637504380164247,-0.02061210029932714,-0.04701506271591227,-0.04150516467417564,-0.05193750567799671,-0.0241388795337224,-0.043737521743022034,-0.03414855799343641,-0.03731932996190246,-0.023772060097416947,-0.024092490928140475,-0.035375697527261774,-0.014117050242665075,-0.022967623003385285,-0.020468012505822863,-0.019743463410590634,0.02008925421490404,-0.029205304023326217,0.007734632284899012,0.0032777369014773683,-1.1351210228216502e-05,-0.04128358140601052,-0.010103327486206126,-0.0009727392307325999,-0.025946181077495245,-0.0037799565733930285,-0.02215614002609756,-0.016078014959953202,-0.03697505423335301,-0.0417140433776253,-0.0415557095163992,-0.03514933123243991,-0.031169214450080807,-0.039285851075530176,-0.032685186829966795,-0.038426928233140756,-0.03771263917259715,-0.06807629828740946,-0.03418352992030338,-0.03674499865641301,-0.002634937665754622,-0.006849171254991737,-0.07488551386174047,-0.17499047779993038,0.01010085068834421,-0.06799409526829348,-0.03864827480187383,-0.0444444444444444,-0.025809966695660158,-5.3996778137332946e-05,0.0007941604298586924,-0.016920231287097298,-0.0007970047403511593,-0.0009857610669394834,7.243003076062848e-05,-0.19306933731439524,-0.0002181648296996075,-0.01799713001633696,0.0012432389354160023,-0.003226857522691251,-0.009988393213204216,-0.06868809821523625,-0.00203014178171923,-0.02161102754750943,-0.02950815064441248,-0.018356215040064683,-0.029315311366186925,-0.002785117480618715,-0.03621331561569141,-0.017829293675597047,-0.03632122120149228,-0.004084484810787825,-0.0011572168401714489,-0.002365232927270422,-0.04437358166844507,0.021948372847840902,-0.08740363762599002,0.03882724053578368,-0.017052038468498343,-0.0031377346930447914,-0.03756291457150018,-0.023845404798510605,-0.04106818569267645,-0.03295728770522188,-0.0018222576472629592,-0.07100587647437095,-0.02970360212190215,-0.03843310579296022,0.0344202479152369,0.006611563734210124,0.04692663798920327,-0.01665145964704251,-0.010744908077722548,-0.010877232296952366,-0.00035835854737953365,0.014683882544183513,0.0027266631244717843,0.01825220824660323,-0.0018520779600673665,-0.01872046430560792,-0.0010080415573661128,-0.03141521177174811,0.002241462443459463,-0.02090549503027328,-0.004004458070741568,0.002501951309922923,-0.031510517388317894,7.967459945512623e-05,-0.005057699687061268,-0.0550224597870167,-0.02592286822492973,-0.032879122852568665,-0.03631648661240172,-0.011671993536100045,-0.1892091474601646,-0.03310464024204385,-0.01251372916365634,-0.020420845675973354,0.02187646705451818,-0.004317443704756618,-0.022632748468567,-0.00010955925346256556,-0.006592056328997398,-0.024088414115168266,-0.039950379543593484,-0.0035767671075789265,-0.03201083165334029,-0.020031290357973686,-0.012810334648035826,-0.035475606237317714,-0.006626363858827866,-0.00559955416877389,-0.009768797615466007,-0.0413055251443204,-0.016996176635964977,-0.015942075780178255,0.009556574979289634,0.0028766603826808623,0.00580943533319811,-0.0033332837590404063,-0.003737703337101772,-0.009601401164071044,-0.016949167294367573,-0.003926831256891972,-0.0071937038337940296,-0.0012622206027361749,0.0004726287795635553,-0.0037062389807086538,-0.0053902725430721166,-0.009838857225350939,-0.31300453817803486,-0.0016954293045836621,-0.007438758740192952,-0.013746541909023358,-0.009640780119554715,-0.019675618919821947,-0.01793720247125663,-0.026497261794995786,-0.011060447438914989,0.004354359630828641,-0.04006410403364513,-0.0018753666359657695,-0.00933519629246038,-0.0023712181018199496,-0.02752195044580652,-0.0033510038957249577,-0.014323360972534172,-0.0069045910487970374,-0.005263845669120304,5.345227757191928e-05,-0.0037506631359266462,-0.014296557474943072,-0.0015809885132375134,-0.00908406888180957,-0.016385834861219473,-0.004645141039026468,-0.00553205048116201,-0.0027798400553943337,-0.0024634965087128036,0.000314869782832794,-0.007237488503555434,-0.011870521885642527,-0.004662787129495194,-0.03802335131617596,-0.021698892717985863,-0.007573747663719987,6.963342791488358e-05,-0.011980249852163283,-0.009734648019241399,0.006072858862228747,0.007340704825552713,,,,,,,,,,,,,,,,,,,,,,,,,,,,,,,,,,,,,,,,,,,,,,,,,,,,,,,,,,,,,,,,,,,,,,,,,,,,,,,,,,,,,,,,,,,,,,,,,,,,,,,,,,,,,,,,,,,,,,,,,,,,,,,,,,,,,,,
2020-10-30,-0.02493379831875131,0.021957988515855842,-0.014051121063699434,-0.03429402243323021,-0.030449054189062186,-0.02511453339302594,-0.022976066187714528,0.022030795217655497,-0.011851366447989342,0.02548759073505935,0.022448998312790014,-0.01831908388996306,-0.019263398762724315,-0.023699554822922075,0.0074487196115953225,0.03684686432216022,0.01620939990448167,0.0365951893876062,0.013295402430155034,0.03410924823534356,-0.053750554078253354,-0.05379751240105657,-0.016025178664334838,-0.017880754055363823,-0.019493730897793604,0.0012152205971267538,0.009401119389583545,-0.035506573026797716,0.006448229373203995,-0.017817949895840957,0.0048567929676486266,-0.03385240137601597,-0.013808014945387304,-0.0004629505586801752,-0.07592826405973507,0.014062278895956348,-0.005582969537360261,0.01790514173195601,-0.006765648663166979,-0.01817998063604309,-0.0006806281684312854,-0.024929831769371025,-0.0051942084141127776,-0.005558664966203719,-0.017336204039227976,-0.05416750731863884,-0.037422234240683805,0.014590272857366582,-0.0007882055733875459,-0.02465066167393548,0.12563668864389022,0.0006493982361159834,-0.009403494954613678,0.01202538061223235,0.054004700949053186,-0.10745849477363567,0.01617377039470491,-0.016938478972342685,0.15330698488483652,0.0036244529176983065,-0.03441859400549596,-0.01717523697406842,0.00011721884783577607,-0.004382091860881232,-0.02061478010922213,0.0007355308152583451,-0.005563884960612997,-0.0013386209524580694,0.1165644120501641,0.00010940486639610114,-0.03545252602197424,-0.005201800081226171,-0.0035393238877455824,0.004671846359621146,-0.10166111053693516,-0.03458231197824846,-0.11345382631656609,-0.02227224600624489,-0.02043939836787423,-0.020461202716890003,-0.0023662352046252,-0.023812412930953153,-0.03439467389046269,0.021955513420777395,-0.0015174263743842342,0.0008583514357949351,-0.017564501740265137,-0.05214908839455934,-0.04009044203429735,-0.10985916602834656,0.01678110395043042,0.00032553178860750265,-0.006541689163254372,-0.02545095209340842,-0.018362192629164276,0.016903048230360485,0.022573368815554495,-0.0016026249969266493,0.06467416243754243,0.012436970602442532,-0.00474392869247775,0.01751313531914045,0.003284069035370152,0.01830801801673787,-0.032480910350256686,-0.03874950131294541,-0.003824960240845332,-6.471568787713711e-05,-0.00797395259486633,-0.01099294671190365,0.041825120268640825,0.005632244608488213,-0.03516932897402825,-0.0003884543455702216,-0.009414812282371177,-0.006063413112457838,-0.010707802899361019,-0.0022686178712229,-0.029961342985028505,-0.025930014217734443,0.0004382665391609031,-0.034858609616740366,-0.0020903869321198254,-0.020859286356143425,-0.05166623051651542,-0.004976752761870373,-0.03542944299721407,0.40200545893490136,-0.024981634300527134,-0.03765521767934665,-0.05550576755854131,-0.020697782829097733,-0.005560492468022482,-0.036704500370590476,9.977515215942034e-05,-0.01040982710713223,-0.02938741610401918,-0.023356377084914337,-0.0032695902778531183,0.025762718071459245,-0.010880809881467002,0.005890208949797859,-0.026255377468711205,0.07590567804217185,-0.0077281322294068255,-0.012756139073717643,-0.004787242353205712,-0.017995773681577232,-0.02002669779102717,-0.010980651641583683,-0.02330583122104779,-0.008856355345302491,-0.006282259719350258,-0.012619336143788629,-0.011549362133298602,-0.010941642088050929,-0.007471701826289534,-0.00854107329084397,-0.00403599927217646,0.0007098086656123215,-0.009610062433607958,-0.007030628558992502,-0.014820099769206063,0.4616191574553321,0.006121670162468229,-0.015163462681208495,-0.012459327455115465,-0.006218279836571083,-0.020214382912483342,-0.011796094565878268,-0.01826993947403832,-0.009569877804036842,-0.016722249617118323,0.0070951620529950965,0.0090627872854383,-0.018989634164926383,0.016860972875287317,-0.006379712788270653,-0.011496774953409283,-0.018271200427922185,-0.011416802452193786,-0.014875014623006222,-0.0007219751886565762,0.0043184095783495025,0.007174850544179989,-0.014370580620024165,-0.012276318544317988,-0.018588536483262863,-0.007481745997881206,-0.016050707644397755,-0.011548287518780564,0.0033184847431251274,-0.0018031348014406756,-0.010024043827998819,-0.013861223844542692,-0.00685832030518152,-0.03227595233417846,-0.03849793231713661,-0.014292756289172592,5.000846858727037e-05,0.004783096508609308,-0.013654616461076574,-0.019637861660351197,-0.015621168821245757,-0.003612898314169888,-0.038448136849626224,,,,,,,,,,,,,,,,,,,,,,,,,,,,,,,,,,,,,,,,,,,,,,,,,,,,,,,,,,,,,,,,,,,,,,,,,,,,,,,,,,,,,,,,,,,,,,,,,,,,,,,,,,,,,,,,,,,,,,,,,,,,,,,,,,,,,
2020-11-30,0.10877703589394949,0.14298100959058768,0.10559760475128677,0.14393660000709518,0.11225772009212731,0.10896772267395871,0.11692625970298431,0.18244177261556893,0.13424156455339786,0.18217187110171928,0.14276633014905316,0.12908759468890318,0.11982905546021505,0.1172565014982796,0.17663619076841308,0.19060117988506042,0.17289488320856505,0.1921202058601852,0.1232874701530513,0.1659258915447721,0.16283762033036542,0.19676714734120893,0.13047573845984317,0.1284557932222461,0.11803091842003077,0.13329104960072247,0.14142184941619673,0.1426941975253495,0.13783572309829872,0.11059822336189407,0.1822017994664027,0.016639313664463806,0.003383838391355143,0.00022027704980165375,0.20065487727815734,0.08991247759549914,0.012067779697441106,0.13096418804872623,0.012072393543487658,0.1275702651793451,0.13364356016327683,0.11111848500599075,-0.05408625961608993,-0.052543245320225584,0.10606034838528267,0.16394457872198043,0.17893913829090824,0.20503340874615406,0.1640383194829178,0.10838990963967743,0.16500722780851684,0.12264780616358495,0.1419443658524031,0.1811652421475647,0.18759438525840277,0.22653462627146514,-0.04274672777815214,0.08760646604529687,0.15674354069243113,0.20545773661986289,0.12235062524927143,0.12258012079942526,-0.0002075781498399598,0.001445760877856861,0.12608755094011692,0.00046278695691515104,0.012135398901010008,0.0022612166431752456,-0.16797483737008057,-0.00010939289828071352,0.1429659919146069,0.016245616441077804,0.01631586425367826,0.035385795929300023,0.19600588230812876,0.12941174326939509,0.20215173984542045,0.1176094058898054,0.12608218144649808,0.12368644977562115,0.02781332433095418,0.11548697353508541,0.14182058151478438,0.17888848076502795,0.0200611502798409,0.006413277667428607,0.04371850155615409,0.13980660692296154,0.0765047477679992,0.2573840350082994,0.06151535630288585,0.056878741381436226,0.010955396469811918,0.10946544007983716,0.1280398909657634,0.17321054678567815,0.18363364457130138,0.005468940062178129,-0.35250807651977156,0.15221656981980702,0.16031744953754212,-0.015490494575185143,0.04091652938413315,0.09795412311918339,0.08092791153077905,0.08795238771338076,0.048236116498352244,0.00022775857357970608,0.08603749509346414,0.005145126206278494,0.03180399377715082,0.033599472521313345,0.13892720882783838,0.005510669873362906,0.13383663008504665,0.023825378835123034,0.16426927245342315,0.028647792807332317,0.08566380536241214,0.11291429012901988,-0.0007566990645632155,0.12340117600305489,0.04338730329238438,0.12140619285121468,0.16391515423642367,0.21141099984743983,0.12773014989230602,0.508062441362378,0.10354189126692326,0.13030630414805566,0.14622769139818748,0.1016458327623817,0.020605887948392354,0.14636140157387212,0.0,0.04369796025348727,0.13954104386786637,0.11729115672431423,0.03018796045714245,0.1689816203922796,0.13318414039590554,0.03056257015298036,0.10501883028414882,0.22175309304477286,0.026965643613883206,0.043521270009358126,-0.054516226634213516,0.06575637544818069,0.07856499197075317,0.05130161570387548,0.07892803364887913,0.03651905759192564,0.011231893020992922,0.04352325693704984,0.04517930346758847,0.06905797757998955,0.03026295292496095,0.04081345013475812,0.017601322136892472,0.000985202492930437,0.04037837052208726,0.02577716524544571,0.05951807700383549,0.8399421237062081,0.023552517074981516,0.05176533551978291,0.050952792425903004,0.03154673117652118,0.07338474912308524,0.057373885657053814,0.07975694597625127,0.04012419007998136,0.06529688447703119,0.058226304828469466,0.04895953050393009,0.06975901436467624,0.028889714771955788,0.09699941728289674,0.04491261368438626,0.08202734198601469,0.04419596919408941,0.04343782271668961,0.015011662739957465,0.049136414756443925,0.07774794070636903,0.04341893840880995,0.0401113544930678,0.07042532726298467,0.03164531644391144,0.056427778523378436,0.035745671022887615,0.02565285300511766,0.018465449513231258,0.03799843782678414,0.056188279354460136,0.026867920497678277,0.11763149437902998,0.1432285727458229,0.07256356349787874,5.055347846250058e-05,0.06668615855699689,0.04930896098612125,0.012642663605137994,0.003885452367694331,0.010239561662273022,0.12639268636067746,0.10959757453755126,,,,,,,,,,,,,,,,,,,,,,,,,,,,,,,,,,,,,,,,,,,,,,,,,,,,,,,,,,,,,,,,,,,,,,,,,,,,,,,,,,,,,,,,,,,,,,,,,,,,,,,,,,,,,,,,,,,,,,,,,,,,,,,,,,,,
2020-12-31,0.037048182474136215,0.06466674117511695,0.05335187041532463,0.031124675547339997,0.0490243909893906,0.03776637995493548,0.04123193497815891,0.08646446991020107,0.03727147558496413,0.0824012480131866,0.06461200264636124,0.03346510481408749,0.04400765780677762,0.04148253108591948,0.09303838615353377,0.07989695750364967,0.0883303382201508,0.07495991250502132,0.06345234825500357,0.06605555564843213,0.04809655456999895,0.04135060184904549,0.03652045714790608,0.033354155427650634,0.046763331430818456,0.04746544298671873,0.04579467482305777,0.05015409250580016,0.046789815891309594,0.04465660078758038,0.07382432083896862,-0.01227693264191887,-0.0023846984150811545,0.0004048604530508815,0.04064524975896355,0.07129483350675359,0.0008567042282729975,0.033489289863757765,0.010976216605346645,0.03510635980569887,0.04020201110911059,0.04097409698195498,0.07013861264675048,0.06961642151705205,0.03345745027079361,0.05677552161920496,0.04489869543697855,0.07614540451040486,0.04766837199912577,0.03768906552633311,0.09084314437922991,0.030007044539722694,0.03953420920065409,0.05816911628454702,0.08579183707556659,0.06587016640000543,0.16722093042010067,0.054074207979257105,0.09997694928674705,0.07483105731798068,0.05836912681904183,0.034010034637275366,0.00019905954654753089,0.001106616948388206,0.05707163008497673,0.0016276602185580913,0.0015256684229851825,0.002343525560416282,-0.1320755209265827,3.20549290078187e-05,0.056300183918309044,0.0067532364392697275,0.00782878077931426,0.021286519498019185,0.06307980537730762,0.0706945162936452,0.14507771974175054,0.04687280543082717,0.05543616079722313,0.0493153794685528,0.017037243380080946,0.04018661406178725,0.055173596722870144,0.08508955736003632,0.005556935041169275,0.0040982054270606305,0.000605245987760128,0.1100947273709667,0.026058204272075836,0.0805369154364508,0.10106009496304935,0.036323138137893674,0.012544337786636994,0.037444119829945555,0.03340367305195979,0.08778703105508434,0.08592306520258264,0.008836601908708941,-0.023454179981053924,0.058618848421409186,0.06056854241760612,0.08216784440997138,0.06132073243685454,0.09937890004889538,0.02307825962337806,0.03031591679298562,0.03594306026137861,0.0012389431085892966,0.1034384109463462,-0.00790034749005919,0.07175331496984283,0.020237887312815284,0.052486648552291904,0.0030467053818861167,0.027041765557087816,0.019383797910298872,0.029002058417118448,0.016522660187156202,0.015735166194898564,0.03705873195104625,0.00023880741818449458,0.029277820914237473,0.016751054066617366,0.03221395447428255,0.049415642274292404,0.05539836567712775,0.05323039758034853,0.37966710262689474,0.03721925577410845,0.04536084426225351,0.048676816101939524,0.04827337868549986,0.019115904214677126,0.050822157868660955,-9.949311116774773e-05,0.011540501872966402,0.06270685953825406,0.03811568198044357,0.0008009974381169016,0.07472376463600883,0.041028509103140376,0.019307384207797762,0.03843031669629049,0.09016146337926378,0.008384120246702098,0.008804217749909471,0.07066138848291392,0.015846234516939894,0.040160174158403894,0.01311000081406144,0.023137132334044352,0.010119957071788033,0.011627303132616618,0.01224762828356285,0.011551933365627542,0.02696772112923651,0.001652288426123416,0.005766624115796981,0.00450520953213962,0.0015570550374846004,0.005549253482199257,0.005752079648399411,0.012865912378091204,0.3543692760580843,0.007401682855661118,0.003281214220162143,0.00776575976335625,0.007474030141839005,0.019220912770585796,0.016751675424541368,0.02497358694517482,0.012348879414924241,0.01680885634474727,0.01546898218617776,0.0076224237168449616,0.01707067205091617,0.0042242515547183945,0.026273259815104533,0.015050763380080934,0.023101396761120663,0.008720322506227784,0.03526553857084935,0.004692644931245438,0.05229971570504155,0.03056150067536678,0.008930573480644632,0.010902042346766283,0.01971887503680625,0.004340710070455556,0.010498706946742375,0.0056577030950237805,0.007387149728159237,0.0004222801085340677,0.005640111979517526,0.01279645098429727,0.005071310040530852,0.04153616317912334,0.05615326823550748,0.0260027219869714,5.985813257591843e-05,0.010569600976992666,0.012286345296094403,-0.003242801923739269,-0.0026074221155616417,4.0724910682410354e-05,0.03888986054036847,0.04966052387555964,0.060852203641477365,,,,,,,,,,,,,,,,,,,,,,,,,,,,,,,,,,,,,,,,,,,,,,,,,,,,,,,,,,,,,,,,,,,,,,,,,,,,,,,,,,,,,,,,,,,,,,,,,,,,,,,,,,,,,,,,,,,,,,,,,,,,,,,,,,,
2021-01-29,-0.010190365672240742,0.014383573096968805,-0.008436969514499681,-0.007782029130733892,0.0026135541714435995,-0.010309203934596223,-0.007883510607163191,0.04845464290371404,-0.009434770563237493,0.06169768991257296,0.01488069649976631,-0.015935123869616263,-0.004652266970271768,-0.006573750050732019,0.04775024728493715,0.05047424247967536,0.06218236398923227,0.06247722267605482,0.019108225255829225,0.011355355478581464,-0.014398988470498586,-0.017468502691842636,-0.013989484891104742,-0.015411429773305896,-0.0033394947961563615,-0.0037991287622645142,-0.002371839904780848,-0.007812537320766477,-0.002917582266704688,-0.006353655126353108,0.027021733807910397,-0.03632814180801658,-0.010921313846560143,0.00023179565663822288,-0.023010714572389457,0.03173980985337388,-0.007445539437038962,0.005614397746648292,0.0026632332683698134,-0.007901899910680465,-0.004739465232997175,-0.008478156097925349,-0.03223816988295236,-0.031991172121021205,-0.0036432320549669717,-0.008964162022031652,-0.0057202702998651045,0.13999113296852617,0.009120521813870797,-0.009326893375800727,0.02175987103317878,-0.006230554612665307,0.02935454192030207,0.08594986138069416,0.05152832993760903,0.06573771869073486,0.017094020411502875,0.015619072378994625,0.04658307943196971,0.36831472784386654,0.047039734573795844,-0.005682652200346916,-9.062073723464792e-05,-0.0027822436830984287,0.0037698589890116097,0.0014531036492970717,-0.008618246419825337,-0.000602719736609636,0.022826091576163554,0.0,-0.007201848949270784,0.003413056190450403,0.0025747895853438507,-0.004957359683679052,0.0575916079325729,-0.003804072137828185,0.10242697761497621,-0.0030862292508115896,0.002827988130673198,-0.0022679285083700984,0.020474087675320662,-0.008026321825473914,-0.007497950759919769,0.03977497915431005,-0.008750265411357261,-0.0016813980997308908,-0.02891883738493961,-0.002879011458293279,-0.09230700204519027,0.06677015908664652,0.08344025952673517,-0.018635575141566774,0.0028996427149030612,-0.01021245785878322,-0.016007901710670014,0.06192782725502699,0.04884071157861469,0.005075201038214683,0.25909758140408856,0.008360348544159457,0.008566607933554238,0.017770572649520977,0.02370368109809018,0.0354391658136497,-0.02725400194631844,-0.011170345690316053,-0.010607609402530027,-0.00032581807299825183,-0.02685233574607071,-0.004405018290050244,0.04903352005746675,0.0011137712774385022,-0.0073816010819012234,0.00038758936222493823,0.020131088289367938,0.00547677079240616,0.03302253254858467,0.009569609355092101,0.004161424157179461,-0.02831079740843012,3.9837314254054235e-05,0.0006563291050185605,0.015297453098608083,-0.01584123467438181,-0.009555283468739795,0.060697619213364806,-0.014301828654876503,0.08406249319557091,-0.007794866073576157,-0.0065829407143593865,-0.009317119827261244,-0.007518939053342111,-0.021156371030331744,-0.00958359095425676,0.0,-0.005298088379711463,-0.0158128140216397,-0.005346923928388203,-0.014936101419601444,0.06706055649944687,-0.01089751252884863,-0.0036137708745049846,-0.011570145801435672,0.09680980634364866,-0.006122401904177011,-0.005632846134863478,-0.03115101034590584,-0.010952536770587051,0.02649818105989099,-0.01150250533193764,-0.011972085600437388,-0.010389635573983091,0.0029621678952114205,-0.010137327230732462,-0.006697949057312469,-0.010992385048902653,-3.670667181165932e-05,0.0005059459423295554,-0.0014816857258953542,0.00039346764554659686,-0.0036569351938352535,-0.003252773942574061,-0.008564500322367885,-0.03741935149002651,0.0006471828304928096,-0.00020968838722201788,-0.007529206232856467,-0.00584166962422028,-0.00882522341630898,-0.007879631545606114,-0.009265564724443731,-0.008070752195454167,-0.004651915461048817,0.0006941630866181825,-0.010017302517607907,-0.009600577262663501,-0.005726428097745817,-0.016061836215676917,-0.010620709123282612,-0.009962668122837415,-0.0054821528239665795,-0.005481648080597923,-0.0068224122819836586,-0.006324917718607881,0.005517236117658975,0.00991988698831614,0.00782930898579659,0.013198016598652051,0.00018012131190969782,0.0015179651070695854,0.0011603037298388852,-0.0013028046793336356,0.0016885148036769326,-0.002010621274236679,-0.006367960964645425,-0.004497297876315476,-0.005753313166510732,-0.012471301985030214,-0.0159644129635782,5.0000447084253e-05,0.007553735843117915,-0.005284845718143916,-0.017568084744298162,-0.01903523113775163,-0.007412995407907963,0.012415136110861091,0.0035685711722475144,0.03176905283619824,,,,,,,,,,,,,,,,,,,,,,,,,,,,,,,,,,,,,,,,,,,,,,,,,,,,,,,,,,,,,,,,,,,,,,,,,,,,,,,,,,,,,,,,,,,,,,,,,,,,,,,,,,,,,,,,,,,,,,,,,,,,,,,,,,,
2021-02-26,0.027805617429397245,0.06782336250651833,0.018361078139902176,0.05130713572961598,-0.0013351870694888746,0.027589218163320828,0.028929079661918156,0.06202575385071185,0.05995292221477344,0.0770729076860317,0.06846710045232385,0.05897771590430034,0.03145928462080394,0.029349005091009905,0.03122597298904939,0.09537580657294487,0.044772497397024935,0.1079986361017442,0.041032889532735206,0.09578418150799495,0.029006907771796264,0.03394128532720497,0.0616439421072259,0.05965720408287756,0.03139323207775302,0.017112972639378388,0.0766050169377619,0.0223789123828948,0.055742406995399785,0.014734419989560266,0.052090214029706816,-0.05732924701731901,-0.02363307313381746,-0.0005786903932795129,0.04219805737188942,0.007878583833730524,-0.015181088348015459,0.08643494568485921,-0.016876214271493994,0.0499916295668299,0.053403916467017476,0.025996701819380297,-0.06256881416817583,-0.06324779209442544,0.02352484771162011,0.025795715905189587,0.049222134071483126,0.061733009675524864,0.029696366134058128,0.02732521591448167,0.16381930269009248,0.052531511167254186,0.03639382114366119,-0.031920434467305525,0.03792182103269437,0.17424675994711047,-0.01320527918081249,0.04215669184217141,0.18190174848550367,-0.09942046032266505,0.10302090932810204,0.04571916565347833,0.0,-0.010964000071425395,0.020825948068122324,-0.008610355645339851,-0.015476401459809774,-0.003915694138168391,0.09670561765868402,-0.00010890362815318966,0.02432272438850691,-0.01556856611280888,-0.011642904288889588,0.0015189635004659863,0.1650164988801408,0.03098847877066202,0.16791045254125025,0.022887906980236128,0.019740676696274884,0.026739795328591276,-0.016676041354601656,0.028374893635304765,0.02462222475002518,0.0633242171476669,-0.015919199944299245,-0.0027117986097640046,-0.04291706843542642,0.10742737039680517,0.04146471780311378,0.17903937647744916,0.02014219013577545,-0.024749900203982267,-0.016061483430092505,0.027661821368962336,0.059157056499911764,0.04452738291060521,0.060602357318627176,0.0017149408376062603,-0.24566473988439308,0.059200056672333634,0.04459981028492921,-0.0015872773670014828,0.07814760836141921,0.04513888166169422,-0.0037859473436372415,-0.015429030348409256,-0.02389989671131998,-0.0008142646647719687,0.048288161034123034,-0.018413805636323,0.024269704068644593,0.007662221796978619,0.02551751537855118,-0.003896732370373246,0.03204693095193667,0.005903074021206267,0.06905773276452454,0.0018698711373967836,0.007882764558315936,0.03196958114593729,0.0,0.02787823146870938,-0.0039061523033095957,0.026977785293069045,0.028351919198574604,0.033859351988988484,0.009388509757108032,0.24531569117540086,0.016245215370043864,0.015146651786439813,0.015347853573363768,0.013933764645195357,-0.014913215620282916,0.02322364101566432,0.0001992781360409257,0.012528794362134832,0.06440113103500367,0.025242613623451593,-0.01978487347533331,0.06004160334288655,0.04372146478175121,-0.005443315204300525,0.03415070960328426,0.06613002475488305,0.007681179623093781,0.010909863603028258,-0.06321524922601662,0.01812083655545127,0.042096933512149715,0.013454575972123628,0.01918551395953272,0.007124129490591935,-0.015636092982585614,0.01684837202409195,0.0064059519566785905,0.01636303764384328,0.005168838709298518,0.008427439483716492,0.002125582712804386,-1.9780648251366273e-05,0.01034372306951914,0.008714363583396834,0.01714762401560921,0.01139407945950599,0.009511128074996433,0.014468493631279111,0.013320531174556338,0.0072098328979688375,0.014286646900099953,0.011191316151772046,0.02133700048129672,0.010068357287863039,0.006982681150899728,0.0158779349797582,0.014863942685304554,0.017455239788130683,0.010203379318870054,0.026706853323781976,0.0152655699832831,0.01959619262643364,0.00805655996522292,0.01350395343065558,0.0044914660633028625,0.0060301609003503565,0.0247942241610839,0.014355915299307132,0.0078065469123869136,0.018396225664262245,0.005401498597683352,0.010778029271408807,0.00902609396055154,0.004286238220096106,0.0019384812972134124,0.011133515081894751,0.015665793136196537,0.008888257472667416,0.025280292508438995,0.02552688799280256,0.006832513039739085,1.8247425970230324e-07,0.010342141382711167,0.008442143526745216,-0.0313768233227405,-0.007703496591472958,-0.017443508354522463,0.007787978715431354,0.002705262410880982,0.015570340891692513,,,,,,,,,,,,,,,,,,,,,,,,,,,,,,,,,,,,,,,,,,,,,,,,,,,,,,,,,,,,,,,,,,,,,,,,,,,,,,,,,,,,,,,,,,,,,,,,,,,,,,,,,,,,,,,,,,,,,,,,,,,,,,,,,,,
2021-03-31,0.04539908725544817,0.048509753716226456,0.004397456253182996,0.058439492568072904,0.017167810478273537,0.045553909520588354,0.038441996036068904,0.013950126934302087,0.06002992874525326,0.035378013947042986,0.04715812828489141,0.06395295261553846,0.03671873948472126,0.03857053613484429,-0.02839765409263939,0.054607679794149266,0.013315525593057043,0.056162090047638946,0.024074333392532177,0.06982538457994059,0.033744853841060074,0.03684684901192292,0.06381965695765413,0.06307854045094885,0.036479163296413875,-0.018234502052783652,0.0533213194940898,0.025131676480733445,0.027257522983644034,0.008082381333951671,-0.0022633466885320086,-0.052452387165775716,-0.023856845991010567,-0.0005569322880804028,0.04826146231951478,-0.007258548381754215,-0.011463386633788875,0.09522584645924481,-0.0026227924912276546,0.06666595587065016,0.024010618904119596,0.03992998481207022,-0.011433105943016053,-0.010948923316814185,0.04891989195418134,0.03316876276888858,0.03513400011846679,0.0244323551889587,0.05187493651501729,0.045732516940773404,0.049463137882179486,0.07262093198972108,0.07210075875703703,-0.08319345915004439,-0.018944836412021937,-0.018881688890440285,-0.07948090416060338,0.06493052115184317,0.03742498903184077,0.12748229822819446,-0.01896063963687511,0.06942093277480299,-8.997042911529363e-05,-0.00841323861419696,0.017433466244038076,-0.004901172826745848,-0.012713969867572339,-0.001894266116805099,-0.0717054062985385,-0.00010951283216609209,0.027684598530040683,0.005676400137138771,0.0025892956849309368,0.009669782303947105,-0.010859279458089621,0.023361841825358276,0.0067092970268394225,0.02853753212289134,0.01733041923110945,0.028509437336382337,0.012577996057412166,0.03816794349475261,0.027307520262403573,0.01515501126251162,-0.014690421131485554,-0.0018266626695189192,-0.030025919927179956,0.0007191782847941752,0.12828903595792918,-0.01975312552025288,0.018002403347983975,-0.02917554209587736,-0.0016324221205060718,0.045752337639055396,0.06470937889565054,0.013886498400276004,0.01431966400380058,0.00551663260712032,-0.28352490421455934,0.023159394656680155,0.039518513906108055,-0.04451515077636059,-0.0563757866053175,0.026103519334377934,0.056083755993624695,0.021267621123836955,-0.02562936355516343,-0.00019591792721895818,0.02802822502859903,-0.01471034247213343,-0.018429138193135852,0.012822898282293549,0.02445614734088042,-0.00027319552764615285,0.09531244961492713,-0.0021805556959276773,0.07249449580243095,0.002485988243143389,0.04584854403784111,0.04979657280822636,0.0,0.05201014125956238,-0.025210308099324008,0.07148191975155349,0.033314294752916807,-0.0553133233268841,0.027057227683084495,0.1583332763115579,0.0397286984811176,0.03091108646418994,0.035419500880140564,0.010833871624304825,0.027921509721013482,0.025398608487362084,-9.975524596972374e-05,0.019487130840991407,-0.012770891846069277,0.038962852381347446,-0.013714817804078683,0.020736082763123775,0.04675528161359699,0.010580938265691398,0.04076189885795389,-0.0720658379583593,0.01056606364700019,0.014527847752013878,-0.011634715341817592,0.020764639340743907,0.012011885401341793,0.022604920767699932,0.031043547073747346,0.015636636885707267,-0.0014116887935234912,0.025016196661396428,0.017085434585067283,0.037059577416805434,0.004741034296312563,0.004512729981670516,0.005282534211939138,3.956207906630205e-05,0.012714670414510021,0.008781276248674974,0.017208485620503478,0.18555334587096994,0.003203353770871775,0.004836654398606921,0.017363167463076756,0.01037934869848045,0.02990660357731012,0.026062104115358364,0.033575248221830556,0.016294511407399792,0.019670188914835185,0.005311054112550284,0.02080036901024762,0.030147596981459746,0.010381775802938975,0.08209470367525085,0.021627225755768142,0.03402377553846736,0.01594924024302391,0.011731346207448867,0.021567587715711767,0.009057587509540665,0.018706288729556375,0.024953447552140018,0.015718887731434927,0.034880824856435844,0.020272205701810986,0.03732085715903688,0.027845497986628498,0.005010214526288026,0.004934911409692377,0.0077600714349004285,0.011751784481887961,0.005060247539399487,0.03565110540018668,0.022930493493412918,0.06351377103830602,0.0,0.0061266109653206335,0.014398939259491428,-0.03568372214038107,-0.011749923942171892,-0.010276855567962206,0.022865281739343102,0.012798075119065055,-0.013797295095143713,,,,,,,,,,,,,,,,,,,,,,,,,,,,,,,,,,,,,,,,,,,,,,,,,,,,,,,,,,,,,,,,,,,,,,,,,,,,,,,,,,,,,,,,,,,,,,,,,,,,,,,,,,,,,,,,,,,,,,,,,,,,,,,,,,,
2021-04-30,0.052910580330707946,0.04312556426263381,-0.016053538406578527,0.045815147129042,0.05909818718615267,0.052938332519268494,0.05338858821060555,0.017878336800730255,0.03959083221023474,0.018520192902279575,0.04410631198081694,0.036462791018806895,0.05273356169399035,0.05307432158529468,0.019518321576622144,0.018248358892869243,0.01832652666613077,0.016875016696370704,0.03968334592897271,0.04709109123077404,0.04498403451187016,0.04652181379570397,0.037880973766818204,0.03799476383501266,0.050365307136712056,0.05467364645210204,0.04720946920391733,0.029524269759450217,0.05099379301668816,-0.022693570403144236,0.040416177045802915,0.02495128366666255,0.010012080363518194,0.0005688070821905367,0.04403507454339817,0.011998496037475714,0.007320342492086018,0.03663460687407416,0.014297249808997048,0.03438307044092581,0.04829658365842571,0.05375051382537532,0.035633887903232075,0.036285371727111215,0.049533419932631384,0.04777770720505803,0.01804998811266767,-0.0002721424163421027,0.0347722840041329,0.052134627642661746,0.03373160477355985,0.039989831380227825,0.040350749866834734,0.007150798197703256,-0.032661884593561896,0.06760428721913558,0.0577092256349665,-0.02999675512478661,0.03090127867908543,0.04046609735997975,0.08088762296647056,0.025521830977244697,0.0,0.004760955515481058,0.02570852648347155,0.005802372657019772,0.008659723940293684,0.0025458112703373725,0.09707727688749368,0.0,0.030543745783966347,0.007611865882260815,0.010069553903819806,0.0073426464426675775,0.06443906563045299,0.037861777380193695,0.051094848978363805,0.04245923096107962,0.025552587081419942,0.04131957411557696,0.011685293632512028,0.053941716237993376,0.029771335953133526,0.027892023290706724,0.010414480963827133,0.00420003795681656,0.021106842599878606,0.00664813237558648,0.12166632702852764,0.0680100102171668,0.18596691963425482,0.022470899948856538,0.01382081749158992,0.052896019081858814,0.035847464202807044,0.019047106778337097,0.019128079208910798,0.008646958830178297,-0.1197860636175635,0.049576855557055266,0.024467146801580464,0.18136442267252995,0.13655754376371299,0.061517107866736476,0.03989005759011377,0.016166765797150706,0.01902299007521613,0.00016367344422407726,-0.02750107550204106,0.007221873621581443,0.14260163196392184,0.007708752320689127,0.03136710499097606,0.0028310932361832464,0.03399444819062447,0.00746099338148376,0.017763140841156044,0.0020713623535519865,0.00808588570205182,0.04803745198221909,0.000797261489735801,0.012435525533025737,0.04339093808966532,0.03397566648646344,0.04817500820774323,-0.012983584846729013,0.04335919974421909,-0.0637489650635148,0.0513148212615222,0.0326871829688522,0.0446417734568616,-0.02043249676235015,0.00327752039348983,0.028853348181106186,-9.949311116774773e-05,0.0096745239065541,0.048775399247501516,0.05106172183374946,0.009144865513835976,0.019557466274773727,0.0488039259069335,0.005314357706186268,0.05056445296055956,-0.007581428406571056,0.001493614904896523,0.004773248892349313,0.035903509038800685,0.005489185665581875,0.03470390443036209,0.009473700272409458,0.01633568994550494,0.006598181572453621,0.013548168161495067,0.014263099011769809,0.012351778407808656,0.0240187378290595,0.018148820829272383,0.030515801669758424,0.01234074265866325,0.00039422512177278435,0.0006521620680894902,0.0,0.003001991028858786,0.5486302429606982,0.0016904611147727788,0.002386167213910273,0.007255173399046244,0.006553360832125543,0.0095604796583586,0.013743926962749065,0.02346108926780932,0.008867204005611695,0.02064539893811901,0.00566036296340644,0.011417624939493942,0.011350402101216739,0.005921284629573087,0.03621810316394658,0.014784964068333517,0.02009423200413596,0.00817719053723942,0.0143981569937226,0.022785744543160957,0.009603338583965781,0.010281838615947336,0.018895365156760935,0.009821060744380272,0.028368839966775417,0.012111188394835493,0.029714139715588672,0.02045377844592755,0.006277698551436339,0.01858259942453855,0.0038154911773382594,0.004454717951571263,0.0002535485921730807,0.053241324435238324,0.026974137410387122,0.025929672316005847,0.0001597561852375584,0.0013237460932358225,0.009485030125111926,0.018657191092999126,-0.0033970244712432374,0.00867028371099221,0.05754638567016723,0.05799420959200363,0.0402098174602914,,,,,,,,,,,,,,,,,,,,,,,,,,,,,,,,,,,,,,,,,,,,,,,,,,,,,,,,,,,,,,,,,,,,,,,,,,,,,,,,,,,,,,,,,,,,,,,,,,,,,,,,,,,,,,,,,,,,,,,,,,,,,,,,,,,
2021-05-28,0.0065658199923288585,0.0023763382422061774,0.01720560464860399,0.06346503538934956,-0.012012334242892941,0.006613067093500735,0.004580620577110617,0.0027123865361802224,0.022723125726072935,0.020897574793201423,0.002796561686308374,0.023703794734664108,0.0030829308194681992,0.004279125607730583,-0.027624415246333522,0.03171564416076533,7.65922223922022e-05,0.03894961734807989,-0.016077395416664864,0.01958205434288307,0.046095110075293766,0.043836073789601526,0.02405270053106645,0.02236899916576629,0.004560074416736226,-0.014493041672791307,0.01965763123027675,0.034822525157804485,0.00810839932338725,0.020439306227537424,-0.006791300303019776,2.1147380189878717e-05,0.0042489144248520905,0.0006029527809727764,0.04605123916201559,0.016487466356284397,0.0020380592069157988,0.023334395634483807,0.010239346452853182,0.02919543570833616,0.008059415037197315,0.004711841955897134,0.07678377966625938,0.07596431752633759,0.009547624239181651,0.04453876856540617,0.03892829192304936,0.01817459078663064,0.05388176610759632,0.00672904035519184,0.025172466850080122,0.021669975421858334,0.02566692575993601,-0.06236259425640622,0.011028647775166878,0.04968795212471222,0.07871717499506481,0.032605201419596996,0.03363082479950452,0.005817762662227333,0.023841036263749116,0.030288480050617794,0.0,0.00336787084911383,0.03165179046085087,-0.0030357328751454693,0.0015387376730122693,0.002115727311952753,0.0009514965427264155,-0.00010922612246766494,0.03576382045160331,0.0034488097428140296,0.0045277844427324965,0.0007438895516702626,0.05156957691584618,0.021057106099175105,0.03683578683719779,0.014719300669692847,0.030924254589721256,0.01579321442243642,0.010304644916015793,0.005532830586779225,0.03588031616599552,0.003611536820842698,0.0057237156871241535,0.002868355075668294,0.0034468447243565237,-0.014190129211167912,-0.04183659111860605,0.03832556373626228,-0.024050022990935394,0.024428897960952378,0.010546280984737644,0.0066741768723712624,0.02464905874764578,0.0011544203147035859,0.0028621511288302592,0.007472552966758084,-0.13851763187310617,-0.001024126437976558,0.01978341270255579,-0.07042253521126762,0.030037519148085945,0.018736313007950978,0.008756164582739423,0.030605095024245355,0.017515611593040603,0.001467792501281595,0.0794732612663529,0.0018982305791164222,-0.014475701862896151,0.0014625966008534608,0.0335082437022729,0.002573765331575606,0.022698300026025908,0.009619539744946115,0.02848095687999952,0.0048091693959171344,0.01684144383219688,0.010107161301017298,-0.0007966263702091636,0.02456581394493207,0.050950117960518515,0.018232551911063766,0.043132296568939354,-0.05295232550682971,0.03655969391485936,-0.35496267424746164,0.005529954640247858,0.03751500794527707,0.050422204013160554,0.015657669166885935,0.007454997497635896,0.038545387184459434,9.950301103178738e-05,0.0039199228110819995,-0.0020221353812206466,0.007014996752348068,0.005780505132397362,0.008647807474263969,0.012245529501788033,-0.0010615563847554688,0.008604197895208054,-0.019750281251306068,0.0037285750412974217,0.002544986925244519,0.07670456546643512,0.006422632204865719,0.02479038869036576,0.005213750995606725,0.008509311744687276,0.0029133952557167664,0.010892607209335159,0.007187485694885254,0.0034162856727246727,0.013443971195979731,0.0050980948408563265,0.00855753883465904,0.0035391329731746524,0.00017721644013102278,0.003421914662292913,0.0010572929214276439,0.0035852801569502546,-0.09005574831072383,0.003562696797027698,0.0020521709369540897,0.0034298909883716533,0.0019003676017497195,0.0065487618091861766,0.005320085307288114,0.009041056335181707,0.004484304932735439,0.0033447332400562413,0.0056285035901455505,0.0024974643315334166,0.007833759943141283,0.004328254973421597,0.02803781280052653,0.004966874660293108,0.01108023321195728,0.0027378482404512017,0.013436772945162101,0.0006293650557391839,0.010198420241773754,0.008128759773107674,0.00713262657135183,0.004973299930198571,0.011416122989310162,0.0016648862937438391,0.00826702190377615,0.004347202763231195,0.007669711331708795,0.0029858422757607084,0.00656525995863011,0.007884355023241252,0.005975046782361826,0.006344528844344666,0.03724593747853855,0.017556608310834942,4.004669499368951e-05,0.0022662687470393905,0.002114628534162666,0.005046516205244211,-0.0019173445935442013,0.001605005458475084,0.002779305986447378,-0.01152495621845584,-0.0038655285780733184,0.014910546875793518,0.009112690358222597,0.008663857813582032,0.01228207086979105,0.015187385526165942,0.0022346169493461243,0.009040641762622093,,,,,,,,,,,,,,,,,,,,,,,,,,,,,,,,,,,,,,,,,,,,,,,,,,,,,,,,,,,,,,,,,,,,,,,,,,,,,,,,,,,,,,,,,,,,,,,,,,,,,,,,,,,,,,,,,,,,,,,,,,,,
2021-06-30,0.022427612766466876,-0.013560918197912497,-0.007902746802441851,-0.009772034072146107,0.06262137620237795,0.022572989114626463,0.02438480017844391,0.018689787162288196,-0.011992482462351628,0.003351062384628456,-0.011232964148358504,-0.011311086643038815,0.023733657529217966,0.024579317454343386,0.0458925959754477,-0.008267589053615243,0.016656732193148782,-0.00714740269414027,0.01051460328919629,-0.02890128292955907,-0.014028386262489034,-0.017740122267305702,-0.013752594097567683,-0.011746260738274783,0.024819844373120015,0.06769038377534731,-0.01227654672344336,-0.010780188009579028,0.01361525831964605,-0.01133608909203565,0.033997516198895905,0.04419127453754634,0.010225517305511023,-0.0017147477506394004,-0.02506486755483517,0.00950403341235373,0.008279335751077088,-0.0285847785779918,0.007246845531707402,-0.012432041037719,0.017737138443363776,0.026528587820102034,-0.07147662098325525,-0.07032540968282985,0.028882629334777032,-0.013726625795645986,-0.02414573518666241,0.02094570574273047,-0.01755475431125464,0.022934400533778154,-0.06202336223578042,-0.02495815456001571,-0.005835112222898675,0.056986928157460204,0.07615754336551595,0.09819469570607176,-0.0648648776030799,0.0008781212236346203,-0.06825254405345116,0.042826987981651854,0.04075033071710332,-0.011861737419159413,-0.00018152117710024118,-0.0014078438729467901,-0.004804825353592612,-0.0001110117291821533,0.008975147185313448,-0.001907204901975379,0.24334594624975758,-0.0002181773715312918,-0.009213610432792785,0.0034845758619699296,0.00320952709704847,0.013222328143040363,0.09083151775981468,-0.016801214566040334,0.044263262988049945,0.012608841904892198,-0.003782268333209604,0.011820244289992399,0.01046868046730931,0.024828418686839715,-0.008505012647210153,0.015404483069513253,0.011221439951509149,-0.0004831566557164102,0.03687717786040068,-0.09234107801636426,-0.01326243297371188,0.09312886614463878,0.05322818506526339,-0.011342112237838542,0.006375421433394868,0.02259550206182892,-0.012366405004906489,0.015235026955846775,0.017982419459994237,0.0007725355650629595,-0.15091679171591965,0.005530875971746285,-0.008665438323195995,0.025757529518821043,0.03159176711341427,0.013686980909299429,0.017162244897373613,0.004665207978322927,-0.011325092974235895,-0.0018243941343211167,0.00025326593645358386,0.008798656901595425,0.03414047974473777,0.009922889502097298,-0.011397921316740778,-0.001149304623704439,-0.019681558219382,0.006085771733890244,-0.01595153720083331,0.003339611259115971,0.02300683596481834,0.03364726392031825,0.0003989953739507168,0.01286540106313927,0.001834387706972862,-0.003923849487841857,-0.014876377687444542,0.03996168501753683,-0.009631755492335303,-0.013567122707281665,0.031281159277790405,-0.004066255568356825,-0.006354764896413734,-0.004761960459791603,0.012779411735279744,-0.012721916850056747,-0.00019989317868152057,0.00815611495130697,0.029946386745036246,0.026443957137059382,0.01842221287173529,0.015194506255408191,0.019513797115646048,0.011608780161298737,0.02432893002180725,0.05398213494848525,0.000742959053008585,0.0022000519170677357,-0.07124012280305148,0.0025526459258631284,-0.008915337437173987,0.0069156556850564765,0.008437514305114746,0.00689900582399261,0.006884596717575908,0.006577778577355753,0.0042152775656096875,0.011007603338673011,0.009470375039949186,0.014504326008577983,0.006465478260934576,0.0003744148847939499,0.008119519083025661,0.007217036393258658,0.013047592468490743,-0.11265374411920814,0.0022421324898804773,-0.001843132279602977,0.0022218607390966927,0.0031964453865767073,0.006059656731988827,0.00614538723799507,0.011025327321222633,0.0035714421953474407,0.017117743312471623,0.0,0.0044843126037066305,0.007455542499684498,0.004999154006520623,-0.02082277292361623,0.005107043734718042,0.011202436761374113,0.006484660034300926,-0.002240876444340234,0.022138391650697642,0.004691750434993258,0.006934370534025014,0.004957485509317072,0.005498519602446406,0.013769830860207222,0.007964248919467343,0.015655956793831916,0.009317743302442727,0.0073200122474859075,0.019390934096015666,0.01029870075702699,0.014667498406605528,0.0066954251990134495,0.0287909578626393,-0.013757359780092182,0.016002175574427513,-3.0011013768427297e-05,0.0026380137639625545,0.0030891513733963816,0.04008313669114871,-0.0023051845849422214,0.0071144283522703855,0.021106755814092937,0.06331407175868287,0.051410835260128795,0.014166864202091789,0.030458917108832306,0.010116411251602342,0.0035617030660461957,-0.004002356262921891,0.04050539423145749,0.016869757293722865,,,,,,,,,,,,,,,,,,,,,,,,,,,,,,,,,,,,,,,,,,,,,,,,,,,,,,,,,,,,,,,,,,,,,,,,,,,,,,,,,,,,,,,,,,,,,,,,,,,,,,,,,,,,,,,,,,,,,,,,,,,,
2021-07-30,0.024412506228186137,0.0028310723657227754,-0.0063665789526077265,0.0016101621335009586,0.028609310114090514,0.024376660716153076,0.020943436726394093,-0.036273280709497646,0.008510833230501946,-0.02407520090736337,0.0036466031072706073,0.007924799252493342,0.017076403815688757,0.021487303756704268,-0.037344880817561266,-0.03504833976676891,-0.0026392091540705653,-0.04363058562810329,0.008896505831958779,-0.0020885043591308827,0.015947557578213534,0.010131777916012608,0.006670831519455245,0.008093136328977124,0.017368398127181717,0.00962887616684327,0.006000955530192531,0.007733422731043493,0.007572131031167162,-0.010139960769905643,-0.011294241887727208,0.03716623008898834,0.01990207471472827,0.001659839412328834,0.004270656835098752,-0.06436992911950568,0.011165842155445693,-0.008403241935008965,0.02675813950188699,0.010111990864894116,0.013145320695829854,0.023561829092785258,0.025297363508325565,0.025215138294378825,0.028469736965773595,0.018584672209206454,-0.002704798972580469,-0.057667229773498474,0.006791497069979613,0.024438604534647856,-0.03624340122625547,0.006869712089210278,0.00343050577916304,-0.08855270878730426,-0.007225934585005533,0.015637505264519236,-0.02436004002124703,-0.020648956694434895,-0.04517021620868222,-0.02015830640330507,0.013051527811134278,0.005535817670291543,0.0,0.009842506284999608,-0.014197578515047327,0.005150764822170251,0.011683884999481142,0.003752473478070728,0.05198779121881758,-0.00010966029511472186,0.005046483913332622,0.004597581891428781,0.004728736164776759,0.0018347623595482698,0.016028141072516044,0.017259652141244475,0.04489683722667892,0.009091667251986069,-0.01651892448737302,0.006177146828671765,0.006714632930996833,0.022891466330548393,0.0032952453688488426,-0.02678066462486528,0.01253942169342026,0.0031837572094894906,0.02634935991741516,-0.022441689702381473,-0.04455825331934937,0.013506505396458923,-0.05849321248996453,-0.0046391749585382724,0.02730235371817291,0.024471364859493416,0.007920806373661549,-0.002361128756101838,-0.03586485385132565,0.013148602675686627,0.02865445933985833,-0.00012762951911438059,-0.05784318195533611,0.02067949171326,0.00588930413225186,-0.024894520404847187,0.03545720653763862,0.02316657808721989,-0.004581870865432158,0.0017624942591929482,0.009943446043305215,0.011700954350602366,-0.00998074200183896,-0.001200591087326064,0.00921729418969841,0.002440652076519889,-0.006022615391812591,-0.006504799611956713,-0.006948584243042788,-0.0013563179551796534,0.0038713238511667303,0.03379252342860806,-0.0003988362401360357,0.0029077573760538655,0.0047083451820928435,0.026211580330179896,0.01728345622195504,-0.11593912280614738,0.021265224264509497,0.16521301587344306,0.0262699777506612,0.010306530414051496,0.021426631173571797,-0.006758716782882868,0.0004403799392223018,0.006706377123641083,-0.000199661002650231,0.003959046803887256,-0.003068864827478701,0.022240100953147213,0.012641504517602709,-0.025346933777371072,0.016666137789870694,0.003354224247795967,0.020287864668416367,-0.07650136197417634,0.005196710722832121,0.009456223354449733,0.02613631105127534,0.011775965573996183,-0.006861767456393109,0.0017170067177052495,0.004338375818484286,0.000721257053510227,0.025828770521391542,0.003945451783272658,0.004681965159138546,0.006728116449013166,0.004919230551678089,0.009499782236585208,0.003387186879401538,0.0005332863712885771,0.007248661967936387,0.006466251730013806,0.01149953980316587,0.0022352291989595763,-0.03169278117604757,0.0028723714572682635,0.002728510386723393,0.0026260771828405804,0.0033285637020883385,0.002375351333691045,0.005342554303091163,0.002846972335232012,0.0058786266613639615,0.0022388572760869696,0.0023148047405434635,0.001417102109375623,-0.0001714977986971844,0.015988687778259347,0.0027864610444117144,0.0051478548384633616,0.0008477320693218715,0.003743229679900928,0.010460231993300928,-0.028985495672929185,-0.009801401748541383,0.004933097291652144,0.0037185301386113423,0.007150548760509912,0.003126232881841995,0.010205297090494447,0.005172325731454208,-0.013738219915505723,0.007662405686530427,0.005436624048691163,0.014391261365283015,0.006543680439507149,0.02258207629370168,0.007951071621022043,0.02567499504171411,1.9795092513819057e-05,-0.018680689688100993,0.007633944600437204,0.002538739149513747,0.00517736889375664,0.010890303582379746,0.02223911732054007,0.02820328218779089,-0.015045877186746659,0.018440523250728313,0.026254318216552663,0.0034392106488589924,-0.030654076772546945,0.002379869852030092,0.017142840794154512,0.011981594947076513,0.021538470007652855,,,,,,,,,,,,,,,,,,,,,,,,,,,,,,,,,,,,,,,,,,,,,,,,,,,,,,,,,,,,,,,,,,,,,,,,,,,,,,,,,,,,,,,,,,,,,,,,,,,,,,,,,,,,,,,,,,,,,,,,,,,
2021-08-31,0.029760015750050828,0.020065160369383994,0.019222051960720465,0.00026774058254419586,0.04218666225967094,0.03022257171965448,0.02860612632235382,0.022031219825203285,0.01950367764846339,0.019136785131082856,0.01987307120530213,0.016396822487277918,0.02831573992705061,0.029286140838965524,0.01853041181077808,0.025255948376672777,0.02177233426245273,0.01824857206434416,0.013839414991545063,0.02416275397847678,0.014404478955710065,0.019659042960940454,0.01808375411794816,0.01680899675157832,0.02858507853904002,0.032811467645051495,0.02144042528443091,0.014467326671270042,0.025425582698488824,0.024838428111865873,0.020004280430966137,-0.0034017787564228907,-0.003944065729951318,-0.0003249775229843266,0.019349583180635843,0.015697847532685216,-0.0020038325511603228,0.027931539442235476,-0.0016411973867513918,0.020885838449163474,0.030232412221222082,0.02924852244619558,-0.0007655451490135023,-0.0008681305787600069,0.032770408489433356,0.018099486846030244,0.006586692252855242,0.03518800310533421,0.012928403067674843,0.02967423373481526,0.053982994408908525,0.013076776151500713,0.021692859096444472,0.07641204901040144,0.06079479533186394,-0.05171731029956972,-0.06305543055591989,0.012884841343618891,0.05306078077297105,0.007347428075499041,-0.023926344043115888,0.020882984066109556,-0.0001805660833166245,-0.0025976813643474594,0.015202372861290447,-0.00018378736341873037,-0.00189332485839111,-0.0007044644145185464,0.11337205232511471,-0.0001090746524852193,0.013132396911097244,-0.001950820692400268,-0.0029712089246438644,0.005484626548960758,-0.04193921362781894,0.028101986228109554,-0.024286090679637162,0.021741281464695117,0.014497938479183459,0.02263760425803496,-0.0028264467361176493,0.028960776117608278,0.01187457123725455,0.02238895907812477,-0.0034510446096196468,-0.0007500166298982647,0.00014855515053269208,-0.033057791731572306,-0.06880570483985582,-0.042029712209348036,-0.005964256174353699,0.006035927325618973,-0.0010861741156468208,0.02951763683391806,0.017177575424061953,0.021782073043116634,0.021848742113614872,0.00015966662384792052,-0.1582559444134074,0.02236128971181084,0.037216078565361244,0.024602092839023593,0.13348950215632027,-0.025530079489639368,0.018761417598579522,0.015525979755107944,0.005293515109466407,-0.0004886516546708242,0.08749154109458801,-0.0010048906418539394,0.0252035515880471,0.003910211794729612,0.015883460301401753,0.0005458817468531052,0.014814557509680748,0.007009233076290977,0.007667992746697383,0.004821110918859395,0.02628469282139756,0.028319922588212254,0.0,0.0204322325843731,0.0702941050735495,0.022445515447384823,0.017676251996730175,0.08133645834761927,0.016506110124608453,0.08737577729799306,0.029674788093513982,0.013034750356190283,0.014206943944500727,0.019468548093853455,-0.001634769025991356,0.017345530061233072,-9.998653538856317e-05,0.005658004503948266,0.018302152741792144,0.030399404087415594,-0.0024397760693570802,0.024775387370742363,0.024444161892759775,0.006351909148045509,0.02990554122340683,0.02952665661988685,0.0060930914325041385,0.007694929885633028,0.0,0.01793015660297792,0.0043636904966350976,0.002742541086623751,0.004628248274764601,0.0036036173502604907,-0.0011600813919284692,0.007982871927130653,0.005624333784235436,0.011341903646129525,0.008741258624666903,0.013662235785166121,0.00710075155695522,0.00017693245424421633,0.010874785198315529,0.00798748191098908,0.01649230584191641,0.46699358033800675,0.007701223266363577,0.005155460226279995,0.010544199658662379,0.008905156582097895,0.017377603508316186,0.0040622521383095744,0.0071897921610057924,0.0015968799079708607,0.0059478502152685575,0.0013030471562469614,0.0051138465647178055,0.008333314339819209,0.003602660510796385,0.011450635585068758,0.006864958595133919,0.008415892374558531,0.004912771836767416,0.005183663479264133,0.014736318054784148,0.010281906131496488,0.0126803456031368,0.007538574654172736,0.005375589110045098,0.011476369183934798,0.006164328531648611,0.012725819304064245,0.0070021219059472894,0.01092369577873975,0.012469803229332665,0.013247725459371917,0.01656224710777976,0.007531347185490311,0.030511918809710048,0.015425387863207796,0.017360218009222494,1.9885920494733256e-05,0.011567337523782584,0.017476570713566453,0.0052305802238459265,0.006342591697983568,-0.0010519092349463577,0.003169450975231136,0.04197829824981825,0.03371748811302333,0.02445661257679066,0.034366919976330124,0.01031976805790591,0.010983734548020152,0.007823076326903822,0.024578678869054738,0.015300548802205993,0.02887417680258042,0.00038594970602101597,0.0027179811475004367,0.03526482927971597,0.012340905941306435,0.01992363908131023,,,,,,,,,,,,,,,,,,,,,,,,,,,,,,,,,,,,,,,,,,,,,,,,,,,,,,,,,,,,,,,,,,,,,,,,,,,,,,,,,,,,,,,,,,,,,,,,,,,,,,,,,,,,,,,,,,,,,,
2021-09-30,-0.04660540473390551,-0.04005248128743888,0.027046784635814003,-0.027852255797026326,-0.05683134197433093,-0.04683722537364876,-0.04602436519210673,-0.028803432163256093,-0.03545972311007872,-0.02389180557993409,-0.04014940816417434,-0.03302263372583214,-0.044781973694930644,-0.04701901544795051,-0.03838989478312127,-0.018294502200900342,-0.035253295150869945,-0.014539983761065467,-0.041991383165806306,-0.037763376853646946,-0.0511560210194697,-0.05331501887054069,-0.03315761607274503,-0.033271449550951515,-0.0446413862082099,-0.04950711060729396,-0.0372745030611209,-0.03261415119038491,-0.04146046440167095,0.027249053684820446,-0.03981351802630684,-0.029069810870903434,-0.01597063296363921,-0.00100858612239485,-0.053967727700213186,-0.03873312796976347,-0.009172104884374921,-0.026303748238429292,-0.007801347831255634,-0.03942338311746996,-0.041904676672633534,-0.04707026302559103,-0.03223525924924131,-0.032435533492004676,-0.05152503316438439,-0.05390418790519913,-0.021362585862298666,-0.028693514803429965,-0.019274682211744887,-0.046719795872108616,0.020152334444883735,-0.05089174088064652,-0.03247813812432987,-0.05367358826251345,-0.02255197554572097,0.09408826751921917,-0.07317068548078631,0.04450188018130241,0.03373408759588803,-0.05699425976573391,0.059710922190485016,-0.03213831989022531,0.0,-0.008160405887413624,-0.03346161757284272,-0.0034740784770936894,-0.010136014180445962,-0.002969251226839331,0.31592690920372934,0.000109086551062898,-0.03385563740023467,-0.007051246966960356,-0.0074963238787196795,-0.002417370693010401,0.0867469831527492,-0.040613757233580516,0.04978117140208371,-0.042269658448798375,-0.03433239509805519,-0.04107698462349341,-0.013312433201863594,-0.04626770136775049,-0.03370764049626984,-0.03152279348098985,-0.010429301980393269,-0.0022267340345835107,-0.027736367441703158,-0.04822198663527666,-0.22798893437232726,0.10433380416642901,0.008500003814697177,-0.03456499075470276,-0.007501653870673364,-0.046636585132924124,-0.032851854339936426,-0.033594639102742074,-0.02819599552860952,-0.00034969430177234084,0.09352517985611519,-0.038367808987398444,-0.022947113524084295,0.0,-0.013429763465132138,-0.022202486227198448,-0.049870453229203915,-0.04013252853808369,-0.0302198222722444,-0.0011417152196520064,0.0018518932022677514,-0.010702281916381118,-0.00453860956163088,0.00036557843809403856,-0.03257309936726671,-0.003415116848520694,-0.04274052997428912,0.004804066205958746,-0.035215516868087104,0.0014143301355922233,-0.018185653407786995,-0.0645483638583596,0.0,-0.01630437538919749,-0.02164907375515801,-0.04457585822399068,-0.05463734740105253,-0.04268874905433784,-0.05370982074759345,-0.10378605958707776,-0.051034338557865766,-0.03709412848655369,-0.059442685607257406,0.02543180761013475,-0.0032648971604244403,-0.031628519060825644,0.0,-0.008609706389826388,-0.04463752709602231,-0.047739735655554116,-0.013125027343280138,-0.02791873424558533,-0.04212272208474377,-0.0015733834954502202,-0.04691466853306747,-0.028831570989546362,-0.012516113052529865,-0.012284224067864113,-0.033222613466916795,-0.024412883208495106,-0.0047596437064790775,0.0027350401267027813,0.00337827982232608,-0.0025134539987580196,-0.00711935872524061,-0.005361026275512493,-0.00645578669686242,-0.011132493311989733,-0.009601401164071044,-0.019214788643325265,-0.00805238429602817,-0.0002760980638600863,-0.017244109608849034,-0.010439259274495183,-0.022547661246593353,-0.13621155165825516,-0.019105846333295373,-0.013351751005209023,-0.016492756183700163,-0.015403243483060325,-0.026708092856363552,-0.020566440104172412,-0.030415934588955085,-0.014845017535781269,0.00282768101130082,0.002045001087177978,0.0,0.00015596657818250925,-0.0006837763338007896,-0.05310293032805102,-0.001720762914701246,-0.005642965163099589,-0.0016857463694460728,-0.009126670831782757,-0.01231398200096534,-0.017793822494591716,-0.005430271437414369,-0.005811721362357303,-0.006105513863695733,-0.013012824596189243,-0.008611244359347348,-0.0181044488482075,-0.008053057849353396,-0.013452693976144903,-0.010871886684262866,-0.015842851574599526,-0.025450960982568827,-0.011988299138118608,-0.04639107775394535,-0.03201920141212067,-0.04150107859082275,2.9645851569393145e-05,-0.011548667434228221,-0.019185973559210145,-0.011563109018423168,-0.012393772076484622,-0.009139589219834487,-0.03562581655965802,-0.05675348805306524,-0.056250185891034366,-0.03715509488000557,-0.03877385024744684,-0.012525645217094983,-0.020534891051970927,-0.013632453301667402,-0.02981497018967072,-0.02149267717074843,-0.04517197527916994,-0.03251754158475406,-0.0005421079787510941,-0.037388670756188014,-0.017523774646577395,-0.030012725174489385,,,,,,,,,,,,,,,,,,,,,,,,,,,,,,,,,,,,,,,,,,,,,,,,,,,,,,,,,,,,,,,,,,,,,,,,,,,,,,,,,,,,,,,,,,,,,,,,,,,,,,,,,,,,,,,,,,,,,,
2021-10-29,0.07016337805379647,0.05876741790046447,-0.026334520530537087,0.07933898033235787,0.07863993192060525,0.07002938675090364,0.06896683740807097,0.042514053455257494,0.051306717560982484,0.03544268797797945,0.059223894719859116,0.045454608289038356,0.06713725855356789,0.06813757938455667,0.0471065041229457,0.038382440527775286,0.04206424947161769,0.02860827967362045,0.07576715463719874,0.043866354025727805,0.050844198401018836,0.04571903543959421,0.04514657767502395,0.045897346941241146,0.06687377432098729,0.07138397287578258,0.053245216888224034,0.03179051785306641,0.06047024693700642,-0.027592469456671265,0.05494624149136729,0.024650104451091392,-0.004429229945779656,-0.003354838736093657,0.05431650408337796,0.010718457456430075,-8.752805747469505e-05,0.028765817508930924,0.0110954605740885,0.0544432135370847,0.06588953460209934,0.07057529865358059,0.014797178527087285,0.015564216107111228,0.07691525755718343,0.05029702335282793,0.02222215544982764,0.022311624832416888,0.043824514206116216,0.0699564051410051,0.045926933888344346,0.047724299040666995,0.05373835923559711,-0.007159325843382858,0.11789661863745615,0.08732876774467435,0.0765107046686353,-0.006174798816318661,0.04664241241013034,0.04395499030284,0.05871884550883899,0.04925006148913336,-0.0002715980349082825,-0.008040093245387792,0.027395192346269193,-0.0026912444823945503,0.0007034240329448771,-0.005215216914591814,-0.08432543530786174,-0.0001090746524852193,0.032283712216839566,-0.00048282892569961877,-0.0012289521961528216,-0.0032301754796816295,0.0713229986425119,0.024727873196851435,0.10656592075985438,0.05394308032637318,0.02995840089242252,0.05145825302124085,-0.003354685515489564,0.069114632831484,0.032557891963206353,0.044555339500832014,-0.0036825758582772483,-0.005127620045014325,0.01596660344873313,0.049999915416916396,0.04143539996466572,0.07800390784696565,0.05949433606348009,-0.013636002229695854,0.01115866957346201,0.07038531933275949,0.045221978083881176,0.04113598740675095,0.04275507550961777,0.006962294493752186,-0.23289476361191064,0.05517876804164623,-0.007671150415303862,0.0635593192942423,-0.025130865583751993,-0.011353314932010194,0.05510208055926746,0.018184361481983657,-0.011803557694523015,-0.003101692215058627,0.0030807833886312697,-0.0007165202034095097,0.027355669796786275,0.00040290634983342066,0.03043759225032794,-0.004940807795766555,0.01957496598357178,0.0010903398999777547,0.02482621211327407,0.0030298292998061083,0.04569094463901946,0.07712725259171993,0.0,0.030532050316506743,-0.009448179383857558,0.05752365122323244,0.05030321721201925,-0.029319731068973343,0.050158517961181204,0.467946826269944,0.06753452178834185,0.034240559472172416,0.051282715692953396,-0.028266219201634968,0.008514240310813603,0.032788979750137504,-0.00019981158547865974,0.020636320816810994,0.03686532704097378,0.07048549090040668,0.004330780693645897,0.05094406004910845,0.059237360225857794,-0.0021627797947445515,0.06254907015923394,0.0958593920490236,0.019588181697789864,0.024537799739036137,0.01546394455448663,0.03959455217241992,0.026451149103837057,0.02693491024828898,0.03979195361552046,0.019438408741231594,0.01136119494435528,0.013352141634686676,0.01132273538390094,0.023874225840364582,0.01791898404330272,0.03295598618983586,0.013555465684282675,-0.0004147208443621153,0.026078602292932684,0.01664231734689814,0.036493546627991647,0.4977119246949189,0.00927155703325333,0.01576037444404732,0.027378547679963505,0.02070665172168984,0.04352260390698515,0.031325296774919575,0.045774596936751566,0.023340292510429128,0.027685257050076295,0.022263393585731706,0.003282467781679399,0.0054567894831876185,0.0027369115620565765,0.049188540113722645,0.00822845355754609,0.015979685027688983,0.0060790375368264815,0.014901928801649644,0.02097355763102171,0.002373188535150117,0.018403133354336854,0.014071636401995935,0.011050156593109595,0.02633626356269847,0.016067514390243343,0.03244881711409198,0.020507962563455218,0.02300876369432392,0.018956106169021547,0.025011043837538605,0.04088349675212988,0.017986499829760527,0.06791570988135875,0.030590842699020016,0.045775763454467766,-1.952007434413705e-05,0.021260307025779746,0.02926647026190654,0.0184249005465289,0.01828850666395665,-0.0020055799559663967,0.04234184722918344,0.07912421888325505,0.0583221477361493,0.04127426942211554,0.05191835231931852,0.024236482713505536,0.00593206205687391,0.016992287265025885,0.045319709298772715,0.03736573688170641,0.06721824121544095,0.015153174625940569,0.0020533685160604165,0.057301861947052,0.029856476272998034,0.04841817735619558,0.0475573618058005,,,,,,,,,,,,,,,,,,,,,,,,,,,,,,,,,,,,,,,,,,,,,,,,,,,,,,,,,,,,,,,,,,,,,,,,,,,,,,,,,,,,,,,,,,,,,,,,,,,,,,,,,,,,,,,,,,,,,
2021-11-30,-0.008034845540137003,-0.030129486503432168,-0.030263034425875524,-0.04594173267298485,0.01996819959169538,-0.007288684875226603,-0.012694461800310752,-0.04332381960583287,-0.03567503779014414,-0.024323438462684033,-0.03018138264005743,-0.032493344368295984,-0.013641531153932296,-0.01215048533013463,-0.04986652659311441,-0.035521126564531436,-0.021622107900471477,-0.026170887577443236,-0.036154383951764846,-0.024079664918056465,-0.04674109992908415,-0.054054004369287756,-0.031182531913545808,-0.032851254330934165,-0.014604745323262613,-0.042974910543733036,-0.03085176721623495,-0.045347035749596976,-0.03544304770305229,-0.03714900836379287,-0.05026510983061483,0.027714527705049896,0.0109211544170853,-0.0005712584293228185,-0.062408175957497924,-0.040848315829448034,0.0027083661070768095,-0.024741699881983603,0.008650733618601025,-0.030405211791613818,-0.02496443864096487,-0.010227845217139597,-0.006900653696985448,-0.007368110750115897,-0.014613372310897765,-0.04890400905685621,-0.05867630900024412,-0.05225714870830567,-0.04580152529923187,-0.006853165518804327,-0.030177229159866092,-0.020217603038072074,-0.02696707428415679,-0.06842406693475511,0.07645383161976138,-0.16167981507896723,-0.0466274639896207,-0.04508526411150238,-0.015513001869129517,-0.0038178692168950867,-0.10588236991214761,-0.023146563496411532,-0.00045314332451351635,0.0028531017286839155,-0.04295076328638847,-0.0024114138472423052,0.002041065663986208,-0.0005780936070118869,-0.18309855516784046,-0.00021897008149407426,-0.04643156183689379,0.007263862686190281,0.006005471401336671,-0.013035777867462905,-0.1445326170106419,-0.05678698500826673,-0.1530492068088617,-0.023074689607297416,-0.04187850428280482,-0.02615134240930872,0.008141069921870026,-0.012677606930839413,-0.044544502806667885,-0.043324179488159364,-0.003382591953492331,-0.0028004717979629445,0.009316285074847608,-0.08035051232682744,-0.1336814838585456,-0.1595505275083392,-0.01591016093755504,-0.027768678749499842,0.007881268647403905,-0.007343311328819602,-0.03278912586842464,-0.021038079370901408,-0.04154469659237081,0.0011325680887273037,0.18353348898636446,-0.04079602633242996,-0.05711777962517828,0.006640105972589794,-0.036519885850003986,-0.026182805826305944,-0.02050308290925751,-0.024768753509497476,-0.03201141854056455,-0.0007866082432157473,-0.027027040623863074,0.006082189657675041,-0.020710109257779052,-0.010213999481796132,-0.0461377894107311,-0.0020717656802067275,-0.02602887307836732,-0.008090735356065859,-0.009496143960167958,-0.005400710241428741,-0.016702597343106085,-0.006061119978262974,0.0003989953739507168,-0.028781199477694863,0.035391559068362666,-0.01449268949342164,-0.0468750808450803,-0.08493560655477339,-0.038210223253406395,-0.06983296080464496,-0.005879660197944836,-0.039332080440372286,-0.04341772896863527,-0.03369250365649479,-0.026671411528336075,-0.048424888607383365,0.00010019803633620761,-0.005391781507513516,-0.011551586217439569,-0.012428614179423647,-0.001599243412603757,-0.022953717422080744,-0.02513771283103683,-0.015204909464670902,-0.010823766055658268,-0.028498659539299198,-0.0029528407681294055,-0.007545916853365364,-0.00676812944066385,-0.00914074466331749,-0.03936989480974207,-0.009628184178188892,-0.008536971006954275,-0.005296596756591332,0.008816309414311885,0.0004532907095577965,0.0006042970549846594,-0.0012728743664425224,-0.004297748115341449,-0.006971507992306503,-0.004023741904549238,-7.867707802156065e-05,-0.0065892998522537605,-0.0053767633992870545,-0.008390110019686037,0.07614577136175371,-0.02103597562115822,-0.022136476755332035,-0.006662250495993227,-0.005751870724412744,-0.009295408914125836,-0.005173524166668164,-0.0058156913791806986,-0.006220349543171411,0.0014966668262070826,-0.01778583610481599,-0.007034194301692276,-0.009768914161678133,-0.005902433942190366,-0.020970455101951946,0.0016128786148563723,0.004262838758356757,0.0023497714895246435,-0.0210286129728271,0.003927658227083741,-0.013971810368245019,-0.014601512164347796,-0.0020710896570412807,0.0011145114770407805,-0.002657795760345083,-0.0032099785625480104,-0.005052051095993049,-0.003258763109365903,-0.023820648239493813,0.0014069056355441312,-0.0041329144166480924,-0.008445214759034925,-0.005223494122323702,-0.010146745088856046,-0.046153873113000565,-0.016944255864826174,3.0010419727277693e-05,-0.02119281835301523,-0.0006076466601014907,0.01115856878114041,0.015562601268982457,0.0025656316397686396,-0.03157773298262523,0.0197795067158677,-0.032896852437971136,-0.002260975643940788,0.005688474987182834,-0.005971053519227221,-0.023951794108035274,-0.02752647322761792,-0.00010138408940107979,-0.0077766424030892844,-0.009139735809167382,-0.006004509134937108,0.00023200273447598896,0.003557411483944728,-0.008509029996145778,-0.011039530652549812,-0.03497906807771767,-0.023649306639409007,-0.012137309492305515,0.0022520118992490623,-0.021414731257353714,-0.01030382847757183,,,,,,,,,,,,,,,,,,,,,,,,,,,,,,,,,,,,,,,,,,,,,,,,,,,,,,,,,,,,,,,,,,,,,,,,,,,,,,,,,,,,,,,,,,,,,,,,,,,,,,,,,,,,,,,,
2021-12-31,0.04624778938474572,0.051497841501243036,0.02277002314192611,0.04117644668694065,0.01152351897270254,0.04561817401059409,0.039666972418619606,0.022715240203665887,0.06298218803478073,0.04484889096022804,0.05116967442255338,0.07016531049972397,0.037546182532050665,0.03871276479368668,0.00426564684180164,0.040496982275969096,0.048568067150129846,0.0411394294732248,0.040039088268940315,0.05934201868687872,0.05456133349889525,0.0450208973936721,0.06914883626142343,0.07130668326923417,0.03793032884557879,0.003648514623300736,0.06318778420179183,0.04390914150913461,0.04077090039577569,0.024318861786996937,0.004959936454439262,-0.020137763771511552,-0.005240747908918042,-0.0021228389705839623,0.055573854392664934,0.015070716540514395,-0.0035871500763575703,0.07257328250641293,0.004029581804072757,0.06955003452531083,0.0391813396563685,0.041727195042976506,0.032990977123064535,0.03355110029323782,0.04636265826969321,0.05198317748953407,0.05424193342832728,0.0032103528993698838,0.0671983232353115,0.04512328484835271,0.023547317010471858,0.07820680428926341,0.06260097660901742,-0.03706880953858871,0.02109058180559087,0.1346274427777494,0.02136755813632285,0.06192176919927728,0.020796898446356238,-0.028450515293064527,0.07205517352480606,0.06745869000826032,0.0002722070428360368,-0.0039530949894490686,0.03681025129589255,-0.0013013667241039695,-0.0031033445803516635,-0.0015267380559275123,-0.1717506741174687,0.0,0.043285947868547,-6.978272069135816e-05,0.003077248165246793,0.023597101488671335,0.12620972437119415,0.036842972117201445,0.13872665261121697,0.03887864980044364,0.03344917791287183,0.0380596602307417,0.005850285558453017,0.04050555187934601,0.0417837587647194,0.02861988738706045,0.003165365384171892,0.0011182160305180933,-0.007026951624012456,0.032146926721571045,0.09483568542579834,0.11818176440145067,0.02425107999191356,0.01211725561632404,0.004125208416162041,0.04560246145253832,0.07096314084950506,0.04731162949982837,0.021911470631380547,0.005219944447719893,-0.2671497731968977,0.04124460928168805,0.02401822447204416,-0.02506598218184164,0.025640973844977655,0.07311316892828423,0.06842876482594562,0.03476076667268213,0.0059518831453673204,-0.0019025151918077299,0.026168106068479524,0.0036146553094653644,0.01737163896425198,0.015818958000612726,0.042016865712917184,-7.806294726697693e-05,0.08713157094263635,0.013522215764127932,0.07838564697557526,0.012180513390625425,0.03590559920496039,0.03504114771437772,-0.000717303834213201,0.044044173983719626,0.006871361391840969,0.06734688662789301,0.05084283010047286,-0.050966914987957135,0.03994021003502701,-0.2589787835960049,0.04553437755383638,0.04282665321329482,0.05442027237090752,0.022468866646847108,0.022379196910777832,0.04629236942927473,-0.0003000194930995459,0.016432343567036156,0.00941062668628656,0.0396041615453222,-0.0004475581757481528,0.03297873297188403,0.04096521245576845,0.02404783753905515,0.044019224939051194,-0.016676152847390324,0.012065810570505153,0.019173551196894456,0.03236795429122008,0.02644528284888903,0.039178592026653636,0.020784473376437518,0.026425159785751662,0.012424578648271511,0.0028548977196583003,0.004984169092551394,0.004132396758592449,0.011172042461291776,0.012776272476879402,0.023330010086687114,0.011927644042801333,-0.0007520870369315258,0.01784581899658999,0.012292130976661264,0.024818976273994986,-0.29329552565565986,0.010527078100370124,0.01844229793236285,0.02062373499034309,0.01434162016071494,0.03067899488854131,0.019627548347015633,0.028479040951268964,0.01460499712123764,0.008318795045967331,0.012564676988106038,0.021746287944532483,0.03194489345489715,0.01417442149637016,0.08312998516740211,0.02351051425191808,0.03132317621790848,0.014333539441107268,0.03255955469129712,0.00794307268601635,0.0003381883322639556,0.0369327666022683,0.011068823815745032,0.004093888182767902,0.018685977716920377,0.010000002586235457,0.02217103375330698,0.011475088215944229,0.01324993041371636,0.008612200084127108,0.014608187730720701,0.02731665072680456,0.014448824899530699,0.039620398947996405,0.04413104147158742,0.05752560739144141,0.00013025408302769215,0.014064019524467453,0.009854308076536755,-0.005558302239997093,-0.010975410725737267,-0.0020903522906002836,0.08557366153041146,0.011205751057897118,-0.0030039327662347848,0.023652689393934168,0.020129746667550075,0.017835325845150463,0.012704291119877587,0.023950892191385798,0.017235560197766064,0.02422516254252627,0.04071601636324451,0.03313949725807186,0.0023192680323145254,0.014251646111005378,0.024151275476945733,0.03311625635901172,0.00964012084054966,0.0224891406738017,0.03373756066997724,0.016309593284666635,0.009060716055798723,0.021188331919764325,,,,,,,,,,,,,,,,,,,,,,,,,,,,,,,,,,,,,,,,,,,,,,,,,,,,,,,,,,,,,,,,,,,,,,,,,,,,,,,,,,,,,,,,,,,,,,,,,,,,,,,,,,,,,,,,
2022-01-31,-0.052741385131259366,-0.07270896971894703,-0.043010580411660615,-0.006245128615393947,-0.08746995500554355,-0.05287340149422337,-0.05631009446534552,-0.09534731018620768,-0.023700523795349704,-0.07213323567903207,-0.07255910333273508,-0.016599738160444133,-0.05881077144693192,-0.05888842066397515,-0.13417512633184825,-0.05847648596969157,-0.10223331435479355,-0.04402331252122704,-0.10380019985685596,-0.040567467452373274,-0.030336503339961074,-0.03325861040503053,-0.01873203530386014,-0.01785715707815727,-0.060594805476562374,-0.12931761567182176,-0.043961470052770735,-0.03634956955233537,-0.07372602028207076,-0.04385952185154407,-0.10199074854062529,-0.03913901931337671,-0.02113010848012775,-0.006897091506027686,-0.028504185351649225,-0.00020458872430539898,-0.019985601309740586,0.012072691299389815,-0.02058844983905206,-0.010739785273590208,-0.07881610827730678,-0.05994945092306725,-0.016787612677039987,-0.016949156257160758,-0.07077630396791168,-0.03575627786748292,0.02083738486964659,-0.09983532037750631,0.011917741776078294,-0.05230167551209375,0.00861431531771295,-0.021607768466876398,-0.017006419070913936,-0.16550562683087244,-0.1587909575457105,0.14937451877692776,-0.03300794905933846,-0.0033578120084198915,0.010586030940241464,-0.09480569246398551,0.11747516991120288,-0.005262877295825197,-0.000815163054444179,-0.014300324340519865,-0.02398809054459905,-0.013962558240593004,-0.020649057125782466,-0.010268318614473748,0.3618895548914025,0.0,-0.038582187590195494,-0.024079710742778593,-0.02691494573144615,-0.027632135412828385,0.13354813825566314,-0.060883666400251224,0.15161130916203502,-0.04547185334933668,-0.025539574612118532,-0.04579738848358417,-0.031075057986270083,-0.057019912716357646,-0.034216601227677335,-0.08916038024465134,-0.024795108946004563,-0.01193681727147744,-0.04532829122209914,0.06084537767095122,0.24720437071571966,0.15734103010691913,0.04967500693339799,0.003496066593697167,-0.02003500254334656,-0.05240873608346919,-0.017898521289430813,-0.10273469639645494,-0.0977619817305958,-0.007555916663628315,0.15227426874238503,-0.07111748742018209,0.010594881306738912,-0.010825480855743419,-0.02934777279206513,0.09538461873819548,-0.05982675429877493,-0.05014983985825894,0.00662913762016748,-0.006572098466686271,0.0006544458649904161,-0.026237012204391785,0.02783964310066911,-0.013996450792597148,-0.04059482447559204,-0.010906360305197649,0.00840852776750367,-0.0008769311607259578,-0.019731412460677333,-0.0002617107443890765,-0.023336925978283296,-0.06952435543799373,0.0015945752162689342,-0.026606320608448142,-0.0856379823318626,-0.03238598572714402,-0.034731787999979336,-0.22309610797408974,-0.04926370523436285,-0.23386857541207196,-0.06264464415911108,-0.04366315067945559,-0.04747976042845303,-0.04189119918672923,-0.04007836679502641,-0.038006529800983624,-0.0005494745904539577,-0.01388888888888884,-0.08171007656072038,-0.060148189459427126,-0.03257558674355088,-0.08090240399517379,-0.06462460822318694,-0.02644866144265845,-0.0538837215273964,-0.12707084334276242,-0.011199402547853898,-0.01385014748079949,-0.015951645250785962,-0.02306771818827713,-0.0011055549563723233,-0.015763594008482484,-0.02429852936081034,-0.010869613194786187,-0.021553020248687882,-0.024646819463234104,-0.01959547230984393,-0.03539822103556389,-0.005114204531894151,-0.012282799110025944,-0.006768041886827669,-0.0005947081735255821,-0.01039562762870827,-0.009387723564455719,-0.018916566317218164,-0.34425212022368445,0.0031213393025979475,-0.01586524545241752,-0.01560704418612735,-0.013968115665799918,-0.029586235470560607,-0.019512948882804526,-0.03274952837298961,-0.01704368340924456,-0.025788027444260342,-0.04934304020656166,-0.020638483873739566,-0.03311081897901569,-0.01661587933937958,-0.047331124420978865,-0.022026455249058774,-0.03454439596276604,-0.01842315645164383,-0.020437936997767747,-0.04281345016902316,-0.0037187495143773397,-0.05216056672270186,0.0023947894601596964,0.0032188896829352664,0.0028028698498023807,-0.001342537856181103,-0.008982232527741552,-0.0032006538513984495,-0.04504176317437125,-0.012356509714808395,-0.008180628415213609,-0.022882089621584778,-0.010282760167965366,-0.05680368109264455,-0.03722954088457109,-0.034815990927339224,0.0,-0.04617943190245666,-0.024789789711302745,-0.019011856283445816,-0.019262943912845998,-0.021392826127598186,-0.04284443765693002,-0.08706802499670141,-0.0869136518836987,-0.05679696323178096,-0.08695369796082908,-0.00590166308288953,0.0031872799363010795,-0.02300403319619937,-0.022259138465207884,-0.009704324473505443,-0.05609287420840092,-0.017486322850558733,-0.00462787650679064,-0.04814551845189685,-0.015202071110513304,-0.025391677983212846,-0.14627633306339294,-0.020693792215687234,-0.028842463857293943,-0.05157424609596606,-4.006456818039794e-05,-0.015730802395951926,,,,,,,,,,,,,,,,,,,,,,,,,,,,,,,,,,,,,,,,,,,,,,,,,,,,,,,,,,,,,,,,,,,,,,,,,,,,,,,,,,,,,,,,,,,,,,,,,,,,,,,,,,,,,,,,
2022-02-28,-0.029516769466335635,0.01124905831028733,-0.01779036830944647,0.0007855196472634773,-0.04475994163959551,-0.028886292992863716,-0.027410331968372503,0.010335976117400003,-0.012015954449386967,0.013740998122024894,0.012112525567790078,-0.01421810436169113,-0.024733926233726167,-0.02686873064285622,0.005517721830225142,0.01535120468006057,0.004413671407188735,0.02282513018261212,0.009292178855552224,0.013372192549047979,-0.049487828767442066,-0.07387062984945703,-0.012014307062503615,-0.013575661820988905,-0.024866536943421336,-0.0123605843468646,-0.004615444960838211,-0.0342918875277618,-0.0074133114514798315,-0.01035810497735068,0.0005480199944383202,-0.016329223025736694,-0.0030412675782036658,-0.004321902006054423,-0.07919702841179488,-0.043202416787672004,-0.011456817945952213,-0.0020955927407511066,0.008556716237974715,-0.011544484763521656,-0.009714905328256696,-0.029551708769537943,0.061217257237826006,0.06107539678646878,-0.043451798664170926,-0.05288755354865471,-0.028965786509151825,0.011528013746538113,0.0021412930027133736,-0.02967306064195907,0.028893271135095766,-0.010528078658425977,-0.011672018956363717,-0.03853155701327815,0.009924736544622448,0.0800256698356292,0.08750008023702471,-0.007540534664718934,0.03743001534045254,-0.05493702894030894,0.08838904563441141,-0.014705754045474806,-0.00036223294802617545,-0.004646944336051395,-0.030596858312905484,-0.011572969440632686,-0.01138034313176639,-0.005330469028461793,-0.09112287888762438,-0.00021881875141183116,-0.026482073595186395,-0.005312168559510111,-0.0022554308309683524,-0.008366609992546903,0.0647504499981264,-0.02957463173379815,0.0964596826029418,-0.03060307161377518,-0.033407107898693944,-0.027704714033454758,-0.013496081421957351,-0.028137441959244613,-0.027970058255319286,0.009006202559633802,-0.014554200255231908,-0.006996359294663024,-0.028111282161260576,0.019188483829784886,0.06267070822253729,0.12231400789894531,0.0871295559564278,-0.048784893024723774,0.008079495051749985,-0.029804947884002786,-0.013382518926112086,0.003681588829728355,0.010736772205726774,0.011302540526672678,0.12414185680429801,0.004818708046869569,-0.07972283574716021,0.209302371698056,-0.014557683090511309,0.07945423499897486,-0.030633772043488272,-0.013713621636765594,-0.04229987209797681,-0.004003745417839877,-0.046217568817691346,-0.007589358412221636,0.09028529981157263,-0.005698611304699952,-0.03239760895645338,-0.007949161632087143,-0.007828997429702,-0.007264977350689428,-0.02152638557360631,-0.005381571130044449,-0.00680611754702054,-0.041051529919119534,0.0,-0.034312508382902895,0.03714503484820919,-0.02510223973735315,-0.05236918034629301,-0.04797702793262626,-0.032051279841885716,0.12004569196483184,-0.03050002063146806,-0.030833348184559184,-0.050740015545821304,-0.00900005821030292,-0.042346411260803296,-0.03597585918724122,-0.00014995560823527487,-0.009859111947073118,-0.027895179925950697,-0.032048145192434374,-0.018843685913021435,0.01341602639034134,-0.016449811283183013,-0.007780201914814544,-0.02550498012085267,0.012331950805579472,-0.01026672008450591,-0.007334788463285391,0.06148688759074039,-0.016865968315436297,-0.00036887119722206485,-0.011011008717608073,-0.015416556917308366,-0.009571023012320934,0.009417041938149628,-0.015408320130797626,-0.014207253356936733,-0.02249101737983228,-0.004009615442438164,-0.013042168312258573,-0.002373488832167703,-0.001467543621546774,-0.008999647358803542,-0.008549668473421645,-0.01606279590598414,0.08576807874744974,-0.019175419995068,-0.015209228564005195,-0.013351122521815473,-0.010667794657190921,-0.01999626134691801,-0.013994754903435602,-0.020457466144282233,-0.009644683439774315,-0.019776846005482795,0.006142500205394308,-0.013829439074343752,-0.02049655963007524,-0.011493844716393586,-0.0227014845420751,-0.01640927381382773,-0.020815575601729197,-0.010090791849301839,-0.01825632519867626,-0.025313315656412483,-0.017984349903147234,0.00423318371835979,-0.014334473966903793,-0.012121217890753822,-0.021428587506487684,0.004537060416383465,-0.003876065084096658,0.007788931483949879,0.007987792969175178,-0.011126748564855404,-0.011250399514346587,-0.019283576981124484,-0.009406797163948655,-0.031596940922630656,-0.032313279891708735,-0.012341352948091466,7.013469509553616e-05,0.009508707341304934,-0.01652085255733582,-0.006862171553495555,-0.016396275702276086,-0.013409721027704657,0.0007202635410477054,-0.04366755642273845,-0.038038509107662155,-0.03344575181594378,-0.048653266305637155,-0.0038478284163491194,-0.013238243001661876,-0.01935102143159384,-0.016241951611025818,-0.0034772550472954578,-0.026434271506553864,0.0614571507435584,-0.0007748373044884627,-0.04181345473284359,-0.012424696172498417,-0.02080560740773063,-0.03459583729095894,-0.01770974597984709,-0.020131519999902703,-0.03689566961879853,-0.020645395708515202,-0.013149939750472628,-0.02002090310668636,-0.050753862431599295,-0.03549348706299016,,,,,,,,,,,,,,,,,,,,,,,,,,,,,,,,,,,,,,,,,,,,,,,,,,,,,,,,,,,,,,,,,,,,,,,,,,,,,,,,,,,,,,,,,,,,,,,,,,,,,,,,,,,,,
2022-03-31,0.03759023232022951,0.012700475311518078,-0.021131252164735215,0.052066945987963686,0.046679068996659634,0.03755661708656932,0.03358873350955505,0.011575266853071753,0.029076435603384576,0.0031553887352440135,0.013084092477472664,0.030277974129314433,0.033091379254991615,0.034569056014642996,0.0033160174988604574,0.02005252485027187,0.0012907316699777294,0.004975559306269028,0.003889496112411628,0.02270362801037562,0.0021942396491303473,-0.013901550514950789,0.030205872942615564,0.030625431750956444,0.032599571312641906,0.015503621571781645,0.03125595570321149,0.005189974133577024,0.025400362491734718,-0.02631571641056074,0.009174822069510036,-0.05444439056089545,-0.040608923853076795,-0.01401745200843485,-0.01180865523374841,-0.033811320795684385,-0.02812183972682547,0.04219666606459138,-0.018755361165767925,0.03282137726524814,0.026604369239607628,0.03728245272381492,0.0127255799503041,0.014321135722847211,0.02856100194904032,0.001575480742022961,0.0062062647379410585,0.013696816492633213,0.0547390636934022,0.038173162428078555,-0.06953468728340095,0.03117653694907574,0.028796940385649616,0.0005567582277823391,0.004693916469139303,0.0983995118454033,0.011494178244337183,0.03491757928857764,-0.06796895637763534,-0.020852935541244455,0.08841903891440417,0.027632746488644777,-0.00036294161539707215,-0.03197157874208212,-0.004903564955620721,-0.02426175854475754,-0.0275216210038427,-0.01931109921413887,0.27554975838914175,0.00045965981784834575,0.006754704039872772,-0.02582088557436657,-0.02769853751789375,-0.013474379586491003,0.10234354365582221,-0.004053623721826383,0.07675942212500764,0.01941148700220574,-0.0019094021541630202,0.018854516939464494,-0.03267642827046413,0.03540765475609664,0.006303071955225947,0.007910006578305095,-0.031201334315410056,-0.01820500239686429,-0.03837205235050334,-0.05596714101497047,-0.10531506458999929,0.10198823539491308,0.10496338208763722,-0.0029923009490802066,-0.018986854143232645,0.03789221902461115,0.03125144337630492,0.0038863138612132975,0.01310347608206719,-0.0079316877615071,-0.15674301807510338,0.01284716497555527,0.02167237034275371,0.11538457887080655,0.09659084197411016,-0.007063216979628972,0.05581072466423542,0.0030589935342546504,-0.0238032306566055,-0.014655994803493333,0.018742848575100002,-0.03217027632182212,0.07717786957564177,-0.006963337194214492,0.003174909538153914,-0.01823332065092287,0.05198038745073941,0.0008902811699584845,0.0028704363551557144,-0.0035240364879057795,0.041796106999607785,0.039584053987409495,0.0005965926574948988,0.0219814649992498,-0.08672291829630707,0.023749614560925503,0.003759596134927934,-0.019371776222996573,0.01738411362420833,0.0391289335982099,0.033192005706735195,0.005778720365928747,-0.0027681817423828026,-0.024466506706478652,0.0004984994069634485,0.0005428315920363858,-0.000300137878108786,0.019630116550662935,0.012727951871478682,0.035836687293584246,-0.025596679287593238,0.002108070202594403,0.02317873591214914,-0.008351232348103532,0.033267727778230505,-0.03008485418000717,0.015910507759301584,0.01656726292061217,0.012638218747278662,0.02900811807046777,0.0317656546113001,0.01990553862136535,0.025293591561122097,0.01324262436694501,-0.018881281226957536,0.019405286919552678,0.013429408391446573,0.02727452725841606,0.02054158647463189,0.042409256748344726,0.015924824406451155,-0.002880406442604899,0.01825774934676505,0.017177499217904568,0.029589058345758756,0.16970501266690552,-0.005155219322031557,0.004797387454954949,0.022327464794866803,0.016594347586453395,0.030417520653334584,0.0234853830417745,0.031058445923652478,0.015467210949615229,0.022322787527380594,0.007745692672922688,0.019098450137577494,0.029449485484658533,0.014447310797824242,0.024374446121810722,0.02155709529954919,0.028374108577244428,0.014407060209998823,-0.0015180612883586297,0.025516919856057196,-0.01796822557593658,0.013067440853947954,0.01592801264503496,0.01190912457444293,0.02729288152193221,0.010572097396919,0.024985374017782336,0.018296466952628654,0.011698093054429481,0.03565764533432092,0.022723472887983265,0.03042216936099318,0.021791501965065185,0.03662020572181368,0.0027474314061790572,0.03370493496519522,0.0002795159495083688,0.009379918552918198,0.024028587892293674,-0.02885256282409654,-0.01315330377202295,-0.029190082650972116,0.046417739849891726,0.04468219040298882,0.013845601209437675,0.03733492254924409,0.0472363856115785,0.019571039876517426,0.012590311676902388,-0.0032686079633902354,0.05837249770837505,0.028126333814652238,0.03417678993696449,0.014409302544983849,0.0031019744422688955,0.055681544518363824,0.025695760508560372,0.041853838944968524,-0.036453516172424205,0.001475078757748216,0.03588283044019791,0.04707258232629674,-0.015104358436008547,0.02521524339927539,0.02968528014255245,0.05351226510489937,0.04444058783059268,0.030357720208161965,-0.015341023809339438,,,,,,,,,,,,,,,,,,,,,,,,,,,,,,,,,,,,,,,,,,,,,,,,,,,,,,,,,,,,,,,,,,,,,,,,,,,,,,,,,,,,,,,,,,,,,,,,,,,,,,,,,,,
2022-04-29,-0.08776903262193148,-0.07058812950714521,-0.08099336881865693,-0.07858734448790894,-0.13595778045786233,-0.08845243239711553,-0.0886153772693411,-0.0989915230086057,-0.057537020338643385,-0.07842068404877811,-0.07106662150268217,-0.04970475345970893,-0.09029239564953306,-0.09078668257508526,-0.12183761242141944,-0.0779431937758237,-0.09408459465354313,-0.06377572843018542,-0.07441421859174147,-0.06740251063552627,-0.0617039693334982,-0.07302990932746822,-0.05061313120885835,-0.04910159044288642,-0.09131633638398573,-0.11253720249655241,-0.060431011512622645,-0.0673911853271284,-0.07752421808703736,-0.07908484448655351,-0.10600033643095352,-0.09423861398440847,-0.042282964168118276,-0.004969186459576891,-0.07752139466151242,-0.061350804240981716,-0.03805868523362599,-0.03597927336558382,-0.021830394319024116,-0.04790895830724573,-0.08022195419011191,-0.09314610216798447,-0.020702963524693363,-0.021449928760557957,-0.08539870738947064,-0.062459982844618844,-0.05272576309367338,-0.10367851781200876,-0.0636782110366142,-0.08808593369307205,-0.1010506305293859,-0.03192565947880932,-0.06168803448993343,-0.17857142246975288,-0.17107740029757934,0.041014581798130445,-0.08041950667526199,-0.011090168034710857,-0.10246722024203325,-0.06976448406014613,0.04547464476788998,-0.04204896666191449,-0.00029012864515365333,-0.019704195706252592,-0.06476802171120355,-0.03572075685675824,-0.0397263151718128,-0.009910211976566496,0.26774852284451467,-0.00010928342252169987,-0.06787432129266813,-0.025165540808826936,-0.02851464930704828,-0.04399507090091659,0.029601681341171915,-0.06994253821368723,0.10091583561086082,-0.08067739048889533,-0.06696014956972396,-0.0809556153189096,-0.039664758850917026,-0.09006526728978403,-0.06835532635623642,-0.09037157407104768,-0.04995386271129065,-0.015182410539834712,-0.09345854705693579,-0.051656494729172,0.019913852482785543,0.020714965772237193,0.10382914987729341,-0.055471619168349084,-0.021807434684739224,-0.08784369078403576,-0.05029863123077816,-0.09555353282562828,-0.09849141028887909,-0.0009678056488248155,0.24502116385794137,-0.07540194408725476,-0.06275082363503015,0.05679511724932618,-0.0072538546726782505,0.07001126556835002,-0.053370987993021535,-0.05156645428462592,-0.047141761864767706,-0.004959825473810353,-0.020865999797199497,-0.02949697359714143,0.05781061013688915,-0.023830821787274803,-0.06761616104185397,-0.009381502284020682,-0.011920960250418333,-0.007144522626222893,-0.057473516181120066,0.00196047558921264,-0.04920972812930524,-0.08281953894480454,0.002207705368507229,-0.017383646132979047,-0.1495797849561008,-0.05279913298082428,-0.06423216497407769,-0.21071472718488726,-0.07512877747352908,-0.13621479446660234,-0.08198560373644481,-0.06660556001803553,-0.0649623468015299,-0.08108414891000126,-0.0767607029198325,-0.06320354698796093,-0.00030050059200525947,-0.046037988807312136,-0.11617029327652584,-0.09215588136413144,-0.05744677459436809,-0.07898554799087476,-0.08504605353698924,-0.04618858523833014,-0.08919921582178791,-0.18802377250219582,-0.04011628172924997,-0.04009124934815678,-0.020280779975675567,-0.06183694488439173,-0.01888832257981443,-0.04168045808672294,-0.06255504283384172,-0.03285059423242287,-0.02237747084608388,-0.04851089771293848,-0.038461555058724284,-0.06351048687979621,-0.05023600063329636,-0.06515327841308582,-0.038715754627436594,-0.0007777413441030223,-0.03875076845167158,-0.04266113673457583,-0.06438543110006367,-0.24638241841229014,-0.037947927945147564,-0.016752586687223014,-0.04169425074490418,-0.040877480208417194,-0.06398973001958408,-0.04589288908453604,-0.06321820739735429,-0.04290949421433532,-0.07117374212614824,-0.054068362970382644,-0.04626167284014726,-0.06368870122887282,-0.03785170750251743,-0.026436176028402758,-0.050081628340333695,-0.06686134059933846,-0.03979365316870698,-0.033067234874366136,-0.07644082149924014,-0.029204782599504098,-0.057388831604735735,-0.04567144327263062,-0.03762483133841721,-0.06536914709989305,-0.0354895920808469,-0.06490843322042261,-0.04553901390781001,-0.0570682137178139,-0.07829634701623733,-0.06231647214303282,-0.07794698859841864,-0.06165689511791639,-0.09152441463216543,-0.06770215265046786,-0.03670335028946492,0.0002800760362675625,-0.04455849428696468,-0.06415811918047998,-0.0634298077855453,-0.038402287375261523,-0.037945936361218346,-0.05724869332318783,-0.1344565452738017,-0.1272795459799092,-0.08983172497009562,-0.1379705864813363,-0.0582716854492733,-0.03245011871359327,-0.039352230447244674,-0.12887537952297357,-0.08169350064906744,-0.09118726453367043,-0.02066123518947771,-0.012756084770031761,-0.16501222524461268,-0.0492491409699688,-0.08932845867566885,-0.14555944428407497,-0.028067625072741964,-0.07956951840832649,-0.14359725760191444,-0.02888498310013543,-0.052029543347693274,-0.06673018174957634,-0.15098107434779673,-0.10183320066471713,-0.0639432649578141,-0.06422637274210519,-0.05251527890034646,-0.0684910803753791,-0.05243274976589374,,,,,,,,,,,,,,,,,,,,,,,,,,,,,,,,,,,,,,,,,,,,,,,,,,,,,,,,,,,,,,,,,,,,,,,,,,,,,,,,,,,,,,,,,,,,,,,,,,,,,,,,
2022-05-31,0.002257291523279026,0.0074590038324999774,0.017308460380346835,0.02105248836429796,-0.015865514211397813,0.0031675807727595817,-0.002281530934515108,0.0019460616506392636,0.019817103150587156,0.01870876931667631,0.0076623379591762575,0.016488653938075304,-0.002346306905908868,-0.0021725667582183084,-0.0183445428788771,0.01928521656747373,0.014647296506568042,0.02315872043310474,-0.007410397352051734,0.020635881962845826,0.026941153622062508,0.043380697806050916,0.017631737498047473,0.016372877179830603,-0.002513587914472537,-0.03856952182941997,0.019303957118832482,0.019959196935660728,0.0006940779687689691,0.014674033438429435,-0.022349691671041838,-0.02253303989702049,0.006184184018839689,0.0059619535198838225,0.04978909924444341,0.006134776545717147,0.0076055701968913425,0.05343260056900978,-0.00992266546320264,0.024093935564213798,-0.0036113963829790263,-0.002379998866544941,-0.03261547766106776,-0.03246398318315524,-0.0009029801892693756,0.024148097448551287,0.03801718522547515,-0.0019046732369020214,0.03264432588345678,0.002683347404010439,0.04547382053468141,0.0241894896317445,0.02364011626141105,-0.06840034692324015,0.062456245309749026,0.10769825251673115,-0.05703425431193121,0.018322581261832838,0.03929501071762487,-0.05848888038882838,0.057432457467253784,0.035152827836212985,0.0006623059903199113,0.007241166636264618,0.016338679916924947,0.012434601792498556,0.008297372764890953,0.007601644943143082,0.11639999389648437,0.00032818499351705555,0.016529016629197812,0.014566752897711144,0.01281647729827684,0.014650547643378253,0.0998432743623916,0.004699977200656402,0.19621586519553302,0.004469526271520641,0.018043917704534174,0.004941220338243735,0.016683513718014575,-0.0026528496691085035,0.0192927240332732,-0.0006965344658986794,0.013098621846682201,0.009232290068962534,0.004525711575013913,0.034245041046792934,-0.1337651560183627,0.11096561290698803,-0.05870581240010753,0.013833853568466337,-0.009125532186817886,0.0025877566277605624,0.016559821924009288,0.014492843883809448,0.0009374673586621807,0.005089182285908489,-0.1522055680600044,0.0005700628994371737,0.003641495868399014,0.052783110950875844,0.021920672214967407,-0.01574530315397915,0.0004085056471707649,-0.008330966296362319,0.004833778574198311,0.0059033586459631415,-0.050641682369917396,0.0002489732781902898,-0.0037791006496740165,0.00814511741487145,0.01681847836399175,0.0033008975975170607,0.02745326942033599,-0.02889418133503785,0.039062434773896815,-0.033970446295826684,-0.03752289111449392,-0.0017007182524942932,-0.0002179782386723117,0.011994134406869472,0.07312249389959247,0.015615663876215269,0.021813115173297648,-0.12264791883044768,0.006451576281464755,-0.22137987155784278,0.0002447778828094105,0.012766088989464519,0.01324104621545974,0.020325994489624355,0.03256711168059989,0.015201938838508733,0.0009214061546876096,0.0031881007325580413,-0.041003696022774205,-0.0009781264463673,0.016398771255480504,0.008067519252879629,-0.0007324967826338735,0.018981530309566397,-0.0008462888281283165,-0.06208620767586226,-0.00798759992352116,0.0022070840415997495,-0.03184715374788938,0.0038771867181488506,0.012587923334194562,0.005522949644612307,0.005639047537497666,-0.00036516880349402037,-0.008588940135362155,0.009035194860067763,0.0026890730657498363,0.006622096080614481,0.006389787173882722,0.003878937312648656,0.0004322074355866956,-0.0007184881071067295,-0.013351440186002983,-0.016146257647404405,-0.005607426990137165,-0.3801080981544518,0.0101097774554475,0.018826994772563,0.004834299082286053,-0.005529400364129522,0.007051959403798769,0.0083652759376307,0.007687295148758322,-0.0001842353299280619,-0.001089646323207405,0.009086149967549195,0.008004115312621796,0.007579997005718209,0.000499337969012803,0.0077004669108253765,0.00637111647370503,0.007196481502656615,0.00017439338249980452,0.015094294920927176,-0.0022096260605478646,0.009133704239706164,0.006926946023395164,0.006071431296212237,0.0012228659607156356,0.005982671963834729,0.00020589727774988908,0.006013504913984669,0.004057124380614674,0.0034809866092511133,-0.0037908422775706496,0.0013918203147496033,0.0013244704360337867,0.000480449694146845,-0.002660541121038973,0.018210727812529193,-0.0007227258881483678,0.0004497097121074489,0.015504843507450516,0.009035412402203624,-0.0191067689363853,-0.014181215216628074,0.006280043696372806,-0.03131900824820677,-0.01551105658448293,-0.018879902254636316,0.0004420382262271261,-0.016429600730888505,0.003831432184220329,0.006994201206723227,0.010620317538812873,-0.014648062640319814,0.003173146764873458,0.0020202127679718185,-0.032700367184749224,0.00861391172545889,-0.02311138381646405,0.0021892863217403136,-0.009029406855530109,-0.035272039076140405,0.012713115404994202,-0.00025603851288014123,-0.021221205476597005,0.010228551245160089,0.006454601538833815,0.006879441023512456,-0.018058129912858822,0.0009362633751910376,0.002977443391864565,0.009145619340913402,0.0052975203713805374,0.003073593492173954,-0.004486551569429231,-0.0023884548246012605,,,,,,,,,,,,,,,,,,,,,,,,,,,,,,,,,,,,,,,,,,,,,,,,,,,,,,,,,,,,,,,,,,,,,,,,,,,,,,,,,,,,,,,,,,,,,,,,,,,,,,,
2022-06-30,-0.08246033501617922,-0.09645499997791962,-0.07390238429602036,-0.10320827630802876,-0.08907890049612954,-0.08325082398362293,-0.08380795629426296,-0.08366323508417306,-0.08756457871914058,-0.08487062917193411,-0.09649653350641363,-0.08256370336608276,-0.08461765418414258,-0.08346013388321794,-0.06319441097842504,-0.099053544667564,-0.08239227105592639,-0.08966208686956512,-0.10037862503308204,-0.09217667172259991,-0.09531185103454431,-0.11152038080818027,-0.08374805346575553,-0.08181136871336936,-0.08231284321429766,-0.07497217872516238,-0.11050356767414737,-0.0876665398744757,-0.09988489680523782,-0.06460718048358549,-0.09284836238275773,-0.01274560720827822,-0.008634375126521765,-0.005943187358459112,-0.10805379204078569,-0.05157670736636877,-0.015529932389216072,-0.08956741746255092,-0.03115471345995402,-0.07885916371606216,-0.09360639709921348,-0.08253132139342201,-0.01565965107712486,-0.01605958060645918,-0.08586092149541613,-0.09897977582613626,-0.09639859152177954,-0.09596271245041765,-0.08787498950251693,-0.0831623720632747,-0.10221512402251975,-0.05935222507295268,-0.09207203409355436,0.07981971875008731,-0.16825407950921534,-0.05990409118353712,-0.06048390895717448,-0.019941995917307498,-0.0905636290427434,-0.11627297888542565,-0.07747605683411218,-0.07845784506294351,-0.0007532621149244356,-0.007311616418655298,-0.07660237586823015,-0.015331840491318638,-0.01662033202267088,-0.008623853954754068,-0.31888210917906923,0.0007763699867613383,-0.09170052401395068,-0.014619841651237864,-0.01523948832094435,-0.07621625866538884,-0.05988593983149337,-0.10284165070053064,-0.07526584290561977,-0.0810692398613948,-0.0780408993698175,-0.08121730484292988,-0.030533481073419355,-0.08229315318677133,-0.0901720364774613,-0.09084801020802447,-0.02720691823354593,-0.0132500907085229,-0.03746902465440616,-0.07666662004258895,-0.03234721187186085,-0.03535642300521058,-0.10843371865336315,-0.0415785513832867,-0.03116579147479892,-0.08264477560040262,-0.08188154882762,-0.08441649183947719,-0.0826087399400357,-0.014955939702068433,0.04345343835754356,-0.10192618321868774,-0.11443412636530914,-0.1759343296196194,-0.048008199066412294,-0.038037672475887074,-0.04131829676836163,-0.05106807694201354,-0.03310708956928354,-0.006041406700465157,-0.049722431416238555,-0.008422250183439117,-0.09337615174190961,-0.05459939937897085,-0.08833554443101566,-0.011614717244468609,-0.07034313476928189,-0.02823779304996199,-0.11005562445815575,-0.022287226476101485,-0.029268596335983,-0.09049328871579165,0.000953828663168732,-0.05718529972419706,0.08410078117297726,-0.06847990808103599,-0.09962387667488493,0.11612405663535497,-0.07945480885898948,-0.4128529342316767,-0.07975262384115145,-0.08740497120441826,-0.09857279904264482,-0.07481496163483403,-0.045259508670468795,-0.08654620867724316,-0.0009307288545015169,-0.03495732586149891,-0.10325861217656696,-0.08449584731318227,-0.028808553502334466,-0.08391338617583988,-0.09123487963847399,-0.07741516087042422,-0.08229938383769109,-0.15197071797036776,-0.03339057441509252,-0.0045739533008150035,-0.016447326799618467,-0.02961055955360059,-0.06126121136518636,-0.03638858552972535,-0.051713333924353955,-0.036171050351145206,-0.031852453159248895,-0.03965461314249197,-0.02380151144111864,-0.0558002277167059,-0.04751323117973383,-0.06025191645605721,-0.03656571775181128,-0.002619839826564885,-0.04718219241347721,-0.03882299819572699,-0.06588347856649845,-0.4392375728240687,-0.04795113169171006,-0.049709480006491,-0.020962220012203048,-0.02787310006297683,-0.04169101917439988,-0.028136919280584816,-0.04982956767425195,-0.02450254322527179,-0.041178031004429516,-0.04232445355708048,-0.0350680305869997,-0.054145870039741695,-0.025168488351955176,-0.0611456961219875,-0.036645000981977205,-0.054457857310881264,-0.030065206164426317,-0.04286711494973894,-0.057577400544337354,-0.027440556171426045,-0.047346036298670735,-0.04224354032072031,-0.034939679339802354,-0.058353839342144886,-0.03637609774003403,-0.06150439609791325,-0.046064304563166014,-0.04907761107441144,-0.05299550644895035,-0.05107717809698442,-0.061177261755029466,-0.03996752040102791,-0.08115876170074643,-0.0884706586246794,-0.03655723340391159,0.0008097331233323235,-0.06383747622788905,-0.03805679467038858,-0.005867167247570193,-0.0016241229072490038,-0.015460366252706303,-0.06895855026307385,-0.09083534095231127,-0.08750588253062608,-0.08455511160996465,-0.09252758424493046,-0.06305344958550108,-0.030209210610636528,-0.04962463091848779,-0.10056271208122103,-0.09805746704070728,-0.08367123891714834,-0.015267212885273551,0.0027173794333175127,-0.09181724720614381,-0.037019676084809605,-0.10291812166469516,-0.10731333293108636,-0.03716170466881408,-0.10426806494395835,-0.10517306658988423,-0.024443959987129782,-0.05838955562543113,-0.062285112205332505,-0.09724903571036791,-0.09601531659293405,-0.05411361634191725,-0.0661882257014218,-0.047150940735606994,-0.06335306109762451,-0.059270538984715904,-0.08589984302275311,,,,,,,,,,,,,,,,,,,,,,,,,,,,,,,,,,,,,,,,,,,,,,,,,,,,,,,,,,,,,,,,,,,,,,,,,,,,,,,,,,,,,,,,,,,,,,,,,,,,,,,
2022-07-29,0.09208731718815,0.10916848544579749,0.06284313314780388,0.04839680562074,0.12551726861862988,0.09265458960709494,0.09270309524347997,0.10563286105421699,0.06594450114804795,0.09934003969972927,0.10918080904480987,0.05907157903127902,0.09485248272606261,0.09301560324815394,0.11293678658169437,0.0962173986443926,0.11878067423221128,0.08525250441287291,0.12772642740926066,0.09151582329508301,0.047530079339237474,0.04979352883487875,0.061154255627976495,0.05866384145721493,0.09346846557722177,0.12231758051441499,0.08663980179946584,0.05168819830151561,0.09836059000917663,0.053790084545387806,0.10297490269987808,0.024310202978029105,0.029614108998678113,0.004098626055788035,0.04886479635091345,-0.0034912973686948012,0.025380766841896163,0.039007390079217386,0.043098274533522885,0.050576096546807614,0.09554768934555313,0.0920218658967118,-0.0258815174913124,-0.0250655953345732,0.09641856793695025,0.049981210811413934,0.021428736307013363,0.1008080121116477,0.04556074487665662,0.0922415791964788,0.10642656097018444,0.06630707810398939,0.06754370750719119,0.09236547565931175,0.20221451674296387,-0.028624710218308924,0.003218957899984609,0.03828299066359131,0.09795155502392339,0.09370700584831781,-0.007359310540545061,0.04601761671022109,0.0008817796198128391,0.017102592160170627,0.033826955119375945,0.03164152845882984,0.023818126007755014,0.010065395999009574,0.5055234347525739,0.00036106289032833416,0.052941002629165235,0.02256682337553273,0.024776567365081936,0.06783907939823064,-0.02047526150587775,0.06631247823429232,-0.0822765856895642,0.07068782074349023,0.03377799249373736,0.06983856349709616,0.02750431680771004,0.09158076287958439,0.05119256170292785,0.10438562415774966,0.039181730093946765,0.016390162669301267,0.042316836375100086,-0.0009627404857219801,0.1017414983394136,-0.010995741963823247,-0.00635929445081318,-0.0007796491538337724,0.04427501588748295,0.09199141684517209,0.05855788637724468,0.11917504184686045,0.10472419915479114,0.018246197133220177,-0.2021917473779966,0.10314042587596228,0.024121880572679943,-0.06415932471082364,-0.06330473947499615,0.011825561756827474,0.05127475034498041,0.03743481437737106,-0.0020485668685530367,0.004825274344003594,0.08407422566867062,0.01638091384553797,-0.0280012533128442,0.049210709614485815,0.05437559220255084,0.01215038964361348,0.027084504815873878,0.02531918381958853,0.05855059275054675,0.03008301807203262,0.038639482640558054,0.09209677408945405,0.00043726895960105594,0.05473769128007522,-0.04048705497506477,0.06234236033715823,0.05160148009169796,0.1117285233978067,0.06466213107284768,0.22719731263006615,0.08900495456485213,0.0536549258056187,0.05183712847258426,0.060535604454874825,0.06923990856155027,0.05497131230368191,0.001162654247569339,0.045317222632887955,0.09945497078915433,0.09535167145803336,0.03448953392251397,0.10495247187218015,0.0918588168837613,0.0667787193814382,0.09415374377950458,0.1033703885250512,0.037899762917994906,0.04594963989217837,-0.02508365382069877,0.06135988075876164,0.01017218101439843,0.03740652496703767,0.05716162091296195,0.02767253498137512,0.04305489169268917,0.047952001124973664,0.017857092562801213,0.06780716023982158,0.05284598126386508,0.06799259325190721,0.03383611498053973,0.0018675834246517642,0.05037827222941704,0.039488500603049204,0.0690210485140279,0.7804533724126572,0.0008186560891676464,0.03563578484838459,0.02492105993419691,0.0005571512505901932,0.0619079822993398,0.039337065403350024,0.06969589942857746,0.008385273611769106,0.07076220060295224,0.06672741931215209,0.04435970033729242,0.0671526970092966,0.01740719854108219,0.06503733280525315,0.044645354190195,0.06383680309898243,0.023625430171965833,0.03483432835659661,0.08657501255474132,0.005428808305046218,0.06385843732715712,0.04692367565458189,0.031142145171077162,0.06619209787049685,0.03735754235139277,0.06770119413713216,0.049474722912530966,0.062471501057252965,0.0748203137237351,0.054558762367473035,0.06703064173448192,0.04213156302414944,0.0912797659518414,0.04946594824457584,0.04743848252274541,0.0004896523950457254,0.04961261905313985,0.05724922072581684,0.013786582279848858,0.010457838152576615,0.02486905579033749,0.06966919450565556,0.12664930025482501,0.08612170166368727,0.07547166495208946,0.09609023299536323,0.07116668228411283,0.0009492306047746979,0.03247037039888778,0.13974721280946234,0.10690265525725318,0.09300653088329702,-0.026024325983000085,0.01161437235565832,0.07934999465942383,0.05160812679147142,0.07329180333409213,0.07843127286540841,0.0363510361383399,0.11011582778587248,0.13671625908321583,0.005775552408851858,0.06347928432993943,0.071593040872024,0.13165171800215858,0.10093642536488434,0.06640059792777664,0.034891603634725765,0.04444901711323923,0.06258229730602505,0.05914247106375292,0.09636322199969993,,,,,,,,,,,,,,,,,,,,,,,,,,,,,,,,,,,,,,,,,,,,,,,,,,,,,,,,,,,,,,,,,,,,,,,,,,,,,,,,,,,,,,,,,,,,,,,,,,,,,,,
2022-08-31,-0.04080192582726849,-0.03170310084215522,-0.04559226482610401,-0.04587946415394539,-0.051321825629428885,-0.04127646767691362,-0.03836665183103771,-0.020026685500791896,-0.02957352670396296,-0.04321290453317239,-0.03168196329746309,-0.02850656536064844,-0.037393473020907786,-0.03873588058346589,-0.00862327051828915,-0.030619663737755265,-0.046931911579198515,-0.04160652092639705,-0.03464611620525482,-0.028336008547011238,-0.07085400446949819,-0.07416125873842849,-0.028462608246646925,-0.02821997435840562,-0.03728492139987316,-0.03284220817420569,-0.03134909303814959,-0.06116852008134499,-0.031118058505650525,-0.04245285275650601,-0.019847722008545787,-0.04553111886205086,-0.038537865356838674,-0.008099932863554371,-0.07262275369135263,-0.013263098396750106,-0.030422723820148545,-0.01758553051952272,-0.02704231239143795,-0.026777329546105233,-0.0293803336641687,-0.03883938780631735,-0.02943328245830701,-0.02959646205938682,-0.043065269806318196,-0.0746484495145121,-0.046244241033242095,0.0033203823431458,-0.04413398392240786,-0.04047071626213172,-0.01791962635249822,-0.022598040856773638,-0.028127152661840404,0.03167759150784755,-0.06228078841546114,-0.06329278985588704,-0.11336902421067896,0.0023139776438925175,-0.01865804384706715,-0.0029869606870353005,-0.029655486093573713,-0.024534600081165148,0.0012815035604651914,-0.02664389033752923,-0.043949631985296556,-0.03537654891206454,-0.027974927087781043,-0.014035057734663847,0.10586997520780073,0.0019371772386846953,-0.05819360492233472,-0.024394860841169153,-0.024217793932309273,-0.042233771386974484,-0.054193509009576646,-0.058924564031024196,-0.1507069539710575,-0.04364301583453778,-0.04836637083391204,-0.04052595387385427,-0.03008706232213909,-0.03897431590203548,-0.05837894538131083,-0.022294727076503817,-0.03785512454364315,-0.015699539360009118,-0.048148080365090995,-0.05733556125375894,-0.020888452582525363,-0.07473755107517788,0.07480003356933596,-0.005285317966061354,-0.026705539295065583,-0.0412894461337987,-0.028939050788129417,-0.04430289641707241,-0.02025679998160901,-0.01572272141546227,0.0020603556345695218,-0.027312344293440538,-0.04376959428033533,0.009456301018758717,0.013745801320243611,-0.023009466036410298,-0.03156743220314995,-0.05542018634810242,-0.0058648957689083625,-0.00859721496233845,0.007966236958952377,-0.025719695150800304,0.019867498641171988,-0.022376612821252806,-0.06059625528125778,-0.014511976729028597,-0.024930029048478186,0.011573291325729373,-0.03569163283585086,0.007840940567881649,-0.051218733309269515,-0.05138492864335198,0.0015917069104727233,-0.030543817743895585,-0.04662142173436279,-0.03517078735871293,-0.07508463302597179,0.05539355019898484,-0.07318545214546268,-0.15270268670114107,-0.04019122929619279,-0.05946667706239761,-0.0773083630993413,-0.03960130835247033,-0.05585725792488594,-0.06283036494355765,0.0011325233954058156,-0.01502880537568041,-0.020645440732824927,-0.04026096371565302,-0.03754001852996036,-0.03602824179389874,-0.02688870555772127,-0.04304538951408787,-0.03739466849380946,-0.05458651603484954,-0.0167364214049055,-0.019199484587592464,-0.029731301576250813,-0.0234375,-0.008520492135883684,-0.006868157870036584,-0.013983864470848872,-0.022869820187191747,-0.026376870671730668,-0.014617066873511275,-0.007422379145909375,-0.023011968348126133,-0.020752731138046432,-0.02766906279743553,-0.014984268886812369,0.002851050471867289,-0.019479434011076435,-0.016642514277512288,-0.02701176662071081,-0.07000790267420376,-0.006414402998812796,-0.038657677118461464,-0.023287681075640054,-0.01893096580443987,-0.02924495971417118,0.007117931087419871,-0.01596933914176135,-0.005880795035078101,-0.012962148794881667,0.00027180125655124066,-0.007169424936638857,-0.019253989807272442,-0.008303044463348175,-0.021114247437028166,-0.012215436432960969,-0.019549144738539526,-0.012892527141157295,-0.0312768498217556,-0.026107417617996953,7.34215367925728e-05,-0.006388545195796791,-0.018622140167231627,-0.015844699850106503,-0.02506868852115185,-0.017130713525452035,-0.026526147554078228,-0.017597678023161478,-0.011080706152133524,-0.026442224866025987,-0.020138886773291897,-0.02723397733923949,-0.016651221027102148,-0.03950873213049555,-0.057866106341744605,-0.0294194701531576,0.002160003486576745,-0.009787918704633358,-0.020691142865827628,-0.03297318270680061,-0.03196870755019665,-0.028315255406556328,-0.06852081812813426,-0.05062010438151654,-0.045663343896260145,-0.01427990119140421,-0.014752779364013868,-0.028484523565058373,-0.0037499952727352293,-0.026774375254174698,-0.054927086339024545,-0.04472934602567202,-0.03816808639602587,-0.02842524136797342,0.0015308425875268927,-0.02672903447267383,-0.018104750767715228,-0.026389270565364664,-0.02707061548905143,-0.03236819608672914,-0.05567005177790796,-0.055111436754313625,-0.00444707640611075,-0.021138517106259025,-0.02557467078447373,-0.05300696057626386,-0.04548873969702383,-0.02383853012664605,-0.02693619231460853,-0.01766304224942783,-0.0245102304734518,-0.03772491792367205,-0.037186966145119515,,,,,,,,,,,,,,,,,,,,,,,,,,,,,,,,,,,,,,,,,,,,,,,,,,,,,,,,,,,,,,,,,,,,,,,,,,,,,,,,,,,,,,,,,,,,,,,,,,,,,,,
2022-09-30,-0.09244592114023042,-0.09178163964143837,-0.08844943078487844,-0.08696930212870857,-0.10535541479331312,-0.09235112128929013,-0.09177980865585511,-0.09660444889844999,-0.08708853048024012,-0.09836636490367656,-0.09215295059509454,-0.08500356828631928,-0.09217870531176509,-0.09212023709379846,-0.08963992457854486,-0.10273432300933716,-0.09144026863018828,-0.10420040228607397,-0.08810923556680461,-0.09477402028957882,-0.09165275833019781,-0.09482039254605756,-0.08542723919196915,-0.08405590006830799,-0.09230490320613793,-0.08581655763357243,-0.09604928169315496,-0.09222054450430939,-0.09225088536299142,-0.08550317751348113,-0.10005405615604723,-0.08235099710038463,-0.04734948726789834,-0.01192412322748726,-0.08650170740184449,-0.11539434734937715,-0.0414502753253474,-0.09657999682275475,-0.06732325944422302,-0.07811710005972505,-0.09881259586880642,-0.09206620076323802,-0.028881810636775418,-0.02865059839980144,-0.09902396070979946,-0.09684872484175899,-0.08869455149833638,-0.09528966409305883,-0.09962405129804719,-0.09255967934723841,-0.06530578873852666,-0.09288118399769385,-0.09275746284468833,-0.05232971727765601,-0.10940332917118478,-0.10709891623152368,0.05548854526703173,-0.04868519197665022,-0.053742567437636724,-0.10514820079240583,-0.07505618320422225,-0.07880717144748584,0.0002821168865037027,-0.02937005354494393,-0.09676243792895678,-0.05091532484432604,-0.041830225247583286,-0.018007386335644027,-0.2612954362540275,0.002067576580413233,-0.0986002393690194,-0.028055113648612906,-0.033287424191114856,-0.0387349882255793,-0.11377903983709525,-0.10952906188873912,-0.0020809801188315102,-0.09394645312011618,-0.0962277991377053,-0.09528954739992235,-0.06079498316437848,-0.09229726393018223,-0.0963699412393687,-0.09924626934151382,-0.0471268060790484,-0.021524857427721478,-0.08134158471574349,0.02108356214529672,0.04271995745122381,-0.08811747230715594,0.006326761108459866,-0.04877144079801077,-0.06780914990428488,-0.09198850074829079,-0.0850722613601348,-0.09207730875206566,-0.09572398235723922,-0.030161882803243834,0.17203568988031637,-0.09686065311244596,-0.14357428985522647,0.07142855228489187,-0.019209047340822072,-0.023925210827978938,-0.07074632524916236,-0.0810768913599701,-0.04690275886586348,-0.011927938805655458,-0.05206887334917376,-0.03411947911963831,0.009415614373730063,-0.024089800130634442,-0.09641445000397297,-0.020191617780572435,-0.1068073822015031,-0.041285217868016866,-0.10603422732023582,-0.02602177889339785,-0.06608644469045188,-0.097572430495388,0.002986056468897269,-0.05828600431844033,-0.09873106038455237,-0.08250339133700935,-0.09581493727405721,-0.030071033019958393,-0.0897772984050147,-0.09011171578671406,-0.08978103297134044,-0.09664082635093196,-0.09354999441130307,-0.08938594767072783,-0.038243318337402576,-0.09540687362425415,0.0011632551046467654,-0.04606817562113075,-0.0898214489287592,-0.09530787742507563,-0.05002660227612832,-0.09486407596424129,-0.09454889048363002,-0.037064412979993855,-0.09677791070064201,-0.1325363841379099,-0.041121845634625065,-0.05076306603451197,-0.027695894659502285,-0.0672000122070312,-0.03923244436004181,-0.010027694148073696,-0.05767412386092574,-0.00868250450070196,-0.06609155673104883,-0.05095130319394481,-0.007817795433034624,-0.0755217912016296,-0.04579739983987585,-0.0642202093975891,-0.02882303148713483,-0.0028291789218686247,-0.05275458709373948,-0.042236964837137125,-0.06890433786208194,-0.21984603743655884,-0.07192373712735944,-0.05965525957515594,-0.05434786534118874,-0.04275448562495654,-0.07226304986497334,-0.055045899505087426,-0.07140535195473519,-0.04257728067575617,-0.06646935497431494,-0.06137181763344979,-0.04489402871495907,-0.07506168748790898,-0.0021746816096611665,-0.09192785187310049,-0.04033428249801807,-0.06828989464492652,-0.007438041717302002,-0.07195895744129233,-0.07860238254787666,-0.08436474962957419,-0.05649321218413972,-0.04076476149918984,-0.02082383623616524,-0.06300774592247416,-0.03269294251005883,-0.06171454914057173,-0.04289230667383337,-0.052710502924159686,-0.06087947931844184,-0.05031892667771831,-0.06949912810711967,-0.042201716470492756,-0.09264806326276065,-0.09270767182537198,-0.06345435175369596,0.0023794169538724486,-0.0492175275279183,-0.05540571048755327,-0.05894813268326948,-0.030173448637670908,-0.04537390950480491,-0.10726402237940613,-0.10585164046421602,-0.1086824747593933,-0.10720199374774908,-0.11594892118009692,-0.06897358345240268,-0.06472548927538335,-0.055458536197354746,-0.11678831297253789,-0.10761664555370376,-0.09043857091651764,-0.029256875104491264,-0.014520411144775758,-0.08272255358483038,-0.05602195014838629,-0.07604697137964345,-0.12944520985088015,-0.07439299953474099,-0.09822277860329476,-0.11051751667632581,-0.0974933230805144,-0.05837074012222199,-0.07603652032211206,-0.10873564906149624,-0.09536235961333939,-0.06805064586398712,-0.06329100254193454,-0.05120678543479262,-0.06918882525239911,-0.07903009251933424,-0.09230864810408368,-0.09498166760152216,,,,,,,,,,,,,,,,,,,,,,,,,,,,,,,,,,,,,,,,,,,,,,,,,,,,,,,,,,,,,,,,,,,,,,,,,,,,,,,,,,,,,,,,,,,,,,,,,,,,,,
2022-10-31,0.08127563039874364,0.10483979812866173,0.02333699846889603,0.0737970876726759,0.03999865914667544,0.0812490467139595,0.07900460252030794,0.11162998826647486,0.10111056643509597,0.12306443652398702,0.10612952350510918,0.11523487675585153,0.08148177623999686,0.0789049680321976,0.09521260892324013,0.12712321531003234,0.09894774623426139,0.1439659515916749,0.0940971200438987,0.11444451710647341,0.08289212868692486,0.1010008045282842,0.1143589893542476,0.11394569715430403,0.08112775595852728,0.07943380071915063,0.09359726164666315,0.05891817316105885,0.08785215913416078,0.019238170504910723,0.08559512553297077,-0.05964427641624026,-0.014540548657048236,-0.0012569756918895392,0.11410908084741966,-0.01978225155276425,-0.012785074112296235,0.10193985082049384,0.014203941296970113,0.1173466134726242,0.08516873666350966,0.07887001025148788,-0.017844407703562548,-0.01744374032450091,0.08813057183052697,0.08429036377005539,0.07163260103129288,0.09488342441969966,0.06229512284353689,0.08168598424949236,0.09618410815188905,0.10304926371536571,0.11436190734552776,0.03567824302037681,0.031155590827383062,0.09574142335894376,0.006857190813337022,0.049935156774942424,0.08610718772253056,0.11180012009175577,0.06171042091699719,0.12225996706420417,0.0015575871209161374,-0.0050650580035211945,0.03403934932740316,-0.01140288566985026,-0.011577558070021365,-0.0021410510893160595,-0.12831480357938707,0.0015857061123654148,0.06078095597270705,-0.008478471943216825,-0.00548563346606834,0.030615581391479685,0.09513547401901024,0.04428040696446356,0.13213272456309233,0.06347194442624016,0.035241305008425705,0.06376776426955155,-0.01603448143047914,0.07839437428585794,0.059011735360102735,0.10687850941642396,-0.004094495416031907,-0.0019688092273221214,-0.03509641259783569,0.07495932473510813,-0.14560928577254406,0.10505127640162892,0.013683391988063898,-0.0009701552590847262,0.013666991583083599,0.08117556932115666,0.11615938419040828,0.10086245593487297,0.11151125783783544,0.01144522315308083,-0.16432752107319082,0.08937732323599135,0.03745247594180867,-0.018579201620133157,-0.005760390435130325,0.031022575526913343,0.0770044868592954,0.026486808769981662,-0.002476049713181494,-0.0013855415673986737,0.034821074154505416,-0.013247775574608545,0.0032164805718537526,0.025456427303176987,0.057907896453031515,-0.0013688722081575122,0.09788944342051664,0.01697397685535207,0.1309552471146187,0.020203805564858346,0.059756506276435806,0.08293236834810402,0.002287801967067349,0.06122441120308597,-0.017857160961008867,0.10209138990044342,0.08472409351381227,0.05277075477531068,0.053995749592016695,0.051709064228060875,0.08349769599473134,0.06343438694609316,0.08501425734651158,0.02507473279943917,-0.039207618678814726,0.05825766275659472,0.0011032059641784553,0.04952324495461968,0.045536508671681686,0.07983876074976304,-0.010463420433746151,0.11698341283707148,0.08893050282361226,0.03639465389098828,0.08997075075257244,0.08887066885932193,0.03368697552627142,0.04648723856457515,-0.018181771943063474,0.05763294432799326,0.026541334246838133,0.03737344161850831,0.052508351667376774,0.028179732089426368,0.011970206494774427,0.057764146719762266,0.013703309736619262,0.06898442097171875,0.04573687664828774,0.057757167943525145,0.02349545298625455,-0.00024191576531962244,0.04557628584169837,0.032959427443707945,0.059078135769374374,0.16228049209205886,-0.010084015056122109,0.0371240123443457,0.047460167565213984,0.035573183913798045,0.06296422888129238,0.04563110505033152,0.059070205894980576,0.03384496715922447,0.019890529510571797,0.05045489238862211,0.07239653042139338,0.07351354650548991,0.0029059179698771587,0.10931002209648155,0.05228231546234263,0.07069203048894712,0.005557572249464959,0.049836915269513504,0.03263648647316497,-0.015242722160590638,0.07492458272220315,0.04584429694154246,0.01586318622109406,0.06068857656498361,0.024409640685108203,0.05751891777628848,0.040659340011542255,0.06343193263826197,0.029697027314278923,0.047014935251917356,0.06090445192003302,0.030576271252338527,0.07998371619599554,0.05455881170813992,0.0752928533158772,0.001967815180798249,0.0591293797964636,0.02617485863608393,-0.04861825580491863,-0.03125921083052563,-0.012251797687715671,0.07085910053284117,0.04001828424059295,0.044057865150697095,0.061427945372543924,0.03665745965399414,0.061301722115091106,-0.007679158151376209,0.04063807912789996,0.03967829149839153,0.08898118813887734,0.08449258550027139,-0.017480464910189064,0.013958848011757397,0.038812843685490206,0.05248942207067575,0.07062750163836817,0.001908415055639212,0.03474417398142271,0.052721749946211593,0.03086764845972567,-0.011532906164219092,0.039464099143321496,0.07040536362341232,0.038875045229944005,0.08103403104405826,0.062020474335504394,0.0016676043041250477,0.04392247012282735,0.060064306769596953,0.08000217006738031,0.07945555974650609,0.08255825664957372,,,,,,,,,,,,,,,,,,,,,,,,,,,,,,,,,,,,,,,,,,,,,,,,,,,,,,,,,,,,,,,,,,,,,,,,,,,,,,,,,,,,,,,,,,,,,,,,,,,,,,
2022-11-30,0.05559133652290349,0.0601887781652477,0.1162230987645827,0.06539487803625921,0.05544122084834635,0.05551961289995444,0.05349430754467521,0.02203672577836069,0.06177359923855463,0.04003283862803264,0.05966270952007968,0.059024603862987135,0.051270722621391096,0.053794352418522706,0.01418720855372535,0.02835116873750354,0.04412409707322684,0.0380622822446548,0.057578026385666226,0.06420725257837367,0.13450732737727233,0.15137722412166954,0.05962437790804542,0.05960482082248708,0.05169303752638754,0.05362604161545792,0.062452282459770636,0.13168094186544876,0.059754343948160704,0.12174412970963755,0.03623466660353847,0.07151041000617342,0.03612227680870661,0.006937728938520182,0.16866089125638917,0.15589375383538306,0.038084853494890325,0.062124519761630026,0.0183286731223673,0.05994095531160104,0.0614733889321164,0.05366658075845998,0.0849186596373046,0.08457065754028847,0.06368053855581013,0.13489219551921616,0.1259385414858638,-0.005388862969467723,0.0703700900811941,0.05460153862503314,0.019979406782127507,0.06756663405746566,0.05800555331309276,0.017894417302189325,0.1847905885776302,-0.018174128960554925,0.15947782815569034,0.06578112144797843,0.008913262198224636,0.07219121608224266,-0.011899323768540193,0.06264070773631847,0.003390283964955776,0.022431405725464204,0.1314587174414623,0.0426650954870027,0.036659474228260436,0.014130229340543421,0.04121688847784499,0.003151551582171619,0.12548632859132924,0.04844458498995352,0.05168701970856193,0.03617612773109613,0.0022491378054840805,0.11896361070991568,-0.03549904057682918,0.08336347965564461,0.13375187895997942,0.08282684295004472,0.061832213284653825,0.05452142982340735,0.12722389898652886,0.03632880459086962,0.04841861239886125,0.022452730454826098,0.09009571679905881,0.11559953584150051,0.017770803663558432,-0.050347811555980115,-0.03611819688542006,0.07532645731552523,0.01847075802522502,0.05504988672380118,0.05896357224952964,0.0404668979408227,0.021469052309954106,0.004835018627646681,-0.15605315867625036,0.05944790580781767,0.10777284093443407,-0.10467707356826095,0.09733489472176093,0.030832092175102188,0.0571711098434009,0.09962401944137711,0.07539553369657281,0.006949775127198299,0.04834127226155771,0.026821610635195503,-0.00641233598957669,0.02909480960137789,0.13155051618944946,0.01775113184860988,0.06958729531984953,0.009245775926501665,0.05735591148133423,0.012475720869013385,0.02055493410903031,0.0771146421095934,0.0030856481247991674,0.07471627160334182,0.12377621655769544,0.06774133855447584,0.13219860013751794,-0.016038693442901986,0.14036873272906925,-0.24583332490225596,0.054191304550277763,0.12082049037054032,0.13158378507570978,0.11737832622278477,0.06263797266237003,0.13299666979747782,0.0029624979483020564,0.03048068429320705,0.03483710247886562,0.05574343916424773,0.0581402484962068,0.03739150722155227,0.0604754795947513,0.03283901033630987,0.054455193813171654,0.09379491858666733,0.028335018324229466,0.032932533181271983,0.08395053326875046,0.043464101477629136,0.027446465121039543,0.030976432749521887,0.04130922061563291,0.02518519648799189,0.01909080966026111,0.0388692908590329,0.003379532982563438,0.04950820143802104,0.026385881336140837,0.03905818700340635,0.013693119356930739,0.004288162757976943,0.032599502763478894,0.026403905092486246,0.04008762465464666,-0.3433960539894879,0.09295409922980147,0.0860896984505104,0.03185839357629283,0.02526712708022938,0.03973378617155077,0.034423447656402484,0.04488450972263114,0.027217363537448414,0.03397398609436153,0.020314990371268493,0.03292317197091843,0.04222891512266824,0.02788839309646196,0.07287863683779228,0.02772863219318622,0.052478707045283235,-0.00017825497425572046,0.09883598880194167,0.046226550589629545,0.12708761450890238,0.026381820144438572,0.02772483397548342,0.005015196467056837,0.040193215116415715,0.014733847557736546,0.034828619951743134,0.024947155165425228,0.014530151914079248,0.03910142096920288,0.029579470402822494,0.03740114603523925,0.026055513202276392,0.05184207158407417,0.13394743496994188,0.052182633254700406,0.0030081184032719754,0.01893657789057701,0.037449314283288127,0.061861194679451614,0.028525242851252797,0.035786253418357505,0.05360082115095266,0.05588090742784213,0.07665769112798326,0.03996501375340378,0.059468807289272174,0.040329594551278936,0.09053188271339829,0.06024252281484288,0.0536347344657544,0.05545065542562755,0.05154384160905501,0.08343562417226336,0.011472319265220632,0.05519478106744069,0.03928919652159868,0.051943589307916094,0.06976188247190818,0.07430214847860928,0.041606793762971606,0.04963582864136895,0.09343708864970846,0.030626074336681963,0.0490236092238614,0.05396959349522956,0.052859404959855416,0.04142731432857083,0.09952285965299912,0.034276891133946386,0.042080359332344885,0.06168594169601005,0.051088727356035646,0.05598534323694615,,,,,,,,,,,,,,,,,,,,,,,,,,,,,,,,,,,,,,,,,,,,,,,,,,,,,,,,,,,,,,,,,,,,,,,,,,,,,,,,,,,,,,,,,,,,,,,,,,,,,,
2022-12-30,-0.05762816850720276,-0.05532753408586755,-0.02217819275459032,-0.05628166553624958,-0.09013647516601442,-0.05728806041709067,-0.05749672769238645,-0.0651413781223732,-0.040154265160577296,-0.06679102683418958,-0.05468024997483667,-0.03885388469099238,-0.05810792911379059,-0.058729103658611836,-0.0630003891531401,-0.06596623019070869,-0.07056692772871531,-0.064859104281902,-0.06080549078951736,-0.050525586951122636,-0.019459967927198507,-0.021922725188109005,-0.038929329113425615,-0.038819815546431324,-0.058552751497556454,-0.06024367162544464,-0.051027549461832744,-0.01812900121787442,-0.054108580105704185,-0.014706232697697108,-0.06614629428696439,-0.026200068371334262,-0.014880087660289254,0.0011769440816402632,-0.029551912935085856,-0.02637516548785468,-0.008704916268576612,-0.030823635897006096,-0.013173517638075949,-0.033020524480928404,-0.053605536269001774,-0.05870435644119998,0.02930648566594085,0.029464337006720465,-0.059068026957691866,-0.01672557598527058,-0.001572668773763941,-0.0389496045242651,-0.031127660504943422,-0.056648648630476806,-0.07947214056143548,-0.040394387145273436,-0.04673198999442918,-0.007414982769808343,-0.09923748362210671,-0.0017087105346148546,0.07782673171008603,-0.053277107539457025,-0.08304656405274302,-0.09350412567808086,-0.016674414442206964,-0.03494587575108521,0.0038582643808353634,-0.005597065793232825,-0.021927464341129133,-0.00829951004141738,-0.008060897281577661,0.00017971701799668338,-0.335532477015864,0.0036260737662616727,-0.02182509365062746,-0.002630804291478328,-0.002543761831192981,-0.018817170397729788,-0.0042076162540980455,-0.009122869656163934,0.04062500372529043,-0.0461004171214181,-0.02309601766983449,-0.044373655437691895,-0.0181998000998026,-0.05820439096710772,-0.022305925605713983,-0.06104877067808934,-0.007984871205220956,0.0001118749252408957,-0.021371583647412984,0.03600127939442532,-0.054785934843758044,-0.01360304808547641,0.019303566518133586,0.009269090298748006,-0.011630052860250872,-0.05732444761356892,-0.03888916754630356,-0.06647428942580058,-0.06447263955586269,-0.0031982357916733317,-0.05638470570812204,-0.055986647607008666,-0.03567285167603773,-0.007462667446939908,0.006335740681157054,0.027027027027026973,-0.03752209908210602,-0.004097247357458977,0.010065862567444572,0.0013731539844372698,-0.056509940911865564,-0.007276299919055318,0.010648593938151762,-0.012317616512823149,-0.017133596247477345,-0.000829390632618221,-0.036059191099389265,-0.002432143721081248,-0.0618203042065435,-0.004443045666931322,-0.01572090625395761,-0.05622927634018915,0.004104444579718036,-0.038166255324168064,-0.035315291945968386,-0.038388120623324196,-0.014940148200219383,-0.018460221051640024,-0.021076227302027295,-0.08397789455866866,-0.05719670087821849,-0.019502545728941723,-0.01290030554141175,-0.01766077427484114,-0.04416568165193491,-0.018681607574375758,0.004219471710341649,-0.021615424483260925,-0.06595606156444578,-0.06013305608148156,-0.012069612743216718,-0.06198983589966722,-0.050991171415360026,-0.0155023790547546,-0.056005477233784684,-0.094821103450341,-0.022506468103958732,-0.023798746907866986,0.030182272367003327,-0.03916687576157585,-0.008587745222169985,-0.017962153146137805,-0.030820879303422588,-0.014450853111279693,-0.012000642326736699,-0.025664808898884228,0.0006735786478715422,-0.05021984925656331,-0.015501747806412003,-0.02882633528430123,-0.014302765564574771,0.004507287430376428,-0.02944820583125629,-0.029166677320636825,-0.03929705427395935,-0.3160919903811751,-0.01488670225295119,-0.005423411117670529,-0.027444228045615415,-0.027808791384822285,-0.041319945834325855,-0.027493339973544417,-0.04200884175982611,-0.02167874665887093,-0.041851238697309334,-0.02596852624569379,-0.02801026873289969,-0.04096886281649437,-0.02360817815738958,-0.041177225175404564,-0.02954545032316558,-0.04260170542096253,-0.02175465729081949,0.00689858085268491,-0.07361315844998295,-0.016624538870724126,-0.03779955836149518,-0.006298121261591683,-0.004801107779331848,-0.027892364028410332,-0.021814653920708582,-0.025143836975477618,-0.010946560155633778,-0.023741498882716594,-0.04987581935813401,-0.027691216821111975,-0.038736786326702966,-0.031139949609228612,-0.05847875805593983,-0.017108536024647236,-0.01964912300097643,0.003803374179883079,-0.02745554579240639,-0.04906131933781155,-0.01676795229116146,-0.02734066403230717,-0.008281727136090322,-0.002222441552702903,-0.09066861580114582,-0.06444275328157334,0.010499790239709927,-0.09715119194670108,-0.03404421170175087,-0.006241179439901767,0.00129897915886934,-0.09495415214660663,-0.0667655484908174,-0.05571278169892491,0.03114378492710701,0.005217337502915198,-0.07299407417252224,-0.026367790736604668,-0.03645789144500533,-0.06877306631563884,-0.005439295516381892,-0.024637982936001945,-0.053867917748812943,-0.010092529981040155,-0.01627811681705804,-0.04963981268819717,-0.09027142126436838,-0.057999396076173215,-0.03743940908214227,-0.010838366146001643,-0.025366157476137352,-0.039823030044428,-0.034125935304400334,-0.05827246563323274,-0.06238673853231891,-0.012503485108358636,-0.041022193489958725,,,,,,,,,,,,,,,,,,,,,,,,,,,,,,,,,,,,,,,,,,,,,,,,,,,,,,,,,,,,,,,,,,,,,,,,,,,,,,,,,,,,,,,,,,,,,,,,,,,,
2023-01-31,0.06288747499871894,0.09250451364508394,0.07770024856111801,0.09471439277115712,0.10642926811012843,0.06272632858240335,0.0664069513036345,0.09818759462817095,0.05143451251930564,0.09509729538924105,0.09260415732171245,0.06969026187753258,0.06788123777763166,0.06741585374513215,0.09994409932997939,0.09663240853555366,0.0733784384644045,0.119483292819337,0.07159576519694921,0.11359121985103604,0.09516454203114466,0.1231003686746992,0.0727738466993546,0.06968345763759198,0.06925081532429811,0.08720085890671658,0.08078601881302028,0.09003657165967849,0.08302458926601863,0.07338812200722145,0.10838498140477548,0.07643625653449848,0.03581055904646324,0.007760927934240547,0.12532319706216533,0.09129297044846596,0.03330238210439851,0.041956946713409105,0.020762784275751844,0.027854877537691447,0.07953497709509483,0.06469589799258779,0.05759257431981046,0.0578201789874917,0.0643828829277544,0.09559898130706501,0.08195280597471455,0.09589179492614242,0.08014346917316484,0.06269448114766218,0.08017680728527177,0.03468954232641286,0.0551079183399068,0.07108452124362885,0.17269611457277478,-0.01126802037726271,-0.008628543601625016,0.0699952684789249,0.05754168129505666,0.16112498018167476,-0.0009420847006558208,0.023657840127322416,0.003274911254320889,0.020976449179258783,0.08695658783077653,0.03374676005440547,0.03312933999547618,0.012353841219974404,-0.3390071317251454,0.002842582650635528,0.09030256288513949,0.02463982293840794,0.025381768725181386,0.04033289705620424,-0.009295826226892623,0.0825071045248591,0.031531585713175714,0.07504710122008551,0.08923077350764341,0.07645895066208697,0.03738895153712374,0.06555925325407186,0.09034457204427127,0.10441878921874337,0.04231653351493847,0.01715634026528501,0.06991363863241884,-0.05620472796892839,-0.07286052280368127,-0.004243311043838349,-0.0129966720201804,0.04292231890706355,0.019695040947546483,0.06290211815048496,0.0699699651774055,0.07055100831214345,0.09776909746288265,0.008147580468382376,-0.195957842300017,0.09739363507218313,0.0932169378451917,-0.03258152887324173,0.08919206771107846,-0.010877174243592358,0.015256460994507615,0.05079420258581413,0.03543648064290128,0.00796128660357276,-0.017968346359875653,0.02684848946897911,0.006066428349583042,0.03217828361483055,0.08809200867165479,0.015288343511976166,0.038964472197360545,0.029095407750256097,0.07175759589013797,0.028394400479620385,0.044304838849777095,0.07151646758749886,0.0038837977721208894,0.07666675602669559,0.10249675163484695,0.02640028351215218,0.09431554320014635,0.1058423528791681,0.08335911650896888,0.4656212728731097,0.05963488877752754,0.08304374551825466,0.09083586206741256,0.06526343994549655,0.1217079150446283,0.09142086290187534,0.002808019236508308,0.03226734727959979,0.10357298615296084,0.06477873353286356,0.04569089711574592,0.08661417553342532,0.07248877259173625,0.036838906142389494,0.060713160162093605,0.17865538248718682,0.03715786307924662,0.037760827077905956,0.057490270835068635,0.048851450306934385,0.028434242554223887,0.040572039676911587,0.0510075827316967,0.0348240040938077,0.019198771103530632,0.043478287187623144,0.0371255696687518,0.05417678165638673,0.03070789944451713,0.04869643300165016,0.005038291120142535,0.00776940589960029,0.03067810579650998,0.02705730096680048,0.041755262560186246,0.5462182781869589,0.05470874084495625,0.05620805973201426,0.03597885164158132,0.02986791857100246,0.04480355894085064,0.0422862441715286,0.049126270190115395,0.03295457771987009,0.0673589954474163,0.06267086837972169,0.044716805484875,0.05118216736587633,0.03745940603055331,0.022495554520210348,0.03947809733259611,0.05070187045318475,0.03189937988571212,0.05821790934016735,0.060924261402534485,0.0629181131253349,0.06034772030705837,0.022887310819052376,0.0026590576560501233,0.06052509490553537,0.006321004880130321,0.039776220234870596,0.018554740068794873,0.04108503996502222,0.07838871742917108,0.025275866166460048,0.03829846017550964,0.02735795470924618,0.06418805193401123,0.08487750334509347,0.017985040549675313,0.0031953132891149316,0.05988692096827086,0.06569519576763594,0.05183165017444158,0.03918097025413725,0.03358448564413141,0.05733918519786352,0.10672874577813496,0.12756675461552436,0.059850397590240245,0.07807031717756341,0.04813532716413893,0.03785439316619965,0.02891697302429863,0.10563350423364204,0.06167708123644333,0.06344617933605523,0.057660691773702366,0.010606345054928745,0.11857225562114126,0.05041753861662812,0.07259988166228015,0.13873224455938304,0.04922171029709865,0.059333653157381594,0.09952739574215785,0.056635962907400694,0.04498839324983006,0.04999540188083973,0.08718856821701149,0.0673062382236882,0.04861958991837545,0.036841856187843636,0.03976477390298827,0.048573922924490365,0.034401883527855226,0.06752809094192092,0.05967019974961385,0.08975771262201149,0.046532319357220464,,,,,,,,,,,,,,,,,,,,,,,,,,,,,,,,,,,,,,,,,,,,,,,,,,,,,,,,,,,,,,,,,,,,,,,,,,,,,,,,,,,,,,,,,,,,,,,,,,,,
2023-02-28,-0.025142887114311563,-0.018604705019029555,-0.04653143586554642,-0.04967906148506884,-0.0035979028810387836,-0.025324006081459238,-0.023830809055392033,-0.01723414147824731,-0.03524652894124558,-0.012061226403890624,-0.018729362860014365,-0.03028731105927973,-0.024272317957615308,-0.021754516331042528,-0.012290315439808963,-0.022818437625331534,-0.00965523705944249,-0.017315592605892438,-0.008471325555283737,-0.028418756828376468,-0.0199597790064302,-0.017140310814323212,-0.030751001236527298,-0.02980740588789621,-0.02401820123871712,-0.010232094261837799,-0.03241118970005008,-0.030747782926411227,-0.025188145065265122,-0.042811489241926015,-0.017044748835524537,-0.04850556895976488,-0.032707349806086694,-0.008058596687000152,-0.01607349148852799,-0.07567713917216756,-0.02665646934133603,-0.03668620019417379,-0.013529380025761095,-0.032367521530340504,-0.026997640771649567,-0.023993248608981554,-0.05367596391642193,-0.05383988008985541,-0.024081060288107747,-0.01712228787898773,-0.021958041339463108,-0.028856765165560794,-0.03709862003461328,-0.02510444641513676,-0.010457174112129985,-0.02765546863893642,-0.03341472696432568,-0.0680539212151231,0.011269161132210437,-0.03043855481305069,-0.11956026658146068,0.01947960706727825,-0.009014756023496995,-0.05328412536836935,-0.04243279855627824,-0.035117978122665816,0.0029116095008274723,-0.02236178711564074,-0.04385312620110682,-0.02746886280509675,-0.026660174464904318,-0.01198717161143259,-0.02145920770536125,0.0034575172486370764,-0.034746278555555454,-0.022670011892232722,-0.024872316928048033,-0.018915046960557902,-0.030423649432231525,-0.03140319376048051,-0.04981403428501485,-0.03320526554991421,-0.04519787998100799,-0.03179579656186293,-0.023363383234820567,-0.02348784101246737,-0.03416860578552838,-0.01855163645006741,-0.03220217087301058,-0.013471438440909811,-0.04960109396698642,-0.05901808999082658,-0.1429317860567304,-0.022017007643618358,-0.057185871411836287,-0.028628244199968678,-0.013065939960324013,-0.024984080842587852,-0.030161511949297393,-0.008469272992825405,-0.016958273158798942,-0.004501412654651538,0.018579201620133157,-0.02805575273454064,-0.06599300735922065,-0.07383416027935441,-0.003853560829674585,-0.024476783291436877,-0.03497270110195616,-0.03112847515953765,-0.02782417639108481,-0.008227621973438626,-0.05342767800022319,-0.02258844951570227,-0.03871784527111011,-0.009924762151815814,-0.03041596636232391,-0.012264159447175627,-0.04668364205033859,-0.0011947924134879662,-0.04043813168910948,0.0027656383675354057,-0.003104059759729716,-0.02751619639239755,0.003923728671650473,0.002408022364114082,-0.02681775396689956,-0.027474959887188066,-0.01462073071212755,-0.09563962517106905,-0.03676280924952413,-0.05020575194845045,-0.022808898545621403,-0.029836365294618528,-0.014319086748942667,-0.04088492179018954,-0.02949896592035195,-0.029686339911335846,0.002850682247517611,-0.008729866889511162,-0.0121410590792832,-0.026263166929589854,-0.035665956566989454,-0.012302081113504948,-0.026874788197169375,-0.018874555671634874,-0.028576369826676995,0.003282998862915054,-0.012466314182278171,-0.013086493725200432,-0.05279656904557484,-0.01943236548425953,-0.03037381802873651,-0.010546558689646046,-0.015877848323390342,-0.0074388624823910066,-0.01195053585500816,-0.01216549613396456,-0.010644829062860572,-0.01659497270459942,0.0023156753228987803,-0.007406303699130867,-0.001965100759030669,0.0032957794060231027,-0.009791098010331512,-0.01624275058519975,-0.013538550911081804,0.0027173122280452766,-0.04667970128476506,-0.015011924337495541,-0.013619391026525651,-0.015058586345128577,-0.015337898739930966,-0.015086883828329567,-0.016750441351606526,-0.01466811924516831,-0.0011226295920877538,-0.006561065800077426,-0.01616994971711494,-0.01840250224646678,-0.012696527806666413,-0.022125484508465854,-0.013517865478573254,-0.018490872486031318,-0.01395514762426775,-0.01680518253593355,-0.0012852657905870757,-0.050549815220248595,-0.005517869658476671,-0.014802010640970309,-0.014207235972587329,-0.019086642528143405,-0.006281300747452145,0.011655690386118911,0.005113449751697141,0.00022791396993815383,0.007024024046167199,-0.00937494991554022,-0.011952211166031512,-0.01981376463517115,-0.02248291319954432,-0.029488629082370377,-0.022462130765501187,0.0036375469594747134,-0.004828681769579846,-0.000220518780316592,-0.030271859064553652,-0.024519567141825793,-0.028069733097258798,-0.045167297285142016,-0.0035471667668914852,-0.03337970512280364,-0.007764704087201313,0.012054328913450485,-0.006883084413825902,-0.01048618771165366,-0.008825763814120147,0.00020264129514147022,-0.02330672463412764,-0.02214689741825948,-0.05347874737306302,0.0007442705541653716,0.0012782413627934197,-0.009510313485985522,-0.014492690888840754,-0.026448315301199954,-0.005413000240215848,-0.007829904354249906,-0.0009882137184156203,-0.03808552001601373,-0.006185551279598855,-0.007653198116189475,-0.0033279227620572893,-0.01284065498062259,-0.013744027592913599,-0.02884036690345848,-0.013484248004094312,-0.018331525693134787,-0.025447059879797895,-0.02084070726155718,-0.02359514940688101,-0.03104371362452818,-0.013858454539261045,,,,,,,,,,,,,,,,,,,,,,,,,,,,,,,,,,,,,,,,,,,,,,,,,,,,,,,,,,,,,,,,,,,,,,,,,,,,,,,,,,,,,,,,,,,,,,,,,,,,
2023-03-31,0.037077863448808035,-0.031818949397610985,0.0491597942557509,0.0038179861816769467,0.09492720184581116,0.03726453498570659,0.03168203959638238,-0.048473254520422726,-0.005025732861807741,-0.052232315346944835,-0.03156567601473215,0.013347715455249487,0.027563144013819763,0.0292108948050811,-0.024712431342987284,-0.07306028722580526,-0.04036039767078192,-0.06487047713576377,-0.011790065937802408,-0.05330902430182993,0.029006504176902537,0.03441935120822914,0.009612779682528272,0.013521801996919436,0.02707118502249717,0.013758388509301112,-0.03125217391048574,0.03129061108114617,-0.014334635252954975,0.04606144381319255,-0.02827760213894015,0.048393691492483626,0.037210534724072986,0.016479425958552563,0.05123069567953076,0.03217374276882756,0.026412080292552265,-0.023265753155116142,0.028643546794737684,-0.004618277282122274,-0.01103203117537166,0.03607217329839352,0.07916128247166143,0.07943385571474604,0.03043206878778215,0.02476201753158458,-0.00041179125782475623,-0.08684605514887778,0.03610890402229905,0.03738507828534576,-0.22611553247938543,-0.01136026521722211,-0.003577397241197544,-0.08014491278932379,0.0530945488676835,-0.011456578687028984,0.15088458009797745,0.01774378381578212,-0.28152066210502247,-0.04235850831758525,-0.009354930167654207,-0.0058905270506823815,0.005093321311953947,0.029236736169422795,0.028432187517013263,0.02123801455323182,0.026757475073835524,0.019160232047786163,-0.2390350718962737,0.003990967568689108,0.0264850050273695,0.024076020935165587,0.025233053441342967,0.02134658779070775,-0.010850409045195741,0.004896804211799388,0.03472341983876337,0.033325582592981684,0.03064265035086411,0.028501852249255943,0.01688248983087348,0.03352183973549128,0.025943482371977744,-0.04193805342656709,0.03180864059067545,0.014830349287648925,0.04500510464903251,0.04275828948670646,0.029268279563522404,-0.03485842265459149,0.006783722263241865,0.038240159259630646,0.02858797841341154,0.037100069060536756,0.013397196649342469,-0.0401055819530004,-0.04783337160601109,0.019730786066491923,-0.028969925285959097,-0.02699362188372567,-0.041874745064470975,-0.012587433928376357,0.1005802656195065,-0.01309093128551131,0.034463414309104934,0.0449491697342248,0.03176882797425695,0.01662493417483768,0.014432957982501327,0.029049056728092548,0.024760646329843317,0.014457479961340614,0.027987072641022293,0.017080632560408038,-0.017741125973713245,-0.0019259668057324264,-0.0033525491602548474,0.0025977938711949644,0.01839147136703434,0.048005542338867224,0.0035247581253623483,0.01132470824399645,0.008267088513082443,0.007820960753916806,0.022647421479631946,-0.1229193939129829,0.044378816754604866,0.41767759541595395,0.034021687008841894,0.025737969909578995,0.030955654868713767,0.04583931466597413,-0.041766963272803714,0.03188732627103086,0.005088342290778591,0.020511366659698327,0.01728561920642524,0.03494940577527417,0.03239002413153913,-0.049778882358268106,-0.00231602584465207,0.02936970278482165,0.03440258009910746,0.03584881330007139,0.025095745229296584,0.02328587682981631,0.07891823022054822,0.027681573704772866,-0.007856106472882374,0.02164082997760719,0.029223833904473473,0.01784439656786163,0.03054559590368111,0.022475355681180087,0.01991138039857554,0.02650942938132239,0.013793090294147436,0.039041505782043684,0.002169929084123945,0.003738786140160766,0.01433749056541389,0.018357763876960087,0.018978495864495848,0.16124675748638828,0.017207600046896365,0.0231029736781736,0.018294811846998993,0.020951314079696415,0.024241432018635933,0.021645008447147118,0.026528587154406313,0.02333453225843196,0.04736420948231479,-0.02660511198632154,0.0248146481913043,0.02867460567505109,0.020364339010915167,-0.006064565951710232,0.02610117958779745,0.028076566109422663,0.021425996991159213,0.02374954392474815,0.038004504480509294,0.026584176035087337,-0.025681716860453396,0.021313720653939328,0.019984644451015665,0.027003645483260064,0.019886344779005638,0.02392914061459339,0.022893398681703703,0.010101038633696824,0.052745418836018576,0.0101647038625714,0.01582663534154194,0.018428402172687264,0.03804227156907025,0.030594758421134793,0.02287410661670264,0.004273812950615463,-0.030873359095028863,0.056915903643090404,0.037278321433078965,0.05421175307602888,0.027545859645074833,-0.0456278935476494,0.09510225037602682,0.043008140066585154,0.05130030564164967,0.029099865724038665,0.04075141042959407,0.023707798094920296,0.005744742914536527,0.09365758441457661,0.03589260120899973,0.030031952749661528,0.08008782383338375,0.012644111576989303,0.07614097630541372,0.02677964057403015,0.03672424287655174,0.034885657779466506,0.0173352267641802,0.02470633099999131,0.055195569977828596,0.02324352611883529,0.02000001424575726,0.021734380986321744,0.049044931849006934,0.027797835195594978,0.026024213176637723,0.01955620717983564,0.020031431548356515,0.02444135587759777,0.030254714798376936,0.029366133489204582,0.03585057363737909,0.026093763941015924,0.031142206617288615,,,,,,,,,,,,,,,,,,,,,,,,,,,,,,,,,,,,,,,,,,,,,,,,,,,,,,,,,,,,,,,,,,,,,,,,,,,,,,,,,,,,,,,,,,,,,,,,,,,,
2023-04-28,0.015974997938033475,-0.007984280152182666,0.0025559266012129545,0.02984212354343274,0.005079055050062564,0.01600653687922793,0.012254302414520968,-0.01793723331392394,0.01556555852468633,-0.027921195878625404,-0.007834977353098904,0.01733005681461197,0.010832194323654676,0.01119216276075452,-0.011551131727306596,-0.02525156600722378,-0.029743587093113644,-0.02393389085935005,-0.00517423645203996,-0.009925099207955146,0.042582890357477865,0.03194326952551263,0.015316021118195966,0.017435981361681785,0.010778875595859994,-0.014387582190479753,0.00028253101332009756,0.02936252474626544,-0.0057207270226798945,0.002074050635557434,-0.021397572227071504,0.003383109250798766,0.008147853094784274,0.0024397362579520188,0.03162587916393811,-0.00836271446727943,0.005755262061015287,0.003498824319188021,0.0005175987882457544,0.017739444734302667,-0.007728097501353504,0.014560340042004238,0.008623522653246951,0.009098211461221029,0.0061520498821399094,0.04134544312444666,0.034823714064790234,-0.02870520046373326,0.021872993597497503,0.015576350844570097,-0.01186959548375377,0.01018496955561865,0.01243790338687023,0.05235533840066142,-0.1455754265861191,0.015954207098781703,0.039782962358924534,0.03563346362619946,-0.02735965820407804,-0.03137807262260828,-0.010437424605459933,0.012701451177714596,0.003097166423238873,0.006250003172977081,0.018889241191677453,0.004244697345330728,0.005879373933941112,0.003771867630520953,0.010086479983317576,0.0036301227437440797,0.02634494822271649,-0.0020645133255809966,0.0009549512700119944,0.001342686060145759,0.014527177145473136,0.022349333449048325,-0.039973684299700274,0.0156865943216693,0.01865894127761991,0.01422520745204614,0.000271322389653994,0.012817868212475991,0.02758626304199452,-0.017887088343712887,0.007252519470848595,0.005273409433413034,0.0061826954185362215,0.08124861004617134,0.02910253340932223,0.013544041060379541,-0.073325422712463,0.005548365193886795,0.0002988714516527491,0.015901030878918254,0.01758693743716999,-0.031560074837602925,-0.01803549642593061,0.0013532710890005184,-0.16243090550543848,-0.0064848144151183895,-0.003950639384421306,-0.09631727172845661,0.21704747295164295,-0.030213696140943047,0.014847440332205197,0.040059012650301096,0.003606015572035215,0.0023338049310914766,0.04471530839939608,0.004413429998884055,-0.006765495670982391,0.0021464669963005,0.028721156038729045,0.003974337426196239,0.003271886690486392,0.008011621798183155,-0.010908169533775158,0.002529031000672033,0.009578371558137233,0.0170871444173879,0.005080694157895804,0.02646759979415436,-0.01882779266719381,0.01800370948703045,0.041618906122505184,0.04995445339273119,0.02747864215808904,0.003667521264383078,0.013912632411206216,0.030185115271258,0.041063443745164685,0.007537727701136587,0.015225701077008491,0.02714355518841649,0.003266890183091453,0.008936004053208713,0.006599542972503869,0.01194033023794927,0.006332907023571588,-0.024320029164802248,-0.003972085197787689,0.0003239115285429417,0.014026928717908671,-0.06292658326781653,0.017159083919670914,0.015170655862697835,0.00920717709464447,0.012243695999319959,0.006092627264610462,0.0142270844839687,0.013605414545651007,0.012973314373984968,-0.0001594278316171538,0.012646853213523546,0.011192637678221873,0.014391368628975387,0.011224487346525702,0.010726960099018523,0.008620695588770655,0.00420234777498707,0.0017546987867278485,0.0067464935086498645,0.005656242370605469,0.06301063157091513,-0.010064265803526706,0.02533988764720596,0.008474576271186418,0.009428698837021576,0.008174368478577332,0.010756190365825535,0.010897607740520288,0.011928611318803517,0.011522744523657868,-0.008751009464610826,0.013207609865383274,0.011548798494060541,0.01308655447989171,0.008906097892922737,0.007631153109572519,0.011586040963404542,0.010628644940769094,0.01898063246740378,0.010261143247970672,-0.007981567123345523,-0.00520663357616391,0.011289768350123186,0.010474750125839094,0.013131097731146735,0.008844067670765288,0.015579945698345421,0.009014638857122836,-0.009511287810945346,0.0051361266048497445,-0.004163738138634243,-0.0018193345750352474,0.00921537683247764,0.013252200469273223,0.027300949326359847,0.022989661415250273,0.0034125271320857298,-0.017604103059820964,0.012523449718889967,0.003993218068234272,-0.004115805240742065,0.0050622593851508135,-0.01409370289756584,0.005075459176766994,-0.019033075587293613,0.021804508097304387,0.012187631935054233,0.012372640402170232,-0.008551539657203233,0.011464713778255309,0.00793006378938288,0.014573011965481886,0.011928783995774461,0.009141711543604991,0.006977617967378613,0.020675293358987767,0.019104351536287867,0.026343502341428238,-0.06121082382495979,0.014186637328191143,0.015577778975915724,0.012514657127807194,-0.0002591345121455424,0.012244678170037826,0.01320927100539615,0.011531372474865575,0.01776505655708105,0.010309233302662646,0.0008673826482470393,0.009433994829080028,0.013267712529515974,0.026713879443104993,0.012419284656001395,0.013966706952593722,0.025623945162760675,0.013695056788990634,,,,,,,,,,,,,,,,,,,,,,,,,,,,,,,,,,,,,,,,,,,,,,,,,,,,,,,,,,,,,,,,,,,,,,,,,,,,,,,,,,,,,,,,,,,,,,,,,,,,
2023-05-31,0.004616277344481334,-0.03210552445940262,0.0084974415455068,-0.05511377466287248,0.07883793268748329,0.004237836156695263,0.004693082533895332,-0.008162224113541061,-0.038867075952842,-0.016702345143679298,-0.03215147384888273,-0.01871873604316998,0.004286432778573879,0.005237676042544548,0.0016949115969611128,-0.018194138070222632,0.001875131692026466,-0.03656287829049398,-0.02825421670323136,-0.03685500177701717,-0.05196538249463478,-0.051375731555218795,-0.02042470626655668,-0.01882679748927585,0.004265633951579417,0.0008916136956351739,-0.04452598243809125,-0.0400708929576864,-0.027617941614730634,0.009870969442445476,0.00459173651789424,-0.03015238197680503,-0.01438348953029478,-0.0037691373153324603,-0.04922275259378672,-0.024022580934837112,-0.01144318321031812,-0.07730246903785132,-0.011960811765647894,-0.041192171089308505,-0.02632707963586245,0.0072812001863167275,-0.013419890078922081,-0.01352421993940589,-0.003170413781924508,-0.05120530743331986,-0.05217042184344556,0.012905087865726417,-0.043358834117563916,0.00490787931422898,-0.06988818041460954,-0.06137471415465634,-0.029862021049197773,0.04638404796959339,0.14300141598295402,-0.10177776195384836,-0.06043475607167115,0.03072104631416539,-0.08649801352875808,-0.07471920654414721,-0.0622802501567743,-0.05129153807145015,0.003252954900131444,-0.009315441504516575,-0.03414102971420763,-0.006764505868886439,-0.011637322248633675,-0.004731823878862063,-0.11554927149351923,0.003752082309742999,-0.03731641418311715,-0.006407977906462192,-0.005566165177540272,-0.012501860041669088,-0.09263594010992393,-0.04355700364307413,-0.00993834518486636,-0.010476160821523584,-0.03743973037500836,-0.012098478568873472,-0.0047864610159588095,0.006123882142097026,-0.03579419521696392,-0.016998433509428312,-0.01303588044991999,-0.004025885338552082,-0.028082976449191555,-0.072427348167585,-0.09117076850007699,-0.09465482902219924,-0.01197599612264888,-0.0055689818220027165,-0.012347903239399383,0.004816288606999564,-0.01828798069428461,0.0037054777612353096,-0.008759455834036811,-0.0063259053480863026,-0.08970979918186317,-0.028185821842104053,-0.06662351858708826,-0.05015675237000028,-0.030324914420643223,-0.08586627108989897,-0.032240848220245866,-0.042637768069339055,0.007186336893213463,-0.0030215078271693674,0.01410508987540915,-0.010730466569345176,-0.04184232926925158,-0.006749215357411131,-0.039843068439458396,-0.004264955352947353,-0.06593230031805164,-0.0033944560245570132,-0.03668931502966466,0.0012239113285716918,0.010238942211340252,0.007211262657865536,0.004558280055906305,-0.01421482511231642,-0.05199636721856116,-0.035370373373990294,-0.05406888572428914,0.05696288111972936,-0.043010837431622484,-0.1540804186659075,-0.0014570015015062943,-0.04347822048748229,-0.05309476595218765,0.006588517698416396,-0.02405100714250663,-0.03821651359204292,0.0028879894189737243,0.0037800689093701045,0.03492273504116494,0.004479341059917319,-0.014196688579394934,-0.011447356759096472,-0.02304312854002155,-0.013715912528499463,0.004924691656783553,0.11856241840534332,0.0074531877826220505,0.00280199737175435,-0.0131779135790272,0.0027215044880080086,-0.025837892384725336,0.010286720621005996,0.007295010115570655,0.010038107360820892,-0.011927876850051145,0.005947093564890649,0.007569941423650084,0.0054113382906784135,0.00336361866833057,0.004717089349841386,0.005366735249325849,0.0030553043897139087,-0.0054818717122613325,0.0005043932376123106,-0.006867427148421035,-0.07793640961331871,-0.006921905645529192,-0.033361520571368874,-0.00033614214728860947,-0.0029304002176473443,0.00345696453194666,0.004514652970497135,0.0016324700573808748,0.005175169659770162,0.028011446308022325,-0.007933674440140481,0.0034140473675985383,0.004035023861546305,0.006543948003622235,-0.05603536630604322,0.0025244532141954767,0.003038628126776022,0.00301967618966148,-0.029354944424702767,0.021697728044424602,-0.0159127370783525,-0.007523701162328367,0.0050744120852606045,0.004362691812355157,0.0047523324923459676,0.005867265944782929,0.0053976881417863165,0.006561961097607982,-0.0029225211200473167,0.03551352609412817,0.0052264674056723415,0.004738853599807635,0.00462107221906094,0.009190429147523549,-0.0412458232352918,-0.017371562081403336,0.0042124807762369265,-0.011343515527947434,0.038940424743868274,-0.006742005871639867,-0.027694654250371986,-0.011335175603771508,-0.027449582604013645,0.07845953408484974,0.020259302265227763,0.011037499400006201,0.061373867687267936,0.007225025730695611,-0.012009424101325994,-0.02303259426492099,0.047683784605929924,0.0126431233887081,0.0051156638233309515,-0.013085063809784248,0.0029175756193822178,0.03001119026442245,0.01347716579165903,0.01837715967202902,0.08668438867556838,-0.0021099852937482844,0.014218619023355972,0.030089878134351267,-0.01745137517366968,0.011373264985714338,0.009439135354662787,0.026771949636786196,0.013816660685979754,0.0038063562225474357,-0.01514816276322073,0.006103370073652803,0.00606131795814302,-0.0274917595971782,0.00553565416031554,0.0037840941447515597,-0.04120692050486019,0.017009917465141022,0.005672490230208993,0.005324463920603373,,,,,,,,,,,,,,,,,,,,,,,,,,,,,,,,,,,,,,,,,,,,,,,,,,,,,,,,,,,,,,,,,,,,,,,,,,,,,,,,,,,,,,,,,,,,,,,,,,
2023-06-30,0.06479971073208612,0.09154336573450994,0.05032232161096628,0.0626626494138034,0.06303864867936593,0.0659762351797557,0.06695965654615432,0.0806735086417969,0.06633966861955742,0.08199774036597551,0.0917690972015579,0.06769646904985382,0.06766520089323214,0.06776143585049654,0.08209949064272015,0.07859356148076735,0.07832448869712283,0.08501254540798397,0.08743102541478942,0.09687481083004079,0.04507988249806272,0.0585964640878478,0.07042350124659902,0.06780480515855403,0.0672871931775203,0.07680441598076593,0.0861243756927701,0.04470061059008801,0.08322848927374937,0.047688407886111506,0.08346749658346031,0.0021707143233804516,-0.012552623341951064,-0.004945667971370193,0.06558611731232289,0.04398858559286278,-0.0036821752337932168,0.05188557376215197,-0.003398342982968705,0.06133764394578067,0.08448969250520433,0.06579938861874512,-0.02221370606110007,-0.021774230018241858,0.06654594158223603,0.04268504753213853,0.056360846168088896,0.06562756946957449,0.04496581955130918,0.06460531693753646,0.06523047657669179,0.05193170226689481,0.06733724555350795,-0.008545737849157686,0.08689828576710967,0.048160945365394614,-0.03331796392260311,0.11339098352778731,0.05752615966068397,0.1271458000662673,0.043920711916086486,0.05510791699289408,0.004748441133276993,-0.01200058813074456,0.045338996931084896,-0.004705868594863438,-0.0022376207074489285,-0.005579062196566564,0.19677424267105104,0.004606195840270111,0.04428977470248574,0.005568374667825227,0.005645641731768736,0.018978099742144705,0.050563598499232976,0.030740908171684955,0.08445831033599438,0.05784289808033294,0.04613120954323047,0.058079494966433165,0.0071405706874547725,0.06639338123148808,0.04534747544526385,0.08578068213655698,0.00013952647531634277,-0.0012538879958193805,0.01169406409426732,-0.0928315771390783,-0.09912904542336376,0.04428044078444815,-0.03939393213785791,0.027702904077750334,-0.002150505635993505,0.06509894686654705,0.06719646825553927,0.07972825073376999,0.08124366795320292,-0.001309732420362475,-0.27652176566745923,0.08888021438248428,0.08591783373219797,0.06270632256501751,-0.049888314301507086,0.1354946093617524,0.04451100014055709,0.021552860038682287,0.015916576266166826,-0.005629546964158294,0.04994930920755647,-0.008228603600804574,0.02572776905818297,0.017423939396169486,0.0419192758076572,-0.0038017884607803865,0.05689970216134532,0.025973618065647575,0.06977884592681738,0.01664721437311356,0.018199775011840336,0.06429076842982906,0.004096183384043384,0.03957065104593904,-0.025791657984598038,0.055170662789294944,0.04301868301232781,-0.015045758092824713,0.039765500507014995,0.38156951367602576,0.06582184232278032,0.04771056323590073,0.04459733321725756,0.04964964219460799,0.010705265607568792,0.04714038644552643,0.004386024576153558,0.04178120981683686,0.06444618777712408,0.06339856791761056,0.005487897566301969,0.0829071701954156,0.07275766627011371,0.018249813434829232,0.060500250693204194,0.06369411386710566,0.03933598659693471,0.062403048536546546,-0.02208517786296027,0.06393241681664885,0.03449033239380861,0.03270599747860392,0.05417146312534871,0.023646351159743784,-0.0027221665168091214,0.03783620189230619,0.03320916921833805,0.05189771050087977,0.03586991946231577,0.05020535338108867,0.030644507333902338,0.003781728433759346,0.032941951529953606,0.029528256438864142,0.04974969330835721,0.18333341853974638,0.004138502011336698,0.04449302179617942,0.04909216553657014,0.05889054670485194,0.05104920302337157,0.05008024029041658,0.059409568860621986,0.047838655312728795,0.022604377191634883,0.06158607148777451,0.04887095350671311,0.05835076343861112,0.04158203501288127,0.0642076115233623,0.047529062001137046,0.05525777040346225,0.04470896895393839,0.03521799722631558,0.02297465463732351,0.03117731785479294,0.05411997989802919,0.03635145958719099,0.0332281594768673,0.049479411365663806,0.031430153530967564,0.0485730940849447,0.03357512658156181,0.0483441353495806,0.028620771831965763,0.034662044602338904,0.04815459192968641,0.028518916196397903,0.06685937411663301,0.049057448958571115,0.03121771011650032,0.004712960001127975,0.06796924581747121,0.017083674095760726,0.00888754765344335,-0.005325442518758772,2.358326422569057e-05,0.029361144473840417,0.06365409663203914,0.05819260448514019,0.043486161380298594,0.02244444657193667,0.03343921622067936,0.02882199713100997,0.028901766423811814,0.04467139448892232,0.04820479761017782,0.06929510793330662,-0.021927602845090988,0.014181795987215917,0.009913770375017616,0.021573850347704093,0.021513052833153523,0.04411216132876028,0.020987556863284906,0.026126844074914723,0.019189287716056436,0.0324892425488168,0.02181513861511597,0.030904039119522775,0.025370466885008103,0.04161179057341946,0.05417500827107591,0.01873814640953353,0.03533646280731628,0.04615145834863377,0.052262359122901,0.06798075076159127,0.07087390236310331,0.04059492123287223,0.04477413531123986,0.018741534353310385,0.013534617143730054,,,,,,,,,,,,,,,,,,,,,,,,,,,,,,,,,,,,,,,,,,,,,,,,,,,,,,,,,,,,,,,,,,,,,,,,,,,,,,,,,,,,,,,,,,,,,,,,,,
2023-07-31,0.032733329717433035,0.04055051194365622,0.02455561187139743,0.03115168513410027,0.038600980481647396,0.03246502942839635,0.03458596305274164,0.06108814557921338,0.035227898501420496,0.0552936047043342,0.04176235331752953,0.03449337191581803,0.03568071929731631,0.03461634840378536,0.0468970512828335,0.07414746554907858,0.051509555498426396,0.06025894378021146,0.03786646260028492,0.04471221430178418,0.024930738844644695,0.02444345030831041,0.03552263987505477,0.03449076109196647,0.03663518208175831,0.03001146660597276,0.04406401490823453,0.0270344673213756,0.0394357927179978,0.025757571679509095,0.05912792712010373,-0.025442881752282265,-0.006517034291165125,0.003041612957854767,0.02283601147216041,0.06041447973997971,-0.00015334544838663255,0.0420124524713239,0.00041061831541555627,0.03455326828936078,0.03524706989962034,0.03388903424430123,0.02288664235862692,0.02225890043629497,0.037056899500381046,0.029011401108808066,0.043114095165383004,0.05489483944134532,0.01994464900827997,0.03262321264030743,0.16555558263118053,0.03475281775279404,0.038496612979246336,0.013101103184256502,0.03484111614423413,0.1513768536172484,0.08616568678796277,0.025585674300329986,0.19250543374650264,0.06321586129937407,0.10826067907288173,0.040162103745552624,0.0038360534746988417,0.0007125030890351436,0.03767687412590681,-0.0009248659699678807,-0.0011857739823321056,0.0034068703235410336,-0.04177896760000788,0.0038599786382160772,0.03139886108626744,0.0002815430453735335,0.0018998887072105841,0.013262781140458424,0.14224400801905057,0.039335386212952406,0.17044360862569663,0.03596009666254196,0.03921190019944465,0.037224138416617425,0.0010749571338604103,0.035134713476793866,0.029733391272029674,0.05251144931364049,0.004035866268669253,0.006121630486486618,-0.008891946038759979,0.05068736377505911,0.03998944571390539,0.14016496656523336,0.04055879210768554,0.01836220729259863,0.0004788102175727893,0.03290103597684313,0.035003148873393286,0.049939664594255806,0.062020644093793154,0.004025227061998038,-0.09174675850061609,0.041531668351542095,0.057876254504362956,0.04192541745759426,0.048589331852497475,0.012079060299864164,0.013857073957333599,0.021333352893392776,0.01485677239677674,0.003204495127228535,0.024256225705395318,-0.0030199820412427636,0.03795384669423729,0.01107604850818733,0.030370349224034365,0.0048575192999940064,0.03432404780237741,0.008658433668020438,0.03731741930071797,0.010184367787369863,0.014099874703690674,0.037814558561156675,0.004876286766405169,0.016882302396841853,0.03619305492392333,0.03357251688346263,0.026980814997727087,0.0051753350273757714,0.02500010984485046,-0.003126662108578593,0.031615088921793655,0.029026931596497496,0.031130144797105297,0.02802135295266983,0.006629509040613657,0.02509263097540204,0.0036216018405008654,0.018205767781772852,0.045830021186561654,0.03488602207900371,0.001263334657652937,0.061534279867632824,0.035828538471273985,0.011021009683369165,0.031977277895083756,0.03400039952558753,0.016666717440995127,0.017825850046507608,0.02258394837977562,0.02437643537720957,0.034455008729277425,0.00806693898764066,0.020060443926360305,0.008704329234289876,-0.000450130596748588,0.013386534108021486,0.010265883121077346,0.020943718856416105,0.01391586765321251,0.019250626385840075,0.012008429653888486,0.005454798734945809,0.013577467533668175,0.012591836601266282,0.01997025331978164,0.07847077125236157,0.031236496509096767,0.014503807981124162,0.03205128126752599,0.032161816856282055,0.03218110763299742,0.025680225499811637,0.028967871483720486,0.0179820671346127,0.008890022971590694,0.0465288121282017,0.02005309077663342,0.02731665490621804,0.014499321917723629,0.027372301748419092,0.022536058518925373,0.026637594084086835,0.01854917045498694,0.021970522328714992,0.008144101004044169,0.04549300001445067,0.03698957387260404,0.014939885378200124,0.013223141628689428,0.02054444005331879,0.009780460107574163,0.0167344407869241,0.012289040861766853,0.02795927831581535,0.015855196319663367,0.011390289723378189,0.018565724694064478,0.011270075782132238,0.032460059466263624,0.024058923825882816,0.01653605534296898,0.004061288843721478,0.02942773825356504,0.01950838924588738,-0.029041645009735273,-0.02544327658879597,-0.0029918595636109213,0.04515849704902841,0.03914977900398786,0.05248920885519048,0.024027937287040446,0.03133106517064976,0.01091235522974987,0.035728830617136165,0.014446252377584345,0.01864293908773007,0.014554043593101307,0.03550656815552289,0.022419202207194067,0.008963786499500248,0.03236236397677472,0.013328725145616449,0.019636473199831084,0.040879404119612994,0.010354690029339864,0.007659243952692352,0.0079809404753175,0.047051288631828836,0.007621977225152232,0.011145014360392391,0.007594350210892387,0.012734955995141961,0.020931423761011647,0.01598243614822481,0.013183455553962942,0.022593083058599195,0.014986714592680528,0.03236550390231474,0.0402731498345692,0.026929285619152754,0.0347170603496223,0.006330968667425774,0.0028373868769682176,0.03417639552062601,,,,,,,,,,,,,,,,,,,,,,,,,,,,,,,,,,,,,,,,,,,,,,,,,,,,,,,,,,,,,,,,,,,,,,,,,,,,,,,,,,,,,,,,,,,,,,,,,
2023-08-31,-0.01625208079457996,-0.02961888464128637,-0.02806677457785889,-0.03852552889755778,-0.014830128181783642,-0.016276266474416823,-0.01736925434203085,-0.05082784026764253,-0.026990755449902926,-0.041650762575558,-0.029735857717050895,-0.027945708121698054,-0.019768070267154325,-0.01757674250759389,-0.05262956119500228,-0.04773869185333801,-0.03483653694607591,-0.05008929931655359,-0.02068312134289596,-0.03842024428486457,-0.038030803467228536,-0.044950967371871764,-0.02862784226270021,-0.027299190077397117,-0.01931240812299584,-0.03335676772690577,-0.03618760097909268,-0.039349961245568,-0.03490987538329793,-0.02821257849845349,-0.04129910858305963,-0.031420646773751115,-0.0073086818210531534,0.0041034848308054706,-0.05209445711992999,-0.06626941627768834,-0.006313131535459315,-0.03845510526699114,-0.00812620843433498,-0.023807908747581097,-0.036109121768932884,-0.0163652372087858,-0.012777635059315506,-0.012096794454578785,-0.01657906626340422,-0.040478922344792445,-0.03212557563729712,-0.06556803359526608,-0.040195414311776645,-0.015610495314908213,-0.06911341566084639,-0.03618737540931305,-0.0250071905811019,-0.06038669080311376,-0.06930128371273525,0.0258302506074215,-0.013221733686558435,0.007847245506061196,-0.08482218259418794,-0.051785452108582763,0.004629647208502563,-0.02392810540355128,0.0047919905698066145,-0.0002783671013795175,-0.04392466496176706,-0.008030672222866242,-0.006604706568135055,0.002079254675161346,0.0,0.00496694178244117,-0.039470751927454195,-0.007753041166646102,-0.01322588628547805,0.002493854169817178,0.022275949233605097,-0.03458392699917978,-0.03954177858318375,-0.02907732059168333,-0.047507455480616634,-0.028432144626510114,-0.004917210467322075,-0.01734004063799699,-0.03922631741206217,-0.040780984752085025,-0.006988394760078953,0.0008978423629151244,-0.024564759144031334,0.018887288038304195,-0.041916697561211524,0.02341592205197074,-0.04417498705167189,-0.024645881886267595,-0.008201094297186184,-0.016283016994503963,-0.028544666924339546,-0.033535191886953974,-0.050927811144497626,0.0015105924694811534,-0.05072781714424557,-0.03081919810456757,-0.040276748153399766,-0.10730249049139784,0.0440956761989193,0.027486446270057252,-0.006369238355568796,-0.026109897033535057,-0.03247263445772697,0.00424960424558507,-0.017649579553631,-0.004841710829065149,-0.021621630800629177,0.005348919678130892,-0.03795827920689232,0.0022729600391626636,-0.03043784103716496,0.011284349907954905,-0.029088245508728794,0.013346441330710945,-0.016075196929502322,-0.004358038999735081,0.00447441854168229,-0.019056895972743848,-0.07697285522886632,-0.024032982389493363,-0.038852859472755186,-0.10845370694005319,-0.040011045963141534,-0.021954950387900296,-0.016544701341055568,-0.03254802238951915,-0.03215226945222349,-0.022309458825792605,-0.018509844548852405,-0.03919196268356695,0.004948402330899215,-0.0033687760456387883,-0.004133605047816347,-0.01635934646801407,-0.008684408785281872,-0.03979235921201307,-0.02825835226509721,0.001512723109178049,-0.014173999644792268,-0.07400977282238497,-0.007342901214000053,-0.005167967146510244,-0.012326645073559295,-0.011898182413886405,-0.026253927699610213,0.007705936828661608,0.0,0.006637927929313836,-0.007674050788243902,0.0025294079049786866,0.002237872537480756,-0.00563487570535004,-0.0012766999130582324,-0.006441902776875841,-0.0019334519141419593,0.005005553068826218,-0.003426751035256581,-0.002970654239670245,-0.007890135830863731,0.031249936614350382,-0.03954566747812571,-0.026266373944114352,-0.00745346809876557,-0.008067219197249176,-0.01212465867048551,-0.006855426153997146,-0.01748939121414439,0.006904916681200524,0.005477483520899051,-0.03729707836456908,-0.0023128600954545053,-0.014040162092928687,0.0017624913887845928,-0.033766032725461526,-0.009697267945780408,-0.014384809316427494,-0.0043577488844956935,-0.03211290786154375,0.005476413675966407,-0.05480472290086702,-0.030393468787576206,-0.0014400024414062962,-0.0003546431980306908,-0.006452233258356421,0.0008236021102612234,-0.004240653309126041,0.0004387710705244796,-0.020840698117909673,0.00101530697768637,-0.0023186384096035573,-0.0055300088776653045,-0.0014151427221810176,-0.01563983998791907,-0.03669949676087103,1.7523497031213253e-07,0.004911399145586914,-0.020645827142828255,-0.004018352300369843,-0.021934129532556024,-0.017489044353042438,-0.004927807488879665,-0.023759916970947925,-0.015829783665725405,-0.04434091045021582,-0.001839015594023441,0.003095972261363933,0.002254559826562419,-0.0388867334744617,-0.024525348987071927,0.0005935580740314972,-0.0007989133876922239,-0.017645841712405463,-0.011728783397566556,0.00035537416839859226,-0.005720718777957989,-0.0025623765550560895,-0.005369470269709353,-0.058177962173354025,0.0017081069450297637,0.0064094717461795625,0.003937014443785136,-0.05603905046151014,0.005943469574067439,0.0034595295503241363,0.005348830544436911,0.00559834447301788,-0.007871101552444526,-0.019272535436478444,-0.008927593965203262,-0.009747308676067323,-0.015479998537857864,-0.01566285881911733,-0.025989836510203812,-0.037096145479914355,-0.014177979361658655,0.00500894781551775,0.007114050256146198,-0.04007533710628952,0.0038780801852795754,0.004041772987447567,-0.002846874552367651,,,,,,,,,,,,,,,,,,,,,,,,,,,,,,,,,,,,,,,,,,,,,,,,,,,,,,,,,,,,,,,,,,,,,,,,,,,,,,,,,,,,,,,,,,,,,,
2023-09-29,-0.04743440201860616,-0.052588633623958825,-0.021901350955305543,-0.035456730629419786,-0.05079871152056792,-0.047039715638142465,-0.047961040817803724,-0.05853583972607912,-0.03890978711386539,-0.05944358034254127,-0.05227169051028291,-0.04578505180232628,-0.04757452534276585,-0.047330820882569236,-0.06674694899421874,-0.05228977663929546,-0.05626823213868681,-0.06293248336008417,-0.04890151072119253,-0.05684835656021281,-0.04214340699043351,-0.05777377750086399,-0.0465310906233487,-0.04640380782056297,-0.04801083966892428,-0.04863734516090268,-0.050772282195114427,-0.03648816433004054,-0.050303624729299945,-0.026904008025495085,-0.04839269991454953,-0.07951149137474822,-0.031388272055546285,-0.0007893186184901868,-0.05505300138283842,-0.03114614026567797,-0.0258962812642759,-0.03915781225843895,-0.019168440538673504,-0.03280911322361535,-0.04866284376937602,-0.04736387589870927,-0.047605861131121974,-0.047891110790019176,-0.05380362947399042,-0.04493919747538355,-0.009714398536498692,-0.0669330247669796,-0.04511108616510717,-0.047555227404708855,-0.04748699732663231,-0.05304279681933022,-0.03522299619539315,-0.0780303705206623,-0.07967639910786317,0.07727155929135465,-0.09155869999747845,0.02570295645120635,-0.054500672621918156,-0.05044810878210004,0.03732716301677508,-0.0335399156403593,0.003916654578226542,-0.012806685614836,-0.0337215288653816,-0.03094838714351722,-0.02479219036271496,-0.004357667701244683,-0.0393811820745984,0.003990932737994113,-0.03784794350573817,-0.02552577694522573,-0.025121887176935198,-0.0168358812885,0.05276971156422117,-0.04579254872220373,-0.039466193681769735,-0.042797868260152194,-0.03509847020903123,-0.0425477659185759,-0.030448253552847193,-0.04663932118477654,-0.037142125670854065,-0.059920453915935035,-0.026296983043846645,-0.005820620735858428,-0.06018784022349899,-0.06621992890733308,0.015083397923872033,0.07907134709837527,-0.0022654842660587704,-0.044856151542401634,-0.019211454857460675,-0.047439515426996426,-0.04572847662272084,-0.059150382552801695,-0.0585705106501504,-0.0021312064730976132,0.08271369616326907,-0.052526160122735144,-0.017055794121169643,-0.07011687238647069,0.05798134935287713,-0.0471664962965479,-0.028317535099375513,-0.02859680670481246,-0.0418156863672573,-0.000661015211443905,0.005685670546041965,-0.02291928558925771,-0.014299659652640684,-0.008029975446467441,-0.03826031675931596,-0.005254225689707015,-0.04345558345242173,0.003349887137376051,-0.032436567537519334,0.005920154961268409,-0.02667556661985615,-0.0506804723305847,-0.0003970833553647024,-0.008890330483768416,-0.007358147967426731,-0.039782254942026696,-0.044080876082732146,-0.08611216095757712,-0.040536654850102605,0.02565466609594358,-0.04592624062577977,-0.03341196275473657,-0.044233370214394996,-0.019775832784269087,-0.013914619266067296,-0.03758881039849693,0.003941217110417616,-0.024960975229462057,-0.03810930933397749,-0.04944214880651843,-0.028922800386679604,-0.04902292600666758,-0.04724947067553931,-0.01676983521976294,-0.04955312356043173,-0.06187907103130075,-0.028728745105057074,-0.027417048228119967,-0.04784191878285171,-0.034724107968647444,-0.012322577804633306,-0.0011764975155100776,-0.04364221386044398,0.0062644422860387294,-0.01910352740693766,-0.02450229266846593,-0.017229908147981754,-0.04052955287160753,-0.02173219192327791,-0.03517720371789068,-0.0213848798769537,0.003395693590372506,-0.021256652392655284,-0.01953994862502595,-0.033284272245105995,0.00045228314478684695,-0.014016631445186278,-0.01888253040695831,-0.028473087405506914,-0.02880380802700977,-0.0353595223847587,-0.027610989717032353,-0.03359178645231642,-0.025632504470586293,0.006963493836128931,-0.05875455724387679,-0.04201672033514514,-0.04891016171722351,-0.030165346462826426,-0.0608483843885409,-0.039762614903603,-0.046103128255596926,-0.04040369555659895,-0.03321298162143038,4.926314463382653e-05,-0.02360656014225504,-0.044655930503400776,-0.023970491687645645,-0.02394633332047691,-0.038444908853869864,-0.018203347764489286,-0.032951795913186976,-0.020760206685201066,-0.03499276108882088,-0.013563257755346614,-0.019920330835057065,-0.03460697299196591,-0.019663429501320717,-0.04728011774188834,-0.036543638909681375,-0.03062344473514944,0.004299690814122181,-0.033976802074429435,-0.024015370188708474,-0.05152913066611087,-0.010721229062851334,-0.02763180567175272,-0.04934407087111636,-0.05007247858769004,-0.05493724560039803,-0.058341832672485716,-0.06558644899442923,-0.01465577037966903,-0.018720925049319326,-0.02084346886234001,-0.01548960927797527,-0.023325321456899584,-0.0466519108051876,-0.047987535505670365,-0.012433406259775959,-0.03868129488827887,-0.027230693084572488,-0.0379687045446464,-0.05985634044870314,-0.0053050167823555094,0.005266368877864691,0.006274470367947815,-0.032655498175684916,0.007097619879218975,-0.0068149961264267755,0.0031439195383911045,-0.012933067018420563,-0.03702302862327256,-0.02983782395966883,-0.02786287151127187,-0.037404337045118585,-0.0292941315651557,-0.04744897597780229,-0.06952260021284218,-0.04118640432261644,-0.03391470731074975,-0.0007290293834861794,0.0008912417752842128,-0.042349118639468664,-0.004538031192335423,0.0011872788678395363,-0.018054582583695522,,,,,,,,,,,,,,,,,,,,,,,,,,,,,,,,,,,,,,,,,,,,,,,,,,,,,,,,,,,,,,,,,,,,,,,,,,,,,,,,,,,,,,,,,,,,,,
2023-10-31,-0.021708661289990272,-0.052820564775245105,-0.022060027909459712,-0.05140479142417531,-0.020654736792001693,-0.022099063110161077,-0.023839012552437255,-0.06914109667196744,-0.03556846997519336,-0.05766980611436279,-0.053539047046028965,-0.018200899349390842,-0.0261567614165632,-0.02555509531345812,-0.07655571471655209,-0.060125565268516756,-0.05123995353561617,-0.06355083046536791,-0.04831112996930509,-0.05954634550702165,-0.03058861250511724,-0.026988727491818354,-0.02050418122526554,-0.017450152955502007,-0.026458401596183623,-0.05101261086012865,-0.05012465977607561,-0.029019210771167425,-0.0499636731560088,-0.023273844688530776,-0.06272247451699309,-0.0546317303751479,-0.019277431990906035,0.0033308945504220144,-0.020471344634188537,-0.03293830555961297,-0.015706217207275275,-0.027870534395812774,-0.007233286898040703,-0.026390392020171904,-0.04720535498312162,-0.02151359155348609,0.07372411557093361,0.0743068976678889,-0.0353451839784068,-0.030899364197471635,-0.03474359769640423,-0.0707292254282017,-0.03889886711698998,-0.02128923974960195,-0.04151946646237703,-0.026693273156787156,-0.026712847953120344,-0.09298830895907984,-0.13371767192130435,-0.07222364485782018,0.031465063168498064,-0.005892211070295583,-0.05027537377571856,-0.03565555562396683,-0.039093783170474294,-0.027777815408995488,0.004499851405499022,-0.005552709471554618,-0.03200309771750842,-0.02135365250110033,-0.015203718687674117,0.00029323886914589536,0.09809664476985724,0.004309431591295931,-0.033851684305216456,-0.012493018573655257,-0.013078006955539512,-0.010779920620275552,-0.04314213486448881,-0.04710461139109978,-0.06783925094369492,-0.025441284749861404,-0.03126999831630284,-0.029190833387092385,-0.021670072462645074,-0.024110871538014056,-0.03180186382294303,-0.06422028792627321,-0.0167199872509608,-0.0010008562830414736,-0.04381482376376211,0.028940398551902335,-0.10097328974452913,-0.05830991424008547,0.009990885957358309,-0.0018529417567816342,-0.006771468831333505,-0.021721479507062824,-0.018091272574834116,-0.05004789347758243,-0.06816911227273448,0.003792907513553212,0.005150250779516252,-0.05407816987934044,-0.059043714133956704,0.016157947914795523,0.01353178706891156,0.013668298611179575,-0.008704071949797942,-0.017785983400598004,-0.011197314882935627,0.0031787214499277017,-0.02216192798068528,-0.01186876965712913,0.012858535793915715,-0.00901292513102725,-0.0309247168659067,-0.000562389962646459,-0.02559354966898053,-0.001442146526854593,-0.03604504897962135,-0.00011827003418285464,-0.008363341310659744,-0.014796377180518294,0.00449636121626984,-0.02292347655729421,-0.037063117214175656,-0.026246560472873215,-0.03242047193129227,-0.0898944517940089,-0.022314865646452686,0.39447633663512316,-0.021369978607672424,-0.033633023530320716,-0.030072869223409904,-0.020652515030481378,-0.04316241489970929,-0.03182429109742968,0.004583770547776034,-0.013973286946614594,-0.024919854201908676,-0.023958983132020495,-0.019785744854875054,-0.059623978001542066,-0.03666495352671417,-0.00864592386079488,-0.016903802817065383,-0.054103571403630424,-0.011335448105319723,-0.011869481211371213,0.07427638722115959,-0.015955991653039847,-0.020858936570581688,-0.009717256338452218,-0.014929543078785246,-0.01015731876282322,-0.006736176049932152,-0.016841083046841843,-0.011636882145310112,-0.020712598011116357,-0.013067674547632468,-0.01598518453229214,-0.011061941006337395,0.0033575358468274086,-0.010220367303816147,-0.011272026338935204,-0.01584401165749183,0.253164550740548,-0.019324720636130888,-0.016103686651825377,-0.012560367124999638,-0.010816450369603658,-0.01575270128769446,-0.01018524121954456,-0.016042808020656052,-0.011274339547149737,-0.007150605798763365,-0.0380452172342316,-0.023593543907844516,-0.022519674649824073,-0.021340499028521753,-0.03177163411405515,-0.02379482210261019,-0.02041927306379865,-0.02249904028791172,-0.026995038921702075,0.006432096027565004,-0.018297408733777165,-0.037791776962710855,-0.013986951598923825,-0.015265513351509497,-0.01659905783901139,-0.011935924955366661,-0.0167346057670259,-0.01045094867951002,-0.03738317757009346,-0.003371645412584612,-0.012533903573707095,-0.015220735278105524,-0.01214313124605837,-0.021338379308021183,-0.030805555073584068,-0.010846426559708244,0.004408429722924101,-0.037170275306178224,-0.007873970810807207,-0.04508564824898331,-0.029297409309206435,-0.016874764570447787,-0.041474076328836484,-0.0208943124950981,-0.05474793912693188,-0.01826085880858852,-0.014079257346777174,-0.009097215139030612,-0.01637637056742014,-0.013915366676835572,-0.0047869197241358075,-0.012386157167804557,-0.025993630525929068,0.07371266378128083,-0.0007193723368300597,-0.01601423075801678,-0.010563353559512212,-0.019303457794409784,-0.05432936547778178,-0.020533316476004426,-0.014701161914871363,-0.012860439050283445,-0.017101664296284458,-0.00952380952380949,-0.003551941280606541,0.005785961454083832,-0.0016920281945669302,-0.017732431085338285,-0.01620064195488946,-0.011179484324658318,-0.01533853922113948,-0.012759627294398834,-0.0243051948038151,-0.03069342068350467,-0.036224322574757495,-0.019508542981681698,0.005696810788494933,0.005338769958411316,-0.03214354088745541,0.0014262731893015523,0.002589056526784539,-0.006552000283056136,-0.015362556425405183,,,,,,,,,,,,,,,,,,,,,,,,,,,,,,,,,,,,,,,,,,,,,,,,,,,,,,,,,,,,,,,,,,,,,,,,,,,,,,,,,,,,,,,,,,,,,
2023-11-30,0.09134377913520675,0.08394975332506616,0.06190634999451228,0.10207935350814945,0.10818806649736024,0.09163218904409587,0.09332355155581795,0.0920250834366203,0.07560443937755856,0.08268623957849597,0.08499985074394689,0.09573640964986607,0.09335841034645354,0.0941949811525562,0.09106715691283163,0.09081658200041809,0.07457245143918945,0.09072401022522447,0.07592737406273908,0.09544893877370497,0.09444564357920604,0.1107057185090432,0.09563568860194205,0.0952146193894603,0.09415355884296317,0.12169787938360588,0.09464226260551278,0.0821879346347536,0.10214308668392236,0.0647688889990008,0.11217828698486554,0.09923895527370541,0.04554469687330487,0.0105193136069055,0.11130003137533206,0.07792938636978386,0.045929023033355554,0.07014510982568778,0.02776789599506868,0.06679585415346456,0.10004539384217903,0.09478782245957862,0.02531372564947043,0.025272699097716123,0.10450511548368535,0.09761308254897205,0.06944737862643358,0.09524815089494432,0.09339984732567408,0.09127860795263532,0.14241211959180533,0.06887606943493885,0.08072353313250269,0.1402685594619768,0.174087144653305,-0.0650492864807265,0.10247853505439575,0.03864119792216325,0.1373834450491107,0.10069864395033234,-0.04392042960935327,0.0626182981330985,0.005071173392772632,0.02700514638299789,0.08225457318625073,0.052162486708657196,0.045413994278209247,0.017853023248236122,-0.2640000025431315,0.004682253709543671,0.08806804358921783,0.05708182590554367,0.060546013533394616,0.0481911983718708,-0.046911631148490396,0.08827352602308491,-0.014904053135521456,0.08886920831090328,0.08278445516543043,0.09009528403070677,0.060389817409208346,0.09356035573391708,0.0860703036248276,0.09520131237140261,0.05952090142481237,0.02394353208602551,0.10017453216835359,-0.0033705581100667015,-0.0960757305550125,-0.05860928520027597,-0.013039523883238369,0.05577909638421197,0.02793096779928561,0.09170412674290596,0.09547941869606302,0.07389226431296314,0.09073159544559029,0.011102276281993673,-0.26302304984393865,0.08840996310247995,0.07135739621790416,0.015901087458339846,-0.018023999488657405,0.029518930400057375,0.06411154817179976,0.05182641048863035,0.046167260813999134,0.01072523387346247,0.06429233433655979,0.03492808686745952,0.0039062774061076055,0.03706523572267906,0.08322647729098365,0.019956597579750213,0.07520595044821432,0.01479526777631568,0.0823329076919952,0.012446993078137458,0.02773833953299132,0.0864915333541516,0.004516331432369292,0.05406321554261151,0.026759558366351577,0.07111753274860533,0.09698221520972194,0.09854964490759754,0.08825323685060371,0.1302316597503237,0.0895304472126961,0.0778774526111079,0.09122073440434186,0.05375598134157711,0.09535707199181243,0.0857614328956442,0.005024985727567266,0.06014709321753342,0.11526327289022409,0.09633397434590085,0.06526189034049668,0.08320649347702824,0.09940917832666685,0.046220340132567594,0.09183723226224072,0.19964275759514938,0.05410248072867141,0.05555562556167981,0.02541942033861977,0.06987036776292732,0.03634095049507713,0.05292889452163885,0.06805825479951522,0.050314482086327494,0.02633302699008344,0.07161651062573293,0.058682821359224535,0.08624237577397897,0.057596879549762114,0.07273843299536376,0.05537891177148291,0.0083322663012797,0.05453373819101004,0.05210672344972633,0.07024771085680581,0.18326121608637536,0.0455265742257116,0.04391219221445386,0.056425295200461356,0.052204568688601904,0.06955980931915584,0.055815432883095095,0.07095417767528978,0.05321351001242669,0.05723763133412829,0.053556248294597264,0.04749073742307974,0.06326977750321916,0.04590345592601364,0.06527180689751999,0.08420385674465392,0.08381754402220776,0.08726236098780715,0.06552300337784733,0.015083648438088959,0.03422619438309926,0.042286874918255224,0.06323466282050938,0.0658841700907491,0.07652157652413805,0.055378351120044744,0.07482365941001401,0.05642724702248714,0.04900967496112707,0.04945047602712083,0.05581477976011895,0.07028725718124251,0.05410844045393426,0.0938425211127496,0.0825768671968925,0.04686106222976538,0.0045575501875136926,0.05437938803008491,0.06043645887718618,0.07574556721240944,0.05416666539306303,0.04487221071707492,0.06974831290501804,0.10822417775533655,0.11570175615190004,0.07849862889962544,0.09112612008508658,0.05180302275515514,0.04035494978913978,0.04334311680640135,0.06118399839046207,0.07182499958928901,0.0928541890956387,0.02624939282091665,0.022678154974612896,0.10282750394764406,0.06405691148130876,0.08945257675777651,0.17333931382139034,0.052506723123769694,0.0707279520293389,0.08373901896170688,0.046760290089841616,0.051730742821326725,0.03564625717892267,0.01073820790428659,0.04172095067029513,0.07109196737167767,0.055014596731559395,0.046551304805790616,0.06277164256321122,0.0722249915243085,0.09235287917892299,0.11271623083981241,0.09649418918384178,0.054715535604819454,0.012947575554436819,0.008917572784024053,0.08185386123649208,0.02661572302609705,0.01718838298534453,0.03709808780046142,0.05055128605373027,0.032713065790414664,0.06413297376112004,0.016680569317760074,0.026619355892231633,0.01970453943916861,0.08857324161532354,0.06019407712076785,0.08237414048464498,0.08582133696557714,0.0733513022064427,,,,,,,,,,,,,,,,,,,,,,,,,,,,,,,,,,,,,,,,,,,,,,,,,,,,,,,,,,,,,,,,,,,,,,,,,,,,,,,,,,,
2023-12-29,0.04565525749769117,0.08627517849569566,0.03881016828655692,0.06270683028631585,0.05586973374753823,0.04610966880496381,0.04996551175353514,0.12126187328512605,0.05540661925730328,0.12774280700603646,0.08706921405299162,0.05550858541802439,0.05316488996611746,0.050201539724754385,0.11940234890069878,0.12419278692166702,0.12165487218704052,0.13342675142678329,0.07460786257159491,0.10196378501311631,0.050995623267393375,0.04692638295747997,0.05820764337675488,0.05549232344876165,0.052938889283791424,0.07582840555564685,0.07731957206842544,0.053509749590571865,0.0766780174905679,0.041154967199713344,0.10500819028705344,0.08685752741990216,0.037722823941521044,0.011033878158430932,0.04811795945236286,0.035653153358415235,0.03697633389173616,0.05740372325409737,0.024358267637668796,0.05089974054025359,0.07142693391165289,0.045048386367404714,0.012821182352028115,0.012714007579904152,0.05230817335079596,0.0540013957687524,0.050750069351336746,0.14275176960092173,0.05695979119576888,0.04552398647948186,0.14901412210336606,0.05266101387778854,0.057180246092470854,0.18252914910901907,0.12852435090159742,-0.04975759757826004,-0.058365694902876575,-0.01661246860900578,0.17154684648051943,0.12467972517072123,-0.029980697779691257,0.056251368205850305,0.004818214832196688,0.02317215830976771,0.049053201550987025,0.041840996293048605,0.035553037268937215,0.016193645682841318,-0.08152170485870291,0.004274891881748788,0.05588552177701622,0.022557105941535927,0.02163674659427861,0.03358606525427166,-0.03992340980739173,0.07150833432123949,-0.023016260753126683,0.04812817036778716,0.04978092633570741,0.05157511144710347,0.029267046777695205,0.0487892347379395,0.055848841988045184,0.118818994618344,0.04120079477070315,0.01834205605396022,0.07524739698777538,0.0630904231188898,0.08094524704212591,-0.03939503437252856,-0.01731212095248902,0.028791648545069437,0.024782749646172775,0.045786218695654135,0.055711481435915866,0.12261309287429967,0.12257500403904986,0.010288399734648346,-0.10139049691735558,0.08617067226297537,0.06130543220533302,0.03826088283372964,-0.1570360580303365,-0.043893797207722574,0.027670843625275943,0.04152839446868439,0.03302216248383072,0.011499062214268996,0.06062577480442877,0.032476039859741235,-0.046368362454621614,0.025995221544309555,0.056014471697824586,0.017510040993428344,0.0462063398722925,0.017875935573868906,0.075755815849194,0.014518075382690787,0.019507984777752174,0.04689014713801343,0.003102196189753492,0.029285273348896412,-0.022365749486607633,0.048986137448196354,0.05470713469933508,0.250772671614063,0.06081014504631521,0.14465196474095698,0.049074718021621555,0.048916077623286425,0.04774542319865205,0.030478041404211176,0.025923694225767013,0.05231924800140564,0.0046559215397086184,0.022449006402755156,0.03860453721315893,0.04744224613491377,0.041023930052849655,0.11502777857608937,0.06702623476748792,0.032229375224842594,0.044398052452443215,0.08704392876126388,0.029911596141554364,0.029587398454716585,0.01289044263254202,0.03692477593778576,0.0269216675943722,0.02005080732934661,0.02998668788053771,0.020170166999105232,0.02430477169716516,0.015821108387037652,0.010299649469615035,0.045364961786656055,0.023161121943630514,0.0352169687780568,0.02045374328349392,0.007846498557293247,0.02141985178710626,0.020958612626222006,0.03263034348938043,0.18536575017816004,0.023830123001674197,0.037170177294440165,0.03025623836688074,0.030506196773032013,0.03528062559717848,0.02663911432329802,0.03411330822752845,0.02742783645211122,0.02630752926159885,0.05740418973260697,0.01854313153107423,0.02631270827805232,0.019495360544995455,0.05574139641369458,0.024817473696966186,0.03033076807516455,0.02610173295421747,0.05262970545032397,0.005668719943904499,0.03129499507588429,0.11359954456401611,0.02254936466713442,0.02018838485589769,0.03858912989233643,0.016011867729275764,0.03159104282799241,0.017423611528035288,0.08000152802553462,0.017010067054389788,0.02267927168125561,0.03385837730375196,0.020685130915491623,0.04613212875147665,0.05211443953269934,0.02004055489911516,0.004379805115528601,0.06625986574217824,0.03104068448999997,0.05712497414512785,0.08482830430475663,0.04074783191064535,0.07591875410890525,0.056119155649322794,0.07655324082483439,0.012729690519087677,0.01477644307704562,0.014702428677468182,0.021567758402927906,0.03574593519436875,0.013661281142912207,0.018324874434428207,0.05077558733940979,0.013280888282189984,0.005631814441093175,0.03912950580378749,0.024080308691941,0.030777301348734687,0.06883769670886308,0.03248215820991596,0.02444376831228645,0.03132842983267503,0.024153778110007407,0.01883347266151003,0.007548824567564116,0.004078943464173701,0.005381794790447536,0.035013764943078174,0.04902612992621069,0.022512246167394112,0.029930138206323287,0.0378360107914566,0.049110741827269155,0.06456637550078215,0.061078637154288185,0.03765644559697234,0.005844431204135692,0.0031471983061108766,0.04806953663194791,0.00781524239530107,0.0035133828227857933,0.020270279490255838,0.03524750058013604,0.008725323858528533,0.016369067998329045,0.008104809888251685,0.008863182047903484,0.006731684827683493,0.04237659101623015,0.0620605791405604,0.08750186999602905,0.041207035943187975,0.042707441103601695,0.030258017954997385,0.05505281235150439,,,,,,,,,,,,,,,,,,,,,,,,,,,,,,,,,,,,,,,,,,,,,,,,,,,,,,,,,,,,,,,,,,,,,,,,,,,,,,,,,
2024-01-31,0.015926588159471455,-0.017383497807696546,0.03227317914386196,-0.00899685027198649,0.01819225110651934,0.015849155989072106,0.013383283430983495,-0.03901165534315343,0.0006052547850565748,-0.03926099463120225,-0.017355133393428535,0.0021277054605330914,0.009790326404234051,0.012700637852551155,-0.03112361184483614,-0.04628864137257238,-0.026130596584240773,-0.054525973984717035,-0.004039446617007614,-0.032006268133695226,-0.009269624393886011,-0.005902214685180374,0.001067248680956645,0.002787907714733473,0.011170985282787038,-0.005743566588222393,-0.018230202671029372,-0.004512190352049528,-0.014151623081339548,0.025297996132003897,-0.024571240373396974,-0.022451363637700172,0.0007262769991616125,0.0031692966212513163,0.0008365915019481474,-0.04526232969464583,-0.0015109339938933486,-0.017914978136379545,0.003349258699537394,0.008695798546740185,-0.014872835853116051,0.017694329640511874,-0.014228180398366375,-0.013835437297438857,0.0075612607566180046,-0.012251885053770173,-0.010748526741655162,-0.04024827652003071,-0.01354275898220525,0.01645819952676142,-0.02694480771994978,-0.011522782397009435,0.007102145959059003,-0.020831015700184308,-0.06303663930257841,0.06406596467081016,-0.03994494085424172,0.08990677997312857,-0.052069300389860795,-0.05143829145552947,0.04386844922948718,0.0075248457202148344,0.003995122831008446,0.003073566528727145,-0.016565609938403614,-0.0029757301092350197,-0.0016316063489539845,0.002986590043343451,-0.03205135620665611,0.0042677437821878605,-0.010855873291847673,0.00046098624749846273,0.0022183895512806195,0.0014776474476736468,0.0487040459910586,-0.02568664168743906,0.04827018564000918,0.0027513769174138947,-0.017241355821421833,0.0,0.0036798393009391805,0.014716434461652161,-0.009469613986498926,-0.03768005525028739,-0.0004919105971066262,0.0032312187960765737,-0.013502975285003216,-0.07426503211327673,-0.10693444515146389,0.056389635505040614,-0.048215068284319984,-0.014990110016248503,0.0030651606966218825,0.016071431403582137,0.0023814264756032433,-0.025929333749183603,-0.03945742115503159,0.004361397698515734,-0.02772406826758511,-0.016463098417517252,-0.037250453023189634,-0.048576239343688044,0.12096774565689783,-0.04738988062935301,0.021658341597189157,-0.006489854318776023,-0.01851856779722627,0.0037865938753027795,0.022126614850388915,-0.0017361279567564836,-0.008160481889267435,0.003182059769326173,-0.006823071830519667,0.003574549664037363,-0.009356333265953976,0.0007159737192097282,-0.008501587213787798,0.0021257485268133536,0.017882667251684525,0.022835183232783773,0.0053224765480217595,0.0218978552303708,-0.13855196136930326,0.01263439651616749,-0.009814650227821797,0.03807459627186871,-0.003993612650389888,0.09734264137466009,0.01918785946514312,-0.0036740989654959755,-0.011565764748911356,0.03674646347944499,0.03502582743172189,-0.0038388795410392307,0.004211164299287251,0.0094809689635178,0.04086985906865048,0.013153071168155117,-0.0032391540019665044,-0.030576849459666655,-0.0032805866916553184,0.001791803055454233,0.02050956932801351,-0.024727724757887315,0.012871330257990587,0.010223895015816886,-0.01370536869618022,0.012224264454311351,-0.0047751829477420404,0.010520517147075248,0.012737141882538605,0.0089589411521942,0.0030655041657647875,0.012083698387757913,0.00900381558359764,0.014049376502954347,0.010706708581272206,0.014837429153234938,0.010349868484004654,0.006198799052501647,0.011084449372237737,0.010347379109024057,0.013530597192445981,-0.008744839339037247,-0.02890387987658327,-0.004645654888602357,0.010488531615862051,0.011060512528283661,0.013453338936196158,0.010586272928291951,0.013931340857757712,0.012006624436926794,0.011790413199185945,-0.013808178117527325,0.009001201673991988,0.010914105659540319,0.009798326732348484,-0.02494457962715879,0.01025642809121452,0.014562070759293277,0.00986291903445613,-0.005295855498997137,0.012712943426546275,-0.031042880616674373,-0.019819302767651092,0.011025935033079692,0.007772991008898167,0.022932026428988284,0.008734147654495317,0.014541787547271978,0.009264509852618064,-0.02409765928253671,0.008564995379451101,0.010770414311265464,0.014115720860986336,0.01023491732747317,0.016220347333445018,-0.004466824729528307,0.01782466703148544,0.004388378453976438,-0.021083375142929683,0.012430838925349796,-0.016726016469192695,-0.01994581590558342,-0.005612662087620013,-0.03466816530354799,0.018215354754274715,-0.016460046385087357,0.015745954432573317,0.018948541624961512,0.007718979055035824,-0.03204643098436433,-0.006101810758098791,0.008130148216139998,0.009212218266790195,0.012733936359301756,-0.0145631620802803,0.006300325764735382,0.01753688134553033,0.007838006679955711,0.014878278642268983,-0.010620790291096194,-0.0021475079507560224,0.01341443775359008,0.015659347528059753,-0.02810646713725351,0.007860727131123069,0.012810555930665712,0.016060470069087174,0.018050518658085934,0.016680453376846094,-0.009330958577399517,0.009359708743543083,0.01286103097360436,0.01786951189869157,0.01556072952308818,0.017365866560276944,-0.008491551737929703,0.017563168103511995,0.004656824304714702,0.0052909488926475845,-0.015220228095260024,0.006289111656900159,0.007028144123347069,0.005298000746444265,-0.003443005152614198,0.00827376126709356,0.012445100892600092,0.004104152564672114,0.006394166343557162,0.004649328957573529,-0.00952056761350395,0.016979852683595364,-0.0170458004785653,0.019621202709402485,0.015690559597798304,0.00018498495074759091,0.0011047180321044348,-0.0036722542567161343,,,,,,,,,,,,,,,,,,,,,,,,,,,,,,,,,,,,,,,,,,,,,,,,,,,,,,,,,,,,,,,,,,,,,,,,,,,,,,,,
2024-02-29,0.05218682886295478,0.05905021610746419,0.04395113500612924,0.0115543911538869,0.05283327199313237,0.052040359703503736,0.052677343052946135,0.0562526896822384,0.03574233077898259,0.032211497308971326,0.05860310752355358,0.029496273062974865,0.05412079141056414,0.05270733894329793,0.08028807705757801,0.03280696999984789,0.04135542736454134,0.023704294602007403,0.09581750420454438,0.018661112440451655,0.025014171951652342,0.0400763365436172,0.028310658594208116,0.029084533561316794,0.052987097969812824,0.07461949789233469,0.0472977507174932,0.029862530777083007,0.0545476791114361,0.04160078659670097,0.05960851059828309,-0.022521661364102608,-0.02082670647790119,-0.0038750751960223706,0.05977003290771998,0.04167741555718729,-0.01474626168268156,0.0116400704390891,-0.010477426464701622,0.03335530555291699,0.04965535130648302,0.05238497854798063,0.004563548019519192,0.004156919730705644,0.04650945654238203,0.02402267365866617,0.011835384085582268,0.06465526644620057,-0.0021964139544623507,0.05174227562258249,-0.008039233268040902,0.017404709018799647,0.038646000657259316,0.1257006541531327,0.06177005983082973,0.034404998652054264,-0.008608336034878539,0.0768589366872543,-0.031388449539204166,0.11501478003029275,0.008596002893267451,0.026229340178818283,0.003933019172694507,-0.013762456884290675,0.031696935925548786,-0.01703689635989425,-0.013630406079872315,-0.006644987489048848,-0.1574120416375293,0.004443352131903611,0.027437801723902533,-0.0021439589553551297,-0.0017926037072064638,0.0029893106097884647,0.014394317862294281,0.015586156726885125,0.049033457166609784,0.04507593401491827,0.030303040187226404,0.04490667500216117,0.006450421920444427,0.053992536533086444,0.030046425550637856,0.04861432729622028,-0.014439700515422094,-0.00460037337862973,-0.02099677515250109,-0.040881652059067464,-0.03754981754693154,0.030502570160512832,-0.04724798773796912,-0.0021732994026806285,-0.010886402937821282,0.05207072328907936,0.029519868664854565,0.042171678985502004,0.05584089704953432,-0.0015147674241585696,-0.10543767643449253,0.05197079254898651,-0.015218659849733585,-0.05105629841786097,-0.05107914083684306,-0.0684026529418611,0.020948153731437547,0.007548318899773587,0.0036070587732595083,-0.004370383639318742,0.025456034791218274,-0.012942726321706566,-0.05416523550132246,0.004588266647897576,0.027622860618598644,-0.005463187721361118,0.01544753622900763,0.009605815708471077,0.025224441236274764,0.01312754983364317,0.01644078171370178,0.06498353044096872,0.004718311743413084,0.0394409687411208,0.12670646832188792,0.03082590647823813,0.022760620705958523,0.1846118369345302,0.03368078918285744,0.45696229941091016,0.053760184599701555,0.0258142926100553,0.02369309687049803,0.0388980567110464,0.01714039174959847,0.026843721571330192,0.0036488837870760626,0.02001980700987871,0.058351175917620735,0.051269940146830395,-0.014432880962192085,0.03742456549558071,0.04712722670154679,-0.0012520187677644845,0.047993790543721104,0.10600739344296106,0.024437927238473156,0.02680523811337343,0.004466508897852606,0.03728007779618858,0.0191922965661937,0.018082187600331867,0.02489736251276553,0.018677299853076867,-0.009372720996234318,0.023348397457664705,0.02533095022742682,0.033550552242568754,0.011803855291818488,0.023955052651893904,0.009594532946240575,0.0031722630947295105,0.016296273690682872,0.014094230193553825,0.02625762175031121,0.49870281834604824,0.022050751747363817,0.016632071421147865,0.031435276400374024,0.03217509362301785,0.03949540530897888,0.02533445381691779,0.03594950170256661,0.024548838796478067,0.020069061331754012,0.02796613099732559,0.014676210691602964,0.022187614784118903,0.014742668233158618,0.02249694243194722,0.02030460347694718,0.029994626965320625,0.02073872489011297,0.013888891516959712,0.024869711196163324,0.024118072704585325,0.028545912993824807,0.022114613573227526,0.024149513002958756,0.029890549650314346,0.0060860913378031345,0.01366146854925221,0.007788561150338547,0.044994737204936186,0.008715287733142674,0.014176155947188018,0.02664456265391224,0.012622013179259373,0.05315489946828311,0.03234248965425546,0.023554229037753505,0.004468611131850375,0.03462587526563987,0.023839361794798952,-0.00800203271328348,-0.018111674934934596,-0.013172140980591496,-0.004586333876089976,0.05291068399950705,0.060820878000602985,0.031070157002686782,0.04038451967218326,0.00843882614049507,0.01573223817281244,0.024909049833389485,0.007723223376425725,0.008179289894709285,0.05429586707984657,0.004926127351136067,0.011478258215862791,0.026010675317598375,0.019118604696008346,0.021488043432670745,0.06005658131095748,0.01631994036593598,0.01868749092559585,0.022334751296962496,0.026527448607967408,0.01570568671648087,0.020467627198367255,0.03858669990117436,0.031221929890983935,0.024450763672807296,0.009885976983013745,0.023006698364698153,0.03191784954510224,0.030632556377409692,0.05363994280541595,0.07658866762761662,0.029281923873871074,0.043509477739360314,0.0032245060269593395,0.00526328029333234,0.03133843602683384,0.005732225140126612,0.004586244250741611,0.010888945981071707,0.01750484818016962,0.015292795806764126,0.03510486900734988,0.005161070785540289,0.0053290299869159785,0.002986219635809473,0.018013477476172213,0.04049740369682042,0.06696444537743251,0.043943821931582194,0.04137071763440847,0.01664196894802683,0.03737980632578153,0.017885565444333063,0.008534961945687813,0.007707645558135745,0.008084063713603928,0.006313479853245596,0.4576131391364562,0.4589151284187456,0.45693379980412296,0.46368978630949087,0.4577538694193519,0.4608142443609322,0.45983631833333094,0.4577113857401338,0.04308661062242991,,,,,,,,,,,,,,,,,,,,,,,,,,,,,,,,,,,,,,,,,,,,,,,,,,,,,,,,,,,,,,,,,,,
2024-03-28,0.03270196030216255,0.05578615422588218,0.03226268801624088,0.041066172652719946,0.01274987329594146,0.03321308531173206,0.03264865049510379,0.03486956835706834,0.05041659741361215,0.03264016860217955,0.056252198283152754,0.04608096503187031,0.03245781154678529,0.03374511863480767,0.02711887556724668,0.04177350202949315,0.03186751695213186,0.03382743190504178,0.057110794607092785,0.055282136852757624,0.037071499971501165,0.04097861522276558,0.04697670157822165,0.046639009709713575,0.032596884960726547,0.02373455244374867,0.05145985260760266,0.03378652159212625,0.04333440689057588,0.03264026600071257,0.03409956925575419,0.007828167319722912,0.0073322564935021095,0.0034354944133072607,0.03825694739417185,0.027256990459520347,0.009025285452983312,0.06647161405601665,0.006465597406227541,0.05168965688227689,0.04278009213419387,0.029713658355889905,0.08668323846462611,0.08693393694705387,0.03322609759907946,0.03822847147901487,0.04314481293915873,0.024365416997761402,0.030144783157105115,0.03308831878138596,0.0677839218632057,0.0500407012677202,0.04934217355873782,-0.035866669963288134,0.038248319180879786,0.07320069113827521,0.09744334309549907,0.05368838979669399,0.052790501335631124,0.03473685269545079,0.04450750896575739,0.054135292356457754,0.004160226101423303,0.004292562095413066,0.033484652852473484,0.008753551264269577,0.008497833233886087,0.004165240302240747,-0.11910526672666244,0.00410122677575786,0.036584249652043876,-0.000947121452469446,-0.0012439953959204608,0.011786636633721148,0.06720220184130898,0.03395922467529755,0.0626217274183638,0.03263002801575965,0.03308819630295212,0.031891125818115595,0.009094603748024399,0.032143691804026764,0.03473884629731239,0.035291021642646525,0.01248796312340672,0.006627401937039812,0.014168016701575636,0.03224606918628048,0.07630338323339814,0.07332661751570946,0.03169738528433674,-0.006647001686679421,0.007144131613746607,0.032801120463291644,0.045778503376315616,0.031091638675995625,0.036330230035478195,0.005664132780037523,-0.03928834262146619,0.04833404285317311,0.03287099920313219,0.0037105184152204096,0.022744518595818386,0.05173132276342285,0.03137556505497385,0.0211782975832282,-0.0024880946965059048,0.0030867600689377106,0.008404983327773063,0.007655770297809061,0.027908678996199532,0.00795322358711914,0.03370474289387171,0.005297520990511284,0.051413512591204746,0.008719156828009389,0.060157953323301205,0.007597594220864368,0.02330737200472699,0.027729665863078123,0.004279191366746593,0.04212726077701734,-0.018553571418185477,0.03907724213840846,0.038226979874113276,-0.031228313851902945,0.025601215843272573,0.141282730102539,0.03320629968576294,0.03131383481904537,0.036138920194585866,0.034249008500403466,0.001917550456009165,0.034165973220689594,0.011753312216753242,0.01138844718899712,0.03492166923851392,0.03218016134229584,0.012985471957537964,0.03572599839342372,0.042941820146678245,0.012800314044425054,0.035492473365212884,0.01075313098367947,0.013676854258001025,0.01172079424555883,0.0864624515706367,0.020754329140899364,0.02674221935455101,0.008880565995956768,0.013523689241178083,0.009618265416931893,0.007404404910455131,0.014000542385272707,0.013531787556268604,0.01681460125722878,0.004786115643179878,0.008310295609745388,0.006073600488891717,0.005671856266876496,0.006414029900776663,0.006981657803384778,0.01263124001698479,-0.09452911958110932,0.01488086572958025,0.027873907748401594,0.017251360260987614,0.017768069273376375,0.025593598072641832,0.013325917160916356,0.019570224766937816,0.014628840661029319,0.006431158272651505,0.020323288720513588,0.00822464348644747,0.011421249342106643,0.008513556478443318,0.03626242922654743,0.011553324047880897,0.01583646667668126,0.011929909184657861,0.020384866376728095,0.00716434874073113,0.017223190087097162,0.022549834514485223,0.012448077891275222,0.012760235917331775,0.0178802442078434,0.018397260935525184,0.022879567756926233,0.016008883201296564,0.04735976682276277,0.005634675668975575,0.00635369083938242,0.009757146308721154,0.005949837458515184,0.02951490281015312,0.03250550052310275,0.02101665167374267,0.004187818247265884,0.023696668293788692,0.009261192901003135,0.010603197661056996,-0.01024224281462105,0.0076400862861325525,0.03329203842217865,0.013025039280259554,0.024869113405347587,0.008549746167872296,0.013593083161191677,0.005471518441059642,0.015448073422121844,0.036245738119931925,0.004001387376191712,0.004380990639043736,0.03181369647570853,0.08676472994420537,0.006189831693536041,0.009377923004730171,0.007949125403348134,0.009829979791565968,0.007355462057986761,0.020645880032580166,0.009099511957862072,0.008617709007397334,0.02033465585870764,0.007398332367398064,0.012995746578249312,0.006490620267380676,0.015177896829172255,0.016257326732451283,0.014824442377431302,0.01304718148554862,0.01721359085960361,0.028373048417597246,0.03248811452673683,0.045308817183353556,0.031184510702946477,0.03512537811803296,0.005083074418358091,0.003794946494489748,0.031952023076879055,0.005127000544971283,0.0043487679393448,0.008548302743395686,0.02731453290827557,0.006980181441973876,0.011316384304994598,0.004118424197061099,0.004172656198769609,0.00446120572920794,0.044772139662879296,0.058223064095004995,0.04429088442426443,0.015464894197538381,0.026520927381094017,0.019097840047341608,0.04893596439090664,0.02302180554000599,0.006925143008279067,0.007689216555941014,0.004421916093296341,0.005453758496784866,0.14257491001751177,0.14227865418215235,0.14425057609480563,0.13969169492087574,0.14411841272090142,0.14403097285904654,0.14309538072956296,0.1450511517705957,0.01423618387340797,0.021335923430259696,,,,,,,,,,,,,,,,,,,,,,,,,,,,,,,,,,,,,,,,,,,,,,,,,,,,,,,,,,,,,,,,,,
2024-04-30,-0.04031968868053459,-0.06046013063820832,-0.05718301304339568,-0.03552784014588628,-0.04373783344296456,-0.040495932419267744,-0.04183567275922839,-0.06847356531403481,-0.04248789016371146,-0.05546508562403274,-0.05943366158602581,-0.042931391875009606,-0.04375487485413265,-0.042938511513476385,-0.07562783108486837,-0.06152002510083865,-0.046890517292012435,-0.06500582266167998,-0.05928775834009181,-0.06112105244945787,-0.023711117070039367,-0.03525262842468513,-0.04345436635971811,-0.04271461653387243,-0.04343966262721166,-0.05869982504350291,-0.05162369306966119,-0.032431848552961884,-0.05315730649711026,-0.04988007477385403,-0.06481442247437297,-0.06455440800145984,-0.0312976675192278,-0.004416610435366675,-0.039010366138520824,-0.0021909668815935923,-0.024782565891991237,-0.030686800597398256,-0.016908229133610897,-0.039113324736940513,-0.04722652797916249,-0.039914884762288994,0.02989497307015121,0.03070699754982198,-0.04378485891330486,-0.025541932620042562,-0.017095558695984447,-0.08036969462666077,-0.03991383971227824,-0.040142875344910234,-0.05902327363824844,-0.03047860919804457,-0.04315062472492104,-0.10823062815211248,-0.03274462957922941,-0.004445650814071778,0.057142823607057025,9.216348242202521e-05,-0.06483668419180644,-0.09115082036760236,0.009519537484373064,-0.03735854295491381,0.003743915705121781,-0.01734986763191515,-0.025064039970535856,-0.0281861964203447,-0.02408392621241595,-0.007009705476911932,-0.008922451418245325,0.004322150229525867,-0.03408416650356594,-0.009409344998684288,-0.011584559856448462,-0.013317112766908057,0.0035122776594258553,-0.03410715090125804,0.0008458699892233135,-0.03550340486723569,-0.024349144734251427,-0.03583715940919574,-0.01682483735431861,-0.040767074967484884,-0.03459772506151748,-0.06458160788957734,-0.023137387711955948,-0.006384303784121026,-0.052034215714868215,0.03052066168906853,-0.061163439806907416,0.0018802715834937977,-0.011397400334891894,-0.0224843619662215,-0.016396555285379866,-0.04008734971463701,-0.04200136452012626,-0.04722949133230647,-0.06936263377473773,-0.0016610651598406578,0.04475308040114667,-0.06140242829363818,0.0028455338712471967,0.05175606526305554,-0.11638248491193892,-0.022213387000370677,-0.03744897487908694,-0.022008896323613247,-0.019124272400824815,-0.003678665004861914,0.014731504810875595,-0.024304462416899764,-0.025387912736515306,-0.007261892338633391,-0.03260577367529027,-0.007823965933304255,-0.02113167124367632,0.004234436790845786,-0.06795307521108485,0.0007528932438207736,-0.013130771609377145,-0.04496516800843642,0.005474357773145977,-0.01232792621573886,0.031635810356845706,-0.036341846972700376,-0.024546249742350423,-0.10425669501576162,-0.04462925642261184,-0.1687509496777897,-0.045380108517732665,-0.03237098237551039,-0.026124625117549427,-0.052555082130076536,-0.04735936218383596,-0.03203611831720743,-0.003920543495082862,-0.009104002224112784,-0.036571373812053554,-0.0407097983762813,-0.026623740308872712,-0.06056430092374576,-0.04697154503294243,-0.011863348396669027,-0.037295452070270185,-0.08033504785667545,-0.006714800635990281,-0.0071090168777757645,0.03137792365800163,-0.020828170455005512,-0.018875204122615896,-0.0040011074730109675,-0.009389697471045233,-0.004763317853089699,-0.017336562839272873,-0.012528807742772208,-0.015483959453178153,-0.018833249370277083,-0.020244129267245392,-0.02672326849046791,-0.02308237294220039,0.002812128330301311,0.0028968271377471932,0.003547262481124136,-0.003164964075958343,-0.21108994380616852,-0.0026468248559211593,-0.028713204261967662,-0.016676091994796582,-0.016232850512244323,-0.028530933250450974,-0.009588999290988887,-0.020925675362690965,-0.01086653202620469,-0.007146763845997994,-0.028665776579559488,-0.0014064483300585406,-0.008058070805631479,-0.002722150259520717,-0.037710039351940505,-0.010055195224154878,-0.01627916699353027,-0.010562443013533374,-0.015694397449146025,-0.017645731408209686,0.002073236518146393,-0.034775221356524555,-0.011709646594427858,-0.014612786550562973,-0.019170019741641675,-0.02327006223002348,-0.025127820328096795,-0.017386666136070428,-0.039056452500469185,-0.020654771728792154,0.005543587878309442,0.007275356647421072,0.005319828787351266,-0.0391473604937469,-0.03281223429287794,-0.027558018171752074,0.00438853248876403,-0.04451566963661957,-0.009210883900897193,-0.032630502813291384,-0.04462971430367457,-0.023569738873896795,-0.03441409396310713,-0.04384474825126672,-0.05271791882298349,-0.03950737688128736,-0.037768390003049324,-0.02013443388896974,-0.0007965136311237631,-0.02319584551936693,-0.03246574181004869,-0.02862686801529868,-0.040540716448129066,0.030672093046264504,-0.006835296014182424,-0.0011571057659970352,0.000914805297013821,0.0009085264839183704,-0.05437255387150641,-0.013692942856244006,-0.002308508195978054,-0.003934777752959584,-0.0009134050225080292,-3.4852876713342695e-05,-0.00982570991454268,-0.02116966062852499,-0.014172259781121244,-0.013614691285097957,-0.025430885330308906,-0.012879144944084375,-0.020392668206448028,-0.04388583109126687,-0.04242377595857039,-0.06356878644609054,-0.03611513037646208,-0.033655483593922786,-0.00648186590488431,-0.0006932496853842007,-0.02407996572252058,0.0032082684326497635,0.004216701805848322,-0.010072192893484155,-0.024898990373037666,-0.011674560255586108,-0.029839417120053113,0.0033263823396203485,0.0032697926046612036,0.003629079332640117,-0.014373370046811274,-0.042976427453412236,-0.04734103267337586,-0.0382297952375088,-0.036565923467942074,-0.012243387903317582,-0.042221751127640705,-0.01974667226648308,0.0016122338742214914,-0.013654624811113125,0.0024285181585386173,0.0017051499478579757,-0.17049669675693246,-0.16725750625881408,-0.16843194554295338,-0.16765288253908572,-0.16816025793698275,-0.16884947638030423,-0.16920834791898942,-0.168902124206586,-0.028768678514879187,-0.02012082932131909,-0.02233446277706841,,,,,,,,,,,,,,,,,,,,,,,,,,,,,,,,,,,,,,,,,,,,,,,,,,,,,,,,,,,,,,,,,
2024-05-31,0.0505796034816417,0.04480057078753408,0.025271362463675784,0.03629485427822643,0.06151816578791158,0.05059080674847061,0.046669742005425174,0.05038287447245815,0.033002936434715746,0.050388031463890925,0.04463507529458677,0.029811626625397603,0.047673682078396507,0.04763835636233016,0.053131993855698,0.04589373039174238,0.05481546920207081,0.04558689206248534,0.041239559064571774,0.04781207030911272,0.059429651494045554,0.05602913470584925,0.03121013735686451,0.029608031194680695,0.04758434820478996,0.01144829648347323,0.036345345842165866,0.05060184528961731,0.02876155097567734,0.02540712462404393,0.034836103966318754,0.02886964973036621,0.018001528273750234,0.007195191198770212,0.04811877068914727,0.019516956360094317,0.016695688756459548,0.042462469164182615,0.017770545718807984,0.029969874828107868,0.02747200704886299,0.0491767424173124,0.016189210429127243,0.015935391537274635,0.046556179515092166,0.064462118251424,0.05236564737312288,0.05428445626109357,0.03988774152774344,0.050118493484772264,0.04309565491318201,0.02255568736306035,0.036674759749177666,0.05329707253864391,0.0950111654309016,-0.04541972037946851,0.15426200039558657,0.023960816975884702,0.03891948644769583,0.07981602372526742,-0.014369092422387486,0.030308256887885854,0.004581265663844203,0.01312673200494463,0.03952440133710966,0.019628537613089136,0.016805359418306853,0.009137900811974076,0.21814409028680704,0.0045732463615104635,0.046636462702001724,-0.0031016597606726704,-0.002266171417313223,0.015706563481636238,-0.029249954223632857,0.05492888322346956,-0.08860404429928159,0.04575405073612737,0.039546999134280725,0.045992080717117245,0.007120894915429332,0.0465312694672142,0.04619064700753084,0.04515854905488492,0.020264405974520283,0.010599879397340528,0.030170760040948652,0.10685251021821651,-0.04168567045641791,-0.04848292994529657,-0.0025063229321807823,0.022775130583579273,0.017600333226456044,0.05025674779684364,0.031812083186443685,0.05433166257112787,0.050530655673880265,0.010165666594923684,-0.15509604042733904,0.03820489369006519,0.06871782215673061,0.11072054601255532,-0.04865771140887298,0.025152164252664866,0.02921048332764853,0.03361235931704876,0.01893200811485385,0.0070611955640025315,0.012607426470868877,0.014027225647644359,0.020260542172831686,0.010922239591092175,0.05083546011668738,0.01081796111775879,0.04491013351417772,0.010127491671409361,0.031302610956214005,0.008120564234431527,0.01057813084112147,0.055937911627797154,0.00491265566643273,0.037155260949974345,-0.02206438361072649,0.029311802046431357,0.06326427052164507,0.016211278300142462,0.05463173163337265,0.14435338543710685,0.04673009747906165,0.05093423216449322,0.06069502399385951,0.02286142977443717,0.023761111627240705,0.052100821405239195,0.0047969691106752865,0.024057033781468062,0.04155987444173137,0.04751529231800755,0.019485244930815826,0.04546917045331411,0.02651679377209404,0.015576368480889391,0.04678174106830646,0.03616152897828595,0.021859977016135845,0.023070876894830228,0.01587304257087707,0.03925042216206687,0.029839236372972033,0.017675410945770187,0.02544276512550292,0.01705054411070317,0.017615106844742323,0.026411198497511057,0.028303759939485085,0.033848293637385174,0.02977816915162923,0.036438237733257495,0.03198833709360427,0.005814262599078912,0.008665489494982248,0.006940861100465323,0.01800958498678451,0.7081919800838028,0.011837067000972867,0.04671535417759132,0.03334290936722528,0.03293905688376508,0.04366934644735432,0.026832568881399954,0.0370514631040606,0.025470217279815577,0.024982010335879767,0.03518985845127576,0.01619720458984375,0.022353570379795906,0.015119917982719278,0.005690539415915907,0.023599214823052383,0.031745179793976064,0.024283955499545762,0.028739371660134738,0.03594864919122909,0.01106893605199355,0.02899829221341399,0.02517779416701571,0.027022627145421474,0.034002163645332484,0.031034475954760943,0.03495819844859582,0.030412008418700953,0.03196068529251628,0.03746919441501606,0.027779406991609523,0.03457982162548934,0.02898931771896529,0.047846725863659234,0.04761912196224416,0.022048997256935987,0.004766960889315719,0.03913526798532718,0.03184635742093134,0.022366359399111024,0.00898363185428952,0.015182476127680644,0.020667287203688822,0.06405999334374535,0.05040436718025498,0.05535389432951754,0.07133192268934141,0.03404004491251156,0.012156249634152516,0.03203914256017937,0.060551370018449235,0.04726588189436054,0.0466436248262061,0.0166301599309715,0.01479698255602968,0.020919942502700017,0.012007958577309852,0.01257822435717637,0.029665285795753338,0.0338662038138815,0.016305141580297056,0.02389015164426289,0.014711386593248443,0.012182401219853478,0.025650607298235206,0.04802576987456941,0.03278040812440142,0.03160801865700269,0.027212951679833397,0.026231757561024693,0.03336820818756392,0.03654205261385113,0.044624526215159,0.06254550983336382,0.04825307928633138,0.035931001631454684,0.01866960804008566,0.01171053681459866,0.03704539042871002,0.0043973387078486414,0.004399315121287106,0.017469760889737618,0.04131515969339605,0.01882614344810607,0.03734291414303348,0.005387651983944641,0.006229482989387636,0.005102102656773022,0.05275668984671866,0.018753253025372008,0.03890902982607569,0.054314345068894765,0.04565351788100891,0.02934368102559004,0.030038113383032083,0.03477768658687319,0.008973900046945538,0.01775247693222526,0.006743485055179299,0.006766750924624754,0.14834672587155673,0.14376935490133236,0.14476545654604567,0.143364954385375,0.14499468122876746,0.14571335516970652,0.14477253749271912,0.14584582192591378,0.0426539027212105,0.03313701945128722,0.03313466949785804,0.021774884277852236,0.01173705376366363,,,,,,,,,,,,,,,,,,,,,,,,,,,,,,,,,,,,,,,,,,,,,,,,,,,,,,,,,,,,,,,
2024-06-28,0.03528033861898572,-0.016654169398649832,-0.0032676071155112174,-0.02148080719380696,0.06470124536804889,0.03568664254281795,0.03263239373444504,-0.011243783982994637,-0.011255289334950902,-0.023728443625055107,-0.01673229984412339,-0.006873111874097004,0.02935821942330441,0.03271109372767733,-0.002717781348089643,-0.01862866687050657,-0.02017783682929486,-0.02705386321442438,-0.012671155148889723,-0.020568998935662997,-0.0280820851390845,-0.041949653236936224,-0.007401267994406213,-0.007150132836074241,0.030789479471400982,0.016434959491092416,-0.01666421183503275,-0.0182673612336266,-0.007557942090754,-0.0021039968618652427,-0.0016249112538521127,0.01817149516512573,0.012169819559037176,0.0054429560184070525,-0.0344846902903011,0.026180238597495853,0.00885486263012325,-0.020553005528982204,0.007614977819227375,0.0015309562882290795,-0.006410768298693581,0.037141263983238026,-0.0013469974027457976,-0.001363977517654602,0.030946324506799128,-0.0295034120881158,-0.030572170603799687,-0.02702277549329124,-0.01929325879278121,0.035521957283073835,0.010930146453878242,-0.01597749851386787,-0.0009633452983596191,0.04146251031888304,0.00725994531036811,0.06375296261056218,-0.04286745404344505,0.020226539622460127,0.01356955125246495,-0.027967224192114504,0.009111564858280019,-0.0031759392807320097,0.0041985586342041525,0.009432529726160377,-0.005750226824678184,0.012126653904458662,0.008806721106435322,0.0065618809707088666,-0.009096068563056225,0.0039928570767544525,-0.016541607104591627,0.01031644889981398,0.013016155625786174,0.004806812457431642,0.04352301176966189,-0.031141800573207368,0.04482228226685714,0.020378159761089476,-0.0044707531527432565,0.015860360545522534,0.009696148188697906,0.03460193282697532,-0.015947158496941616,-0.010973499238670748,0.007296431992856345,0.005307738114250116,0.008193804377634173,-0.040188817512863295,0.058830623397460924,0.056870527457136166,-0.07989950668679058,-0.014259739862881204,0.007379647236278597,0.0356714870988013,-0.009085969637329994,-0.020942095026392327,-0.010663815175144475,0.005853539180054268,-0.05157335844008892,-0.015895028390120802,-0.02606225806533169,-0.15981016086855826,0.07583771120858285,-0.06410766956419611,0.017687847825348157,-0.012314752463824186,-0.011647393264655137,0.0057479820960320005,0.05225427719034759,0.00979837102762482,-0.059574477295179507,0.005516966968632575,-0.020204437447592927,0.0050922139374718345,-0.012632452368427138,0.00035918982835170254,-0.0005461681688814224,-0.0006954878180269741,0.016399113699391288,0.03239810483394101,0.003517117694763705,-0.00475793398327129,-0.06883357619664454,0.005467391114450049,-0.0314725763453515,-0.047329919207560356,-0.007312705624586191,-0.11399563404857416,0.034218774998375334,-0.022004766887858018,-0.023014131945221727,-0.0038963895166410634,-0.009128093822089123,-0.014323316684518694,0.003992611315634553,0.012182713868701178,0.008390701944231527,0.03547118227596768,0.006898253307320745,-0.012292082854770348,0.0030355542170652505,0.008179241575873464,0.03611396917346621,0.04586615645306091,0.005935493548576476,0.0069983574456202735,-0.001302113083914369,0.018031136629179656,-0.017352425838120245,0.00763160304019328,0.011432770949285187,0.007647009456858811,0.008647987766308374,0.014883959678918757,0.015349279795714432,0.021102187175997766,0.022720580455332318,0.02723452105573143,0.02286016843252625,0.005068526471123658,0.020045841914217766,0.021317371888362135,0.024243299209846247,-0.10896699783616948,0.020399657026642037,-0.019525783123556018,0.015577122300677315,0.014226297609841287,0.029307251554651303,0.009428941241636624,0.019781910443701367,0.01077297819445655,0.012661604987298514,-0.0012227875624846174,0.006236963807696894,0.010351335680162554,0.006828053601920736,-0.01890098725975642,0.011460138804169295,0.016961523309355186,0.01240041325325203,-0.008396753070037066,0.02254791509369536,0.01735959868462489,-0.006262488300998181,0.015024572337283937,0.016043638225946122,0.020182167418635544,0.02371537834513804,0.026926735129168877,0.017440238883770665,-0.003236258339943676,0.030168611427971337,0.016479465294404694,0.023639525031670106,0.01945255614088648,0.037579951925890365,-0.015166913254583636,0.0037184115318917854,0.0039876621807311,-0.0086083134269207,0.008873862045526204,0.021775490710715495,0.007885971706029338,0.010228041656220155,0.013582676537476468,0.06219301240147179,0.016114620989810424,0.047748302937065334,0.05302692189939284,0.019903360520166835,0.018113765551519334,-0.012417759520111593,0.042394869881341,0.027981594464672632,0.031294972421804124,-0.0012913809680594746,0.018311323150846937,0.004705607963861436,0.004048616183250031,0.004161970809231086,0.04450642015410877,-0.0069176152799517165,0.0061897401728561174,0.010545679019613674,0.023262513728816936,0.006189831693536041,0.010332272813115662,0.028223318722124358,0.014990447574862786,0.0209392377776505,-0.005181187940649257,0.019773147461552565,0.02422621697628702,0.013540859157253005,0.034026847749330624,0.05412503495626231,-0.018971879137496983,0.029353574210424282,0.0072856203356874705,0.005619671321326347,-0.005024384219247668,0.00473950844895632,0.004958970428373899,0.01056606364700019,-0.015515962670906158,0.027173912667897593,0.03122854723653057,0.004331344998854236,0.005019564034737467,0.00405576102192895,-0.04176589257815466,-0.006926032407137628,-0.006019793051351585,0.04402901865515019,0.02392880561388644,-0.003967103123454274,-0.009160936887025017,-0.010872342436366145,0.004835332712842311,0.01140181805515006,0.004139636310079409,0.004636856195657568,-0.11439688546536986,-0.11250213935396802,-0.11289009551339824,-0.11206510544743853,-0.11304226706690745,-0.1163857205992177,-0.11238150078230014,-0.11371936862283161,0.038711825608762185,-0.010108643636896564,-0.011382846111275935,0.016887819144395744,0.00560512197625096,-0.01038709197264076,,,,,,,,,,,,,,,,,,,,,,,,,,,,,,,,,,,,,,,,,,,,,,,,,,,,,,,,,,,,,,
2024-07-31,0.012109000174276519,0.05795409746628022,0.04000588384153003,0.04933937121655174,-0.016781086186569594,0.011128841872728001,0.014653194696530703,0.10335634267847338,0.051126272786470084,0.1095067843995996,0.058954254292070685,0.04774468974641333,0.01875803818701094,0.014133428446598373,0.08162879921994026,0.12416280214254338,0.10176754592886272,0.117919536213686,0.04244688752666148,0.07782480175432771,0.02118329113258044,0.01187782343311139,0.048564681389945186,0.04718915702578319,0.018915179032248375,0.005709158695780037,0.05996350716833754,0.025915862287319458,0.04760745991985127,0.049094160887912075,0.0630961717972165,0.03629956460646744,0.02897234744200583,0.01179631413385418,0.005596762754056961,0.008452755659291045,0.024191736054019364,0.07538442723888372,0.017274331448610125,0.047378557051201975,0.04039652667199789,0.010896592415877038,0.053671963349382734,0.053949440369239765,0.021357945680894774,0.02531094870426709,0.04072400391701314,0.12429826169829172,0.0636162922526855,0.011249982552471671,0.16296597938999824,0.06015108376295597,0.04242442645025113,0.06849317787280884,-0.020446046770991266,-0.02324410804427135,-0.006774569335461611,-0.028274987157038578,0.18696527541430474,0.047079352635240435,-0.028893878134111817,0.0483137246503651,0.004598627212991202,0.021716030723756052,0.025409364119056033,0.026391527237264345,0.023541547434178467,0.014996539368544504,-0.22317844378738372,0.004507855755916834,0.030149648968120557,0.013077535765425363,0.010963840409487169,0.022446154474448976,-0.023938825511964468,0.051103162111511,-0.0029585348040910286,0.015391416720059281,0.021645018688841722,0.019799241126738254,0.02172499656365945,0.014163332675014795,0.02863094274710032,0.0838777571404703,0.02572792802515611,0.015657329058843317,0.03382796159638968,-0.021318535238874725,-0.049949559847583425,-0.026438639143894216,-0.03549970712666095,0.023159455429832443,0.017967342135708275,0.011596940994667682,0.047047428944812175,0.10215928498898275,0.10467251659223242,0.008557917834298712,0.05529948448850974,0.043299482521239385,0.03063113132370132,-0.06967979387128276,-0.04426229264716308,-0.05665962681614478,0.036684201986186604,0.055363215174541125,0.023007919421560885,0.011853113737313903,0.02940127625106581,0.02225770834297025,-0.05090499088111877,0.01958578818644363,0.029460365618364515,0.016539971686617028,0.06949942349284721,0.006024303538550102,0.03991877783440634,0.012870272600548294,0.009997046543597676,0.005973365313081347,0.003917910432271965,0.004928978409441065,0.011909573755900293,0.04669318925573118,0.025109818931294825,0.1422746145756124,0.011779759764863007,0.08267259116370052,0.0129966586519219,0.030014824604940094,0.02138959499062132,0.04156681271241491,0.01128947746727782,0.023864002063095135,0.0052263208347604895,0.007907459930817318,0.0056075446383534455,0.014582547768664522,0.02146717583177904,0.11320332874528005,0.04195060971754061,0.022778968908309105,0.009804134894515704,-0.061484848584440255,0.01054082652084376,0.009009068277094023,0.0534549991308757,0.010770722261544075,0.025370731702291094,0.0062678991389684136,0.006012505747733821,0.0058377341721511655,0.016605093846370655,0.006661734015560139,0.006305609157082559,0.007339600090338738,0.005770362487591996,0.007712694188448221,0.0072661057791305605,0.006520286096538541,0.00786082544610922,0.007873981022108456,0.00783008550465869,-0.010235727177184129,0.006487164228629938,0.01813649737953238,0.008490862436117297,0.008915281529179975,0.016640036351766918,0.006405066878858889,0.007891998505033415,0.006868533045236713,0.0030391061904584404,0.03928225564597021,0.005234227145995751,0.0052965750379423415,0.0047712045937997605,0.07574835729150231,0.00586513544514955,0.005965163467196666,0.005074359338910428,0.01894118076373963,-0.0012568733949460675,0.007643333605507285,0.054139197877668854,0.005693161311087325,0.0073898387984758784,0.007603206895121062,0.00798933833409543,0.008570344767440119,0.008175142095468102,0.04870129990766703,-0.005143254760523686,0.00791558056090258,0.008399947725711954,0.007801746661841191,0.01056726911300876,0.025183143254608353,0.020053453079931005,0.0044782137534356,0.04406658606669378,-0.004624919532725924,0.009935458086320015,0.023220646351461482,0.021050670679074734,0.07273870610680189,-0.016995714322278976,0.018361237994326096,0.0098192833172146,-0.014267202719864258,0.00755814125238774,0.00502808239864283,0.017751461759777376,-0.007767266070164203,0.008651015557331165,0.017502163061960285,0.05344826423880922,0.006659968398860627,-0.008968625207413483,0.010545909891033878,0.01230670117590349,-0.038369007322649584,0.020726639537672176,0.00565670313859834,0.003926979800012109,0.009085422345071592,0.0047846680981993295,0.005131362578747911,-0.0023189442181125175,0.006103558784022578,0.0068147627112522535,0.02680470447880512,0.00669292900545404,0.008638823755093172,0.03480676601650856,0.014977849992197312,0.013919730196368274,0.0349117930747147,0.01068314959693506,0.006462403272415429,0.00614229093503571,0.02423873897144202,0.006939631146017922,0.004830852798287655,0.007916351297712731,0.02494492548201732,0.006701958783104756,0.011314481238607454,0.004171802744471709,0.003535016870993335,0.004480091494826199,0.05087187365501089,0.06034185267494685,0.07047735342999162,-0.014978509974544307,0.012408127555703086,0.017235921026315104,0.05170063087492105,0.02153811524014637,0.005246084209385327,0.009928382948464876,0.005467745399772905,0.005043981592590674,0.08904513678606274,0.08768590105027063,0.08748855094826569,0.08652881796062206,0.08825692679187624,0.09205020920502083,0.08749612822608133,0.08769863397238309,-0.007038679897178657,0.019540804065183215,0.019410321524905516,0.007275603345107795,0.006084423270813932,0.019812867187859684,0.016760194812639018,-0.0029803244692612196,0.04702620365840371,,,,,,,,,,,,,,,,,,,,,,,,,,,,,,,,,,,,,,,,,,,,,,,,,,,,,,,,,,,
2024-08-30,0.023365625082593544,-0.0013956114840149025,0.014090386266123911,0.04033921471865609,0.0110386880074973,0.02427158243785965,0.023716486998664132,-0.01688560771803349,0.026882633100190567,-0.015548447439864166,-0.0012909104089530166,0.02905099005539613,0.02038392589563287,0.022805494679241534,-0.011093025176913685,-0.020326020362887554,-0.019293379494305873,-0.013794576969243466,-0.008274393618313614,0.004415714164442752,0.04059370623266623,0.03966807394215377,0.027269711990747014,0.0299764208136144,0.021315513938315656,0.02522971918833483,0.01898732341583731,0.0326033656282525,0.019542969027880108,0.011732108018683629,0.0004458586364419759,0.021112182595004247,0.013457637929164878,0.008919740137814935,0.04412638681839787,0.009778703749245388,0.014614502471189672,0.03051483723350734,0.007989997127830994,0.028808029589484807,0.025091261188882497,0.025164384030718967,0.02092249026936499,0.021166297157341862,0.03084426061222678,0.03607944403836938,0.02952904553270197,-0.03214480289136046,0.028856281836846076,0.02410388573218425,-0.0016681203784878473,0.03752880603781472,0.018452923905904584,0.02220884313685434,-0.009116492245150987,-0.04373554951515457,-0.0015156881054874116,-0.019246474313113993,-0.0077212208321641995,-0.027894517851273726,-0.021850270030374763,0.024370600435092538,0.004979626912144486,0.011631459497206675,0.025777453665393857,0.017402219300817867,0.014517200376756412,0.010813323720161083,-0.012555397102872679,0.004617365225394243,0.02907099347771469,0.0023645570423025397,0.003610997102794,0.015789916846798757,-0.04829329669423443,0.018675615016881864,-0.07626117341217187,0.024971537787468412,0.027081886814004585,0.02333290118516529,-0.0007445797533089937,0.02286672586109728,0.031629600944844016,-0.006027511536798702,0.016599259703383273,0.01214691786394817,0.023986447021609125,-0.050379722616272216,0.046786379988973614,-0.04313094271653006,0.0022650575239504533,0.028654448014036937,0.00796013275723051,0.023936234336131568,0.030480938826253468,-0.02041478354889359,-0.017670002217478498,0.006185242271252278,-0.03930129404028504,0.005295503694222159,0.01095683753072385,0.006072858862228747,0.013722114022807652,-0.020170276394572362,0.04917270004515051,0.0480875382239232,0.025233199825133612,0.009168091148146207,0.00522470535710462,0.01272435383805326,0.00039730746331034794,0.013443221848215448,0.0322279871225748,0.010763862777767308,0.048653751332022876,0.009722959646013551,0.004089440636089847,0.004799331492106207,0.02922060723657771,0.03492834115396959,0.004319999153168386,0.010816876216553695,-0.0320616684195667,0.030514067642827936,0.03682758659142338,-0.0288338000133741,0.0435331410956572,-0.10217015029775445,0.02418323174645942,0.03721867604986584,0.03733746957433026,0.01739567607663095,0.0343187093087749,0.033349690630865236,0.00484242398697865,0.010877140260621143,0.04358504971318755,0.022798644931558698,0.017832058685812502,-0.019808105063858994,0.025896878043004667,0.0133723949145228,0.02244736238376821,0.03409987430109496,0.016999724248530912,0.016836730473640316,0.02145216430171959,0.019180709970903376,-0.0030452499187247906,0.007267132179215041,0.009084323136124173,0.006384249174349321,0.008374000118909875,0.012790698988763394,0.01269277530449453,0.016311107453728102,0.018760737726983168,0.02056916449191215,0.020512833554520604,0.007406050547245968,0.015041701333656343,0.01760915129964724,0.019321529009170613,-0.2336345934213181,0.008553185366463545,0.021830248631528937,0.015480708841622892,0.016818825704744134,0.021580973652412405,0.008485804895073112,0.013416252015871377,0.005616216249563211,0.009171144982469848,0.009356799629405277,0.006577085577695652,0.00859471636887843,0.006898787030211961,0.016652356286129155,0.009276498623503882,0.013519916909089158,0.009604151006842532,0.024118950672202155,0.012341905628836747,0.00738572486195066,-0.00027169352555678206,0.012453965578972381,0.012853002849811723,0.015702020261771032,0.01623508399831186,0.019590295449364525,0.016217602388401753,-0.00030954556561513247,0.012238907755322215,0.014834156651792219,0.018174774604624133,0.01598010024357599,0.02514873091530756,0.03404860922117736,0.028658371095634738,0.004717190172585317,0.0031880574515250615,0.01224969937144027,0.01878996413752998,0.020720279566302624,0.015762736790109644,0.03372717916773982,0.011973715380006356,0.02332503305687772,0.026755334158641064,0.016842139606000783,0.016171210675851144,0.009813321330653269,0.025363370007747132,0.01684046887091717,0.020523248959184448,0.020374008728114346,0.021276535967763577,0.011247110742190092,0.014948921285154793,0.01626761048219727,0.02286547674285333,0.03528141157438758,0.02027233490727509,0.006117060581604106,0.0073885751960955925,0.011423136126909705,0.0062924989232238104,0.01024626431565756,0.014284478678878498,0.011833432412512446,0.017214488898212865,0.02189634872627355,0.016229930616495025,0.01908909863567998,0.037659962245100376,0.022880491183135288,0.02668270795832073,0.03608115449556526,0.005445089059413544,0.008359168273289308,0.006266300101677391,0.026883415835462054,0.009376056668978228,0.007011419258228457,0.011188501751959512,0.03440980245518066,0.011913042548442165,0.02013825045603146,0.003739112279746104,0.004144294260656434,0.003856463772895502,0.04115410084364579,0.01011706786993205,0.007521571952879613,0.015920570150024904,0.02410425331848831,0.0162854921488087,0.026530541448757994,0.02602783027433464,0.0056201989061699376,0.012063315429466037,0.005035230766569532,0.004636170526593375,-0.1024744847234611,-0.1021731806999856,-0.10126578203602687,-0.10035293705494897,-0.10181430016678072,-0.10145592232773593,-0.10082338608227914,-0.10119042089859653,0.0001102268437611631,0.024588616840746313,0.02587093057242429,0.01770425884413651,0.007117160338687034,0.024670469159101316,0.024528738286387464,0.011529910659908271,0.0012118301842867218,0.012416457398756853,0.010859205117115689,0.020188802178655596,0.008096608261719762,0.006177171645002311,0.01239682459478919,0.007949155967901245,0.006892048557395114,-0.23315855075362968,-0.23376617416072676,-0.2331701581418456,-0.2317541713380291,-0.23293537734274483,-0.23120420765502292,-0.23247383274411992,-0.233006755845241,0.0038945430265260317,0.005969795333732986,-0.10189985095668519,0.008450946435295092,,,,,,,,,,,,,,,,,,,,,,,,,,,,,,,,,,,,,,,
2024-09-30,0.02100466682931046,0.010627726815327199,-0.005974561669250034,0.025438299266934195,0.026215964783193213,0.021730731795303493,0.020716036652048686,0.0071054345872503255,0.013326706224853435,0.008388262589172468,0.0108112670163798,0.01057242015558657,0.021633409285120697,0.020261014362239482,0.01329324586294911,-0.00028138938277011416,0.008976742316579855,0.009214897986987047,0.011678369790119492,0.01238835379122949,0.0013748246719931245,0.016741275251392018,0.012072670230413252,0.010821471519463666,0.02030885099731705,0.03229753624737364,0.018631160908057165,0.007833207953893861,0.022118185650417344,-0.0026057753760668767,0.016483502144178486,0.019994201115298038,0.013825212314514168,0.007732245701182139,0.015174199528945165,0.057413002956405945,0.01332814219855849,0.01910880093187073,0.014976331784464225,0.015304085549969093,0.02551292746696987,0.02087881050915663,0.050888514912532656,0.05118447644085511,0.021180188846101178,0.004815391848747241,0.012317405674628912,-0.002508914801645057,0.019609893045327453,0.021849878249881716,-0.012032649519172045,0.0210494901674243,0.013122362877463933,-0.024149928030166246,0.0008985748916388037,-0.05945652928008649,0.07817834672181068,-0.012864712384595078,-0.014745415592659405,0.019601958908452843,-0.0019011841153402376,0.013328782698432295,0.004585460699564781,0.010219530920288156,0.02548231751174246,0.009354572277987971,0.013164776371467513,0.008704047590269326,0.22139117901893668,0.004222461214672402,0.010785526561039482,0.011433745419308305,0.009926382394458644,0.015546278839218663,-0.045430369612145416,0.02575769271401218,-0.061516192091395916,0.021969584262605757,0.026367652497985228,0.02196502927802202,0.017251523169675487,0.02112304229047246,0.008584735938228727,0.010861083417563977,0.015902741727916725,0.00982860275816888,0.02424609386274823,0.05634620810426805,0.03453732747078342,-0.05475797179365782,0.04463271040263583,0.030928101653090012,0.015277539621936231,0.021762825515153406,0.011230178312619632,0.009572746828159229,0.007768647242995863,0.01004866480509925,0.11363636363636354,0.02178871374588054,0.05289387298311321,0.054325970251348554,0.1184433678807646,0.05443726411176186,0.004370466079267832,-0.00026078867494994107,0.02889232226029237,0.008054858348572447,0.014033164492905259,0.011779110723676212,0.06830815299874904,0.016782304834443318,0.011141293645688277,0.009958656403647348,0.02328047033398284,0.005368531787929731,0.01726696425523544,0.005217431013520235,0.013179812381521883,0.011616957504457348,0.0031854266627251437,-0.002534610564201345,0.24444444265544196,0.015371912627234696,0.006608258360127683,-0.002926205583068886,0.006306303500915655,0.0802139037433156,0.02053995022602617,0.012546397235674966,0.0035472683725452647,-0.0034196481242605437,0.033131540610790156,0.009838177463032505,0.004738175492601915,0.01007322856306958,0.030845214613289595,0.022622318873223524,0.017000398660572458,0.004841284521858835,0.02192154377441735,0.01776570364090424,0.018336617667189747,0.03059364686819599,0.013994333049681673,0.015554413507052223,0.051292425122123175,0.01486987397850048,0.019175340793640805,0.003607301847321942,0.005685896320122952,0.0037485890130120048,0.015248057608618248,0.0074117628020131665,0.006134603594478039,0.008447113272965767,0.01199523254142787,0.01640498694581405,0.01172530576203945,0.005340608283108894,0.011964896827823646,0.012399392651501584,0.013774414343193486,0.033034168577813716,0.02612546414004302,0.005161544381959926,0.012570238790462485,0.014744615515179804,0.015357212027713896,0.01314751554165694,0.013912695996206592,0.01578950010178093,0.005601787012795345,0.012371212309607804,0.005172845877400745,0.005909640866535337,0.005190545343868758,0.011967016010882903,0.0060399036548564045,0.008167541005764223,0.005776698496924748,0.0059487401490501135,0.013172818543894182,0.03500658658868128,0.0076107304248176355,0.007548237470180741,0.007149797924579815,0.008823614382912348,0.011307607151898935,0.0141456998665479,0.01029604997656186,0.005264731004190448,0.013967024221299251,0.01014617649026861,0.012079727571667531,0.009761627828250186,0.020508470782710786,0.006395389620664993,0.01848368772403597,0.0042275748987399275,0.0062175610736969755,0.015189448334665956,0.014001589273024084,0.01788298319643422,0.014804423939784428,0.04567305139078748,0.025876680466020652,0.031958001580078,0.018940836675704675,0.0340644239812804,0.009711648923683702,0.028963423609414507,0.006981377158685964,0.019089849764732048,0.010595413798907494,0.02060048650966939,0.05168273088318487,0.008505077902433156,0.023744257435689642,0.011174839174393991,0.01320925652226057,0.02103112113816752,0.009377333451738856,0.004227970652729285,0.00470987713668114,0.05392156862745101,0.005070188626695948,0.008540917005696258,0.015625,0.007142815797138269,0.010300988137022848,0.019120993689305754,0.011320654539529018,0.014731037511328982,0.014325564519739098,0.021691032617791928,0.028850937418777978,0.014866910713145165,0.014564017187136624,0.004139997362023529,0.003979837457515734,0.024165384617038876,0.006241333751085376,0.0061345037386928425,0.005349157510836644,0.0041928096279106875,0.012811663780657012,0.021288943622843837,0.0043461205937425085,0.00384075274232476,0.0047093728261338175,0.027296171565280858,-0.0014126394189505342,0.005621937012179057,0.025080890107710196,0.019055770798620086,0.005625670506530733,0.01340139173774757,0.0046058160853719166,0.005372085958563755,0.009674922543487785,0.004414412886816432,0.00463296702014282,0.08270908674178323,0.08393518007969991,0.08262908690477144,0.08255166359483668,0.08275558933108362,0.08374551864168933,0.08048196202779878,0.08248036613743204,0.012265851577730746,0.0042999112006860685,0.004723782789138875,0.011378981098376872,0.0036280674078781328,0.006056703545995079,0.005735187470055525,0.013854776804485436,0.007186645587090146,0.01056606364700019,0.005653962105088839,0.013167809724392354,0.012147401334564822,0.009691472607317397,0.007682428196240876,0.017350103159279318,0.006660796838896976,0.03471856072938784,0.033898248835601885,0.03631284384697775,0.03444449106852221,0.03591381058034382,0.03568513772709703,0.03569555550705128,0.036327340324457946,0.0021753694613051433,0.00853180645060636,0.08269229302039505,0.010799189331462733,0.009455546051343466,0.02193426747296967,0.0047150855908622,0.014579241565574996,0.007483737961271997,,,,,,,,,,,,,,,,,,,,,,,,,,,,,,,,,,
2024-10-31,-0.00892343020322095,-0.007127049375309946,-0.0485044773600255,-0.02143529987387982,-0.00864623026770528,-0.009673792654593005,-0.006838698833637413,-0.014169859285415365,-0.011169748767543508,-0.025991786442103426,-0.006739500068354332,-0.012831643946983218,-0.007712874448605689,-0.007092417607435397,-0.012535370604762619,-0.01474636237794047,-0.035558133145711324,-0.017555240272329242,-0.013814872037416603,0.00040438323062153003,-0.056632879471989916,-0.056097976486680134,-0.012461942265049486,-0.0121074639857911,-0.00752227964202834,0.017222194227107357,-0.013383900747310662,-0.0527321642511156,-0.004992139446485688,-0.05329852409370017,0.006044179636869984,-0.05454850184947735,-0.03387371458483668,-0.00623828769471968,-0.056160841238033665,-0.030745774758083377,-0.025187505108256736,-0.002369178752402723,-0.018468821565624682,-0.013805347970252901,-0.004245000174055713,-0.008356017586982345,0.04299348742370923,0.04305833715890417,-0.019689296509330823,-0.055133616278167374,-0.04606287673079379,0.005351997825667976,-0.03437827548278083,-0.009331929982236753,0.03327670436271157,-0.02717544401262706,-0.00910649992347845,-0.017914981657510598,-0.044786587067787154,0.045194561568407954,0.04927840992782695,0.014811259615943317,0.04151946537345119,-0.03552589555314756,0.014285677955264031,-0.0032761589496361765,0.0035760894210743466,-0.021250078621232404,-0.0453968948453819,-0.027843119593421894,-0.024556193590142605,-0.010539349130957443,-0.22167788747530692,0.003947507533621053,-0.05131599702849854,-0.012219384588378346,-0.014094944863966785,-0.009890814642133483,0.03339829537286665,-0.06262929194069711,0.05887384235396387,-0.02091170347675575,-0.046487218804721286,-0.021804430997206525,-0.012665756242138615,-0.007811265313767635,-0.050097276600880924,-0.010097121748114057,-0.024959939281441024,-0.009335700012420345,-0.04736803384916122,0.012917614854041082,0.12262705113841621,0.041681396235819346,-0.0324499939911812,-0.044586183864523066,-0.018466727784329562,-0.009475668899769696,-0.013684937531414532,-0.034563321274407977,-0.014547810849215415,-0.00444760224067231,0.16734695434570312,-0.005656580258493915,-0.054361227207955554,-0.01908396890992703,-0.006807878273070389,-0.06507592406286289,-0.014456176606714277,-0.037157670606853155,-0.039261525753549464,-0.0066180303301930365,-0.06338625784238916,-0.02428622472054065,-0.028624552739147657,-0.004376624651593608,-0.05470861014035899,-0.009933614097193622,-0.006905664672884337,0.009262973989722756,-0.01302264163247735,0.00697299632151438,-0.006264361732333801,-0.01606255959785441,0.004681912705803315,-0.018633408548137775,-0.0003369139061408788,-0.011804106459322727,-0.05957657658560067,0.017465385948817858,-0.058327356334199165,0.10118813089805068,-0.008234456307002369,-0.0500415940718425,-0.05476132312168469,-0.051773696585179274,-0.010942673432719485,-0.053463197511490645,0.003394235686813296,0.00022670300255245301,0.0008945408363860707,-0.012442495198184633,-0.026366231600720713,-0.016121451421819644,-0.0074217516617145485,-0.010750438895603454,-0.007702588949727307,0.040084896430394146,-0.002093752457307363,-0.00617588939790259,0.04341141494269496,-0.005494543882554881,-0.023592034173943288,-0.006931975673298951,-0.0056537496855907365,-0.0020109075571002055,-0.018670211708095907,0.0024927551217297506,0.004283890076964614,0.0027920371474159378,-0.0027823727863689474,-0.004081119271082345,-0.0016556669915895883,0.0020650309754646212,-0.0023321004565927117,-0.0024675975717536325,-0.0031450163230611894,-0.03563259672560792,-0.013709376108744453,-0.035502979689000846,-0.004490279474430259,-0.004367681509030219,-0.004535153054281427,-0.005709769347931326,-0.004534384709261485,-0.0046056372965371795,-0.003907418086244174,-0.005599475391182329,0.005417139026504092,0.005691430917738494,0.005016287598237801,-0.03086065136624061,0.00652571106860611,0.004851543460798968,0.006229349908889237,-0.03987865618071218,0.0027552597838655934,-0.015666854480254844,-0.004909609065046228,0.0011099032883239435,0.0022740471873583523,0.0017397965482626176,0.00037272040949365426,-0.0029540329094431828,-0.0015286974086883287,-0.004559421256584373,0.0013980426461828177,-0.0002553305805832462,-0.0016725429293590333,-0.00045455449266773584,-0.007486194316020822,-0.05350063650146808,-0.007239767514284345,0.00408786110007564,-0.007552328173452083,-0.0025484837236864344,-0.04071047598618016,-0.036419763428989116,-0.028464441243502114,-0.036495306145742146,-0.008563561188493551,-0.011355004382390455,-0.003535297123854253,-0.0017831755442163644,-0.0006591765676503547,-0.013555526733398438,-0.04029563332296038,-0.00030667298727771186,-0.0010098428234539547,-0.008038557707015115,0.04380950927734384,0.0016217722083775588,-0.003161276540448621,-0.0016726331130538785,-0.0033732470371928835,0.018166868815959525,-0.030371917186187036,-0.004384114533299899,-0.0021112906030812395,-0.016186026639716578,-0.005885358695713494,0.0003528662254055348,0.004061576647636178,0.003895230324636234,0.0008866051893339222,-0.030753895962732147,-0.004915195414476159,-0.007029325600721559,-0.02538363274819222,-0.005982319460703156,-0.013654316550613999,-0.05246936070678243,-0.0025150002316638442,0.0026350216848940455,0.0024759788695052354,-0.04599757067623789,-0.00020048444565579082,-4.011583362684146e-05,-0.0010933194628867104,-0.034057954703562654,0.0006837763338007896,-0.0035374081468760865,-0.0015082327545630214,-0.0019283996186632013,-0.0018223320878636429,-0.048967290004707564,-0.006603720777580535,-0.03611056875217589,-0.00414100242361104,-0.004723572174740065,-0.006034968596163592,-0.009319219542916701,-0.040768829341971125,0.0030277782006677967,-0.0032579912351153872,0.0030346749085934377,0.00382016769413851,0.10102401337604072,0.09976591099066989,0.10089626085779857,0.10067744079684204,0.10204652156761695,0.10025185166507278,0.10199227464276772,0.10066748717313323,-0.001958994972314332,-0.03889924757199903,-0.04242558660398943,-0.005453838779279407,0.0020267722953435374,-0.03930002594673121,-0.03777410244058721,-0.0003028133482780859,-0.005595619888657755,-0.0011949773913667583,0.0016866595119646721,-0.009209101218804916,0.0015791913007432434,-0.0007648358721007442,-0.017027884344402833,-0.010775189385678452,0.0009535838639482819,-0.03304522704672708,-0.03278683262475668,-0.03388522079452194,-0.03329757310896686,-0.033898336313646804,-0.033666458808142896,-0.03345158959579486,-0.033513057109664346,0.0017770301040482828,-0.007834520060002292,0.10301952603300557,-0.010518375644587019,-0.0026356850313848934,-0.0068571023482961735,-0.0336331881351426,-0.0023616065215245063,-0.009584731217720188,-0.0032167238040399226,-0.0029223360913279706,-0.005841311401664995,-0.012194229094012021,-0.00011744416392123203,,,,,,,,,,,,,,,,,,,,,,,,,,,,,
2024-11-29,0.05963319334082584,0.08886119118721059,0.02379918164990258,0.06448422503415996,0.05350821375714743,0.059222148068783564,0.06498202366709216,0.11071815489442516,0.06452492575631363,0.11069174966275619,0.08885302220783164,0.05923733698928002,0.06782638222291881,0.06558450577784902,0.12451844931924838,0.09716477583565863,0.11149936456603293,0.10768643799058863,0.08934477057075552,0.08862290222006108,-0.018009884518592756,-0.02920895542396329,0.060657393348178434,0.05840683603241725,0.06700345018585474,0.13376923384151174,0.07411094494113657,-0.0031559323506638037,0.0885976672231008,0.020698242192916272,0.11977726019146906,0.019872023179297482,0.010209198054427437,0.002960322482466804,-0.03343278489069057,-0.026771612655615895,0.01110994730873105,0.06426711440092969,0.004980412140346946,0.0564011406378655,0.08343789879471264,0.06223910915527964,-0.031241364603207922,-0.030671299149456432,0.06440679909588076,-0.017564579980542283,-0.0023688590900492468,0.11655098360733063,0.01308906651186481,0.05995820829144516,0.13156443025628106,0.04211910133633867,0.06557375929551479,0.026692887221540174,0.07987278744032111,-0.020114958728400856,-0.06340152376747754,0.011155501175926785,0.1489397624573845,0.10529842528504663,-0.007511730194512012,0.05446861922803814,0.0036966852816937568,0.0059261418179132885,-0.0038243985018682203,0.015130462981440829,0.010683362831101384,0.004831497796074391,0.13532653515865545,0.0037073728370220493,0.003992029789892326,0.016653970770349913,0.01731157259162308,0.016613286925652337,-0.014543520064454252,0.008194177735087127,-0.02553738554443663,0.04032454906920879,-0.0027492470769161503,0.04142118856785171,0.015467484814098542,0.06461674922080074,0.004096276323233727,0.1063162821983148,0.01378107845242349,0.006449510539081382,0.02208195828446935,-0.042875923675437466,-0.12303205040812903,-0.016615794334391865,-0.0011178619953788882,-0.0048715317726026885,0.004908496872670032,0.058889943666598166,0.059433175600347,0.11215847496715114,0.1115149104628137,0.004591593316396025,-0.26590907135664577,0.08896152282527847,-0.01361115568605853,-0.06809338319256308,-0.047220097498489766,-0.01624122907249037,0.050672448274385884,0.00040605526335113495,-0.007036554839452203,0.0035496294608146073,-0.0007296997030946661,0.008480961910941387,-0.03635663551865764,0.014452983859254198,-0.0017619198468801223,0.0052001576863629495,0.03600430705544433,0.012902038240196978,0.06457902210845878,0.014606530084966707,0.040286042586466175,0.05027782119215973,0.004579621318298699,0.0123704892758012,-0.015840872823453367,0.04826482937404286,-0.0172773748206575,-0.03397939840702513,-0.003327525763858308,0.3862613826970658,0.06776179229842749,0.007275781568736983,-0.017294974683036535,0.03137141751343875,0.005549920835701938,-0.004267693482597257,0.0036364131730857174,0.023113538025736347,0.07059985959706871,0.06508288000800122,0.014565732698097245,0.11160788304772828,0.07581273004763545,0.017111658914088945,0.054398554081408035,0.11347890265983951,0.029965422084931248,0.03156849297078246,-0.031664234726919815,0.04028545247061799,0.029228396692066783,0.029989654556876744,0.03719497107029679,0.023891709161081742,0.005147436810636341,0.014291554188675226,0.014052776049935156,0.02098949606042,0.03013387309596416,0.04012219254165883,0.03207300078071618,0.004539044016370175,0.025278615983487907,0.02705973697241526,0.03320024077386119,0.4282330967179153,-0.013502785880348145,-0.005852914782765839,0.02894666073291785,0.027066556007593334,0.03675172298756646,0.027982212418785846,0.03739389542896787,0.02544815520014465,0.030175015643251868,0.04968532538804804,0.028825423642593995,0.03846651263958534,0.02469170784975283,0.06461545300579785,0.007002086310886169,0.011134778191400851,0.007837819363352594,-0.009854714976687107,0.024278733635797023,-0.02671079410657795,0.07135111512261472,0.01662966861616577,0.0164347562051117,0.022292014692478768,0.02542049073842967,0.036422413866360914,0.02500636837400738,0.060070502008347404,0.03030298758429928,0.02000845761729053,0.029165353415783635,0.02207187910291286,0.06213228461796416,3.567909338575426e-05,0.04312784425159322,0.0039390053101961975,0.04901417586902457,0.03064365477483877,0.014195722169153546,-0.002020325252157673,0.012094981625010881,0.033491040575674536,0.05358299140679912,0.0667748406876374,0.0544762472311493,0.05678827318960589,0.022817154745147228,-0.017721713159093877,-0.005500535974049425,0.04160278345372492,0.03106888764057314,0.06726087168867201,-0.031021912164366672,0.016191710284605643,0.04831402530177975,0.025789837159767126,0.03537135925830981,0.08156680138871564,-0.004690160643481267,0.040434737368281626,0.0467976877347549,-0.014750426971236519,0.031224639795978115,0.011640208792439877,0.02087928659521454,0.012299148559689721,0.030877277207113973,0.01197375688268032,0.029031269273688487,0.03881187156270727,0.04675954859380238,0.06391094241404116,0.07836852061073873,0.004429817877413589,0.049479934022238714,0.008287650646080724,0.00870444074270793,-0.002998449272256676,0.014112232063369534,0.010463404506115825,0.012039398961806613,-0.0026792684906115083,0.024940195791582243,0.044057034017790375,0.012838773061317976,0.018689659130580294,0.013366185387442053,-0.021493485533404022,0.07416895588949557,0.09762796675660046,0.050111120553822275,0.05173779126140565,-0.0034450944536731365,0.06268485172862981,-0.005441332881817362,0.005232495271425774,0.010382636665146272,0.005244037290183856,0.0044344271717491335,0.38788337804590833,0.3903717715149364,0.389968428573203,0.38806184330800764,0.386811441392644,0.38764121090740344,0.3900431052540403,0.3885800035853142,0.050890560182737854,-0.009099920841836195,-0.009317220639155743,0.01468725026254658,0.008118714494117274,-0.009808458154476063,-0.008034351392606442,0.029005219009611727,0.049850813484657364,0.013907643905957556,0.014780185299363202,0.015291243466676763,0.0254236708347908,0.03980103134059321,0.006692916490042888,0.0014889157497737227,0.00906444187555322,0.42954783804745267,0.43389818408048986,0.4300518473458206,0.43333329094780826,0.4298245707719872,0.4295045742620498,0.4289460113308712,0.4268632530625147,0.0038976328728077547,0.011110437898121273,0.38776171373159585,0.01248731024183436,0.013172849083718852,0.0035739311573361743,-0.00566569788893323,0.02997110203029618,0.0588710095458187,0.013110078402104985,0.028024248836442167,0.05102727488317593,0.012557295405213331,0.07031503843061038,0.011106731329393993,0.010786997323539493,0.009543067747821432,,,,,,,,,,,,,,,,,,,,,,,,,,
2024-12-31,-0.02406006954082074,-0.07174734875036759,-0.022124761850425667,-0.05578414199974557,0.004540315416478036,-0.023671189159249706,-0.028235986150869752,-0.08373894646898672,-0.06860025005521497,-0.08090093838923962,-0.07174230141630356,-0.06913171891647174,-0.03168498576966128,-0.028313449225582543,-0.0841917162336473,-0.08511682079859761,-0.09249370750855535,-0.06865218184371846,-0.07726201034818603,-0.06719960718598161,-0.028727136077606574,-0.007143907844902375,-0.06897286006777115,-0.068440580208325,-0.030404689567351206,-0.062152868844821185,-0.07314067450635786,-0.02950170727234136,-0.07080882871782901,-0.029035269043293566,-0.07058406867742595,-0.06381013632611754,-0.022584166756487112,0.0025046396365375756,-0.005413125708012667,-0.016966863747686523,-0.016934080535678686,-0.07558297567137284,-0.017143922970051406,-0.06372725621287056,-0.06822198454343942,-0.024504828036176263,-0.014088486936242095,-0.014726401561528268,-0.02908761580919539,-0.02743112570866768,-0.025226610702481445,-0.05553392196475304,-0.04892653667872893,-0.02422119174680426,-0.09754515198082336,-0.07545230927580648,-0.05508871907523072,-0.09593497073553825,0.0029821298577279443,0.055020282192773884,-0.05694842937833344,0.04091061682592301,-0.10288393210911195,-0.032278891366152584,0.029801375889524584,-0.045803912366405686,0.004031071497619276,-0.008045975892867374,-0.025989703078986515,-0.017634864057788024,-0.016809756227960215,-0.0004911404044207757,0.1649341032870899,0.004031409766362515,-0.03505984205086221,-0.013382344208133445,-0.014150235735609917,-0.008704446835817059,0.03908172449336922,-0.03167300567032971,0.04478355816783686,-0.026582169442139314,-0.027643242126682233,-0.029363932231638135,-0.011067624733813397,-0.026502951418372556,-0.0357580722712898,-0.07732905676024793,-0.01573625378548882,-0.001099164021426513,-0.04733579292236345,-0.04606018926918165,-0.07446807611217088,0.0327586469979122,0.050363714396382875,-0.022363074297780505,-0.015242901009063448,-0.02333616750471157,-0.0689814410383599,-0.09334653259440628,-0.08398484383353078,-0.0009912957641260434,0.07216000614857587,-0.07225092985548442,-0.02701603057066293,0.006263031889434556,-0.0863309275736589,0.013207489114168025,-0.056600574397937864,-0.03137346178244427,-0.016353167657227052,0.0037422617918085876,-0.03211325836064016,0.006947942363343396,-0.002382822288133579,-0.004855492326146571,-0.030795202075205363,-0.0007921401080808188,-0.06380684938752579,0.00425185582945109,-0.07184069359541423,0.004431595461080962,0.022632391938234075,-0.03603944999243358,0.0044380558142183,0.0009377305147175719,-0.04298583860217431,-0.04975503681110016,-0.029008157372333754,-0.11945158636155973,-0.03585176719544447,-0.03982358075836723,-0.033951589145369,-0.030245021504648806,-0.023972231479288064,-0.019496832477139292,-0.05563849399937104,-0.02783178090257976,0.004892826182552268,-0.005315651613638006,-0.029255344157918306,-0.026412124406277715,-0.020886693982661075,-0.08279266096097904,-0.06182116904400059,-0.009695992064240322,-0.02727271077559612,-0.032326557738980966,-0.010271761466775331,-0.007951851350715411,-0.013688164009360126,-0.013941077064906549,-0.04044439862224558,-0.006777119897830475,-0.012562796993969672,-0.008152963677689917,-0.015563158713805869,0.005593255117587015,0.005161310011340792,0.005873769766086223,-0.005850477085157846,-0.013711377207985542,-0.008998318649869108,0.003900536483678385,-0.005328743560928717,-0.00696126759182536,-0.009518315625325902,-0.0706468323747651,-0.007045057809402455,-0.01773301231212654,-0.007245770939522611,-0.008709982471198918,-0.012775192335558572,-0.0075415389071127326,-0.013747116615032362,-0.007445006931216858,0.0025581042987863345,-0.03534240518644738,-0.00824819685876299,-0.01381213564228212,-0.008051403593451023,-0.08367656962449432,-0.010558940066324407,-0.015078817466519845,-0.011270822963122096,-0.03572792354055698,0.007859163759840415,-0.01948373328576558,-0.054908956439960854,0.003271508475637397,0.003619877114970471,0.002350428716209274,-0.0025153760664733404,-0.008253684534180628,0.0004978954113852296,-0.045251490720015886,0.004164742873553173,-0.0009181172122565417,-0.005623303402847446,-0.0027290515841331686,-0.02369124515347143,-0.03110634994561634,-0.041425107827522845,0.0038948822405489025,-0.029412741393409214,0.004094436151255598,-0.04223564067468222,-0.014665261364296689,-0.019164501519652544,-0.05542815161237946,0.004556537410453476,-0.031919484718919366,-0.011314606486879542,0.030842143036209357,-0.0002051994751366415,-0.011161218927121186,-0.015560504127981933,0.00455098342192084,-0.0021626517381622135,-0.028531115992075695,-0.014312586504189762,0.0012747264689974003,0.002747359180325759,-0.004199994459198275,-0.00792227926885436,-0.03606693228397384,-0.013665373358851984,-0.01249537273670931,0.002946128688631422,-0.004069059348344228,-0.009611890873102436,0.0031380806007748063,0.003802253793627308,0.004339140441341982,-0.008715679137884291,-0.02595285869231989,-0.008082796567280504,-0.016029165802969425,-0.04251329633834633,-0.02905514236441653,-0.045263268531390066,-0.02823974041554711,-0.018413154327760917,0.004953468241464476,0.0021989465268321684,-0.03254586524061154,0.0015027797462190406,0.0021420743623925542,0.0010814955621138989,-0.013002327241404599,-0.007999992370605447,-0.021129300987385857,0.0018973907500123843,0.0020935611502412854,0.0015931526360926096,-0.01688171974272168,-0.064453733406731,-0.07969565065993567,0.0038373658393604515,-0.016947481816837695,-0.020057518156567422,-0.06987663158840907,-0.019777451319459183,0.003491811691772595,-0.0011417233009479721,0.00341380128728086,0.003007868472782782,-0.039123345104702056,-0.03921801539788039,-0.03929721932858732,-0.038156138149552765,-0.03707414592895564,-0.03814044424451024,-0.04251186358645376,-0.03748176115191648,0.011449255736011965,-0.02781936730258394,-0.019512195121951237,-0.003779231956957063,0.003666682511030528,-0.021187164053796503,-0.012830781394219781,0.0020239303300797484,-0.032339299066696636,-0.0027286618718980193,0.005530959214178122,-0.002953116399241229,0.014414761053164415,-0.035701115591855515,0.0068440026006180155,0.00704226560785437,0.0021295969125258996,-0.06987861644763027,-0.06944440210676794,-0.06884061168264821,-0.07093023169850876,-0.0686000419145294,-0.07044936654018075,-0.06899079489051752,-0.06731843292659212,0.0021158294857888116,-0.010723570986850395,-0.028312861832975766,-0.008882602577486742,-0.001645279537937916,-0.014017589199506797,-0.01424502994778043,0.003272160622370235,-0.042536198404349634,-0.0013935834254857893,0.002772937087514027,-0.03590592941901183,-0.011447493882919102,-0.05943911008349678,-0.0009807618185465605,-0.0015809885132375134,-0.004245733982389033,-0.03229368205478833,-0.0023847164668625576,0.00252470866537835,,,,,,,,,,,,,,,,,,,,,,,
2025-01-31,0.026856345883270905,0.03704487985270588,0.01803267614794235,0.022828727121478654,0.021634043053751384,0.027145384515938176,0.031040538219963665,0.02498180803202632,0.04542753752983586,0.02794643255330942,0.037554131788689604,0.027713616176719524,0.03057570092416384,0.030400549168412283,0.03158210509936121,0.020101174832662272,0.03885665291072593,0.01712553198524036,0.037061468537969544,0.03777199633764816,0.06396456013154483,0.07139821681067215,0.0298089713766867,0.028549132343437034,0.030330549135225926,0.062485251652920626,0.033709622486389534,0.04800954644816291,0.041515981685220416,0.01892411461378596,0.048847251200352604,0.004923879777612328,0.0061654538325834896,0.0037815249989656685,0.08245067060819333,0.02152080290442293,0.005159964274841444,0.02635388070875977,0.013702300701333048,0.043709421513751456,0.04346329695121054,0.029922083186505244,0.06785607873643396,0.06786509239064564,0.024015131674891554,0.06349464814809913,0.04554991185025248,-0.0029145542732643692,0.036045800279156825,0.026979821423288586,0.061294335118996957,0.018470750750750664,0.041150172610971314,0.028980607616497567,0.0012074102677726017,0.03269349426255408,0.08279530237343558,0.0009066859760997747,0.06313182686706797,0.008292580857180543,0.034451078742744556,0.0373853006189131,0.003632728186629519,0.005019374259050968,0.034140407709781995,0.005562854412199059,0.0059795125058046406,0.004270657532433164,-0.036882745483776125,0.0034997567758943138,0.04433291840059761,-9.379699053635449e-05,0.0028185638014863734,0.013512092219931215,0.011046769171186188,0.029794276048906276,0.015875535376304928,0.03140420262250343,0.034892646568027486,0.030558287330596956,0.0009632151089788987,0.029766971143865506,0.04432449952884321,0.03286926617227115,0.006602712553547496,0.0058965118496419056,0.006166638810815028,0.0811559014581742,0.10668100679778392,0.04106843108192337,0.05434205822524518,0.019472130460675974,0.01238877289429463,0.02694824002040619,0.028724705515993376,0.04032315736961345,0.0254112992740001,0.00894639374822237,-0.03665041113064593,0.04438840616003281,0.02715787110989587,0.026970938101314346,0.004374386327698154,0.03165737056179596,0.03558965670037928,0.02984009703490953,0.014962633217242782,0.003102269561379156,-0.03134494168527879,-0.017406395689698928,0.03224520059240188,0.0122772434649292,0.046955062504743905,0.005442498107573357,0.010728059647777233,0.005511325231198239,0.04156794641102812,0.006451507431976644,0.019934021059783813,0.02964945816043585,0.0042162720702703105,0.047482057179111026,-0.007925047245698535,0.03472449565471569,0.0640978281770821,-0.038508148266237385,0.04741381383178522,0.08632811819563257,0.029258536995751427,0.04109173126421717,0.05833814982334973,0.013163391053706786,0.02019310477200742,0.0443919273763973,0.002701755970507147,0.015586746054727207,0.047490454832580076,0.026703660608673463,0.005613683705120831,0.02632716491328546,0.04118105915538939,0.013475203699915728,0.03257394953389836,0.10987383959162855,0.017393892082824713,0.014087973205016757,0.06746337563495253,0.020197434547681414,0.025376706190628928,0.013141280307659153,0.018737020168127394,0.01473924251008829,0.01161581622190333,0.014201147316475593,0.01412064765821186,0.01897809870558853,0.015693118900721892,0.021913717594121973,0.018840982469179313,0.006174181802260259,0.01388629479630743,0.01543977056528023,0.01873795446416504,-0.01034973014647056,0.010906105402254562,0.027621364839663265,0.014545490215351009,0.016531071536882935,0.019938497808894784,0.015990789679928508,0.01836739992577252,0.014035671473876077,0.014179713026521545,0.017598956891799133,0.013861426425845647,0.01927680062791448,0.014500367751372423,0.02508652343457185,0.016397738108807625,0.0194154018554773,0.01652886901782047,0.03506680704873455,0.012892470990175209,0.010190191291385764,0.01927714190408869,0.008695644061371466,0.007514277023151106,0.010424678348857963,0.015970852248720746,0.02121757474172803,0.013685072668609077,0.019967583879191286,0.01613318715361589,0.011223434459759929,0.015923760935427245,0.012968881605724514,0.02969189245330517,0.04910212009905446,0.025030410402463232,0.0035885224719325315,0.018549395081794318,0.014176479881390813,0.004445574580743905,-0.0002505217131403281,0.007067148527813982,-0.006735156683629673,0.02157277247360545,0.04721748005807114,0.026510774755828637,0.02399319587911708,0.012783698963490853,0.011673754773071643,0.01842836844248885,0.017534899522758662,0.01569135312125569,0.030745061665069073,0.06839889197402704,0.009070650754935405,0.021425905696985437,0.015025496864846444,0.018494248907461763,0.058585093473186634,0.025081855090454575,0.021633377867762205,0.02196262047560915,0.00986742662618667,0.016893018213315347,0.01616267449388964,0.022049421776004774,0.02030606988731498,0.019163478107444343,0.01590554710980996,0.015391821707974485,0.022312591074320265,0.03621284106749778,0.03253501305623341,0.03657781917018155,0.042039503686084556,0.02205199753978415,0.005069054971083009,0.004873961936068039,0.036341008487196236,0.006738890332366854,0.005217563552877058,0.00936262962174883,0.02431500885042981,0.01411290568090573,0.02158538508579233,0.006911081662410501,0.006477366538129248,0.005753646677471691,0.04468663678586804,0.04949359756229499,0.03648098168812641,0.023861902940370605,0.02425234565248524,0.030632233126909325,0.04686762403292244,0.030811563297163724,0.0071428565356521645,0.00819196945567846,0.0035684626393508445,0.007700115504688521,0.08784165719943404,0.08654078695921585,0.08672566331848519,0.08641583733708846,0.08617917594599334,0.08670029127591672,0.09214390468616518,0.08657840991019383,0.006429392852423943,0.03652028633824722,0.02483584275886197,0.010280724665114205,0.004269545495811933,0.030239760955229178,0.02112098020672648,0.016121964405217515,0.020446139487314552,0.01005698703086133,0.007260724272091457,0.009218828108344512,0.01458886842691065,0.00954198445496357,0.014954294386601674,0.008391593053308721,0.005275386516382374,-0.006722027289037036,-0.007303878242206463,-0.006884152747284267,-0.007092201967616729,-0.006586875055135,-0.004915974298848158,-0.005912555022345001,-0.007786712377533256,0.002794954729555821,0.004872892101642323,0.07499401647362514,0.004283216284877822,0.009445741914467787,0.008424562723890361,0.025268432552346676,0.014715652486177788,0.01781807900715604,0.007575778892966678,0.015033481485399403,0.018018417910075524,0.004058611794669931,0.01720368097136271,0.008482214882277628,0.008115594689174221,0.011383710046187545,0.018081014297730125,0.008844626242882736,0.014606773208705182,0.01372954905978263,0.017097575281015853,0.009840896926732512,,,,,,,,,,,,,,,,,,,,
2025-02-28,-0.012694839644185052,-0.042120988086361666,0.0023423276994549713,0.00024270581665741808,-0.027034671566146473,-0.012602147043912937,-0.017371147893831873,-0.05223418051375728,0.004288543778005582,-0.05614655562050064,-0.042846104346077496,0.005250614692932087,-0.018753431170582924,-0.01777005739592874,-0.06773108234854308,-0.03803654386690891,-0.05823807630552291,-0.05395140396947051,-0.05546126594536549,-0.030922165513096456,0.047481517320053124,0.0359897276012775,0.001468265169184857,0.004562748689022733,-0.018888397320637296,-0.05725111837656893,-0.01795065620363334,0.029530598529776242,-0.028347941124190923,0.004989503182877497,-0.05736227622724088,0.05697102339913074,0.02799705402814423,0.007352125451187463,0.03722178746099147,0.011470065771209459,0.022374076064730186,0.024860932088442977,0.021572172478180773,0.00809282713814663,-0.018504255226607147,-0.014616615597646154,0.018216241876358952,0.018914318520950824,-0.018632916109283748,0.03999974362714642,0.04447678304584679,-0.052461503193730885,0.003162882310401516,-0.012853162630731774,-0.026159252910013753,0.027872678215434377,0.0019048998282547025,-0.042732212674908676,-0.08872355230989504,-0.03588817665774813,-0.0070151091313160885,-0.01639638324159598,-0.03257490328986079,-0.07613712167719311,-0.014653637522120455,0.012768342804490684,0.0031152907245013406,0.017176159090382948,0.020717534175624053,0.024289872902881537,0.021565952767833796,0.009786472573086735,0.25633103654321987,0.0032379462032943174,0.02262709600934909,0.01327759768962844,0.01243226374259998,0.009311627678538548,-0.027055076430399838,0.00511498969035884,-0.023128665699529538,-0.0029704226038885784,0.024824050357134197,-0.004129774556932753,0.015013764795536622,-0.01508166188564386,0.02432702234724826,-0.053912395953409464,0.019295210113436045,0.008837384385313785,0.041889007560915514,-0.037866148693745494,-0.08579467906893823,-0.03271329210328311,-0.036382071116439874,0.009428872783306286,0.021414791652131893,-0.01265067969458622,0.004478196797929046,-0.059669410738335094,-0.05229247062069653,0.012358937474050036,0.03228041411939375,-0.03628208914756581,0.010062350526751862,-0.02424243965534245,0.03135893943436807,-0.02842956521230189,0.028493678082210927,0.03776451502491218,0.011738989075799067,0.006931112892266,-0.05667784093378758,0.021632082305755862,-0.017740107458829035,0.00913105464738373,0.024462983215050915,0.009672958865479142,0.040856952668081314,0.000432167369778913,0.010545449441861532,-0.0010226859801952815,-0.005912361294160173,-0.009762244177112467,0.003297966305175537,0.020604362722737468,0.04248359223131515,0.010241047930456881,0.04334962554032473,-0.1163285405928215,0.02546295446058533,-0.17162047535461833,-0.013159023575197049,0.027945937016948807,0.04124646906609297,0.006181926045345065,0.004354757916701146,0.024396437891610834,0.0032551355843943863,-0.0019732547990245486,-0.011280533848905372,-0.017919119943822226,0.020222869887636996,-0.047272528715407325,-0.009950376188021526,0.009285648066745589,-0.012441648859264798,-0.09803386900222055,-0.005186009827885862,-0.0033532787939745123,0.019501588940546766,-0.007039148730064948,-0.011600975913595657,-0.0027438416047115277,-0.006811971635422354,-0.004748552306373499,0.021839609440063024,-0.004667373520747642,-0.0043037511125395556,-0.0069586604244916694,0.0006706418105568712,-0.006470689230170912,-0.0014323024171810639,0.004588805383488159,0.0002628370476489561,-0.0026506539242678873,-0.004681116364859905,-0.33249190933995976,0.0060961108186843305,0.020940892968329905,-0.002560222357973041,-0.00542994076524328,-0.006793650472188162,-0.003273665485144739,-0.00595098030912411,-0.0035583890796830886,-0.008642392994478332,-0.027549194947181554,-0.003125071401394508,-0.008169477123348368,-0.003616044362661497,0.011705083875513944,-0.007170263374324026,-0.009033594370771558,-0.00869070856481391,0.017322929399266274,-0.00923836525143562,0.005716209737803624,-0.02624114939124167,-0.004579692183107498,-0.0038783134349607007,-0.008455882965229367,0.007308417446570292,0.0029711246354402476,0.006381892754575569,-0.04272092817136175,-0.005643898324605545,0.0035802051363620357,-0.000219704361192119,0.0010277447393471917,-0.016100049146792306,0.027293521660989084,0.01306169524085532,0.0033195974027191433,-0.029385293764189746,-0.012721809044888954,0.0330670820650909,0.048621517606978415,0.022192737261894635,-0.002712048460157046,-0.02665245667867644,-0.02432849399266035,-0.005828213788676484,-0.020143924060156304,0.0037635651903296097,0.009246471966305014,0.017285741232913265,0.0017809181009453834,0.004296147196873656,-0.019479387524989455,0.01895567610872484,0.0011039220153392648,-0.014135074313015306,-0.0009233207846245373,-0.001340686763403376,-0.04166066292866133,0.015945940231328892,-0.005826510336261137,-0.014705900164961427,0.007671690855777902,-0.002931600988640315,-0.003215319333279454,-0.017282366329703924,-0.006810430455441607,-0.006470153352692631,0.018235573224224977,-0.004581319864424227,-0.008040965158514268,0.017961783965677824,-0.018928807236003098,-0.024189285218483736,0.022172980324739466,-0.00958935806091088,0.0034293885504559363,0.002425202777744495,0.019040583177970527,0.0018727601916064263,0.0021961992050794077,0.0022832384751201307,0.016474761605075994,0.0004969976639086493,-0.010018155134039586,0.0012478576855132761,0.0018681590559177508,0.000926857848571494,0.052369753146757514,0.011639049621146258,-0.06102030299580741,-0.02153219882188584,-0.00845129959042834,0.017826311624581148,0.0024113028620496024,0.018622136883613027,-0.0010478136954500394,0.0007558752250829137,0.0012929709367932585,0.0013870982098218576,-0.16998783077841373,-0.1708032433878437,-0.17046685586442767,-0.17043327060334523,-0.1708761783550714,-0.1711045188662359,-0.17096712951708282,-0.17153793821982255,-0.02511126138943398,0.01788369326401562,0.022330919388095838,-0.0022905945246611825,0.0028728111998976846,0.022335696936911287,0.017860036720634964,-0.009360684243814421,-0.032786939922202385,-0.0007687205445976453,-0.00029129632279878415,-0.003338402289965847,-0.006909410591152687,-0.014744850122784259,0.010065078328671984,0.006896319109515936,0.0027644699060835887,-0.33160826613890615,-0.33077415852686076,-0.3327305851110919,-0.3315125900240534,-0.3321278120500847,-0.3305887354459647,-0.3322759472213477,-0.3320254015305537,0.002935139576338175,0.010168059263955476,-0.17062867755772237,0.013206525276194592,-0.0010353179991537953,0.010829120255229086,0.017437123246425212,-0.010867084574568309,-0.03169078696411298,-0.0001979053432782374,-0.008479804660335821,-0.02901489990776418,0.011359016604118866,-0.038926155362653425,0.0004673119314568819,-0.0009817246566060644,0.0,-0.028222810670990417,0.0003553775638047707,-0.008744800441093048,-0.009379435828881899,-0.027470278518264557,-0.0010366833409725107,-0.000619319840788557,0.003504678797443539,,,,,,,,,,,,,,,,,,
2025-03-31,-0.0557191077762873,-0.05484225585753222,0.0013144730643157576,-0.011642048389461701,-0.07586191333200998,-0.05593141792639578,-0.05769517559324722,-0.06854107412023525,-0.02781530573661195,-0.0617295334600666,-0.05445470153116927,-0.02978320995526662,-0.05784679575409102,-0.05781691090104457,-0.0755083167889411,-0.05978482052849343,-0.05807526301181587,-0.06389183516719465,-0.0636856982216697,-0.0437312491024483,0.0031024484964281562,0.016415394669113015,-0.029663107284988666,-0.03007609120266097,-0.058553378995482186,-0.0738312440113772,-0.03719634826417817,0.0018386428088510431,-0.04618237108875434,0.006481814947533193,-0.0797967669284696,-0.012046985083656314,0.0034194876078035286,0.004406920327426622,0.009104758225627396,0.011340086163060814,-0.00026285738415654514,-0.019945834986985544,0.006797155553450285,-0.024587883246514064,-0.039698664928547234,-0.057747095139314975,0.09446585889998316,0.09448673201244873,-0.05759055926923373,0.004203150885230711,0.028621292246231222,-0.09746393334442116,0.010862372688308586,-0.056031363565028136,-0.06964362589045159,-0.012856314245570433,-0.03518390942978933,-0.08573285145524734,-0.11348665523847967,0.028051057911586685,0.09466620825619887,0.014735657784099132,-0.07801212130183777,-0.06566480554006093,0.026137895887648144,-0.031629070121817815,0.0033426229656245976,0.005566553815584241,0.004059523717617974,0.0002131977194610446,0.0001224724621606832,0.0050585700720569005,0.06243856677661275,0.0032700232893561054,-9.728096587391377e-05,-0.018231327889750126,-0.020975232652523768,-0.013375778348280964,0.021657687848843254,0.01033719610033157,0.02783557391118041,-0.03674593044906094,0.0023499489116551864,-0.03517676723257479,-0.02274171438376893,-0.05806088197401338,-0.0005053015499696389,-0.07071904514815341,8.551572196013879e-05,0.004057565452432188,-0.01176024303847445,0.05764557801561554,0.07159769343986055,0.03149869919581483,-0.02674358872801952,0.01337865632409252,0.007304772826100869,-0.05608013209407148,-0.02946969954309786,-0.05789144224017895,-0.06823031383659617,0.00838138083511697,0.12262671002089531,-0.05788443971591106,-0.0013427808642992867,-0.031055901111672335,0.03124998993164807,-0.008824920018487004,-0.006158732223755181,0.031096956736193393,0.010793231141507764,0.004569389191582562,0.07027029470559665,0.002223120151238156,-0.009030213915857233,-0.012868832477112901,0.0035820601750671255,0.003674142617101639,-0.003344078349378221,-0.007480568326127313,-0.0345222700118436,-0.0011002822550552072,-0.046145225833262304,-0.05668947040007888,0.003001197634240338,-0.02314956178661942,0.0027865494115586475,-0.031650788489756665,0.0036709225425759495,-0.13778696998273454,-0.0045146893061779325,-0.021618412073433735,-0.056262176879303794,0.002752178672991601,0.008430350631037253,0.002082724271197156,-0.03716127593084184,0.0028234564867497536,0.003305076670887308,-0.03141476912994823,-0.0825881333316335,-0.05894216153961673,-0.0028545830231898606,-0.059120158968309355,-0.04175664020648373,-0.009605521071007761,-0.05929094370454446,-0.14956934640807684,-0.03958411023845221,-0.034126459091887495,0.09387175563235406,-0.04342044995512617,0.0021838418741559895,-0.028264159105891418,-0.038866042471515594,-0.030311585705260158,0.007172645994510285,-0.027667063609828624,-0.030206038259093737,-0.03891179864939909,-0.044095977598355374,-0.05597043211020736,-0.04822613775966145,0.0030565168315312974,-0.027332481902243688,-0.03221380218456027,-0.03793349596086071,-0.17774175855644048,0.007095570968673304,0.0021682085009053775,-0.030287482877433214,-0.035654666840931326,-0.03852687766979557,-0.029560432782107404,-0.03810727072685838,-0.03239322993400895,-0.036904992317618346,-0.03249478759332458,-0.027690637209921598,-0.03803531756201073,-0.029861357360785323,-0.0173620446612186,-0.030178023467324566,-0.03889782488673499,-0.02997741388558406,0.004524065580434611,-0.039121358044920895,0.010966266265870495,-0.03590400846269892,-0.030581895663953973,-0.02994908710031363,-0.03758809862555268,-0.026694106723788802,-0.036457884764013015,-0.025975576261194733,-0.03385422888900569,-0.06318123741626391,-0.01756310136574335,-0.03125769402066947,-0.017952464329111795,-0.05815786526530975,0.001368056268796769,-0.0328695074434634,0.003318846547741394,-0.03896909839631313,-0.04506840845685489,-0.003791779549675245,-0.0077915920753858225,-0.0016231347333447443,-0.01658867578955625,-0.07612293168537598,-0.06375330194096707,-0.06518581543229973,-0.08710606689682232,0.006864298463525875,0.004694501074950619,-0.00433835620197931,-0.009699050688771749,0.0076772687636281756,-0.05922607019079562,0.09406810553549527,-0.011342174320969733,-0.06704163689015685,-0.02275949482008577,-0.031433314332030005,-0.09460030629297067,0.004325315256582973,-0.04447424632263697,-0.06367024866055337,0.009052699854577462,-0.027180683300624064,-0.031261836658675546,-0.06681224807040909,-0.045335005804178596,-0.0393493939311943,-0.008127026500977186,-0.02993142170349905,-0.03949170899744303,-0.008767684281911547,-0.05846938076549579,-0.080742498222381,-0.0004022533892764635,-0.04940787023176063,0.002947258673921427,0.002410630645952816,0.0033134109784298538,0.0031506034002777294,0.003542404133966892,-0.0012102369507622779,0.002439863838312739,-0.01407515288478034,-0.05722174468644614,3.3347892674617796e-05,-0.004097815223414014,0.0004677273749678079,0.008010020975608656,-0.01889966392342124,-0.06494879290383859,-0.06782297631186207,-0.05198706747526094,0.003362961707848333,-0.02587954179633223,0.0031248402949985987,-0.005415749339761189,-0.0066842918744786095,-0.000669520597845974,-0.0033753118635666546,-0.022755743588003807,-0.020816309922406462,-0.020942388335015272,-0.022127081695375583,-0.020588226337215687,-0.021772775307667414,-0.023007168743808926,-0.02141958170185332,-0.05827877318248076,0.003746174442014416,0.004786558307273703,-0.015092174400437863,0.003078760795871771,7.628812942894747e-05,0.0004298596765683893,-0.03976651436175771,-0.03992465146525326,-0.019306165884893867,-0.010560779965309353,-0.015717022132209157,-0.006280549677931346,7.677700525032805e-05,0.004811912643677196,0.014348574582585538,0.0021363889834049576,-0.17689106961015566,-0.17686433151577097,-0.1757000676100835,-0.17536140720371174,-0.17554154207685646,-0.1774292858715557,-0.1763658099832257,-0.17623134959012687,0.0019156622872389395,-0.012020978292668905,-0.022502012091762058,-0.014220815499412898,-0.015784435539057506,-0.014566371552988344,0.0034831289668171284,-0.0386847189649111,-0.03042782875458061,-0.013417724232938522,-0.036414999388107216,-0.031771622782003184,-0.014106586452070302,-0.044817400840516,-0.02385867165454192,-0.01136012023493671,-0.012528359322852123,-0.03261816221768943,-0.010974690489738537,-0.03621236333411415,-0.03811778171534341,-0.0340640253210992,-0.017019503728316288,-0.011967467812198707,-0.018199451080320173,-0.011282927468466153,-0.037227834062914744,-0.03400994900261278,-0.044588476654132125,,,,,,,,,,,,,,
2025-04-30,-0.008670166230189347,-0.023768277374767388,0.041861070852793336,0.04171781356399484,0.013968265440644778,-0.00701208298785283,-0.006748294873126004,-0.023209161707493875,-0.03130321059315855,-0.04245969383485504,-0.024678692363724553,-0.03751719003038967,-0.008783371416021923,-0.008155586291727857,-0.007748693039179244,-0.04093251321603186,-0.028433810668320292,-0.05806315732783496,-0.0037223891208947313,-0.04610385432924258,0.03591066741847149,0.04638491743358708,-0.03781558211118319,-0.036028969232575925,-0.007349568432990061,0.032343178070562084,-0.025561686371652237,0.03695090868179385,-0.010814500352247514,0.045629019818562044,-0.008185232585144364,-0.013604559907674618,0.010561251391312032,0.008126261230771092,0.033817258054568144,0.0013729495508887357,0.00431053747512955,-0.04400901971671345,0.0012593473330080318,-0.03623943884184966,-0.00978278281658529,-0.006769655819228726,0.05424437277239913,0.05444367595517852,-0.0003481045002976524,0.038456131418508566,0.034272120073754575,-0.0028852183680766474,0.03408503269226881,-0.008515980161906578,-0.04399544078998574,-0.03419815830453643,-0.03068558654372555,0.02281154353322612,-0.03890022323062281,-0.17806802187652127,-0.044853159080816773,-0.013886350492780863,-0.047845136954822176,-0.005644739147758759,-0.08871323746833437,-0.035359827313067416,0.0034884531841035127,0.013514611629094064,0.02769539567313073,0.0036492571495765347,0.003960854173330475,0.009611822833710093,-0.2253586627341687,0.003402394683776011,0.04013362568199619,-0.004117276557079164,-0.0035031777031729883,-0.0006121786967824283,-0.15990580363124052,0.04674959455662786,-0.11408563161174612,0.005155120418494308,0.027051402567494387,0.005605840170317178,-0.01159005813694336,-0.006793366472290563,0.03892819101597178,-0.02560816530892529,0.004162545371834803,0.006725777934680766,-0.012008457152826946,-0.031520204023885556,-0.05024847138282029,-0.169720365897024,0.009698292583794732,0.031053813252366336,0.001455830426383642,-0.008114326339686784,-0.038058591248982476,-0.02853662217891917,-0.02355868113893078,0.007573690785938947,0.25626743928077245,-0.024427527186280495,0.0007044319654825326,-0.034188002141121165,-0.06633910049844904,0.006091806927697618,-0.011958034836291986,0.057879878859878,0.03283506093155175,0.008270662183442301,0.04059829392331604,0.007024731632505832,-0.019809825853173924,-0.00043992423162131367,0.04044940593627655,0.008218718677702519,-0.05253034236801213,-0.001933486329325218,-0.03834973816304266,0.004170497586406308,-0.01935650176926862,-0.008894685865611485,0.0027041004979950767,-0.005235498018917761,-0.041333813692788435,-0.026545922630991314,0.040066502358603096,0.08836936972301923,0.039052724781519776,0.13963478179837363,-0.007630879522354417,0.0448806571576319,0.04836829758930228,0.0376960299096436,-0.008704153020718364,0.03660178830542771,0.0034356761625295995,-0.0018145119251035124,0.021725360984339748,-0.00680827327880118,-0.002829934055847083,-0.030900146156515818,-0.01670190119170145,0.0010841708025142172,-0.012499886959590256,0.05786894217389782,-0.005636550833622467,-0.0034834385277983104,0.05440421820538388,-0.005558167595427932,-0.005488017994367489,-0.0030887757168047703,-0.004519563208098654,-0.0014471559526668676,0.001326630145351615,-0.003617109270882324,-0.0008389093937849479,-0.0066906904027789205,-0.005888925557241631,-0.006122018572105037,-0.0010047115215097158,0.003257407722223604,-0.007565490191713042,-0.007303032026326317,-0.009209127697003217,-0.024310108745263626,0.0005145855095256557,0.028914801843709093,-0.0011910579777458796,-0.002426332651087937,-0.00603063637686263,-0.002863853444117437,-0.0045002924829418145,-0.001627379529849149,0.008810389812884623,-0.013085944538696048,-0.0026867889720201266,-0.003403960672757167,-8.842906275641216e-05,-0.024206763591463676,-0.003989300991192324,-0.0063550947709317684,-0.0002914962610961469,0.023143796508920955,0.008798350660925047,0.0016865760393292017,-0.013989926595365798,-0.003629287247984503,0.0,-0.005778903703921423,0.0016878023791477847,-0.007180966539113598,-0.005884577495187782,-0.009756907337789555,0.004612104873943368,0.0019552987797764043,-0.005797820843268298,-0.0018818246052868526,-0.0058518041906040486,0.035987978917042085,-0.020129615037887683,0.003648195139171362,-0.013981221693441293,0.006713643444804962,-0.01087490451471218,-0.007900927770691069,0.0048217345415249024,-0.016271809912940194,0.014661630295186079,0.010717818942245882,-0.002646650535244932,0.014636125286545676,-0.003150977107773234,0.0008289757721875457,0.020624504982792224,0.00538538964946178,-0.007337688758879635,-0.008597989454721344,0.05421881712932475,0.0006373632344987001,0.019037987037804127,-0.0005911174317971835,-0.00479118883808527,0.02314762449981833,0.023164796106295515,-0.010234116820091788,0.013295607867427783,-0.00015013927082008216,-0.005406652520508204,-0.0041090762905683365,0.012379306869814366,-0.010160056145754659,-0.005824333676983873,0.0,-0.0027066069085435185,-0.0027822478600406653,0.011063652560146409,-0.0049880271501447915,-0.008783416654382759,0.05187723150085377,0.0038230656095241677,-0.0073350167594358195,-0.005752612848529015,0.029577151882972164,0.0039477911649927755,0.0038236327771423717,-0.0006770883853546295,0.025903996034624788,0.0,-0.0037080510785292287,0.00021045333276648037,-0.002705589706234246,-0.0010570101378812868,0.028843851606682236,-0.048780383582209486,-0.023015800185189894,0.012575320880194418,-0.008707400202211835,0.024125548020921705,-0.030335085193987865,0.025887054697039558,-0.00729206382864489,-0.0006082515545112743,-0.004171604822880592,-0.0031609211088208244,0.14313174004872153,0.14186465070582233,0.1414883761808201,0.1422141436028883,0.14242813259927267,0.14339577645930035,0.14295534935396903,0.14248934381474654,0.019992558445123265,0.022393015604679878,0.022306243310759033,0.0019488206093063454,-0.0034421042928032275,0.030386174649403186,0.025507807351532463,0.007978761179947336,-0.013613186551044487,-0.0007844567832712146,0.0,0.002729888798026492,0.007834039376429791,-0.003913789774790621,0.01753394210262016,0.00116937521921745,0.004453814108309695,-0.02170761531730714,-0.022647975395822084,-0.022465745063677267,-0.02286586839570537,-0.022988411859096725,-0.02280376113463789,-0.022350358219190958,-0.023038951554599008,0.0014571500837652351,-0.0037899665021786655,0.14305281353511812,-0.008524793778423079,0.0002025379973100705,-0.007924112129119587,0.025756315285104803,0.009537203544490724,-0.010113965395108782,0.0010831468848948589,0.009638545172488966,-0.011629374238733892,-0.007246768948006133,-0.004559230899817912,0.002192994630904943,0.002266355850705448,0.005477750594567565,-0.012649412821935102,0.002275221132689298,0.008633767939144832,0.00555817036963191,-0.013879224177308136,0.0050675223960423565,0.0038807154572400027,0.005889101788155271,0.002958567002352419,0.007666110098873524,-0.012592195542547646,0.09738288359833303,0.0007761139855799737,0.010272628777874715,-0.011674391730666756,-0.018864984296489862,,,,,,,,,,
2025-05-30,0.06284493303163585,0.05360978582363529,0.037659349203516435,0.05912823792919264,0.09178274535290876,0.061276776391517185,0.0637080750122605,0.052396688797877955,0.03483848921107047,0.05233202725510755,0.054999171836085825,0.030311332634790134,0.06361731232378531,0.06437486362569489,0.0633800409453309,0.04164368229517468,0.060267880526251094,0.04269220912745131,0.06170896093067868,0.0462306118759066,0.04926174909410275,0.058686372157103595,0.031982057289354104,0.02945357105127666,0.06253210845056967,0.09605071807569998,0.04382898621828324,0.047905551108621935,0.057159861721081784,0.0344646838951832,0.07275379390533021,-0.03210613159264175,-0.012395852676592378,-0.0025464792893601373,0.05226671407276595,0.04021934561562279,-0.006069116792801643,0.021732377278221415,-0.0063189191883913365,0.02949303830510419,0.05494176353528668,0.06459323254488836,-0.0005595776946504261,-0.0001608222909389445,0.0623529470403239,0.052804816402137966,0.04396330088983258,0.08192421920999937,0.03346842551791851,0.06334374053518843,0.050760395553146376,0.027930424725225,0.04008190785912169,-0.045328446729836935,0.14598890105745999,0.05648206537164224,0.01351350045186761,0.0462954837944336,0.05080360728361666,0.10523998228776321,0.020240967532238363,0.03713820685912683,0.0031973945966758954,-0.007265501804385899,0.046358634136543175,-0.00871973667293835,-0.00674240347421573,-0.0023426412119662565,-0.06152925609642301,0.003631681613502913,0.051257837327502775,-0.005696915583004669,-0.003983712632794512,0.018358479932896854,0.03208730974939211,0.062105098732276875,0.021609335848585154,0.056927950373057534,0.04442482941589909,0.058061821163826854,-0.005534703368841654,0.062471218026646236,0.04963501532452219,0.05825672587734543,0.0031302313402283843,0.002433371102327886,-0.0135095406849286,0.09334390504684364,0.0323255657672632,0.04258615504137797,-0.03308425504040291,0.013843752342380888,-0.007376450090811448,0.06281650316250231,0.03064692015486492,0.06154280768264542,0.053841431307987575,-0.0025834331385340414,-0.16423818549458025,0.05829416741590632,0.045263153482796525,0.002212355584805259,-0.005263111223693051,0.006986564074345614,0.010481900599309979,0.024384296893105395,0.012147823829328885,-0.002424799657358978,0.013813733109621307,-0.011122599767504626,-0.006871466364862577,0.015904913646568986,0.048913759597109197,-0.00033054731549309047,0.004097736760309445,0.021319518883702537,0.04319431931993356,0.010497915852932138,0.009107927045592934,0.0454036068485566,0.004177855090714555,0.04626043831492499,0.013043431087944146,0.032756961673006346,0.05019174119808589,-0.0471450277442923,0.03831231841762328,0.11040803754233441,0.06188210807209327,0.05154371799763591,0.04928178464622812,0.037979130473406064,0.004476037431036417,0.046291872984093985,0.0032553523341634083,0.03749151531031969,0.08054501424007099,0.06524605765263058,0.0033146365791880683,0.06621112182085587,0.05215990228572687,0.01849922513728064,0.06329016575934832,0.12705813877776606,0.05026700707804732,0.04194757396202853,-0.00030719090321273956,0.04564515514331635,0.019314254127129393,0.03614772895497098,0.04563918559263991,0.03652169047922338,-0.006886035290476822,0.03569696236725406,0.033140920179838274,0.04697751947496842,0.029619159787388494,0.041933202941356607,0.028159576089047844,0.003418689478274395,0.05771845789017638,0.05882357034089436,0.056815318181200336,0.43838389128118105,0.024686419726256847,0.039349871794112756,0.03882337694161864,0.04433061373041425,0.04635733209509829,0.03785902850714362,0.04616822771100848,0.038946332966057984,0.05076570052314411,0.027869146574243997,0.03798491077544108,0.04561219123479621,0.034494991685584564,0.019711933630598644,0.03551396500033155,0.04590046621122057,0.03149600430218635,0.02821422986763067,0.05044892415422653,0.022483402086843185,0.030930763356175728,0.0375455366811106,0.031491215714244625,0.045119857619130066,0.029907290324488134,0.04717981560186746,0.03753143161549932,0.03178502334533806,0.03881470537194098,0.030945097390702392,0.040517231957298616,0.02522814548979846,0.06631770122786529,0.04727932798314982,0.017930261267071534,0.0035373998562828746,0.02157749036780321,0.06172436435705464,-0.010044988072160477,-0.031175651217417832,-0.0071671515524406315,0.03961328004833908,0.09139645355261483,0.059238668912854786,0.05517744779905054,0.06460293967263864,0.03324717013583056,0.018863003317249882,0.027465467645475528,0.06553939242902174,0.04953413132740758,0.06604409658540611,-0.0006086566461405152,0.015286609811073548,0.11038941643867184,0.04477302973388264,0.06473492780523515,0.0922084310138187,0.028603295333953893,0.06621816056620156,0.08895248233213437,0.01768286067926561,0.044096286939624196,0.04296792236384217,0.08941928856970982,0.06147310679316442,0.04683552434899685,0.010794481979420567,0.03694129970098725,0.040486074131520056,0.03301978003258377,0.06425381324425716,0.06916118912612879,0.05504097503187344,0.029514428016372163,0.017651875660589678,0.014321343984187385,0.04606550000510379,0.008546767682335199,0.0062149337685804,0.016368875139781025,0.0276224557613729,0.025193147076502997,0.042768573593987336,0.010730175974817513,0.01988127286738295,0.013552395722560062,0.03730171486792666,0.0307691990930119,0.07054231831487412,0.07611199999525264,0.05625917000916747,0.027834459370093434,0.03454682061441017,0.029910663764237455,0.024568297230483704,0.016890487049047165,0.016099312507320995,0.015790862416960483,0.11119418705989914,0.11194934186028171,0.11126294776247492,0.111193995148968,0.11152840083745708,0.11126474680124998,0.1110888516980757,0.11119455263540479,0.03557174144188924,0.02737825891245471,0.026035449032457914,0.02154845724079979,0.012830115291019961,0.03048920819339873,0.04102386979259798,0.08104031522368271,0.003062469290912917,0.03196379396157201,0.014059623423251955,0.021593215887772077,0.027037222808624417,0.02719573600295533,0.018528811884043428,0.01816059471389697,0.006766553641464945,0.4415679815991651,0.44028509533104976,0.44226453599575244,0.44071760944045346,0.4414564164808521,0.44299931528079606,0.44247779208367355,0.43964066021895,0.003417481177553139,0.003470282678205594,0.10980584827583173,0.0009912179078366279,0.024577897662719783,0.010700189133469484,0.035991651847786965,0.05799816358675525,0.026405345291600657,0.02107966958755303,0.05087514984143371,0.026083054218703383,0.0002453759045430992,0.02256481622850459,0.008553815421924682,0.016740676554896305,0.013940056199700512,0.029491270038227935,0.014336865561624945,0.05048744573175745,0.05362868639374785,0.035009310924083215,0.01428572115491722,0.012885588279629712,0.018349667581744278,0.012473642338285629,0.0501608844522905,0.031220693407403743,0.08302279837444426,0.014269097225817262,0.04665626936626488,0.031431415823993225,0.041127231068812664,0.011088967097088176,0.012767979898063553,0.03577594661444716,,,,,,,
2025-06-30,0.051386230006752465,0.035736300345672545,0.01965556145789904,0.034479728242621466,0.06385848288482476,0.0518258009882695,0.050482093742914236,0.05518430153698928,0.034302692690052705,0.04100198319826687,0.03624536381409338,0.03842888856353932,0.05088928822916783,0.05257378129968848,0.06147193421518993,0.05067639180371741,0.03972186243820519,0.04377397885902856,0.034548549635539993,0.03868425855575075,0.017840713876151604,0.02904146532769336,0.037471295887555156,0.037879192349600244,0.05163385587251135,0.044218574400752164,0.035255272997193776,0.023962238024168636,0.03690155812656415,0.02292485174124037,0.054425939588018446,0.02664020764660413,0.016019426920790503,0.005851210092356007,0.027924503472697815,0.07002035575773768,0.014553645693371475,0.02210917531419687,0.009383822131639796,0.03687307452486088,0.03978412932729536,0.05288357120363729,0.004051318985581975,0.0032175154992022392,0.04130410621016023,0.024496400394846463,0.019240076183754118,0.06977402999644045,0.019069911765096315,0.0515811682955607,0.05535215068670407,0.014669159452761038,0.04197563712338481,0.04731699644531129,0.16125158151201902,0.08875649961341758,0.09366671244303393,0.01726051089179581,0.05134498308633484,0.017590991001238176,0.041095929905433426,0.04013278860524805,0.0034260660443068414,0.010719223832958313,0.03790312176896782,0.016951013978772744,0.015165921304821639,0.007656641281078791,-0.02737112056853319,0.0033473466080231606,0.03388652770929612,0.008737675074570461,0.005185774383100528,0.019879386910529595,0.060066338654143125,0.044545418376774615,0.035597586251188584,0.04806481875471125,0.039110516507760096,0.04673172091268163,0.008921621818594128,0.052067677210940966,0.03134640166466007,0.05064313629936934,0.018773336178200317,0.008973163614852231,0.026674145144271133,0.2699741044160493,0.1332506844261916,0.08392128493394324,-0.023178811083968687,0.03225017341870928,0.010376472382610746,0.05172711677329378,0.03822325025975193,0.04049652589641539,0.054072554835378206,0.00490221894321663,-0.11161643620531525,0.040736100294501254,0.05671264087587846,-0.01986749947768962,-0.0335097098172612,0.007400547696638338,0.0073698374460504645,0.014468643537922876,0.03140963637403482,0.0062180374105405,0.025225536682798033,0.012691668967920844,-0.01668701068394718,0.0161516765394627,0.02932998161388145,0.00872908440558362,0.004480563781917857,0.011159443067839891,0.06529776017776623,0.0074978194896082595,0.026961036849630693,0.03478348698288469,0.003539406130938838,0.0050302393784478205,0.06044351178094787,0.034800911753973374,0.027176364015217835,0.062121949297635704,0.02374294391530718,0.028616473571229983,0.04931500368958197,0.02728249881246736,0.019262734652114366,0.01941197370876302,0.017820119584244454,0.025779158298726568,0.0033561043051077988,0.02934735341800132,0.063238107203478,0.05160373799810092,0.01769128846438006,0.04987071155723011,0.040756139877791586,0.01833760100595616,0.05614180467138685,0.15633946035684487,0.050602526711213125,0.05080275473617113,0.003993888514971733,0.049665912393143774,0.023003588013598142,0.02915519904819841,0.03861980133062848,0.028523504072690997,0.010201934958934622,0.029325882037913864,0.027404529387303755,0.03565242801917878,0.02164386069937918,0.027467034917664446,0.020541218102361647,0.005308326483767889,0.023423420415789264,0.022681511894889095,0.03183207920250619,-0.023408212309906307,0.06868465695890658,0.0256574858608698,0.032142813699239436,0.03762437666239227,0.042355580232282586,0.02867922992826255,0.038085859666803445,0.032555367241420274,0.034156878315591666,0.027281894623518932,0.025694308586346137,0.036636851205052556,0.0277920649995389,-0.0038260825984450797,0.031717369287102004,0.03818476923883729,0.03025161795692477,0.016915902922041814,0.03276354559114458,0.034517345017450296,0.03165421561302062,0.026465016865845348,0.02696800301339386,0.034690558065114896,0.025494243837534514,0.03586595516137181,0.025248869876217217,0.02747465471362598,0.024708709770958848,0.021849612418294306,0.028315283748215903,0.014653479767171795,0.05285711940400062,0.028281317741874812,0.02340243162547373,0.0033681821320270533,0.03638621284182553,0.06078543756049659,0.008632415914272329,0.009473167961591145,0.015001970868230297,0.023934668881860466,0.06400675910111553,0.06893538736649019,0.02178609958233646,0.01506168824542553,0.021776036101334384,0.03392333024005634,0.012465395457511796,0.0355346836621544,0.03103247794129449,0.05138201962460931,0.004567646930022429,0.0062736096472117975,0.03628513546251,0.018426816581068373,0.021669193887719373,0.0878611057308103,0.01912764920537291,0.04038524007380562,0.04694990795781062,0.042572004045912326,0.029977687666560726,0.027897103610295737,0.05168557131181761,0.04190282480409846,0.03608563540197629,0.023815509938557078,0.027588751288959434,0.029078827418131503,0.024936537101345024,0.052040388142645444,0.06276682999579064,0.03120255483471457,0.03603559350272989,0.014377863336339392,0.009391756800750217,0.048873386224046245,0.003792352178804803,0.0029483308562865407,0.006666685405530393,0.019624051012266275,0.009174271792176558,0.02003761071683874,0.008036583903631822,0.010312578653023152,0.007282598689351438,0.031235315317579504,0.04509449322059966,0.035779157594143296,0.05206464977785852,0.04267383695000193,0.016519551676852373,0.033873953615791264,0.01816392571624137,0.013947652015082301,0.010437294497658733,0.008734447681949087,0.009159186269215747,0.02943155107543549,0.02856205612606244,0.029158613007440826,0.02913828176289246,0.029391855428130498,0.029290681753982195,0.030680396455890824,0.030087876671533564,0.04591655921535165,0.01517197482359367,0.016399939886617698,0.017920460891199363,0.009367470685266222,0.014003568556786306,0.015001823950115512,0.03200834232252281,0.024980217496740176,0.020866548750639646,0.022430314659218853,0.018909927926270553,0.007312572314489785,0.026400677392719007,0.009641600282469298,0.015320265940420574,0.002770660965778715,-0.021549516738134322,-0.021452147035139757,-0.02176445689488382,-0.02219815174089712,-0.022153112951050602,-0.02120898796044368,-0.02198365628406551,-0.019110755958753667,0.0037941574027848812,0.011673039220306602,0.03154026907748286,0.007213231112957352,0.018099836400990554,0.01791405764140519,0.021342171145004585,0.03741240439183158,0.01802468340949659,0.015934696647051938,0.033952811911489134,0.025299728125771637,0.006315798576467246,0.03743681423606726,0.006706117307130777,0.014202119873330643,0.015842251298303633,0.029292944705847646,0.018256779156805125,0.03236758036832521,0.034520022768109504,0.027581802499495378,0.01657007191352422,0.014919010111079878,0.01666863899925608,0.014817319323246148,0.03291810684538743,0.0303582254510113,0.020024979417014865,0.013647772409668635,0.032096522686066775,0.0299980166900371,0.032426580160206386,0.010039862747192707,0.015071969889354886,0.02323688297539883,0.009266111424573342,0.02680386677271973,0.027441777707160053,0.008133923589061842,,,
2025-07-31,0.023031446515753284,0.016134633172395274,-0.018007252195683443,-0.0004329614841716012,0.024236918673328223,0.022547908806736627,0.022940758463976918,0.01668288183718003,0.006126733378792437,0.009058403046661168,0.016285022934125593,0.007982747191991324,0.0226778690684466,0.02319874353102902,0.01500746904473238,0.016670885014679948,0.004885843246017041,0.01377029577175315,0.022532376182515135,0.00865825793673114,-0.024347873788557406,-0.023212809330148576,0.008136953025370763,0.009361774020472113,0.022900008857978937,0.019757765248114456,0.018389595151090843,-0.02091965335904966,0.01891913779043608,-0.01897161775396683,0.026153358765103718,-0.011396238050848773,-0.005939276763456625,-0.0009202404920848339,-0.03114009774627413,0.0066335062573454895,-0.0026395055809022017,0.01686627352102077,9.11343748175586e-05,0.0016973517329152976,0.022013422670283722,0.02369438166660376,-0.0061345510598058706,-0.005612608810017572,0.014595626018752084,-0.023870799113356655,-0.0023628990775469427,0.022951694268602774,0.0004876639737538824,0.022699057097260056,0.008249836373656283,0.009062334125683691,0.00780691547694401,0.032919397534832084,0.03446271786424515,0.08863350668091186,0.015543989642998524,0.04454363269540296,0.011281385135561983,0.018167744371925476,0.034482681032820484,0.006151206784557939,0.0032803492432420533,-0.003688805016083041,-0.00922342351641392,-0.005216288258637403,-0.0026567171882089236,-0.0008798101851554829,-0.11060206871186118,0.003565824497486325,-0.013857164485126972,-0.003157567257923155,-0.0007115051338763001,0.0016542287275647105,0.07431664834084017,-0.0037148036112149008,0.06924606583222226,0.010575380093005293,-0.011158549179617339,0.010970883404349818,-0.017632488056687712,0.024549868694109023,-0.014027057381386765,0.017786573627718072,0.000980643931109304,0.0008836151718480956,-0.0027833660998224374,-0.041181702399119224,0.08001195860782317,0.09078450051545461,-0.02485878616338244,-0.014112380530719504,0.0009407033010713217,0.022868521764202177,0.009591443183855963,0.004806438416957048,0.017312613521123232,0.0031411452093876857,-0.11497438709135122,0.01889484073962322,0.032475864661097864,-0.020270303940290058,-0.004562061182557864,-0.026170871634652926,-0.013422869913610969,-0.02736136852868465,-0.013122046450883218,-0.0007877075257742838,-0.05459771729284202,-0.004102411484182444,-0.01986753084718018,0.003868416535184993,-0.01928610389154206,0.000577547967442138,0.005997380719500844,0.007913336851533614,-0.0022965474339551317,0.006166260943740065,0.007057332246594994,0.007110684053142302,0.004017425282835774,0.013966132124260566,0.044519383197538565,0.010947705045783795,-0.027492407747133685,0.1211180435993835,-0.03817677399201391,0.0819285252649602,0.02232659399066006,-0.01613718668725328,-0.02274767404920497,-0.013432359414450645,0.023219198376703387,-0.02174403591310492,0.003185887466722326,0.013191466635846139,0.01896311710566234,0.021729497720065494,0.0004146641619933167,0.0030315534753542206,0.011773234871942151,0.00381420813787936,0.020972090729964643,0.02619388873440265,0.009241645668032428,0.010946485145646667,-0.00581391141171117,0.016549941897297415,0.003427269625258411,0.014769990838260805,0.01716168902538051,0.016313276474497762,0.0005884631600010515,0.012712857729628935,0.01369526498293272,0.016884089859915408,0.009117729799956065,0.012436936312165026,0.008945709056566775,0.003672945448130127,0.010638841890098227,0.008506496712366918,0.01302567484882644,0.4793863674659986,-0.0034321249875622906,-0.013838488897397805,0.02001980700987871,0.02207140386751827,0.024554564469253526,0.016140862246605714,0.019041643073272274,0.0166056035631581,0.015083096253451833,0.006819678134605489,0.013284354886147431,0.01604689782383617,0.012467360951258222,0.0034022389793031405,0.014246526704169149,0.015655463569767658,0.014544528374533794,-0.007513300586222793,0.016137935845135454,0.006991448334720873,0.009978670060946548,0.014469957275589529,0.01288209371518323,0.017245164988854977,0.011858525346182924,0.015191348592433318,0.012787139980602324,0.011239374891929055,0.011135087475924399,0.007992007185215089,0.012369652836340395,0.013837825973634033,0.02220406944815112,-0.023742509569419368,0.0005313661367019051,0.0037571260599944534,0.00784381208927809,0.013017949143346641,-0.018668628620120087,-0.017378276302281614,-0.0029127532324089156,-0.005648251012402961,0.024086308405175227,0.009870228970877193,0.025013310109059717,0.027499257767651386,0.010152348037429704,0.005396871536501369,-0.0069083333066973784,0.013849905794532713,0.012431911428097298,0.022828984457394563,-0.005456207821088688,0.007481229740367468,0.020986431574287145,0.012590303522890922,0.01820366791543937,-0.009950142501350179,-0.017764787492564715,0.016663453858493327,0.018627632533452676,0.00382151384806928,0.01029830513062402,0.013802268567855824,0.020685071538163458,0.01584224337132345,0.016824075467950728,0.007375464113547725,0.012914623847749551,0.015083957574912876,-0.0016432618404079724,0.021352041397288524,0.025678258628123896,-0.01826954184143359,0.02412893780041081,0.0028294574059939404,0.00406098906890251,-0.020042398892748392,0.006363324874499199,0.004592097071477674,0.0024747000413447573,-0.02238399877988917,0.014285731979115868,0.01872304362711419,0.0032213912153558066,0.00371904500200837,0.004280819661385715,-0.0018684047661947645,-0.012555991062512262,0.002278420778398127,0.022177312618888,0.020660024071832872,-0.006791897991747176,0.004648932308823461,-0.010251308497023937,0.007018307801692103,0.006590133097060358,0.005477834825104111,0.004224086133947091,0.08348310221830779,0.08351950901732108,0.08363204494141785,0.0835428272501757,0.08434531211316654,0.08304659542965709,0.08308525444184123,0.0830325153810112,0.0377680595041634,-0.006930102556625628,-0.009716662776304008,0.00671192256269304,0.004261467912656247,-0.010304545629230222,-0.013842785653135237,0.01206163781692804,0.010444891828985003,0.006564920650778072,0.00461480867641173,0.008133037006705646,0.015789523968692043,0.009499390338363112,-0.005405391658748537,0.0012027203544831,0.005504637467384832,0.4824331887869102,0.4827149821527714,0.48192288931262617,0.4828350763324958,0.4833068663511313,0.4826653410971864,0.48301108645195145,0.48270383622799096,0.0029926129806228108,-0.0014654061662680018,0.08272252906679478,0.00016144170000664815,0.009820676497979797,0.008211056453596877,-0.022168136277726402,0.01743234228786239,-0.0048690310544542426,0.00838319691080991,0.01457024152091857,0.004340687425678391,-0.005150995643242506,0.02095241229879674,0.005995292914782846,0.008117275014084546,0.004161332932077766,0.008989208562262041,0.0030460950317814373,0.014982089420125133,0.01509694525932348,0.00944649506244355,0.008761134360969924,0.006761100722817437,0.006072330705532147,0.007710594929747572,0.015606888916753991,0.008309201172982617,0.06169472533928966,0.006411468233346929,0.012634890089914474,0.008502568448292003,0.01575373062634844,0.0043912420639447,0.0027865010953531666,-0.04780875283028152,0.003397356218122205,0.01039604838134811,0.008839455474717761,0.01165764590510654,0.0038356942482948853,3.988255582387801e-05,-0.0025285769412508596
2025-08-29,0.02051948404438786,0.033945986194963584,0.06329809008037524,0.0565180345065619,0.00953970984137853,0.021137220513552935,0.02115969515791427,0.07192677217070798,0.03177790535819702,0.07036648945086132,0.0337934831014135,0.03513056902074685,0.023150316437727803,0.020211259843165408,0.060486096834003966,0.08529206729379957,0.05445434596384424,0.08615909328913718,0.02235843836407847,0.04604901270573092,0.037757291960967,0.029963832261352907,0.03626832793972423,0.0342608424506774,0.023513096016600343,0.010536043360433567,0.02987289200006704,0.045246855946393216,0.025077419455151073,0.05826981559003386,0.04080911813247101,0.00012672175085426396,0.016481639401549675,0.008875527913695835,0.03335062408840228,0.02677101833544282,0.011903698717550704,0.050425657876485674,0.01612331252999577,0.034907359046518316,0.013776593366515044,0.020749117049855936,0.049874624687468394,0.0498306762816807,0.023872498216172877,0.03767342038018007,0.05731876964457827,0.08989953070254586,0.04290585930174862,0.020984643466487762,0.08609026937223185,0.0319799248370678,0.04037548728440532,0.04891426401564569,0.07849992307386455,-0.05968086717625154,0.08613442251413272,0.04247656327608662,0.09074262066079664,0.07303081570760073,-0.0013157359781009736,0.037649935318304406,0.004226206378661779,0.014674676210296278,0.041441364997542696,0.017382332567092096,0.011540888093680923,0.010867957946486095,-0.05592348935604041,0.0037077642476206485,0.04429031609460221,0.008379166450943387,0.006790454078783537,0.012028993774624075,-0.045322001198500494,0.0436402815840744,-0.012734892104317108,0.026777512039866558,0.04115510516040022,0.029554491304333963,0.011073332055512308,0.021166245335370704,0.04222112917952958,0.06058254066004709,0.013128769935953244,0.011230379823808034,0.007221997626391197,0.06289790058894518,-0.06893065868035386,-0.04773870761555665,0.017960571369150413,0.02522619648111224,0.01576646951506433,0.020756639206914285,0.03364468817569799,0.05279178464773859,0.07212886983411138,0.01325586039936244,-0.15015673909135918,0.03114064856660881,0.05154354530282301,-0.016091971561826512,0.0,0.05563415163179486,0.01781666729747533,0.038527433648787746,0.022077230840012785,0.009218457815534764,-0.012537991167642315,0.010460681261478033,0.010557432296373515,0.0104047441320394,0.04446066124245984,0.010343427813596762,0.04099613925909251,0.005340903944725861,0.059583868317677036,0.006217552459265363,0.009449661781589347,0.02623303303897484,0.0028436548202503964,0.023784579455489174,0.15660318014209218,0.035426994569286,0.03665721700263802,0.04801486439596592,0.037767605014969785,-0.07398127049287984,0.021597267765909756,0.04074823530829508,0.03512123671708678,0.06196900246122494,0.010609634819106706,0.0403300076711246,0.00427936495105663,0.011129832126881123,0.01700754727962206,0.020109953833071126,0.010050186841990216,0.07951423648223321,0.020969786688983305,0.013444774888344169,0.019928767245643852,0.02614786467199659,0.011850218530880197,0.011955758118773474,0.04955360764789818,0.015445662300639151,0.03339662984690972,0.014316355912803447,0.01773739353112158,0.01364361441841222,0.015807702162777604,0.011208249118113134,0.011315434229963062,0.015605056316694954,0.009832551724221927,0.012765019317793724,0.008486372694594957,0.005520032565590416,0.010128698926458402,0.01021631201192652,0.013985989313684888,0.1600777487198335,0.01906837027442876,0.026604843653178945,0.012599962490813299,0.011372584922640927,0.01707317665162633,0.016365831953355503,0.023835393784374048,0.015560365063289616,0.010719423498011249,0.04559077496193131,0.012960445269356136,0.016222929173460354,0.012751740904550113,0.03979168590432747,0.01330697576304285,0.016002815758366484,0.014335914573897268,0.023888685320017533,0.00851285023845838,0.014443777584814077,0.04313941502130514,0.01167004492260948,0.01231552453324758,0.015786061152740727,0.011141470178080759,0.015144852530066144,0.012742533624321872,0.03032061161885724,0.00953896212098293,0.010107595694169191,0.012663273364194705,0.008910052664924395,0.020178253006263747,0.049280055416692115,0.018317430336365348,0.0038063154548155786,0.03639889412153652,0.007310036970683553,0.0008670473840957094,-0.0036382263875262,0.011773722282772514,0.054103091744565734,0.009631364872075387,0.0349793294983316,0.020775191513938474,0.016030130472859838,0.009915664074745978,0.014930682148036611,0.024347431979519607,0.010069497079389311,0.01248614961999972,0.023778267531686437,0.04967988982605975,0.008353974638400485,0.013657777504457513,0.013174856858539696,0.016128594951347885,0.023571541617800618,0.037008351221494706,0.015605427487332957,0.013977045813832856,0.02241882657817662,0.012026763814317665,0.011356202541000782,0.01293570288675805,0.01552822149525257,0.013497827062115109,0.016863448887598276,0.013164113228481433,0.01497383699391297,0.0314557303080365,0.020595184419527124,0.02341265033872353,0.04169033280670176,0.020942300002771086,0.009673449069168338,0.006268915111780515,0.04991719142961837,0.009484552152223324,0.008260234976598113,0.010361264873038678,0.04456871062145118,0.009763134040025045,0.01626998908920685,0.0055048559384793805,0.006411304055790046,0.0038590277342751556,0.04350003422882032,0.05086271184193891,0.05952239876889376,0.013032629648764615,0.019707665429162136,0.026666668254883064,0.032392557545283696,0.02949190648404909,0.007130546917128777,0.006914805327387308,0.0052462561349406744,0.007082766297110021,-0.07358264611837873,-0.07315393967144457,-0.07276740627570255,-0.07271789024216546,-0.07354722269495428,-0.07315813764420986,-0.07339747715020684,-0.07309092897357361,0.021087021837039144,0.024882857007064496,0.026284733383048486,0.008452359054906156,0.005853181911275707,0.027550197651386332,0.027964591478022882,0.011183474968269769,0.030972434504811908,0.005111949900712398,0.005830421200551328,0.007960729957723567,0.00786132958929131,0.02569674315551418,0.01884059603538235,0.012377144560851816,0.007763456242514621,0.1609479718211677,0.16235434213287836,0.1616622712421627,0.1616878197417415,0.1623795755152262,0.16167333216583435,0.1621431175676351,0.16143739098855803,0.003230007998092699,0.01088031872687889,-0.07292070410308682,0.006521720332029357,0.007111334907992761,0.011930813630483428,0.024082979413720063,0.009102304967725905,0.03477560154753623,0.007968745261679455,0.012484619877140668,0.0481641352071982,0.008787559325213357,0.05410439407580059,0.005647974754320995,0.00820454696484818,0.0075522733202553205,0.047035465746196436,0.010225292085214388,0.0095046750849761,0.009190448578613175,0.033845864968491846,0.008887143129125974,0.007243967132722684,0.009355282507975238,0.006674788747745186,0.00891673740972565,0.04319443505834264,-0.060421012022829124,0.007120125083761364,0.00872330182490666,0.04093388704389045,0.011430072347051956,0.006160599665562039,0.009328752748755775,-0.014263978202394001,0.006489552097895146,0.00931284665596932,0.029080690829296874,0.012691232497560323,0.006801475183441319,0.009938400227218036,0.013568430859633995
2025-09-30,0.03562043418529992,0.004146314498888026,0.02465504067781299,0.03607290172244593,0.053762100913259614,0.03547084549692725,0.03309896227845921,0.03179111572442528,0.014237282535602747,0.010476412907133081,0.004772588172471837,0.01711481544202309,0.034360010446598865,0.03423670456387096,0.04131952610118228,0.02047163629981541,0.006001845055781052,0.014177408160089167,0.009925823106439857,-0.0007683668611634387,0.022486039117805445,0.03561276408510139,0.0158655500754723,0.017355681651164412,0.03419941368663504,-0.002677481000987414,0.01188623663737598,0.020660281648544387,0.008462225242918286,0.024645353815209825,0.019881719522277352,0.03590996607801844,0.006511001700145069,0.002877097415487917,0.039864767046760896,0.07099877841968372,0.011267521484846998,0.010604101229456209,0.0042167668851116336,0.023018142653191243,0.016736313207933673,0.03543247828281548,0.11758415768627128,0.11781871503413832,0.032805022233798775,0.01923294220600935,0.012992939857500385,0.050343260372953,0.002450911474905171,0.03532128307745497,-0.020938239340430043,-0.0028985886251394755,0.024454731141494213,0.11550705214966306,0.11565911840288279,-0.014564355842155097,0.1707654197205415,0.030042325998041353,-0.027783710810397655,0.02483457562239,0.008783436608259976,0.018778644790440557,0.003523842324791193,0.0014078567971380629,0.03407166650145088,0.01210482184945083,0.011052842887331327,0.0025410204616307386,0.018706139715146453,0.0033023472563735723,0.025497937385157154,0.022173088498171678,0.024936544360719237,0.010404013522672173,-0.0116602437064115,0.015217722324053717,0.014472206596851889,0.03597131406680276,0.03618104563716562,0.0337130387315292,0.032349507103729636,0.032975112098151405,0.025099123289390457,0.02484387373357766,0.012251338241253462,0.004397725129350993,0.029798835811727153,0.14103176408647844,0.12849661349926667,-0.008905028379989188,-0.006829762889530078,0.011258137096861187,0.004435232334892403,0.035494814444583245,0.017637557866407194,0.008437002035070362,0.031854993876913484,-0.0007734763344576789,-0.08394779425343846,0.010023497012052074,0.0038882463186873384,-0.03971964470194245,-0.028414250254633622,-0.04153641494093774,0.013244149616971956,-0.0009421112888448047,0.011536556413366483,0.00266736780902721,0.0015390887218011962,0.00863817670699718,-0.02381946040765137,0.0083505692333532,0.02105013008382728,0.0035135360357836376,0.0030344707193858955,0.005902789318979584,0.050566177345841234,0.002715652072805108,0.015746644706084556,0.03190080008731733,0.002966081973767576,0.022457272385074,0.054718009524602707,0.02276413482555162,0.020677380924124966,0.20242284645625186,0.0243393549897315,0.05624189786377842,0.03020388191794332,0.01783010797219564,0.019428317164147613,0.025096013614534174,0.017773982208305394,0.024008804997199595,0.0034840384488019627,0.01466245991002868,0.06878898947397638,0.03509463182324235,0.015905346066882098,0.011681918342968833,0.013749178132206996,0.011421639589888732,0.02704705908209304,0.12061282333074153,0.014346592207132858,0.016495716756605994,0.1178885817491897,0.020760499277599154,0.029217643910574242,0.013879091411044042,0.02911793738788493,0.014251805865029166,0.004184058079770958,0.015185048754722485,0.015818620946964845,0.022093694467820946,0.009473700272409458,0.012366768811264084,0.009168544989065497,0.004696466700807811,0.013796535382750275,0.011049902630091202,0.017619572935525296,-0.04273749700368157,0.029454630329496245,0.010823920852106372,0.01627184231343537,0.016078526849462538,0.021603571234248387,0.017049519974136285,0.02472360424261133,0.016294321795436106,0.016042838028970996,0.028404095559896092,0.012227645383613428,0.021222633917848732,0.012429152121908649,-0.017629755051831952,0.02188719720955623,0.028518669472018754,0.023199971516927098,0.012370550228404387,0.022746548321663118,0.014635341446815664,0.021981919144299145,0.01743143641204492,0.017310513171716835,0.024123782156871165,0.01377335721418449,0.020874560468234105,0.013736609478644413,0.013543571466928084,0.011158081143527232,0.010916231326820736,0.012897826108425159,0.008859474729441263,0.038179540487509156,0.02080137003069793,0.005600233881032812,0.0031877805504771928,0.01524834341506276,0.023858968795829938,0.02395022932114954,0.029211897838934853,0.011842913884400064,0.0019258933152712654,0.05371484051992326,0.04853737217294207,0.019150636602171867,0.03745374372058641,0.010165164457617504,0.02119094450971515,0.010892566675603232,0.015941273183218696,0.012229997627380307,0.03474571426031803,0.11788622343737254,0.007057365485101608,0.030646640372877343,0.01443938374132614,0.018831802244525075,0.06692554261338124,0.020456847726082694,0.0084402164016526,0.008926363581085228,0.07188419417855219,0.007247046552662617,0.0125877727243775,0.024654121378414162,0.015488588938483927,0.023628834062913162,0.013665987013308678,0.015504050379977263,0.022031147895259506,0.014416054943192202,0.036078816135588276,0.05291178604031055,0.01966851061979691,0.027412276040370553,0.0057027751257736625,0.0034004970606718032,0.018673017992995256,0.008095993998884055,0.006688002593045139,0.0077772749246241,0.00943935187120748,0.010619720515531395,0.02431069392092411,0.003128922776124421,0.010512876304580532,0.0038628294561680043,0.0320782031559641,0.008234172810685836,-0.005637212847342088,0.04425015211282446,0.029000481037640302,0.013838559383633875,0.015169692199286988,0.015025775124383633,0.005484252066036754,0.004639129575692902,0.005299971049190999,0.005029830283859171,0.05794273198019617,0.057421317978519903,0.05690508492610058,0.05728591284031803,0.05749749383990577,0.05623494124079942,0.05792549549634085,0.05695052061427508,0.04838711720548461,0.01028232681705643,0.011305328183889296,0.009212397324971144,0.005047799208316217,0.011142438676639221,0.009921387067917342,0.01683718409106305,0.013516966895755322,0.007716566523616741,0.006499190758850748,0.009096725617248724,0.01772735335410358,0.012350048679790282,0.013157856359966358,0.010427936752839262,0.006611771656140464,-0.03991467026579443,-0.04158513648332596,-0.041080141213343024,-0.04146579524971494,-0.04103279546901173,-0.04183047399008155,-0.04185626378590124,-0.041791764393875774,0.00404447091745852,0.016768105085321228,0.05633216661273188,0.020196725004611782,0.00992359976954571,0.013592532461599305,0.011504243582434626,0.02423061389637393,0.01594369035808807,0.006879504353227928,0.021739152600196876,0.01783059215735361,0.018228684935202688,0.02463314769630376,0.003950704148353967,0.006056012375097453,0.00930234808809094,0.025861076161912466,0.0044139733170061035,0.01694003062097127,0.021954328861087058,0.015631239022173116,0.011411405127487617,0.006667396827458427,0.010202964363510647,0.009137213511160258,0.022903318872680156,0.02159975479026266,0.0467020302574106,0.00762790413789971,0.019315969283946854,0.018910824633667556,0.02432508005983469,0.0049377838184057055,0.007236687286725774,-0.0005788653855721693,0.005406497100287622,0.014956485726854263,0.01229451709351359,0.020914909764498946,0.005161473860913146,0.017075353067500743,0.010971513028848578
2025-10-31,0.02383739357630099,-0.0051172874813137925,0.04039391868851716,0.0037586879068192136,0.04780380674246221,0.02380113589808519,0.022518354567913068,0.017647470276355604,0.0048137348348704645,-0.008667870187064608,-0.005056854083518636,0.011040674001331574,0.02148094887576768,0.022587287096838438,0.03327711771294117,0.0018099378453819703,-0.013215583168591505,-0.0035265871742443666,0.0021901079324573303,-0.01456981620271769,0.006566812687082368,0.00371326458234833,0.010805445122750834,0.011747691551561745,0.022092225582583058,-0.002738448581755759,-0.010166766670072769,0.011995309776580587,-0.008182326497980452,0.030505689185555962,0.011464694868346559,0.013810792561522511,0.007112621857362722,0.0033370860100150335,0.005795301594437197,0.03558050306687166,0.006154702199608231,-0.02061936378665019,0.0032245398427999117,-0.003914438344458815,-0.009634300512834426,0.024946380223972886,0.035586670754335525,0.036003887143667646,0.028603075674225265,0.006265696921187169,0.008993068910450486,0.04782359095409672,0.0023506212316568575,0.024253242399713493,-0.04510266979297972,-0.02020707618850548,0.010617067278032355,0.12485028413038157,0.10387929527612405,-0.016135626324152552,0.03870661862146729,0.057095994404518846,-0.05213271595963043,-0.05975874554099081,0.010448401318785994,-0.0026250062729928914,0.003332703056902808,0.004917492186258476,0.01807492016050305,0.007762617789139892,0.006029574537379512,0.0038521833080575885,0.01377202061045657,0.0035105988100487817,0.01769031703555668,0.012024194269055766,0.010317436133574054,-0.0006360155926081745,-0.021629120114320943,-0.0066476245009655655,0.016746811394475758,0.022931083581956058,0.020612136101292977,0.02024669899320619,0.008161435904243897,0.02391800525889698,0.020618510374667665,0.006093246763563931,0.0031748288333912633,0.0032649934153321514,0.011135404605732369,0.004619259815776822,0.15328019865695386,-0.015973362875974617,0.019484248580091013,0.004175904498942007,0.0033493587446147277,0.02393941642789099,0.011630788162101391,-0.014618933822880265,0.017583353470348895,0.0009600979064334769,0.022600605556632347,-0.0026990900611720825,0.0004204895295409905,0.03163024574262141,-0.1226415230142297,0.07828519929394329,-0.020601193716157873,-0.005304837750083724,0.004610591309378798,0.003592806601032006,0.03668843252071108,0.0062892043536382225,-0.002996562200139663,-0.0005501256837264767,0.008933755668069532,0.0038624896005663434,-0.03945559461606929,0.004403776362020606,0.04286278901708496,0.00449244626846057,0.024748243426457428,0.009254531726299975,0.003564256212185146,0.0350922192726566,-0.01482259334800784,0.00014684902479200623,0.005725252659876112,0.18186478311138643,0.00792037180875127,-0.04177342252679739,0.013279043932443058,0.004743383295517045,0.0002519468743380493,0.03614584620487715,-0.01510569791996641,0.012260655582992053,0.0035741787552008297,0.0064270341922778584,0.01298452471772693,0.027609976844194417,0.0031826031839037316,-0.003057744277207508,-0.00493883415252705,-0.0005262028960885123,0.02804966236935047,0.1061556845812135,0.006848717213113975,0.005701801423919406,0.03567682708443143,0.010068465596784648,0.0053898470535107545,0.008352682670458078,0.010326311832053792,0.0075462116373776755,0.00305414895002043,0.007096861577338132,0.008640797429847025,0.011939781085185563,0.005213784143827116,0.0073336163974644375,0.0049782156331852345,0.0035864419022793026,0.00551633941849361,0.0057506888412806045,0.007782759573416342,-0.06857308849119015,0.011576108412858277,0.0033959511178174306,0.0063574393690399855,0.006614652389622888,0.01081828840157173,0.005820721666103479,0.009195217052453852,0.007628704360257421,0.016018303563005043,0.008388868061961707,0.009741785138902559,0.015057443202227017,0.009340764951128788,-0.0343900756519161,0.012613012220920927,0.019257257037690545,0.013552266672896884,0.006962283493699095,0.012708891799322775,0.004577223151288168,0.013752950352406978,0.008062476842941368,0.00782338005404748,0.012698380404679188,0.00825435592779633,0.01064056155418136,0.007059926539928929,0.007309941357396488,0.00755918790587895,0.0034708399522915823,0.007256812935759527,0.0055757114272358965,0.025010806177470313,0.010289298334198227,0.002485078815870123,0.0036571168382006913,0.007719648821127967,0.01478046942872191,0.008111879562333169,0.003597119935608406,0.006374273781669437,-0.02362127650929613,0.04791196601978909,0.02447246225566757,0.019342696855028096,0.03596923423057574,0.00575781316748647,0.0070313811997251285,0.004689176200978196,0.009126426595852832,0.006810454146704226,0.023329606317466833,0.036103880250608844,0.0060938685191698205,0.0167408951956598,0.0062490296695967285,0.007763263328550485,0.05690851874448044,0.002107182169945432,0.011619400854652184,0.02476683337073804,0.008362824947113934,0.00920709628386529,0.0076058056737708934,0.014955831854590595,0.009800423188134788,0.00839393461028548,0.02703853902486264,0.007245621762771881,0.012427816265630387,-0.007354996343686526,0.023039495298859736,0.0317737156242317,0.003907167359692432,0.022758829150644866,0.004034517657214742,0.005276023773459482,0.0200640491380506,0.004594519209930148,0.004002320786580915,0.00433671877676467,0.0006903275734213565,0.01066505862255318,0.017655589690932283,0.003099294815244402,-0.0035343641916375512,0.003611074499423106,0.007808554084455022,-0.006880802002171005,-0.0008069321030724774,0.04111389473662097,0.022541021253183358,0.010679756309802668,0.0053520005684613015,0.012261071187980477,0.004645639618600095,0.004690386825667137,0.004043680950456929,0.0034042765825341714,-0.04153847327599158,-0.04127838110374504,-0.040983654801172276,-0.04050502096227293,-0.0413963018058473,-0.04043505415290738,-0.041065357181436,-0.04051968138253215,0.0386123294232017,0.007046048854431941,0.006314065687736958,0.004510519435872773,0.004135284881586765,0.00495888320101967,0.005211292927853384,0.011428610354054625,0.006888273100632114,0.003828771740488568,0.005235588849127115,0.0044024964007292056,0.0161992737789165,0.009689782947186698,0.004212033702964524,0.010854103239689383,0.0033399388547499242,-0.06823229460213076,-0.06610510340111997,-0.06666667890797384,-0.06740443492461556,-0.06826934468728918,-0.06745446561244206,-0.06663499626681335,-0.06771087646484375,-9.941802754320772e-05,0.009424864181435177,-0.03969982409295836,0.00945469811282651,0.0025699469315905166,0.0010747673917563816,0.002439752945246232,0.014919675623596973,0.007539082196839075,0.0037371535123014166,0.0145448139443618,0.007153323196540828,0.009069698255857794,0.019071339105479534,0.004128099947422914,0.004928537215005413,0.0022089562647145122,0.022130467513552743,0.009622659151537594,0.009819417592102475,0.01615826487060179,0.006124858324880522,0.007323810936900044,0.00621394667514541,0.003921531269967415,0.005008013004205614,0.014191686753586508,0.012028337343491513,-0.03602514685330571,0.004431345626716432,0.010674520309449376,0.010970444740435736,0.012519509138714247,0.004520431159748206,0.0025771176559259423,0.040501922850471495,0.0034654409390491026,0.0075879332794361876,0.007685889561728221,0.016578686759460837,0.004191053746541051,0.0019565443646261116,0.007764044466750608
2025-11-28,0.0019500049129079766,0.021080003168364225,-0.0052725971138274375,0.03862826311437617,-0.015610216675696953,0.002407724401671807,0.0019533925340935454,0.010234354767720166,0.02644554955531464,0.026061197478888243,0.021715595867305204,0.01738594973703056,0.002738474964453008,0.0004215228237411939,-0.007771677429160406,0.02879235234164712,0.024708174978670616,0.028675260582639472,0.013215446295675726,0.032543226523733315,0.016385884550016216,0.007881626225669347,0.01702462972108587,0.01607723927695881,0.002653384720039842,-0.022673004899277593,0.023652795547698613,0.007408225774436117,0.012426772218191218,-0.001024775647906928,-0.004297757051707207,0.002723280081835755,0.009881320304872654,0.004388664756918459,0.009603057385287439,-0.017721525041297648,0.006057075498207443,0.03154421581319977,0.0021708590944995443,0.02540913494703445,0.004262399565626129,0.0005071257063082868,0.05367817567023114,0.053322778949550065,0.001146584879667012,0.015317451217060851,0.026738626331614945,0.0072972506883797195,0.028611689349122837,0.0018694136381169901,0.03947832692334008,0.025725108394509144,0.026045100699836787,0.09271588008461196,-0.08780186748129504,-0.020534701128763544,0.16359920557907937,0.037239553578297446,0.049833433115969106,0.04097252341224067,0.002585151902533056,0.03457108907650186,0.003005922938599026,0.007337705100375791,0.004266278556065206,0.005902907655704448,0.005972851965456716,0.005654658173903648,0.11169807865934556,0.0028755039076358013,0.009675280624648064,0.00209876075750115,0.001062993928680589,0.008187277632436318,-0.018087885012785798,0.016533390183247842,0.020893743372857987,0.0004242156584441936,0.0021100201327790558,0.0021338690549037587,0.00633639846350631,0.0011122693832998909,0.010101029400830797,0.020306323145523608,0.009962363918155415,0.005740819994098256,0.004935799443470668,0.06304860855503125,0.005772022076398153,-0.013527210776410281,0.010117953263849566,0.014476591061094002,0.0015633342483691859,0.002184915889871464,0.01679953422845326,0.02358726443741377,0.010448003638608316,0.00240189005549718,-0.05752345409474213,0.018944568560308905,0.026308744498457104,-0.016981160254526673,0.049462368678792945,0.019879040793193248,0.023073632861475346,0.02192466102973012,0.014009604460354819,0.004686589188298118,0.013711281212379633,0.005792013645906868,0.013310410208515977,0.006403672099855484,0.008513966125558659,0.005175712168804969,0.032288245635457846,0.006379506230283383,0.02499810774810096,0.0072270490074748395,0.022253164464127284,0.00906769222514403,0.0032445079295979617,0.007073160753238161,-0.02713600491954493,0.02702322869932594,0.014742227850681466,0.17269605588198456,0.008756167128050496,-0.17449424660080837,0.0026514066538170233,0.013678557346274323,0.016373933329759227,-0.0008346265273703191,-0.011162916785071864,0.00435612875679392,0.0029628792855609376,0.00793173111387313,-0.00901120960196411,-0.001203168246906583,0.00695143598643666,0.013447384769343929,0.005849665830388151,0.007020354734745604,0.002468084257957859,-0.0578280576695418,0.003075320140796922,0.004579133922324008,0.05420464575636674,0.004385989261809664,0.01679782284078124,0.004832008488184325,0.004497163306166785,0.0025826051386492743,0.002836533790106399,0.008673060172218916,0.00847250603514893,0.008965736979498207,0.005835022461304629,0.006370207852604226,0.006656351630535129,0.0037451167573594457,0.003939435398606639,0.005148735150105832,0.005488354572713128,-0.21867171382927397,-0.0015030616027214005,0.004329612073783462,0.004913408428302901,0.0029316680697693,0.0031905847284390276,0.005324063383666422,0.004966151900416715,0.00220707134144682,-0.002009721529749098,0.006877499037933665,0.004582789329520498,0.0035104200720037504,0.0016129250255640937,0.03531029001973218,0.01410111162342309,0.008740469015745989,0.014399624121363974,0.01030048961828589,0.006571743140368236,0.00569540237508348,0.012466348654006865,0.006998315564623381,0.007762649893702456,0.00666667198146631,0.005618851501864919,0.006827228176671474,0.006558052754967125,0.010246752773628076,0.005673974796060799,0.005636721178167825,0.0056186388222603245,0.004879364824873944,-0.0009608458172221113,0.007582391444967973,0.02433941770646797,0.002969000439651648,0.008525938419641221,-0.0004572900116336376,0.0010366741609766361,-0.00039285743049322086,0.0060676582578800264,0.010430636444972441,-0.015678127454254343,-0.017092987255719616,0.009869335518257083,0.002042426213798354,0.00567225821652495,0.0030654002287779925,0.006024532254459647,0.005031962507746179,0.00789173542487509,0.0017538001594308295,0.053647516229438086,0.004542632013997183,0.0013399457770182366,0.005281351131744216,0.006864855669210801,-0.04365751290432618,0.0031539598288166104,0.004970077339032208,-0.003523999108302034,-0.0044338098013868565,0.004047937294366477,0.0074214794552303065,0.007197204576465666,0.009030437770124022,0.007769111325861333,0.0027649305924102308,0.0026832025379626145,0.001901029207889371,0.022900145068854183,-3.387646430363933e-05,-0.005129106126318339,0.017878955137546226,-0.0037991026470377554,0.003978202718790236,0.0034315500101169683,0.002880620101515685,0.005249521159349513,0.004385089995474489,0.003161923791787258,0.006271582526413466,0.005586601438739791,0.004266255020759058,0.005720397100394736,0.006676414855718793,0.004921069371903064,0.015495905119945919,0.03631635571064651,0.02858750399002785,-0.006261003821694033,0.005241649181669361,0.004482071318423486,0.025153483358275608,0.010968027791806945,0.0036187415190143124,0.003329507867882109,0.0032218206182637044,0.0036175494460741753,-0.17255216904730108,-0.1735813584133028,-0.17345397673411778,-0.1737938660127305,-0.1733806300052918,-0.17358315903932953,-0.17507954639316747,-0.17408122304455875,-0.002033101777628943,0.007774259141541506,0.005725838812235651,0.0045971172194541055,0.003582120831804092,0.005242774045497223,0.004623790385674953,0.002471740602548733,0.007750785520697301,0.0034674195887878234,0.004166695917094954,0.003617897812003168,0.0025711608756697757,0.00904443270238997,0.0034253607362191296,-0.0031332758230186997,0.004639397855116689,-0.21832424094542124,-0.21754585471190757,-0.2186694123044549,-0.21754762147585438,-0.2182662095514596,-0.21805701260461385,-0.2192640331951754,-0.2181441955617588,0.004127463318757574,0.0031543319086739796,-0.17379681095381483,0.0037929581242097665,0.002525612022508561,-0.003096416929438739,0.004294879369758586,-0.0006805237352205395,0.009009699123292414,0.0024445480889285776,-0.000756329604690853,0.009131718192356697,0.002424175906770243,0.0013088839284716158,0.0028047778470550178,0.0010108354909510453,0.003762075676547072,0.009213332218573012,-0.0024390444648419995,-0.005243999866727411,0.005021486300813116,-0.006867973601687005,0.007663576229630875,0.0051771093334958,0.0009212713305379872,0.003787172580043352,0.003625172549888367,0.00819430569254731,-0.13180951634469562,0.0038602771798224023,0.0038876000944652045,0.010246561469223758,0.00825755734763911,0.003326123398849745,0.003076747306546057,-0.005899977471925388,0.0032550307343435225,0.003383432664145758,0.007987052400105998,-0.005188951770963346,0.0032335137985153306,0.008125224299875056,0.006495824950323081
2025-12-31,0.0007975029584423865,-4.188784448300176e-05,0.009047096439217972,0.03245522099603981,-0.006699365349315034,0.0007067811974084126,0.00027852379098525226,-0.0070935165484300455,0.006550305671583878,-0.0010904359845025358,-0.00020443756488419673,0.0030231468924346583,-0.0005403897917519718,0.00043783948776576764,-0.013390539072000496,0.00011402729779463883,-0.010554309564409614,0.007874309361419307,-0.0029123356539365597,0.003087487110972953,0.03536819428789317,0.03277435819921393,0.0033092532363871996,0.004292083597523533,-0.00026466375435829637,-0.012272395601814923,0.0012734971601440215,0.02710468633341412,-0.002987851084055082,0.009149361327312144,-0.005045133328262286,-0.02658604848543189,-0.007611673134701125,0.00294726693656866,0.028951726691292867,0.021593041354370346,-0.0027897917936559047,-0.005732362155226434,-0.006190619218879423,0.0078722878316273,-0.002697928522265025,-0.0001243042011407347,0.02173350667644791,0.022163385287384374,9.963676667235077e-05,0.035205946968960955,0.03930777462607837,0.006739404370047497,0.008652813907360946,0.0008094407442749141,0.03575796961068001,-0.0040789724090198876,0.00488724913565286,-0.006711783508836056,0.0014396027438343673,-0.02687485635171516,0.2579574169232519,0.029684166107743604,0.03532948968720406,0.013147058670854195,-0.009024537502801189,-0.0066600637531043505,0.0037192126188090313,-0.0015796203076321458,0.025625503056873278,0.00137218448980847,-0.0030014449252893094,0.0023767911156953314,-0.16768495520126092,0.003352110238720174,0.0317836574978867,0.0023708225576961617,0.002057418484376461,0.005994502247793854,-0.025731024809474312,0.020319099874473556,-0.07783093380867934,0.008928625207459406,0.025597092009473688,0.009219169397282068,0.003917346413271794,-0.00033199209003909047,0.030331575895309326,-0.0010901026578834516,-0.0016761991276100785,0.0032940382555421976,-0.015867662578753272,0.22177074929152552,0.09778751591857637,-0.02913953991246332,-0.013355580427863889,0.01401696736133018,-0.005604346583968911,0.0007872772700587838,0.003006256187505496,-0.009383433077962966,-0.006605097782362734,0.0002552809016527213,-0.17635720909486108,0.0027663308071443904,0.007481047512806871,-0.041746681039508626,0.0,-0.07372880266918891,-0.008181091921617423,0.013900539836371406,0.01459626756683119,0.0033179871150752493,-0.01206360552836172,-0.004313733907900685,-0.02881357178746935,0.005918672485734522,0.026399125915794297,0.0030588127929846998,-0.009111942029405573,0.006992186752882823,0.028999920457680073,0.005021337811685678,0.01603392167971851,0.005803685019309501,0.003920918741362911,0.030731234021036835,0.06931792874048415,-0.0009506445354362514,0.03338087368056275,0.03649740195633089,0.021626371146941326,-0.03731870787434932,0.002614538086460172,0.030790577717412004,0.03887449241910179,0.012068552505369867,0.001979544518150078,0.025026206392237516,0.0036441861849563217,0.006053253203140985,0.01018119528365058,-1.990506829452343e-05,-0.004001698799236286,0.0027192684034331727,0.0043960333845534105,0.004133038716603865,0.003000360705187388,-0.007649409511877869,0.006807343708712832,0.007814209089131108,0.022345034335484293,0.007542620987724957,0.012618267295311236,0.005724754075620231,0.00569798092744489,0.005667213354781486,-0.006954911245401374,0.010748065242474736,0.009568258156642084,0.017070012343325613,0.008637336232837578,0.009000702821417628,0.00784256721211607,0.0038435373513387994,0.008184885534289865,0.008411524927636194,0.008392481809801344,-0.02285467536257202,0.014334609379822671,0.017274363471090792,0.006984848235891183,0.005972318618507222,0.00726665300883389,0.00663131930553007,0.005676710717077649,0.007170177547393131,0.005485696772626003,0.00429509002530537,0.0031211824407064714,0.0034754981683684516,0.00461971000406125,-0.005710015346458985,0.005330232540047275,0.005681870960430491,0.004816188163105917,0.0100558831850166,0.012891637721608173,0.0071535524269605855,0.0,0.010647824391755156,0.011967025902372752,0.010297124923993595,0.01003714876344719,0.01043810163225456,0.009705752359717268,0.009395731721886902,0.006560492948994856,0.008662424269755276,0.009642408342676712,0.00904935563439313,0.00035901741421451305,0.02817927985339863,0.0021841959947832557,0.0034522134932231108,0.007500399170210947,0.006863123002870397,-0.018147747940274184,-0.027751787782231863,-0.0031180018991731062,-0.013447890943601104,-0.0065048860706036216,-0.00462265189811617,0.014330215809480018,0.0073885583573845,0.009739849330619998,0.008488964126432297,0.01474071964002377,0.010148866968670678,0.011384543582324103,0.0009097628812813063,0.022840897621981382,0.01025023127394098,0.011991446502652714,0.009926329486745544,0.011840681112159857,0.013517650061366071,0.014847224421704164,0.009529323566192627,0.00760331373803691,0.01441795678481328,0.009567674523234482,0.006485309620497537,0.009584155622285984,0.007229736851137369,0.008672869750983914,0.0011169736553597875,0.006348561642124828,0.00642424746272785,0.0020878591311990213,0.0009344628818417355,-0.004589612648652319,0.029176129866308687,0.004682668482711927,0.005440612897227526,0.005676270050184007,0.024380304124724583,0.007110131396957042,0.0057280799207708455,0.0028809013468578115,0.01570587768884746,0.005246856819112411,-0.0005664247234722364,0.007713076392845908,0.008600967025669704,0.00696968588937219,0.02728195923812149,0.02288875297929782,-0.007109075814563881,9.464498369871066e-05,0.004642694717347684,0.020655457003353028,0.007396985204094486,0.015471716718175044,0.0022756608521838917,0.004544778764008717,0.002891535258971789,0.0014218757213657618,-0.036857376126121943,-0.036039433587897296,-0.035685286545488415,-0.03649630047765984,-0.03586744990160984,-0.03583680302981718,-0.03387886990160527,-0.03473853504462654,-0.00232834195673981,0.01375146201804589,0.01827291087682248,0.007946045377575484,0.004856135988017929,0.019225496574789114,0.018933028654122053,0.009254204638248664,0.008160606274318694,0.004319281191888624,0.004840919407991251,0.00762562601197736,0.0023593207321583876,-0.006158067327907024,0.01818306241470813,0.01405568291346082,0.005552202196299483,-0.02265797126261493,-0.019909172814457032,-0.02277223247798077,-0.022518371597615716,-0.021122109710476122,-0.022282279353292522,-0.021720242834807224,-0.022479348931430776,0.0027469122301890803,0.005493586473973133,-0.03584761494518118,0.0024759141836985243,0.004512158012094369,0.0033939852078483934,0.0142551541747451,0.006912490584061626,0.003783593655507511,0.0046895515580545055,0.005332832494369111,0.0015081807504631062,0.0037695855628394614,0.007725558268835808,0.003946311571460193,0.003665179503557159,0.005905964259200314,-0.0003511316377307061,0.003385373544754211,0.0019550923393421016,0.004163641115999095,0.003654165102191076,0.0037831561770425015,0.006548503016869711,0.006222179963098817,0.00794276620996337,0.012353294849235308,-0.002599368369686883,-0.04733440374589526,0.0069217789384006245,0.011411932132379121,0.009473466997528934,0.004607948965595687,0.005460269123625405,0.004775814507506748,-0.014371042020334235,0.00617235642530245,0.009427129427159953,0.009851128502686102,0.0006680683617221739,0.005884172851741587,-0.003301628979577642,-0.002240361966194815
2026-01-30,0.014737728839574471,0.04026312361996909,0.06167954515311491,0.006118996291874845,0.012306465049553683,0.014731294330741385,0.013442683273823475,0.0548017145416575,0.045260117980172376,0.05699787204872053,0.04045464094180273,0.0243786932974972,0.015044600902618832,0.013811055235236402,0.041237070433763456,0.06991884224096978,0.0473930961041642,0.06489617709395068,0.03943026185036591,0.040048606285337573,0.04562693188787659,0.03993764339577677,0.026136196994664962,0.02393937719965966,0.015808116238933634,-0.009420191324382987,0.041899966179399506,0.049047169480886055,0.03022760727077456,0.06418405467536825,0.02362286470788577,-0.0003442013131077504,-0.002288039077354753,0.0020526008319055045,0.0374282801686332,0.08024124076290162,0.002502992913587132,0.06603387885063294,0.005186091159222528,0.04586623287242686,0.020226148890299944,0.011467634962392115,0.12273224230545976,0.12356780837201287,0.01306048363100154,0.046525594805992165,0.0550342214506192,0.058211804490260644,0.0336363151610779,0.0147094193717352,0.047454252074637715,0.0687696931111279,0.04049452546286636,0.023128052122969756,0.07804737106651571,0.14979746142831618,0.17106495786541798,0.05944771131026516,0.061719001217156455,0.012193624553864968,0.10494363106417559,0.04487172175486531,0.002632843806117391,0.0,0.05668850137795789,0.004935864670262635,0.002160000871744394,0.0015227302265579112,0.37846650106234336,0.0029546850573753947,0.05970860706275727,0.006908695509162399,0.006914524425243318,0.006275152428958819,0.11764711943414263,0.05468849856274316,0.12376483494250357,0.028341221784608184,0.054372141647404115,0.03112154023744984,-0.00019543349616379935,0.012263057270051725,0.05823626530812942,0.054775313296784756,0.002388174898132034,0.00401359496873388,0.0012070525711116442,0.04618355829230136,0.058329864253928054,0.1634887400426568,-0.014100395175107083,0.01859027471557395,0.0056624692028857115,0.01449461828632126,0.025384385150956756,0.04732459537934508,0.05426041178536267,0.005469074351156733,0.04173165835784709,0.051546465390970075,0.06991257572811271,0.05007511439077872,-0.053278734177165665,0.01738330970524582,0.008814708282948391,0.03373919397835179,0.01852298444590894,0.0017076543345799777,-0.042738160799266955,0.00043413346578291545,-0.0017452406367448603,0.004344222377489881,0.05130782824684332,0.0028719506156538177,0.051826715828886094,-0.007511499239585939,0.0764280383320608,-0.004836455917340388,0.01160931125490583,0.01913204123594059,0.0036780753446137293,0.03505805718372801,0.11131191690896025,0.0347163858697741,0.04578761068354176,0.059180435668882314,0.047524782170555335,-0.043738997031500415,0.007252370296486399,0.03842578307610878,0.040928036969236636,0.06319088336017153,0.013361347155733228,0.050688952108574714,0.002601420668900012,0.009025285949274986,0.025810208238643106,0.012015062145272815,0.0036757333395018854,0.03927019276096155,0.02592802272482242,0.005516316711468905,0.014964462524636124,0.013610695410142037,0.007329042496219795,0.0077536206759711845,0.1247943940893439,0.00906231115801237,0.054054066879546836,0.0068306708621390655,0.009510344761576084,0.007172099711337587,0.005902594123133875,0.00829432977140776,0.0067036737581884775,0.009735882765584014,0.007668692363282048,0.006982056850120655,0.006408272247152347,0.0036655340876268205,0.006208173708265541,0.005641170827743736,0.008771926244944828,-0.1009001670245272,0.019933205164618162,0.021845597199701583,0.007630100139992768,0.0075151068516630115,0.009272595791666394,0.006907954697261687,0.009949272659224295,0.0058223814316942235,0.00794203925608139,0.024502548494355736,0.008377269005373833,0.00967075158302988,0.008513803719109259,0.057871196846217554,0.00691561156463516,0.008272797337593785,0.008324970639148388,0.02309178893794761,0.00655500040703072,0.02867706212097154,0.027281533512052425,0.012549368845113262,0.01236922204545543,0.021678830480390765,0.0072339835951789055,0.011235120411988486,0.0072982756706490015,0.012809585802941559,0.006443215390520285,0.005556989640191912,0.007095856369557119,0.004538753219635039,0.011387722776461384,0.04929101150560289,0.023060765685101403,0.0028890111808412833,0.018863744636578472,0.007022782808417727,0.0,-0.001111511861378145,0.0024084094313008286,0.039460182015538914,0.012375446403055212,0.016456948766057522,0.015257139657060437,0.012316628741591895,0.003387740131397976,0.008888886605493695,0.01361867944928341,0.007211387369340905,0.0047925603652314575,0.015235271676660167,0.12770406255925804,0.005520781335645042,0.007806321589836518,0.005881544055389432,0.00784425455005322,0.038961017886398386,0.024383203076269844,0.010096407220086645,0.009154447311302993,0.031553032799457315,0.006407395339964594,0.009070973237637059,0.006675368132799786,0.009486141883337407,0.008052463413630973,0.00405183746475668,0.006251964058167303,0.00942655226034339,0.01749216185651381,0.012884795870711896,0.014548246276981924,0.043528941367434015,0.0056971966119465645,0.0028322192816943037,0.001663408599860805,0.057276993153824396,0.0036510559246123453,0.0030097266822408653,0.0037174927267427105,0.024114844922745293,0.007675775325221457,0.011901336300632392,0.0027551502780622794,0.003591595267103509,0.0034781757088344634,0.046088727554199016,0.04432279448536547,0.051857949233420575,0.016467215253703316,0.015355331014537121,0.030110043079350834,0.04462402983197311,0.02889256356115899,0.003247388320417155,0.004703788761381444,0.0006078989755324837,0.0034193142225256157,-0.04350452731177179,-0.04210949196521607,-0.04310351119773226,-0.04269978097017835,-0.04164976944450571,-0.04278990255695436,-0.04369878116553738,-0.04407602801311339,0.02071187060831292,0.009098415717436081,0.011918742055374576,0.004786361711952569,0.003467788935623828,0.017357893434835736,0.022550744494515662,0.0059014158907837455,0.015329494816991973,0.0046447695304063785,0.004817663440123132,0.004299965645416126,0.007368544609797745,0.019621398180474703,0.010947646248226306,0.015044897819282976,0.0028358890735864506,-0.10075792234208458,-0.09907333914403982,-0.09996625906135514,-0.1001410917853447,-0.0978731814781455,-0.09875684245975969,-0.09857909305404966,-0.09807235875751041,0.003082959251757611,0.007618702897943308,-0.04260257502410414,0.007170285648490093,0.0039303590356205564,0.011811212851546404,0.021749873804020048,0.005410884310564024,0.01997733756424891,0.003734072873678551,0.008350492617509753,0.02803877778683539,0.007407406828625618,0.03021795845311237,0.0059917376126426,0.0038753946131262484,0.004328181123034236,0.02831049439053923,0.0031865414902503275,0.007839667879439016,0.006237617879438329,0.026895834254288875,0.003613490840101985,0.004385925775139299,0.0043908100830001295,0.007092210840338842,0.014378987111939301,0.05678526165535436,-0.03805745968783436,0.004582867549640435,0.007284930336827644,0.0267234426285905,-0.0006656462207192959,0.0036850004198683006,0.0037483623579097625,-0.05926909651053813,0.002359396980823991,0.005136481618681188,0.01155768494399223,0.002049619098752453,0.0032042375985388283,0.003256758568802809,0.002853343492488225
2026-02-27,-0.008641958340223965,0.040234552914660604,0.07757819933034904,0.06855887861610399,-0.023445318098410217,-0.008129217476489425,-0.005813084453610062,0.006778345739533398,0.025743588599744793,0.02101873303369639,0.04106579786351294,0.022325480790206687,-0.005118902977332751,-0.005710952303512151,-0.003211202473330066,0.018929256309235143,0.029692113942605403,0.014038036209726323,0.0586891275263961,0.024039073864472682,0.0302523051318504,0.028802853862459843,0.02242909735974008,0.022864053544452645,-0.005285208717470846,0.00810926191922312,0.04729179143411688,0.0460591677592288,0.038414920107310735,0.08465551195723275,0.011024896418727392,0.04633741628357524,0.02469989925740501,0.005317942861574609,0.026197580778266616,0.05888332006821173,0.0159812563058368,0.038681188447017956,0.012671904013712432,0.03759694547926884,0.03414506465839118,-0.01017551571659514,0.08720077925273872,0.08629389265274234,-0.008642059516975387,0.030514204358532693,0.058667452309174584,0.00778994359479257,0.043095901343912724,-0.007862352525387695,-0.03964135165250071,0.04840985845785095,0.01823017708775221,0.0210020117908587,0.012517962286027418,0.030558355228347045,0.12659060330466843,0.11032548781735185,-0.029646934087849575,0.007529318028589582,0.01883828692542422,0.03394239311039016,0.0026521774165761958,0.01459889786261881,0.052617934399696864,0.0163076007179761,0.01601682218680822,0.007703548753762002,-0.31834315279318803,0.0026702236698987747,0.06102715499098332,0.01254050397478279,0.013861767112855583,-0.00010278841074928824,0.02980657211667448,0.04830621446830774,0.0505981601248946,0.012920920529562174,0.05185080540463827,0.01643170638322844,0.013274549877028807,-0.006607907184875805,0.06250000471428874,0.015978694224245027,0.013154583911669793,0.005604817008987961,0.029542406484558414,0.1009536449927746,0.055440053206424755,0.05644918261864196,0.02345536945933202,0.015699637805911992,0.011636732026317764,-0.008141894839576946,0.022375672893816256,0.028812132357881604,0.0076249168916513455,0.0035941243759591845,0.04305509417061115,0.04016437557913011,0.027721341089849805,0.07629949613068354,0.005411276187597958,0.07104316276827993,0.029687409575102297,0.06404208971659009,0.014643337970013492,0.00554253297992191,0.01024350139357355,0.01736968031270525,0.043706295309431153,-0.0015815804699551572,0.045401403572300714,0.006198959520865799,0.047130300159113236,-0.020190562967834724,0.02452762778126405,-0.014156338495075249,0.008126859619546067,0.012054166810447686,0.0028812608912196502,0.05185701403467191,0.0636765455774333,0.028539552734430096,0.030715308688259668,0.03978747460067433,0.043688251522332244,-0.21783694477833504,-0.008025209102821895,0.046198718176705844,0.032169879744770036,0.07403142456918865,-0.022305885288283034,0.04313881563992705,0.002732011922952138,0.0009938230112449542,-0.015720784259798726,-0.010479574363917332,0.012669247254101013,0.0025445396890626526,0.02774634630572992,0.0002867930572996169,-0.00874228218203199,-0.03369916995730493,0.0029717970992313436,0.0,0.0848307042795069,-0.0005857593377411874,0.03796202562582085,-0.0018091774953916673,-0.0040088347441621375,-0.001780256748919351,0.012748006266215306,-0.0023201984962158972,-0.000688835357575579,-0.0032379979255567903,0.0035515781544606106,0.0038290671333838233,0.004244978520061782,0.0034643139152223945,0.0033222447004312983,0.0026584732064052208,0.0019300021278161328,-0.2806063079219131,0.009259282035872562,0.01839945159273082,0.0,0.0,-0.0018612737012720926,-0.00045434933111510034,-0.0018094119330690495,0.00017694563294812227,-0.010448794093714353,0.006638646141283511,-0.0017090531465275838,-0.004098585968722257,-0.003908325213766717,0.04767847734354835,-0.001831543738455732,-0.003201918020882877,-0.0034275965327390523,0.017705165911752863,-0.008863926819640988,0.015852082060496375,0.00211516226090791,-0.0038806657576652137,-0.0024167601646465364,-0.00559130875109326,0.01026372500429451,0.014092918212775585,0.00994037460545849,0.007391699270640206,0.003996588046091709,0.003014291076243847,0.003522929979643097,0.0034294895189794783,-0.009688321454052518,0.04784170887701489,0.028583234107712574,0.002780038171203092,0.00507760196688567,-0.0019143907412343397,0.02486192079492855,0.03833711066577572,0.01635719690416404,0.04287968443314827,-0.023393856730326568,-0.020941277289770688,-0.0011123153194103619,-0.013415912835021415,0.0036082317629200222,0.0038045124287655607,0.006078072062266626,0.004433328919368318,0.005307806595228559,-0.006639992401081929,0.08230201559698158,0.0019290288558444502,-0.00421354951940911,0.0020790496883160703,0.002169063308671282,0.049518298005580386,0.019882360758205042,-0.002365755422335969,-0.012491297694631198,0.018983433398083616,-0.0002368794805324148,-0.0026657947808648164,-0.01262911386845833,-0.0037587763430692034,-0.00027084040476077487,0.016593740595343576,-0.002811315012061777,-0.004482490652571891,0.020255386401074604,-0.005432733706961956,-0.01508676837240086,0.04361446815249015,-0.005934832780286836,0.0029856387270912332,0.0036452045494828056,0.05318746473200786,0.002358456209732074,0.0022003793881839595,0.0013467679175491742,0.01806472802797865,0.0006093984750044079,-0.004200440073572009,0.0018318017351679483,0.0018309060249985798,0.0011735350656350008,0.05977606386048118,0.026879779342193988,0.018992997261458866,-0.015794151064956408,-0.0027245158030260175,0.02529504398159177,0.024926077281708814,0.02362678355045067,-0.0001618239269624011,0.0026446303751241906,0.0008507475721399871,0.001216537138421847,-0.21688782244090976,-0.2173376588164282,-0.21709509157997964,-0.216546716389463,-0.21729963544693842,-0.2169224062070938,-0.21617958508935808,-0.21615900316987802,-0.013861119951018352,0.021213093741995426,0.010090994253974195,0.00280209897877004,0.0026694956359361033,0.011637466197844004,0.01609667695468131,-0.0007570075538921861,0.004268389013004192,0.0022259803085855623,0.0007876304525185063,0.002808725236479903,-0.00386049162830282,0.006752155635522783,0.007445049962208072,0.009057844637140988,0.002629521985657135,-0.28011896862463526,-0.2800632869544861,-0.2804878232070296,-0.2805642164643455,-0.28197454832617475,-0.28173691588120287,-0.2807881315179883,-0.28233973247486677,0.0024043847579031663,0.012540118297694747,-0.2173678795921936,0.01183610584275252,0.002535450940745365,0.005882740230331862,0.014133886702089482,-0.0057181324894550745,0.005543223262774344,0.0011160970082653154,-0.00505702431092625,0.003836450181627926,0.011877850997973782,0.011937194929746209,-0.00037937134485155344,0.0011135404121076498,0.00018741121286569573,0.004918739296979613,0.0022421324898804773,-0.009161604032435156,-0.010319625091324891,0.003812443126760323,0.0007743111816782555,0.0010917280620545977,-0.0007286141059301698,-0.00117366118637241,-0.009848775365455475,0.0012156945571069055,-0.1498058439494412,0.005792897992415558,0.010596024620503242,0.01563027793756966,0.003944133936269134,0.004057953323143071,0.001347443576442675,0.008856655072587483,0.0029423602829701245,0.0017868400372949012,0.00461215812759419,-0.0014503973892846522,0.0033426241462621853,0.011991915876130133,0.014677726578267158
2026-03-31,-0.04937956664344334,-0.05290925004004965,-0.08585037239358739,-0.05501898898973734,-0.04838259103173448,-0.049944993262076354,-0.05011421871978339,-0.049611108858373054,-0.048940527832013414,-0.04004279439651748,-0.053185844487018685,-0.04575203285372986,-0.049265088579938165,-0.04986018957541938,-0.06367315922848604,-0.03764408273016184,-0.04800907757012185,-0.03372100757652774,-0.055230537898893206,-0.05143028970771235,-0.08064957896045133,-0.08661419507415224,-0.045909734634363875,-0.0455202429363073,-0.05004846206025604,-0.06272273049291488,-0.05015036339196266,-0.07828811494838861,-0.05339750925513698,-0.08405975001802335,-0.046043293996208545,-0.0423003952739639,-0.023202017920157303,-0.004665146009576571,-0.09299292306092655,-0.09252161010344029,-0.017945624920563397,-0.023740676533644645,-0.013585946178944264,-0.04812993633624807,-0.058587481546677034,-0.049020853876775905,-0.11051161024305556,-0.11012411493208896,-0.053847347416768776,-0.08156077745567414,-0.06782847749081544,-0.04952247211791172,-0.053450177326529125,-0.0499020034749893,-0.01887153932263652,-0.05835064630583153,-0.0400799519855245,0.002826432407343926,-0.07047044134347569,0.5527761408016683,-0.19825860569063614,-0.0648661491800322,-0.018595574178899343,-0.07234435212829693,0.2422958835653255,-0.03920956550286536,0.002761445240073712,-0.014860298023478657,-0.08075051474041084,-0.016897724971625006,-0.01737356239852017,-0.007819942874196961,0.018229086469448097,0.0028783032773154194,-0.0861467338209192,-0.022811862536824212,-0.02261314577674267,-0.01039035975484437,0.2568449199669518,-0.08527759721229144,0.4179473138364329,-0.06113449384401359,-0.08032231895880981,-0.06219629760952394,-0.025044810249417182,-0.04978946188223221,-0.08435070865633054,-0.04594229419967344,-0.019747103311986702,-0.008257275710145007,-0.036263061084800485,-0.16998089187137078,-0.17045387943240675,0.4941107805137688,0.02850755988158027,-0.051378949446768796,-0.012615937498470231,-0.05008193938422023,-0.04666547054806436,-0.04589688221223376,-0.05001294136661416,0.0010645376016638064,0.23295038483804387,-0.056382653439631,-0.029613670715902374,0.044306602282733865,0.12378897989800297,0.024349283423042323,-0.04793298788867939,-0.03689254981058365,-0.050279327128589624,-0.004299419412897132,-0.10388368581636898,-0.016991320674726196,0.061976612294715405,-0.005018762740709226,-0.07923109155782959,-0.008064940170412371,-0.04992554594048959,0.012051728562068487,-0.05294496382784475,0.011117724896349657,-0.029601295655096505,-0.06170149723039575,0.002742403461378551,-0.05618481089220195,-0.11448550635917609,-0.04563447474062243,-0.08155808369314621,-0.019850672838163774,-0.06963170662098228,0.03187946840146738,-0.051339259828281913,-0.07233273086118885,-0.07924218981321762,-0.08533838393000204,-0.03388758050080476,-0.08251775525026916,0.002651887301902356,-0.018864192840064797,-0.06823527804851393,-0.04966086296746375,-0.018851881682327987,-0.051367342716319375,-0.05371114498215124,-0.011838797185129035,-0.0466239730540029,-0.08010416101733964,-0.021788010411833314,-0.017567907561546692,-0.11036209060699831,-0.02930259894981435,-0.03493983503430398,-0.023334816346608944,-0.034212054643294354,-0.02573244131294783,-0.013586494768322188,-0.024735691074358246,-0.023207769430303227,-0.037538314782265214,0.006066679864464408,0.00989689777806868,0.00754830942217577,0.0004354278533513778,-0.010714265091513075,-0.012594417929188362,-0.020914094821965046,0.08933122619637435,-0.02077328862021577,-0.03211927061060649,-0.019733836030698226,-0.021780194532482366,-0.030985921035236674,-0.021363605152476928,-0.0315408226377113,-0.02269574630465976,-0.024320560293643823,-0.02295245096832932,-0.028484428292432695,-0.0377320579110475,-0.025111145591619866,-0.0628872132365429,-0.02522932368389874,-0.036318046029555795,-0.024929079555969347,-0.03638785368017461,-0.025917173935292914,-0.0390824416438309,-0.021529063806717263,-0.02361824270540147,-0.022880276013615863,-0.03519278409471427,-0.022434289560029907,-0.035147104960410624,-0.024059541982694665,0.011355118498488803,0.006597580027302374,0.00025039622982192533,-0.009251053606721626,-0.0013291321238041442,-0.04958160394566535,-0.07986099815217251,-0.04785907656598176,0.0029093843063345837,-0.013338337653162835,-0.021578257217952035,-0.02474888758252991,-0.03930838221630184,-0.017594013942143216,-0.08615442626585601,-0.0484457151141966,-0.06107469301564383,-0.06216832207005896,-0.06318061890441784,0.005238890281602737,-0.006582883172070897,0.00699520852202129,0.0008827690898816076,0.006447766768472363,-0.04976248381969062,-0.10996760669955918,-0.008738097855803262,-0.025464242975353768,-0.01408202964047367,-0.02342631350474933,-0.06140992001619161,-0.037616666687614986,-0.04007710584628499,-0.02723568083548278,-0.039963884168914054,-0.025916710298823586,-0.027786383591324015,-0.0407006601404889,-0.04197456308793179,-0.02735640226501279,-0.036061889761547894,-0.028192838048630264,-0.03489592678758657,-0.05758878533943779,-0.05099183956450848,-0.0696571892268657,-0.0891387716751455,-0.03822205588330885,0.0028153356718811917,0.001810587853178447,-0.08126856841857433,0.0007431260643713244,0.002125190737529925,-0.012710163493898419,-0.03510580977140776,-0.01157128703866006,-0.05539935727288203,-0.0030978604999017945,-0.008397346088627189,-0.0046824630877202456,-0.07361507990094829,-0.0521165719020118,-0.06144624628325002,-0.039346325637860224,-0.04390681098995941,-0.04901310915294166,-0.047897675829135955,-0.04263443163195135,-0.013739728275088181,-0.014685462543086114,-0.006134507831904057,-0.008213639050949961,0.03307339574228885,0.032895839076516165,0.033118166427217544,0.03259867135394523,0.03288413129057477,0.03259879097326035,0.032244102841644695,0.03237984090057311,-0.03492252698894083,-0.04289333042171839,-0.049132000205166504,0.005588604940652608,0.0022762536646645515,-0.020829972142533237,-0.030991666099732584,-0.012720955620188157,-0.006954931861981373,-0.006663239326538117,-0.005235597993586416,-0.009597982485514245,-0.007003035054857665,-0.01777326575187277,-0.008397715692167629,0.0031282203937790243,0.0015657442613883354,0.09022034604977858,0.09120874276561763,0.08891786135827906,0.08932458252336817,0.09205178590136365,0.08997150440219714,0.08904104130781398,0.09038670348759803,0.001688430805166341,-0.019041668845088067,0.03342519979509473,-0.017799073883533745,-0.009706920366919114,-0.024478605352192373,-0.028348607968577966,-0.020703637441667255,-0.014737195248297419,-0.006986240297577551,-0.019716903012413578,-0.020047240378217257,-0.017931101089473045,-0.020238081580349343,-0.030740017237798734,-0.008231372922593572,-0.008767371861584383,-0.025662785819465905,-0.010067131276506935,-0.027878569107846696,-0.024366412572203178,-0.023965078641367987,-0.00870407652415417,-0.009087604431843421,-0.012067056897815398,-0.005483795269551339,-0.026962660075845357,-0.025637477914127516,-0.024551804651952946,-0.006983449940441755,-0.022068372764866395,-0.02686515600057382,-0.018487293576062158,0.004618970028783531,-0.010880466880222261,-0.11380683733504882,0.0016819584071918747,0.0003923832338392774,-0.0006956196856258146,-0.017724048970381934,-0.0037386575767246466,-0.02229740185233331,-0.017770724608439314
2026-04-30,0.10505268686597247,0.07686945928142297,0.05518703775857192,0.06953821130636162,0.15690076873760872,0.10541788615686132,0.10172196824718305,0.12084684448821248,0.08227639318590496,0.1028879975381074,0.07759516032832514,0.05929431312961064,0.10116542578443544,0.1033765379714855,0.14680858301762445,0.09578569789760549,0.11595600080307955,0.09151524676141065,0.08040149378037653,0.07403780729040488,0.05519584631246399,0.06353767728899995,0.05946206453389635,0.0583244649062542,0.1040178780116674,0.06392443741408727,0.07533954709908741,0.053433582024111415,0.0731254476785188,0.05338010671770843,0.0984450756393449,-0.008396600253250841,-0.0015032165751102111,0.0019071437796400748,0.0626610968468928,0.12678294616040398,0.001688043504946446,0.026748583876210708,0.01087347340787459,0.05392454043805173,0.07681600589304782,0.10540409758375602,-0.015408224107347213,-0.014859404872635151,0.1048446798104572,0.05713932695542567,0.043577611988409926,0.12223533177267876,0.027415746825745657,0.10478182796531943,0.07791779221200756,0.028299427737509486,0.08962768998375092,0.02818436308493255,0.496657722660675,0.15591352721328589,-0.021719925752800906,0.022007853506093245,0.07214114153271312,0.06598734115275029,0.06635657022165709,0.06137740784089729,0.002943687913069981,-7.597126044578406e-05,0.07749665403537165,0.0017229377800840329,0.0014989574125221505,0.0021369810938891565,-0.09633411806179548,0.002889109940243273,0.07365792848704489,0.011920579238518636,0.012438420051131827,0.017175425999925498,0.11286304026143812,0.06606291610455983,0.16189281933232835,0.09517949690122252,0.07536146278053435,0.09311725426637762,0.023432970707911283,0.10335414431755119,0.07313125683876098,0.11485555676953352,0.005388008937205591,0.0037607980825984377,0.0005330340076814544,0.008808819414011682,0.028431473674277008,0.12536052044178314,0.015760919648894367,0.023669392948717505,0.01079635883269292,0.10548071304648543,0.059669251794631784,0.11553905441698387,0.12149343022742154,0.009097982945466043,-0.20756912598229849,0.09657625211892196,0.04145264939282356,0.02291051856254045,-0.06034474962531289,0.014344278153345602,0.020487359479860245,0.004049400697714978,0.023774540167687652,0.0013406980355945564,0.05508108471291018,-0.0009632524492527716,-0.007097803661026303,0.015345058259248479,0.055340791432915815,0.0034171671586120667,0.020359443452223625,0.01774810297149032,0.17497706888833808,0.01128104869777613,0.03845965670984275,0.08049632900544923,0.0033210584010170408,0.03717658904852428,0.10634101907480464,0.0500143030623037,0.05877341125996538,0.05477606066710283,0.056673114265746394,0.1258529836161062,0.09510108156510633,0.0489218870665602,0.0564601706487633,0.045992602086754264,0.035631882729712405,0.05710096934605824,0.002923277041165351,0.04634691201374874,0.14656073077337872,0.10733989248226594,0.004647464843191118,0.11565705963711892,0.0670917223907661,0.016791480965240746,0.11286966716693114,0.167724553207504,0.04472928419817701,0.043334507584291915,-0.014938269045758235,0.06419807867918892,0.04154102792167347,0.052656006161563296,0.07355696303050552,0.05177822843431734,0.01086181701249922,0.05137652020396111,0.04798873197070885,0.07502342608872303,0.04472368412350769,0.06343410141565142,0.03685944206192571,0.004387600084396759,0.030936924203194938,0.03249191809710128,0.049445498561395684,0.07581769314971454,0.032389761840530884,0.03170369466145839,0.0463483025669198,0.048317331139249076,0.06718804299187586,0.04807244841632041,0.06750690920030356,0.04760918731526553,0.07637711988436191,0.060659727793388685,0.05971606926728312,0.0791902375383493,0.05433318181673963,0.023876349957817844,0.05623527975643383,0.07601929370125537,0.0509783608253771,0.03020950133030742,0.0732621308912218,0.05078100669781227,0.057259957144314866,0.05162094198482614,0.04628100111529987,0.07521699879398236,0.04441367174387434,0.06900628180822244,0.049753502327333,0.05986201845366379,0.062284886374469606,0.015022591623654158,0.029126627917533954,0.014205361402066297,0.1059270628559994,0.05837748194372483,0.023658459634731788,0.003018849463635842,0.04246021424236268,0.0633620593414439,-0.0060300971952294,-0.017745798765479326,0.0015301372497309451,0.07641288922647105,0.15688922350808876,0.09781271480849107,0.06583465584653636,0.08049738415595686,0.051118930083863034,0.0858768425974541,0.03236500208591786,0.09673011654369734,0.06921307497233165,0.10379342009640968,-0.015417584773885218,0.015389194301516085,0.08158693065060807,0.0395350036644857,0.05600747661543504,0.27911980294151384,0.03352351676567644,0.08204927100442472,0.10390708090438183,0.05298906895241262,0.05710457909809974,0.05802431247491957,0.11627090215948788,0.08470624983763742,0.06585913919565867,0.023773175170504812,0.04580790570803517,0.0635674841462135,0.08614565296966914,0.10400153083329844,0.13477523220798537,0.056132061817362855,0.04123129141780191,0.023936703267941395,0.017551043874798333,0.08070310697270378,0.011056244123369252,0.007709740979351176,0.023091118284979117,0.03186941566843515,0.030190991062138295,0.047633178530897435,0.01584281135394683,0.025340823907585852,0.01732265096986252,0.028748152215190448,0.05267425563487205,0.1115381212270321,0.12703337044699547,0.08941972115661212,0.035973631835325426,0.08254053286743535,0.034520782776783054,0.03361556247491149,0.021958555824568737,0.021410060378075135,0.021383422691442222,0.12753778655407522,0.12705404294587952,0.12686764451831345,0.1271676584907928,0.1273486718940231,0.1271676548958165,0.1274578093200327,0.12598023316714912,0.05945944707508377,0.033007924092504304,0.031243526233533103,0.018860689486302373,0.017040109782395563,0.034780311189259505,0.03527966039834296,0.04485723882612169,0.028615896780398664,0.018919888207191926,0.01788787283187543,0.02534834470280889,0.04091070317109624,0.04120856221733282,0.03069106108671571,0.054504771119140205,0.007300972696945074,0.07896399280003008,0.08056391421495346,0.07902306476042642,0.07933336893717446,0.07927409109097527,0.07928229177057777,0.0786163540874063,0.07906083144129283,0.0007550598206682579,0.009250147309039392,0.1273758463263377,0.008851835099697114,0.02208282292460062,0.01931150280630667,0.02952469781563516,0.06846760930241635,0.04610392257568985,0.019946075752618198,0.061349497798554475,0.05686935280593941,0.010528257183224587,0.038847002631936745,0.021495683895734752,0.021010927607674423,0.02131845693646328,0.06373624998968652,0.023276837976512033,0.08431136780056514,0.07937803462332815,0.06350441679728558,0.020878042825838383,0.01980920776393047,0.0253145464062714,0.01599055325281462,0.07590078890600105,0.06280708933890189,0.08107002215936343,0.015188817209475625,0.06841389674258203,0.06257089770369961,0.05679624533595251,0.012260524526712668,0.0205231815854221,0.08451904205202121,0.007888146902193416,0.019112797252123004,0.016984510526298013,0.0026934526265978143,0.015085091179472654,0.006888216379388856,0.0026170918345380656
2026-05-29,0.05262575303750272,0.024752647640785774,0.04332212264660584,0.003583643808317216,0.10568488508947738,0.0525986839449013,0.051116240740914254,0.04482491417805168,0.029016281561348833,0.011378469797478807,0.025147750267731084,0.019001278212172457,0.05063948673118457,0.051307042202166864,0.058047010342084926,0.029458439743145215,0.011455814978625245,0.010828602322218384,0.049305457747656156,-0.0006325416821201246,0.019807480997082072,0.03242272598406393,0.018646799701001138,0.019539071712689315,0.051838149485836205,0.048345666856206115,0.023098463441432404,0.024237776774253872,0.029039807962180753,0.03904456108850152,0.04574005727630204,0.005333799108614423,-0.0001901968087623107,0.0007661935250309337,0.029407337168463332,0.07204244811316673,0.0029361188980940867,-0.0032161948437147148,0.0019009290413183333,0.024518886976398147,0.021342680678708925,0.05412443507853659,-0.015436926989543909,-0.015659189801330964,0.05399111819332236,0.02145979917358143,0.013532722695420718,0.06699419785183958,0.011373605768026707,0.053098459422390665,-0.010905148669366427,-0.005397610720147772,0.03494875899383443,0.040813281351581354,0.2560182943614089,-0.12237405974673454,0.025052476405646562,0.058308132101811516,-0.0034358926525797084,-0.020867358121369084,-0.07531259664306633,0.012723402351715762,0.002889233963965676,-0.001103076381500423,0.03806228832576508,0.0036527839949200835,0.002757349059528069,0.0011402855440689752,0.12547168640022677,0.003174003356017252,0.043168546450290224,0.003079388395539784,0.0026730587930243743,0.004849162192149148,-0.038776995526193514,0.0346931670341617,-0.12376114473324284,0.046192447943032455,0.03897869194180492,0.045767227518452414,0.00909332950564079,0.051961830632727635,0.04555728525052638,0.05027753252708589,0.003950428458124211,0.002671680451993952,0.010433660284179691,-0.02947712974362815,-0.10892159770115895,-0.13565690743731074,-0.04066346747807392,0.007748933007125425,0.002091537297483459,0.05284743562930028,0.019541560513565148,0.01022762105972208,0.04441880248652086,0.0008301798314012121,-0.14437907777238768,0.04064808195793668,-0.03234040188137888,-0.03027795234777131,-0.02548419870605556,0.01616160074869799,0.020710109099641993,-0.008720282413981373,0.008379182913224925,0.0011020155322589709,-0.01740179740020109,0.001274706134892556,-0.020651328493303645,0.002912172094491128,0.025957643740506908,0.0023199480985764964,-0.01086428834979214,0.004284429627142927,0.1858502266708757,0.0023314517593346906,0.021278648609997397,0.03975878545661238,0.0026628725424964195,0.03289458716536786,-0.0011150588066548561,0.016691511912916734,0.02069888092688177,0.015101175845000148,0.010644879378433725,-0.040067357019819894,0.04758083853190609,0.015915083563713184,0.022093287352280333,0.028350856762388243,-0.0020618829039983355,0.023743602374582506,0.0028433291765368462,0.017601544177624717,0.07377041844548593,0.054916951578690254,0.006898076723107938,0.03414700397856052,0.029997865448336825,0.00350385484932203,0.046728140013293284,0.21604144957739946,0.012371976189652134,0.011676425854485029,-0.015164804982615077,0.019856263537287644,-0.0038597590467802645,0.020052882899808777,0.028144424496427733,0.020885134935189953,0.0016366964488589986,0.02041240574158354,0.01705953196960408,0.02843134110649448,0.015632459897973794,0.022059212870382483,0.013728390455671091,0.0028957163852112444,0.0064702384864849805,0.00598178251424164,0.008240578978927937,-0.1095232594804646,0.006287685342742266,0.017805828182615446,0.014317659479304856,0.014910939371885146,0.022827519707012467,0.016707240968072634,0.023572940606064963,0.017032892372140118,0.02859734074031417,0.0198971680179858,0.025404210351044565,0.03284517587455005,0.021504040210668096,-0.011629597111419754,0.022944949728254782,0.03248785168516566,0.02204805322409209,0.013404309130104819,0.029853403205517992,0.00838638508402334,0.018680177532037545,0.021318522983891253,0.018246466608994316,0.027490735469752225,0.015781201359853725,0.028069876061432186,0.019641293039032615,0.01868824449648976,0.023542813833343557,0.02128759109306788,0.030532694631751234,0.020487396532466784,0.05399673642535596,0.02299567282863979,-0.01928525709482154,0.002968913189446143,0.01048224903313022,0.014485099272545154,0.0020221944787754964,-0.0004129159397071591,0.0013623192523339878,0.009881106708864218,0.10571112388748394,0.0672267830256581,0.013273320491091534,0.014609852651316313,0.016891473741448948,0.014917129150420427,0.0126012770339472,0.03357454991136999,0.022203093727372725,0.05302155769391237,-0.015006494858164743,0.005003001351759018,0.012620229450380993,0.007717618968697826,0.01081480803313073,0.1339933876444237,0.012974499392702343,0.026826444125246596,0.036513665569628984,0.011205864040852997,0.017833998066151935,0.019338249464939672,0.040655560483390474,0.027351764824152358,0.02730236779321249,0.010652446728502074,0.021526283146855896,0.03034097703780958,0.04807839473084763,0.05111779200072486,0.07218697666012153,0.021438159543023083,0.05451588391069473,0.012146554029996981,0.008022370273001567,0.03721590823455423,0.004005635009212805,0.0032044133800088748,0.006324854224980303,0.014482095218724789,0.00852272305969759,0.011366909391559599,0.005406461180470501,0.00747655305045436,0.006202138472171326,0.013323918501747745,-0.0014370687061555643,0.02190024030842208,0.08508039401139578,0.04415116328315882,0.01700055883088125,0.028704226376345066,0.012350088753663835,0.011378750254255277,0.005840740372649256,0.0076736857918990875,0.007723738516967726,-0.03901197226718589,-0.03953099807114957,-0.03881390135292084,-0.039447731161809996,-0.03888889526634043,-0.03971077121989852,-0.04044522825950436,-0.03899721991108962,0.04081639714373453,0.011787656075715303,0.013795640946736132,0.00722735116984663,0.008548240204709234,0.014496461189309473,0.020026284592454813,0.008567894023322031,0.006189831693536041,0.006414538194655206,0.00702940797677809,0.0073660440630816115,0.008386750699157286,0.013870227868029161,0.015743117142710705,0.013468296690495762,0.003681635440874631,-0.11007026480319748,-0.10810808886147993,-0.10918779036165038,-0.10932676957238285,-0.10973446945770138,-0.10912945338204949,-0.10903789662704011,-0.10923627627961319,0.0019504910466914271,0.0032465906083567475,-0.039337526679468104,0.003465015528450799,0.008634966343338935,0.0026086485692073946,0.01338984602588722,0.01907533613858914,0.01251559390973278,0.00843887201126936,0.020655710189068976,0.01999398406795372,0.0035027723812757205,0.02502900224672433,0.0048296004942189885,0.008971103772408728,0.00814209139997546,0.019611687045204773,0.009643736920676549,0.039920599744676766,0.031939728151346714,0.02063594805473956,0.008983203812014118,0.005755390352630396,0.010833204849587608,0.0071328895422859695,0.030844941225247835,0.02110549925345029,-0.03189131551702329,0.0067845220407576345,0.02752476089783329,0.019186605619825325,0.03062767318310189,0.007759270367678539,0.00674157499272976,-0.011417879550909449,0.007361508639639247,0.037438757791482535,0.021902851199061102,0.03098630723736373,0.004392417297725437,0.005288084831160722,0.00204062228513191
2026-06-30,-0.010292566443839024,0.03596737412754081,0.008786156893088926,-0.015286090724921153,-0.00149083123068805,-0.01203672980357029,-0.006192970085079796,0.036960768783990794,0.021996707666535054,0.07282798665232337,0.03622166037025676,0.00015769971383261527,-0.003446034326087699,-0.0063445796825384315,0.03587133567497092,0.03800526375271862,0.09508980037121262,0.050019364445935466,0.03127148418673298,0.04240019839030573,0.014030620372207148,0.02857447397576185,0.002255126202704849,0.0001446644033749056,-0.0038534790698645516,0.025742923090803282,0.029738168995518066,0.0069068554739180055,0.030213521605842564,-0.0026933350299868097,0.04392392942866197,0.011659398478035099,0.002512333888315732,0.000645901685789374,0.02764942342999932,0.0024137385558149482,0.0025424543975935965,0.01662849430236446,-0.004566435684710823,0.033772445797239925,0.023628181320665798,-0.009555313196219717,-0.11684884638695336,-0.11673875280056079,0.004945547781963322,0.00826797611909913,-0.0007052337185975421,0.04952783479674583,-0.026203548094025364,-0.010415246210693674,0.0802703463003287,0.026163323399856386,0.011308319500439312,0.15886561799982601,0.017744874699380908,-0.1754589398019537,-0.21747402622778766,0.018437506576923557,0.08156502687227563,0.04690217190932944,-0.10062889724416901,-0.0011334432698719699,0.002735119389077223,0.0006731294178425884,0.0016930800167829219,0.0006669662353242511,0.0026908043057922715,0.00047521295746677517,-0.017602685060776113,0.002724433002230242,-0.002019816450075096,0.0068294015436818345,0.007644683192305601,0.0012780095000022307,-0.12005434981646024,-0.03552383236977774,-0.021290731710500665,-0.0034703056569740376,0.006113193419930996,-0.003813659947476289,0.005504685307440971,-0.008489383723986998,0.0035224362522372488,0.06414022306887679,0.001708848920041639,0.0017363712510989338,0.007260419625955139,-0.19025790850104707,-0.10571083652879243,-0.19569087756510872,-0.06581150502463495,0.003100182003080265,-0.004769520189351839,-0.009604622357630821,-0.00017412910566605433,0.09545381350032223,0.03751965791784073,-0.0036474306733165207,-0.08587376218893183,0.04672349331744097,-0.0189072538020425,-0.05774159634644016,0.02405852846662837,-0.029821074010967674,0.0016793195222741808,-0.017304642676904125,0.007359956817480917,0.0011733652857972565,0.017092215668962796,0.00312656782094467,-0.03325221816294022,0.0013201461570424566,0.0014393144705135974,0.0006636617669959488,0.0283115912608094,-0.0006695213644749565,0.012086077492294844,0.0008958528605413907,0.009857724270699642,0.020099192908646035,0.0033993542351580253,0.030748994294503396,0.08528688583928878,0.016042721935335402,0.010247788877338904,0.18217513488862247,0.01887492640371824,-0.2016836181633912,-0.009117725160339374,0.0073077010393447495,0.0034667360765365807,0.006742327098948175,-0.024227546839650005,0.009370572935919252,0.002682874450417261,0.001330539707510292,0.05179136320164801,-0.007161211117680533,0.0021828640326004844,0.06359748004448362,0.018160143742369517,0.002749342465615756,-0.00724078824277552,0.00818325905157491,0.0065423869315002214,0.0059769355480485675,-0.11693821731480902,0.007046190728071666,-0.01982693865992502,0.002592329434249585,0.0009439161017237296,0.001217711529183596,-0.0037322107459337728,0.0,0.00048552987120031865,-0.001543386400032265,-0.0007103665551042582,0.0004507900757106942,0.0011404394770422321,0.0034921072806080034,-0.003917096259575148,-0.003619425763802364,-0.00531259356005187,-0.21664457691760386,0.006119573950119639,0.01495492704660295,0.0066166571691868015,0.005375023192557116,0.005532670392554673,0.003617826917792888,0.003616266147662639,0.003155365672521393,0.0019229668925471177,0.01795592471302454,-0.0011261948207066386,-0.003023677452343887,0.0004982675153908378,0.05556479151319982,-0.0006532835473229692,-0.00234398443733963,-0.0009587946873667041,0.005359530469035478,0.0005085400651518857,0.0012517240782925487,0.015466778092440903,-0.00020894078800526295,-0.0005946993927240518,-0.0011006161496038835,0.0020161073240105853,-0.001005503519857509,0.00020942497030951301,0.0169144754591517,-0.0031656180338803797,-0.0024877579202672306,-0.005043111529675959,-0.0027030741925340163,-0.010242092753418586,0.005023920564256379,0.014896378354936068,0.002978917087664179,0.00681682071115941,0.005062297313262798,0.0007567805186372567,0.01006969776034028,0.003192834222147223,0.03931310272542077,-0.002103501902972149,-0.015694953117349253,0.004795364469115437,0.0040190846795651325,0.002533436724028393,-0.0006377135819207735,0.0031111440393667422,-0.003559592642865428,0.0026321496043126835,-0.003397159599690114,-0.11658208185604013,0.003513877789839359,0.0039169356801742605,0.0037664207986964904,0.004567889880131126,0.05993998825228086,0.008039296528027817,0.004169025230331691,0.0016875195072607596,0.003968204577210477,0.003956569478215988,0.002074987210841872,-0.001362870473007427,0.002591589803507377,-0.00025428081410994174,0.0061821267502359945,-0.00108624344055952,-0.0032944058903722206,-0.005081653861379154,-0.005038306707330742,-0.0197866785882318,-0.0023793147705096773,-0.0071213052669856225,0.001489380710933741,0.0018415296276885762,0.0008911778538882587,0.004087333979457597,0.0029243310719031523,0.0,0.008011586455041186,0.004299494865060982,0.007586413503964051,0.0021775613487418077,0.005289313654198047,0.0030553277848965887,-0.010865713109239894,0.017657946277605197,0.1157699991152894,0.006089800827643765,-0.00274561970820808,0.00476046599611224,0.02291879116769091,0.006393030178619474,0.0017447289830609947,-0.0013021522060803203,0.002620235728326925,0.0030403137678234327,-0.20033629446566525,-0.20109549267560234,-0.2009028978209343,-0.20082140535481663,-0.19990364030712726,-0.20032859780856793,-0.2008249737475274,-0.20048315811219297,-0.006535993205018742,0.003787089016823675,0.003130125606604306,-0.0017262005402293168,0.0018166496479194993,0.002940073725247405,0.003443847827586888,-0.0030339343719278933,0.01968558472718307,0.00536732137801299,0.0037586250908452357,0.004340539480969463,0.0034573027004598522,0.00517463929551476,0.01860536621308939,0.010181136721492123,0.0005365924414162393,-0.21776312549193444,-0.21473352698913473,-0.21574489235406935,-0.21775314332243467,-0.21679594168165173,-0.21784866731858687,-0.21695023810963776,-0.21684942889359415,0.0037630427506669673,0.005531910829802422,-0.20104676327982696,0.007397965773414672,0.0030965057235048388,-0.00045872992911910604,0.00923228181928959,0.005076137217272736,0.008064519379175294,0.002692355949206693,0.004015419318017077,0.014372582056921601,0.006739645045104492,0.0617820880594373,0.0024413189262970647,0.002068561274240377,0.004221724379017688,0.019942069116817285,0.0010936485221699765,0.000986762699507926,0.0008329677290457305,0.017386581647032884,0.0009471346124914071,0.0012518510696297724,0.001958281859617994,0.00019249685155320329,-0.0012837670057376238,0.019356960677454182,-0.17824381826465618,0.0007093618719684613,-0.0012711714564055399,0.020317440941220344,-0.011275889592618493,0.0005633573576877549,0.0012485225119389654,0.023477531616847624,-0.001269267155573961,-0.003271505002303332,0.017414552571535236,-0.007483007490361238,-0.0016399444394358254,0.004107978028576653,0.002896032612850208
2026-07-31,0.00034817917005858234,-0.024198849605281292,-0.009434944624106878,0.030360860835024317,-0.06573877318676935,0.0019094432968658204,-0.002735011448485536,-0.0307872091247009,0.03873289706552718,-0.019216446363776174,-0.023862031854483656,0.020479243830018534,-0.0035881509455238936,-0.0026332907862006705,-0.05911761047317976,0.00018091021804034213,-0.033034762194818046,-0.005267682392395723,-0.04782978745547262,0.0007446068118248661,0.01976667771541263,0.0010071898535859436,0.019428081220026927,0.020891601227781553,-0.004945457376459905,-0.0639984190759273,0.015066864035297778,0.01636508107994561,-0.005710597532515238,0.0033286446750688814,-0.04081882449009233,-0.04473763223412919,-0.013887256416296512,0.0015634137922047042,0.01587065132567389,-0.06314876615934895,-0.01296522141385259,0.031413933109115,-0.006846858244617837,0.00926905125659383,0.004716361609250264,-0.0009013915131654837,0.00857810852984442,0.008740511376547522,-0.007388157343133472,0.02315332506399126,0.056564259033830666,-0.06193765046609656,0.04639633981528268,0.00022763382344392902,0.020961598938550097,0.01853073636444935,0.013511004233375035,-0.0710268909520636,-0.2184223317621291,0.21354749348161284,-0.020759315223688124,0.0006339361897365059,0.016165652760714577,0.023250523879596807,0.12027973734876007,0.024868746218614568,0.0033536035104244633,-0.005184141699523304,-0.010746286876166078,-0.013409995295668997,-0.012792909190800339,-0.0008886347357048852,-0.14163820900943913,0.003370919035780018,-0.008842066714638164,-0.015755016156480228,-0.01634771888371589,-0.0016590422309196162,0.10491519171902097,0.019812871633924756,0.14538216027226047,-0.003440202208845111,-0.011299442956969274,-0.006944863708726823,-0.020995302091168067,0.00033979710425202647,-0.009747308676067323,-0.07113201269989022,-0.012852545151818995,-0.001549216853159452,-0.03810472436540313,0.05874026305617597,0.05208331623659035,0.23814211768111782,0.053731320509269986,0.002124716821305439,-0.007192126427686185,-0.00023292198002344833,0.02016330474691652,-0.03298134284307386,-0.030390338228117986,0.001630423885907284,-0.03663694941772566,-0.058855390068067615,0.025522266421157624,0.0807988526471497,-0.017364665674806434,0.03114755085097065,0.015239547182795299,0.05962835949749157,0.0035352704407265456,0.0009681628600328729,0.008301272574990914,-0.011535744551055105,0.0369127162388494,-0.0013261591719755383,0.017291345385006318,-0.0010192096888861357,0.03390545231604625,0.00851247397239141,-0.04339122548921437,0.006827444064046562,0.019448573238977973,-0.0005011962995378205,0.003776158567246446,0.004650160046494101,-0.16025510836690782,0.029291538455235244,0.020220890108906486,-0.07497249176563081,0.012512592158044678,0.07051843260526969,0.006413444682668468,0.028665153976454638,0.0199542418582912,0.010329015457842594,0.011596359231985875,0.01838342023664863,0.003315079969904211,0.005694746304530041,-0.1097697443297252,-0.00012222342348366944,-0.01688533283444782,-0.023120760036821064,0.0036009740931872702,-0.0013673141963524982,0.01054407426044146,-0.13646506981948925,-0.001226373227842914,0.0028682521145153572,0.00909781685943889,0.0038666742618778116,0.025819288655537065,0.0073260106379176015,0.007921504438308746,0.010216447645577498,-0.008816935203229015,0.0072741318133948685,0.006353088211633162,0.00721928392681459,0.006635042043477313,0.0081487408239731,0.006692205166500154,0.0034729411721654557,0.00346984796361971,-0.0002595261025652995,0.0016433446149530795,0.18125932664967226,-0.03226843266051438,0.013066371700186208,0.007449609052032624,0.0086729639160541,0.011284146662244865,0.00825192343997716,0.011151171180074027,0.009436229672639351,-0.0035186120005461508,0.0024089976209196173,0.006764443338884707,0.004810699343857694,0.00647406181576371,0.027615140299414476,0.007409024996949176,0.006033478391209046,0.008397276189022307,0.01155458522982955,-0.007895621817301857,-0.003666971232031524,0.0021038936914206108,0.006270330913903388,0.006985682597855147,0.006135820676613557,0.005089363428190774,0.006576806438945981,0.00628007607673764,-0.0018341218159377837,-0.0033952738350111478,0.00508472368891022,0.006335861909726903,0.00047370025043180775,-0.00048492165958502476,0.016768726995811667,0.023835498063336846,0.0033475513579137584,-0.011775140167941012,-0.031318649647425034,-0.04915545848874514,-0.037730009332941905,-0.013263741891958114,0.018407397800021652,-0.06495690199190729,-0.000825121426705544,0.008264451800807038,-0.06114935176379155,0.007461968524245188,-0.014737628141381576,0.013098506030805757,-0.006969025123593986,0.009508256734040321,-0.0042714924711639846,0.008997766194801748,0.004960553448338345,-0.04622846509177736,0.0038774884280354804,0.005179361731810328,-0.14283894354445814,0.014706642162127803,0.011707731059733106,0.0006055075277739963,0.0004977926019775758,0.009007732050091866,0.008519396446175831,-0.007915019993757655,0.010281182514717324,0.005850916667548223,-0.017288982705733313,0.004295254769616008,0.004068137298833596,0.004240115766777519,-0.003101148211130944,-0.0058868472121017534,0.01862528117533957,-0.005961724883808972,0.006217359703148295,0.004040419453322341,-0.003996173748778253,0.002570324672872548,0.0028237068269074683,0.0036387896796978847,0.01485549022059307,0.005904953328804918,0.0005577372399123703,0.005646182757983009,0.004167471165810177,0.004106235396878599,0.07125838283378916,0.03625761549107609,-0.047667238072252816,-0.055637809124161164,0.00369727219935867,0.0158475359184016,0.0371798356074684,0.01465698293668316,0.007281565945616242,0.0028895209078758644,0.00425013327506929,0.005725485800743835,0.07059172152275295,0.07169441532048193,0.07124922832004366,0.07142864143843508,0.07043949628543578,0.07106160278681917,0.071290293047505,0.07069487191721158,-0.04221493790712194,0.013173061401369424,0.011003481529948678,0.0028819757685107916,0.003922183297320192,0.013081134852282128,0.01193186451725281,-0.02860622387698608,-0.01045717489042941,0.0020020478700604194,0.0036777201909976576,0.0003989072566308316,-0.01966461141786746,-0.004665394405392931,0.009879314755304902,-0.021161688486794672,0.0069844930089577595,0.1833472908792404,0.18429796439960056,0.18043203264838037,0.1826241549984584,0.18297338691197718,0.1830803193224435,0.18178020585018007,0.18141307580363142,0.001252640831460372,-0.010373955516901123,0.07167624849010767,-0.01085464847407025,0.005629224169401148,-0.004714057942120542,0.01024162341663537,0.00852274164023803,0.006462863439035127,0.005370322474732125,0.003039552815678137,0.006938613204997557,-0.011576985447117383,-0.014398148390576515,0.0044142140916334505,0.004997844803766638,0.004898584552755825,0.002554439737525671,0.0056445991192022316,-0.01386462355688034,-0.008988030943238523,0.001902778579600417,0.0055261130971104855,0.005179444403224709,0.00547241834055856,0.0046180076608104415,-0.008602494339248312,-0.0027357285261517816,0.04233306658838054,0.004961878039741796,-0.006829578498054101,-0.0028935440698428794,0.0018561249129145363,0.004692192299695419,0.005327819643593523,0.013049398835694781,0.004505741290738996,-0.01600512911762353,-0.006714897014785892,-0.0015908684363445946,0.003066239546831495,-0.01585342341306495,-0.013419126665669134
2026-08-31,0.0267994025821654,0.0011802039135528908,0.037774628063917515,0.0343492328084265,0.041817497259588166,0.027215041634248482,0.028160059759814615,0.009374935971088183,0.02021282386157175,-0.0064622719525584404,0.001062876560419923,0.020801806154070235,0.02652578864120514,0.027722765114162717,0.017050080552275526,0.0025311769578135745,-0.01766072692430054,0.004854232703605188,0.011351478301714568,-0.008860860367510215,0.008884049328055532,0.012792861773070374,0.019057756023983297,0.020786288628495964,0.026995471801636084,0.0249562752413639,0.016100062479933674,0.017711641264979372,0.018141981336196267,0.030561987314971617,0.0222730116246177,0.007324219389085895,0.001165895574771314,0.0017247838123057857,0.01533610070670055,0.04571696789821056,0.00389563725552855,0.008001936138539278,-0.00024327863336670585,0.02227783234035008,0.013712176061739356,0.028579764696687215,0.0992625397928133,0.098989117720649,0.03408194811841536,0.011811539546019434,0.011498520484142016,0.03096203527889796,-0.01980194117680867,0.02707616808972868,-0.02641785968377175,0.008000035439768238,0.02027028203751935,0.10536702314102708,-0.004779753762141237,0.035070053754835184,0.14839572893793185,0.03444102723820763,-0.03286878885414235,-0.04098908838506676,0.062109794223043524,0.011792963226376463,0.0028167229723856657,0.0005942385624568836,0.02896803343488985,0.005627637955291531,0.0036399376253821725,0.002405765201673349,0.04771367020028583,0.0027678474251315865,0.032568611341134535,-0.002410961060738681,-0.0028246250336191325,0.009531943617347771,0.045082750316769005,0.0345649758419182,0.0955570971609907,0.02716870292776008,0.02857144884888907,0.030091122950340665,-0.0009395567153660522,0.026834204954065966,0.028800546824261142,0.0178783804996685,0.002125432521446813,0.002668372891983406,0.006301430710810685,0.08622994375425241,0.06672411428984315,0.0488288811496187,0.1365439036543612,0.010655152686280145,0.0013914116651003727,0.026563736380756264,0.021150988795165082,-0.017120472335422687,0.009428293122457188,0.0005863398954673027,-0.15748412999468897,0.02334286861050594,0.008481421710641479,0.16799664383535862,0.17671515899049717,0.0826709036693416,0.03665874516096146,0.012696366195166675,0.0117426016556752,0.0024948832216815653,-0.0020080015191380474,0.0028153669876795906,0.1468447074816137,0.008580240261633731,0.02045803700997939,0.0030089840684417446,0.0056846951528259915,0.01593619900008658,0.05441039298631911,0.006818603976548321,0.015111378395278097,0.015046426784777411,0.0031784346505585592,0.016792223175143617,0.05756978176604588,0.012946962859524458,0.01056197069771403,0.08851771115033435,0.02591196131560758,0.2522060544013567,0.024789868420729277,0.018187691713699827,0.01140727751526649,0.03795912684020153,0.0060327185599062805,0.016523432735044086,0.0028535847152311167,0.014533795100353242,0.01492943343924602,0.027803246699540818,0.004110257615617563,0.006393714919441296,0.02675175153616438,0.009367260179854675,0.022287144172984386,0.044883088561035844,0.0162082472403402,0.01481100026192439,0.09892313380291773,0.01687450772598642,0.027428215158036284,0.014545461073278698,0.020209615621414212,0.012280331115364973,0.0010107839985760148,0.014443354919597473,0.014160454265064848,0.01838266609743755,0.012123337928391376,0.014098408873252755,0.01131546090933333,0.0035920499162822583,0.014522757904702477,0.015312747762268542,0.019278147534125933,0.3288488931410636,0.03837247320468529,0.010812322226359639,0.015441476545045685,0.012485247815580358,0.019476203100049938,0.009476601848308341,0.014854266947528227,0.007670174627545823,0.02383437289267132,0.01388519218077744,0.018141042125704665,0.02060778195051083,0.017194545794300797,-0.0004920606490739221,0.015141699542954301,0.020009771224350104,0.014275572358900757,0.014148446585375618,0.02375582914972263,0.03067052621334554,0.012334320836500323,0.014308767728701266,0.01287264360101159,0.018144029687297003,0.013542175584966731,0.016515535884860766,0.013521978989088579,0.01089935419876431,0.022135964062098168,0.01517709211249052,0.017208807315123975,0.016570254090741088,0.02911208065169313,0.018193708925223095,0.007658149291017047,0.0028584825888127163,0.0074471254772916495,0.027664884389315247,0.008483554731397502,-0.003825337456903055,0.004041379581324112,-0.024984553992769443,0.04197106771230863,0.04605806385445854,0.028815452421231624,0.04198272459990826,0.011855450059636619,0.03910688270264662,0.012334697871332123,0.031747625562746684,0.01584358206755443,0.025003076444311212,0.09957890919309942,0.009001201673991988,0.045320420391280924,0.019386988717222664,0.022860314147296057,0.05306116353783641,0.015425975370434886,0.013596635410633384,0.026517925724799385,0.027683457831197522,0.010601122624554149,0.013257844253421691,0.035642243112841365,0.01808501163331222,0.01896813309646328,0.004909380053098822,0.015077259415310351,0.01752336031055446,0.02754665325125849,0.027331098022402855,0.031041070627792156,0.025685684380707396,0.01486309563242516,0.0069763265216742365,0.004828930786425545,0.027527965074040095,0.011456468917415474,0.008447267872761621,0.007745570506581423,0.01896680515776117,0.013501587572439577,0.019788156726215922,0.0022873905178317777,0.004357810856079336,0.0032666442279107866,0.007563963221736358,0.03449963015076318,-0.01585011624614352,0.03535991231939972,0.022222925547162875,0.015010624955137164,0.02135332554405811,0.014904828115681168,0.00662654289378195,0.004462431932582556,0.006045933968526818,0.0040062894753585265,0.2533669734551012,0.25406693033237304,0.25432171208704624,0.25515585599472357,0.2536557961029371,0.25403682491063817,0.25534476892536717,0.25451469546519223,0.004579274576439252,0.012591582891116282,0.014944739253116346,0.006660082931844835,0.005668511779640895,0.010578723056771322,0.010491596457285368,0.026942315192587607,0.00816282415769054,0.007658992240336948,0.007328424716849025,0.007909107976649787,0.019528553947530725,0.00484886442928234,0.010820608076488325,0.026911687789989536,0.0075860217238084005,0.3304903851732719,0.33033716908894317,0.331001057254233,0.3313343347628439,0.3308270445634267,0.3307664212083177,0.33026867109129276,0.33081904491775327,0.0016713437719548807,0.0010673055386538621,0.25422516137877516,-0.0006159296341065046,0.006500552607588084,-0.00018224324214910492,0.011646966783723345,0.026979639785130516,0.007636279929931877,0.005522065683228217,0.013875580881954397,0.010110802609559544,-0.0004852010583308308,0.011451529438516905,0.004925143341998561,0.007783769487260672,0.0053112120028144805,0.013525850090354785,0.007785629345278933,0.03011834590660567,0.02653674827111696,0.01146515486558708,0.007679005990349763,0.0071073478065897255,0.008482055856901649,0.007278319762090257,0.024269408250153113,0.011618483005053193,0.17564477010034474,0.007688253059661809,0.02209860693737631,0.011826311113925625,0.017581880380993287,0.00672521237737822,0.005976038637895309,0.01409647056678387,0.006747454284763199,0.025790921663263022,0.009775983247492404,0.0010375320871640614,0.007278312976203738,0.003542840468217179,0.004180756101395788
2026-09-16,-0.01694804798498839,-0.030925734357392987,0.011785616553845024,-0.025557540078539387,-0.01679786664777383,-0.016771110853792903,-0.01782139047718967,-0.03153280601864927,-0.018808100223074775,-0.03152270259988865,-0.030873874304833793,-0.01847581265259257,-0.017705120477829572,-0.017773283749868085,-0.041047691799748987,-0.02284022569180022,-0.03591509723259079,-0.028053220600483653,-0.033745425129917406,-0.02713682387307781,-0.0346897742493113,-0.03264256957491407,-0.018306473883250574,-0.018153081908145907,-0.018220241285381245,-0.03379203612488402,-0.031061575993431956,-0.02261517332891405,-0.031583074393239485,0.010474099393198655,-0.029119372183812553,-0.01611820499605887,-0.018158534179990693,-0.004972665524397346,-0.036137742672700646,-0.01939712753623024,-0.013010832195286315,-0.016318296968938384,-0.013387009073779876,-0.018723622857848676,-0.030709197148915846,-0.015901831874936434,-0.04084036688939274,-0.040496946920612786,-0.027534209448733638,-0.03305701819368312,-0.007700736734122859,-0.0276902832876621,-0.024484006500900768,-0.016749935897859558,-0.015189482618796268,-0.027969855493686357,-0.01127612789443655,-0.0512000450721154,-0.011007186985675599,0.16806284019140016,-0.051222381113309234,-0.007349297476382688,-0.011147358918426442,-0.03914047824519318,0.07610932252408986,-0.024958787207906896,0.001163282916548658,-0.013635651481492372,-0.02052785923753664,-0.01655871634108852,-0.012182740040782236,-0.007794761074164769,-0.017077827877348017,0.0014226006398738722,-0.02276461978055555,-0.018986717967024336,-0.01997789340110756,-0.011912663839160342,0.07902270352891905,-0.018894001520605053,0.12924693197504422,-0.01910624972223074,-0.021447075315035313,-0.019557765991671583,-0.01958024922127921,-0.016539861315625126,-0.020907163959734243,-0.03220136062747747,-0.014860550244268245,-0.007759400836934716,-0.014129414236305204,-0.025846158541165898,-0.06739306012989521,0.16786523289686905,-0.004486548104883692,-0.015698572437853553,-0.014051827785313775,-0.016527435730342876,-0.017954134229100083,-0.034981572674400385,-0.03172329820969866,-0.006654729508486779,0.022569408226345677,-0.02675294263999195,-0.0178799676281014,-0.04530745246597001,0.006183803037604463,0.0267988086773161,-0.02666014017628615,-0.00818109062888761,-0.0118384891957648,-0.0050975954390311,-0.0450704556153072,-0.011581147133216008,-0.006349217028350895,-0.008394550977891435,-0.022840623047421738,-0.008426905346558877,-0.034522246094901066,0.0013565250378506644,-0.01941687971134809,0.00022263018408308355,-0.0055448299125976375,-0.021480425088736488,0.002183418182203578,-0.017785309352728373,-0.03510069493413126,-0.023031117711593718,-0.0329032651839718,-0.09162111980385912,-0.029920359024741994,-0.03720092495467786,-0.016605116417869326,-0.02078768853422308,-0.030102792362899367,0.014987707038212061,-0.027228894814436244,-0.022737932556668672,0.001151648489344792,-0.005395365870276114,-0.022410814912119492,-0.01963354677083673,-0.011526663638155465,-0.025189501844422257,-0.03078262165118617,-0.011691886698298126,-0.021026432273938633,-0.058336857199062564,-0.009666542183516813,-0.008555596247366903,-0.04010943695052338,-0.011056980115201953,0.0014227239262627478,-0.000632485327932919,-0.00641235771588633,0.0003567885185962183,-0.012095093644637456,-0.0039331286658094156,-0.004387652273342257,-0.008808454306861835,-0.0027909974384433545,-0.005048548749779558,-0.003356613479294168,0.0005556413494061108,-0.009088791784523376,-0.00971363148755744,-0.011931636020781067,-0.03074024015522714,-0.015329699709553113,-0.014220554418416631,-0.00888835110379893,-0.007677943691766109,-0.011415451690623857,-0.007894152769716833,-0.011827746856946098,-0.009039035676492668,0.0020551763449783156,-0.0032499772946653627,-0.007919063299640983,-0.012991989368952739,-0.004866835386100887,,-0.005007470889056065,-0.011997482907753043,-0.0043537479735260565,-0.009824664535618033,-0.0028359024073860706,-0.00473418737557596,-0.009166151200455275,-0.005233209061290212,-0.004718318084447448,-0.009075380488225537,-0.0038341098202017143,-0.00747917181399127,-0.004451967700977888,-0.012201237059974002,-0.0026349591873888745,-0.005605088483959242,-0.009903023110123366,-0.005692140026328785,-0.016407406346936604,-0.020825333944155644,-0.020987546494316556,0.0016636264259179967,-0.018163801883887443,-0.009793695554699888,-0.008937963838195118,-0.007738647460937553,-0.012786174378251913,-0.03148448569990059,-0.016870995976410508,-0.026780073093174983,-0.017891271450502733,-0.024194767041551102,-0.001515351971407286,-0.008746901662515905,-0.010032339805961188,-0.003524842738680034,,-0.01685993159179755,-0.041000218964829194,-0.003741037931373703,-0.015513567314350052,-0.007871379765375774,,-0.018787855041230817,-0.006218338051868999,0.001632958161367437,0.002690915966287122,0.002688037429612322,0.0020538815349269157,-0.003039500587691979,-0.004049568994393793,-0.004709350894631759,-0.011938515678509565,-0.01487787340813651,-0.010133361816406228,-0.011671842232426677,-0.015809915078476733,,,-0.02546690980774724,-0.010534426174234834,-0.002375275748168093,0.0,,-0.0015841946743502255,-0.00032707187364477974,-0.0014750994160612763,-0.01704864815994689,-0.007240081344859206,-0.014211545657151214,0.00228217030312039,0.00021485257062514584,0.0014674988198031258,-0.028703890721601955,-0.03263948186521015,-0.04318718078330952,-0.013508430891221446,-0.01349145101958893,-0.017783317099186013,-0.018731280459917454,,0.0,-0.004554497948701108,0.0006010135235301473,,-0.03648975420265732,-0.03658361920859354,-0.03667366607009115,-0.038593818339219044,-0.03633922566269454,-0.03684343829294545,-0.03693924565983242,-0.03688707655014767,-0.005982880159595583,-0.013316962722681014,-0.016645341279561077,-0.0045674262431733,-0.0007925681505815962,,-0.017565855730371283,-0.009755873330633436,-0.017634756923102124,-0.004791819453632273,-0.003062164995875971,-0.008572378158122507,-0.004435779602547041,-0.0073990525658794715,-0.007624053047502244,-0.008271095520545613,,-0.03044870276344469,-0.02976319596905963,-0.031944966550827125,-0.03153150105435787,-0.030266342986995598,-0.03086257146118776,-0.03083465923304307,-0.030769239085294275,-0.00015932225013437495,-0.01612748357268512,-0.036410562467689034,-0.015912979752469192,-0.004664551998585842,-0.0072385472984921595,-0.012693348310881425,-0.007841683786804277,-0.016534668902221994,-0.003948334814848908,-0.00864556703611885,-0.016576360977119453,-0.01697534542377155,-0.029485928693176677,0.001508045847412598,0.001394534722461982,0.00036186823951545044,-0.012134966001471348,-0.0014372622453598938,-0.006573770119856381,-0.004365182124023703,-0.011196123121608115,-0.0018678051383700378,-0.00123499813774397,0.00035045484266027493,-0.0012740319942771139,-0.003671006907847274,-0.015150719489403719,-0.028153229860150675,-0.0011549028365644975,-0.001951095115566126,-0.015077383912367126,,-0.0009278017744819289,-0.000373630827942506,-0.04378666036851786,-0.0021553910961683576,-0.0066945827142549374,-0.016310581525052603,-0.00869882318387083,-0.004472714833919644,-0.011340651299673765,-0.013345240061905739
